case_id,traj_file,frame,time_ps,tracked_oi_atom_index,tracked_oi_to_vacancy_distance_A,nearest_O_to_vacancy_site_atom_index,nearest_O_to_vacancy_site_distance_A,vacancy_site_occupied,occupied_O_Cu_coordination,coordination_recovered
F3,YBa2Cu3O7_553_Frenkel3_331.traj,0,0.000000,116,5.902199,101,2.723875,0,2,0
F3,YBa2Cu3O7_553_Frenkel3_331.traj,1,0.000500,116,5.902223,101,2.723762,0,2,0
F3,YBa2Cu3O7_553_Frenkel3_331.traj,2,0.001000,116,5.902264,101,2.723453,0,2,0
F3,YBa2Cu3O7_553_Frenkel3_331.traj,3,0.001500,116,5.902341,101,2.723017,0,2,0
F3,YBa2Cu3O7_553_Frenkel3_331.traj,4,0.002000,116,5.902415,101,2.722474,0,2,0
F3,YBa2Cu3O7_553_Frenkel3_331.traj,5,0.002500,116,5.902479,101,2.721801,0,2,0
F3,YBa2Cu3O7_553_Frenkel3_331.traj,6,0.003000,116,5.902568,101,2.720945,0,2,0
F3,YBa2Cu3O7_553_Frenkel3_331.traj,7,0.003500,116,5.902664,101,2.719959,0,2,0
F3,YBa2Cu3O7_553_Frenkel3_331.traj,8,0.004000,116,5.902749,101,2.718819,0,2,0
F3,YBa2Cu3O7_553_Frenkel3_331.traj,9,0.004500,116,5.902915,101,2.717545,0,2,0
F3,YBa2Cu3O7_553_Frenkel3_331.traj,10,0.005000,116,5.903165,101,2.716103,0,2,0
F3,YBa2Cu3O7_553_Frenkel3_331.traj,11,0.005500,116,5.903496,101,2.714500,0,2,0
F3,YBa2Cu3O7_553_Frenkel3_331.traj,12,0.006000,116,5.903902,101,2.712765,0,2,0
F3,YBa2Cu3O7_553_Frenkel3_331.traj,13,0.006500,116,5.904291,101,2.710928,0,2,0
F3,YBa2Cu3O7_553_Frenkel3_331.traj,14,0.007000,116,5.904708,101,2.708945,0,2,0
F3,YBa2Cu3O7_553_Frenkel3_331.traj,15,0.007500,116,5.905103,101,2.706870,0,2,0
F3,YBa2Cu3O7_553_Frenkel3_331.traj,16,0.008000,116,5.905466,101,2.704641,0,2,0
F3,YBa2Cu3O7_553_Frenkel3_331.traj,17,0.008500,116,5.905805,101,2.702300,0,2,0
F3,YBa2Cu3O7_553_Frenkel3_331.traj,18,0.009000,116,5.906150,101,2.699819,0,2,0
F3,YBa2Cu3O7_553_Frenkel3_331.traj,19,0.009500,116,5.906469,101,2.697248,0,2,0
F3,YBa2Cu3O7_553_Frenkel3_331.traj,20,0.010000,116,5.906714,101,2.694582,0,2,0
F3,YBa2Cu3O7_553_Frenkel3_331.traj,21,0.010500,116,5.906921,101,2.691811,0,2,0
F3,YBa2Cu3O7_553_Frenkel3_331.traj,22,0.011000,116,5.907043,101,2.688966,0,2,0
F3,YBa2Cu3O7_553_Frenkel3_331.traj,23,0.011500,116,5.907150,101,2.686007,0,2,0
F3,YBa2Cu3O7_553_Frenkel3_331.traj,24,0.012000,116,5.907263,101,2.682932,0,2,0
F3,YBa2Cu3O7_553_Frenkel3_331.traj,25,0.012500,116,5.907372,101,2.679751,0,2,0
F3,YBa2Cu3O7_553_Frenkel3_331.traj,26,0.013000,116,5.907418,101,2.676580,0,2,0
F3,YBa2Cu3O7_553_Frenkel3_331.traj,27,0.013500,116,5.907469,101,2.673322,0,2,0
F3,YBa2Cu3O7_553_Frenkel3_331.traj,28,0.014000,116,5.907485,101,2.669971,0,2,0
F3,YBa2Cu3O7_553_Frenkel3_331.traj,29,0.014500,116,5.907434,101,2.666537,0,2,0
F3,YBa2Cu3O7_553_Frenkel3_331.traj,30,0.015000,116,5.907373,101,2.663098,0,2,0
F3,YBa2Cu3O7_553_Frenkel3_331.traj,31,0.015500,116,5.907387,101,2.659615,0,2,0
F3,YBa2Cu3O7_553_Frenkel3_331.traj,32,0.016000,116,5.907435,101,2.656052,0,2,0
F3,YBa2Cu3O7_553_Frenkel3_331.traj,33,0.016500,116,5.907507,101,2.652434,0,2,0
F3,YBa2Cu3O7_553_Frenkel3_331.traj,34,0.017000,116,5.907583,101,2.648783,0,2,0
F3,YBa2Cu3O7_553_Frenkel3_331.traj,35,0.017500,116,5.907704,101,2.645060,0,2,0
F3,YBa2Cu3O7_553_Frenkel3_331.traj,36,0.018000,116,5.907853,101,2.641360,0,2,0
F3,YBa2Cu3O7_553_Frenkel3_331.traj,37,0.018500,116,5.908014,101,2.637649,0,2,0
F3,YBa2Cu3O7_553_Frenkel3_331.traj,38,0.019000,116,5.908212,101,2.633890,0,2,0
F3,YBa2Cu3O7_553_Frenkel3_331.traj,39,0.019500,116,5.908463,101,2.630066,0,2,0
F3,YBa2Cu3O7_553_Frenkel3_331.traj,40,0.020000,116,5.908711,101,2.626209,0,2,0
F3,YBa2Cu3O7_553_Frenkel3_331.traj,41,0.020500,116,5.908963,105,2.621973,0,2,0
F3,YBa2Cu3O7_553_Frenkel3_331.traj,42,0.021000,116,5.909206,105,2.617608,0,2,0
F3,YBa2Cu3O7_553_Frenkel3_331.traj,43,0.021500,116,5.909453,105,2.613216,0,2,0
F3,YBa2Cu3O7_553_Frenkel3_331.traj,44,0.022000,116,5.909681,105,2.608808,0,2,0
F3,YBa2Cu3O7_553_Frenkel3_331.traj,45,0.022500,116,5.909973,105,2.604397,0,2,0
F3,YBa2Cu3O7_553_Frenkel3_331.traj,46,0.023000,116,5.910246,105,2.599957,0,2,0
F3,YBa2Cu3O7_553_Frenkel3_331.traj,47,0.023500,116,5.910489,105,2.595472,0,2,0
F3,YBa2Cu3O7_553_Frenkel3_331.traj,48,0.024000,116,5.910791,105,2.590987,0,2,0
F3,YBa2Cu3O7_553_Frenkel3_331.traj,49,0.024500,116,5.911121,105,2.586532,0,2,0
F3,YBa2Cu3O7_553_Frenkel3_331.traj,50,0.025000,116,5.911514,105,2.582139,0,2,0
F3,YBa2Cu3O7_553_Frenkel3_331.traj,51,0.025500,116,5.911948,105,2.577763,0,2,0
F3,YBa2Cu3O7_553_Frenkel3_331.traj,52,0.026000,116,5.912468,105,2.573464,0,2,0
F3,YBa2Cu3O7_553_Frenkel3_331.traj,53,0.026500,116,5.913073,105,2.569206,0,2,0
F3,YBa2Cu3O7_553_Frenkel3_331.traj,54,0.027000,116,5.913702,105,2.564941,0,2,0
F3,YBa2Cu3O7_553_Frenkel3_331.traj,55,0.027500,116,5.914341,105,2.560632,0,2,0
F3,YBa2Cu3O7_553_Frenkel3_331.traj,56,0.028000,116,5.914994,105,2.556372,0,2,0
F3,YBa2Cu3O7_553_Frenkel3_331.traj,57,0.028500,116,5.915722,105,2.552202,0,2,0
F3,YBa2Cu3O7_553_Frenkel3_331.traj,58,0.029000,116,5.916485,105,2.548086,0,2,0
F3,YBa2Cu3O7_553_Frenkel3_331.traj,59,0.029500,116,5.917205,105,2.544011,0,2,0
F3,YBa2Cu3O7_553_Frenkel3_331.traj,60,0.030000,116,5.917949,105,2.539985,0,2,0
F3,YBa2Cu3O7_553_Frenkel3_331.traj,61,0.030500,116,5.918752,105,2.536030,0,2,0
F3,YBa2Cu3O7_553_Frenkel3_331.traj,62,0.031000,116,5.919560,105,2.532164,0,2,0
F3,YBa2Cu3O7_553_Frenkel3_331.traj,63,0.031500,116,5.920340,105,2.528352,0,2,0
F3,YBa2Cu3O7_553_Frenkel3_331.traj,64,0.032000,116,5.921066,105,2.524619,0,2,0
F3,YBa2Cu3O7_553_Frenkel3_331.traj,65,0.032500,116,5.921743,105,2.520936,0,2,0
F3,YBa2Cu3O7_553_Frenkel3_331.traj,66,0.033000,116,5.922424,105,2.517351,0,2,0
F3,YBa2Cu3O7_553_Frenkel3_331.traj,67,0.033500,116,5.923121,105,2.513860,0,2,0
F3,YBa2Cu3O7_553_Frenkel3_331.traj,68,0.034000,116,5.923867,105,2.510511,0,2,0
F3,YBa2Cu3O7_553_Frenkel3_331.traj,69,0.034500,116,5.924637,105,2.507270,0,2,0
F3,YBa2Cu3O7_553_Frenkel3_331.traj,70,0.035000,116,5.925408,105,2.504142,0,2,0
F3,YBa2Cu3O7_553_Frenkel3_331.traj,71,0.035500,116,5.926167,105,2.501133,0,2,0
F3,YBa2Cu3O7_553_Frenkel3_331.traj,72,0.036000,116,5.926948,105,2.498221,0,2,0
F3,YBa2Cu3O7_553_Frenkel3_331.traj,73,0.036500,116,5.927736,105,2.495444,0,2,0
F3,YBa2Cu3O7_553_Frenkel3_331.traj,74,0.037000,116,5.928500,105,2.492809,0,2,0
F3,YBa2Cu3O7_553_Frenkel3_331.traj,75,0.037500,116,5.929293,105,2.490250,0,2,0
F3,YBa2Cu3O7_553_Frenkel3_331.traj,76,0.038000,116,5.930121,105,2.487744,0,2,0
F3,YBa2Cu3O7_553_Frenkel3_331.traj,77,0.038500,116,5.930942,105,2.485396,0,2,0
F3,YBa2Cu3O7_553_Frenkel3_331.traj,78,0.039000,116,5.931778,105,2.483138,0,2,0
F3,YBa2Cu3O7_553_Frenkel3_331.traj,79,0.039500,116,5.932679,105,2.481013,0,2,0
F3,YBa2Cu3O7_553_Frenkel3_331.traj,80,0.040000,116,5.933620,105,2.479029,0,2,0
F3,YBa2Cu3O7_553_Frenkel3_331.traj,81,0.040500,116,5.934533,105,2.477226,0,2,0
F3,YBa2Cu3O7_553_Frenkel3_331.traj,82,0.041000,116,5.935440,105,2.475514,0,2,0
F3,YBa2Cu3O7_553_Frenkel3_331.traj,83,0.041500,116,5.936358,105,2.473936,0,2,0
F3,YBa2Cu3O7_553_Frenkel3_331.traj,84,0.042000,116,5.937361,105,2.472452,0,2,0
F3,YBa2Cu3O7_553_Frenkel3_331.traj,85,0.042500,116,5.938410,105,2.471051,0,2,0
F3,YBa2Cu3O7_553_Frenkel3_331.traj,86,0.043000,116,5.939475,105,2.469737,0,2,0
F3,YBa2Cu3O7_553_Frenkel3_331.traj,87,0.043500,116,5.940560,105,2.468545,0,2,0
F3,YBa2Cu3O7_553_Frenkel3_331.traj,88,0.044000,116,5.941631,105,2.467533,0,2,0
F3,YBa2Cu3O7_553_Frenkel3_331.traj,89,0.044500,116,5.942705,105,2.466625,0,2,0
F3,YBa2Cu3O7_553_Frenkel3_331.traj,90,0.045000,116,5.943771,105,2.465835,0,2,0
F3,YBa2Cu3O7_553_Frenkel3_331.traj,91,0.045500,116,5.944829,105,2.465188,0,2,0
F3,YBa2Cu3O7_553_Frenkel3_331.traj,92,0.046000,116,5.945868,105,2.464588,0,2,0
F3,YBa2Cu3O7_553_Frenkel3_331.traj,93,0.046500,116,5.946905,105,2.464087,0,2,0
F3,YBa2Cu3O7_553_Frenkel3_331.traj,94,0.047000,116,5.947938,105,2.463692,0,2,0
F3,YBa2Cu3O7_553_Frenkel3_331.traj,95,0.047500,116,5.948996,105,2.463387,0,2,0
F3,YBa2Cu3O7_553_Frenkel3_331.traj,96,0.048000,116,5.950047,105,2.463145,0,2,0
F3,YBa2Cu3O7_553_Frenkel3_331.traj,97,0.048500,116,5.951064,105,2.463030,0,2,0
F3,YBa2Cu3O7_553_Frenkel3_331.traj,98,0.049000,116,5.952035,105,2.463043,0,2,0
F3,YBa2Cu3O7_553_Frenkel3_331.traj,99,0.049500,116,5.952973,88,2.460340,0,1,0
F3,YBa2Cu3O7_553_Frenkel3_331.traj,100,0.050000,116,5.953899,88,2.456499,0,1,0
F3,YBa2Cu3O7_553_Frenkel3_331.traj,101,0.050500,116,5.954831,88,2.452694,0,1,0
F3,YBa2Cu3O7_553_Frenkel3_331.traj,102,0.051000,116,5.955749,88,2.448981,0,1,0
F3,YBa2Cu3O7_553_Frenkel3_331.traj,103,0.051500,116,5.956597,88,2.445305,0,1,0
F3,YBa2Cu3O7_553_Frenkel3_331.traj,104,0.052000,116,5.957411,88,2.441720,0,1,0
F3,YBa2Cu3O7_553_Frenkel3_331.traj,105,0.052500,116,5.958201,88,2.438164,0,1,0
F3,YBa2Cu3O7_553_Frenkel3_331.traj,106,0.053000,116,5.959019,88,2.434625,0,1,0
F3,YBa2Cu3O7_553_Frenkel3_331.traj,107,0.053500,116,5.959817,88,2.431119,0,1,0
F3,YBa2Cu3O7_553_Frenkel3_331.traj,108,0.054000,116,5.960629,88,2.427688,0,1,0
F3,YBa2Cu3O7_553_Frenkel3_331.traj,109,0.054500,116,5.961452,88,2.424304,0,1,0
F3,YBa2Cu3O7_553_Frenkel3_331.traj,110,0.055000,116,5.962277,88,2.421005,0,1,0
F3,YBa2Cu3O7_553_Frenkel3_331.traj,111,0.055500,116,5.963150,88,2.417808,0,1,0
F3,YBa2Cu3O7_553_Frenkel3_331.traj,112,0.056000,116,5.964043,88,2.414684,0,1,0
F3,YBa2Cu3O7_553_Frenkel3_331.traj,113,0.056500,116,5.964900,88,2.411627,0,1,0
F3,YBa2Cu3O7_553_Frenkel3_331.traj,114,0.057000,116,5.965742,88,2.408665,0,1,0
F3,YBa2Cu3O7_553_Frenkel3_331.traj,115,0.057500,116,5.966554,88,2.405747,0,1,0
F3,YBa2Cu3O7_553_Frenkel3_331.traj,116,0.058000,116,5.967391,88,2.402827,0,1,0
F3,YBa2Cu3O7_553_Frenkel3_331.traj,117,0.058500,116,5.968251,88,2.399936,0,1,0
F3,YBa2Cu3O7_553_Frenkel3_331.traj,118,0.059000,116,5.969081,88,2.397105,0,1,0
F3,YBa2Cu3O7_553_Frenkel3_331.traj,119,0.059500,116,5.969967,88,2.394359,0,1,0
F3,YBa2Cu3O7_553_Frenkel3_331.traj,120,0.060000,116,5.970826,88,2.391693,0,1,0
F3,YBa2Cu3O7_553_Frenkel3_331.traj,121,0.060500,116,5.971672,88,2.389088,0,1,0
F3,YBa2Cu3O7_553_Frenkel3_331.traj,122,0.061000,116,5.972413,88,2.386502,0,1,0
F3,YBa2Cu3O7_553_Frenkel3_331.traj,123,0.061500,116,5.973095,88,2.383995,0,1,0
F3,YBa2Cu3O7_553_Frenkel3_331.traj,124,0.062000,116,5.973737,88,2.381528,0,1,0
F3,YBa2Cu3O7_553_Frenkel3_331.traj,125,0.062500,116,5.974372,88,2.379134,0,1,0
F3,YBa2Cu3O7_553_Frenkel3_331.traj,126,0.063000,116,5.974987,88,2.376818,0,1,0
F3,YBa2Cu3O7_553_Frenkel3_331.traj,127,0.063500,116,5.975539,88,2.374610,0,1,0
F3,YBa2Cu3O7_553_Frenkel3_331.traj,128,0.064000,116,5.976012,88,2.372459,0,1,0
F3,YBa2Cu3O7_553_Frenkel3_331.traj,129,0.064500,116,5.976474,88,2.370419,0,1,0
F3,YBa2Cu3O7_553_Frenkel3_331.traj,130,0.065000,116,5.976911,88,2.368450,0,1,0
F3,YBa2Cu3O7_553_Frenkel3_331.traj,131,0.065500,116,5.977389,88,2.366574,0,1,0
F3,YBa2Cu3O7_553_Frenkel3_331.traj,132,0.066000,116,5.977928,88,2.364788,0,1,0
F3,YBa2Cu3O7_553_Frenkel3_331.traj,133,0.066500,116,5.978424,88,2.363019,0,1,0
F3,YBa2Cu3O7_553_Frenkel3_331.traj,134,0.067000,116,5.978900,88,2.361286,0,1,0
F3,YBa2Cu3O7_553_Frenkel3_331.traj,135,0.067500,116,5.979400,88,2.359583,0,1,0
F3,YBa2Cu3O7_553_Frenkel3_331.traj,136,0.068000,116,5.979890,88,2.357895,0,1,0
F3,YBa2Cu3O7_553_Frenkel3_331.traj,137,0.068500,116,5.980294,88,2.356276,0,1,0
F3,YBa2Cu3O7_553_Frenkel3_331.traj,138,0.069000,116,5.980632,88,2.354733,0,1,0
F3,YBa2Cu3O7_553_Frenkel3_331.traj,139,0.069500,116,5.980964,88,2.353257,0,1,0
F3,YBa2Cu3O7_553_Frenkel3_331.traj,140,0.070000,116,5.981310,88,2.351857,0,1,0
F3,YBa2Cu3O7_553_Frenkel3_331.traj,141,0.070500,116,5.981677,88,2.350585,0,1,0
F3,YBa2Cu3O7_553_Frenkel3_331.traj,142,0.071000,116,5.981943,88,2.349362,0,1,0
F3,YBa2Cu3O7_553_Frenkel3_331.traj,143,0.071500,116,5.982184,88,2.348120,0,1,0
F3,YBa2Cu3O7_553_Frenkel3_331.traj,144,0.072000,116,5.982422,88,2.346929,0,1,0
F3,YBa2Cu3O7_553_Frenkel3_331.traj,145,0.072500,116,5.982613,88,2.345757,0,1,0
F3,YBa2Cu3O7_553_Frenkel3_331.traj,146,0.073000,116,5.982807,88,2.344610,0,1,0
F3,YBa2Cu3O7_553_Frenkel3_331.traj,147,0.073500,116,5.982991,88,2.343481,0,1,0
F3,YBa2Cu3O7_553_Frenkel3_331.traj,148,0.074000,116,5.983172,88,2.342331,0,1,0
F3,YBa2Cu3O7_553_Frenkel3_331.traj,149,0.074500,116,5.983373,88,2.341231,0,1,0
F3,YBa2Cu3O7_553_Frenkel3_331.traj,150,0.075000,116,5.983560,88,2.340202,0,1,0
F3,YBa2Cu3O7_553_Frenkel3_331.traj,151,0.075500,116,5.983720,88,2.339249,0,1,0
F3,YBa2Cu3O7_553_Frenkel3_331.traj,152,0.076000,116,5.983874,88,2.338312,0,1,0
F3,YBa2Cu3O7_553_Frenkel3_331.traj,153,0.076500,116,5.983985,88,2.337424,0,1,0
F3,YBa2Cu3O7_553_Frenkel3_331.traj,154,0.077000,116,5.984126,88,2.336575,0,1,0
F3,YBa2Cu3O7_553_Frenkel3_331.traj,155,0.077500,116,5.984305,88,2.335812,0,1,0
F3,YBa2Cu3O7_553_Frenkel3_331.traj,156,0.078000,116,5.984563,88,2.335097,0,1,0
F3,YBa2Cu3O7_553_Frenkel3_331.traj,157,0.078500,116,5.984744,88,2.334433,0,1,0
F3,YBa2Cu3O7_553_Frenkel3_331.traj,158,0.079000,116,5.984900,88,2.333858,0,1,0
F3,YBa2Cu3O7_553_Frenkel3_331.traj,159,0.079500,116,5.985040,88,2.333401,0,1,0
F3,YBa2Cu3O7_553_Frenkel3_331.traj,160,0.080000,116,5.985227,88,2.332996,0,1,0
F3,YBa2Cu3O7_553_Frenkel3_331.traj,161,0.080500,116,5.985371,88,2.332634,0,1,0
F3,YBa2Cu3O7_553_Frenkel3_331.traj,162,0.081000,116,5.985480,88,2.332327,0,1,0
F3,YBa2Cu3O7_553_Frenkel3_331.traj,163,0.081500,116,5.985519,88,2.332017,0,1,0
F3,YBa2Cu3O7_553_Frenkel3_331.traj,164,0.082000,116,5.985505,88,2.331647,0,1,0
F3,YBa2Cu3O7_553_Frenkel3_331.traj,165,0.082500,116,5.985478,88,2.331240,0,1,0
F3,YBa2Cu3O7_553_Frenkel3_331.traj,166,0.083000,116,5.985468,88,2.330808,0,1,0
F3,YBa2Cu3O7_553_Frenkel3_331.traj,167,0.083500,116,5.985461,88,2.330409,0,1,0
F3,YBa2Cu3O7_553_Frenkel3_331.traj,168,0.084000,116,5.985456,88,2.330029,0,1,0
F3,YBa2Cu3O7_553_Frenkel3_331.traj,169,0.084500,116,5.985460,88,2.329738,0,1,0
F3,YBa2Cu3O7_553_Frenkel3_331.traj,170,0.085000,116,5.985422,88,2.329463,0,1,0
F3,YBa2Cu3O7_553_Frenkel3_331.traj,171,0.085500,116,5.985394,88,2.329265,0,1,0
F3,YBa2Cu3O7_553_Frenkel3_331.traj,172,0.086000,116,5.985365,88,2.329155,0,1,0
F3,YBa2Cu3O7_553_Frenkel3_331.traj,173,0.086500,116,5.985344,88,2.329053,0,1,0
F3,YBa2Cu3O7_553_Frenkel3_331.traj,174,0.087000,116,5.985272,88,2.328985,0,1,0
F3,YBa2Cu3O7_553_Frenkel3_331.traj,175,0.087500,116,5.985161,88,2.328974,0,1,0
F3,YBa2Cu3O7_553_Frenkel3_331.traj,176,0.088000,116,5.985072,88,2.328982,0,1,0
F3,YBa2Cu3O7_553_Frenkel3_331.traj,177,0.088500,116,5.984927,88,2.329031,0,1,0
F3,YBa2Cu3O7_553_Frenkel3_331.traj,178,0.089000,116,5.984792,88,2.329048,0,1,0
F3,YBa2Cu3O7_553_Frenkel3_331.traj,179,0.089500,116,5.984634,88,2.329061,0,1,0
F3,YBa2Cu3O7_553_Frenkel3_331.traj,180,0.090000,116,5.984469,88,2.329119,0,1,0
F3,YBa2Cu3O7_553_Frenkel3_331.traj,181,0.090500,116,5.984267,88,2.329166,0,1,0
F3,YBa2Cu3O7_553_Frenkel3_331.traj,182,0.091000,116,5.984048,88,2.329218,0,1,0
F3,YBa2Cu3O7_553_Frenkel3_331.traj,183,0.091500,116,5.983798,88,2.329301,0,1,0
F3,YBa2Cu3O7_553_Frenkel3_331.traj,184,0.092000,116,5.983541,88,2.329427,0,1,0
F3,YBa2Cu3O7_553_Frenkel3_331.traj,185,0.092500,116,5.983238,88,2.329588,0,1,0
F3,YBa2Cu3O7_553_Frenkel3_331.traj,186,0.093000,116,5.982921,88,2.329740,0,1,0
F3,YBa2Cu3O7_553_Frenkel3_331.traj,187,0.093500,116,5.982621,88,2.329860,0,1,0
F3,YBa2Cu3O7_553_Frenkel3_331.traj,188,0.094000,116,5.982306,88,2.329963,0,1,0
F3,YBa2Cu3O7_553_Frenkel3_331.traj,189,0.094500,116,5.981896,88,2.330072,0,1,0
F3,YBa2Cu3O7_553_Frenkel3_331.traj,190,0.095000,116,5.981434,88,2.330141,0,1,0
F3,YBa2Cu3O7_553_Frenkel3_331.traj,191,0.095500,116,5.980936,88,2.330232,0,1,0
F3,YBa2Cu3O7_553_Frenkel3_331.traj,192,0.096000,116,5.980329,88,2.330311,0,1,0
F3,YBa2Cu3O7_553_Frenkel3_331.traj,193,0.096500,116,5.979707,88,2.330364,0,1,0
F3,YBa2Cu3O7_553_Frenkel3_331.traj,194,0.097000,116,5.979048,88,2.330483,0,1,0
F3,YBa2Cu3O7_553_Frenkel3_331.traj,195,0.097500,116,5.978344,88,2.330644,0,1,0
F3,YBa2Cu3O7_553_Frenkel3_331.traj,196,0.098000,116,5.977608,88,2.330843,0,1,0
F3,YBa2Cu3O7_553_Frenkel3_331.traj,197,0.098500,116,5.976867,88,2.331015,0,1,0
F3,YBa2Cu3O7_553_Frenkel3_331.traj,198,0.099000,116,5.976089,88,2.331185,0,1,0
F3,YBa2Cu3O7_553_Frenkel3_331.traj,199,0.099500,116,5.975306,88,2.331450,0,1,0
F3,YBa2Cu3O7_553_Frenkel3_331.traj,200,0.100000,116,5.974517,88,2.331750,0,1,0
F3,YBa2Cu3O7_553_Frenkel3_331.traj,201,0.100500,116,5.973740,88,2.332084,0,1,0
F3,YBa2Cu3O7_553_Frenkel3_331.traj,202,0.101000,116,5.972917,88,2.332460,0,1,0
F3,YBa2Cu3O7_553_Frenkel3_331.traj,203,0.101500,116,5.971978,88,2.332837,0,1,0
F3,YBa2Cu3O7_553_Frenkel3_331.traj,204,0.102000,116,5.970962,88,2.333236,0,1,0
F3,YBa2Cu3O7_553_Frenkel3_331.traj,205,0.102500,116,5.969909,88,2.333633,0,1,0
F3,YBa2Cu3O7_553_Frenkel3_331.traj,206,0.103000,116,5.968785,88,2.334096,0,1,0
F3,YBa2Cu3O7_553_Frenkel3_331.traj,207,0.103500,116,5.967581,88,2.334557,0,1,0
F3,YBa2Cu3O7_553_Frenkel3_331.traj,208,0.104000,116,5.966351,88,2.335041,0,1,0
F3,YBa2Cu3O7_553_Frenkel3_331.traj,209,0.104500,116,5.965100,88,2.335533,0,1,0
F3,YBa2Cu3O7_553_Frenkel3_331.traj,210,0.105000,116,5.963843,88,2.336019,0,1,0
F3,YBa2Cu3O7_553_Frenkel3_331.traj,211,0.105500,116,5.962635,88,2.336545,0,1,0
F3,YBa2Cu3O7_553_Frenkel3_331.traj,212,0.106000,116,5.961440,88,2.337073,0,1,0
F3,YBa2Cu3O7_553_Frenkel3_331.traj,213,0.106500,116,5.960139,88,2.337569,0,1,0
F3,YBa2Cu3O7_553_Frenkel3_331.traj,214,0.107000,116,5.958794,88,2.338123,0,1,0
F3,YBa2Cu3O7_553_Frenkel3_331.traj,215,0.107500,116,5.957398,88,2.338700,0,1,0
F3,YBa2Cu3O7_553_Frenkel3_331.traj,216,0.108000,116,5.955916,88,2.339303,0,1,0
F3,YBa2Cu3O7_553_Frenkel3_331.traj,217,0.108500,116,5.954371,88,2.339897,0,1,0
F3,YBa2Cu3O7_553_Frenkel3_331.traj,218,0.109000,116,5.952806,88,2.340535,0,1,0
F3,YBa2Cu3O7_553_Frenkel3_331.traj,219,0.109500,116,5.951245,88,2.341174,0,1,0
F3,YBa2Cu3O7_553_Frenkel3_331.traj,220,0.110000,116,5.949607,88,2.341821,0,1,0
F3,YBa2Cu3O7_553_Frenkel3_331.traj,221,0.110500,116,5.947900,88,2.342525,0,1,0
F3,YBa2Cu3O7_553_Frenkel3_331.traj,222,0.111000,116,5.946137,88,2.343329,0,1,0
F3,YBa2Cu3O7_553_Frenkel3_331.traj,223,0.111500,116,5.944392,88,2.344105,0,1,0
F3,YBa2Cu3O7_553_Frenkel3_331.traj,224,0.112000,116,5.942654,88,2.344856,0,1,0
F3,YBa2Cu3O7_553_Frenkel3_331.traj,225,0.112500,116,5.940905,88,2.345625,0,1,0
F3,YBa2Cu3O7_553_Frenkel3_331.traj,226,0.113000,116,5.939159,88,2.346404,0,1,0
F3,YBa2Cu3O7_553_Frenkel3_331.traj,227,0.113500,116,5.937355,88,2.347265,0,1,0
F3,YBa2Cu3O7_553_Frenkel3_331.traj,228,0.114000,116,5.935492,88,2.348225,0,1,0
F3,YBa2Cu3O7_553_Frenkel3_331.traj,229,0.114500,116,5.933578,88,2.349220,0,1,0
F3,YBa2Cu3O7_553_Frenkel3_331.traj,230,0.115000,116,5.931612,88,2.350224,0,1,0
F3,YBa2Cu3O7_553_Frenkel3_331.traj,231,0.115500,116,5.929648,88,2.351227,0,1,0
F3,YBa2Cu3O7_553_Frenkel3_331.traj,232,0.116000,116,5.927648,88,2.352214,0,1,0
F3,YBa2Cu3O7_553_Frenkel3_331.traj,233,0.116500,116,5.925628,88,2.353174,0,1,0
F3,YBa2Cu3O7_553_Frenkel3_331.traj,234,0.117000,116,5.923595,88,2.354123,0,1,0
F3,YBa2Cu3O7_553_Frenkel3_331.traj,235,0.117500,116,5.921550,88,2.355052,0,1,0
F3,YBa2Cu3O7_553_Frenkel3_331.traj,236,0.118000,116,5.919417,88,2.355957,0,1,0
F3,YBa2Cu3O7_553_Frenkel3_331.traj,237,0.118500,116,5.917184,88,2.356849,0,1,0
F3,YBa2Cu3O7_553_Frenkel3_331.traj,238,0.119000,116,5.914939,88,2.357722,0,1,0
F3,YBa2Cu3O7_553_Frenkel3_331.traj,239,0.119500,116,5.912634,88,2.358656,0,1,0
F3,YBa2Cu3O7_553_Frenkel3_331.traj,240,0.120000,116,5.910299,88,2.359634,0,1,0
F3,YBa2Cu3O7_553_Frenkel3_331.traj,241,0.120500,116,5.907935,88,2.360611,0,1,0
F3,YBa2Cu3O7_553_Frenkel3_331.traj,242,0.121000,116,5.905544,88,2.361555,0,1,0
F3,YBa2Cu3O7_553_Frenkel3_331.traj,243,0.121500,116,5.903205,88,2.362526,0,1,0
F3,YBa2Cu3O7_553_Frenkel3_331.traj,244,0.122000,116,5.900844,88,2.363500,0,1,0
F3,YBa2Cu3O7_553_Frenkel3_331.traj,245,0.122500,116,5.898439,88,2.364512,0,1,0
F3,YBa2Cu3O7_553_Frenkel3_331.traj,246,0.123000,116,5.895968,88,2.365582,0,1,0
F3,YBa2Cu3O7_553_Frenkel3_331.traj,247,0.123500,116,5.893515,88,2.366654,0,1,0
F3,YBa2Cu3O7_553_Frenkel3_331.traj,248,0.124000,116,5.891071,88,2.367675,0,1,0
F3,YBa2Cu3O7_553_Frenkel3_331.traj,249,0.124500,116,5.888594,88,2.368796,0,1,0
F3,YBa2Cu3O7_553_Frenkel3_331.traj,250,0.125000,116,5.886083,88,2.369986,0,1,0
F3,YBa2Cu3O7_553_Frenkel3_331.traj,251,0.125500,116,5.883506,88,2.371195,0,1,0
F3,YBa2Cu3O7_553_Frenkel3_331.traj,252,0.126000,116,5.880928,88,2.372392,0,1,0
F3,YBa2Cu3O7_553_Frenkel3_331.traj,253,0.126500,116,5.878422,88,2.373596,0,1,0
F3,YBa2Cu3O7_553_Frenkel3_331.traj,254,0.127000,116,5.875980,88,2.374809,0,1,0
F3,YBa2Cu3O7_553_Frenkel3_331.traj,255,0.127500,116,5.873598,88,2.376015,0,1,0
F3,YBa2Cu3O7_553_Frenkel3_331.traj,256,0.128000,116,5.871258,88,2.377198,0,1,0
F3,YBa2Cu3O7_553_Frenkel3_331.traj,257,0.128500,116,5.868924,88,2.378401,0,1,0
F3,YBa2Cu3O7_553_Frenkel3_331.traj,258,0.129000,116,5.866640,88,2.379626,0,1,0
F3,YBa2Cu3O7_553_Frenkel3_331.traj,259,0.129500,116,5.864369,88,2.380823,0,1,0
F3,YBa2Cu3O7_553_Frenkel3_331.traj,260,0.130000,116,5.862135,88,2.382040,0,1,0
F3,YBa2Cu3O7_553_Frenkel3_331.traj,261,0.130500,116,5.859939,88,2.383279,0,1,0
F3,YBa2Cu3O7_553_Frenkel3_331.traj,262,0.131000,116,5.857798,88,2.384565,0,1,0
F3,YBa2Cu3O7_553_Frenkel3_331.traj,263,0.131500,116,5.855707,88,2.385858,0,1,0
F3,YBa2Cu3O7_553_Frenkel3_331.traj,264,0.132000,116,5.853681,88,2.387072,0,1,0
F3,YBa2Cu3O7_553_Frenkel3_331.traj,265,0.132500,116,5.851699,88,2.388284,0,1,0
F3,YBa2Cu3O7_553_Frenkel3_331.traj,266,0.133000,116,5.849741,88,2.389534,0,1,0
F3,YBa2Cu3O7_553_Frenkel3_331.traj,267,0.133500,116,5.847811,88,2.390789,0,1,0
F3,YBa2Cu3O7_553_Frenkel3_331.traj,268,0.134000,116,5.845912,88,2.392131,0,1,0
F3,YBa2Cu3O7_553_Frenkel3_331.traj,269,0.134500,116,5.844045,88,2.393467,0,1,0
F3,YBa2Cu3O7_553_Frenkel3_331.traj,270,0.135000,116,5.842273,88,2.394745,0,1,0
F3,YBa2Cu3O7_553_Frenkel3_331.traj,271,0.135500,116,5.840550,88,2.395982,0,1,0
F3,YBa2Cu3O7_553_Frenkel3_331.traj,272,0.136000,116,5.838933,88,2.397189,0,1,0
F3,YBa2Cu3O7_553_Frenkel3_331.traj,273,0.136500,116,5.837427,88,2.398358,0,1,0
F3,YBa2Cu3O7_553_Frenkel3_331.traj,274,0.137000,116,5.836004,88,2.399515,0,1,0
F3,YBa2Cu3O7_553_Frenkel3_331.traj,275,0.137500,116,5.834653,88,2.400673,0,1,0
F3,YBa2Cu3O7_553_Frenkel3_331.traj,276,0.138000,116,5.833402,88,2.401835,0,1,0
F3,YBa2Cu3O7_553_Frenkel3_331.traj,277,0.138500,116,5.832316,88,2.402986,0,1,0
F3,YBa2Cu3O7_553_Frenkel3_331.traj,278,0.139000,116,5.831276,88,2.404142,0,1,0
F3,YBa2Cu3O7_553_Frenkel3_331.traj,279,0.139500,116,5.830284,88,2.405323,0,1,0
F3,YBa2Cu3O7_553_Frenkel3_331.traj,280,0.140000,116,5.829381,88,2.406509,0,1,0
F3,YBa2Cu3O7_553_Frenkel3_331.traj,281,0.140500,116,5.828623,88,2.407636,0,1,0
F3,YBa2Cu3O7_553_Frenkel3_331.traj,282,0.141000,116,5.827990,88,2.408721,0,1,0
F3,YBa2Cu3O7_553_Frenkel3_331.traj,283,0.141500,116,5.827401,88,2.409780,0,1,0
F3,YBa2Cu3O7_553_Frenkel3_331.traj,284,0.142000,116,5.826837,88,2.410818,0,1,0
F3,YBa2Cu3O7_553_Frenkel3_331.traj,285,0.142500,116,5.826328,88,2.411876,0,1,0
F3,YBa2Cu3O7_553_Frenkel3_331.traj,286,0.143000,116,5.825882,88,2.412878,0,1,0
F3,YBa2Cu3O7_553_Frenkel3_331.traj,287,0.143500,116,5.825491,88,2.413787,0,1,0
F3,YBa2Cu3O7_553_Frenkel3_331.traj,288,0.144000,116,5.825139,88,2.414664,0,1,0
F3,YBa2Cu3O7_553_Frenkel3_331.traj,289,0.144500,116,5.824794,88,2.415550,0,1,0
F3,YBa2Cu3O7_553_Frenkel3_331.traj,290,0.145000,116,5.824432,88,2.416385,0,1,0
F3,YBa2Cu3O7_553_Frenkel3_331.traj,291,0.145500,116,5.824083,88,2.417205,0,1,0
F3,YBa2Cu3O7_553_Frenkel3_331.traj,292,0.146000,116,5.823725,88,2.417972,0,1,0
F3,YBa2Cu3O7_553_Frenkel3_331.traj,293,0.146500,116,5.823376,88,2.418666,0,1,0
F3,YBa2Cu3O7_553_Frenkel3_331.traj,294,0.147000,116,5.823114,88,2.419280,0,1,0
F3,YBa2Cu3O7_553_Frenkel3_331.traj,295,0.147500,116,5.822904,88,2.419851,0,1,0
F3,YBa2Cu3O7_553_Frenkel3_331.traj,296,0.148000,116,5.822783,88,2.420366,0,1,0
F3,YBa2Cu3O7_553_Frenkel3_331.traj,297,0.148500,116,5.822747,88,2.420853,0,1,0
F3,YBa2Cu3O7_553_Frenkel3_331.traj,298,0.149000,116,5.822727,88,2.421381,0,1,0
F3,YBa2Cu3O7_553_Frenkel3_331.traj,299,0.149500,116,5.822723,88,2.421892,0,1,0
F3,YBa2Cu3O7_553_Frenkel3_331.traj,300,0.150000,116,5.822794,88,2.422355,0,1,0
F3,YBa2Cu3O7_553_Frenkel3_331.traj,301,0.150500,116,5.822885,88,2.422782,0,1,0
F3,YBa2Cu3O7_553_Frenkel3_331.traj,302,0.151000,116,5.822985,88,2.423208,0,1,0
F3,YBa2Cu3O7_553_Frenkel3_331.traj,303,0.151500,116,5.823158,88,2.423575,0,1,0
F3,YBa2Cu3O7_553_Frenkel3_331.traj,304,0.152000,116,5.823387,88,2.423905,0,1,0
F3,YBa2Cu3O7_553_Frenkel3_331.traj,305,0.152500,116,5.823629,88,2.424174,0,1,0
F3,YBa2Cu3O7_553_Frenkel3_331.traj,306,0.153000,116,5.823923,88,2.424323,0,1,0
F3,YBa2Cu3O7_553_Frenkel3_331.traj,307,0.153500,116,5.824320,88,2.424358,0,1,0
F3,YBa2Cu3O7_553_Frenkel3_331.traj,308,0.154000,116,5.824780,88,2.424357,0,1,0
F3,YBa2Cu3O7_553_Frenkel3_331.traj,309,0.154500,116,5.825322,88,2.424328,0,1,0
F3,YBa2Cu3O7_553_Frenkel3_331.traj,310,0.155000,116,5.825912,88,2.424208,0,1,0
F3,YBa2Cu3O7_553_Frenkel3_331.traj,311,0.155500,116,5.826583,88,2.424067,0,1,0
F3,YBa2Cu3O7_553_Frenkel3_331.traj,312,0.156000,116,5.827265,88,2.423877,0,1,0
F3,YBa2Cu3O7_553_Frenkel3_331.traj,313,0.156500,116,5.827984,88,2.423602,0,1,0
F3,YBa2Cu3O7_553_Frenkel3_331.traj,314,0.157000,116,5.828735,88,2.423240,0,1,0
F3,YBa2Cu3O7_553_Frenkel3_331.traj,315,0.157500,116,5.829498,88,2.422792,0,1,0
F3,YBa2Cu3O7_553_Frenkel3_331.traj,316,0.158000,116,5.830351,88,2.422317,0,1,0
F3,YBa2Cu3O7_553_Frenkel3_331.traj,317,0.158500,116,5.831245,88,2.421819,0,1,0
F3,YBa2Cu3O7_553_Frenkel3_331.traj,318,0.159000,116,5.832102,88,2.421237,0,1,0
F3,YBa2Cu3O7_553_Frenkel3_331.traj,319,0.159500,116,5.832974,88,2.420574,0,1,0
F3,YBa2Cu3O7_553_Frenkel3_331.traj,320,0.160000,116,5.833829,88,2.419859,0,1,0
F3,YBa2Cu3O7_553_Frenkel3_331.traj,321,0.160500,116,5.834750,88,2.419078,0,1,0
F3,YBa2Cu3O7_553_Frenkel3_331.traj,322,0.161000,116,5.835676,88,2.418162,0,1,0
F3,YBa2Cu3O7_553_Frenkel3_331.traj,323,0.161500,116,5.836551,88,2.417206,0,1,0
F3,YBa2Cu3O7_553_Frenkel3_331.traj,324,0.162000,116,5.837384,88,2.416250,0,1,0
F3,YBa2Cu3O7_553_Frenkel3_331.traj,325,0.162500,116,5.838244,88,2.415224,0,1,0
F3,YBa2Cu3O7_553_Frenkel3_331.traj,326,0.163000,116,5.839101,88,2.414165,0,1,0
F3,YBa2Cu3O7_553_Frenkel3_331.traj,327,0.163500,116,5.839955,88,2.413085,0,1,0
F3,YBa2Cu3O7_553_Frenkel3_331.traj,328,0.164000,116,5.840782,88,2.411980,0,1,0
F3,YBa2Cu3O7_553_Frenkel3_331.traj,329,0.164500,116,5.841568,88,2.410777,0,1,0
F3,YBa2Cu3O7_553_Frenkel3_331.traj,330,0.165000,116,5.842344,88,2.409497,0,1,0
F3,YBa2Cu3O7_553_Frenkel3_331.traj,331,0.165500,116,5.843155,88,2.408167,0,1,0
F3,YBa2Cu3O7_553_Frenkel3_331.traj,332,0.166000,116,5.844010,88,2.406784,0,1,0
F3,YBa2Cu3O7_553_Frenkel3_331.traj,333,0.166500,116,5.844814,88,2.405371,0,1,0
F3,YBa2Cu3O7_553_Frenkel3_331.traj,334,0.167000,116,5.845556,88,2.403919,0,1,0
F3,YBa2Cu3O7_553_Frenkel3_331.traj,335,0.167500,116,5.846275,88,2.402406,0,1,0
F3,YBa2Cu3O7_553_Frenkel3_331.traj,336,0.168000,116,5.846959,88,2.400835,0,1,0
F3,YBa2Cu3O7_553_Frenkel3_331.traj,337,0.168500,116,5.847670,88,2.399151,0,1,0
F3,YBa2Cu3O7_553_Frenkel3_331.traj,338,0.169000,116,5.848398,88,2.397394,0,1,0
F3,YBa2Cu3O7_553_Frenkel3_331.traj,339,0.169500,116,5.849082,88,2.395587,0,1,0
F3,YBa2Cu3O7_553_Frenkel3_331.traj,340,0.170000,116,5.849782,88,2.393677,0,1,0
F3,YBa2Cu3O7_553_Frenkel3_331.traj,341,0.170500,116,5.850508,88,2.391705,0,1,0
F3,YBa2Cu3O7_553_Frenkel3_331.traj,342,0.171000,116,5.851286,88,2.389732,0,1,0
F3,YBa2Cu3O7_553_Frenkel3_331.traj,343,0.171500,116,5.852051,88,2.387740,0,1,0
F3,YBa2Cu3O7_553_Frenkel3_331.traj,344,0.172000,116,5.852751,88,2.385766,0,1,0
F3,YBa2Cu3O7_553_Frenkel3_331.traj,345,0.172500,116,5.853448,88,2.383762,0,1,0
F3,YBa2Cu3O7_553_Frenkel3_331.traj,346,0.173000,116,5.854122,88,2.381774,0,1,0
F3,YBa2Cu3O7_553_Frenkel3_331.traj,347,0.173500,116,5.854743,88,2.379736,0,1,0
F3,YBa2Cu3O7_553_Frenkel3_331.traj,348,0.174000,116,5.855317,88,2.377706,0,1,0
F3,YBa2Cu3O7_553_Frenkel3_331.traj,349,0.174500,116,5.855840,88,2.375717,0,1,0
F3,YBa2Cu3O7_553_Frenkel3_331.traj,350,0.175000,116,5.856331,88,2.373756,0,1,0
F3,YBa2Cu3O7_553_Frenkel3_331.traj,351,0.175500,116,5.856767,88,2.371802,0,1,0
F3,YBa2Cu3O7_553_Frenkel3_331.traj,352,0.176000,116,5.857154,88,2.369839,0,1,0
F3,YBa2Cu3O7_553_Frenkel3_331.traj,353,0.176500,116,5.857484,88,2.367834,0,1,0
F3,YBa2Cu3O7_553_Frenkel3_331.traj,354,0.177000,116,5.857779,88,2.365792,0,1,0
F3,YBa2Cu3O7_553_Frenkel3_331.traj,355,0.177500,116,5.858046,88,2.363728,0,1,0
F3,YBa2Cu3O7_553_Frenkel3_331.traj,356,0.178000,116,5.858257,88,2.361653,0,1,0
F3,YBa2Cu3O7_553_Frenkel3_331.traj,357,0.178500,116,5.858430,88,2.359573,0,1,0
F3,YBa2Cu3O7_553_Frenkel3_331.traj,358,0.179000,116,5.858646,88,2.357464,0,1,0
F3,YBa2Cu3O7_553_Frenkel3_331.traj,359,0.179500,116,5.858908,88,2.355301,0,1,0
F3,YBa2Cu3O7_553_Frenkel3_331.traj,360,0.180000,116,5.859230,88,2.353192,0,1,0
F3,YBa2Cu3O7_553_Frenkel3_331.traj,361,0.180500,116,5.859545,88,2.351075,0,1,0
F3,YBa2Cu3O7_553_Frenkel3_331.traj,362,0.181000,116,5.859833,88,2.348870,0,1,0
F3,YBa2Cu3O7_553_Frenkel3_331.traj,363,0.181500,116,5.860128,88,2.346655,0,1,0
F3,YBa2Cu3O7_553_Frenkel3_331.traj,364,0.182000,116,5.860464,88,2.344451,0,1,0
F3,YBa2Cu3O7_553_Frenkel3_331.traj,365,0.182500,116,5.860772,88,2.342261,0,1,0
F3,YBa2Cu3O7_553_Frenkel3_331.traj,366,0.183000,116,5.861052,88,2.340103,0,1,0
F3,YBa2Cu3O7_553_Frenkel3_331.traj,367,0.183500,116,5.861238,88,2.337981,0,1,0
F3,YBa2Cu3O7_553_Frenkel3_331.traj,368,0.184000,116,5.861341,88,2.335897,0,1,0
F3,YBa2Cu3O7_553_Frenkel3_331.traj,369,0.184500,116,5.861423,88,2.333849,0,1,0
F3,YBa2Cu3O7_553_Frenkel3_331.traj,370,0.185000,116,5.861507,88,2.331875,0,1,0
F3,YBa2Cu3O7_553_Frenkel3_331.traj,371,0.185500,116,5.861629,88,2.329945,0,1,0
F3,YBa2Cu3O7_553_Frenkel3_331.traj,372,0.186000,116,5.861757,88,2.328050,0,1,0
F3,YBa2Cu3O7_553_Frenkel3_331.traj,373,0.186500,116,5.861945,88,2.326108,0,1,0
F3,YBa2Cu3O7_553_Frenkel3_331.traj,374,0.187000,116,5.862200,88,2.324092,0,1,0
F3,YBa2Cu3O7_553_Frenkel3_331.traj,375,0.187500,116,5.862424,88,2.322087,0,1,0
F3,YBa2Cu3O7_553_Frenkel3_331.traj,376,0.188000,116,5.862647,88,2.320153,0,1,0
F3,YBa2Cu3O7_553_Frenkel3_331.traj,377,0.188500,116,5.862834,88,2.318239,0,1,0
F3,YBa2Cu3O7_553_Frenkel3_331.traj,378,0.189000,116,5.862973,88,2.316319,0,1,0
F3,YBa2Cu3O7_553_Frenkel3_331.traj,379,0.189500,116,5.863137,88,2.314451,0,1,0
F3,YBa2Cu3O7_553_Frenkel3_331.traj,380,0.190000,116,5.863324,88,2.312587,0,1,0
F3,YBa2Cu3O7_553_Frenkel3_331.traj,381,0.190500,116,5.863481,88,2.310722,0,1,0
F3,YBa2Cu3O7_553_Frenkel3_331.traj,382,0.191000,116,5.863605,88,2.308859,0,1,0
F3,YBa2Cu3O7_553_Frenkel3_331.traj,383,0.191500,116,5.863751,88,2.306987,0,1,0
F3,YBa2Cu3O7_553_Frenkel3_331.traj,384,0.192000,116,5.863910,88,2.305108,0,1,0
F3,YBa2Cu3O7_553_Frenkel3_331.traj,385,0.192500,116,5.864089,88,2.303282,0,1,0
F3,YBa2Cu3O7_553_Frenkel3_331.traj,386,0.193000,116,5.864238,88,2.301489,0,1,0
F3,YBa2Cu3O7_553_Frenkel3_331.traj,387,0.193500,116,5.864383,88,2.299708,0,1,0
F3,YBa2Cu3O7_553_Frenkel3_331.traj,388,0.194000,116,5.864580,88,2.297957,0,1,0
F3,YBa2Cu3O7_553_Frenkel3_331.traj,389,0.194500,116,5.864866,88,2.296240,0,1,0
F3,YBa2Cu3O7_553_Frenkel3_331.traj,390,0.195000,116,5.865255,88,2.294545,0,1,0
F3,YBa2Cu3O7_553_Frenkel3_331.traj,391,0.195500,116,5.865648,88,2.292820,0,1,0
F3,YBa2Cu3O7_553_Frenkel3_331.traj,392,0.196000,116,5.866108,88,2.291090,0,1,0
F3,YBa2Cu3O7_553_Frenkel3_331.traj,393,0.196500,116,5.866606,88,2.289418,0,1,0
F3,YBa2Cu3O7_553_Frenkel3_331.traj,394,0.197000,116,5.867170,88,2.287807,0,1,0
F3,YBa2Cu3O7_553_Frenkel3_331.traj,395,0.197500,116,5.867752,88,2.286272,0,1,0
F3,YBa2Cu3O7_553_Frenkel3_331.traj,396,0.198000,116,5.868347,88,2.284761,0,1,0
F3,YBa2Cu3O7_553_Frenkel3_331.traj,397,0.198500,116,5.869054,88,2.283324,0,1,0
F3,YBa2Cu3O7_553_Frenkel3_331.traj,398,0.199000,116,5.869878,88,2.281912,0,1,0
F3,YBa2Cu3O7_553_Frenkel3_331.traj,399,0.199500,116,5.870750,88,2.280552,0,1,0
F3,YBa2Cu3O7_553_Frenkel3_331.traj,400,0.200000,116,5.871611,88,2.279227,0,1,0
F3,YBa2Cu3O7_553_Frenkel3_331.traj,401,0.200500,116,5.872460,88,2.277959,0,1,0
F3,YBa2Cu3O7_553_Frenkel3_331.traj,402,0.201000,116,5.873328,88,2.276824,0,1,0
F3,YBa2Cu3O7_553_Frenkel3_331.traj,403,0.201500,116,5.874239,88,2.275745,0,1,0
F3,YBa2Cu3O7_553_Frenkel3_331.traj,404,0.202000,116,5.875154,88,2.274706,0,1,0
F3,YBa2Cu3O7_553_Frenkel3_331.traj,405,0.202500,116,5.876082,88,2.273700,0,1,0
F3,YBa2Cu3O7_553_Frenkel3_331.traj,406,0.203000,116,5.877020,88,2.272743,0,1,0
F3,YBa2Cu3O7_553_Frenkel3_331.traj,407,0.203500,116,5.878032,88,2.271878,0,1,0
F3,YBa2Cu3O7_553_Frenkel3_331.traj,408,0.204000,116,5.879125,88,2.271102,0,1,0
F3,YBa2Cu3O7_553_Frenkel3_331.traj,409,0.204500,116,5.880252,88,2.270422,0,1,0
F3,YBa2Cu3O7_553_Frenkel3_331.traj,410,0.205000,116,5.881454,88,2.269766,0,1,0
F3,YBa2Cu3O7_553_Frenkel3_331.traj,411,0.205500,116,5.882752,88,2.269113,0,1,0
F3,YBa2Cu3O7_553_Frenkel3_331.traj,412,0.206000,116,5.884059,88,2.268501,0,1,0
F3,YBa2Cu3O7_553_Frenkel3_331.traj,413,0.206500,116,5.885391,88,2.267975,0,1,0
F3,YBa2Cu3O7_553_Frenkel3_331.traj,414,0.207000,116,5.886680,88,2.267517,0,1,0
F3,YBa2Cu3O7_553_Frenkel3_331.traj,415,0.207500,116,5.887964,88,2.267195,0,1,0
F3,YBa2Cu3O7_553_Frenkel3_331.traj,416,0.208000,116,5.889285,88,2.266922,0,1,0
F3,YBa2Cu3O7_553_Frenkel3_331.traj,417,0.208500,116,5.890677,88,2.266708,0,1,0
F3,YBa2Cu3O7_553_Frenkel3_331.traj,418,0.209000,116,5.892111,88,2.266483,0,1,0
F3,YBa2Cu3O7_553_Frenkel3_331.traj,419,0.209500,116,5.893590,88,2.266332,0,1,0
F3,YBa2Cu3O7_553_Frenkel3_331.traj,420,0.210000,116,5.895118,88,2.266280,0,1,0
F3,YBa2Cu3O7_553_Frenkel3_331.traj,421,0.210500,116,5.896707,88,2.266355,0,1,0
F3,YBa2Cu3O7_553_Frenkel3_331.traj,422,0.211000,116,5.898308,88,2.266523,0,1,0
F3,YBa2Cu3O7_553_Frenkel3_331.traj,423,0.211500,116,5.899918,88,2.266746,0,1,0
F3,YBa2Cu3O7_553_Frenkel3_331.traj,424,0.212000,116,5.901515,88,2.267042,0,1,0
F3,YBa2Cu3O7_553_Frenkel3_331.traj,425,0.212500,116,5.903190,88,2.267427,0,1,0
F3,YBa2Cu3O7_553_Frenkel3_331.traj,426,0.213000,116,5.904892,88,2.267926,0,1,0
F3,YBa2Cu3O7_553_Frenkel3_331.traj,427,0.213500,116,5.906581,88,2.268470,0,1,0
F3,YBa2Cu3O7_553_Frenkel3_331.traj,428,0.214000,116,5.908282,88,2.269109,0,1,0
F3,YBa2Cu3O7_553_Frenkel3_331.traj,429,0.214500,116,5.909991,88,2.269767,0,1,0
F3,YBa2Cu3O7_553_Frenkel3_331.traj,430,0.215000,116,5.911743,88,2.270459,0,1,0
F3,YBa2Cu3O7_553_Frenkel3_331.traj,431,0.215500,116,5.913493,88,2.271242,0,1,0
F3,YBa2Cu3O7_553_Frenkel3_331.traj,432,0.216000,116,5.915255,88,2.272076,0,1,0
F3,YBa2Cu3O7_553_Frenkel3_331.traj,433,0.216500,116,5.916983,88,2.273020,0,1,0
F3,YBa2Cu3O7_553_Frenkel3_331.traj,434,0.217000,116,5.918746,88,2.274076,0,1,0
F3,YBa2Cu3O7_553_Frenkel3_331.traj,435,0.217500,116,5.920585,88,2.275194,0,1,0
F3,YBa2Cu3O7_553_Frenkel3_331.traj,436,0.218000,116,5.922431,88,2.276411,0,1,0
F3,YBa2Cu3O7_553_Frenkel3_331.traj,437,0.218500,116,5.924344,88,2.277656,0,1,0
F3,YBa2Cu3O7_553_Frenkel3_331.traj,438,0.219000,116,5.926282,88,2.278934,0,1,0
F3,YBa2Cu3O7_553_Frenkel3_331.traj,439,0.219500,116,5.928283,88,2.280283,0,1,0
F3,YBa2Cu3O7_553_Frenkel3_331.traj,440,0.220000,116,5.930343,88,2.281637,0,1,0
F3,YBa2Cu3O7_553_Frenkel3_331.traj,441,0.220500,116,5.932455,88,2.283043,0,1,0
F3,YBa2Cu3O7_553_Frenkel3_331.traj,442,0.221000,116,5.934604,88,2.284466,0,1,0
F3,YBa2Cu3O7_553_Frenkel3_331.traj,443,0.221500,116,5.936800,88,2.285874,0,1,0
F3,YBa2Cu3O7_553_Frenkel3_331.traj,444,0.222000,116,5.939038,88,2.287281,0,1,0
F3,YBa2Cu3O7_553_Frenkel3_331.traj,445,0.222500,116,5.941351,88,2.288728,0,1,0
F3,YBa2Cu3O7_553_Frenkel3_331.traj,446,0.223000,116,5.943707,88,2.290284,0,1,0
F3,YBa2Cu3O7_553_Frenkel3_331.traj,447,0.223500,116,5.946039,88,2.291848,0,1,0
F3,YBa2Cu3O7_553_Frenkel3_331.traj,448,0.224000,116,5.948397,88,2.293472,0,1,0
F3,YBa2Cu3O7_553_Frenkel3_331.traj,449,0.224500,116,5.950799,88,2.295235,0,1,0
F3,YBa2Cu3O7_553_Frenkel3_331.traj,450,0.225000,116,5.953195,88,2.297075,0,1,0
F3,YBa2Cu3O7_553_Frenkel3_331.traj,451,0.225500,116,5.955597,88,2.298930,0,1,0
F3,YBa2Cu3O7_553_Frenkel3_331.traj,452,0.226000,116,5.958032,88,2.300815,0,1,0
F3,YBa2Cu3O7_553_Frenkel3_331.traj,453,0.226500,116,5.960466,88,2.302773,0,1,0
F3,YBa2Cu3O7_553_Frenkel3_331.traj,454,0.227000,116,5.962926,88,2.304782,0,1,0
F3,YBa2Cu3O7_553_Frenkel3_331.traj,455,0.227500,116,5.965456,88,2.306777,0,1,0
F3,YBa2Cu3O7_553_Frenkel3_331.traj,456,0.228000,116,5.967918,88,2.308738,0,1,0
F3,YBa2Cu3O7_553_Frenkel3_331.traj,457,0.228500,116,5.970375,88,2.310699,0,1,0
F3,YBa2Cu3O7_553_Frenkel3_331.traj,458,0.229000,116,5.972874,88,2.312731,0,1,0
F3,YBa2Cu3O7_553_Frenkel3_331.traj,459,0.229500,116,5.975369,88,2.314828,0,1,0
F3,YBa2Cu3O7_553_Frenkel3_331.traj,460,0.230000,116,5.977905,88,2.316957,0,1,0
F3,YBa2Cu3O7_553_Frenkel3_331.traj,461,0.230500,116,5.980456,88,2.319144,0,1,0
F3,YBa2Cu3O7_553_Frenkel3_331.traj,462,0.231000,116,5.982986,88,2.321380,0,1,0
F3,YBa2Cu3O7_553_Frenkel3_331.traj,463,0.231500,116,5.985527,88,2.323646,0,1,0
F3,YBa2Cu3O7_553_Frenkel3_331.traj,464,0.232000,116,5.988086,88,2.325911,0,1,0
F3,YBa2Cu3O7_553_Frenkel3_331.traj,465,0.232500,116,5.990637,88,2.328151,0,1,0
F3,YBa2Cu3O7_553_Frenkel3_331.traj,466,0.233000,116,5.993217,88,2.330376,0,1,0
F3,YBa2Cu3O7_553_Frenkel3_331.traj,467,0.233500,116,5.995742,88,2.332582,0,1,0
F3,YBa2Cu3O7_553_Frenkel3_331.traj,468,0.234000,116,5.998255,88,2.334808,0,1,0
F3,YBa2Cu3O7_553_Frenkel3_331.traj,469,0.234500,116,6.000768,88,2.337067,0,1,0
F3,YBa2Cu3O7_553_Frenkel3_331.traj,470,0.235000,116,6.003276,88,2.339415,0,1,0
F3,YBa2Cu3O7_553_Frenkel3_331.traj,471,0.235500,116,6.005722,88,2.341774,0,1,0
F3,YBa2Cu3O7_553_Frenkel3_331.traj,472,0.236000,116,6.008150,88,2.344131,0,1,0
F3,YBa2Cu3O7_553_Frenkel3_331.traj,473,0.236500,116,6.010587,88,2.346497,0,1,0
F3,YBa2Cu3O7_553_Frenkel3_331.traj,474,0.237000,116,6.012979,88,2.348899,0,1,0
F3,YBa2Cu3O7_553_Frenkel3_331.traj,475,0.237500,116,6.015401,88,2.351305,0,1,0
F3,YBa2Cu3O7_553_Frenkel3_331.traj,476,0.238000,116,6.017766,88,2.353768,0,1,0
F3,YBa2Cu3O7_553_Frenkel3_331.traj,477,0.238500,116,6.020107,88,2.356308,0,1,0
F3,YBa2Cu3O7_553_Frenkel3_331.traj,478,0.239000,116,6.022452,88,2.358832,0,1,0
F3,YBa2Cu3O7_553_Frenkel3_331.traj,479,0.239500,116,6.024777,88,2.361343,0,1,0
F3,YBa2Cu3O7_553_Frenkel3_331.traj,480,0.240000,116,6.027118,88,2.363813,0,1,0
F3,YBa2Cu3O7_553_Frenkel3_331.traj,481,0.240500,116,6.029421,88,2.366244,0,1,0
F3,YBa2Cu3O7_553_Frenkel3_331.traj,482,0.241000,116,6.031688,88,2.368668,0,1,0
F3,YBa2Cu3O7_553_Frenkel3_331.traj,483,0.241500,116,6.033927,88,2.371134,0,1,0
F3,YBa2Cu3O7_553_Frenkel3_331.traj,484,0.242000,116,6.036201,88,2.373619,0,1,0
F3,YBa2Cu3O7_553_Frenkel3_331.traj,485,0.242500,116,6.038463,88,2.376144,0,1,0
F3,YBa2Cu3O7_553_Frenkel3_331.traj,486,0.243000,116,6.040669,88,2.378646,0,1,0
F3,YBa2Cu3O7_553_Frenkel3_331.traj,487,0.243500,116,6.042892,88,2.381052,0,1,0
F3,YBa2Cu3O7_553_Frenkel3_331.traj,488,0.244000,116,6.045187,88,2.383441,0,1,0
F3,YBa2Cu3O7_553_Frenkel3_331.traj,489,0.244500,116,6.047512,88,2.385838,0,1,0
F3,YBa2Cu3O7_553_Frenkel3_331.traj,490,0.245000,116,6.049866,88,2.388170,0,1,0
F3,YBa2Cu3O7_553_Frenkel3_331.traj,491,0.245500,116,6.052258,88,2.390448,0,1,0
F3,YBa2Cu3O7_553_Frenkel3_331.traj,492,0.246000,116,6.054712,88,2.392725,0,1,0
F3,YBa2Cu3O7_553_Frenkel3_331.traj,493,0.246500,116,6.057193,88,2.394970,0,1,0
F3,YBa2Cu3O7_553_Frenkel3_331.traj,494,0.247000,116,6.059705,88,2.397248,0,1,0
F3,YBa2Cu3O7_553_Frenkel3_331.traj,495,0.247500,116,6.062152,88,2.399512,0,1,0
F3,YBa2Cu3O7_553_Frenkel3_331.traj,496,0.248000,116,6.064586,88,2.401795,0,1,0
F3,YBa2Cu3O7_553_Frenkel3_331.traj,497,0.248500,116,6.067020,88,2.404086,0,1,0
F3,YBa2Cu3O7_553_Frenkel3_331.traj,498,0.249000,116,6.069446,88,2.406336,0,1,0
F3,YBa2Cu3O7_553_Frenkel3_331.traj,499,0.249500,116,6.071856,88,2.408502,0,1,0
F3,YBa2Cu3O7_553_Frenkel3_331.traj,500,0.250000,116,6.074269,88,2.410699,0,1,0
F3,YBa2Cu3O7_553_Frenkel3_331.traj,501,0.250500,116,6.076685,88,2.412877,0,1,0
F3,YBa2Cu3O7_553_Frenkel3_331.traj,502,0.251000,116,6.079131,88,2.415009,0,1,0
F3,YBa2Cu3O7_553_Frenkel3_331.traj,503,0.251500,116,6.081626,88,2.417033,0,1,0
F3,YBa2Cu3O7_553_Frenkel3_331.traj,504,0.252000,116,6.084237,88,2.419072,0,1,0
F3,YBa2Cu3O7_553_Frenkel3_331.traj,505,0.252500,116,6.086874,88,2.421067,0,1,0
F3,YBa2Cu3O7_553_Frenkel3_331.traj,506,0.253000,116,6.089535,88,2.423006,0,1,0
F3,YBa2Cu3O7_553_Frenkel3_331.traj,507,0.253500,116,6.092248,88,2.424864,0,1,0
F3,YBa2Cu3O7_553_Frenkel3_331.traj,508,0.254000,116,6.094988,88,2.426704,0,1,0
F3,YBa2Cu3O7_553_Frenkel3_331.traj,509,0.254500,116,6.097713,88,2.428526,0,1,0
F3,YBa2Cu3O7_553_Frenkel3_331.traj,510,0.255000,116,6.100422,88,2.430342,0,1,0
F3,YBa2Cu3O7_553_Frenkel3_331.traj,511,0.255500,116,6.103202,88,2.432110,0,1,0
F3,YBa2Cu3O7_553_Frenkel3_331.traj,512,0.256000,116,6.106005,88,2.433872,0,1,0
F3,YBa2Cu3O7_553_Frenkel3_331.traj,513,0.256500,116,6.108823,88,2.435555,0,1,0
F3,YBa2Cu3O7_553_Frenkel3_331.traj,514,0.257000,116,6.111625,88,2.437196,0,1,0
F3,YBa2Cu3O7_553_Frenkel3_331.traj,515,0.257500,116,6.114422,88,2.438806,0,1,0
F3,YBa2Cu3O7_553_Frenkel3_331.traj,516,0.258000,116,6.117189,88,2.440347,0,1,0
F3,YBa2Cu3O7_553_Frenkel3_331.traj,517,0.258500,116,6.119980,88,2.441846,0,1,0
F3,YBa2Cu3O7_553_Frenkel3_331.traj,518,0.259000,116,6.122740,88,2.443267,0,1,0
F3,YBa2Cu3O7_553_Frenkel3_331.traj,519,0.259500,116,6.125476,88,2.444670,0,1,0
F3,YBa2Cu3O7_553_Frenkel3_331.traj,520,0.260000,116,6.128206,88,2.446012,0,1,0
F3,YBa2Cu3O7_553_Frenkel3_331.traj,521,0.260500,116,6.130989,88,2.447272,0,1,0
F3,YBa2Cu3O7_553_Frenkel3_331.traj,522,0.261000,116,6.133722,88,2.448427,0,1,0
F3,YBa2Cu3O7_553_Frenkel3_331.traj,523,0.261500,116,6.136431,88,2.449571,0,1,0
F3,YBa2Cu3O7_553_Frenkel3_331.traj,524,0.262000,116,6.139144,88,2.450664,0,1,0
F3,YBa2Cu3O7_553_Frenkel3_331.traj,525,0.262500,116,6.141860,88,2.451695,0,1,0
F3,YBa2Cu3O7_553_Frenkel3_331.traj,526,0.263000,116,6.144607,88,2.452712,0,1,0
F3,YBa2Cu3O7_553_Frenkel3_331.traj,527,0.263500,116,6.147297,88,2.453665,0,1,0
F3,YBa2Cu3O7_553_Frenkel3_331.traj,528,0.264000,116,6.149965,88,2.454574,0,1,0
F3,YBa2Cu3O7_553_Frenkel3_331.traj,529,0.264500,116,6.152598,88,2.455420,0,1,0
F3,YBa2Cu3O7_553_Frenkel3_331.traj,530,0.265000,116,6.155103,88,2.456197,0,1,0
F3,YBa2Cu3O7_553_Frenkel3_331.traj,531,0.265500,116,6.157544,88,2.456909,0,1,0
F3,YBa2Cu3O7_553_Frenkel3_331.traj,532,0.266000,116,6.159918,88,2.457605,0,1,0
F3,YBa2Cu3O7_553_Frenkel3_331.traj,533,0.266500,116,6.162212,88,2.458288,0,1,0
F3,YBa2Cu3O7_553_Frenkel3_331.traj,534,0.267000,116,6.164472,88,2.458881,0,1,0
F3,YBa2Cu3O7_553_Frenkel3_331.traj,535,0.267500,116,6.166671,88,2.459369,0,1,0
F3,YBa2Cu3O7_553_Frenkel3_331.traj,536,0.268000,116,6.168749,88,2.459780,0,1,0
F3,YBa2Cu3O7_553_Frenkel3_331.traj,537,0.268500,116,6.170731,88,2.460103,0,1,0
F3,YBa2Cu3O7_553_Frenkel3_331.traj,538,0.269000,116,6.172650,88,2.460311,0,1,0
F3,YBa2Cu3O7_553_Frenkel3_331.traj,539,0.269500,116,6.174512,88,2.460469,0,1,0
F3,YBa2Cu3O7_553_Frenkel3_331.traj,540,0.270000,116,6.176307,88,2.460642,0,1,0
F3,YBa2Cu3O7_553_Frenkel3_331.traj,541,0.270500,116,6.177981,88,2.460808,0,1,0
F3,YBa2Cu3O7_553_Frenkel3_331.traj,542,0.271000,116,6.179483,88,2.460881,0,1,0
F3,YBa2Cu3O7_553_Frenkel3_331.traj,543,0.271500,116,6.180832,88,2.460874,0,1,0
F3,YBa2Cu3O7_553_Frenkel3_331.traj,544,0.272000,116,6.182132,88,2.460847,0,1,0
F3,YBa2Cu3O7_553_Frenkel3_331.traj,545,0.272500,116,6.183341,88,2.460810,0,1,0
F3,YBa2Cu3O7_553_Frenkel3_331.traj,546,0.273000,116,6.184442,88,2.460680,0,1,0
F3,YBa2Cu3O7_553_Frenkel3_331.traj,547,0.273500,116,6.185442,88,2.460488,0,1,0
F3,YBa2Cu3O7_553_Frenkel3_331.traj,548,0.274000,116,6.186362,88,2.460259,0,1,0
F3,YBa2Cu3O7_553_Frenkel3_331.traj,549,0.274500,116,6.187218,88,2.459931,0,1,0
F3,YBa2Cu3O7_553_Frenkel3_331.traj,550,0.275000,116,6.187975,88,2.459479,0,1,0
F3,YBa2Cu3O7_553_Frenkel3_331.traj,551,0.275500,116,6.188631,88,2.458944,0,1,0
F3,YBa2Cu3O7_553_Frenkel3_331.traj,552,0.276000,116,6.189159,88,2.458371,0,1,0
F3,YBa2Cu3O7_553_Frenkel3_331.traj,553,0.276500,116,6.189552,88,2.457732,0,1,0
F3,YBa2Cu3O7_553_Frenkel3_331.traj,554,0.277000,116,6.189839,88,2.457035,0,1,0
F3,YBa2Cu3O7_553_Frenkel3_331.traj,555,0.277500,116,6.189970,88,2.456250,0,1,0
F3,YBa2Cu3O7_553_Frenkel3_331.traj,556,0.278000,116,6.190055,88,2.455354,0,1,0
F3,YBa2Cu3O7_553_Frenkel3_331.traj,557,0.278500,116,6.190131,88,2.454350,0,1,0
F3,YBa2Cu3O7_553_Frenkel3_331.traj,558,0.279000,116,6.190101,88,2.453295,0,1,0
F3,YBa2Cu3O7_553_Frenkel3_331.traj,559,0.279500,116,6.189941,88,2.452222,0,1,0
F3,YBa2Cu3O7_553_Frenkel3_331.traj,560,0.280000,116,6.189709,88,2.451106,0,1,0
F3,YBa2Cu3O7_553_Frenkel3_331.traj,561,0.280500,116,6.189393,88,2.449982,0,1,0
F3,YBa2Cu3O7_553_Frenkel3_331.traj,562,0.281000,116,6.188909,88,2.448743,0,1,0
F3,YBa2Cu3O7_553_Frenkel3_331.traj,563,0.281500,116,6.188335,88,2.447434,0,1,0
F3,YBa2Cu3O7_553_Frenkel3_331.traj,564,0.282000,116,6.187698,88,2.446097,0,1,0
F3,YBa2Cu3O7_553_Frenkel3_331.traj,565,0.282500,116,6.186978,88,2.444617,0,1,0
F3,YBa2Cu3O7_553_Frenkel3_331.traj,566,0.283000,116,6.186137,88,2.443047,0,1,0
F3,YBa2Cu3O7_553_Frenkel3_331.traj,567,0.283500,116,6.185218,88,2.441470,0,1,0
F3,YBa2Cu3O7_553_Frenkel3_331.traj,568,0.284000,116,6.184190,88,2.439878,0,1,0
F3,YBa2Cu3O7_553_Frenkel3_331.traj,569,0.284500,116,6.183111,88,2.438263,0,1,0
F3,YBa2Cu3O7_553_Frenkel3_331.traj,570,0.285000,116,6.181942,88,2.436678,0,1,0
F3,YBa2Cu3O7_553_Frenkel3_331.traj,571,0.285500,116,6.180662,88,2.435092,0,1,0
F3,YBa2Cu3O7_553_Frenkel3_331.traj,572,0.286000,116,6.179288,88,2.433475,0,1,0
F3,YBa2Cu3O7_553_Frenkel3_331.traj,573,0.286500,116,6.177848,88,2.431853,0,1,0
F3,YBa2Cu3O7_553_Frenkel3_331.traj,574,0.287000,116,6.176390,88,2.430234,0,1,0
F3,YBa2Cu3O7_553_Frenkel3_331.traj,575,0.287500,116,6.174874,88,2.428613,0,1,0
F3,YBa2Cu3O7_553_Frenkel3_331.traj,576,0.288000,116,6.173311,88,2.426960,0,1,0
F3,YBa2Cu3O7_553_Frenkel3_331.traj,577,0.288500,116,6.171724,88,2.425344,0,1,0
F3,YBa2Cu3O7_553_Frenkel3_331.traj,578,0.289000,116,6.170180,88,2.423711,0,1,0
F3,YBa2Cu3O7_553_Frenkel3_331.traj,579,0.289500,116,6.168612,88,2.422117,0,1,0
F3,YBa2Cu3O7_553_Frenkel3_331.traj,580,0.290000,116,6.167016,88,2.420538,0,1,0
F3,YBa2Cu3O7_553_Frenkel3_331.traj,581,0.290500,116,6.165386,88,2.418983,0,1,0
F3,YBa2Cu3O7_553_Frenkel3_331.traj,582,0.291000,116,6.163693,88,2.417395,0,1,0
F3,YBa2Cu3O7_553_Frenkel3_331.traj,583,0.291500,116,6.161969,88,2.415760,0,1,0
F3,YBa2Cu3O7_553_Frenkel3_331.traj,584,0.292000,116,6.160242,88,2.414089,0,1,0
F3,YBa2Cu3O7_553_Frenkel3_331.traj,585,0.292500,116,6.158463,88,2.412410,0,1,0
F3,YBa2Cu3O7_553_Frenkel3_331.traj,586,0.293000,116,6.156635,88,2.410702,0,1,0
F3,YBa2Cu3O7_553_Frenkel3_331.traj,587,0.293500,116,6.154744,88,2.409018,0,1,0
F3,YBa2Cu3O7_553_Frenkel3_331.traj,588,0.294000,116,6.152828,88,2.407412,0,1,0
F3,YBa2Cu3O7_553_Frenkel3_331.traj,589,0.294500,116,6.150831,88,2.405841,0,1,0
F3,YBa2Cu3O7_553_Frenkel3_331.traj,590,0.295000,116,6.148810,88,2.404174,0,1,0
F3,YBa2Cu3O7_553_Frenkel3_331.traj,591,0.295500,116,6.146792,88,2.402480,0,1,0
F3,YBa2Cu3O7_553_Frenkel3_331.traj,592,0.296000,116,6.144730,88,2.400815,0,1,0
F3,YBa2Cu3O7_553_Frenkel3_331.traj,593,0.296500,116,6.142590,88,2.399153,0,1,0
F3,YBa2Cu3O7_553_Frenkel3_331.traj,594,0.297000,116,6.140379,88,2.397460,0,1,0
F3,YBa2Cu3O7_553_Frenkel3_331.traj,595,0.297500,116,6.138154,88,2.395757,0,1,0
F3,YBa2Cu3O7_553_Frenkel3_331.traj,596,0.298000,116,6.135886,88,2.394044,0,1,0
F3,YBa2Cu3O7_553_Frenkel3_331.traj,597,0.298500,116,6.133615,88,2.392277,0,1,0
F3,YBa2Cu3O7_553_Frenkel3_331.traj,598,0.299000,116,6.131326,88,2.390496,0,1,0
F3,YBa2Cu3O7_553_Frenkel3_331.traj,599,0.299500,116,6.129035,88,2.388692,0,1,0
F3,YBa2Cu3O7_553_Frenkel3_331.traj,600,0.300000,116,6.126715,88,2.386862,0,1,0
F3,YBa2Cu3O7_553_Frenkel3_331.traj,601,0.300500,116,6.124355,88,2.385036,0,1,0
F3,YBa2Cu3O7_553_Frenkel3_331.traj,602,0.301000,116,6.121960,88,2.383259,0,1,0
F3,YBa2Cu3O7_553_Frenkel3_331.traj,603,0.301500,116,6.119561,88,2.381538,0,1,0
F3,YBa2Cu3O7_553_Frenkel3_331.traj,604,0.302000,116,6.117128,88,2.379804,0,1,0
F3,YBa2Cu3O7_553_Frenkel3_331.traj,605,0.302500,116,6.114599,88,2.378023,0,1,0
F3,YBa2Cu3O7_553_Frenkel3_331.traj,606,0.303000,116,6.112059,88,2.376198,0,1,0
F3,YBa2Cu3O7_553_Frenkel3_331.traj,607,0.303500,116,6.109532,88,2.374320,0,1,0
F3,YBa2Cu3O7_553_Frenkel3_331.traj,608,0.304000,116,6.106984,88,2.372420,0,1,0
F3,YBa2Cu3O7_553_Frenkel3_331.traj,609,0.304500,116,6.104393,88,2.370504,0,1,0
F3,YBa2Cu3O7_553_Frenkel3_331.traj,610,0.305000,116,6.101757,88,2.368494,0,1,0
F3,YBa2Cu3O7_553_Frenkel3_331.traj,611,0.305500,116,6.099083,88,2.366517,0,1,0
F3,YBa2Cu3O7_553_Frenkel3_331.traj,612,0.306000,116,6.096360,88,2.364564,0,1,0
F3,YBa2Cu3O7_553_Frenkel3_331.traj,613,0.306500,116,6.093608,88,2.362670,0,1,0
F3,YBa2Cu3O7_553_Frenkel3_331.traj,614,0.307000,116,6.090883,88,2.360734,0,1,0
F3,YBa2Cu3O7_553_Frenkel3_331.traj,615,0.307500,116,6.088105,88,2.358749,0,1,0
F3,YBa2Cu3O7_553_Frenkel3_331.traj,616,0.308000,116,6.085224,88,2.356742,0,1,0
F3,YBa2Cu3O7_553_Frenkel3_331.traj,617,0.308500,116,6.082289,88,2.354773,0,1,0
F3,YBa2Cu3O7_553_Frenkel3_331.traj,618,0.309000,116,6.079285,88,2.352800,0,1,0
F3,YBa2Cu3O7_553_Frenkel3_331.traj,619,0.309500,116,6.076269,88,2.350796,0,1,0
F3,YBa2Cu3O7_553_Frenkel3_331.traj,620,0.310000,116,6.073275,88,2.348769,0,1,0
F3,YBa2Cu3O7_553_Frenkel3_331.traj,621,0.310500,116,6.070267,88,2.346751,0,1,0
F3,YBa2Cu3O7_553_Frenkel3_331.traj,622,0.311000,116,6.067213,88,2.344771,0,1,0
F3,YBa2Cu3O7_553_Frenkel3_331.traj,623,0.311500,116,6.064122,88,2.342829,0,1,0
F3,YBa2Cu3O7_553_Frenkel3_331.traj,624,0.312000,116,6.061015,88,2.340903,0,1,0
F3,YBa2Cu3O7_553_Frenkel3_331.traj,625,0.312500,116,6.057870,88,2.339034,0,1,0
F3,YBa2Cu3O7_553_Frenkel3_331.traj,626,0.313000,116,6.054729,88,2.337177,0,1,0
F3,YBa2Cu3O7_553_Frenkel3_331.traj,627,0.313500,116,6.051533,88,2.335330,0,1,0
F3,YBa2Cu3O7_553_Frenkel3_331.traj,628,0.314000,116,6.048324,88,2.333523,0,1,0
F3,YBa2Cu3O7_553_Frenkel3_331.traj,629,0.314500,116,6.045033,88,2.331745,0,1,0
F3,YBa2Cu3O7_553_Frenkel3_331.traj,630,0.315000,116,6.041756,88,2.330002,0,1,0
F3,YBa2Cu3O7_553_Frenkel3_331.traj,631,0.315500,116,6.038437,88,2.328282,0,1,0
F3,YBa2Cu3O7_553_Frenkel3_331.traj,632,0.316000,116,6.035106,88,2.326518,0,1,0
F3,YBa2Cu3O7_553_Frenkel3_331.traj,633,0.316500,116,6.031748,88,2.324748,0,1,0
F3,YBa2Cu3O7_553_Frenkel3_331.traj,634,0.317000,116,6.028326,88,2.323020,0,1,0
F3,YBa2Cu3O7_553_Frenkel3_331.traj,635,0.317500,116,6.024873,88,2.321340,0,1,0
F3,YBa2Cu3O7_553_Frenkel3_331.traj,636,0.318000,116,6.021425,88,2.319695,0,1,0
F3,YBa2Cu3O7_553_Frenkel3_331.traj,637,0.318500,116,6.017948,88,2.318136,0,1,0
F3,YBa2Cu3O7_553_Frenkel3_331.traj,638,0.319000,116,6.014480,88,2.316612,0,1,0
F3,YBa2Cu3O7_553_Frenkel3_331.traj,639,0.319500,116,6.010985,88,2.315018,0,1,0
F3,YBa2Cu3O7_553_Frenkel3_331.traj,640,0.320000,116,6.007475,88,2.313509,0,1,0
F3,YBa2Cu3O7_553_Frenkel3_331.traj,641,0.320500,116,6.003874,88,2.312010,0,1,0
F3,YBa2Cu3O7_553_Frenkel3_331.traj,642,0.321000,116,6.000220,88,2.310513,0,1,0
F3,YBa2Cu3O7_553_Frenkel3_331.traj,643,0.321500,116,5.996562,88,2.309086,0,1,0
F3,YBa2Cu3O7_553_Frenkel3_331.traj,644,0.322000,116,5.992881,88,2.307629,0,1,0
F3,YBa2Cu3O7_553_Frenkel3_331.traj,645,0.322500,116,5.989212,88,2.306206,0,1,0
F3,YBa2Cu3O7_553_Frenkel3_331.traj,646,0.323000,116,5.985569,88,2.304867,0,1,0
F3,YBa2Cu3O7_553_Frenkel3_331.traj,647,0.323500,116,5.981908,88,2.303615,0,1,0
F3,YBa2Cu3O7_553_Frenkel3_331.traj,648,0.324000,116,5.978288,88,2.302439,0,1,0
F3,YBa2Cu3O7_553_Frenkel3_331.traj,649,0.324500,116,5.974738,88,2.301275,0,1,0
F3,YBa2Cu3O7_553_Frenkel3_331.traj,650,0.325000,116,5.971193,88,2.300195,0,1,0
F3,YBa2Cu3O7_553_Frenkel3_331.traj,651,0.325500,116,5.967635,88,2.299260,0,1,0
F3,YBa2Cu3O7_553_Frenkel3_331.traj,652,0.326000,116,5.964146,88,2.298416,0,1,0
F3,YBa2Cu3O7_553_Frenkel3_331.traj,653,0.326500,116,5.960641,88,2.297604,0,1,0
F3,YBa2Cu3O7_553_Frenkel3_331.traj,654,0.327000,116,5.957132,88,2.296846,0,1,0
F3,YBa2Cu3O7_553_Frenkel3_331.traj,655,0.327500,116,5.953726,88,2.296132,0,1,0
F3,YBa2Cu3O7_553_Frenkel3_331.traj,656,0.328000,116,5.950389,88,2.295461,0,1,0
F3,YBa2Cu3O7_553_Frenkel3_331.traj,657,0.328500,116,5.947067,88,2.294799,0,1,0
F3,YBa2Cu3O7_553_Frenkel3_331.traj,658,0.329000,116,5.943792,88,2.294218,0,1,0
F3,YBa2Cu3O7_553_Frenkel3_331.traj,659,0.329500,116,5.940583,88,2.293747,0,1,0
F3,YBa2Cu3O7_553_Frenkel3_331.traj,660,0.330000,116,5.937351,88,2.293381,0,1,0
F3,YBa2Cu3O7_553_Frenkel3_331.traj,661,0.330500,116,5.934094,88,2.293124,0,1,0
F3,YBa2Cu3O7_553_Frenkel3_331.traj,662,0.331000,116,5.930862,88,2.292924,0,1,0
F3,YBa2Cu3O7_553_Frenkel3_331.traj,663,0.331500,116,5.927712,88,2.292717,0,1,0
F3,YBa2Cu3O7_553_Frenkel3_331.traj,664,0.332000,116,5.924607,88,2.292557,0,1,0
F3,YBa2Cu3O7_553_Frenkel3_331.traj,665,0.332500,116,5.921415,88,2.292471,0,1,0
F3,YBa2Cu3O7_553_Frenkel3_331.traj,666,0.333000,116,5.918186,88,2.292429,0,1,0
F3,YBa2Cu3O7_553_Frenkel3_331.traj,667,0.333500,116,5.914969,88,2.292413,0,1,0
F3,YBa2Cu3O7_553_Frenkel3_331.traj,668,0.334000,116,5.911755,88,2.292408,0,1,0
F3,YBa2Cu3O7_553_Frenkel3_331.traj,669,0.334500,116,5.908587,88,2.292529,0,1,0
F3,YBa2Cu3O7_553_Frenkel3_331.traj,670,0.335000,116,5.905456,88,2.292790,0,1,0
F3,YBa2Cu3O7_553_Frenkel3_331.traj,671,0.335500,116,5.902390,88,2.293150,0,1,0
F3,YBa2Cu3O7_553_Frenkel3_331.traj,672,0.336000,116,5.899371,88,2.293528,0,1,0
F3,YBa2Cu3O7_553_Frenkel3_331.traj,673,0.336500,116,5.896370,88,2.293872,0,1,0
F3,YBa2Cu3O7_553_Frenkel3_331.traj,674,0.337000,116,5.893345,88,2.294194,0,1,0
F3,YBa2Cu3O7_553_Frenkel3_331.traj,675,0.337500,116,5.890373,88,2.294545,0,1,0
F3,YBa2Cu3O7_553_Frenkel3_331.traj,676,0.338000,116,5.887426,88,2.294954,0,1,0
F3,YBa2Cu3O7_553_Frenkel3_331.traj,677,0.338500,116,5.884569,88,2.295470,0,1,0
F3,YBa2Cu3O7_553_Frenkel3_331.traj,678,0.339000,116,5.881775,88,2.296110,0,1,0
F3,YBa2Cu3O7_553_Frenkel3_331.traj,679,0.339500,116,5.879020,88,2.296772,0,1,0
F3,YBa2Cu3O7_553_Frenkel3_331.traj,680,0.340000,116,5.876308,88,2.297457,0,1,0
F3,YBa2Cu3O7_553_Frenkel3_331.traj,681,0.340500,116,5.873644,88,2.298166,0,1,0
F3,YBa2Cu3O7_553_Frenkel3_331.traj,682,0.341000,116,5.871087,88,2.298905,0,1,0
F3,YBa2Cu3O7_553_Frenkel3_331.traj,683,0.341500,116,5.868611,88,2.299648,0,1,0
F3,YBa2Cu3O7_553_Frenkel3_331.traj,684,0.342000,116,5.866242,88,2.300416,0,1,0
F3,YBa2Cu3O7_553_Frenkel3_331.traj,685,0.342500,116,5.863987,88,2.301199,0,1,0
F3,YBa2Cu3O7_553_Frenkel3_331.traj,686,0.343000,116,5.861812,88,2.302016,0,1,0
F3,YBa2Cu3O7_553_Frenkel3_331.traj,687,0.343500,116,5.859708,88,2.302927,0,1,0
F3,YBa2Cu3O7_553_Frenkel3_331.traj,688,0.344000,116,5.857744,88,2.303978,0,1,0
F3,YBa2Cu3O7_553_Frenkel3_331.traj,689,0.344500,116,5.855806,88,2.305018,0,1,0
F3,YBa2Cu3O7_553_Frenkel3_331.traj,690,0.345000,116,5.853886,88,2.306065,0,1,0
F3,YBa2Cu3O7_553_Frenkel3_331.traj,691,0.345500,116,5.852068,88,2.307168,0,1,0
F3,YBa2Cu3O7_553_Frenkel3_331.traj,692,0.346000,116,5.850305,88,2.308356,0,1,0
F3,YBa2Cu3O7_553_Frenkel3_331.traj,693,0.346500,116,5.848667,88,2.309618,0,1,0
F3,YBa2Cu3O7_553_Frenkel3_331.traj,694,0.347000,116,5.847130,88,2.310952,0,1,0
F3,YBa2Cu3O7_553_Frenkel3_331.traj,695,0.347500,116,5.845665,88,2.312357,0,1,0
F3,YBa2Cu3O7_553_Frenkel3_331.traj,696,0.348000,116,5.844275,88,2.313783,0,1,0
F3,YBa2Cu3O7_553_Frenkel3_331.traj,697,0.348500,116,5.843061,88,2.315240,0,1,0
F3,YBa2Cu3O7_553_Frenkel3_331.traj,698,0.349000,116,5.841985,88,2.316805,0,1,0
F3,YBa2Cu3O7_553_Frenkel3_331.traj,699,0.349500,116,5.841040,88,2.318427,0,1,0
F3,YBa2Cu3O7_553_Frenkel3_331.traj,700,0.350000,116,5.840253,88,2.320030,0,1,0
F3,YBa2Cu3O7_553_Frenkel3_331.traj,701,0.350500,116,5.839583,88,2.321648,0,1,0
F3,YBa2Cu3O7_553_Frenkel3_331.traj,702,0.351000,116,5.838994,88,2.323288,0,1,0
F3,YBa2Cu3O7_553_Frenkel3_331.traj,703,0.351500,116,5.838513,88,2.325026,0,1,0
F3,YBa2Cu3O7_553_Frenkel3_331.traj,704,0.352000,116,5.838057,88,2.326901,0,1,0
F3,YBa2Cu3O7_553_Frenkel3_331.traj,705,0.352500,116,5.837617,88,2.328830,0,1,0
F3,YBa2Cu3O7_553_Frenkel3_331.traj,706,0.353000,116,5.837301,88,2.330838,0,1,0
F3,YBa2Cu3O7_553_Frenkel3_331.traj,707,0.353500,116,5.837048,88,2.332884,0,1,0
F3,YBa2Cu3O7_553_Frenkel3_331.traj,708,0.354000,116,5.836816,88,2.334914,0,1,0
F3,YBa2Cu3O7_553_Frenkel3_331.traj,709,0.354500,116,5.836582,88,2.336992,0,1,0
F3,YBa2Cu3O7_553_Frenkel3_331.traj,710,0.355000,116,5.836440,88,2.339109,0,1,0
F3,YBa2Cu3O7_553_Frenkel3_331.traj,711,0.355500,116,5.836376,88,2.341287,0,1,0
F3,YBa2Cu3O7_553_Frenkel3_331.traj,712,0.356000,116,5.836356,88,2.343521,0,1,0
F3,YBa2Cu3O7_553_Frenkel3_331.traj,713,0.356500,116,5.836344,88,2.345780,0,1,0
F3,YBa2Cu3O7_553_Frenkel3_331.traj,714,0.357000,116,5.836387,88,2.348139,0,1,0
F3,YBa2Cu3O7_553_Frenkel3_331.traj,715,0.357500,116,5.836496,88,2.350597,0,1,0
F3,YBa2Cu3O7_553_Frenkel3_331.traj,716,0.358000,116,5.836644,88,2.353108,0,1,0
F3,YBa2Cu3O7_553_Frenkel3_331.traj,717,0.358500,116,5.836850,88,2.355610,0,1,0
F3,YBa2Cu3O7_553_Frenkel3_331.traj,718,0.359000,116,5.837063,88,2.358075,0,1,0
F3,YBa2Cu3O7_553_Frenkel3_331.traj,719,0.359500,116,5.837329,88,2.360599,0,1,0
F3,YBa2Cu3O7_553_Frenkel3_331.traj,720,0.360000,116,5.837611,88,2.363186,0,1,0
F3,YBa2Cu3O7_553_Frenkel3_331.traj,721,0.360500,116,5.837909,88,2.365793,0,1,0
F3,YBa2Cu3O7_553_Frenkel3_331.traj,722,0.361000,116,5.838225,88,2.368429,0,1,0
F3,YBa2Cu3O7_553_Frenkel3_331.traj,723,0.361500,116,5.838541,88,2.371113,0,1,0
F3,YBa2Cu3O7_553_Frenkel3_331.traj,724,0.362000,116,5.838901,88,2.373863,0,1,0
F3,YBa2Cu3O7_553_Frenkel3_331.traj,725,0.362500,116,5.839261,88,2.376604,0,1,0
F3,YBa2Cu3O7_553_Frenkel3_331.traj,726,0.363000,116,5.839639,88,2.379365,0,1,0
F3,YBa2Cu3O7_553_Frenkel3_331.traj,727,0.363500,116,5.840079,88,2.382104,0,1,0
F3,YBa2Cu3O7_553_Frenkel3_331.traj,728,0.364000,116,5.840517,88,2.384902,0,1,0
F3,YBa2Cu3O7_553_Frenkel3_331.traj,729,0.364500,116,5.841066,88,2.387758,0,1,0
F3,YBa2Cu3O7_553_Frenkel3_331.traj,730,0.365000,116,5.841652,88,2.390626,0,1,0
F3,YBa2Cu3O7_553_Frenkel3_331.traj,731,0.365500,116,5.842298,88,2.393573,0,1,0
F3,YBa2Cu3O7_553_Frenkel3_331.traj,732,0.366000,116,5.843002,88,2.396554,0,1,0
F3,YBa2Cu3O7_553_Frenkel3_331.traj,733,0.366500,116,5.843761,88,2.399569,0,1,0
F3,YBa2Cu3O7_553_Frenkel3_331.traj,734,0.367000,116,5.844579,88,2.402608,0,1,0
F3,YBa2Cu3O7_553_Frenkel3_331.traj,735,0.367500,116,5.845399,88,2.405728,0,1,0
F3,YBa2Cu3O7_553_Frenkel3_331.traj,736,0.368000,116,5.846185,88,2.408934,0,1,0
F3,YBa2Cu3O7_553_Frenkel3_331.traj,737,0.368500,116,5.846980,88,2.412189,0,1,0
F3,YBa2Cu3O7_553_Frenkel3_331.traj,738,0.369000,116,5.847795,88,2.415476,0,1,0
F3,YBa2Cu3O7_553_Frenkel3_331.traj,739,0.369500,116,5.848599,88,2.418741,0,1,0
F3,YBa2Cu3O7_553_Frenkel3_331.traj,740,0.370000,116,5.849424,88,2.422048,0,1,0
F3,YBa2Cu3O7_553_Frenkel3_331.traj,741,0.370500,116,5.850252,88,2.425313,0,1,0
F3,YBa2Cu3O7_553_Frenkel3_331.traj,742,0.371000,116,5.851089,88,2.428582,0,1,0
F3,YBa2Cu3O7_553_Frenkel3_331.traj,743,0.371500,116,5.851920,88,2.431897,0,1,0
F3,YBa2Cu3O7_553_Frenkel3_331.traj,744,0.372000,116,5.852769,88,2.435234,0,1,0
F3,YBa2Cu3O7_553_Frenkel3_331.traj,745,0.372500,116,5.853704,88,2.438615,0,1,0
F3,YBa2Cu3O7_553_Frenkel3_331.traj,746,0.373000,116,5.854667,88,2.442021,0,1,0
F3,YBa2Cu3O7_553_Frenkel3_331.traj,747,0.373500,116,5.855612,88,2.445469,0,1,0
F3,YBa2Cu3O7_553_Frenkel3_331.traj,748,0.374000,116,5.856579,88,2.448943,0,1,0
F3,YBa2Cu3O7_553_Frenkel3_331.traj,749,0.374500,116,5.857539,88,2.452382,0,1,0
F3,YBa2Cu3O7_553_Frenkel3_331.traj,750,0.375000,116,5.858480,88,2.455855,0,1,0
F3,YBa2Cu3O7_553_Frenkel3_331.traj,751,0.375500,116,5.859493,88,2.459339,0,1,0
F3,YBa2Cu3O7_553_Frenkel3_331.traj,752,0.376000,116,5.860538,88,2.462825,0,1,0
F3,YBa2Cu3O7_553_Frenkel3_331.traj,753,0.376500,116,5.861556,88,2.466273,0,1,0
F3,YBa2Cu3O7_553_Frenkel3_331.traj,754,0.377000,116,5.862598,88,2.469650,0,1,0
F3,YBa2Cu3O7_553_Frenkel3_331.traj,755,0.377500,116,5.863670,88,2.472966,0,1,0
F3,YBa2Cu3O7_553_Frenkel3_331.traj,756,0.378000,116,5.864701,88,2.476286,0,1,0
F3,YBa2Cu3O7_553_Frenkel3_331.traj,757,0.378500,116,5.865729,88,2.479531,0,1,0
F3,YBa2Cu3O7_553_Frenkel3_331.traj,758,0.379000,116,5.866800,88,2.482692,0,1,0
F3,YBa2Cu3O7_553_Frenkel3_331.traj,759,0.379500,116,5.867862,88,2.485821,0,1,0
F3,YBa2Cu3O7_553_Frenkel3_331.traj,760,0.380000,116,5.868998,88,2.488973,0,1,0
F3,YBa2Cu3O7_553_Frenkel3_331.traj,761,0.380500,116,5.870178,88,2.492055,0,1,0
F3,YBa2Cu3O7_553_Frenkel3_331.traj,762,0.381000,116,5.871345,88,2.495148,0,1,0
F3,YBa2Cu3O7_553_Frenkel3_331.traj,763,0.381500,116,5.872463,88,2.498200,0,1,0
F3,YBa2Cu3O7_553_Frenkel3_331.traj,764,0.382000,116,5.873572,88,2.501186,0,1,0
F3,YBa2Cu3O7_553_Frenkel3_331.traj,765,0.382500,116,5.874663,88,2.504151,0,1,0
F3,YBa2Cu3O7_553_Frenkel3_331.traj,766,0.383000,116,5.875829,88,2.507019,0,1,0
F3,YBa2Cu3O7_553_Frenkel3_331.traj,767,0.383500,116,5.877022,88,2.509841,0,1,0
F3,YBa2Cu3O7_553_Frenkel3_331.traj,768,0.384000,116,5.878194,88,2.512558,0,1,0
F3,YBa2Cu3O7_553_Frenkel3_331.traj,769,0.384500,116,5.879354,88,2.515242,0,1,0
F3,YBa2Cu3O7_553_Frenkel3_331.traj,770,0.385000,116,5.880525,88,2.517927,0,1,0
F3,YBa2Cu3O7_553_Frenkel3_331.traj,771,0.385500,116,5.881690,88,2.520604,0,1,0
F3,YBa2Cu3O7_553_Frenkel3_331.traj,772,0.386000,116,5.882904,88,2.523220,0,1,0
F3,YBa2Cu3O7_553_Frenkel3_331.traj,773,0.386500,116,5.884114,88,2.525760,0,1,0
F3,YBa2Cu3O7_553_Frenkel3_331.traj,774,0.387000,116,5.885369,88,2.528262,0,1,0
F3,YBa2Cu3O7_553_Frenkel3_331.traj,775,0.387500,116,5.886680,88,2.530696,0,1,0
F3,YBa2Cu3O7_553_Frenkel3_331.traj,776,0.388000,116,5.887995,88,2.533134,0,1,0
F3,YBa2Cu3O7_553_Frenkel3_331.traj,777,0.388500,116,5.889345,88,2.535516,0,1,0
F3,YBa2Cu3O7_553_Frenkel3_331.traj,778,0.389000,116,5.890721,88,2.537835,0,1,0
F3,YBa2Cu3O7_553_Frenkel3_331.traj,779,0.389500,116,5.892136,88,2.540178,0,1,0
F3,YBa2Cu3O7_553_Frenkel3_331.traj,780,0.390000,116,5.893588,88,2.542515,0,1,0
F3,YBa2Cu3O7_553_Frenkel3_331.traj,781,0.390500,116,5.895135,88,2.544872,0,1,0
F3,YBa2Cu3O7_553_Frenkel3_331.traj,782,0.391000,116,5.896695,88,2.547217,0,1,0
F3,YBa2Cu3O7_553_Frenkel3_331.traj,783,0.391500,116,5.898192,88,2.549484,0,1,0
F3,YBa2Cu3O7_553_Frenkel3_331.traj,784,0.392000,116,5.899674,88,2.551638,0,1,0
F3,YBa2Cu3O7_553_Frenkel3_331.traj,785,0.392500,116,5.901177,88,2.553744,0,1,0
F3,YBa2Cu3O7_553_Frenkel3_331.traj,786,0.393000,116,5.902716,88,2.555769,0,1,0
F3,YBa2Cu3O7_553_Frenkel3_331.traj,787,0.393500,116,5.904289,88,2.557712,0,1,0
F3,YBa2Cu3O7_553_Frenkel3_331.traj,788,0.394000,116,5.905928,88,2.559506,0,1,0
F3,YBa2Cu3O7_553_Frenkel3_331.traj,789,0.394500,116,5.907589,88,2.561133,0,1,0
F3,YBa2Cu3O7_553_Frenkel3_331.traj,790,0.395000,116,5.909320,105,2.561194,0,2,0
F3,YBa2Cu3O7_553_Frenkel3_331.traj,791,0.395500,116,5.911115,105,2.558962,0,2,0
F3,YBa2Cu3O7_553_Frenkel3_331.traj,792,0.396000,116,5.912955,105,2.556756,0,2,0
F3,YBa2Cu3O7_553_Frenkel3_331.traj,793,0.396500,116,5.914776,105,2.554525,0,2,0
F3,YBa2Cu3O7_553_Frenkel3_331.traj,794,0.397000,116,5.916648,105,2.552263,0,2,0
F3,YBa2Cu3O7_553_Frenkel3_331.traj,795,0.397500,116,5.918508,105,2.549970,0,2,0
F3,YBa2Cu3O7_553_Frenkel3_331.traj,796,0.398000,116,5.920373,105,2.547692,0,2,0
F3,YBa2Cu3O7_553_Frenkel3_331.traj,797,0.398500,116,5.922221,105,2.545520,0,2,0
F3,YBa2Cu3O7_553_Frenkel3_331.traj,798,0.399000,116,5.924023,105,2.543376,0,2,0
F3,YBa2Cu3O7_553_Frenkel3_331.traj,799,0.399500,116,5.925801,105,2.541240,0,2,0
F3,YBa2Cu3O7_553_Frenkel3_331.traj,800,0.400000,116,5.927587,105,2.539165,0,2,0
F3,YBa2Cu3O7_553_Frenkel3_331.traj,801,0.400500,116,5.929381,105,2.537076,0,2,0
F3,YBa2Cu3O7_553_Frenkel3_331.traj,802,0.401000,116,5.931184,105,2.534999,0,2,0
F3,YBa2Cu3O7_553_Frenkel3_331.traj,803,0.401500,116,5.933025,105,2.532960,0,2,0
F3,YBa2Cu3O7_553_Frenkel3_331.traj,804,0.402000,116,5.934908,105,2.530968,0,2,0
F3,YBa2Cu3O7_553_Frenkel3_331.traj,805,0.402500,116,5.936847,105,2.529025,0,2,0
F3,YBa2Cu3O7_553_Frenkel3_331.traj,806,0.403000,116,5.938829,105,2.527087,0,2,0
F3,YBa2Cu3O7_553_Frenkel3_331.traj,807,0.403500,116,5.940750,105,2.525134,0,2,0
F3,YBa2Cu3O7_553_Frenkel3_331.traj,808,0.404000,116,5.942600,105,2.523173,0,2,0
F3,YBa2Cu3O7_553_Frenkel3_331.traj,809,0.404500,116,5.944423,105,2.521240,0,2,0
F3,YBa2Cu3O7_553_Frenkel3_331.traj,810,0.405000,116,5.946303,105,2.519342,0,2,0
F3,YBa2Cu3O7_553_Frenkel3_331.traj,811,0.405500,116,5.948251,105,2.517521,0,2,0
F3,YBa2Cu3O7_553_Frenkel3_331.traj,812,0.406000,116,5.950166,105,2.515759,0,2,0
F3,YBa2Cu3O7_553_Frenkel3_331.traj,813,0.406500,116,5.952027,105,2.513996,0,2,0
F3,YBa2Cu3O7_553_Frenkel3_331.traj,814,0.407000,116,5.953812,105,2.512273,0,2,0
F3,YBa2Cu3O7_553_Frenkel3_331.traj,815,0.407500,116,5.955504,105,2.510590,0,2,0
F3,YBa2Cu3O7_553_Frenkel3_331.traj,816,0.408000,116,5.957105,105,2.509001,0,2,0
F3,YBa2Cu3O7_553_Frenkel3_331.traj,817,0.408500,116,5.958665,105,2.507470,0,2,0
F3,YBa2Cu3O7_553_Frenkel3_331.traj,818,0.409000,116,5.960281,105,2.506056,0,2,0
F3,YBa2Cu3O7_553_Frenkel3_331.traj,819,0.409500,116,5.961914,105,2.504651,0,2,0
F3,YBa2Cu3O7_553_Frenkel3_331.traj,820,0.410000,116,5.963508,105,2.503237,0,2,0
F3,YBa2Cu3O7_553_Frenkel3_331.traj,821,0.410500,116,5.965092,105,2.501938,0,2,0
F3,YBa2Cu3O7_553_Frenkel3_331.traj,822,0.411000,116,5.966630,105,2.500687,0,2,0
F3,YBa2Cu3O7_553_Frenkel3_331.traj,823,0.411500,116,5.968120,105,2.499518,0,2,0
F3,YBa2Cu3O7_553_Frenkel3_331.traj,824,0.412000,116,5.969544,105,2.498388,0,2,0
F3,YBa2Cu3O7_553_Frenkel3_331.traj,825,0.412500,116,5.970887,105,2.497269,0,2,0
F3,YBa2Cu3O7_553_Frenkel3_331.traj,826,0.413000,116,5.972115,105,2.496211,0,2,0
F3,YBa2Cu3O7_553_Frenkel3_331.traj,827,0.413500,116,5.973309,105,2.495141,0,2,0
F3,YBa2Cu3O7_553_Frenkel3_331.traj,828,0.414000,116,5.974491,105,2.494106,0,2,0
F3,YBa2Cu3O7_553_Frenkel3_331.traj,829,0.414500,116,5.975650,105,2.493082,0,2,0
F3,YBa2Cu3O7_553_Frenkel3_331.traj,830,0.415000,116,5.976793,105,2.492090,0,2,0
F3,YBa2Cu3O7_553_Frenkel3_331.traj,831,0.415500,116,5.977925,105,2.491134,0,2,0
F3,YBa2Cu3O7_553_Frenkel3_331.traj,832,0.416000,116,5.978980,105,2.490171,0,2,0
F3,YBa2Cu3O7_553_Frenkel3_331.traj,833,0.416500,116,5.979935,105,2.489190,0,2,0
F3,YBa2Cu3O7_553_Frenkel3_331.traj,834,0.417000,116,5.980800,105,2.488274,0,2,0
F3,YBa2Cu3O7_553_Frenkel3_331.traj,835,0.417500,116,5.981658,105,2.487416,0,2,0
F3,YBa2Cu3O7_553_Frenkel3_331.traj,836,0.418000,116,5.982489,105,2.486600,0,2,0
F3,YBa2Cu3O7_553_Frenkel3_331.traj,837,0.418500,116,5.983223,105,2.485828,0,2,0
F3,YBa2Cu3O7_553_Frenkel3_331.traj,838,0.419000,116,5.983961,105,2.485070,0,2,0
F3,YBa2Cu3O7_553_Frenkel3_331.traj,839,0.419500,116,5.984708,105,2.484312,0,2,0
F3,YBa2Cu3O7_553_Frenkel3_331.traj,840,0.420000,116,5.985442,105,2.483618,0,2,0
F3,YBa2Cu3O7_553_Frenkel3_331.traj,841,0.420500,116,5.986142,105,2.482919,0,2,0
F3,YBa2Cu3O7_553_Frenkel3_331.traj,842,0.421000,116,5.986798,105,2.482191,0,2,0
F3,YBa2Cu3O7_553_Frenkel3_331.traj,843,0.421500,116,5.987396,105,2.481469,0,2,0
F3,YBa2Cu3O7_553_Frenkel3_331.traj,844,0.422000,116,5.987925,105,2.480769,0,2,0
F3,YBa2Cu3O7_553_Frenkel3_331.traj,845,0.422500,116,5.988371,105,2.480064,0,2,0
F3,YBa2Cu3O7_553_Frenkel3_331.traj,846,0.423000,116,5.988784,105,2.479345,0,2,0
F3,YBa2Cu3O7_553_Frenkel3_331.traj,847,0.423500,116,5.989113,105,2.478660,0,2,0
F3,YBa2Cu3O7_553_Frenkel3_331.traj,848,0.424000,116,5.989508,105,2.478015,0,2,0
F3,YBa2Cu3O7_553_Frenkel3_331.traj,849,0.424500,116,5.989825,105,2.477413,0,2,0
F3,YBa2Cu3O7_553_Frenkel3_331.traj,850,0.425000,116,5.990100,105,2.476860,0,2,0
F3,YBa2Cu3O7_553_Frenkel3_331.traj,851,0.425500,116,5.990389,105,2.476384,0,2,0
F3,YBa2Cu3O7_553_Frenkel3_331.traj,852,0.426000,116,5.990689,105,2.476012,0,2,0
F3,YBa2Cu3O7_553_Frenkel3_331.traj,853,0.426500,116,5.990996,105,2.475671,0,2,0
F3,YBa2Cu3O7_553_Frenkel3_331.traj,854,0.427000,116,5.991266,105,2.475349,0,2,0
F3,YBa2Cu3O7_553_Frenkel3_331.traj,855,0.427500,116,5.991494,105,2.474989,0,2,0
F3,YBa2Cu3O7_553_Frenkel3_331.traj,856,0.428000,116,5.991732,105,2.474637,0,2,0
F3,YBa2Cu3O7_553_Frenkel3_331.traj,857,0.428500,116,5.991986,105,2.474255,0,2,0
F3,YBa2Cu3O7_553_Frenkel3_331.traj,858,0.429000,116,5.992222,105,2.473891,0,2,0
F3,YBa2Cu3O7_553_Frenkel3_331.traj,859,0.429500,116,5.992402,105,2.473569,0,2,0
F3,YBa2Cu3O7_553_Frenkel3_331.traj,860,0.430000,116,5.992600,105,2.473286,0,2,0
F3,YBa2Cu3O7_553_Frenkel3_331.traj,861,0.430500,116,5.992724,105,2.473056,0,2,0
F3,YBa2Cu3O7_553_Frenkel3_331.traj,862,0.431000,116,5.992798,105,2.472875,0,2,0
F3,YBa2Cu3O7_553_Frenkel3_331.traj,863,0.431500,116,5.992897,105,2.472657,0,2,0
F3,YBa2Cu3O7_553_Frenkel3_331.traj,864,0.432000,116,5.992936,105,2.472416,0,2,0
F3,YBa2Cu3O7_553_Frenkel3_331.traj,865,0.432500,116,5.992941,105,2.472231,0,2,0
F3,YBa2Cu3O7_553_Frenkel3_331.traj,866,0.433000,116,5.992980,105,2.472059,0,2,0
F3,YBa2Cu3O7_553_Frenkel3_331.traj,867,0.433500,116,5.993032,105,2.471890,0,2,0
F3,YBa2Cu3O7_553_Frenkel3_331.traj,868,0.434000,116,5.993029,105,2.471731,0,2,0
F3,YBa2Cu3O7_553_Frenkel3_331.traj,869,0.434500,116,5.992991,105,2.471606,0,2,0
F3,YBa2Cu3O7_553_Frenkel3_331.traj,870,0.435000,116,5.992886,105,2.471509,0,2,0
F3,YBa2Cu3O7_553_Frenkel3_331.traj,871,0.435500,116,5.992742,105,2.471421,0,2,0
F3,YBa2Cu3O7_553_Frenkel3_331.traj,872,0.436000,116,5.992603,105,2.471379,0,2,0
F3,YBa2Cu3O7_553_Frenkel3_331.traj,873,0.436500,116,5.992455,105,2.471382,0,2,0
F3,YBa2Cu3O7_553_Frenkel3_331.traj,874,0.437000,116,5.992300,105,2.471371,0,2,0
F3,YBa2Cu3O7_553_Frenkel3_331.traj,875,0.437500,116,5.992148,105,2.471367,0,2,0
F3,YBa2Cu3O7_553_Frenkel3_331.traj,876,0.438000,116,5.991991,105,2.471386,0,2,0
F3,YBa2Cu3O7_553_Frenkel3_331.traj,877,0.438500,116,5.991880,105,2.471332,0,2,0
F3,YBa2Cu3O7_553_Frenkel3_331.traj,878,0.439000,116,5.991765,105,2.471302,0,2,0
F3,YBa2Cu3O7_553_Frenkel3_331.traj,879,0.439500,116,5.991626,105,2.471295,0,2,0
F3,YBa2Cu3O7_553_Frenkel3_331.traj,880,0.440000,116,5.991544,105,2.471352,0,2,0
F3,YBa2Cu3O7_553_Frenkel3_331.traj,881,0.440500,116,5.991454,105,2.471407,0,2,0
F3,YBa2Cu3O7_553_Frenkel3_331.traj,882,0.441000,116,5.991308,105,2.471422,0,2,0
F3,YBa2Cu3O7_553_Frenkel3_331.traj,883,0.441500,116,5.991166,105,2.471393,0,2,0
F3,YBa2Cu3O7_553_Frenkel3_331.traj,884,0.442000,116,5.991048,105,2.471345,0,2,0
F3,YBa2Cu3O7_553_Frenkel3_331.traj,885,0.442500,116,5.990955,88,2.469582,0,1,0
F3,YBa2Cu3O7_553_Frenkel3_331.traj,886,0.443000,116,5.990818,88,2.467192,0,1,0
F3,YBa2Cu3O7_553_Frenkel3_331.traj,887,0.443500,116,5.990625,88,2.464811,0,1,0
F3,YBa2Cu3O7_553_Frenkel3_331.traj,888,0.444000,116,5.990418,88,2.462447,0,1,0
F3,YBa2Cu3O7_553_Frenkel3_331.traj,889,0.444500,116,5.990267,88,2.460074,0,1,0
F3,YBa2Cu3O7_553_Frenkel3_331.traj,890,0.445000,116,5.990065,88,2.457733,0,1,0
F3,YBa2Cu3O7_553_Frenkel3_331.traj,891,0.445500,116,5.989838,88,2.455440,0,1,0
F3,YBa2Cu3O7_553_Frenkel3_331.traj,892,0.446000,116,5.989624,88,2.453106,0,1,0
F3,YBa2Cu3O7_553_Frenkel3_331.traj,893,0.446500,116,5.989405,88,2.450795,0,1,0
F3,YBa2Cu3O7_553_Frenkel3_331.traj,894,0.447000,116,5.989181,88,2.448494,0,1,0
F3,YBa2Cu3O7_553_Frenkel3_331.traj,895,0.447500,116,5.988976,88,2.446230,0,1,0
F3,YBa2Cu3O7_553_Frenkel3_331.traj,896,0.448000,116,5.988827,88,2.444030,0,1,0
F3,YBa2Cu3O7_553_Frenkel3_331.traj,897,0.448500,116,5.988715,88,2.441840,0,1,0
F3,YBa2Cu3O7_553_Frenkel3_331.traj,898,0.449000,116,5.988569,88,2.439669,0,1,0
F3,YBa2Cu3O7_553_Frenkel3_331.traj,899,0.449500,116,5.988364,88,2.437492,0,1,0
F3,YBa2Cu3O7_553_Frenkel3_331.traj,900,0.450000,116,5.988184,88,2.435323,0,1,0
F3,YBa2Cu3O7_553_Frenkel3_331.traj,901,0.450500,116,5.988045,88,2.433175,0,1,0
F3,YBa2Cu3O7_553_Frenkel3_331.traj,902,0.451000,116,5.987883,88,2.431123,0,1,0
F3,YBa2Cu3O7_553_Frenkel3_331.traj,903,0.451500,116,5.987723,88,2.429103,0,1,0
F3,YBa2Cu3O7_553_Frenkel3_331.traj,904,0.452000,116,5.987579,88,2.427063,0,1,0
F3,YBa2Cu3O7_553_Frenkel3_331.traj,905,0.452500,116,5.987426,88,2.425047,0,1,0
F3,YBa2Cu3O7_553_Frenkel3_331.traj,906,0.453000,116,5.987284,88,2.423063,0,1,0
F3,YBa2Cu3O7_553_Frenkel3_331.traj,907,0.453500,116,5.987206,88,2.421100,0,1,0
F3,YBa2Cu3O7_553_Frenkel3_331.traj,908,0.454000,116,5.987184,88,2.419172,0,1,0
F3,YBa2Cu3O7_553_Frenkel3_331.traj,909,0.454500,116,5.987154,88,2.417273,0,1,0
F3,YBa2Cu3O7_553_Frenkel3_331.traj,910,0.455000,116,5.987118,88,2.415498,0,1,0
F3,YBa2Cu3O7_553_Frenkel3_331.traj,911,0.455500,116,5.987093,88,2.413787,0,1,0
F3,YBa2Cu3O7_553_Frenkel3_331.traj,912,0.456000,116,5.987077,88,2.412086,0,1,0
F3,YBa2Cu3O7_553_Frenkel3_331.traj,913,0.456500,116,5.986991,88,2.410455,0,1,0
F3,YBa2Cu3O7_553_Frenkel3_331.traj,914,0.457000,116,5.986871,88,2.408902,0,1,0
F3,YBa2Cu3O7_553_Frenkel3_331.traj,915,0.457500,116,5.986700,88,2.407429,0,1,0
F3,YBa2Cu3O7_553_Frenkel3_331.traj,916,0.458000,116,5.986554,88,2.406007,0,1,0
F3,YBa2Cu3O7_553_Frenkel3_331.traj,917,0.458500,116,5.986397,88,2.404655,0,1,0
F3,YBa2Cu3O7_553_Frenkel3_331.traj,918,0.459000,116,5.986220,88,2.403378,0,1,0
F3,YBa2Cu3O7_553_Frenkel3_331.traj,919,0.459500,116,5.986039,88,2.402196,0,1,0
F3,YBa2Cu3O7_553_Frenkel3_331.traj,920,0.460000,116,5.985842,88,2.401099,0,1,0
F3,YBa2Cu3O7_553_Frenkel3_331.traj,921,0.460500,116,5.985670,88,2.400050,0,1,0
F3,YBa2Cu3O7_553_Frenkel3_331.traj,922,0.461000,116,5.985482,88,2.399034,0,1,0
F3,YBa2Cu3O7_553_Frenkel3_331.traj,923,0.461500,116,5.985288,88,2.398044,0,1,0
F3,YBa2Cu3O7_553_Frenkel3_331.traj,924,0.462000,116,5.985113,88,2.397116,0,1,0
F3,YBa2Cu3O7_553_Frenkel3_331.traj,925,0.462500,116,5.984920,88,2.396264,0,1,0
F3,YBa2Cu3O7_553_Frenkel3_331.traj,926,0.463000,116,5.984742,88,2.395469,0,1,0
F3,YBa2Cu3O7_553_Frenkel3_331.traj,927,0.463500,116,5.984557,88,2.394707,0,1,0
F3,YBa2Cu3O7_553_Frenkel3_331.traj,928,0.464000,116,5.984355,88,2.393986,0,1,0
F3,YBa2Cu3O7_553_Frenkel3_331.traj,929,0.464500,116,5.984160,88,2.393293,0,1,0
F3,YBa2Cu3O7_553_Frenkel3_331.traj,930,0.465000,116,5.983985,88,2.392694,0,1,0
F3,YBa2Cu3O7_553_Frenkel3_331.traj,931,0.465500,116,5.983830,88,2.392191,0,1,0
F3,YBa2Cu3O7_553_Frenkel3_331.traj,932,0.466000,116,5.983625,88,2.391804,0,1,0
F3,YBa2Cu3O7_553_Frenkel3_331.traj,933,0.466500,116,5.983364,88,2.391512,0,1,0
F3,YBa2Cu3O7_553_Frenkel3_331.traj,934,0.467000,116,5.983064,88,2.391262,0,1,0
F3,YBa2Cu3O7_553_Frenkel3_331.traj,935,0.467500,116,5.982755,88,2.391020,0,1,0
F3,YBa2Cu3O7_553_Frenkel3_331.traj,936,0.468000,116,5.982452,88,2.390828,0,1,0
F3,YBa2Cu3O7_553_Frenkel3_331.traj,937,0.468500,116,5.982129,88,2.390641,0,1,0
F3,YBa2Cu3O7_553_Frenkel3_331.traj,938,0.469000,116,5.981775,88,2.390555,0,1,0
F3,YBa2Cu3O7_553_Frenkel3_331.traj,939,0.469500,116,5.981388,88,2.390527,0,1,0
F3,YBa2Cu3O7_553_Frenkel3_331.traj,940,0.470000,116,5.980977,88,2.390578,0,1,0
F3,YBa2Cu3O7_553_Frenkel3_331.traj,941,0.470500,116,5.980498,88,2.390742,0,1,0
F3,YBa2Cu3O7_553_Frenkel3_331.traj,942,0.471000,116,5.980022,88,2.390968,0,1,0
F3,YBa2Cu3O7_553_Frenkel3_331.traj,943,0.471500,116,5.979529,88,2.391316,0,1,0
F3,YBa2Cu3O7_553_Frenkel3_331.traj,944,0.472000,116,5.979022,88,2.391745,0,1,0
F3,YBa2Cu3O7_553_Frenkel3_331.traj,945,0.472500,116,5.978408,88,2.392298,0,1,0
F3,YBa2Cu3O7_553_Frenkel3_331.traj,946,0.473000,116,5.977800,88,2.392886,0,1,0
F3,YBa2Cu3O7_553_Frenkel3_331.traj,947,0.473500,116,5.977189,88,2.393540,0,1,0
F3,YBa2Cu3O7_553_Frenkel3_331.traj,948,0.474000,116,5.976626,88,2.394207,0,1,0
F3,YBa2Cu3O7_553_Frenkel3_331.traj,949,0.474500,116,5.976104,88,2.394891,0,1,0
F3,YBa2Cu3O7_553_Frenkel3_331.traj,950,0.475000,116,5.975563,88,2.395561,0,1,0
F3,YBa2Cu3O7_553_Frenkel3_331.traj,951,0.475500,116,5.975067,88,2.396255,0,1,0
F3,YBa2Cu3O7_553_Frenkel3_331.traj,952,0.476000,116,5.974572,88,2.397057,0,1,0
F3,YBa2Cu3O7_553_Frenkel3_331.traj,953,0.476500,116,5.974024,88,2.397945,0,1,0
F3,YBa2Cu3O7_553_Frenkel3_331.traj,954,0.477000,116,5.973427,88,2.398865,0,1,0
F3,YBa2Cu3O7_553_Frenkel3_331.traj,955,0.477500,116,5.972781,88,2.399813,0,1,0
F3,YBa2Cu3O7_553_Frenkel3_331.traj,956,0.478000,116,5.972068,88,2.400831,0,1,0
F3,YBa2Cu3O7_553_Frenkel3_331.traj,957,0.478500,116,5.971308,88,2.401883,0,1,0
F3,YBa2Cu3O7_553_Frenkel3_331.traj,958,0.479000,116,5.970502,88,2.402989,0,1,0
F3,YBa2Cu3O7_553_Frenkel3_331.traj,959,0.479500,116,5.969745,88,2.404216,0,1,0
F3,YBa2Cu3O7_553_Frenkel3_331.traj,960,0.480000,116,5.968961,88,2.405539,0,1,0
F3,YBa2Cu3O7_553_Frenkel3_331.traj,961,0.480500,116,5.968093,88,2.406935,0,1,0
F3,YBa2Cu3O7_553_Frenkel3_331.traj,962,0.481000,116,5.967203,88,2.408370,0,1,0
F3,YBa2Cu3O7_553_Frenkel3_331.traj,963,0.481500,116,5.966239,88,2.409896,0,1,0
F3,YBa2Cu3O7_553_Frenkel3_331.traj,964,0.482000,116,5.965213,88,2.411491,0,1,0
F3,YBa2Cu3O7_553_Frenkel3_331.traj,965,0.482500,116,5.964171,88,2.413144,0,1,0
F3,YBa2Cu3O7_553_Frenkel3_331.traj,966,0.483000,116,5.963080,88,2.414837,0,1,0
F3,YBa2Cu3O7_553_Frenkel3_331.traj,967,0.483500,116,5.961967,88,2.416553,0,1,0
F3,YBa2Cu3O7_553_Frenkel3_331.traj,968,0.484000,116,5.960858,88,2.418290,0,1,0
F3,YBa2Cu3O7_553_Frenkel3_331.traj,969,0.484500,116,5.959688,88,2.420019,0,1,0
F3,YBa2Cu3O7_553_Frenkel3_331.traj,970,0.485000,116,5.958517,88,2.421746,0,1,0
F3,YBa2Cu3O7_553_Frenkel3_331.traj,971,0.485500,116,5.957348,88,2.423516,0,1,0
F3,YBa2Cu3O7_553_Frenkel3_331.traj,972,0.486000,116,5.956191,88,2.425291,0,1,0
F3,YBa2Cu3O7_553_Frenkel3_331.traj,973,0.486500,116,5.954969,88,2.427176,0,1,0
F3,YBa2Cu3O7_553_Frenkel3_331.traj,974,0.487000,116,5.953698,88,2.429078,0,1,0
F3,YBa2Cu3O7_553_Frenkel3_331.traj,975,0.487500,116,5.952457,88,2.431010,0,1,0
F3,YBa2Cu3O7_553_Frenkel3_331.traj,976,0.488000,116,5.951235,88,2.432959,0,1,0
F3,YBa2Cu3O7_553_Frenkel3_331.traj,977,0.488500,116,5.950024,88,2.434886,0,1,0
F3,YBa2Cu3O7_553_Frenkel3_331.traj,978,0.489000,116,5.948839,88,2.436818,0,1,0
F3,YBa2Cu3O7_553_Frenkel3_331.traj,979,0.489500,116,5.947617,88,2.438814,0,1,0
F3,YBa2Cu3O7_553_Frenkel3_331.traj,980,0.490000,116,5.946413,88,2.440833,0,1,0
F3,YBa2Cu3O7_553_Frenkel3_331.traj,981,0.490500,116,5.945187,88,2.442842,0,1,0
F3,YBa2Cu3O7_553_Frenkel3_331.traj,982,0.491000,116,5.943978,88,2.444881,0,1,0
F3,YBa2Cu3O7_553_Frenkel3_331.traj,983,0.491500,116,5.942771,88,2.446937,0,1,0
F3,YBa2Cu3O7_553_Frenkel3_331.traj,984,0.492000,116,5.941558,88,2.449018,0,1,0
F3,YBa2Cu3O7_553_Frenkel3_331.traj,985,0.492500,116,5.940253,88,2.451135,0,1,0
F3,YBa2Cu3O7_553_Frenkel3_331.traj,986,0.493000,116,5.938929,88,2.453273,0,1,0
F3,YBa2Cu3O7_553_Frenkel3_331.traj,987,0.493500,116,5.937619,88,2.455412,0,1,0
F3,YBa2Cu3O7_553_Frenkel3_331.traj,988,0.494000,116,5.936349,88,2.457547,0,1,0
F3,YBa2Cu3O7_553_Frenkel3_331.traj,989,0.494500,116,5.935098,88,2.459716,0,1,0
F3,YBa2Cu3O7_553_Frenkel3_331.traj,990,0.495000,116,5.933832,88,2.461954,0,1,0
F3,YBa2Cu3O7_553_Frenkel3_331.traj,991,0.495500,116,5.932504,88,2.464126,0,1,0
F3,YBa2Cu3O7_553_Frenkel3_331.traj,992,0.496000,116,5.931209,88,2.466248,0,1,0
F3,YBa2Cu3O7_553_Frenkel3_331.traj,993,0.496500,116,5.929958,88,2.468350,0,1,0
F3,YBa2Cu3O7_553_Frenkel3_331.traj,994,0.497000,116,5.928720,88,2.470454,0,1,0
F3,YBa2Cu3O7_553_Frenkel3_331.traj,995,0.497500,116,5.927477,88,2.472613,0,1,0
F3,YBa2Cu3O7_553_Frenkel3_331.traj,996,0.498000,116,5.926243,88,2.474782,0,1,0
F3,YBa2Cu3O7_553_Frenkel3_331.traj,997,0.498500,116,5.925086,88,2.476913,0,1,0
F3,YBa2Cu3O7_553_Frenkel3_331.traj,998,0.499000,116,5.923953,88,2.479068,0,1,0
F3,YBa2Cu3O7_553_Frenkel3_331.traj,999,0.499500,116,5.922771,88,2.481264,0,1,0
F3,YBa2Cu3O7_553_Frenkel3_331.traj,1000,0.500000,116,5.921605,88,2.483412,0,1,0
F3,YBa2Cu3O7_553_Frenkel3_331.traj,1001,0.500500,116,5.920502,88,2.485489,0,1,0
F3,YBa2Cu3O7_553_Frenkel3_331.traj,1002,0.501000,116,5.919414,88,2.487507,0,1,0
F3,YBa2Cu3O7_553_Frenkel3_331.traj,1003,0.501500,116,5.918328,88,2.489553,0,1,0
F3,YBa2Cu3O7_553_Frenkel3_331.traj,1004,0.502000,116,5.917221,88,2.491562,0,1,0
F3,YBa2Cu3O7_553_Frenkel3_331.traj,1005,0.502500,116,5.916047,88,2.493591,0,1,0
F3,YBa2Cu3O7_553_Frenkel3_331.traj,1006,0.503000,116,5.914905,88,2.495620,0,1,0
F3,YBa2Cu3O7_553_Frenkel3_331.traj,1007,0.503500,116,5.913806,88,2.497703,0,1,0
F3,YBa2Cu3O7_553_Frenkel3_331.traj,1008,0.504000,116,5.912726,88,2.499781,0,1,0
F3,YBa2Cu3O7_553_Frenkel3_331.traj,1009,0.504500,116,5.911649,88,2.501760,0,1,0
F3,YBa2Cu3O7_553_Frenkel3_331.traj,1010,0.505000,116,5.910589,88,2.503712,0,1,0
F3,YBa2Cu3O7_553_Frenkel3_331.traj,1011,0.505500,116,5.909489,88,2.505650,0,1,0
F3,YBa2Cu3O7_553_Frenkel3_331.traj,1012,0.506000,116,5.908352,88,2.507503,0,1,0
F3,YBa2Cu3O7_553_Frenkel3_331.traj,1013,0.506500,116,5.907200,88,2.509310,0,1,0
F3,YBa2Cu3O7_553_Frenkel3_331.traj,1014,0.507000,116,5.906031,88,2.511054,0,1,0
F3,YBa2Cu3O7_553_Frenkel3_331.traj,1015,0.507500,116,5.904878,88,2.512853,0,1,0
F3,YBa2Cu3O7_553_Frenkel3_331.traj,1016,0.508000,116,5.903781,88,2.514627,0,1,0
F3,YBa2Cu3O7_553_Frenkel3_331.traj,1017,0.508500,116,5.902723,88,2.516378,0,1,0
F3,YBa2Cu3O7_553_Frenkel3_331.traj,1018,0.509000,116,5.901692,88,2.518039,0,1,0
F3,YBa2Cu3O7_553_Frenkel3_331.traj,1019,0.509500,116,5.900699,88,2.519604,0,1,0
F3,YBa2Cu3O7_553_Frenkel3_331.traj,1020,0.510000,116,5.899740,88,2.521150,0,1,0
F3,YBa2Cu3O7_553_Frenkel3_331.traj,1021,0.510500,116,5.898826,88,2.522631,0,1,0
F3,YBa2Cu3O7_553_Frenkel3_331.traj,1022,0.511000,116,5.897979,88,2.524059,0,1,0
F3,YBa2Cu3O7_553_Frenkel3_331.traj,1023,0.511500,116,5.897219,88,2.525427,0,1,0
F3,YBa2Cu3O7_553_Frenkel3_331.traj,1024,0.512000,116,5.896498,88,2.526734,0,1,0
F3,YBa2Cu3O7_553_Frenkel3_331.traj,1025,0.512500,116,5.895836,88,2.528011,0,1,0
F3,YBa2Cu3O7_553_Frenkel3_331.traj,1026,0.513000,116,5.895226,88,2.529307,0,1,0
F3,YBa2Cu3O7_553_Frenkel3_331.traj,1027,0.513500,116,5.894641,88,2.530658,0,1,0
F3,YBa2Cu3O7_553_Frenkel3_331.traj,1028,0.514000,116,5.894050,88,2.531984,0,1,0
F3,YBa2Cu3O7_553_Frenkel3_331.traj,1029,0.514500,116,5.893459,88,2.533265,0,1,0
F3,YBa2Cu3O7_553_Frenkel3_331.traj,1030,0.515000,116,5.892853,88,2.534545,0,1,0
F3,YBa2Cu3O7_553_Frenkel3_331.traj,1031,0.515500,116,5.892265,88,2.535819,0,1,0
F3,YBa2Cu3O7_553_Frenkel3_331.traj,1032,0.516000,116,5.891668,88,2.537037,0,1,0
F3,YBa2Cu3O7_553_Frenkel3_331.traj,1033,0.516500,116,5.891121,88,2.538208,0,1,0
F3,YBa2Cu3O7_553_Frenkel3_331.traj,1034,0.517000,116,5.890567,88,2.539310,0,1,0
F3,YBa2Cu3O7_553_Frenkel3_331.traj,1035,0.517500,116,5.890008,88,2.540304,0,1,0
F3,YBa2Cu3O7_553_Frenkel3_331.traj,1036,0.518000,116,5.889453,88,2.541268,0,1,0
F3,YBa2Cu3O7_553_Frenkel3_331.traj,1037,0.518500,116,5.888905,88,2.542128,0,1,0
F3,YBa2Cu3O7_553_Frenkel3_331.traj,1038,0.519000,116,5.888395,88,2.542931,0,1,0
F3,YBa2Cu3O7_553_Frenkel3_331.traj,1039,0.519500,116,5.887883,88,2.543690,0,1,0
F3,YBa2Cu3O7_553_Frenkel3_331.traj,1040,0.520000,116,5.887384,88,2.544403,0,1,0
F3,YBa2Cu3O7_553_Frenkel3_331.traj,1041,0.520500,116,5.886786,88,2.545031,0,1,0
F3,YBa2Cu3O7_553_Frenkel3_331.traj,1042,0.521000,116,5.886183,88,2.545575,0,1,0
F3,YBa2Cu3O7_553_Frenkel3_331.traj,1043,0.521500,116,5.885597,88,2.546072,0,1,0
F3,YBa2Cu3O7_553_Frenkel3_331.traj,1044,0.522000,116,5.885021,88,2.546492,0,1,0
F3,YBa2Cu3O7_553_Frenkel3_331.traj,1045,0.522500,116,5.884470,88,2.546860,0,1,0
F3,YBa2Cu3O7_553_Frenkel3_331.traj,1046,0.523000,116,5.883965,88,2.547076,0,1,0
F3,YBa2Cu3O7_553_Frenkel3_331.traj,1047,0.523500,116,5.883522,88,2.547222,0,1,0
F3,YBa2Cu3O7_553_Frenkel3_331.traj,1048,0.524000,116,5.883127,88,2.547369,0,1,0
F3,YBa2Cu3O7_553_Frenkel3_331.traj,1049,0.524500,116,5.882759,88,2.547463,0,1,0
F3,YBa2Cu3O7_553_Frenkel3_331.traj,1050,0.525000,116,5.882404,88,2.547546,0,1,0
F3,YBa2Cu3O7_553_Frenkel3_331.traj,1051,0.525500,116,5.882025,88,2.547594,0,1,0
F3,YBa2Cu3O7_553_Frenkel3_331.traj,1052,0.526000,116,5.881617,88,2.547601,0,1,0
F3,YBa2Cu3O7_553_Frenkel3_331.traj,1053,0.526500,116,5.881254,88,2.547566,0,1,0
F3,YBa2Cu3O7_553_Frenkel3_331.traj,1054,0.527000,116,5.880913,88,2.547561,0,1,0
F3,YBa2Cu3O7_553_Frenkel3_331.traj,1055,0.527500,116,5.880581,88,2.547421,0,1,0
F3,YBa2Cu3O7_553_Frenkel3_331.traj,1056,0.528000,116,5.880302,88,2.547185,0,1,0
F3,YBa2Cu3O7_553_Frenkel3_331.traj,1057,0.528500,116,5.880007,88,2.546896,0,1,0
F3,YBa2Cu3O7_553_Frenkel3_331.traj,1058,0.529000,116,5.879723,88,2.546582,0,1,0
F3,YBa2Cu3O7_553_Frenkel3_331.traj,1059,0.529500,116,5.879487,88,2.546133,0,1,0
F3,YBa2Cu3O7_553_Frenkel3_331.traj,1060,0.530000,116,5.879289,88,2.545660,0,1,0
F3,YBa2Cu3O7_553_Frenkel3_331.traj,1061,0.530500,116,5.879122,88,2.545158,0,1,0
F3,YBa2Cu3O7_553_Frenkel3_331.traj,1062,0.531000,116,5.878971,88,2.544603,0,1,0
F3,YBa2Cu3O7_553_Frenkel3_331.traj,1063,0.531500,116,5.878890,88,2.543962,0,1,0
F3,YBa2Cu3O7_553_Frenkel3_331.traj,1064,0.532000,116,5.878801,88,2.543307,0,1,0
F3,YBa2Cu3O7_553_Frenkel3_331.traj,1065,0.532500,116,5.878743,88,2.542594,0,1,0
F3,YBa2Cu3O7_553_Frenkel3_331.traj,1066,0.533000,116,5.878657,88,2.541788,0,1,0
F3,YBa2Cu3O7_553_Frenkel3_331.traj,1067,0.533500,116,5.878553,88,2.540901,0,1,0
F3,YBa2Cu3O7_553_Frenkel3_331.traj,1068,0.534000,116,5.878466,88,2.539924,0,1,0
F3,YBa2Cu3O7_553_Frenkel3_331.traj,1069,0.534500,116,5.878390,88,2.538863,0,1,0
F3,YBa2Cu3O7_553_Frenkel3_331.traj,1070,0.535000,116,5.878295,88,2.537720,0,1,0
F3,YBa2Cu3O7_553_Frenkel3_331.traj,1071,0.535500,116,5.878275,88,2.536569,0,1,0
F3,YBa2Cu3O7_553_Frenkel3_331.traj,1072,0.536000,116,5.878371,88,2.535416,0,1,0
F3,YBa2Cu3O7_553_Frenkel3_331.traj,1073,0.536500,116,5.878528,88,2.534280,0,1,0
F3,YBa2Cu3O7_553_Frenkel3_331.traj,1074,0.537000,116,5.878645,88,2.533135,0,1,0
F3,YBa2Cu3O7_553_Frenkel3_331.traj,1075,0.537500,116,5.878732,88,2.531987,0,1,0
F3,YBa2Cu3O7_553_Frenkel3_331.traj,1076,0.538000,116,5.878819,88,2.530809,0,1,0
F3,YBa2Cu3O7_553_Frenkel3_331.traj,1077,0.538500,116,5.878877,88,2.529595,0,1,0
F3,YBa2Cu3O7_553_Frenkel3_331.traj,1078,0.539000,116,5.878851,88,2.528349,0,1,0
F3,YBa2Cu3O7_553_Frenkel3_331.traj,1079,0.539500,116,5.878803,88,2.527135,0,1,0
F3,YBa2Cu3O7_553_Frenkel3_331.traj,1080,0.540000,116,5.878730,88,2.525913,0,1,0
F3,YBa2Cu3O7_553_Frenkel3_331.traj,1081,0.540500,116,5.878651,88,2.524653,0,1,0
F3,YBa2Cu3O7_553_Frenkel3_331.traj,1082,0.541000,116,5.878592,88,2.523371,0,1,0
F3,YBa2Cu3O7_553_Frenkel3_331.traj,1083,0.541500,116,5.878548,88,2.522045,0,1,0
F3,YBa2Cu3O7_553_Frenkel3_331.traj,1084,0.542000,116,5.878531,88,2.520704,0,1,0
F3,YBa2Cu3O7_553_Frenkel3_331.traj,1085,0.542500,116,5.878471,88,2.519421,0,1,0
F3,YBa2Cu3O7_553_Frenkel3_331.traj,1086,0.543000,116,5.878419,88,2.518171,0,1,0
F3,YBa2Cu3O7_553_Frenkel3_331.traj,1087,0.543500,116,5.878361,88,2.516932,0,1,0
F3,YBa2Cu3O7_553_Frenkel3_331.traj,1088,0.544000,116,5.878277,88,2.515654,0,1,0
F3,YBa2Cu3O7_553_Frenkel3_331.traj,1089,0.544500,116,5.878134,88,2.514314,0,1,0
F3,YBa2Cu3O7_553_Frenkel3_331.traj,1090,0.545000,116,5.877960,88,2.512953,0,1,0
F3,YBa2Cu3O7_553_Frenkel3_331.traj,1091,0.545500,116,5.877802,88,2.511629,0,1,0
F3,YBa2Cu3O7_553_Frenkel3_331.traj,1092,0.546000,116,5.877648,88,2.510273,0,1,0
F3,YBa2Cu3O7_553_Frenkel3_331.traj,1093,0.546500,116,5.877479,88,2.508821,0,1,0
F3,YBa2Cu3O7_553_Frenkel3_331.traj,1094,0.547000,116,5.877314,88,2.507322,0,1,0
F3,YBa2Cu3O7_553_Frenkel3_331.traj,1095,0.547500,116,5.877129,88,2.505830,0,1,0
F3,YBa2Cu3O7_553_Frenkel3_331.traj,1096,0.548000,116,5.876936,88,2.504318,0,1,0
F3,YBa2Cu3O7_553_Frenkel3_331.traj,1097,0.548500,116,5.876799,88,2.502797,0,1,0
F3,YBa2Cu3O7_553_Frenkel3_331.traj,1098,0.549000,116,5.876681,88,2.501233,0,1,0
F3,YBa2Cu3O7_553_Frenkel3_331.traj,1099,0.549500,116,5.876542,88,2.499552,0,1,0
F3,YBa2Cu3O7_553_Frenkel3_331.traj,1100,0.550000,116,5.876407,88,2.497831,0,1,0
F3,YBa2Cu3O7_553_Frenkel3_331.traj,1101,0.550500,116,5.876255,88,2.496111,0,1,0
F3,YBa2Cu3O7_553_Frenkel3_331.traj,1102,0.551000,116,5.876084,88,2.494389,0,1,0
F3,YBa2Cu3O7_553_Frenkel3_331.traj,1103,0.551500,116,5.875887,88,2.492614,0,1,0
F3,YBa2Cu3O7_553_Frenkel3_331.traj,1104,0.552000,116,5.875697,88,2.490833,0,1,0
F3,YBa2Cu3O7_553_Frenkel3_331.traj,1105,0.552500,116,5.875553,88,2.489093,0,1,0
F3,YBa2Cu3O7_553_Frenkel3_331.traj,1106,0.553000,116,5.875374,88,2.487346,0,1,0
F3,YBa2Cu3O7_553_Frenkel3_331.traj,1107,0.553500,116,5.875155,88,2.485599,0,1,0
F3,YBa2Cu3O7_553_Frenkel3_331.traj,1108,0.554000,116,5.874959,88,2.483870,0,1,0
F3,YBa2Cu3O7_553_Frenkel3_331.traj,1109,0.554500,116,5.874723,88,2.482131,0,1,0
F3,YBa2Cu3O7_553_Frenkel3_331.traj,1110,0.555000,116,5.874437,88,2.480364,0,1,0
F3,YBa2Cu3O7_553_Frenkel3_331.traj,1111,0.555500,116,5.874140,88,2.478606,0,1,0
F3,YBa2Cu3O7_553_Frenkel3_331.traj,1112,0.556000,116,5.873871,88,2.476831,0,1,0
F3,YBa2Cu3O7_553_Frenkel3_331.traj,1113,0.556500,116,5.873628,88,2.475044,0,1,0
F3,YBa2Cu3O7_553_Frenkel3_331.traj,1114,0.557000,116,5.873408,88,2.473258,0,1,0
F3,YBa2Cu3O7_553_Frenkel3_331.traj,1115,0.557500,116,5.873174,88,2.471481,0,1,0
F3,YBa2Cu3O7_553_Frenkel3_331.traj,1116,0.558000,116,5.872893,88,2.469775,0,1,0
F3,YBa2Cu3O7_553_Frenkel3_331.traj,1117,0.558500,116,5.872524,88,2.468083,0,1,0
F3,YBa2Cu3O7_553_Frenkel3_331.traj,1118,0.559000,116,5.872121,88,2.466448,0,1,0
F3,YBa2Cu3O7_553_Frenkel3_331.traj,1119,0.559500,116,5.871678,88,2.464870,0,1,0
F3,YBa2Cu3O7_553_Frenkel3_331.traj,1120,0.560000,116,5.871267,88,2.463288,0,1,0
F3,YBa2Cu3O7_553_Frenkel3_331.traj,1121,0.560500,116,5.870920,88,2.461731,0,1,0
F3,YBa2Cu3O7_553_Frenkel3_331.traj,1122,0.561000,116,5.870682,88,2.460234,0,1,0
F3,YBa2Cu3O7_553_Frenkel3_331.traj,1123,0.561500,116,5.870551,88,2.458742,0,1,0
F3,YBa2Cu3O7_553_Frenkel3_331.traj,1124,0.562000,116,5.870420,88,2.457246,0,1,0
F3,YBa2Cu3O7_553_Frenkel3_331.traj,1125,0.562500,116,5.870322,88,2.455806,0,1,0
F3,YBa2Cu3O7_553_Frenkel3_331.traj,1126,0.563000,116,5.870257,88,2.454400,0,1,0
F3,YBa2Cu3O7_553_Frenkel3_331.traj,1127,0.563500,116,5.870210,88,2.453020,0,1,0
F3,YBa2Cu3O7_553_Frenkel3_331.traj,1128,0.564000,116,5.870171,88,2.451641,0,1,0
F3,YBa2Cu3O7_553_Frenkel3_331.traj,1129,0.564500,116,5.870116,88,2.450306,0,1,0
F3,YBa2Cu3O7_553_Frenkel3_331.traj,1130,0.565000,116,5.870075,88,2.449005,0,1,0
F3,YBa2Cu3O7_553_Frenkel3_331.traj,1131,0.565500,116,5.870084,88,2.447717,0,1,0
F3,YBa2Cu3O7_553_Frenkel3_331.traj,1132,0.566000,116,5.870165,88,2.446464,0,1,0
F3,YBa2Cu3O7_553_Frenkel3_331.traj,1133,0.566500,116,5.870213,88,2.445235,0,1,0
F3,YBa2Cu3O7_553_Frenkel3_331.traj,1134,0.567000,116,5.870313,88,2.443982,0,1,0
F3,YBa2Cu3O7_553_Frenkel3_331.traj,1135,0.567500,116,5.870464,88,2.442734,0,1,0
F3,YBa2Cu3O7_553_Frenkel3_331.traj,1136,0.568000,116,5.870646,88,2.441548,0,1,0
F3,YBa2Cu3O7_553_Frenkel3_331.traj,1137,0.568500,116,5.870922,88,2.440323,0,1,0
F3,YBa2Cu3O7_553_Frenkel3_331.traj,1138,0.569000,116,5.871205,88,2.439121,0,1,0
F3,YBa2Cu3O7_553_Frenkel3_331.traj,1139,0.569500,116,5.871552,88,2.438007,0,1,0
F3,YBa2Cu3O7_553_Frenkel3_331.traj,1140,0.570000,116,5.871993,88,2.436960,0,1,0
F3,YBa2Cu3O7_553_Frenkel3_331.traj,1141,0.570500,116,5.872470,88,2.436020,0,1,0
F3,YBa2Cu3O7_553_Frenkel3_331.traj,1142,0.571000,116,5.872973,88,2.435124,0,1,0
F3,YBa2Cu3O7_553_Frenkel3_331.traj,1143,0.571500,116,5.873537,88,2.434237,0,1,0
F3,YBa2Cu3O7_553_Frenkel3_331.traj,1144,0.572000,116,5.874195,88,2.433387,0,1,0
F3,YBa2Cu3O7_553_Frenkel3_331.traj,1145,0.572500,116,5.874932,88,2.432592,0,1,0
F3,YBa2Cu3O7_553_Frenkel3_331.traj,1146,0.573000,116,5.875706,88,2.431842,0,1,0
F3,YBa2Cu3O7_553_Frenkel3_331.traj,1147,0.573500,116,5.876546,88,2.431157,0,1,0
F3,YBa2Cu3O7_553_Frenkel3_331.traj,1148,0.574000,116,5.877443,88,2.430504,0,1,0
F3,YBa2Cu3O7_553_Frenkel3_331.traj,1149,0.574500,116,5.878429,88,2.429905,0,1,0
F3,YBa2Cu3O7_553_Frenkel3_331.traj,1150,0.575000,116,5.879536,88,2.429335,0,1,0
F3,YBa2Cu3O7_553_Frenkel3_331.traj,1151,0.575500,116,5.880688,88,2.428741,0,1,0
F3,YBa2Cu3O7_553_Frenkel3_331.traj,1152,0.576000,116,5.881917,88,2.428099,0,1,0
F3,YBa2Cu3O7_553_Frenkel3_331.traj,1153,0.576500,116,5.883158,88,2.427444,0,1,0
F3,YBa2Cu3O7_553_Frenkel3_331.traj,1154,0.577000,116,5.884392,88,2.426764,0,1,0
F3,YBa2Cu3O7_553_Frenkel3_331.traj,1155,0.577500,116,5.885707,88,2.426061,0,1,0
F3,YBa2Cu3O7_553_Frenkel3_331.traj,1156,0.578000,116,5.887018,88,2.425375,0,1,0
F3,YBa2Cu3O7_553_Frenkel3_331.traj,1157,0.578500,116,5.888370,88,2.424687,0,1,0
F3,YBa2Cu3O7_553_Frenkel3_331.traj,1158,0.579000,116,5.889830,88,2.424082,0,1,0
F3,YBa2Cu3O7_553_Frenkel3_331.traj,1159,0.579500,116,5.891313,88,2.423497,0,1,0
F3,YBa2Cu3O7_553_Frenkel3_331.traj,1160,0.580000,116,5.892815,88,2.422860,0,1,0
F3,YBa2Cu3O7_553_Frenkel3_331.traj,1161,0.580500,116,5.894318,88,2.422158,0,1,0
F3,YBa2Cu3O7_553_Frenkel3_331.traj,1162,0.581000,116,5.895776,88,2.421480,0,1,0
F3,YBa2Cu3O7_553_Frenkel3_331.traj,1163,0.581500,116,5.897290,88,2.420833,0,1,0
F3,YBa2Cu3O7_553_Frenkel3_331.traj,1164,0.582000,116,5.898817,88,2.420239,0,1,0
F3,YBa2Cu3O7_553_Frenkel3_331.traj,1165,0.582500,116,5.900384,88,2.419743,0,1,0
F3,YBa2Cu3O7_553_Frenkel3_331.traj,1166,0.583000,116,5.901992,88,2.419336,0,1,0
F3,YBa2Cu3O7_553_Frenkel3_331.traj,1167,0.583500,116,5.903673,88,2.419004,0,1,0
F3,YBa2Cu3O7_553_Frenkel3_331.traj,1168,0.584000,116,5.905421,88,2.418759,0,1,0
F3,YBa2Cu3O7_553_Frenkel3_331.traj,1169,0.584500,116,5.907104,88,2.418514,0,1,0
F3,YBa2Cu3O7_553_Frenkel3_331.traj,1170,0.585000,116,5.908853,88,2.418295,0,1,0
F3,YBa2Cu3O7_553_Frenkel3_331.traj,1171,0.585500,116,5.910628,88,2.418030,0,1,0
F3,YBa2Cu3O7_553_Frenkel3_331.traj,1172,0.586000,116,5.912493,88,2.417851,0,1,0
F3,YBa2Cu3O7_553_Frenkel3_331.traj,1173,0.586500,116,5.914419,88,2.417692,0,1,0
F3,YBa2Cu3O7_553_Frenkel3_331.traj,1174,0.587000,116,5.916395,88,2.417582,0,1,0
F3,YBa2Cu3O7_553_Frenkel3_331.traj,1175,0.587500,116,5.918420,88,2.417483,0,1,0
F3,YBa2Cu3O7_553_Frenkel3_331.traj,1176,0.588000,116,5.920519,88,2.417415,0,1,0
F3,YBa2Cu3O7_553_Frenkel3_331.traj,1177,0.588500,116,5.922648,88,2.417388,0,1,0
F3,YBa2Cu3O7_553_Frenkel3_331.traj,1178,0.589000,116,5.924806,88,2.417382,0,1,0
F3,YBa2Cu3O7_553_Frenkel3_331.traj,1179,0.589500,116,5.927013,88,2.417432,0,1,0
F3,YBa2Cu3O7_553_Frenkel3_331.traj,1180,0.590000,116,5.929261,88,2.417465,0,1,0
F3,YBa2Cu3O7_553_Frenkel3_331.traj,1181,0.590500,116,5.931515,88,2.417480,0,1,0
F3,YBa2Cu3O7_553_Frenkel3_331.traj,1182,0.591000,116,5.933770,88,2.417461,0,1,0
F3,YBa2Cu3O7_553_Frenkel3_331.traj,1183,0.591500,116,5.935970,88,2.417415,0,1,0
F3,YBa2Cu3O7_553_Frenkel3_331.traj,1184,0.592000,116,5.938107,88,2.417437,0,1,0
F3,YBa2Cu3O7_553_Frenkel3_331.traj,1185,0.592500,116,5.940289,88,2.417533,0,1,0
F3,YBa2Cu3O7_553_Frenkel3_331.traj,1186,0.593000,116,5.942461,88,2.417656,0,1,0
F3,YBa2Cu3O7_553_Frenkel3_331.traj,1187,0.593500,116,5.944591,88,2.417811,0,1,0
F3,YBa2Cu3O7_553_Frenkel3_331.traj,1188,0.594000,116,5.946755,88,2.417972,0,1,0
F3,YBa2Cu3O7_553_Frenkel3_331.traj,1189,0.594500,116,5.948933,88,2.418176,0,1,0
F3,YBa2Cu3O7_553_Frenkel3_331.traj,1190,0.595000,116,5.951165,88,2.418464,0,1,0
F3,YBa2Cu3O7_553_Frenkel3_331.traj,1191,0.595500,116,5.953372,88,2.418780,0,1,0
F3,YBa2Cu3O7_553_Frenkel3_331.traj,1192,0.596000,116,5.955524,88,2.419107,0,1,0
F3,YBa2Cu3O7_553_Frenkel3_331.traj,1193,0.596500,116,5.957660,88,2.419440,0,1,0
F3,YBa2Cu3O7_553_Frenkel3_331.traj,1194,0.597000,116,5.959770,88,2.419755,0,1,0
F3,YBa2Cu3O7_553_Frenkel3_331.traj,1195,0.597500,116,5.961894,88,2.420053,0,1,0
F3,YBa2Cu3O7_553_Frenkel3_331.traj,1196,0.598000,116,5.964016,88,2.420398,0,1,0
F3,YBa2Cu3O7_553_Frenkel3_331.traj,1197,0.598500,116,5.966066,88,2.420759,0,1,0
F3,YBa2Cu3O7_553_Frenkel3_331.traj,1198,0.599000,116,5.968050,88,2.421134,0,1,0
F3,YBa2Cu3O7_553_Frenkel3_331.traj,1199,0.599500,116,5.970039,88,2.421565,0,1,0
F3,YBa2Cu3O7_553_Frenkel3_331.traj,1200,0.600000,116,5.971984,88,2.422008,0,1,0
F3,YBa2Cu3O7_553_Frenkel3_331.traj,1201,0.600500,116,5.973937,88,2.422420,0,1,0
F3,YBa2Cu3O7_553_Frenkel3_331.traj,1202,0.601000,116,5.975846,88,2.422862,0,1,0
F3,YBa2Cu3O7_553_Frenkel3_331.traj,1203,0.601500,116,5.977757,88,2.423338,0,1,0
F3,YBa2Cu3O7_553_Frenkel3_331.traj,1204,0.602000,116,5.979673,88,2.423802,0,1,0
F3,YBa2Cu3O7_553_Frenkel3_331.traj,1205,0.602500,116,5.981545,88,2.424272,0,1,0
F3,YBa2Cu3O7_553_Frenkel3_331.traj,1206,0.603000,116,5.983360,88,2.424780,0,1,0
F3,YBa2Cu3O7_553_Frenkel3_331.traj,1207,0.603500,116,5.985126,88,2.425348,0,1,0
F3,YBa2Cu3O7_553_Frenkel3_331.traj,1208,0.604000,116,5.986897,88,2.425969,0,1,0
F3,YBa2Cu3O7_553_Frenkel3_331.traj,1209,0.604500,116,5.988596,88,2.426673,0,1,0
F3,YBa2Cu3O7_553_Frenkel3_331.traj,1210,0.605000,116,5.990321,88,2.427475,0,1,0
F3,YBa2Cu3O7_553_Frenkel3_331.traj,1211,0.605500,116,5.992029,88,2.428337,0,1,0
F3,YBa2Cu3O7_553_Frenkel3_331.traj,1212,0.606000,116,5.993693,88,2.429269,0,1,0
F3,YBa2Cu3O7_553_Frenkel3_331.traj,1213,0.606500,116,5.995261,88,2.430194,0,1,0
F3,YBa2Cu3O7_553_Frenkel3_331.traj,1214,0.607000,116,5.996773,88,2.431145,0,1,0
F3,YBa2Cu3O7_553_Frenkel3_331.traj,1215,0.607500,116,5.998263,88,2.432098,0,1,0
F3,YBa2Cu3O7_553_Frenkel3_331.traj,1216,0.608000,116,5.999729,88,2.433050,0,1,0
F3,YBa2Cu3O7_553_Frenkel3_331.traj,1217,0.608500,116,6.001194,88,2.434052,0,1,0
F3,YBa2Cu3O7_553_Frenkel3_331.traj,1218,0.609000,116,6.002639,88,2.435037,0,1,0
F3,YBa2Cu3O7_553_Frenkel3_331.traj,1219,0.609500,116,6.004095,88,2.436014,0,1,0
F3,YBa2Cu3O7_553_Frenkel3_331.traj,1220,0.610000,116,6.005547,88,2.436996,0,1,0
F3,YBa2Cu3O7_553_Frenkel3_331.traj,1221,0.610500,116,6.006988,88,2.438031,0,1,0
F3,YBa2Cu3O7_553_Frenkel3_331.traj,1222,0.611000,116,6.008423,88,2.439108,0,1,0
F3,YBa2Cu3O7_553_Frenkel3_331.traj,1223,0.611500,116,6.009849,88,2.440147,0,1,0
F3,YBa2Cu3O7_553_Frenkel3_331.traj,1224,0.612000,116,6.011226,88,2.441228,0,1,0
F3,YBa2Cu3O7_553_Frenkel3_331.traj,1225,0.612500,116,6.012548,88,2.442293,0,1,0
F3,YBa2Cu3O7_553_Frenkel3_331.traj,1226,0.613000,116,6.013834,88,2.443377,0,1,0
F3,YBa2Cu3O7_553_Frenkel3_331.traj,1227,0.613500,116,6.015087,88,2.444457,0,1,0
F3,YBa2Cu3O7_553_Frenkel3_331.traj,1228,0.614000,116,6.016309,88,2.445560,0,1,0
F3,YBa2Cu3O7_553_Frenkel3_331.traj,1229,0.614500,116,6.017448,88,2.446633,0,1,0
F3,YBa2Cu3O7_553_Frenkel3_331.traj,1230,0.615000,116,6.018499,88,2.447730,0,1,0
F3,YBa2Cu3O7_553_Frenkel3_331.traj,1231,0.615500,116,6.019525,88,2.448848,0,1,0
F3,YBa2Cu3O7_553_Frenkel3_331.traj,1232,0.616000,116,6.020544,88,2.449996,0,1,0
F3,YBa2Cu3O7_553_Frenkel3_331.traj,1233,0.616500,116,6.021518,88,2.451162,0,1,0
F3,YBa2Cu3O7_553_Frenkel3_331.traj,1234,0.617000,116,6.022475,88,2.452428,0,1,0
F3,YBa2Cu3O7_553_Frenkel3_331.traj,1235,0.617500,116,6.023413,88,2.453760,0,1,0
F3,YBa2Cu3O7_553_Frenkel3_331.traj,1236,0.618000,116,6.024294,88,2.455087,0,1,0
F3,YBa2Cu3O7_553_Frenkel3_331.traj,1237,0.618500,116,6.025130,88,2.456435,0,1,0
F3,YBa2Cu3O7_553_Frenkel3_331.traj,1238,0.619000,116,6.025940,88,2.457803,0,1,0
F3,YBa2Cu3O7_553_Frenkel3_331.traj,1239,0.619500,116,6.026745,88,2.459199,0,1,0
F3,YBa2Cu3O7_553_Frenkel3_331.traj,1240,0.620000,116,6.027525,88,2.460589,0,1,0
F3,YBa2Cu3O7_553_Frenkel3_331.traj,1241,0.620500,116,6.028286,88,2.461948,0,1,0
F3,YBa2Cu3O7_553_Frenkel3_331.traj,1242,0.621000,116,6.029051,88,2.463268,0,1,0
F3,YBa2Cu3O7_553_Frenkel3_331.traj,1243,0.621500,116,6.029787,88,2.464537,0,1,0
F3,YBa2Cu3O7_553_Frenkel3_331.traj,1244,0.622000,116,6.030458,88,2.465758,0,1,0
F3,YBa2Cu3O7_553_Frenkel3_331.traj,1245,0.622500,116,6.031068,88,2.466966,0,1,0
F3,YBa2Cu3O7_553_Frenkel3_331.traj,1246,0.623000,116,6.031649,88,2.468170,0,1,0
F3,YBa2Cu3O7_553_Frenkel3_331.traj,1247,0.623500,116,6.032236,88,2.469403,0,1,0
F3,YBa2Cu3O7_553_Frenkel3_331.traj,1248,0.624000,116,6.032802,88,2.470585,0,1,0
F3,YBa2Cu3O7_553_Frenkel3_331.traj,1249,0.624500,116,6.033350,88,2.471698,0,1,0
F3,YBa2Cu3O7_553_Frenkel3_331.traj,1250,0.625000,116,6.033955,88,2.472809,0,1,0
F3,YBa2Cu3O7_553_Frenkel3_331.traj,1251,0.625500,116,6.034591,88,2.473926,0,1,0
F3,YBa2Cu3O7_553_Frenkel3_331.traj,1252,0.626000,116,6.035208,88,2.475043,0,1,0
F3,YBa2Cu3O7_553_Frenkel3_331.traj,1253,0.626500,116,6.035798,88,2.476154,0,1,0
F3,YBa2Cu3O7_553_Frenkel3_331.traj,1254,0.627000,116,6.036355,88,2.477202,0,1,0
F3,YBa2Cu3O7_553_Frenkel3_331.traj,1255,0.627500,116,6.036935,88,2.478238,0,1,0
F3,YBa2Cu3O7_553_Frenkel3_331.traj,1256,0.628000,116,6.037550,88,2.479262,0,1,0
F3,YBa2Cu3O7_553_Frenkel3_331.traj,1257,0.628500,116,6.038149,88,2.480216,0,1,0
F3,YBa2Cu3O7_553_Frenkel3_331.traj,1258,0.629000,116,6.038805,88,2.481138,0,1,0
F3,YBa2Cu3O7_553_Frenkel3_331.traj,1259,0.629500,116,6.039445,88,2.482028,0,1,0
F3,YBa2Cu3O7_553_Frenkel3_331.traj,1260,0.630000,116,6.040025,88,2.482839,0,1,0
F3,YBa2Cu3O7_553_Frenkel3_331.traj,1261,0.630500,116,6.040581,88,2.483619,0,1,0
F3,YBa2Cu3O7_553_Frenkel3_331.traj,1262,0.631000,116,6.041134,88,2.484363,0,1,0
F3,YBa2Cu3O7_553_Frenkel3_331.traj,1263,0.631500,116,6.041701,88,2.485058,0,1,0
F3,YBa2Cu3O7_553_Frenkel3_331.traj,1264,0.632000,116,6.042276,88,2.485753,0,1,0
F3,YBa2Cu3O7_553_Frenkel3_331.traj,1265,0.632500,116,6.042836,88,2.486443,0,1,0
F3,YBa2Cu3O7_553_Frenkel3_331.traj,1266,0.633000,116,6.043442,88,2.487110,0,1,0
F3,YBa2Cu3O7_553_Frenkel3_331.traj,1267,0.633500,116,6.044082,88,2.487753,0,1,0
F3,YBa2Cu3O7_553_Frenkel3_331.traj,1268,0.634000,116,6.044751,88,2.488389,0,1,0
F3,YBa2Cu3O7_553_Frenkel3_331.traj,1269,0.634500,116,6.045450,88,2.489046,0,1,0
F3,YBa2Cu3O7_553_Frenkel3_331.traj,1270,0.635000,116,6.046153,88,2.489678,0,1,0
F3,YBa2Cu3O7_553_Frenkel3_331.traj,1271,0.635500,116,6.046837,88,2.490206,0,1,0
F3,YBa2Cu3O7_553_Frenkel3_331.traj,1272,0.636000,116,6.047541,88,2.490751,0,1,0
F3,YBa2Cu3O7_553_Frenkel3_331.traj,1273,0.636500,116,6.048334,88,2.491229,0,1,0
F3,YBa2Cu3O7_553_Frenkel3_331.traj,1274,0.637000,116,6.049088,88,2.491646,0,1,0
F3,YBa2Cu3O7_553_Frenkel3_331.traj,1275,0.637500,116,6.049795,88,2.492055,0,1,0
F3,YBa2Cu3O7_553_Frenkel3_331.traj,1276,0.638000,116,6.050440,88,2.492481,0,1,0
F3,YBa2Cu3O7_553_Frenkel3_331.traj,1277,0.638500,116,6.051068,88,2.492910,0,1,0
F3,YBa2Cu3O7_553_Frenkel3_331.traj,1278,0.639000,116,6.051699,88,2.493272,0,1,0
F3,YBa2Cu3O7_553_Frenkel3_331.traj,1279,0.639500,116,6.052293,88,2.493618,0,1,0
F3,YBa2Cu3O7_553_Frenkel3_331.traj,1280,0.640000,116,6.052941,88,2.493947,0,1,0
F3,YBa2Cu3O7_553_Frenkel3_331.traj,1281,0.640500,116,6.053571,88,2.494267,0,1,0
F3,YBa2Cu3O7_553_Frenkel3_331.traj,1282,0.641000,116,6.054242,88,2.494564,0,1,0
F3,YBa2Cu3O7_553_Frenkel3_331.traj,1283,0.641500,116,6.054884,88,2.494827,0,1,0
F3,YBa2Cu3O7_553_Frenkel3_331.traj,1284,0.642000,116,6.055513,88,2.495108,0,1,0
F3,YBa2Cu3O7_553_Frenkel3_331.traj,1285,0.642500,116,6.056136,88,2.495377,0,1,0
F3,YBa2Cu3O7_553_Frenkel3_331.traj,1286,0.643000,116,6.056757,88,2.495558,0,1,0
F3,YBa2Cu3O7_553_Frenkel3_331.traj,1287,0.643500,116,6.057349,88,2.495664,0,1,0
F3,YBa2Cu3O7_553_Frenkel3_331.traj,1288,0.644000,116,6.057877,88,2.495776,0,1,0
F3,YBa2Cu3O7_553_Frenkel3_331.traj,1289,0.644500,116,6.058386,88,2.495865,0,1,0
F3,YBa2Cu3O7_553_Frenkel3_331.traj,1290,0.645000,116,6.058927,88,2.495950,0,1,0
F3,YBa2Cu3O7_553_Frenkel3_331.traj,1291,0.645500,116,6.059456,88,2.496050,0,1,0
F3,YBa2Cu3O7_553_Frenkel3_331.traj,1292,0.646000,116,6.059980,88,2.496166,0,1,0
F3,YBa2Cu3O7_553_Frenkel3_331.traj,1293,0.646500,116,6.060421,88,2.496241,0,1,0
F3,YBa2Cu3O7_553_Frenkel3_331.traj,1294,0.647000,116,6.060798,88,2.496334,0,1,0
F3,YBa2Cu3O7_553_Frenkel3_331.traj,1295,0.647500,116,6.061123,88,2.496459,0,1,0
F3,YBa2Cu3O7_553_Frenkel3_331.traj,1296,0.648000,116,6.061438,101,2.496269,0,2,0
F3,YBa2Cu3O7_553_Frenkel3_331.traj,1297,0.648500,116,6.061751,101,2.496190,0,2,0
F3,YBa2Cu3O7_553_Frenkel3_331.traj,1298,0.649000,116,6.061997,101,2.496210,0,2,0
F3,YBa2Cu3O7_553_Frenkel3_331.traj,1299,0.649500,116,6.062179,101,2.496335,0,2,0
F3,YBa2Cu3O7_553_Frenkel3_331.traj,1300,0.650000,116,6.062290,101,2.496496,0,2,0
F3,YBa2Cu3O7_553_Frenkel3_331.traj,1301,0.650500,116,6.062328,88,2.496486,0,1,0
F3,YBa2Cu3O7_553_Frenkel3_331.traj,1302,0.651000,116,6.062328,88,2.496332,0,1,0
F3,YBa2Cu3O7_553_Frenkel3_331.traj,1303,0.651500,116,6.062279,88,2.496139,0,1,0
F3,YBa2Cu3O7_553_Frenkel3_331.traj,1304,0.652000,116,6.062158,88,2.495875,0,1,0
F3,YBa2Cu3O7_553_Frenkel3_331.traj,1305,0.652500,116,6.061943,88,2.495583,0,1,0
F3,YBa2Cu3O7_553_Frenkel3_331.traj,1306,0.653000,116,6.061626,88,2.495235,0,1,0
F3,YBa2Cu3O7_553_Frenkel3_331.traj,1307,0.653500,116,6.061204,88,2.494802,0,1,0
F3,YBa2Cu3O7_553_Frenkel3_331.traj,1308,0.654000,116,6.060765,88,2.494376,0,1,0
F3,YBa2Cu3O7_553_Frenkel3_331.traj,1309,0.654500,116,6.060323,88,2.493957,0,1,0
F3,YBa2Cu3O7_553_Frenkel3_331.traj,1310,0.655000,116,6.059864,88,2.493592,0,1,0
F3,YBa2Cu3O7_553_Frenkel3_331.traj,1311,0.655500,116,6.059239,88,2.493219,0,1,0
F3,YBa2Cu3O7_553_Frenkel3_331.traj,1312,0.656000,116,6.058512,88,2.492811,0,1,0
F3,YBa2Cu3O7_553_Frenkel3_331.traj,1313,0.656500,116,6.057695,88,2.492322,0,1,0
F3,YBa2Cu3O7_553_Frenkel3_331.traj,1314,0.657000,116,6.056811,88,2.491790,0,1,0
F3,YBa2Cu3O7_553_Frenkel3_331.traj,1315,0.657500,116,6.055908,88,2.491254,0,1,0
F3,YBa2Cu3O7_553_Frenkel3_331.traj,1316,0.658000,116,6.054931,88,2.490684,0,1,0
F3,YBa2Cu3O7_553_Frenkel3_331.traj,1317,0.658500,116,6.053937,88,2.490115,0,1,0
F3,YBa2Cu3O7_553_Frenkel3_331.traj,1318,0.659000,116,6.052898,88,2.489574,0,1,0
F3,YBa2Cu3O7_553_Frenkel3_331.traj,1319,0.659500,116,6.051770,88,2.489045,0,1,0
F3,YBa2Cu3O7_553_Frenkel3_331.traj,1320,0.660000,116,6.050584,88,2.488480,0,1,0
F3,YBa2Cu3O7_553_Frenkel3_331.traj,1321,0.660500,116,6.049344,88,2.487860,0,1,0
F3,YBa2Cu3O7_553_Frenkel3_331.traj,1322,0.661000,116,6.048016,88,2.487238,0,1,0
F3,YBa2Cu3O7_553_Frenkel3_331.traj,1323,0.661500,116,6.046533,88,2.486569,0,1,0
F3,YBa2Cu3O7_553_Frenkel3_331.traj,1324,0.662000,116,6.044978,88,2.485822,0,1,0
F3,YBa2Cu3O7_553_Frenkel3_331.traj,1325,0.662500,116,6.043319,88,2.485019,0,1,0
F3,YBa2Cu3O7_553_Frenkel3_331.traj,1326,0.663000,116,6.041564,88,2.484162,0,1,0
F3,YBa2Cu3O7_553_Frenkel3_331.traj,1327,0.663500,116,6.039705,88,2.483295,0,1,0
F3,YBa2Cu3O7_553_Frenkel3_331.traj,1328,0.664000,116,6.037826,88,2.482388,0,1,0
F3,YBa2Cu3O7_553_Frenkel3_331.traj,1329,0.664500,116,6.035865,88,2.481485,0,1,0
F3,YBa2Cu3O7_553_Frenkel3_331.traj,1330,0.665000,116,6.033794,88,2.480586,0,1,0
F3,YBa2Cu3O7_553_Frenkel3_331.traj,1331,0.665500,116,6.031602,88,2.479714,0,1,0
F3,YBa2Cu3O7_553_Frenkel3_331.traj,1332,0.666000,116,6.029331,88,2.478835,0,1,0
F3,YBa2Cu3O7_553_Frenkel3_331.traj,1333,0.666500,116,6.026977,88,2.477957,0,1,0
F3,YBa2Cu3O7_553_Frenkel3_331.traj,1334,0.667000,116,6.024464,88,2.477093,0,1,0
F3,YBa2Cu3O7_553_Frenkel3_331.traj,1335,0.667500,116,6.021891,88,2.476207,0,1,0
F3,YBa2Cu3O7_553_Frenkel3_331.traj,1336,0.668000,116,6.019263,88,2.475360,0,1,0
F3,YBa2Cu3O7_553_Frenkel3_331.traj,1337,0.668500,116,6.016576,88,2.474525,0,1,0
F3,YBa2Cu3O7_553_Frenkel3_331.traj,1338,0.669000,116,6.013836,88,2.473695,0,1,0
F3,YBa2Cu3O7_553_Frenkel3_331.traj,1339,0.669500,116,6.011046,88,2.472875,0,1,0
F3,YBa2Cu3O7_553_Frenkel3_331.traj,1340,0.670000,116,6.008214,88,2.472080,0,1,0
F3,YBa2Cu3O7_553_Frenkel3_331.traj,1341,0.670500,116,6.005319,88,2.471247,0,1,0
F3,YBa2Cu3O7_553_Frenkel3_331.traj,1342,0.671000,116,6.002358,88,2.470377,0,1,0
F3,YBa2Cu3O7_553_Frenkel3_331.traj,1343,0.671500,116,5.999347,88,2.469531,0,1,0
F3,YBa2Cu3O7_553_Frenkel3_331.traj,1344,0.672000,116,5.996297,88,2.468712,0,1,0
F3,YBa2Cu3O7_553_Frenkel3_331.traj,1345,0.672500,116,5.993127,88,2.467847,0,1,0
F3,YBa2Cu3O7_553_Frenkel3_331.traj,1346,0.673000,116,5.989933,88,2.467034,0,1,0
F3,YBa2Cu3O7_553_Frenkel3_331.traj,1347,0.673500,116,5.986623,88,2.466237,0,1,0
F3,YBa2Cu3O7_553_Frenkel3_331.traj,1348,0.674000,116,5.983184,88,2.465414,0,1,0
F3,YBa2Cu3O7_553_Frenkel3_331.traj,1349,0.674500,116,5.979688,88,2.464603,0,1,0
F3,YBa2Cu3O7_553_Frenkel3_331.traj,1350,0.675000,116,5.976098,88,2.463771,0,1,0
F3,YBa2Cu3O7_553_Frenkel3_331.traj,1351,0.675500,116,5.972426,88,2.462932,0,1,0
F3,YBa2Cu3O7_553_Frenkel3_331.traj,1352,0.676000,116,5.968709,88,2.462067,0,1,0
F3,YBa2Cu3O7_553_Frenkel3_331.traj,1353,0.676500,116,5.964885,88,2.461140,0,1,0
F3,YBa2Cu3O7_553_Frenkel3_331.traj,1354,0.677000,116,5.961001,88,2.460183,0,1,0
F3,YBa2Cu3O7_553_Frenkel3_331.traj,1355,0.677500,116,5.956983,88,2.459207,0,1,0
F3,YBa2Cu3O7_553_Frenkel3_331.traj,1356,0.678000,116,5.952850,88,2.458147,0,1,0
F3,YBa2Cu3O7_553_Frenkel3_331.traj,1357,0.678500,116,5.948659,88,2.457047,0,1,0
F3,YBa2Cu3O7_553_Frenkel3_331.traj,1358,0.679000,116,5.944346,88,2.455953,0,1,0
F3,YBa2Cu3O7_553_Frenkel3_331.traj,1359,0.679500,116,5.939985,88,2.454849,0,1,0
F3,YBa2Cu3O7_553_Frenkel3_331.traj,1360,0.680000,116,5.935617,88,2.453728,0,1,0
F3,YBa2Cu3O7_553_Frenkel3_331.traj,1361,0.680500,116,5.931185,88,2.452594,0,1,0
F3,YBa2Cu3O7_553_Frenkel3_331.traj,1362,0.681000,116,5.926661,88,2.451495,0,1,0
F3,YBa2Cu3O7_553_Frenkel3_331.traj,1363,0.681500,116,5.922156,88,2.450428,0,1,0
F3,YBa2Cu3O7_553_Frenkel3_331.traj,1364,0.682000,116,5.917641,88,2.449366,0,1,0
F3,YBa2Cu3O7_553_Frenkel3_331.traj,1365,0.682500,116,5.913103,88,2.448226,0,1,0
F3,YBa2Cu3O7_553_Frenkel3_331.traj,1366,0.683000,116,5.908551,88,2.447065,0,1,0
F3,YBa2Cu3O7_553_Frenkel3_331.traj,1367,0.683500,116,5.903918,88,2.445932,0,1,0
F3,YBa2Cu3O7_553_Frenkel3_331.traj,1368,0.684000,116,5.899269,88,2.444811,0,1,0
F3,YBa2Cu3O7_553_Frenkel3_331.traj,1369,0.684500,116,5.894593,88,2.443682,0,1,0
F3,YBa2Cu3O7_553_Frenkel3_331.traj,1370,0.685000,116,5.889934,88,2.442603,0,1,0
F3,YBa2Cu3O7_553_Frenkel3_331.traj,1371,0.685500,116,5.885293,88,2.441580,0,1,0
F3,YBa2Cu3O7_553_Frenkel3_331.traj,1372,0.686000,116,5.880657,88,2.440610,0,1,0
F3,YBa2Cu3O7_553_Frenkel3_331.traj,1373,0.686500,116,5.876018,88,2.439658,0,1,0
F3,YBa2Cu3O7_553_Frenkel3_331.traj,1374,0.687000,116,5.871403,88,2.438710,0,1,0
F3,YBa2Cu3O7_553_Frenkel3_331.traj,1375,0.687500,116,5.866911,88,2.437785,0,1,0
F3,YBa2Cu3O7_553_Frenkel3_331.traj,1376,0.688000,116,5.862441,88,2.436920,0,1,0
F3,YBa2Cu3O7_553_Frenkel3_331.traj,1377,0.688500,116,5.858004,88,2.436123,0,1,0
F3,YBa2Cu3O7_553_Frenkel3_331.traj,1378,0.689000,116,5.853630,88,2.435282,0,1,0
F3,YBa2Cu3O7_553_Frenkel3_331.traj,1379,0.689500,116,5.849270,88,2.434473,0,1,0
F3,YBa2Cu3O7_553_Frenkel3_331.traj,1380,0.690000,116,5.844928,88,2.433712,0,1,0
F3,YBa2Cu3O7_553_Frenkel3_331.traj,1381,0.690500,116,5.840596,88,2.432975,0,1,0
F3,YBa2Cu3O7_553_Frenkel3_331.traj,1382,0.691000,116,5.836265,88,2.432319,0,1,0
F3,YBa2Cu3O7_553_Frenkel3_331.traj,1383,0.691500,116,5.831993,88,2.431774,0,1,0
F3,YBa2Cu3O7_553_Frenkel3_331.traj,1384,0.692000,116,5.827774,88,2.431280,0,1,0
F3,YBa2Cu3O7_553_Frenkel3_331.traj,1385,0.692500,116,5.823571,88,2.430830,0,1,0
F3,YBa2Cu3O7_553_Frenkel3_331.traj,1386,0.693000,116,5.819462,88,2.430418,0,1,0
F3,YBa2Cu3O7_553_Frenkel3_331.traj,1387,0.693500,116,5.815450,88,2.429997,0,1,0
F3,YBa2Cu3O7_553_Frenkel3_331.traj,1388,0.694000,116,5.811537,88,2.429598,0,1,0
F3,YBa2Cu3O7_553_Frenkel3_331.traj,1389,0.694500,116,5.807655,88,2.429298,0,1,0
F3,YBa2Cu3O7_553_Frenkel3_331.traj,1390,0.695000,116,5.803785,88,2.429093,0,1,0
F3,YBa2Cu3O7_553_Frenkel3_331.traj,1391,0.695500,116,5.799995,88,2.428951,0,1,0
F3,YBa2Cu3O7_553_Frenkel3_331.traj,1392,0.696000,116,5.796292,88,2.428850,0,1,0
F3,YBa2Cu3O7_553_Frenkel3_331.traj,1393,0.696500,116,5.792636,88,2.428775,0,1,0
F3,YBa2Cu3O7_553_Frenkel3_331.traj,1394,0.697000,116,5.788960,88,2.428693,0,1,0
F3,YBa2Cu3O7_553_Frenkel3_331.traj,1395,0.697500,116,5.785364,88,2.428648,0,1,0
F3,YBa2Cu3O7_553_Frenkel3_331.traj,1396,0.698000,116,5.781830,88,2.428692,0,1,0
F3,YBa2Cu3O7_553_Frenkel3_331.traj,1397,0.698500,116,5.778298,88,2.428757,0,1,0
F3,YBa2Cu3O7_553_Frenkel3_331.traj,1398,0.699000,116,5.774843,88,2.428852,0,1,0
F3,YBa2Cu3O7_553_Frenkel3_331.traj,1399,0.699500,116,5.771503,88,2.428932,0,1,0
F3,YBa2Cu3O7_553_Frenkel3_331.traj,1400,0.700000,116,5.768227,88,2.429015,0,1,0
F3,YBa2Cu3O7_553_Frenkel3_331.traj,1401,0.700500,116,5.765044,88,2.429162,0,1,0
F3,YBa2Cu3O7_553_Frenkel3_331.traj,1402,0.701000,116,5.761980,88,2.429319,0,1,0
F3,YBa2Cu3O7_553_Frenkel3_331.traj,1403,0.701500,116,5.759041,88,2.429503,0,1,0
F3,YBa2Cu3O7_553_Frenkel3_331.traj,1404,0.702000,116,5.756242,88,2.429653,0,1,0
F3,YBa2Cu3O7_553_Frenkel3_331.traj,1405,0.702500,116,5.753544,88,2.429836,0,1,0
F3,YBa2Cu3O7_553_Frenkel3_331.traj,1406,0.703000,116,5.751038,88,2.430069,0,1,0
F3,YBa2Cu3O7_553_Frenkel3_331.traj,1407,0.703500,116,5.748668,88,2.430317,0,1,0
F3,YBa2Cu3O7_553_Frenkel3_331.traj,1408,0.704000,116,5.746404,88,2.430510,0,1,0
F3,YBa2Cu3O7_553_Frenkel3_331.traj,1409,0.704500,116,5.744243,88,2.430728,0,1,0
F3,YBa2Cu3O7_553_Frenkel3_331.traj,1410,0.705000,116,5.742217,88,2.430993,0,1,0
F3,YBa2Cu3O7_553_Frenkel3_331.traj,1411,0.705500,116,5.740290,88,2.431293,0,1,0
F3,YBa2Cu3O7_553_Frenkel3_331.traj,1412,0.706000,116,5.738473,88,2.431598,0,1,0
F3,YBa2Cu3O7_553_Frenkel3_331.traj,1413,0.706500,116,5.736685,88,2.431870,0,1,0
F3,YBa2Cu3O7_553_Frenkel3_331.traj,1414,0.707000,116,5.734920,88,2.432162,0,1,0
F3,YBa2Cu3O7_553_Frenkel3_331.traj,1415,0.707500,116,5.733195,88,2.432488,0,1,0
F3,YBa2Cu3O7_553_Frenkel3_331.traj,1416,0.708000,116,5.731566,88,2.432872,0,1,0
F3,YBa2Cu3O7_553_Frenkel3_331.traj,1417,0.708500,116,5.730010,88,2.433301,0,1,0
F3,YBa2Cu3O7_553_Frenkel3_331.traj,1418,0.709000,116,5.728507,88,2.433781,0,1,0
F3,YBa2Cu3O7_553_Frenkel3_331.traj,1419,0.709500,116,5.727103,88,2.434291,0,1,0
F3,YBa2Cu3O7_553_Frenkel3_331.traj,1420,0.710000,116,5.725781,88,2.434852,0,1,0
F3,YBa2Cu3O7_553_Frenkel3_331.traj,1421,0.710500,116,5.724537,88,2.435365,0,1,0
F3,YBa2Cu3O7_553_Frenkel3_331.traj,1422,0.711000,116,5.723311,88,2.435895,0,1,0
F3,YBa2Cu3O7_553_Frenkel3_331.traj,1423,0.711500,116,5.722209,88,2.436396,0,1,0
F3,YBa2Cu3O7_553_Frenkel3_331.traj,1424,0.712000,116,5.721158,88,2.436894,0,1,0
F3,YBa2Cu3O7_553_Frenkel3_331.traj,1425,0.712500,116,5.720164,88,2.437507,0,1,0
F3,YBa2Cu3O7_553_Frenkel3_331.traj,1426,0.713000,116,5.719238,88,2.438256,0,1,0
F3,YBa2Cu3O7_553_Frenkel3_331.traj,1427,0.713500,116,5.718445,88,2.439072,0,1,0
F3,YBa2Cu3O7_553_Frenkel3_331.traj,1428,0.714000,116,5.717752,88,2.439935,0,1,0
F3,YBa2Cu3O7_553_Frenkel3_331.traj,1429,0.714500,116,5.717128,88,2.440850,0,1,0
F3,YBa2Cu3O7_553_Frenkel3_331.traj,1430,0.715000,116,5.716517,88,2.441767,0,1,0
F3,YBa2Cu3O7_553_Frenkel3_331.traj,1431,0.715500,116,5.715971,88,2.442713,0,1,0
F3,YBa2Cu3O7_553_Frenkel3_331.traj,1432,0.716000,116,5.715483,88,2.443631,0,1,0
F3,YBa2Cu3O7_553_Frenkel3_331.traj,1433,0.716500,116,5.715040,88,2.444540,0,1,0
F3,YBa2Cu3O7_553_Frenkel3_331.traj,1434,0.717000,116,5.714687,88,2.445520,0,1,0
F3,YBa2Cu3O7_553_Frenkel3_331.traj,1435,0.717500,116,5.714399,88,2.446532,0,1,0
F3,YBa2Cu3O7_553_Frenkel3_331.traj,1436,0.718000,116,5.714212,88,2.447577,0,1,0
F3,YBa2Cu3O7_553_Frenkel3_331.traj,1437,0.718500,116,5.714101,88,2.448620,0,1,0
F3,YBa2Cu3O7_553_Frenkel3_331.traj,1438,0.719000,116,5.714095,88,2.449641,0,1,0
F3,YBa2Cu3O7_553_Frenkel3_331.traj,1439,0.719500,116,5.714111,88,2.450747,0,1,0
F3,YBa2Cu3O7_553_Frenkel3_331.traj,1440,0.720000,116,5.714188,88,2.451866,0,1,0
F3,YBa2Cu3O7_553_Frenkel3_331.traj,1441,0.720500,116,5.714323,88,2.453001,0,1,0
F3,YBa2Cu3O7_553_Frenkel3_331.traj,1442,0.721000,116,5.714520,88,2.454154,0,1,0
F3,YBa2Cu3O7_553_Frenkel3_331.traj,1443,0.721500,116,5.714777,88,2.455355,0,1,0
F3,YBa2Cu3O7_553_Frenkel3_331.traj,1444,0.722000,116,5.715070,88,2.456592,0,1,0
F3,YBa2Cu3O7_553_Frenkel3_331.traj,1445,0.722500,116,5.715385,88,2.457853,0,1,0
F3,YBa2Cu3O7_553_Frenkel3_331.traj,1446,0.723000,116,5.715722,88,2.459073,0,1,0
F3,YBa2Cu3O7_553_Frenkel3_331.traj,1447,0.723500,116,5.716061,88,2.460286,0,1,0
F3,YBa2Cu3O7_553_Frenkel3_331.traj,1448,0.724000,116,5.716422,88,2.461553,0,1,0
F3,YBa2Cu3O7_553_Frenkel3_331.traj,1449,0.724500,116,5.716752,88,2.462793,0,1,0
F3,YBa2Cu3O7_553_Frenkel3_331.traj,1450,0.725000,116,5.717097,88,2.464014,0,1,0
F3,YBa2Cu3O7_553_Frenkel3_331.traj,1451,0.725500,116,5.717477,88,2.465251,0,1,0
F3,YBa2Cu3O7_553_Frenkel3_331.traj,1452,0.726000,116,5.717892,88,2.466516,0,1,0
F3,YBa2Cu3O7_553_Frenkel3_331.traj,1453,0.726500,116,5.718326,88,2.467792,0,1,0
F3,YBa2Cu3O7_553_Frenkel3_331.traj,1454,0.727000,116,5.718774,88,2.469090,0,1,0
F3,YBa2Cu3O7_553_Frenkel3_331.traj,1455,0.727500,116,5.719240,88,2.470465,0,1,0
F3,YBa2Cu3O7_553_Frenkel3_331.traj,1456,0.728000,116,5.719774,88,2.471878,0,1,0
F3,YBa2Cu3O7_553_Frenkel3_331.traj,1457,0.728500,116,5.720347,88,2.473291,0,1,0
F3,YBa2Cu3O7_553_Frenkel3_331.traj,1458,0.729000,116,5.720973,88,2.474754,0,1,0
F3,YBa2Cu3O7_553_Frenkel3_331.traj,1459,0.729500,116,5.721631,88,2.476292,0,1,0
F3,YBa2Cu3O7_553_Frenkel3_331.traj,1460,0.730000,116,5.722291,88,2.477827,0,1,0
F3,YBa2Cu3O7_553_Frenkel3_331.traj,1461,0.730500,116,5.722993,88,2.479357,0,1,0
F3,YBa2Cu3O7_553_Frenkel3_331.traj,1462,0.731000,116,5.723727,88,2.480874,0,1,0
F3,YBa2Cu3O7_553_Frenkel3_331.traj,1463,0.731500,116,5.724467,88,2.482396,0,1,0
F3,YBa2Cu3O7_553_Frenkel3_331.traj,1464,0.732000,116,5.725167,88,2.483898,0,1,0
F3,YBa2Cu3O7_553_Frenkel3_331.traj,1465,0.732500,116,5.725931,88,2.485424,0,1,0
F3,YBa2Cu3O7_553_Frenkel3_331.traj,1466,0.733000,116,5.726707,88,2.486969,0,1,0
F3,YBa2Cu3O7_553_Frenkel3_331.traj,1467,0.733500,116,5.727485,88,2.488559,0,1,0
F3,YBa2Cu3O7_553_Frenkel3_331.traj,1468,0.734000,116,5.728258,88,2.490141,0,1,0
F3,YBa2Cu3O7_553_Frenkel3_331.traj,1469,0.734500,116,5.729079,88,2.491797,0,1,0
F3,YBa2Cu3O7_553_Frenkel3_331.traj,1470,0.735000,116,5.729918,88,2.493419,0,1,0
F3,YBa2Cu3O7_553_Frenkel3_331.traj,1471,0.735500,116,5.730774,88,2.494992,0,1,0
F3,YBa2Cu3O7_553_Frenkel3_331.traj,1472,0.736000,116,5.731714,88,2.496523,0,1,0
F3,YBa2Cu3O7_553_Frenkel3_331.traj,1473,0.736500,116,5.732678,88,2.497985,0,1,0
F3,YBa2Cu3O7_553_Frenkel3_331.traj,1474,0.737000,116,5.733627,88,2.499391,0,1,0
F3,YBa2Cu3O7_553_Frenkel3_331.traj,1475,0.737500,116,5.734565,88,2.500789,0,1,0
F3,YBa2Cu3O7_553_Frenkel3_331.traj,1476,0.738000,116,5.735530,88,2.502195,0,1,0
F3,YBa2Cu3O7_553_Frenkel3_331.traj,1477,0.738500,116,5.736499,88,2.503619,0,1,0
F3,YBa2Cu3O7_553_Frenkel3_331.traj,1478,0.739000,116,5.737440,88,2.505044,0,1,0
F3,YBa2Cu3O7_553_Frenkel3_331.traj,1479,0.739500,116,5.738379,88,2.506465,0,1,0
F3,YBa2Cu3O7_553_Frenkel3_331.traj,1480,0.740000,116,5.739322,88,2.507839,0,1,0
F3,YBa2Cu3O7_553_Frenkel3_331.traj,1481,0.740500,116,5.740274,88,2.509227,0,1,0
F3,YBa2Cu3O7_553_Frenkel3_331.traj,1482,0.741000,116,5.741234,88,2.510598,0,1,0
F3,YBa2Cu3O7_553_Frenkel3_331.traj,1483,0.741500,116,5.742192,88,2.511963,0,1,0
F3,YBa2Cu3O7_553_Frenkel3_331.traj,1484,0.742000,116,5.743130,88,2.513300,0,1,0
F3,YBa2Cu3O7_553_Frenkel3_331.traj,1485,0.742500,116,5.744048,88,2.514636,0,1,0
F3,YBa2Cu3O7_553_Frenkel3_331.traj,1486,0.743000,116,5.744979,88,2.515969,0,1,0
F3,YBa2Cu3O7_553_Frenkel3_331.traj,1487,0.743500,116,5.745859,88,2.517304,0,1,0
F3,YBa2Cu3O7_553_Frenkel3_331.traj,1488,0.744000,116,5.746771,88,2.518649,0,1,0
F3,YBa2Cu3O7_553_Frenkel3_331.traj,1489,0.744500,116,5.747738,88,2.520024,0,1,0
F3,YBa2Cu3O7_553_Frenkel3_331.traj,1490,0.745000,116,5.748757,88,2.521437,0,1,0
F3,YBa2Cu3O7_553_Frenkel3_331.traj,1491,0.745500,116,5.749800,88,2.522828,0,1,0
F3,YBa2Cu3O7_553_Frenkel3_331.traj,1492,0.746000,116,5.750845,88,2.524226,0,1,0
F3,YBa2Cu3O7_553_Frenkel3_331.traj,1493,0.746500,116,5.751944,88,2.525652,0,1,0
F3,YBa2Cu3O7_553_Frenkel3_331.traj,1494,0.747000,116,5.753086,88,2.527059,0,1,0
F3,YBa2Cu3O7_553_Frenkel3_331.traj,1495,0.747500,116,5.754188,88,2.528430,0,1,0
F3,YBa2Cu3O7_553_Frenkel3_331.traj,1496,0.748000,116,5.755329,88,2.529812,0,1,0
F3,YBa2Cu3O7_553_Frenkel3_331.traj,1497,0.748500,116,5.756516,88,2.531202,0,1,0
F3,YBa2Cu3O7_553_Frenkel3_331.traj,1498,0.749000,116,5.757689,88,2.532576,0,1,0
F3,YBa2Cu3O7_553_Frenkel3_331.traj,1499,0.749500,116,5.758823,88,2.533925,0,1,0
F3,YBa2Cu3O7_553_Frenkel3_331.traj,1500,0.750000,116,5.759950,88,2.535255,0,1,0
F3,YBa2Cu3O7_553_Frenkel3_331.traj,1501,0.750500,116,5.761101,88,2.536528,0,1,0
F3,YBa2Cu3O7_553_Frenkel3_331.traj,1502,0.751000,116,5.762232,88,2.537750,0,1,0
F3,YBa2Cu3O7_553_Frenkel3_331.traj,1503,0.751500,116,5.763406,88,2.538925,0,1,0
F3,YBa2Cu3O7_553_Frenkel3_331.traj,1504,0.752000,116,5.764692,88,2.540109,0,1,0
F3,YBa2Cu3O7_553_Frenkel3_331.traj,1505,0.752500,116,5.766039,88,2.541322,0,1,0
F3,YBa2Cu3O7_553_Frenkel3_331.traj,1506,0.753000,116,5.767428,88,2.542513,0,1,0
F3,YBa2Cu3O7_553_Frenkel3_331.traj,1507,0.753500,116,5.768829,88,2.543663,0,1,0
F3,YBa2Cu3O7_553_Frenkel3_331.traj,1508,0.754000,116,5.770292,88,2.544778,0,1,0
F3,YBa2Cu3O7_553_Frenkel3_331.traj,1509,0.754500,116,5.771821,88,2.545854,0,1,0
F3,YBa2Cu3O7_553_Frenkel3_331.traj,1510,0.755000,116,5.773412,88,2.546893,0,1,0
F3,YBa2Cu3O7_553_Frenkel3_331.traj,1511,0.755500,116,5.775010,88,2.547894,0,1,0
F3,YBa2Cu3O7_553_Frenkel3_331.traj,1512,0.756000,116,5.776672,88,2.548857,0,1,0
F3,YBa2Cu3O7_553_Frenkel3_331.traj,1513,0.756500,116,5.778370,88,2.549717,0,1,0
F3,YBa2Cu3O7_553_Frenkel3_331.traj,1514,0.757000,116,5.780099,88,2.550543,0,1,0
F3,YBa2Cu3O7_553_Frenkel3_331.traj,1515,0.757500,116,5.781826,88,2.551372,0,1,0
F3,YBa2Cu3O7_553_Frenkel3_331.traj,1516,0.758000,116,5.783586,88,2.552169,0,1,0
F3,YBa2Cu3O7_553_Frenkel3_331.traj,1517,0.758500,116,5.785405,88,2.552909,0,1,0
F3,YBa2Cu3O7_553_Frenkel3_331.traj,1518,0.759000,116,5.787288,88,2.553608,0,1,0
F3,YBa2Cu3O7_553_Frenkel3_331.traj,1519,0.759500,116,5.789211,88,2.554272,0,1,0
F3,YBa2Cu3O7_553_Frenkel3_331.traj,1520,0.760000,116,5.791100,88,2.554849,0,1,0
F3,YBa2Cu3O7_553_Frenkel3_331.traj,1521,0.760500,116,5.792998,88,2.555377,0,1,0
F3,YBa2Cu3O7_553_Frenkel3_331.traj,1522,0.761000,116,5.794959,88,2.555808,0,1,0
F3,YBa2Cu3O7_553_Frenkel3_331.traj,1523,0.761500,116,5.796964,88,2.556215,0,1,0
F3,YBa2Cu3O7_553_Frenkel3_331.traj,1524,0.762000,116,5.798999,88,2.556617,0,1,0
F3,YBa2Cu3O7_553_Frenkel3_331.traj,1525,0.762500,116,5.801063,88,2.556963,0,1,0
F3,YBa2Cu3O7_553_Frenkel3_331.traj,1526,0.763000,116,5.803152,88,2.557304,0,1,0
F3,YBa2Cu3O7_553_Frenkel3_331.traj,1527,0.763500,116,5.805273,88,2.557612,0,1,0
F3,YBa2Cu3O7_553_Frenkel3_331.traj,1528,0.764000,116,5.807389,88,2.557853,0,1,0
F3,YBa2Cu3O7_553_Frenkel3_331.traj,1529,0.764500,116,5.809492,88,2.558088,0,1,0
F3,YBa2Cu3O7_553_Frenkel3_331.traj,1530,0.765000,116,5.811546,88,2.558296,0,1,0
F3,YBa2Cu3O7_553_Frenkel3_331.traj,1531,0.765500,116,5.813596,88,2.558448,0,1,0
F3,YBa2Cu3O7_553_Frenkel3_331.traj,1532,0.766000,116,5.815656,88,2.558562,0,1,0
F3,YBa2Cu3O7_553_Frenkel3_331.traj,1533,0.766500,116,5.817753,88,2.558605,0,1,0
F3,YBa2Cu3O7_553_Frenkel3_331.traj,1534,0.767000,116,5.819873,88,2.558591,0,1,0
F3,YBa2Cu3O7_553_Frenkel3_331.traj,1535,0.767500,116,5.822040,88,2.558529,0,1,0
F3,YBa2Cu3O7_553_Frenkel3_331.traj,1536,0.768000,116,5.824212,88,2.558433,0,1,0
F3,YBa2Cu3O7_553_Frenkel3_331.traj,1537,0.768500,116,5.826342,88,2.558305,0,1,0
F3,YBa2Cu3O7_553_Frenkel3_331.traj,1538,0.769000,116,5.828512,88,2.558178,0,1,0
F3,YBa2Cu3O7_553_Frenkel3_331.traj,1539,0.769500,116,5.830665,88,2.558015,0,1,0
F3,YBa2Cu3O7_553_Frenkel3_331.traj,1540,0.770000,116,5.832796,88,2.557769,0,1,0
F3,YBa2Cu3O7_553_Frenkel3_331.traj,1541,0.770500,116,5.834948,88,2.557399,0,1,0
F3,YBa2Cu3O7_553_Frenkel3_331.traj,1542,0.771000,116,5.837072,88,2.556979,0,1,0
F3,YBa2Cu3O7_553_Frenkel3_331.traj,1543,0.771500,116,5.839198,88,2.556546,0,1,0
F3,YBa2Cu3O7_553_Frenkel3_331.traj,1544,0.772000,116,5.841316,88,2.556096,0,1,0
F3,YBa2Cu3O7_553_Frenkel3_331.traj,1545,0.772500,116,5.843464,88,2.555585,0,1,0
F3,YBa2Cu3O7_553_Frenkel3_331.traj,1546,0.773000,116,5.845584,88,2.555056,0,1,0
F3,YBa2Cu3O7_553_Frenkel3_331.traj,1547,0.773500,116,5.847732,88,2.554496,0,1,0
F3,YBa2Cu3O7_553_Frenkel3_331.traj,1548,0.774000,116,5.849887,88,2.553877,0,1,0
F3,YBa2Cu3O7_553_Frenkel3_331.traj,1549,0.774500,116,5.852065,88,2.553201,0,1,0
F3,YBa2Cu3O7_553_Frenkel3_331.traj,1550,0.775000,116,5.854238,88,2.552440,0,1,0
F3,YBa2Cu3O7_553_Frenkel3_331.traj,1551,0.775500,116,5.856436,88,2.551627,0,1,0
F3,YBa2Cu3O7_553_Frenkel3_331.traj,1552,0.776000,116,5.858643,88,2.550750,0,1,0
F3,YBa2Cu3O7_553_Frenkel3_331.traj,1553,0.776500,116,5.860771,88,2.549824,0,1,0
F3,YBa2Cu3O7_553_Frenkel3_331.traj,1554,0.777000,116,5.862798,88,2.548896,0,1,0
F3,YBa2Cu3O7_553_Frenkel3_331.traj,1555,0.777500,116,5.864751,88,2.547924,0,1,0
F3,YBa2Cu3O7_553_Frenkel3_331.traj,1556,0.778000,116,5.866604,88,2.546971,0,1,0
F3,YBa2Cu3O7_553_Frenkel3_331.traj,1557,0.778500,116,5.868415,88,2.545975,0,1,0
F3,YBa2Cu3O7_553_Frenkel3_331.traj,1558,0.779000,116,5.870207,88,2.544911,0,1,0
F3,YBa2Cu3O7_553_Frenkel3_331.traj,1559,0.779500,116,5.871975,88,2.543785,0,1,0
F3,YBa2Cu3O7_553_Frenkel3_331.traj,1560,0.780000,116,5.873719,88,2.542606,0,1,0
F3,YBa2Cu3O7_553_Frenkel3_331.traj,1561,0.780500,116,5.875411,88,2.541359,0,1,0
F3,YBa2Cu3O7_553_Frenkel3_331.traj,1562,0.781000,116,5.877085,88,2.539986,0,1,0
F3,YBa2Cu3O7_553_Frenkel3_331.traj,1563,0.781500,116,5.878732,88,2.538539,0,1,0
F3,YBa2Cu3O7_553_Frenkel3_331.traj,1564,0.782000,116,5.880330,88,2.537026,0,1,0
F3,YBa2Cu3O7_553_Frenkel3_331.traj,1565,0.782500,116,5.881883,88,2.535443,0,1,0
F3,YBa2Cu3O7_553_Frenkel3_331.traj,1566,0.783000,116,5.883444,88,2.533847,0,1,0
F3,YBa2Cu3O7_553_Frenkel3_331.traj,1567,0.783500,116,5.885031,88,2.532241,0,1,0
F3,YBa2Cu3O7_553_Frenkel3_331.traj,1568,0.784000,116,5.886651,88,2.530585,0,1,0
F3,YBa2Cu3O7_553_Frenkel3_331.traj,1569,0.784500,116,5.888248,88,2.528926,0,1,0
F3,YBa2Cu3O7_553_Frenkel3_331.traj,1570,0.785000,116,5.889847,88,2.527271,0,1,0
F3,YBa2Cu3O7_553_Frenkel3_331.traj,1571,0.785500,116,5.891448,88,2.525547,0,1,0
F3,YBa2Cu3O7_553_Frenkel3_331.traj,1572,0.786000,116,5.893075,88,2.523752,0,1,0
F3,YBa2Cu3O7_553_Frenkel3_331.traj,1573,0.786500,116,5.894692,88,2.521933,0,1,0
F3,YBa2Cu3O7_553_Frenkel3_331.traj,1574,0.787000,116,5.896247,88,2.520092,0,1,0
F3,YBa2Cu3O7_553_Frenkel3_331.traj,1575,0.787500,116,5.897755,88,2.518249,0,1,0
F3,YBa2Cu3O7_553_Frenkel3_331.traj,1576,0.788000,116,5.899216,88,2.516414,0,1,0
F3,YBa2Cu3O7_553_Frenkel3_331.traj,1577,0.788500,116,5.900688,88,2.514567,0,1,0
F3,YBa2Cu3O7_553_Frenkel3_331.traj,1578,0.789000,116,5.902131,88,2.512696,0,1,0
F3,YBa2Cu3O7_553_Frenkel3_331.traj,1579,0.789500,116,5.903516,88,2.510784,0,1,0
F3,YBa2Cu3O7_553_Frenkel3_331.traj,1580,0.790000,116,5.904904,88,2.508870,0,1,0
F3,YBa2Cu3O7_553_Frenkel3_331.traj,1581,0.790500,116,5.906261,88,2.506916,0,1,0
F3,YBa2Cu3O7_553_Frenkel3_331.traj,1582,0.791000,116,5.907617,88,2.504932,0,1,0
F3,YBa2Cu3O7_553_Frenkel3_331.traj,1583,0.791500,116,5.908938,88,2.502956,0,1,0
F3,YBa2Cu3O7_553_Frenkel3_331.traj,1584,0.792000,116,5.910230,88,2.500968,0,1,0
F3,YBa2Cu3O7_553_Frenkel3_331.traj,1585,0.792500,116,5.911502,88,2.498903,0,1,0
F3,YBa2Cu3O7_553_Frenkel3_331.traj,1586,0.793000,116,5.912738,88,2.496824,0,1,0
F3,YBa2Cu3O7_553_Frenkel3_331.traj,1587,0.793500,116,5.913989,88,2.494715,0,1,0
F3,YBa2Cu3O7_553_Frenkel3_331.traj,1588,0.794000,116,5.915293,88,2.492578,0,1,0
F3,YBa2Cu3O7_553_Frenkel3_331.traj,1589,0.794500,116,5.916613,88,2.490409,0,1,0
F3,YBa2Cu3O7_553_Frenkel3_331.traj,1590,0.795000,116,5.917920,88,2.488273,0,1,0
F3,YBa2Cu3O7_553_Frenkel3_331.traj,1591,0.795500,116,5.919173,88,2.486157,0,1,0
F3,YBa2Cu3O7_553_Frenkel3_331.traj,1592,0.796000,116,5.920351,88,2.484026,0,1,0
F3,YBa2Cu3O7_553_Frenkel3_331.traj,1593,0.796500,116,5.921508,88,2.481855,0,1,0
F3,YBa2Cu3O7_553_Frenkel3_331.traj,1594,0.797000,116,5.922638,88,2.479679,0,1,0
F3,YBa2Cu3O7_553_Frenkel3_331.traj,1595,0.797500,116,5.923800,88,2.477480,0,1,0
F3,YBa2Cu3O7_553_Frenkel3_331.traj,1596,0.798000,116,5.924991,88,2.475246,0,1,0
F3,YBa2Cu3O7_553_Frenkel3_331.traj,1597,0.798500,116,5.926138,88,2.472979,0,1,0
F3,YBa2Cu3O7_553_Frenkel3_331.traj,1598,0.799000,116,5.927310,88,2.470688,0,1,0
F3,YBa2Cu3O7_553_Frenkel3_331.traj,1599,0.799500,116,5.928461,88,2.468365,0,1,0
F3,YBa2Cu3O7_553_Frenkel3_331.traj,1600,0.800000,116,5.929642,88,2.466064,0,1,0
F3,YBa2Cu3O7_553_Frenkel3_331.traj,1601,0.800500,116,5.930763,88,2.463782,0,1,0
F3,YBa2Cu3O7_553_Frenkel3_331.traj,1602,0.801000,116,5.931823,88,2.461487,0,1,0
F3,YBa2Cu3O7_553_Frenkel3_331.traj,1603,0.801500,116,5.932820,88,2.459174,0,1,0
F3,YBa2Cu3O7_553_Frenkel3_331.traj,1604,0.802000,116,5.933775,88,2.456901,0,1,0
F3,YBa2Cu3O7_553_Frenkel3_331.traj,1605,0.802500,116,5.934782,88,2.454575,0,1,0
F3,YBa2Cu3O7_553_Frenkel3_331.traj,1606,0.803000,116,5.935764,88,2.452217,0,1,0
F3,YBa2Cu3O7_553_Frenkel3_331.traj,1607,0.803500,116,5.936763,88,2.449876,0,1,0
F3,YBa2Cu3O7_553_Frenkel3_331.traj,1608,0.804000,116,5.937771,88,2.447517,0,1,0
F3,YBa2Cu3O7_553_Frenkel3_331.traj,1609,0.804500,116,5.938758,88,2.445093,0,1,0
F3,YBa2Cu3O7_553_Frenkel3_331.traj,1610,0.805000,116,5.939750,88,2.442602,0,1,0
F3,YBa2Cu3O7_553_Frenkel3_331.traj,1611,0.805500,116,5.940693,88,2.440111,0,1,0
F3,YBa2Cu3O7_553_Frenkel3_331.traj,1612,0.806000,116,5.941612,88,2.437615,0,1,0
F3,YBa2Cu3O7_553_Frenkel3_331.traj,1613,0.806500,116,5.942589,88,2.435151,0,1,0
F3,YBa2Cu3O7_553_Frenkel3_331.traj,1614,0.807000,116,5.943612,88,2.432711,0,1,0
F3,YBa2Cu3O7_553_Frenkel3_331.traj,1615,0.807500,116,5.944705,88,2.430316,0,1,0
F3,YBa2Cu3O7_553_Frenkel3_331.traj,1616,0.808000,116,5.945852,88,2.427904,0,1,0
F3,YBa2Cu3O7_553_Frenkel3_331.traj,1617,0.808500,116,5.947032,88,2.425424,0,1,0
F3,YBa2Cu3O7_553_Frenkel3_331.traj,1618,0.809000,116,5.948206,88,2.422985,0,1,0
F3,YBa2Cu3O7_553_Frenkel3_331.traj,1619,0.809500,116,5.949410,88,2.420686,0,1,0
F3,YBa2Cu3O7_553_Frenkel3_331.traj,1620,0.810000,116,5.950669,88,2.418370,0,1,0
F3,YBa2Cu3O7_553_Frenkel3_331.traj,1621,0.810500,116,5.951908,88,2.416018,0,1,0
F3,YBa2Cu3O7_553_Frenkel3_331.traj,1622,0.811000,116,5.953180,88,2.413650,0,1,0
F3,YBa2Cu3O7_553_Frenkel3_331.traj,1623,0.811500,116,5.954441,88,2.411275,0,1,0
F3,YBa2Cu3O7_553_Frenkel3_331.traj,1624,0.812000,116,5.955674,88,2.408943,0,1,0
F3,YBa2Cu3O7_553_Frenkel3_331.traj,1625,0.812500,116,5.956896,88,2.406580,0,1,0
F3,YBa2Cu3O7_553_Frenkel3_331.traj,1626,0.813000,116,5.958086,88,2.404207,0,1,0
F3,YBa2Cu3O7_553_Frenkel3_331.traj,1627,0.813500,116,5.959232,88,2.401840,0,1,0
F3,YBa2Cu3O7_553_Frenkel3_331.traj,1628,0.814000,116,5.960383,88,2.399527,0,1,0
F3,YBa2Cu3O7_553_Frenkel3_331.traj,1629,0.814500,116,5.961536,88,2.397194,0,1,0
F3,YBa2Cu3O7_553_Frenkel3_331.traj,1630,0.815000,116,5.962674,88,2.394845,0,1,0
F3,YBa2Cu3O7_553_Frenkel3_331.traj,1631,0.815500,116,5.963788,88,2.392526,0,1,0
F3,YBa2Cu3O7_553_Frenkel3_331.traj,1632,0.816000,116,5.964892,88,2.390296,0,1,0
F3,YBa2Cu3O7_553_Frenkel3_331.traj,1633,0.816500,116,5.966010,88,2.388141,0,1,0
F3,YBa2Cu3O7_553_Frenkel3_331.traj,1634,0.817000,116,5.967100,88,2.386018,0,1,0
F3,YBa2Cu3O7_553_Frenkel3_331.traj,1635,0.817500,116,5.968135,88,2.383895,0,1,0
F3,YBa2Cu3O7_553_Frenkel3_331.traj,1636,0.818000,116,5.969143,88,2.381801,0,1,0
F3,YBa2Cu3O7_553_Frenkel3_331.traj,1637,0.818500,116,5.970147,88,2.379707,0,1,0
F3,YBa2Cu3O7_553_Frenkel3_331.traj,1638,0.819000,116,5.971129,88,2.377646,0,1,0
F3,YBa2Cu3O7_553_Frenkel3_331.traj,1639,0.819500,116,5.972043,88,2.375566,0,1,0
F3,YBa2Cu3O7_553_Frenkel3_331.traj,1640,0.820000,116,5.972938,88,2.373484,0,1,0
F3,YBa2Cu3O7_553_Frenkel3_331.traj,1641,0.820500,116,5.973773,88,2.371468,0,1,0
F3,YBa2Cu3O7_553_Frenkel3_331.traj,1642,0.821000,116,5.974585,88,2.369446,0,1,0
F3,YBa2Cu3O7_553_Frenkel3_331.traj,1643,0.821500,116,5.975401,88,2.367392,0,1,0
F3,YBa2Cu3O7_553_Frenkel3_331.traj,1644,0.822000,116,5.976159,88,2.365399,0,1,0
F3,YBa2Cu3O7_553_Frenkel3_331.traj,1645,0.822500,116,5.976849,88,2.363440,0,1,0
F3,YBa2Cu3O7_553_Frenkel3_331.traj,1646,0.823000,116,5.977495,88,2.361480,0,1,0
F3,YBa2Cu3O7_553_Frenkel3_331.traj,1647,0.823500,116,5.978078,88,2.359542,0,1,0
F3,YBa2Cu3O7_553_Frenkel3_331.traj,1648,0.824000,116,5.978539,88,2.357653,0,1,0
F3,YBa2Cu3O7_553_Frenkel3_331.traj,1649,0.824500,116,5.978930,88,2.355792,0,1,0
F3,YBa2Cu3O7_553_Frenkel3_331.traj,1650,0.825000,116,5.979251,88,2.353892,0,1,0
F3,YBa2Cu3O7_553_Frenkel3_331.traj,1651,0.825500,116,5.979536,88,2.351992,0,1,0
F3,YBa2Cu3O7_553_Frenkel3_331.traj,1652,0.826000,116,5.979756,88,2.350111,0,1,0
F3,YBa2Cu3O7_553_Frenkel3_331.traj,1653,0.826500,116,5.979932,88,2.348245,0,1,0
F3,YBa2Cu3O7_553_Frenkel3_331.traj,1654,0.827000,116,5.980115,88,2.346434,0,1,0
F3,YBa2Cu3O7_553_Frenkel3_331.traj,1655,0.827500,116,5.980276,88,2.344693,0,1,0
F3,YBa2Cu3O7_553_Frenkel3_331.traj,1656,0.828000,116,5.980393,88,2.343017,0,1,0
F3,YBa2Cu3O7_553_Frenkel3_331.traj,1657,0.828500,116,5.980491,88,2.341342,0,1,0
F3,YBa2Cu3O7_553_Frenkel3_331.traj,1658,0.829000,116,5.980540,88,2.339709,0,1,0
F3,YBa2Cu3O7_553_Frenkel3_331.traj,1659,0.829500,116,5.980553,88,2.338104,0,1,0
F3,YBa2Cu3O7_553_Frenkel3_331.traj,1660,0.830000,116,5.980546,88,2.336531,0,1,0
F3,YBa2Cu3O7_553_Frenkel3_331.traj,1661,0.830500,116,5.980516,88,2.334973,0,1,0
F3,YBa2Cu3O7_553_Frenkel3_331.traj,1662,0.831000,116,5.980380,88,2.333443,0,1,0
F3,YBa2Cu3O7_553_Frenkel3_331.traj,1663,0.831500,116,5.980138,88,2.331913,0,1,0
F3,YBa2Cu3O7_553_Frenkel3_331.traj,1664,0.832000,116,5.979849,88,2.330376,0,1,0
F3,YBa2Cu3O7_553_Frenkel3_331.traj,1665,0.832500,116,5.979523,88,2.328929,0,1,0
F3,YBa2Cu3O7_553_Frenkel3_331.traj,1666,0.833000,116,5.979186,88,2.327529,0,1,0
F3,YBa2Cu3O7_553_Frenkel3_331.traj,1667,0.833500,116,5.978786,88,2.326198,0,1,0
F3,YBa2Cu3O7_553_Frenkel3_331.traj,1668,0.834000,116,5.978389,88,2.324965,0,1,0
F3,YBa2Cu3O7_553_Frenkel3_331.traj,1669,0.834500,116,5.977981,88,2.323807,0,1,0
F3,YBa2Cu3O7_553_Frenkel3_331.traj,1670,0.835000,116,5.977547,88,2.322672,0,1,0
F3,YBa2Cu3O7_553_Frenkel3_331.traj,1671,0.835500,116,5.977043,88,2.321556,0,1,0
F3,YBa2Cu3O7_553_Frenkel3_331.traj,1672,0.836000,116,5.976575,88,2.320508,0,1,0
F3,YBa2Cu3O7_553_Frenkel3_331.traj,1673,0.836500,116,5.976049,88,2.319492,0,1,0
F3,YBa2Cu3O7_553_Frenkel3_331.traj,1674,0.837000,116,5.975457,88,2.318509,0,1,0
F3,YBa2Cu3O7_553_Frenkel3_331.traj,1675,0.837500,116,5.974767,88,2.317540,0,1,0
F3,YBa2Cu3O7_553_Frenkel3_331.traj,1676,0.838000,116,5.974000,88,2.316605,0,1,0
F3,YBa2Cu3O7_553_Frenkel3_331.traj,1677,0.838500,116,5.973181,88,2.315651,0,1,0
F3,YBa2Cu3O7_553_Frenkel3_331.traj,1678,0.839000,116,5.972300,88,2.314807,0,1,0
F3,YBa2Cu3O7_553_Frenkel3_331.traj,1679,0.839500,116,5.971372,88,2.314011,0,1,0
F3,YBa2Cu3O7_553_Frenkel3_331.traj,1680,0.840000,116,5.970447,88,2.313346,0,1,0
F3,YBa2Cu3O7_553_Frenkel3_331.traj,1681,0.840500,116,5.969530,88,2.312699,0,1,0
F3,YBa2Cu3O7_553_Frenkel3_331.traj,1682,0.841000,116,5.968586,88,2.312082,0,1,0
F3,YBa2Cu3O7_553_Frenkel3_331.traj,1683,0.841500,116,5.967533,88,2.311524,0,1,0
F3,YBa2Cu3O7_553_Frenkel3_331.traj,1684,0.842000,116,5.966427,88,2.311020,0,1,0
F3,YBa2Cu3O7_553_Frenkel3_331.traj,1685,0.842500,116,5.965274,88,2.310591,0,1,0
F3,YBa2Cu3O7_553_Frenkel3_331.traj,1686,0.843000,116,5.964079,88,2.310189,0,1,0
F3,YBa2Cu3O7_553_Frenkel3_331.traj,1687,0.843500,116,5.962858,88,2.309818,0,1,0
F3,YBa2Cu3O7_553_Frenkel3_331.traj,1688,0.844000,116,5.961651,88,2.309468,0,1,0
F3,YBa2Cu3O7_553_Frenkel3_331.traj,1689,0.844500,116,5.960399,88,2.309146,0,1,0
F3,YBa2Cu3O7_553_Frenkel3_331.traj,1690,0.845000,116,5.959092,88,2.308841,0,1,0
F3,YBa2Cu3O7_553_Frenkel3_331.traj,1691,0.845500,116,5.957779,88,2.308580,0,1,0
F3,YBa2Cu3O7_553_Frenkel3_331.traj,1692,0.846000,116,5.956408,88,2.308338,0,1,0
F3,YBa2Cu3O7_553_Frenkel3_331.traj,1693,0.846500,116,5.955064,88,2.308098,0,1,0
F3,YBa2Cu3O7_553_Frenkel3_331.traj,1694,0.847000,116,5.953674,88,2.307864,0,1,0
F3,YBa2Cu3O7_553_Frenkel3_331.traj,1695,0.847500,116,5.952248,88,2.307704,0,1,0
F3,YBa2Cu3O7_553_Frenkel3_331.traj,1696,0.848000,116,5.950817,88,2.307545,0,1,0
F3,YBa2Cu3O7_553_Frenkel3_331.traj,1697,0.848500,116,5.949331,88,2.307405,0,1,0
F3,YBa2Cu3O7_553_Frenkel3_331.traj,1698,0.849000,116,5.947802,88,2.307325,0,1,0
F3,YBa2Cu3O7_553_Frenkel3_331.traj,1699,0.849500,116,5.946254,88,2.307322,0,1,0
F3,YBa2Cu3O7_553_Frenkel3_331.traj,1700,0.850000,116,5.944731,88,2.307306,0,1,0
F3,YBa2Cu3O7_553_Frenkel3_331.traj,1701,0.850500,116,5.943170,88,2.307304,0,1,0
F3,YBa2Cu3O7_553_Frenkel3_331.traj,1702,0.851000,116,5.941600,88,2.307346,0,1,0
F3,YBa2Cu3O7_553_Frenkel3_331.traj,1703,0.851500,116,5.940029,88,2.307451,0,1,0
F3,YBa2Cu3O7_553_Frenkel3_331.traj,1704,0.852000,116,5.938478,88,2.307553,0,1,0
F3,YBa2Cu3O7_553_Frenkel3_331.traj,1705,0.852500,116,5.937009,88,2.307745,0,1,0
F3,YBa2Cu3O7_553_Frenkel3_331.traj,1706,0.853000,116,5.935588,88,2.307905,0,1,0
F3,YBa2Cu3O7_553_Frenkel3_331.traj,1707,0.853500,116,5.934215,88,2.308115,0,1,0
F3,YBa2Cu3O7_553_Frenkel3_331.traj,1708,0.854000,116,5.932851,88,2.308382,0,1,0
F3,YBa2Cu3O7_553_Frenkel3_331.traj,1709,0.854500,116,5.931428,88,2.308679,0,1,0
F3,YBa2Cu3O7_553_Frenkel3_331.traj,1710,0.855000,116,5.929989,88,2.309053,0,1,0
F3,YBa2Cu3O7_553_Frenkel3_331.traj,1711,0.855500,116,5.928564,88,2.309453,0,1,0
F3,YBa2Cu3O7_553_Frenkel3_331.traj,1712,0.856000,116,5.927109,88,2.309886,0,1,0
F3,YBa2Cu3O7_553_Frenkel3_331.traj,1713,0.856500,116,5.925684,88,2.310316,0,1,0
F3,YBa2Cu3O7_553_Frenkel3_331.traj,1714,0.857000,116,5.924256,88,2.310823,0,1,0
F3,YBa2Cu3O7_553_Frenkel3_331.traj,1715,0.857500,116,5.922925,88,2.311311,0,1,0
F3,YBa2Cu3O7_553_Frenkel3_331.traj,1716,0.858000,116,5.921546,88,2.311768,0,1,0
F3,YBa2Cu3O7_553_Frenkel3_331.traj,1717,0.858500,116,5.920214,88,2.312260,0,1,0
F3,YBa2Cu3O7_553_Frenkel3_331.traj,1718,0.859000,116,5.918869,88,2.312847,0,1,0
F3,YBa2Cu3O7_553_Frenkel3_331.traj,1719,0.859500,116,5.917568,88,2.313459,0,1,0
F3,YBa2Cu3O7_553_Frenkel3_331.traj,1720,0.860000,116,5.916301,88,2.314068,0,1,0
F3,YBa2Cu3O7_553_Frenkel3_331.traj,1721,0.860500,116,5.915043,88,2.314718,0,1,0
F3,YBa2Cu3O7_553_Frenkel3_331.traj,1722,0.861000,116,5.913809,88,2.315371,0,1,0
F3,YBa2Cu3O7_553_Frenkel3_331.traj,1723,0.861500,116,5.912628,88,2.316089,0,1,0
F3,YBa2Cu3O7_553_Frenkel3_331.traj,1724,0.862000,116,5.911472,88,2.316858,0,1,0
F3,YBa2Cu3O7_553_Frenkel3_331.traj,1725,0.862500,116,5.910314,88,2.317679,0,1,0
F3,YBa2Cu3O7_553_Frenkel3_331.traj,1726,0.863000,116,5.909205,88,2.318547,0,1,0
F3,YBa2Cu3O7_553_Frenkel3_331.traj,1727,0.863500,116,5.908162,88,2.319518,0,1,0
F3,YBa2Cu3O7_553_Frenkel3_331.traj,1728,0.864000,116,5.907131,88,2.320601,0,1,0
F3,YBa2Cu3O7_553_Frenkel3_331.traj,1729,0.864500,116,5.906156,88,2.321720,0,1,0
F3,YBa2Cu3O7_553_Frenkel3_331.traj,1730,0.865000,116,5.905200,88,2.322809,0,1,0
F3,YBa2Cu3O7_553_Frenkel3_331.traj,1731,0.865500,116,5.904236,88,2.323865,0,1,0
F3,YBa2Cu3O7_553_Frenkel3_331.traj,1732,0.866000,116,5.903304,88,2.324973,0,1,0
F3,YBa2Cu3O7_553_Frenkel3_331.traj,1733,0.866500,116,5.902423,88,2.326176,0,1,0
F3,YBa2Cu3O7_553_Frenkel3_331.traj,1734,0.867000,116,5.901623,88,2.327454,0,1,0
F3,YBa2Cu3O7_553_Frenkel3_331.traj,1735,0.867500,116,5.900863,88,2.328796,0,1,0
F3,YBa2Cu3O7_553_Frenkel3_331.traj,1736,0.868000,116,5.900121,88,2.330173,0,1,0
F3,YBa2Cu3O7_553_Frenkel3_331.traj,1737,0.868500,116,5.899391,88,2.331567,0,1,0
F3,YBa2Cu3O7_553_Frenkel3_331.traj,1738,0.869000,116,5.898716,88,2.333037,0,1,0
F3,YBa2Cu3O7_553_Frenkel3_331.traj,1739,0.869500,116,5.898107,88,2.334525,0,1,0
F3,YBa2Cu3O7_553_Frenkel3_331.traj,1740,0.870000,116,5.897570,88,2.336058,0,1,0
F3,YBa2Cu3O7_553_Frenkel3_331.traj,1741,0.870500,116,5.897066,88,2.337656,0,1,0
F3,YBa2Cu3O7_553_Frenkel3_331.traj,1742,0.871000,116,5.896616,88,2.339312,0,1,0
F3,YBa2Cu3O7_553_Frenkel3_331.traj,1743,0.871500,116,5.896187,88,2.341043,0,1,0
F3,YBa2Cu3O7_553_Frenkel3_331.traj,1744,0.872000,116,5.895751,88,2.342857,0,1,0
F3,YBa2Cu3O7_553_Frenkel3_331.traj,1745,0.872500,116,5.895427,88,2.344708,0,1,0
F3,YBa2Cu3O7_553_Frenkel3_331.traj,1746,0.873000,116,5.895103,88,2.346617,0,1,0
F3,YBa2Cu3O7_553_Frenkel3_331.traj,1747,0.873500,116,5.894779,88,2.348553,0,1,0
F3,YBa2Cu3O7_553_Frenkel3_331.traj,1748,0.874000,116,5.894530,88,2.350463,0,1,0
F3,YBa2Cu3O7_553_Frenkel3_331.traj,1749,0.874500,116,5.894344,88,2.352324,0,1,0
F3,YBa2Cu3O7_553_Frenkel3_331.traj,1750,0.875000,116,5.894221,88,2.354228,0,1,0
F3,YBa2Cu3O7_553_Frenkel3_331.traj,1751,0.875500,116,5.894080,88,2.356204,0,1,0
F3,YBa2Cu3O7_553_Frenkel3_331.traj,1752,0.876000,116,5.893986,88,2.358190,0,1,0
F3,YBa2Cu3O7_553_Frenkel3_331.traj,1753,0.876500,116,5.893989,88,2.360207,0,1,0
F3,YBa2Cu3O7_553_Frenkel3_331.traj,1754,0.877000,116,5.894041,88,2.362308,0,1,0
F3,YBa2Cu3O7_553_Frenkel3_331.traj,1755,0.877500,116,5.894210,88,2.364461,0,1,0
F3,YBa2Cu3O7_553_Frenkel3_331.traj,1756,0.878000,116,5.894389,88,2.366603,0,1,0
F3,YBa2Cu3O7_553_Frenkel3_331.traj,1757,0.878500,116,5.894563,88,2.368776,0,1,0
F3,YBa2Cu3O7_553_Frenkel3_331.traj,1758,0.879000,116,5.894802,88,2.370947,0,1,0
F3,YBa2Cu3O7_553_Frenkel3_331.traj,1759,0.879500,116,5.895054,88,2.373148,0,1,0
F3,YBa2Cu3O7_553_Frenkel3_331.traj,1760,0.880000,116,5.895376,88,2.375375,0,1,0
F3,YBa2Cu3O7_553_Frenkel3_331.traj,1761,0.880500,116,5.895715,88,2.377598,0,1,0
F3,YBa2Cu3O7_553_Frenkel3_331.traj,1762,0.881000,116,5.896060,88,2.379870,0,1,0
F3,YBa2Cu3O7_553_Frenkel3_331.traj,1763,0.881500,116,5.896371,88,2.382172,0,1,0
F3,YBa2Cu3O7_553_Frenkel3_331.traj,1764,0.882000,116,5.896659,88,2.384468,0,1,0
F3,YBa2Cu3O7_553_Frenkel3_331.traj,1765,0.882500,116,5.896990,88,2.386805,0,1,0
F3,YBa2Cu3O7_553_Frenkel3_331.traj,1766,0.883000,116,5.897340,88,2.389201,0,1,0
F3,YBa2Cu3O7_553_Frenkel3_331.traj,1767,0.883500,116,5.897743,88,2.391644,0,1,0
F3,YBa2Cu3O7_553_Frenkel3_331.traj,1768,0.884000,116,5.898181,88,2.394099,0,1,0
F3,YBa2Cu3O7_553_Frenkel3_331.traj,1769,0.884500,116,5.898653,88,2.396563,0,1,0
F3,YBa2Cu3O7_553_Frenkel3_331.traj,1770,0.885000,116,5.899191,88,2.399042,0,1,0
F3,YBa2Cu3O7_553_Frenkel3_331.traj,1771,0.885500,116,5.899787,88,2.401538,0,1,0
F3,YBa2Cu3O7_553_Frenkel3_331.traj,1772,0.886000,116,5.900403,88,2.404037,0,1,0
F3,YBa2Cu3O7_553_Frenkel3_331.traj,1773,0.886500,116,5.901025,88,2.406614,0,1,0
F3,YBa2Cu3O7_553_Frenkel3_331.traj,1774,0.887000,116,5.901691,88,2.409194,0,1,0
F3,YBa2Cu3O7_553_Frenkel3_331.traj,1775,0.887500,116,5.902385,88,2.411771,0,1,0
F3,YBa2Cu3O7_553_Frenkel3_331.traj,1776,0.888000,116,5.903074,88,2.414338,0,1,0
F3,YBa2Cu3O7_553_Frenkel3_331.traj,1777,0.888500,116,5.903822,88,2.416943,0,1,0
F3,YBa2Cu3O7_553_Frenkel3_331.traj,1778,0.889000,116,5.904604,88,2.419562,0,1,0
F3,YBa2Cu3O7_553_Frenkel3_331.traj,1779,0.889500,116,5.905408,88,2.422161,0,1,0
F3,YBa2Cu3O7_553_Frenkel3_331.traj,1780,0.890000,116,5.906301,88,2.424741,0,1,0
F3,YBa2Cu3O7_553_Frenkel3_331.traj,1781,0.890500,116,5.907278,88,2.427286,0,1,0
F3,YBa2Cu3O7_553_Frenkel3_331.traj,1782,0.891000,116,5.908300,88,2.429827,0,1,0
F3,YBa2Cu3O7_553_Frenkel3_331.traj,1783,0.891500,116,5.909431,88,2.432357,0,1,0
F3,YBa2Cu3O7_553_Frenkel3_331.traj,1784,0.892000,116,5.910562,88,2.434823,0,1,0
F3,YBa2Cu3O7_553_Frenkel3_331.traj,1785,0.892500,116,5.911705,88,2.437309,0,1,0
F3,YBa2Cu3O7_553_Frenkel3_331.traj,1786,0.893000,116,5.912841,88,2.439811,0,1,0
F3,YBa2Cu3O7_553_Frenkel3_331.traj,1787,0.893500,116,5.913988,88,2.442258,0,1,0
F3,YBa2Cu3O7_553_Frenkel3_331.traj,1788,0.894000,116,5.915186,88,2.444705,0,1,0
F3,YBa2Cu3O7_553_Frenkel3_331.traj,1789,0.894500,116,5.916389,88,2.447143,0,1,0
F3,YBa2Cu3O7_553_Frenkel3_331.traj,1790,0.895000,116,5.917630,88,2.449561,0,1,0
F3,YBa2Cu3O7_553_Frenkel3_331.traj,1791,0.895500,116,5.918926,88,2.451937,0,1,0
F3,YBa2Cu3O7_553_Frenkel3_331.traj,1792,0.896000,116,5.920223,88,2.454276,0,1,0
F3,YBa2Cu3O7_553_Frenkel3_331.traj,1793,0.896500,116,5.921499,88,2.456601,0,1,0
F3,YBa2Cu3O7_553_Frenkel3_331.traj,1794,0.897000,116,5.922791,88,2.458913,0,1,0
F3,YBa2Cu3O7_553_Frenkel3_331.traj,1795,0.897500,116,5.924103,88,2.461234,0,1,0
F3,YBa2Cu3O7_553_Frenkel3_331.traj,1796,0.898000,116,5.925464,88,2.463569,0,1,0
F3,YBa2Cu3O7_553_Frenkel3_331.traj,1797,0.898500,116,5.926866,88,2.465893,0,1,0
F3,YBa2Cu3O7_553_Frenkel3_331.traj,1798,0.899000,116,5.928291,88,2.468199,0,1,0
F3,YBa2Cu3O7_553_Frenkel3_331.traj,1799,0.899500,116,5.929680,88,2.470441,0,1,0
F3,YBa2Cu3O7_553_Frenkel3_331.traj,1800,0.900000,116,5.931080,88,2.472585,0,1,0
F3,YBa2Cu3O7_553_Frenkel3_331.traj,1801,0.900500,116,5.932537,88,2.474706,0,1,0
F3,YBa2Cu3O7_553_Frenkel3_331.traj,1802,0.901000,116,5.934091,88,2.476764,0,1,0
F3,YBa2Cu3O7_553_Frenkel3_331.traj,1803,0.901500,116,5.935705,88,2.478739,0,1,0
F3,YBa2Cu3O7_553_Frenkel3_331.traj,1804,0.902000,116,5.937333,88,2.480661,0,1,0
F3,YBa2Cu3O7_553_Frenkel3_331.traj,1805,0.902500,116,5.939041,88,2.482544,0,1,0
F3,YBa2Cu3O7_553_Frenkel3_331.traj,1806,0.903000,116,5.940763,88,2.484430,0,1,0
F3,YBa2Cu3O7_553_Frenkel3_331.traj,1807,0.903500,116,5.942541,88,2.486249,0,1,0
F3,YBa2Cu3O7_553_Frenkel3_331.traj,1808,0.904000,116,5.944307,88,2.487966,0,1,0
F3,YBa2Cu3O7_553_Frenkel3_331.traj,1809,0.904500,116,5.946126,88,2.489639,0,1,0
F3,YBa2Cu3O7_553_Frenkel3_331.traj,1810,0.905000,116,5.948012,88,2.491279,0,1,0
F3,YBa2Cu3O7_553_Frenkel3_331.traj,1811,0.905500,116,5.949944,88,2.492832,0,1,0
F3,YBa2Cu3O7_553_Frenkel3_331.traj,1812,0.906000,116,5.951831,88,2.494241,0,1,0
F3,YBa2Cu3O7_553_Frenkel3_331.traj,1813,0.906500,116,5.953743,88,2.495557,0,1,0
F3,YBa2Cu3O7_553_Frenkel3_331.traj,1814,0.907000,116,5.955698,88,2.496824,0,1,0
F3,YBa2Cu3O7_553_Frenkel3_331.traj,1815,0.907500,116,5.957725,88,2.498065,0,1,0
F3,YBa2Cu3O7_553_Frenkel3_331.traj,1816,0.908000,116,5.959810,88,2.499265,0,1,0
F3,YBa2Cu3O7_553_Frenkel3_331.traj,1817,0.908500,116,5.961894,88,2.500444,0,1,0
F3,YBa2Cu3O7_553_Frenkel3_331.traj,1818,0.909000,116,5.963982,88,2.501637,0,1,0
F3,YBa2Cu3O7_553_Frenkel3_331.traj,1819,0.909500,116,5.966062,88,2.502776,0,1,0
F3,YBa2Cu3O7_553_Frenkel3_331.traj,1820,0.910000,116,5.968150,88,2.503844,0,1,0
F3,YBa2Cu3O7_553_Frenkel3_331.traj,1821,0.910500,116,5.970261,88,2.504816,0,1,0
F3,YBa2Cu3O7_553_Frenkel3_331.traj,1822,0.911000,116,5.972313,88,2.505725,0,1,0
F3,YBa2Cu3O7_553_Frenkel3_331.traj,1823,0.911500,116,5.974375,88,2.506595,0,1,0
F3,YBa2Cu3O7_553_Frenkel3_331.traj,1824,0.912000,116,5.976429,88,2.507412,0,1,0
F3,YBa2Cu3O7_553_Frenkel3_331.traj,1825,0.912500,116,5.978427,88,2.508174,0,1,0
F3,YBa2Cu3O7_553_Frenkel3_331.traj,1826,0.913000,116,5.980447,88,2.508797,0,1,0
F3,YBa2Cu3O7_553_Frenkel3_331.traj,1827,0.913500,116,5.982400,88,2.509355,0,1,0
F3,YBa2Cu3O7_553_Frenkel3_331.traj,1828,0.914000,116,5.984342,88,2.509846,0,1,0
F3,YBa2Cu3O7_553_Frenkel3_331.traj,1829,0.914500,116,5.986211,88,2.510231,0,1,0
F3,YBa2Cu3O7_553_Frenkel3_331.traj,1830,0.915000,116,5.988080,88,2.510580,0,1,0
F3,YBa2Cu3O7_553_Frenkel3_331.traj,1831,0.915500,116,5.990005,88,2.510874,0,1,0
F3,YBa2Cu3O7_553_Frenkel3_331.traj,1832,0.916000,116,5.991957,88,2.511057,0,1,0
F3,YBa2Cu3O7_553_Frenkel3_331.traj,1833,0.916500,116,5.993921,88,2.511172,0,1,0
F3,YBa2Cu3O7_553_Frenkel3_331.traj,1834,0.917000,116,5.995884,88,2.511192,0,1,0
F3,YBa2Cu3O7_553_Frenkel3_331.traj,1835,0.917500,116,5.997779,88,2.511171,0,1,0
F3,YBa2Cu3O7_553_Frenkel3_331.traj,1836,0.918000,116,5.999624,88,2.511079,0,1,0
F3,YBa2Cu3O7_553_Frenkel3_331.traj,1837,0.918500,116,6.001432,88,2.510915,0,1,0
F3,YBa2Cu3O7_553_Frenkel3_331.traj,1838,0.919000,116,6.003192,88,2.510684,0,1,0
F3,YBa2Cu3O7_553_Frenkel3_331.traj,1839,0.919500,116,6.004890,88,2.510381,0,1,0
F3,YBa2Cu3O7_553_Frenkel3_331.traj,1840,0.920000,116,6.006533,88,2.510022,0,1,0
F3,YBa2Cu3O7_553_Frenkel3_331.traj,1841,0.920500,116,6.008194,88,2.509570,0,1,0
F3,YBa2Cu3O7_553_Frenkel3_331.traj,1842,0.921000,116,6.009821,88,2.509023,0,1,0
F3,YBa2Cu3O7_553_Frenkel3_331.traj,1843,0.921500,116,6.011482,88,2.508471,0,1,0
F3,YBa2Cu3O7_553_Frenkel3_331.traj,1844,0.922000,116,6.013177,88,2.507906,0,1,0
F3,YBa2Cu3O7_553_Frenkel3_331.traj,1845,0.922500,116,6.014892,88,2.507261,0,1,0
F3,YBa2Cu3O7_553_Frenkel3_331.traj,1846,0.923000,116,6.016552,88,2.506621,0,1,0
F3,YBa2Cu3O7_553_Frenkel3_331.traj,1847,0.923500,116,6.018118,88,2.506007,0,1,0
F3,YBa2Cu3O7_553_Frenkel3_331.traj,1848,0.924000,116,6.019680,88,2.505398,0,1,0
F3,YBa2Cu3O7_553_Frenkel3_331.traj,1849,0.924500,116,6.021272,88,2.504770,0,1,0
F3,YBa2Cu3O7_553_Frenkel3_331.traj,1850,0.925000,116,6.022894,88,2.504049,0,1,0
F3,YBa2Cu3O7_553_Frenkel3_331.traj,1851,0.925500,116,6.024471,88,2.503270,0,1,0
F3,YBa2Cu3O7_553_Frenkel3_331.traj,1852,0.926000,116,6.026004,88,2.502458,0,1,0
F3,YBa2Cu3O7_553_Frenkel3_331.traj,1853,0.926500,116,6.027442,88,2.501583,0,1,0
F3,YBa2Cu3O7_553_Frenkel3_331.traj,1854,0.927000,116,6.028888,88,2.500626,0,1,0
F3,YBa2Cu3O7_553_Frenkel3_331.traj,1855,0.927500,116,6.030305,88,2.499585,0,1,0
F3,YBa2Cu3O7_553_Frenkel3_331.traj,1856,0.928000,116,6.031632,88,2.498471,0,1,0
F3,YBa2Cu3O7_553_Frenkel3_331.traj,1857,0.928500,116,6.032909,88,2.497306,0,1,0
F3,YBa2Cu3O7_553_Frenkel3_331.traj,1858,0.929000,116,6.034150,88,2.496090,0,1,0
F3,YBa2Cu3O7_553_Frenkel3_331.traj,1859,0.929500,116,6.035378,88,2.494786,0,1,0
F3,YBa2Cu3O7_553_Frenkel3_331.traj,1860,0.930000,116,6.036528,88,2.493398,0,1,0
F3,YBa2Cu3O7_553_Frenkel3_331.traj,1861,0.930500,116,6.037573,88,2.491912,0,1,0
F3,YBa2Cu3O7_553_Frenkel3_331.traj,1862,0.931000,116,6.038539,88,2.490378,0,1,0
F3,YBa2Cu3O7_553_Frenkel3_331.traj,1863,0.931500,116,6.039419,88,2.488821,0,1,0
F3,YBa2Cu3O7_553_Frenkel3_331.traj,1864,0.932000,116,6.040214,88,2.487199,0,1,0
F3,YBa2Cu3O7_553_Frenkel3_331.traj,1865,0.932500,116,6.040960,88,2.485533,0,1,0
F3,YBa2Cu3O7_553_Frenkel3_331.traj,1866,0.933000,116,6.041634,88,2.483767,0,1,0
F3,YBa2Cu3O7_553_Frenkel3_331.traj,1867,0.933500,116,6.042255,88,2.481917,0,1,0
F3,YBa2Cu3O7_553_Frenkel3_331.traj,1868,0.934000,116,6.042841,88,2.479949,0,1,0
F3,YBa2Cu3O7_553_Frenkel3_331.traj,1869,0.934500,116,6.043384,88,2.477935,0,1,0
F3,YBa2Cu3O7_553_Frenkel3_331.traj,1870,0.935000,116,6.043852,88,2.475873,0,1,0
F3,YBa2Cu3O7_553_Frenkel3_331.traj,1871,0.935500,116,6.044333,88,2.473787,0,1,0
F3,YBa2Cu3O7_553_Frenkel3_331.traj,1872,0.936000,116,6.044809,88,2.471597,0,1,0
F3,YBa2Cu3O7_553_Frenkel3_331.traj,1873,0.936500,116,6.045219,88,2.469400,0,1,0
F3,YBa2Cu3O7_553_Frenkel3_331.traj,1874,0.937000,116,6.045555,88,2.467161,0,1,0
F3,YBa2Cu3O7_553_Frenkel3_331.traj,1875,0.937500,116,6.045903,88,2.464866,0,1,0
F3,YBa2Cu3O7_553_Frenkel3_331.traj,1876,0.938000,116,6.046190,88,2.462531,0,1,0
F3,YBa2Cu3O7_553_Frenkel3_331.traj,1877,0.938500,116,6.046477,88,2.460091,0,1,0
F3,YBa2Cu3O7_553_Frenkel3_331.traj,1878,0.939000,116,6.046748,88,2.457537,0,1,0
F3,YBa2Cu3O7_553_Frenkel3_331.traj,1879,0.939500,116,6.046951,88,2.454961,0,1,0
F3,YBa2Cu3O7_553_Frenkel3_331.traj,1880,0.940000,116,6.047091,88,2.452328,0,1,0
F3,YBa2Cu3O7_553_Frenkel3_331.traj,1881,0.940500,116,6.047085,88,2.449654,0,1,0
F3,YBa2Cu3O7_553_Frenkel3_331.traj,1882,0.941000,116,6.047025,88,2.446978,0,1,0
F3,YBa2Cu3O7_553_Frenkel3_331.traj,1883,0.941500,116,6.046948,88,2.444285,0,1,0
F3,YBa2Cu3O7_553_Frenkel3_331.traj,1884,0.942000,116,6.046756,88,2.441591,0,1,0
F3,YBa2Cu3O7_553_Frenkel3_331.traj,1885,0.942500,116,6.046514,88,2.438807,0,1,0
F3,YBa2Cu3O7_553_Frenkel3_331.traj,1886,0.943000,116,6.046223,88,2.435992,0,1,0
F3,YBa2Cu3O7_553_Frenkel3_331.traj,1887,0.943500,116,6.045854,88,2.433212,0,1,0
F3,YBa2Cu3O7_553_Frenkel3_331.traj,1888,0.944000,116,6.045441,88,2.430424,0,1,0
F3,YBa2Cu3O7_553_Frenkel3_331.traj,1889,0.944500,116,6.045025,88,2.427615,0,1,0
F3,YBa2Cu3O7_553_Frenkel3_331.traj,1890,0.945000,116,6.044582,88,2.424818,0,1,0
F3,YBa2Cu3O7_553_Frenkel3_331.traj,1891,0.945500,116,6.044066,88,2.421926,0,1,0
F3,YBa2Cu3O7_553_Frenkel3_331.traj,1892,0.946000,116,6.043493,88,2.419012,0,1,0
F3,YBa2Cu3O7_553_Frenkel3_331.traj,1893,0.946500,116,6.042892,88,2.416016,0,1,0
F3,YBa2Cu3O7_553_Frenkel3_331.traj,1894,0.947000,116,6.042246,88,2.412899,0,1,0
F3,YBa2Cu3O7_553_Frenkel3_331.traj,1895,0.947500,116,6.041545,88,2.409767,0,1,0
F3,YBa2Cu3O7_553_Frenkel3_331.traj,1896,0.948000,116,6.040792,88,2.406595,0,1,0
F3,YBa2Cu3O7_553_Frenkel3_331.traj,1897,0.948500,116,6.040029,88,2.403482,0,1,0
F3,YBa2Cu3O7_553_Frenkel3_331.traj,1898,0.949000,116,6.039180,88,2.400381,0,1,0
F3,YBa2Cu3O7_553_Frenkel3_331.traj,1899,0.949500,116,6.038254,88,2.397266,0,1,0
F3,YBa2Cu3O7_553_Frenkel3_331.traj,1900,0.950000,116,6.037263,88,2.394161,0,1,0
F3,YBa2Cu3O7_553_Frenkel3_331.traj,1901,0.950500,116,6.036222,88,2.391119,0,1,0
F3,YBa2Cu3O7_553_Frenkel3_331.traj,1902,0.951000,116,6.035156,88,2.388069,0,1,0
F3,YBa2Cu3O7_553_Frenkel3_331.traj,1903,0.951500,116,6.033979,88,2.385025,0,1,0
F3,YBa2Cu3O7_553_Frenkel3_331.traj,1904,0.952000,116,6.032682,88,2.381981,0,1,0
F3,YBa2Cu3O7_553_Frenkel3_331.traj,1905,0.952500,116,6.031343,88,2.378957,0,1,0
F3,YBa2Cu3O7_553_Frenkel3_331.traj,1906,0.953000,116,6.029917,88,2.375935,0,1,0
F3,YBa2Cu3O7_553_Frenkel3_331.traj,1907,0.953500,116,6.028386,88,2.372858,0,1,0
F3,YBa2Cu3O7_553_Frenkel3_331.traj,1908,0.954000,116,6.026805,88,2.369782,0,1,0
F3,YBa2Cu3O7_553_Frenkel3_331.traj,1909,0.954500,116,6.025246,88,2.366651,0,1,0
F3,YBa2Cu3O7_553_Frenkel3_331.traj,1910,0.955000,116,6.023616,88,2.363474,0,1,0
F3,YBa2Cu3O7_553_Frenkel3_331.traj,1911,0.955500,116,6.021963,88,2.360296,0,1,0
F3,YBa2Cu3O7_553_Frenkel3_331.traj,1912,0.956000,116,6.020196,88,2.357176,0,1,0
F3,YBa2Cu3O7_553_Frenkel3_331.traj,1913,0.956500,116,6.018403,88,2.354108,0,1,0
F3,YBa2Cu3O7_553_Frenkel3_331.traj,1914,0.957000,116,6.016577,88,2.351113,0,1,0
F3,YBa2Cu3O7_553_Frenkel3_331.traj,1915,0.957500,116,6.014695,88,2.348184,0,1,0
F3,YBa2Cu3O7_553_Frenkel3_331.traj,1916,0.958000,116,6.012737,88,2.345316,0,1,0
F3,YBa2Cu3O7_553_Frenkel3_331.traj,1917,0.958500,116,6.010744,88,2.342514,0,1,0
F3,YBa2Cu3O7_553_Frenkel3_331.traj,1918,0.959000,116,6.008717,88,2.339717,0,1,0
F3,YBa2Cu3O7_553_Frenkel3_331.traj,1919,0.959500,116,6.006684,88,2.336968,0,1,0
F3,YBa2Cu3O7_553_Frenkel3_331.traj,1920,0.960000,116,6.004665,88,2.334287,0,1,0
F3,YBa2Cu3O7_553_Frenkel3_331.traj,1921,0.960500,116,6.002633,88,2.331648,0,1,0
F3,YBa2Cu3O7_553_Frenkel3_331.traj,1922,0.961000,116,6.000613,88,2.329037,0,1,0
F3,YBa2Cu3O7_553_Frenkel3_331.traj,1923,0.961500,116,5.998554,88,2.326488,0,1,0
F3,YBa2Cu3O7_553_Frenkel3_331.traj,1924,0.962000,116,5.996475,88,2.324013,0,1,0
F3,YBa2Cu3O7_553_Frenkel3_331.traj,1925,0.962500,116,5.994352,88,2.321503,0,1,0
F3,YBa2Cu3O7_553_Frenkel3_331.traj,1926,0.963000,116,5.992194,88,2.318982,0,1,0
F3,YBa2Cu3O7_553_Frenkel3_331.traj,1927,0.963500,116,5.990003,88,2.316505,0,1,0
F3,YBa2Cu3O7_553_Frenkel3_331.traj,1928,0.964000,116,5.987841,88,2.314112,0,1,0
F3,YBa2Cu3O7_553_Frenkel3_331.traj,1929,0.964500,116,5.985679,88,2.311734,0,1,0
F3,YBa2Cu3O7_553_Frenkel3_331.traj,1930,0.965000,116,5.983510,88,2.309415,0,1,0
F3,YBa2Cu3O7_553_Frenkel3_331.traj,1931,0.965500,116,5.981356,88,2.307227,0,1,0
F3,YBa2Cu3O7_553_Frenkel3_331.traj,1932,0.966000,116,5.979230,88,2.305178,0,1,0
F3,YBa2Cu3O7_553_Frenkel3_331.traj,1933,0.966500,116,5.977066,88,2.303240,0,1,0
F3,YBa2Cu3O7_553_Frenkel3_331.traj,1934,0.967000,116,5.974889,88,2.301375,0,1,0
F3,YBa2Cu3O7_553_Frenkel3_331.traj,1935,0.967500,116,5.972798,88,2.299587,0,1,0
F3,YBa2Cu3O7_553_Frenkel3_331.traj,1936,0.968000,116,5.970759,88,2.297857,0,1,0
F3,YBa2Cu3O7_553_Frenkel3_331.traj,1937,0.968500,116,5.968756,88,2.296179,0,1,0
F3,YBa2Cu3O7_553_Frenkel3_331.traj,1938,0.969000,116,5.966825,88,2.294556,0,1,0
F3,YBa2Cu3O7_553_Frenkel3_331.traj,1939,0.969500,116,5.964892,88,2.293025,0,1,0
F3,YBa2Cu3O7_553_Frenkel3_331.traj,1940,0.970000,116,5.963002,88,2.291548,0,1,0
F3,YBa2Cu3O7_553_Frenkel3_331.traj,1941,0.970500,116,5.961177,88,2.290143,0,1,0
F3,YBa2Cu3O7_553_Frenkel3_331.traj,1942,0.971000,116,5.959378,88,2.288860,0,1,0
F3,YBa2Cu3O7_553_Frenkel3_331.traj,1943,0.971500,116,5.957565,88,2.287665,0,1,0
F3,YBa2Cu3O7_553_Frenkel3_331.traj,1944,0.972000,116,5.955715,88,2.286565,0,1,0
F3,YBa2Cu3O7_553_Frenkel3_331.traj,1945,0.972500,116,5.953854,88,2.285588,0,1,0
F3,YBa2Cu3O7_553_Frenkel3_331.traj,1946,0.973000,116,5.952033,88,2.284678,0,1,0
F3,YBa2Cu3O7_553_Frenkel3_331.traj,1947,0.973500,116,5.950233,88,2.283847,0,1,0
F3,YBa2Cu3O7_553_Frenkel3_331.traj,1948,0.974000,116,5.948506,88,2.283137,0,1,0
F3,YBa2Cu3O7_553_Frenkel3_331.traj,1949,0.974500,116,5.946816,88,2.282546,0,1,0
F3,YBa2Cu3O7_553_Frenkel3_331.traj,1950,0.975000,116,5.945188,88,2.282048,0,1,0
F3,YBa2Cu3O7_553_Frenkel3_331.traj,1951,0.975500,116,5.943651,88,2.281515,0,1,0
F3,YBa2Cu3O7_553_Frenkel3_331.traj,1952,0.976000,116,5.942215,88,2.280980,0,1,0
F3,YBa2Cu3O7_553_Frenkel3_331.traj,1953,0.976500,116,5.940850,88,2.280478,0,1,0
F3,YBa2Cu3O7_553_Frenkel3_331.traj,1954,0.977000,116,5.939523,88,2.280035,0,1,0
F3,YBa2Cu3O7_553_Frenkel3_331.traj,1955,0.977500,116,5.938234,88,2.279671,0,1,0
F3,YBa2Cu3O7_553_Frenkel3_331.traj,1956,0.978000,116,5.936982,88,2.279349,0,1,0
F3,YBa2Cu3O7_553_Frenkel3_331.traj,1957,0.978500,116,5.935817,88,2.279045,0,1,0
F3,YBa2Cu3O7_553_Frenkel3_331.traj,1958,0.979000,116,5.934783,88,2.278776,0,1,0
F3,YBa2Cu3O7_553_Frenkel3_331.traj,1959,0.979500,116,5.933735,88,2.278567,0,1,0
F3,YBa2Cu3O7_553_Frenkel3_331.traj,1960,0.980000,116,5.932692,88,2.278454,0,1,0
F3,YBa2Cu3O7_553_Frenkel3_331.traj,1961,0.980500,116,5.931670,88,2.278396,0,1,0
F3,YBa2Cu3O7_553_Frenkel3_331.traj,1962,0.981000,116,5.930709,88,2.278411,0,1,0
F3,YBa2Cu3O7_553_Frenkel3_331.traj,1963,0.981500,116,5.929844,88,2.278432,0,1,0
F3,YBa2Cu3O7_553_Frenkel3_331.traj,1964,0.982000,116,5.928984,88,2.278493,0,1,0
F3,YBa2Cu3O7_553_Frenkel3_331.traj,1965,0.982500,116,5.928156,88,2.278609,0,1,0
F3,YBa2Cu3O7_553_Frenkel3_331.traj,1966,0.983000,116,5.927413,88,2.278817,0,1,0
F3,YBa2Cu3O7_553_Frenkel3_331.traj,1967,0.983500,116,5.926764,88,2.279119,0,1,0
F3,YBa2Cu3O7_553_Frenkel3_331.traj,1968,0.984000,116,5.926160,88,2.279487,0,1,0
F3,YBa2Cu3O7_553_Frenkel3_331.traj,1969,0.984500,116,5.925632,88,2.279877,0,1,0
F3,YBa2Cu3O7_553_Frenkel3_331.traj,1970,0.985000,116,5.925142,88,2.280323,0,1,0
F3,YBa2Cu3O7_553_Frenkel3_331.traj,1971,0.985500,116,5.924740,88,2.280869,0,1,0
F3,YBa2Cu3O7_553_Frenkel3_331.traj,1972,0.986000,116,5.924414,88,2.281515,0,1,0
F3,YBa2Cu3O7_553_Frenkel3_331.traj,1973,0.986500,116,5.924131,88,2.282283,0,1,0
F3,YBa2Cu3O7_553_Frenkel3_331.traj,1974,0.987000,116,5.923859,88,2.283080,0,1,0
F3,YBa2Cu3O7_553_Frenkel3_331.traj,1975,0.987500,116,5.923609,88,2.283950,0,1,0
F3,YBa2Cu3O7_553_Frenkel3_331.traj,1976,0.988000,116,5.923414,88,2.284867,0,1,0
F3,YBa2Cu3O7_553_Frenkel3_331.traj,1977,0.988500,116,5.923250,88,2.285803,0,1,0
F3,YBa2Cu3O7_553_Frenkel3_331.traj,1978,0.989000,116,5.923152,88,2.286798,0,1,0
F3,YBa2Cu3O7_553_Frenkel3_331.traj,1979,0.989500,116,5.923105,88,2.287837,0,1,0
F3,YBa2Cu3O7_553_Frenkel3_331.traj,1980,0.990000,116,5.923098,88,2.288886,0,1,0
F3,YBa2Cu3O7_553_Frenkel3_331.traj,1981,0.990500,116,5.923101,88,2.289982,0,1,0
F3,YBa2Cu3O7_553_Frenkel3_331.traj,1982,0.991000,116,5.923093,88,2.291077,0,1,0
F3,YBa2Cu3O7_553_Frenkel3_331.traj,1983,0.991500,116,5.923082,88,2.292233,0,1,0
F3,YBa2Cu3O7_553_Frenkel3_331.traj,1984,0.992000,116,5.923127,88,2.293464,0,1,0
F3,YBa2Cu3O7_553_Frenkel3_331.traj,1985,0.992500,116,5.923265,88,2.294685,0,1,0
F3,YBa2Cu3O7_553_Frenkel3_331.traj,1986,0.993000,116,5.923519,88,2.295958,0,1,0
F3,YBa2Cu3O7_553_Frenkel3_331.traj,1987,0.993500,116,5.923842,88,2.297239,0,1,0
F3,YBa2Cu3O7_553_Frenkel3_331.traj,1988,0.994000,116,5.924191,88,2.298555,0,1,0
F3,YBa2Cu3O7_553_Frenkel3_331.traj,1989,0.994500,116,5.924586,88,2.299955,0,1,0
F3,YBa2Cu3O7_553_Frenkel3_331.traj,1990,0.995000,116,5.925058,88,2.301432,0,1,0
F3,YBa2Cu3O7_553_Frenkel3_331.traj,1991,0.995500,116,5.925574,88,2.302922,0,1,0
F3,YBa2Cu3O7_553_Frenkel3_331.traj,1992,0.996000,116,5.926114,88,2.304479,0,1,0
F3,YBa2Cu3O7_553_Frenkel3_331.traj,1993,0.996500,116,5.926627,88,2.306050,0,1,0
F3,YBa2Cu3O7_553_Frenkel3_331.traj,1994,0.997000,116,5.927151,88,2.307672,0,1,0
F3,YBa2Cu3O7_553_Frenkel3_331.traj,1995,0.997500,116,5.927689,88,2.309287,0,1,0
F3,YBa2Cu3O7_553_Frenkel3_331.traj,1996,0.998000,116,5.928259,88,2.310934,0,1,0
F3,YBa2Cu3O7_553_Frenkel3_331.traj,1997,0.998500,116,5.928861,88,2.312649,0,1,0
F3,YBa2Cu3O7_553_Frenkel3_331.traj,1998,0.999000,116,5.929485,88,2.314348,0,1,0
F3,YBa2Cu3O7_553_Frenkel3_331.traj,1999,0.999500,116,5.930159,88,2.316108,0,1,0
F3,YBa2Cu3O7_553_Frenkel3_331.traj,2000,1.000000,116,5.930862,88,2.317901,0,1,0
F3,YBa2Cu3O7_553_Frenkel3_331.traj,2001,1.000500,116,5.931610,88,2.319710,0,1,0
F3,YBa2Cu3O7_553_Frenkel3_331.traj,2002,1.001000,116,5.932391,88,2.321589,0,1,0
F3,YBa2Cu3O7_553_Frenkel3_331.traj,2003,1.001500,116,5.933132,88,2.323543,0,1,0
F3,YBa2Cu3O7_553_Frenkel3_331.traj,2004,1.002000,116,5.933883,88,2.325542,0,1,0
F3,YBa2Cu3O7_553_Frenkel3_331.traj,2005,1.002500,116,5.934680,88,2.327565,0,1,0
F3,YBa2Cu3O7_553_Frenkel3_331.traj,2006,1.003000,116,5.935570,88,2.329577,0,1,0
F3,YBa2Cu3O7_553_Frenkel3_331.traj,2007,1.003500,116,5.936557,88,2.331567,0,1,0
F3,YBa2Cu3O7_553_Frenkel3_331.traj,2008,1.004000,116,5.937574,88,2.333513,0,1,0
F3,YBa2Cu3O7_553_Frenkel3_331.traj,2009,1.004500,116,5.938616,88,2.335483,0,1,0
F3,YBa2Cu3O7_553_Frenkel3_331.traj,2010,1.005000,116,5.939621,88,2.337462,0,1,0
F3,YBa2Cu3O7_553_Frenkel3_331.traj,2011,1.005500,116,5.940588,88,2.339502,0,1,0
F3,YBa2Cu3O7_553_Frenkel3_331.traj,2012,1.006000,116,5.941545,88,2.341589,0,1,0
F3,YBa2Cu3O7_553_Frenkel3_331.traj,2013,1.006500,116,5.942513,88,2.343711,0,1,0
F3,YBa2Cu3O7_553_Frenkel3_331.traj,2014,1.007000,116,5.943457,88,2.345878,0,1,0
F3,YBa2Cu3O7_553_Frenkel3_331.traj,2015,1.007500,116,5.944395,88,2.348126,0,1,0
F3,YBa2Cu3O7_553_Frenkel3_331.traj,2016,1.008000,116,5.945353,88,2.350398,0,1,0
F3,YBa2Cu3O7_553_Frenkel3_331.traj,2017,1.008500,116,5.946355,88,2.352702,0,1,0
F3,YBa2Cu3O7_553_Frenkel3_331.traj,2018,1.009000,116,5.947359,88,2.355049,0,1,0
F3,YBa2Cu3O7_553_Frenkel3_331.traj,2019,1.009500,116,5.948370,88,2.357438,0,1,0
F3,YBa2Cu3O7_553_Frenkel3_331.traj,2020,1.010000,116,5.949357,88,2.359864,0,1,0
F3,YBa2Cu3O7_553_Frenkel3_331.traj,2021,1.010500,116,5.950297,88,2.362318,0,1,0
F3,YBa2Cu3O7_553_Frenkel3_331.traj,2022,1.011000,116,5.951246,88,2.364790,0,1,0
F3,YBa2Cu3O7_553_Frenkel3_331.traj,2023,1.011500,116,5.952204,88,2.367250,0,1,0
F3,YBa2Cu3O7_553_Frenkel3_331.traj,2024,1.012000,116,5.953194,88,2.369696,0,1,0
F3,YBa2Cu3O7_553_Frenkel3_331.traj,2025,1.012500,116,5.954170,88,2.372169,0,1,0
F3,YBa2Cu3O7_553_Frenkel3_331.traj,2026,1.013000,116,5.955062,88,2.374621,0,1,0
F3,YBa2Cu3O7_553_Frenkel3_331.traj,2027,1.013500,116,5.955955,88,2.377136,0,1,0
F3,YBa2Cu3O7_553_Frenkel3_331.traj,2028,1.014000,116,5.956868,88,2.379616,0,1,0
F3,YBa2Cu3O7_553_Frenkel3_331.traj,2029,1.014500,116,5.957711,88,2.382052,0,1,0
F3,YBa2Cu3O7_553_Frenkel3_331.traj,2030,1.015000,116,5.958498,88,2.384527,0,1,0
F3,YBa2Cu3O7_553_Frenkel3_331.traj,2031,1.015500,116,5.959304,88,2.386913,0,1,0
F3,YBa2Cu3O7_553_Frenkel3_331.traj,2032,1.016000,116,5.960080,88,2.389279,0,1,0
F3,YBa2Cu3O7_553_Frenkel3_331.traj,2033,1.016500,116,5.960797,88,2.391669,0,1,0
F3,YBa2Cu3O7_553_Frenkel3_331.traj,2034,1.017000,116,5.961491,88,2.394080,0,1,0
F3,YBa2Cu3O7_553_Frenkel3_331.traj,2035,1.017500,116,5.962148,88,2.396493,0,1,0
F3,YBa2Cu3O7_553_Frenkel3_331.traj,2036,1.018000,116,5.962764,88,2.398872,0,1,0
F3,YBa2Cu3O7_553_Frenkel3_331.traj,2037,1.018500,116,5.963347,88,2.401263,0,1,0
F3,YBa2Cu3O7_553_Frenkel3_331.traj,2038,1.019000,116,5.963892,88,2.403584,0,1,0
F3,YBa2Cu3O7_553_Frenkel3_331.traj,2039,1.019500,116,5.964437,88,2.405862,0,1,0
F3,YBa2Cu3O7_553_Frenkel3_331.traj,2040,1.020000,116,5.964912,88,2.408198,0,1,0
F3,YBa2Cu3O7_553_Frenkel3_331.traj,2041,1.020500,116,5.965348,88,2.410495,0,1,0
F3,YBa2Cu3O7_553_Frenkel3_331.traj,2042,1.021000,116,5.965715,88,2.412746,0,1,0
F3,YBa2Cu3O7_553_Frenkel3_331.traj,2043,1.021500,116,5.966003,88,2.414983,0,1,0
F3,YBa2Cu3O7_553_Frenkel3_331.traj,2044,1.022000,116,5.966249,88,2.417214,0,1,0
F3,YBa2Cu3O7_553_Frenkel3_331.traj,2045,1.022500,116,5.966473,88,2.419478,0,1,0
F3,YBa2Cu3O7_553_Frenkel3_331.traj,2046,1.023000,116,5.966643,88,2.421719,0,1,0
F3,YBa2Cu3O7_553_Frenkel3_331.traj,2047,1.023500,116,5.966767,88,2.423964,0,1,0
F3,YBa2Cu3O7_553_Frenkel3_331.traj,2048,1.024000,116,5.966813,88,2.426221,0,1,0
F3,YBa2Cu3O7_553_Frenkel3_331.traj,2049,1.024500,116,5.966798,88,2.428496,0,1,0
F3,YBa2Cu3O7_553_Frenkel3_331.traj,2050,1.025000,116,5.966750,88,2.430794,0,1,0
F3,YBa2Cu3O7_553_Frenkel3_331.traj,2051,1.025500,116,5.966649,88,2.433092,0,1,0
F3,YBa2Cu3O7_553_Frenkel3_331.traj,2052,1.026000,116,5.966473,88,2.435365,0,1,0
F3,YBa2Cu3O7_553_Frenkel3_331.traj,2053,1.026500,116,5.966236,88,2.437607,0,1,0
F3,YBa2Cu3O7_553_Frenkel3_331.traj,2054,1.027000,116,5.965923,88,2.439878,0,1,0
F3,YBa2Cu3O7_553_Frenkel3_331.traj,2055,1.027500,116,5.965452,88,2.442184,0,1,0
F3,YBa2Cu3O7_553_Frenkel3_331.traj,2056,1.028000,116,5.964937,88,2.444473,0,1,0
F3,YBa2Cu3O7_553_Frenkel3_331.traj,2057,1.028500,116,5.964405,88,2.446771,0,1,0
F3,YBa2Cu3O7_553_Frenkel3_331.traj,2058,1.029000,116,5.963798,88,2.449059,0,1,0
F3,YBa2Cu3O7_553_Frenkel3_331.traj,2059,1.029500,116,5.963076,88,2.451370,0,1,0
F3,YBa2Cu3O7_553_Frenkel3_331.traj,2060,1.030000,116,5.962246,88,2.453704,0,1,0
F3,YBa2Cu3O7_553_Frenkel3_331.traj,2061,1.030500,116,5.961318,88,2.456014,0,1,0
F3,YBa2Cu3O7_553_Frenkel3_331.traj,2062,1.031000,116,5.960314,88,2.458315,0,1,0
F3,YBa2Cu3O7_553_Frenkel3_331.traj,2063,1.031500,116,5.959243,88,2.460597,0,1,0
F3,YBa2Cu3O7_553_Frenkel3_331.traj,2064,1.032000,116,5.958084,88,2.462869,0,1,0
F3,YBa2Cu3O7_553_Frenkel3_331.traj,2065,1.032500,116,5.956824,88,2.465116,0,1,0
F3,YBa2Cu3O7_553_Frenkel3_331.traj,2066,1.033000,116,5.955526,88,2.467284,0,1,0
F3,YBa2Cu3O7_553_Frenkel3_331.traj,2067,1.033500,116,5.954105,88,2.469387,0,1,0
F3,YBa2Cu3O7_553_Frenkel3_331.traj,2068,1.034000,116,5.952549,88,2.471521,0,1,0
F3,YBa2Cu3O7_553_Frenkel3_331.traj,2069,1.034500,116,5.950873,88,2.473764,0,1,0
F3,YBa2Cu3O7_553_Frenkel3_331.traj,2070,1.035000,116,5.949056,88,2.476016,0,1,0
F3,YBa2Cu3O7_553_Frenkel3_331.traj,2071,1.035500,116,5.947186,88,2.478254,0,1,0
F3,YBa2Cu3O7_553_Frenkel3_331.traj,2072,1.036000,116,5.945249,88,2.480521,0,1,0
F3,YBa2Cu3O7_553_Frenkel3_331.traj,2073,1.036500,116,5.943235,88,2.482769,0,1,0
F3,YBa2Cu3O7_553_Frenkel3_331.traj,2074,1.037000,116,5.941139,88,2.485005,0,1,0
F3,YBa2Cu3O7_553_Frenkel3_331.traj,2075,1.037500,116,5.938944,88,2.487248,0,1,0
F3,YBa2Cu3O7_553_Frenkel3_331.traj,2076,1.038000,116,5.936677,88,2.489458,0,1,0
F3,YBa2Cu3O7_553_Frenkel3_331.traj,2077,1.038500,116,5.934330,88,2.491616,0,1,0
F3,YBa2Cu3O7_553_Frenkel3_331.traj,2078,1.039000,116,5.931929,88,2.493842,0,1,0
F3,YBa2Cu3O7_553_Frenkel3_331.traj,2079,1.039500,116,5.929459,88,2.496054,0,1,0
F3,YBa2Cu3O7_553_Frenkel3_331.traj,2080,1.040000,116,5.926952,88,2.498192,0,1,0
F3,YBa2Cu3O7_553_Frenkel3_331.traj,2081,1.040500,116,5.924333,88,2.500317,0,1,0
F3,YBa2Cu3O7_553_Frenkel3_331.traj,2082,1.041000,116,5.921626,105,2.500986,0,2,0
F3,YBa2Cu3O7_553_Frenkel3_331.traj,2083,1.041500,116,5.918854,105,2.500159,0,2,0
F3,YBa2Cu3O7_553_Frenkel3_331.traj,2084,1.042000,116,5.916007,105,2.499388,0,2,0
F3,YBa2Cu3O7_553_Frenkel3_331.traj,2085,1.042500,116,5.913093,105,2.498626,0,2,0
F3,YBa2Cu3O7_553_Frenkel3_331.traj,2086,1.043000,116,5.910055,105,2.497870,0,2,0
F3,YBa2Cu3O7_553_Frenkel3_331.traj,2087,1.043500,116,5.906919,105,2.497199,0,2,0
F3,YBa2Cu3O7_553_Frenkel3_331.traj,2088,1.044000,116,5.903702,105,2.496653,0,2,0
F3,YBa2Cu3O7_553_Frenkel3_331.traj,2089,1.044500,116,5.900401,105,2.496165,0,2,0
F3,YBa2Cu3O7_553_Frenkel3_331.traj,2090,1.045000,116,5.897081,105,2.495673,0,2,0
F3,YBa2Cu3O7_553_Frenkel3_331.traj,2091,1.045500,116,5.893716,105,2.495224,0,2,0
F3,YBa2Cu3O7_553_Frenkel3_331.traj,2092,1.046000,116,5.890384,105,2.494783,0,2,0
F3,YBa2Cu3O7_553_Frenkel3_331.traj,2093,1.046500,116,5.887047,105,2.494399,0,2,0
F3,YBa2Cu3O7_553_Frenkel3_331.traj,2094,1.047000,116,5.883630,105,2.494129,0,2,0
F3,YBa2Cu3O7_553_Frenkel3_331.traj,2095,1.047500,116,5.880103,105,2.493899,0,2,0
F3,YBa2Cu3O7_553_Frenkel3_331.traj,2096,1.048000,116,5.876519,105,2.493678,0,2,0
F3,YBa2Cu3O7_553_Frenkel3_331.traj,2097,1.048500,116,5.872965,105,2.493487,0,2,0
F3,YBa2Cu3O7_553_Frenkel3_331.traj,2098,1.049000,116,5.869412,105,2.493280,0,2,0
F3,YBa2Cu3O7_553_Frenkel3_331.traj,2099,1.049500,116,5.865842,105,2.493079,0,2,0
F3,YBa2Cu3O7_553_Frenkel3_331.traj,2100,1.050000,116,5.862244,105,2.492913,0,2,0
F3,YBa2Cu3O7_553_Frenkel3_331.traj,2101,1.050500,116,5.858637,105,2.492806,0,2,0
F3,YBa2Cu3O7_553_Frenkel3_331.traj,2102,1.051000,116,5.855043,105,2.492739,0,2,0
F3,YBa2Cu3O7_553_Frenkel3_331.traj,2103,1.051500,116,5.851451,105,2.492691,0,2,0
F3,YBa2Cu3O7_553_Frenkel3_331.traj,2104,1.052000,116,5.847824,105,2.492679,0,2,0
F3,YBa2Cu3O7_553_Frenkel3_331.traj,2105,1.052500,116,5.844111,105,2.492746,0,2,0
F3,YBa2Cu3O7_553_Frenkel3_331.traj,2106,1.053000,116,5.840385,105,2.492888,0,2,0
F3,YBa2Cu3O7_553_Frenkel3_331.traj,2107,1.053500,116,5.836698,105,2.493092,0,2,0
F3,YBa2Cu3O7_553_Frenkel3_331.traj,2108,1.054000,116,5.833032,105,2.493408,0,2,0
F3,YBa2Cu3O7_553_Frenkel3_331.traj,2109,1.054500,116,5.829336,105,2.493815,0,2,0
F3,YBa2Cu3O7_553_Frenkel3_331.traj,2110,1.055000,116,5.825682,105,2.494323,0,2,0
F3,YBa2Cu3O7_553_Frenkel3_331.traj,2111,1.055500,116,5.822054,105,2.494938,0,2,0
F3,YBa2Cu3O7_553_Frenkel3_331.traj,2112,1.056000,116,5.818503,105,2.495681,0,2,0
F3,YBa2Cu3O7_553_Frenkel3_331.traj,2113,1.056500,116,5.815046,105,2.496493,0,2,0
F3,YBa2Cu3O7_553_Frenkel3_331.traj,2114,1.057000,116,5.811612,105,2.497357,0,2,0
F3,YBa2Cu3O7_553_Frenkel3_331.traj,2115,1.057500,116,5.808242,105,2.498261,0,2,0
F3,YBa2Cu3O7_553_Frenkel3_331.traj,2116,1.058000,116,5.804970,105,2.499206,0,2,0
F3,YBa2Cu3O7_553_Frenkel3_331.traj,2117,1.058500,116,5.801739,105,2.500214,0,2,0
F3,YBa2Cu3O7_553_Frenkel3_331.traj,2118,1.059000,116,5.798553,105,2.501314,0,2,0
F3,YBa2Cu3O7_553_Frenkel3_331.traj,2119,1.059500,116,5.795410,105,2.502494,0,2,0
F3,YBa2Cu3O7_553_Frenkel3_331.traj,2120,1.060000,116,5.792330,105,2.503805,0,2,0
F3,YBa2Cu3O7_553_Frenkel3_331.traj,2121,1.060500,116,5.789333,105,2.505185,0,2,0
F3,YBa2Cu3O7_553_Frenkel3_331.traj,2122,1.061000,116,5.786486,105,2.506609,0,2,0
F3,YBa2Cu3O7_553_Frenkel3_331.traj,2123,1.061500,116,5.783716,105,2.508148,0,2,0
F3,YBa2Cu3O7_553_Frenkel3_331.traj,2124,1.062000,116,5.781041,105,2.509780,0,2,0
F3,YBa2Cu3O7_553_Frenkel3_331.traj,2125,1.062500,116,5.778471,105,2.511463,0,2,0
F3,YBa2Cu3O7_553_Frenkel3_331.traj,2126,1.063000,116,5.775995,105,2.513221,0,2,0
F3,YBa2Cu3O7_553_Frenkel3_331.traj,2127,1.063500,116,5.773567,105,2.515045,0,2,0
F3,YBa2Cu3O7_553_Frenkel3_331.traj,2128,1.064000,116,5.771192,105,2.516932,0,2,0
F3,YBa2Cu3O7_553_Frenkel3_331.traj,2129,1.064500,116,5.768949,105,2.518913,0,2,0
F3,YBa2Cu3O7_553_Frenkel3_331.traj,2130,1.065000,116,5.766831,101,2.519311,0,2,0
F3,YBa2Cu3O7_553_Frenkel3_331.traj,2131,1.065500,116,5.764864,101,2.519505,0,2,0
F3,YBa2Cu3O7_553_Frenkel3_331.traj,2132,1.066000,116,5.763022,101,2.519730,0,2,0
F3,YBa2Cu3O7_553_Frenkel3_331.traj,2133,1.066500,116,5.761221,101,2.520019,0,2,0
F3,YBa2Cu3O7_553_Frenkel3_331.traj,2134,1.067000,116,5.759478,101,2.520397,0,2,0
F3,YBa2Cu3O7_553_Frenkel3_331.traj,2135,1.067500,116,5.757852,101,2.520749,0,2,0
F3,YBa2Cu3O7_553_Frenkel3_331.traj,2136,1.068000,116,5.756379,101,2.521069,0,2,0
F3,YBa2Cu3O7_553_Frenkel3_331.traj,2137,1.068500,116,5.755027,101,2.521377,0,2,0
F3,YBa2Cu3O7_553_Frenkel3_331.traj,2138,1.069000,116,5.753844,101,2.521670,0,2,0
F3,YBa2Cu3O7_553_Frenkel3_331.traj,2139,1.069500,116,5.752764,101,2.521987,0,2,0
F3,YBa2Cu3O7_553_Frenkel3_331.traj,2140,1.070000,116,5.751843,101,2.522355,0,2,0
F3,YBa2Cu3O7_553_Frenkel3_331.traj,2141,1.070500,116,5.751085,101,2.522837,0,2,0
F3,YBa2Cu3O7_553_Frenkel3_331.traj,2142,1.071000,116,5.750420,101,2.523415,0,2,0
F3,YBa2Cu3O7_553_Frenkel3_331.traj,2143,1.071500,116,5.749833,101,2.524012,0,2,0
F3,YBa2Cu3O7_553_Frenkel3_331.traj,2144,1.072000,116,5.749364,101,2.524615,0,2,0
F3,YBa2Cu3O7_553_Frenkel3_331.traj,2145,1.072500,116,5.749008,101,2.525219,0,2,0
F3,YBa2Cu3O7_553_Frenkel3_331.traj,2146,1.073000,116,5.748761,101,2.525796,0,2,0
F3,YBa2Cu3O7_553_Frenkel3_331.traj,2147,1.073500,116,5.748580,101,2.526355,0,2,0
F3,YBa2Cu3O7_553_Frenkel3_331.traj,2148,1.074000,116,5.748461,101,2.526896,0,2,0
F3,YBa2Cu3O7_553_Frenkel3_331.traj,2149,1.074500,116,5.748446,101,2.527430,0,2,0
F3,YBa2Cu3O7_553_Frenkel3_331.traj,2150,1.075000,116,5.748561,101,2.527934,0,2,0
F3,YBa2Cu3O7_553_Frenkel3_331.traj,2151,1.075500,116,5.748793,101,2.528396,0,2,0
F3,YBa2Cu3O7_553_Frenkel3_331.traj,2152,1.076000,116,5.749117,101,2.528871,0,2,0
F3,YBa2Cu3O7_553_Frenkel3_331.traj,2153,1.076500,116,5.749581,101,2.529387,0,2,0
F3,YBa2Cu3O7_553_Frenkel3_331.traj,2154,1.077000,116,5.750187,101,2.529925,0,2,0
F3,YBa2Cu3O7_553_Frenkel3_331.traj,2155,1.077500,116,5.750959,101,2.530522,0,2,0
F3,YBa2Cu3O7_553_Frenkel3_331.traj,2156,1.078000,116,5.751825,101,2.531131,0,2,0
F3,YBa2Cu3O7_553_Frenkel3_331.traj,2157,1.078500,116,5.752831,101,2.531794,0,2,0
F3,YBa2Cu3O7_553_Frenkel3_331.traj,2158,1.079000,116,5.753889,101,2.532542,0,2,0
F3,YBa2Cu3O7_553_Frenkel3_331.traj,2159,1.079500,116,5.755058,101,2.533365,0,2,0
F3,YBa2Cu3O7_553_Frenkel3_331.traj,2160,1.080000,116,5.756371,101,2.534221,0,2,0
F3,YBa2Cu3O7_553_Frenkel3_331.traj,2161,1.080500,116,5.757821,101,2.535126,0,2,0
F3,YBa2Cu3O7_553_Frenkel3_331.traj,2162,1.081000,116,5.759403,101,2.536069,0,2,0
F3,YBa2Cu3O7_553_Frenkel3_331.traj,2163,1.081500,116,5.761059,101,2.537033,0,2,0
F3,YBa2Cu3O7_553_Frenkel3_331.traj,2164,1.082000,116,5.762774,101,2.538030,0,2,0
F3,YBa2Cu3O7_553_Frenkel3_331.traj,2165,1.082500,116,5.764567,88,2.536498,0,1,0
F3,YBa2Cu3O7_553_Frenkel3_331.traj,2166,1.083000,116,5.766402,88,2.534827,0,1,0
F3,YBa2Cu3O7_553_Frenkel3_331.traj,2167,1.083500,116,5.768320,88,2.533089,0,1,0
F3,YBa2Cu3O7_553_Frenkel3_331.traj,2168,1.084000,116,5.770337,88,2.531347,0,1,0
F3,YBa2Cu3O7_553_Frenkel3_331.traj,2169,1.084500,116,5.772419,88,2.529598,0,1,0
F3,YBa2Cu3O7_553_Frenkel3_331.traj,2170,1.085000,116,5.774496,88,2.527785,0,1,0
F3,YBa2Cu3O7_553_Frenkel3_331.traj,2171,1.085500,116,5.776642,88,2.525949,0,1,0
F3,YBa2Cu3O7_553_Frenkel3_331.traj,2172,1.086000,116,5.778863,88,2.524140,0,1,0
F3,YBa2Cu3O7_553_Frenkel3_331.traj,2173,1.086500,116,5.781129,88,2.522340,0,1,0
F3,YBa2Cu3O7_553_Frenkel3_331.traj,2174,1.087000,116,5.783453,88,2.520531,0,1,0
F3,YBa2Cu3O7_553_Frenkel3_331.traj,2175,1.087500,116,5.785804,88,2.518754,0,1,0
F3,YBa2Cu3O7_553_Frenkel3_331.traj,2176,1.088000,116,5.788145,88,2.517021,0,1,0
F3,YBa2Cu3O7_553_Frenkel3_331.traj,2177,1.088500,116,5.790443,88,2.515281,0,1,0
F3,YBa2Cu3O7_553_Frenkel3_331.traj,2178,1.089000,116,5.792748,88,2.513552,0,1,0
F3,YBa2Cu3O7_553_Frenkel3_331.traj,2179,1.089500,116,5.795038,88,2.511763,0,1,0
F3,YBa2Cu3O7_553_Frenkel3_331.traj,2180,1.090000,116,5.797314,88,2.509937,0,1,0
F3,YBa2Cu3O7_553_Frenkel3_331.traj,2181,1.090500,116,5.799582,88,2.508126,0,1,0
F3,YBa2Cu3O7_553_Frenkel3_331.traj,2182,1.091000,116,5.801881,88,2.506274,0,1,0
F3,YBa2Cu3O7_553_Frenkel3_331.traj,2183,1.091500,116,5.804198,88,2.504353,0,1,0
F3,YBa2Cu3O7_553_Frenkel3_331.traj,2184,1.092000,116,5.806562,88,2.502381,0,1,0
F3,YBa2Cu3O7_553_Frenkel3_331.traj,2185,1.092500,116,5.808965,88,2.500390,0,1,0
F3,YBa2Cu3O7_553_Frenkel3_331.traj,2186,1.093000,116,5.811381,88,2.498364,0,1,0
F3,YBa2Cu3O7_553_Frenkel3_331.traj,2187,1.093500,116,5.813813,88,2.496299,0,1,0
F3,YBa2Cu3O7_553_Frenkel3_331.traj,2188,1.094000,116,5.816224,88,2.494231,0,1,0
F3,YBa2Cu3O7_553_Frenkel3_331.traj,2189,1.094500,116,5.818592,88,2.492249,0,1,0
F3,YBa2Cu3O7_553_Frenkel3_331.traj,2190,1.095000,116,5.821008,88,2.490250,0,1,0
F3,YBa2Cu3O7_553_Frenkel3_331.traj,2191,1.095500,116,5.823474,88,2.488180,0,1,0
F3,YBa2Cu3O7_553_Frenkel3_331.traj,2192,1.096000,116,5.826021,88,2.486128,0,1,0
F3,YBa2Cu3O7_553_Frenkel3_331.traj,2193,1.096500,116,5.828633,88,2.484165,0,1,0
F3,YBa2Cu3O7_553_Frenkel3_331.traj,2194,1.097000,116,5.831245,88,2.482196,0,1,0
F3,YBa2Cu3O7_553_Frenkel3_331.traj,2195,1.097500,116,5.833810,88,2.480198,0,1,0
F3,YBa2Cu3O7_553_Frenkel3_331.traj,2196,1.098000,116,5.836373,88,2.478199,0,1,0
F3,YBa2Cu3O7_553_Frenkel3_331.traj,2197,1.098500,116,5.838918,88,2.476178,0,1,0
F3,YBa2Cu3O7_553_Frenkel3_331.traj,2198,1.099000,116,5.841435,88,2.474084,0,1,0
F3,YBa2Cu3O7_553_Frenkel3_331.traj,2199,1.099500,116,5.843929,88,2.471998,0,1,0
F3,YBa2Cu3O7_553_Frenkel3_331.traj,2200,1.100000,116,5.846332,88,2.469960,0,1,0
F3,YBa2Cu3O7_553_Frenkel3_331.traj,2201,1.100500,116,5.848749,88,2.467897,0,1,0
F3,YBa2Cu3O7_553_Frenkel3_331.traj,2202,1.101000,116,5.851091,88,2.465832,0,1,0
F3,YBa2Cu3O7_553_Frenkel3_331.traj,2203,1.101500,116,5.853338,88,2.463762,0,1,0
F3,YBa2Cu3O7_553_Frenkel3_331.traj,2204,1.102000,116,5.855494,88,2.461654,0,1,0
F3,YBa2Cu3O7_553_Frenkel3_331.traj,2205,1.102500,116,5.857604,88,2.459519,0,1,0
F3,YBa2Cu3O7_553_Frenkel3_331.traj,2206,1.103000,116,5.859688,88,2.457388,0,1,0
F3,YBa2Cu3O7_553_Frenkel3_331.traj,2207,1.103500,116,5.861701,88,2.455290,0,1,0
F3,YBa2Cu3O7_553_Frenkel3_331.traj,2208,1.104000,116,5.863635,88,2.453212,0,1,0
F3,YBa2Cu3O7_553_Frenkel3_331.traj,2209,1.104500,116,5.865543,88,2.451104,0,1,0
F3,YBa2Cu3O7_553_Frenkel3_331.traj,2210,1.105000,116,5.867442,88,2.449031,0,1,0
F3,YBa2Cu3O7_553_Frenkel3_331.traj,2211,1.105500,116,5.869358,88,2.446926,0,1,0
F3,YBa2Cu3O7_553_Frenkel3_331.traj,2212,1.106000,116,5.871265,88,2.444898,0,1,0
F3,YBa2Cu3O7_553_Frenkel3_331.traj,2213,1.106500,116,5.873096,88,2.442894,0,1,0
F3,YBa2Cu3O7_553_Frenkel3_331.traj,2214,1.107000,116,5.874827,88,2.440924,0,1,0
F3,YBa2Cu3O7_553_Frenkel3_331.traj,2215,1.107500,116,5.876503,88,2.439010,0,1,0
F3,YBa2Cu3O7_553_Frenkel3_331.traj,2216,1.108000,116,5.878166,88,2.437132,0,1,0
F3,YBa2Cu3O7_553_Frenkel3_331.traj,2217,1.108500,116,5.879821,88,2.435245,0,1,0
F3,YBa2Cu3O7_553_Frenkel3_331.traj,2218,1.109000,116,5.881429,88,2.433358,0,1,0
F3,YBa2Cu3O7_553_Frenkel3_331.traj,2219,1.109500,116,5.882986,88,2.431549,0,1,0
F3,YBa2Cu3O7_553_Frenkel3_331.traj,2220,1.110000,116,5.884541,88,2.429765,0,1,0
F3,YBa2Cu3O7_553_Frenkel3_331.traj,2221,1.110500,116,5.886020,88,2.427987,0,1,0
F3,YBa2Cu3O7_553_Frenkel3_331.traj,2222,1.111000,116,5.887427,88,2.426249,0,1,0
F3,YBa2Cu3O7_553_Frenkel3_331.traj,2223,1.111500,116,5.888807,88,2.424537,0,1,0
F3,YBa2Cu3O7_553_Frenkel3_331.traj,2224,1.112000,116,5.890177,88,2.422818,0,1,0
F3,YBa2Cu3O7_553_Frenkel3_331.traj,2225,1.112500,116,5.891485,88,2.421118,0,1,0
F3,YBa2Cu3O7_553_Frenkel3_331.traj,2226,1.113000,116,5.892753,88,2.419515,0,1,0
F3,YBa2Cu3O7_553_Frenkel3_331.traj,2227,1.113500,116,5.893963,88,2.417916,0,1,0
F3,YBa2Cu3O7_553_Frenkel3_331.traj,2228,1.114000,116,5.895097,88,2.416302,0,1,0
F3,YBa2Cu3O7_553_Frenkel3_331.traj,2229,1.114500,116,5.896218,88,2.414792,0,1,0
F3,YBa2Cu3O7_553_Frenkel3_331.traj,2230,1.115000,116,5.897306,88,2.413344,0,1,0
F3,YBa2Cu3O7_553_Frenkel3_331.traj,2231,1.115500,116,5.898329,88,2.411873,0,1,0
F3,YBa2Cu3O7_553_Frenkel3_331.traj,2232,1.116000,116,5.899303,88,2.410487,0,1,0
F3,YBa2Cu3O7_553_Frenkel3_331.traj,2233,1.116500,116,5.900238,88,2.409123,0,1,0
F3,YBa2Cu3O7_553_Frenkel3_331.traj,2234,1.117000,116,5.901160,88,2.407771,0,1,0
F3,YBa2Cu3O7_553_Frenkel3_331.traj,2235,1.117500,116,5.902170,88,2.406419,0,1,0
F3,YBa2Cu3O7_553_Frenkel3_331.traj,2236,1.118000,116,5.903205,88,2.405080,0,1,0
F3,YBa2Cu3O7_553_Frenkel3_331.traj,2237,1.118500,116,5.904296,88,2.403731,0,1,0
F3,YBa2Cu3O7_553_Frenkel3_331.traj,2238,1.119000,116,5.905391,88,2.402425,0,1,0
F3,YBa2Cu3O7_553_Frenkel3_331.traj,2239,1.119500,116,5.906514,88,2.401157,0,1,0
F3,YBa2Cu3O7_553_Frenkel3_331.traj,2240,1.120000,116,5.907617,88,2.399977,0,1,0
F3,YBa2Cu3O7_553_Frenkel3_331.traj,2241,1.120500,116,5.908651,88,2.398840,0,1,0
F3,YBa2Cu3O7_553_Frenkel3_331.traj,2242,1.121000,116,5.909696,88,2.397720,0,1,0
F3,YBa2Cu3O7_553_Frenkel3_331.traj,2243,1.121500,116,5.910730,88,2.396634,0,1,0
F3,YBa2Cu3O7_553_Frenkel3_331.traj,2244,1.122000,116,5.911771,88,2.395581,0,1,0
F3,YBa2Cu3O7_553_Frenkel3_331.traj,2245,1.122500,116,5.912790,88,2.394561,0,1,0
F3,YBa2Cu3O7_553_Frenkel3_331.traj,2246,1.123000,116,5.913891,88,2.393620,0,1,0
F3,YBa2Cu3O7_553_Frenkel3_331.traj,2247,1.123500,116,5.914960,88,2.392709,0,1,0
F3,YBa2Cu3O7_553_Frenkel3_331.traj,2248,1.124000,116,5.916081,88,2.391869,0,1,0
F3,YBa2Cu3O7_553_Frenkel3_331.traj,2249,1.124500,116,5.917157,88,2.391049,0,1,0
F3,YBa2Cu3O7_553_Frenkel3_331.traj,2250,1.125000,116,5.918163,88,2.390245,0,1,0
F3,YBa2Cu3O7_553_Frenkel3_331.traj,2251,1.125500,116,5.919181,88,2.389473,0,1,0
F3,YBa2Cu3O7_553_Frenkel3_331.traj,2252,1.126000,116,5.920187,88,2.388756,0,1,0
F3,YBa2Cu3O7_553_Frenkel3_331.traj,2253,1.126500,116,5.921162,88,2.388095,0,1,0
F3,YBa2Cu3O7_553_Frenkel3_331.traj,2254,1.127000,116,5.922105,88,2.387476,0,1,0
F3,YBa2Cu3O7_553_Frenkel3_331.traj,2255,1.127500,116,5.923031,88,2.386788,0,1,0
F3,YBa2Cu3O7_553_Frenkel3_331.traj,2256,1.128000,116,5.923956,88,2.386148,0,1,0
F3,YBa2Cu3O7_553_Frenkel3_331.traj,2257,1.128500,116,5.924887,88,2.385542,0,1,0
F3,YBa2Cu3O7_553_Frenkel3_331.traj,2258,1.129000,116,5.925847,88,2.384902,0,1,0
F3,YBa2Cu3O7_553_Frenkel3_331.traj,2259,1.129500,116,5.926803,88,2.384304,0,1,0
F3,YBa2Cu3O7_553_Frenkel3_331.traj,2260,1.130000,116,5.927723,88,2.383784,0,1,0
F3,YBa2Cu3O7_553_Frenkel3_331.traj,2261,1.130500,116,5.928637,88,2.383355,0,1,0
F3,YBa2Cu3O7_553_Frenkel3_331.traj,2262,1.131000,116,5.929600,88,2.383027,0,1,0
F3,YBa2Cu3O7_553_Frenkel3_331.traj,2263,1.131500,116,5.930574,88,2.382712,0,1,0
F3,YBa2Cu3O7_553_Frenkel3_331.traj,2264,1.132000,116,5.931573,88,2.382359,0,1,0
F3,YBa2Cu3O7_553_Frenkel3_331.traj,2265,1.132500,116,5.932557,88,2.381954,0,1,0
F3,YBa2Cu3O7_553_Frenkel3_331.traj,2266,1.133000,116,5.933489,88,2.381500,0,1,0
F3,YBa2Cu3O7_553_Frenkel3_331.traj,2267,1.133500,116,5.934370,88,2.381061,0,1,0
F3,YBa2Cu3O7_553_Frenkel3_331.traj,2268,1.134000,116,5.935194,88,2.380633,0,1,0
F3,YBa2Cu3O7_553_Frenkel3_331.traj,2269,1.134500,116,5.936005,88,2.380328,0,1,0
F3,YBa2Cu3O7_553_Frenkel3_331.traj,2270,1.135000,116,5.936788,88,2.380111,0,1,0
F3,YBa2Cu3O7_553_Frenkel3_331.traj,2271,1.135500,116,5.937589,88,2.379931,0,1,0
F3,YBa2Cu3O7_553_Frenkel3_331.traj,2272,1.136000,116,5.938336,88,2.379714,0,1,0
F3,YBa2Cu3O7_553_Frenkel3_331.traj,2273,1.136500,116,5.939028,88,2.379536,0,1,0
F3,YBa2Cu3O7_553_Frenkel3_331.traj,2274,1.137000,116,5.939661,88,2.379418,0,1,0
F3,YBa2Cu3O7_553_Frenkel3_331.traj,2275,1.137500,116,5.940268,88,2.379344,0,1,0
F3,YBa2Cu3O7_553_Frenkel3_331.traj,2276,1.138000,116,5.940857,88,2.379282,0,1,0
F3,YBa2Cu3O7_553_Frenkel3_331.traj,2277,1.138500,116,5.941415,88,2.379251,0,1,0
F3,YBa2Cu3O7_553_Frenkel3_331.traj,2278,1.139000,116,5.941918,88,2.379302,0,1,0
F3,YBa2Cu3O7_553_Frenkel3_331.traj,2279,1.139500,116,5.942401,88,2.379481,0,1,0
F3,YBa2Cu3O7_553_Frenkel3_331.traj,2280,1.140000,116,5.942837,88,2.379723,0,1,0
F3,YBa2Cu3O7_553_Frenkel3_331.traj,2281,1.140500,116,5.943225,88,2.380027,0,1,0
F3,YBa2Cu3O7_553_Frenkel3_331.traj,2282,1.141000,116,5.943684,88,2.380401,0,1,0
F3,YBa2Cu3O7_553_Frenkel3_331.traj,2283,1.141500,116,5.944137,88,2.380858,0,1,0
F3,YBa2Cu3O7_553_Frenkel3_331.traj,2284,1.142000,116,5.944539,88,2.381360,0,1,0
F3,YBa2Cu3O7_553_Frenkel3_331.traj,2285,1.142500,116,5.944952,88,2.381965,0,1,0
F3,YBa2Cu3O7_553_Frenkel3_331.traj,2286,1.143000,116,5.945386,88,2.382590,0,1,0
F3,YBa2Cu3O7_553_Frenkel3_331.traj,2287,1.143500,116,5.945794,88,2.383261,0,1,0
F3,YBa2Cu3O7_553_Frenkel3_331.traj,2288,1.144000,116,5.946139,88,2.384052,0,1,0
F3,YBa2Cu3O7_553_Frenkel3_331.traj,2289,1.144500,116,5.946516,88,2.384920,0,1,0
F3,YBa2Cu3O7_553_Frenkel3_331.traj,2290,1.145000,116,5.946883,88,2.385840,0,1,0
F3,YBa2Cu3O7_553_Frenkel3_331.traj,2291,1.145500,116,5.947273,88,2.386813,0,1,0
F3,YBa2Cu3O7_553_Frenkel3_331.traj,2292,1.146000,116,5.947663,88,2.387799,0,1,0
F3,YBa2Cu3O7_553_Frenkel3_331.traj,2293,1.146500,116,5.948057,88,2.388815,0,1,0
F3,YBa2Cu3O7_553_Frenkel3_331.traj,2294,1.147000,116,5.948459,88,2.389868,0,1,0
F3,YBa2Cu3O7_553_Frenkel3_331.traj,2295,1.147500,116,5.948875,88,2.390945,0,1,0
F3,YBa2Cu3O7_553_Frenkel3_331.traj,2296,1.148000,116,5.949296,88,2.392050,0,1,0
F3,YBa2Cu3O7_553_Frenkel3_331.traj,2297,1.148500,116,5.949770,88,2.393187,0,1,0
F3,YBa2Cu3O7_553_Frenkel3_331.traj,2298,1.149000,116,5.950264,88,2.394378,0,1,0
F3,YBa2Cu3O7_553_Frenkel3_331.traj,2299,1.149500,116,5.950745,88,2.395612,0,1,0
F3,YBa2Cu3O7_553_Frenkel3_331.traj,2300,1.150000,116,5.951250,88,2.396920,0,1,0
F3,YBa2Cu3O7_553_Frenkel3_331.traj,2301,1.150500,116,5.951750,88,2.398225,0,1,0
F3,YBa2Cu3O7_553_Frenkel3_331.traj,2302,1.151000,116,5.952320,88,2.399484,0,1,0
F3,YBa2Cu3O7_553_Frenkel3_331.traj,2303,1.151500,116,5.952969,88,2.400767,0,1,0
F3,YBa2Cu3O7_553_Frenkel3_331.traj,2304,1.152000,116,5.953609,88,2.402168,0,1,0
F3,YBa2Cu3O7_553_Frenkel3_331.traj,2305,1.152500,116,5.954277,88,2.403659,0,1,0
F3,YBa2Cu3O7_553_Frenkel3_331.traj,2306,1.153000,116,5.954916,88,2.405214,0,1,0
F3,YBa2Cu3O7_553_Frenkel3_331.traj,2307,1.153500,116,5.955542,88,2.406837,0,1,0
F3,YBa2Cu3O7_553_Frenkel3_331.traj,2308,1.154000,116,5.956205,88,2.408565,0,1,0
F3,YBa2Cu3O7_553_Frenkel3_331.traj,2309,1.154500,116,5.956877,88,2.410387,0,1,0
F3,YBa2Cu3O7_553_Frenkel3_331.traj,2310,1.155000,116,5.957589,88,2.412255,0,1,0
F3,YBa2Cu3O7_553_Frenkel3_331.traj,2311,1.155500,116,5.958345,88,2.414125,0,1,0
F3,YBa2Cu3O7_553_Frenkel3_331.traj,2312,1.156000,116,5.959086,88,2.416015,0,1,0
F3,YBa2Cu3O7_553_Frenkel3_331.traj,2313,1.156500,116,5.959803,88,2.417901,0,1,0
F3,YBa2Cu3O7_553_Frenkel3_331.traj,2314,1.157000,116,5.960464,88,2.419732,0,1,0
F3,YBa2Cu3O7_553_Frenkel3_331.traj,2315,1.157500,116,5.961165,88,2.421549,0,1,0
F3,YBa2Cu3O7_553_Frenkel3_331.traj,2316,1.158000,116,5.961888,88,2.423352,0,1,0
F3,YBa2Cu3O7_553_Frenkel3_331.traj,2317,1.158500,116,5.962616,88,2.425159,0,1,0
F3,YBa2Cu3O7_553_Frenkel3_331.traj,2318,1.159000,116,5.963347,88,2.426948,0,1,0
F3,YBa2Cu3O7_553_Frenkel3_331.traj,2319,1.159500,116,5.964114,88,2.428710,0,1,0
F3,YBa2Cu3O7_553_Frenkel3_331.traj,2320,1.160000,116,5.964980,88,2.430464,0,1,0
F3,YBa2Cu3O7_553_Frenkel3_331.traj,2321,1.160500,116,5.965940,88,2.432258,0,1,0
F3,YBa2Cu3O7_553_Frenkel3_331.traj,2322,1.161000,116,5.966907,88,2.434058,0,1,0
F3,YBa2Cu3O7_553_Frenkel3_331.traj,2323,1.161500,116,5.967868,88,2.435869,0,1,0
F3,YBa2Cu3O7_553_Frenkel3_331.traj,2324,1.162000,116,5.968883,88,2.437692,0,1,0
F3,YBa2Cu3O7_553_Frenkel3_331.traj,2325,1.162500,116,5.969940,88,2.439538,0,1,0
F3,YBa2Cu3O7_553_Frenkel3_331.traj,2326,1.163000,116,5.971076,88,2.441382,0,1,0
F3,YBa2Cu3O7_553_Frenkel3_331.traj,2327,1.163500,116,5.972250,88,2.443219,0,1,0
F3,YBa2Cu3O7_553_Frenkel3_331.traj,2328,1.164000,116,5.973420,88,2.445120,0,1,0
F3,YBa2Cu3O7_553_Frenkel3_331.traj,2329,1.164500,116,5.974638,88,2.447065,0,1,0
F3,YBa2Cu3O7_553_Frenkel3_331.traj,2330,1.165000,116,5.975912,88,2.449064,0,1,0
F3,YBa2Cu3O7_553_Frenkel3_331.traj,2331,1.165500,116,5.977148,88,2.451094,0,1,0
F3,YBa2Cu3O7_553_Frenkel3_331.traj,2332,1.166000,116,5.978330,88,2.453085,0,1,0
F3,YBa2Cu3O7_553_Frenkel3_331.traj,2333,1.166500,116,5.979565,88,2.455118,0,1,0
F3,YBa2Cu3O7_553_Frenkel3_331.traj,2334,1.167000,116,5.980858,88,2.457141,0,1,0
F3,YBa2Cu3O7_553_Frenkel3_331.traj,2335,1.167500,116,5.982178,88,2.459112,0,1,0
F3,YBa2Cu3O7_553_Frenkel3_331.traj,2336,1.168000,116,5.983492,88,2.461019,0,1,0
F3,YBa2Cu3O7_553_Frenkel3_331.traj,2337,1.168500,116,5.984778,88,2.462926,0,1,0
F3,YBa2Cu3O7_553_Frenkel3_331.traj,2338,1.169000,116,5.986010,88,2.464850,0,1,0
F3,YBa2Cu3O7_553_Frenkel3_331.traj,2339,1.169500,116,5.987227,88,2.466778,0,1,0
F3,YBa2Cu3O7_553_Frenkel3_331.traj,2340,1.170000,116,5.988526,88,2.468711,0,1,0
F3,YBa2Cu3O7_553_Frenkel3_331.traj,2341,1.170500,116,5.989877,88,2.470600,0,1,0
F3,YBa2Cu3O7_553_Frenkel3_331.traj,2342,1.171000,116,5.991231,88,2.472449,0,1,0
F3,YBa2Cu3O7_553_Frenkel3_331.traj,2343,1.171500,116,5.992592,88,2.474258,0,1,0
F3,YBa2Cu3O7_553_Frenkel3_331.traj,2344,1.172000,116,5.993955,88,2.476094,0,1,0
F3,YBa2Cu3O7_553_Frenkel3_331.traj,2345,1.172500,116,5.995323,88,2.477988,0,1,0
F3,YBa2Cu3O7_553_Frenkel3_331.traj,2346,1.173000,116,5.996782,88,2.479877,0,1,0
F3,YBa2Cu3O7_553_Frenkel3_331.traj,2347,1.173500,116,5.998326,88,2.481729,0,1,0
F3,YBa2Cu3O7_553_Frenkel3_331.traj,2348,1.174000,116,5.999934,88,2.483497,0,1,0
F3,YBa2Cu3O7_553_Frenkel3_331.traj,2349,1.174500,116,6.001537,88,2.485201,0,1,0
F3,YBa2Cu3O7_553_Frenkel3_331.traj,2350,1.175000,116,6.003153,88,2.486900,0,1,0
F3,YBa2Cu3O7_553_Frenkel3_331.traj,2351,1.175500,116,6.004786,88,2.488548,0,1,0
F3,YBa2Cu3O7_553_Frenkel3_331.traj,2352,1.176000,116,6.006502,88,2.490178,0,1,0
F3,YBa2Cu3O7_553_Frenkel3_331.traj,2353,1.176500,116,6.008265,88,2.491793,0,1,0
F3,YBa2Cu3O7_553_Frenkel3_331.traj,2354,1.177000,116,6.010106,88,2.493403,0,1,0
F3,YBa2Cu3O7_553_Frenkel3_331.traj,2355,1.177500,116,6.011996,88,2.494973,0,1,0
F3,YBa2Cu3O7_553_Frenkel3_331.traj,2356,1.178000,116,6.013837,105,2.494510,0,2,0
F3,YBa2Cu3O7_553_Frenkel3_331.traj,2357,1.178500,116,6.015678,105,2.493705,0,2,0
F3,YBa2Cu3O7_553_Frenkel3_331.traj,2358,1.179000,116,6.017572,105,2.492865,0,2,0
F3,YBa2Cu3O7_553_Frenkel3_331.traj,2359,1.179500,116,6.019466,105,2.492060,0,2,0
F3,YBa2Cu3O7_553_Frenkel3_331.traj,2360,1.180000,116,6.021456,105,2.491289,0,2,0
F3,YBa2Cu3O7_553_Frenkel3_331.traj,2361,1.180500,116,6.023510,105,2.490558,0,2,0
F3,YBa2Cu3O7_553_Frenkel3_331.traj,2362,1.181000,116,6.025658,105,2.489899,0,2,0
F3,YBa2Cu3O7_553_Frenkel3_331.traj,2363,1.181500,116,6.027787,105,2.489258,0,2,0
F3,YBa2Cu3O7_553_Frenkel3_331.traj,2364,1.182000,116,6.029873,105,2.488620,0,2,0
F3,YBa2Cu3O7_553_Frenkel3_331.traj,2365,1.182500,116,6.031984,105,2.488000,0,2,0
F3,YBa2Cu3O7_553_Frenkel3_331.traj,2366,1.183000,116,6.034144,105,2.487385,0,2,0
F3,YBa2Cu3O7_553_Frenkel3_331.traj,2367,1.183500,116,6.036393,105,2.486782,0,2,0
F3,YBa2Cu3O7_553_Frenkel3_331.traj,2368,1.184000,116,6.038716,105,2.486164,0,2,0
F3,YBa2Cu3O7_553_Frenkel3_331.traj,2369,1.184500,116,6.041072,105,2.485609,0,2,0
F3,YBa2Cu3O7_553_Frenkel3_331.traj,2370,1.185000,116,6.043425,105,2.485115,0,2,0
F3,YBa2Cu3O7_553_Frenkel3_331.traj,2371,1.185500,116,6.045810,105,2.484653,0,2,0
F3,YBa2Cu3O7_553_Frenkel3_331.traj,2372,1.186000,116,6.048198,105,2.484225,0,2,0
F3,YBa2Cu3O7_553_Frenkel3_331.traj,2373,1.186500,116,6.050711,105,2.483836,0,2,0
F3,YBa2Cu3O7_553_Frenkel3_331.traj,2374,1.187000,116,6.053275,105,2.483507,0,2,0
F3,YBa2Cu3O7_553_Frenkel3_331.traj,2375,1.187500,116,6.055920,105,2.483261,0,2,0
F3,YBa2Cu3O7_553_Frenkel3_331.traj,2376,1.188000,116,6.058544,105,2.483016,0,2,0
F3,YBa2Cu3O7_553_Frenkel3_331.traj,2377,1.188500,116,6.061199,105,2.482817,0,2,0
F3,YBa2Cu3O7_553_Frenkel3_331.traj,2378,1.189000,116,6.063832,105,2.482629,0,2,0
F3,YBa2Cu3O7_553_Frenkel3_331.traj,2379,1.189500,116,6.066509,105,2.482525,0,2,0
F3,YBa2Cu3O7_553_Frenkel3_331.traj,2380,1.190000,116,6.069187,105,2.482536,0,2,0
F3,YBa2Cu3O7_553_Frenkel3_331.traj,2381,1.190500,116,6.071885,105,2.482563,0,2,0
F3,YBa2Cu3O7_553_Frenkel3_331.traj,2382,1.191000,116,6.074575,105,2.482626,0,2,0
F3,YBa2Cu3O7_553_Frenkel3_331.traj,2383,1.191500,116,6.077234,105,2.482742,0,2,0
F3,YBa2Cu3O7_553_Frenkel3_331.traj,2384,1.192000,116,6.079899,105,2.482863,0,2,0
F3,YBa2Cu3O7_553_Frenkel3_331.traj,2385,1.192500,116,6.082538,105,2.483011,0,2,0
F3,YBa2Cu3O7_553_Frenkel3_331.traj,2386,1.193000,116,6.085180,105,2.483167,0,2,0
F3,YBa2Cu3O7_553_Frenkel3_331.traj,2387,1.193500,116,6.087761,105,2.483366,0,2,0
F3,YBa2Cu3O7_553_Frenkel3_331.traj,2388,1.194000,116,6.090289,105,2.483629,0,2,0
F3,YBa2Cu3O7_553_Frenkel3_331.traj,2389,1.194500,116,6.092739,105,2.483937,0,2,0
F3,YBa2Cu3O7_553_Frenkel3_331.traj,2390,1.195000,116,6.095118,105,2.484283,0,2,0
F3,YBa2Cu3O7_553_Frenkel3_331.traj,2391,1.195500,116,6.097419,105,2.484688,0,2,0
F3,YBa2Cu3O7_553_Frenkel3_331.traj,2392,1.196000,116,6.099660,105,2.485132,0,2,0
F3,YBa2Cu3O7_553_Frenkel3_331.traj,2393,1.196500,116,6.101805,105,2.485623,0,2,0
F3,YBa2Cu3O7_553_Frenkel3_331.traj,2394,1.197000,116,6.103825,105,2.486122,0,2,0
F3,YBa2Cu3O7_553_Frenkel3_331.traj,2395,1.197500,116,6.105727,105,2.486659,0,2,0
F3,YBa2Cu3O7_553_Frenkel3_331.traj,2396,1.198000,116,6.107536,105,2.487238,0,2,0
F3,YBa2Cu3O7_553_Frenkel3_331.traj,2397,1.198500,116,6.109298,105,2.487856,0,2,0
F3,YBa2Cu3O7_553_Frenkel3_331.traj,2398,1.199000,116,6.110967,105,2.488525,0,2,0
F3,YBa2Cu3O7_553_Frenkel3_331.traj,2399,1.199500,116,6.112563,105,2.489212,0,2,0
F3,YBa2Cu3O7_553_Frenkel3_331.traj,2400,1.200000,116,6.114055,105,2.489861,0,2,0
F3,YBa2Cu3O7_553_Frenkel3_331.traj,2401,1.200500,116,6.115415,105,2.490456,0,2,0
F3,YBa2Cu3O7_553_Frenkel3_331.traj,2402,1.201000,116,6.116684,105,2.491024,0,2,0
F3,YBa2Cu3O7_553_Frenkel3_331.traj,2403,1.201500,116,6.117957,105,2.491603,0,2,0
F3,YBa2Cu3O7_553_Frenkel3_331.traj,2404,1.202000,116,6.119187,105,2.492234,0,2,0
F3,YBa2Cu3O7_553_Frenkel3_331.traj,2405,1.202500,116,6.120380,105,2.492893,0,2,0
F3,YBa2Cu3O7_553_Frenkel3_331.traj,2406,1.203000,116,6.121580,105,2.493621,0,2,0
F3,YBa2Cu3O7_553_Frenkel3_331.traj,2407,1.203500,116,6.122708,105,2.494391,0,2,0
F3,YBa2Cu3O7_553_Frenkel3_331.traj,2408,1.204000,116,6.123733,105,2.495194,0,2,0
F3,YBa2Cu3O7_553_Frenkel3_331.traj,2409,1.204500,116,6.124669,105,2.495997,0,2,0
F3,YBa2Cu3O7_553_Frenkel3_331.traj,2410,1.205000,116,6.125597,105,2.496843,0,2,0
F3,YBa2Cu3O7_553_Frenkel3_331.traj,2411,1.205500,116,6.126480,105,2.497670,0,2,0
F3,YBa2Cu3O7_553_Frenkel3_331.traj,2412,1.206000,116,6.127221,105,2.498488,0,2,0
F3,YBa2Cu3O7_553_Frenkel3_331.traj,2413,1.206500,116,6.127857,105,2.499351,0,2,0
F3,YBa2Cu3O7_553_Frenkel3_331.traj,2414,1.207000,116,6.128420,105,2.500219,0,2,0
F3,YBa2Cu3O7_553_Frenkel3_331.traj,2415,1.207500,116,6.128959,105,2.501117,0,2,0
F3,YBa2Cu3O7_553_Frenkel3_331.traj,2416,1.208000,116,6.129480,105,2.502044,0,2,0
F3,YBa2Cu3O7_553_Frenkel3_331.traj,2417,1.208500,116,6.129891,105,2.502999,0,2,0
F3,YBa2Cu3O7_553_Frenkel3_331.traj,2418,1.209000,116,6.130168,105,2.504025,0,2,0
F3,YBa2Cu3O7_553_Frenkel3_331.traj,2419,1.209500,116,6.130269,105,2.505089,0,2,0
F3,YBa2Cu3O7_553_Frenkel3_331.traj,2420,1.210000,116,6.130272,105,2.506186,0,2,0
F3,YBa2Cu3O7_553_Frenkel3_331.traj,2421,1.210500,116,6.130159,105,2.507351,0,2,0
F3,YBa2Cu3O7_553_Frenkel3_331.traj,2422,1.211000,116,6.129962,88,2.508240,0,1,0
F3,YBa2Cu3O7_553_Frenkel3_331.traj,2423,1.211500,116,6.129692,88,2.506908,0,1,0
F3,YBa2Cu3O7_553_Frenkel3_331.traj,2424,1.212000,116,6.129392,88,2.505597,0,1,0
F3,YBa2Cu3O7_553_Frenkel3_331.traj,2425,1.212500,116,6.129072,88,2.504229,0,1,0
F3,YBa2Cu3O7_553_Frenkel3_331.traj,2426,1.213000,116,6.128661,88,2.502779,0,1,0
F3,YBa2Cu3O7_553_Frenkel3_331.traj,2427,1.213500,116,6.128186,88,2.501266,0,1,0
F3,YBa2Cu3O7_553_Frenkel3_331.traj,2428,1.214000,116,6.127693,88,2.499747,0,1,0
F3,YBa2Cu3O7_553_Frenkel3_331.traj,2429,1.214500,116,6.127199,88,2.498236,0,1,0
F3,YBa2Cu3O7_553_Frenkel3_331.traj,2430,1.215000,116,6.126684,88,2.496699,0,1,0
F3,YBa2Cu3O7_553_Frenkel3_331.traj,2431,1.215500,116,6.126133,88,2.495099,0,1,0
F3,YBa2Cu3O7_553_Frenkel3_331.traj,2432,1.216000,116,6.125580,88,2.493468,0,1,0
F3,YBa2Cu3O7_553_Frenkel3_331.traj,2433,1.216500,116,6.124991,88,2.491751,0,1,0
F3,YBa2Cu3O7_553_Frenkel3_331.traj,2434,1.217000,116,6.124313,88,2.490021,0,1,0
F3,YBa2Cu3O7_553_Frenkel3_331.traj,2435,1.217500,116,6.123574,88,2.488275,0,1,0
F3,YBa2Cu3O7_553_Frenkel3_331.traj,2436,1.218000,116,6.122806,88,2.486528,0,1,0
F3,YBa2Cu3O7_553_Frenkel3_331.traj,2437,1.218500,116,6.122024,88,2.484740,0,1,0
F3,YBa2Cu3O7_553_Frenkel3_331.traj,2438,1.219000,116,6.121208,88,2.482939,0,1,0
F3,YBa2Cu3O7_553_Frenkel3_331.traj,2439,1.219500,116,6.120320,88,2.481115,0,1,0
F3,YBa2Cu3O7_553_Frenkel3_331.traj,2440,1.220000,116,6.119370,88,2.479246,0,1,0
F3,YBa2Cu3O7_553_Frenkel3_331.traj,2441,1.220500,116,6.118394,88,2.477317,0,1,0
F3,YBa2Cu3O7_553_Frenkel3_331.traj,2442,1.221000,116,6.117343,88,2.475319,0,1,0
F3,YBa2Cu3O7_553_Frenkel3_331.traj,2443,1.221500,116,6.116290,88,2.473362,0,1,0
F3,YBa2Cu3O7_553_Frenkel3_331.traj,2444,1.222000,116,6.115125,88,2.471362,0,1,0
F3,YBa2Cu3O7_553_Frenkel3_331.traj,2445,1.222500,116,6.113895,88,2.469339,0,1,0
F3,YBa2Cu3O7_553_Frenkel3_331.traj,2446,1.223000,116,6.112634,88,2.467338,0,1,0
F3,YBa2Cu3O7_553_Frenkel3_331.traj,2447,1.223500,116,6.111382,88,2.465386,0,1,0
F3,YBa2Cu3O7_553_Frenkel3_331.traj,2448,1.224000,116,6.110153,88,2.463400,0,1,0
F3,YBa2Cu3O7_553_Frenkel3_331.traj,2449,1.224500,116,6.108927,88,2.461358,0,1,0
F3,YBa2Cu3O7_553_Frenkel3_331.traj,2450,1.225000,116,6.107715,88,2.459314,0,1,0
F3,YBa2Cu3O7_553_Frenkel3_331.traj,2451,1.225500,116,6.106507,88,2.457263,0,1,0
F3,YBa2Cu3O7_553_Frenkel3_331.traj,2452,1.226000,116,6.105246,88,2.455137,0,1,0
F3,YBa2Cu3O7_553_Frenkel3_331.traj,2453,1.226500,116,6.103991,88,2.452982,0,1,0
F3,YBa2Cu3O7_553_Frenkel3_331.traj,2454,1.227000,116,6.102738,88,2.450813,0,1,0
F3,YBa2Cu3O7_553_Frenkel3_331.traj,2455,1.227500,116,6.101418,88,2.448566,0,1,0
F3,YBa2Cu3O7_553_Frenkel3_331.traj,2456,1.228000,116,6.100078,88,2.446286,0,1,0
F3,YBa2Cu3O7_553_Frenkel3_331.traj,2457,1.228500,116,6.098737,88,2.444046,0,1,0
F3,YBa2Cu3O7_553_Frenkel3_331.traj,2458,1.229000,116,6.097402,88,2.441740,0,1,0
F3,YBa2Cu3O7_553_Frenkel3_331.traj,2459,1.229500,116,6.096050,88,2.439367,0,1,0
F3,YBa2Cu3O7_553_Frenkel3_331.traj,2460,1.230000,116,6.094741,88,2.436972,0,1,0
F3,YBa2Cu3O7_553_Frenkel3_331.traj,2461,1.230500,116,6.093428,88,2.434607,0,1,0
F3,YBa2Cu3O7_553_Frenkel3_331.traj,2462,1.231000,116,6.092115,88,2.432242,0,1,0
F3,YBa2Cu3O7_553_Frenkel3_331.traj,2463,1.231500,116,6.090751,88,2.429866,0,1,0
F3,YBa2Cu3O7_553_Frenkel3_331.traj,2464,1.232000,116,6.089261,88,2.427542,0,1,0
F3,YBa2Cu3O7_553_Frenkel3_331.traj,2465,1.232500,116,6.087675,88,2.425240,0,1,0
F3,YBa2Cu3O7_553_Frenkel3_331.traj,2466,1.233000,116,6.086078,88,2.422931,0,1,0
F3,YBa2Cu3O7_553_Frenkel3_331.traj,2467,1.233500,116,6.084435,88,2.420644,0,1,0
F3,YBa2Cu3O7_553_Frenkel3_331.traj,2468,1.234000,116,6.082787,88,2.418386,0,1,0
F3,YBa2Cu3O7_553_Frenkel3_331.traj,2469,1.234500,116,6.081151,88,2.416132,0,1,0
F3,YBa2Cu3O7_553_Frenkel3_331.traj,2470,1.235000,116,6.079533,88,2.413904,0,1,0
F3,YBa2Cu3O7_553_Frenkel3_331.traj,2471,1.235500,116,6.077894,88,2.411709,0,1,0
F3,YBa2Cu3O7_553_Frenkel3_331.traj,2472,1.236000,116,6.076239,88,2.409544,0,1,0
F3,YBa2Cu3O7_553_Frenkel3_331.traj,2473,1.236500,116,6.074564,88,2.407343,0,1,0
F3,YBa2Cu3O7_553_Frenkel3_331.traj,2474,1.237000,116,6.072847,88,2.405168,0,1,0
F3,YBa2Cu3O7_553_Frenkel3_331.traj,2475,1.237500,116,6.071115,88,2.403043,0,1,0
F3,YBa2Cu3O7_553_Frenkel3_331.traj,2476,1.238000,116,6.069358,88,2.400915,0,1,0
F3,YBa2Cu3O7_553_Frenkel3_331.traj,2477,1.238500,116,6.067530,88,2.398810,0,1,0
F3,YBa2Cu3O7_553_Frenkel3_331.traj,2478,1.239000,116,6.065683,88,2.396739,0,1,0
F3,YBa2Cu3O7_553_Frenkel3_331.traj,2479,1.239500,116,6.063870,88,2.394708,0,1,0
F3,YBa2Cu3O7_553_Frenkel3_331.traj,2480,1.240000,116,6.062071,88,2.392783,0,1,0
F3,YBa2Cu3O7_553_Frenkel3_331.traj,2481,1.240500,116,6.060327,88,2.390927,0,1,0
F3,YBa2Cu3O7_553_Frenkel3_331.traj,2482,1.241000,116,6.058609,88,2.389150,0,1,0
F3,YBa2Cu3O7_553_Frenkel3_331.traj,2483,1.241500,116,6.056958,88,2.387373,0,1,0
F3,YBa2Cu3O7_553_Frenkel3_331.traj,2484,1.242000,116,6.055350,88,2.385635,0,1,0
F3,YBa2Cu3O7_553_Frenkel3_331.traj,2485,1.242500,116,6.053756,88,2.383972,0,1,0
F3,YBa2Cu3O7_553_Frenkel3_331.traj,2486,1.243000,116,6.052149,88,2.382352,0,1,0
F3,YBa2Cu3O7_553_Frenkel3_331.traj,2487,1.243500,116,6.050540,88,2.380813,0,1,0
F3,YBa2Cu3O7_553_Frenkel3_331.traj,2488,1.244000,116,6.048928,88,2.379285,0,1,0
F3,YBa2Cu3O7_553_Frenkel3_331.traj,2489,1.244500,116,6.047339,88,2.377791,0,1,0
F3,YBa2Cu3O7_553_Frenkel3_331.traj,2490,1.245000,116,6.045797,88,2.376302,0,1,0
F3,YBa2Cu3O7_553_Frenkel3_331.traj,2491,1.245500,116,6.044304,88,2.374868,0,1,0
F3,YBa2Cu3O7_553_Frenkel3_331.traj,2492,1.246000,116,6.042842,88,2.373477,0,1,0
F3,YBa2Cu3O7_553_Frenkel3_331.traj,2493,1.246500,116,6.041386,88,2.372151,0,1,0
F3,YBa2Cu3O7_553_Frenkel3_331.traj,2494,1.247000,116,6.039902,88,2.370857,0,1,0
F3,YBa2Cu3O7_553_Frenkel3_331.traj,2495,1.247500,116,6.038488,88,2.369593,0,1,0
F3,YBa2Cu3O7_553_Frenkel3_331.traj,2496,1.248000,116,6.037099,88,2.368468,0,1,0
F3,YBa2Cu3O7_553_Frenkel3_331.traj,2497,1.248500,116,6.035714,88,2.367467,0,1,0
F3,YBa2Cu3O7_553_Frenkel3_331.traj,2498,1.249000,116,6.034377,88,2.366541,0,1,0
F3,YBa2Cu3O7_553_Frenkel3_331.traj,2499,1.249500,116,6.033079,88,2.365623,0,1,0
F3,YBa2Cu3O7_553_Frenkel3_331.traj,2500,1.250000,116,6.031826,88,2.364809,0,1,0
F3,YBa2Cu3O7_553_Frenkel3_331.traj,2501,1.250500,116,6.030607,88,2.364029,0,1,0
F3,YBa2Cu3O7_553_Frenkel3_331.traj,2502,1.251000,116,6.029423,88,2.363303,0,1,0
F3,YBa2Cu3O7_553_Frenkel3_331.traj,2503,1.251500,116,6.028223,88,2.362631,0,1,0
F3,YBa2Cu3O7_553_Frenkel3_331.traj,2504,1.252000,116,6.027068,88,2.362047,0,1,0
F3,YBa2Cu3O7_553_Frenkel3_331.traj,2505,1.252500,116,6.025984,88,2.361478,0,1,0
F3,YBa2Cu3O7_553_Frenkel3_331.traj,2506,1.253000,116,6.024959,88,2.360979,0,1,0
F3,YBa2Cu3O7_553_Frenkel3_331.traj,2507,1.253500,116,6.023966,88,2.360546,0,1,0
F3,YBa2Cu3O7_553_Frenkel3_331.traj,2508,1.254000,116,6.023014,88,2.360168,0,1,0
F3,YBa2Cu3O7_553_Frenkel3_331.traj,2509,1.254500,116,6.022082,88,2.359842,0,1,0
F3,YBa2Cu3O7_553_Frenkel3_331.traj,2510,1.255000,116,6.021147,88,2.359528,0,1,0
F3,YBa2Cu3O7_553_Frenkel3_331.traj,2511,1.255500,116,6.020188,88,2.359219,0,1,0
F3,YBa2Cu3O7_553_Frenkel3_331.traj,2512,1.256000,116,6.019279,88,2.358913,0,1,0
F3,YBa2Cu3O7_553_Frenkel3_331.traj,2513,1.256500,116,6.018371,88,2.358629,0,1,0
F3,YBa2Cu3O7_553_Frenkel3_331.traj,2514,1.257000,116,6.017428,88,2.358354,0,1,0
F3,YBa2Cu3O7_553_Frenkel3_331.traj,2515,1.257500,116,6.016465,88,2.358028,0,1,0
F3,YBa2Cu3O7_553_Frenkel3_331.traj,2516,1.258000,116,6.015513,88,2.357711,0,1,0
F3,YBa2Cu3O7_553_Frenkel3_331.traj,2517,1.258500,116,6.014595,88,2.357428,0,1,0
F3,YBa2Cu3O7_553_Frenkel3_331.traj,2518,1.259000,116,6.013713,88,2.357127,0,1,0
F3,YBa2Cu3O7_553_Frenkel3_331.traj,2519,1.259500,116,6.012905,88,2.356884,0,1,0
F3,YBa2Cu3O7_553_Frenkel3_331.traj,2520,1.260000,116,6.012158,88,2.356646,0,1,0
F3,YBa2Cu3O7_553_Frenkel3_331.traj,2521,1.260500,116,6.011412,88,2.356440,0,1,0
F3,YBa2Cu3O7_553_Frenkel3_331.traj,2522,1.261000,116,6.010688,88,2.356303,0,1,0
F3,YBa2Cu3O7_553_Frenkel3_331.traj,2523,1.261500,116,6.009945,88,2.356212,0,1,0
F3,YBa2Cu3O7_553_Frenkel3_331.traj,2524,1.262000,116,6.009239,88,2.356128,0,1,0
F3,YBa2Cu3O7_553_Frenkel3_331.traj,2525,1.262500,116,6.008532,88,2.356107,0,1,0
F3,YBa2Cu3O7_553_Frenkel3_331.traj,2526,1.263000,116,6.007812,88,2.356083,0,1,0
F3,YBa2Cu3O7_553_Frenkel3_331.traj,2527,1.263500,116,6.007042,88,2.356055,0,1,0
F3,YBa2Cu3O7_553_Frenkel3_331.traj,2528,1.264000,116,6.006322,88,2.356162,0,1,0
F3,YBa2Cu3O7_553_Frenkel3_331.traj,2529,1.264500,116,6.005530,88,2.356378,0,1,0
F3,YBa2Cu3O7_553_Frenkel3_331.traj,2530,1.265000,116,6.004695,88,2.356608,0,1,0
F3,YBa2Cu3O7_553_Frenkel3_331.traj,2531,1.265500,116,6.003814,88,2.356843,0,1,0
F3,YBa2Cu3O7_553_Frenkel3_331.traj,2532,1.266000,116,6.002909,88,2.357067,0,1,0
F3,YBa2Cu3O7_553_Frenkel3_331.traj,2533,1.266500,116,6.002060,88,2.357296,0,1,0
F3,YBa2Cu3O7_553_Frenkel3_331.traj,2534,1.267000,116,6.001257,88,2.357566,0,1,0
F3,YBa2Cu3O7_553_Frenkel3_331.traj,2535,1.267500,116,6.000344,88,2.357883,0,1,0
F3,YBa2Cu3O7_553_Frenkel3_331.traj,2536,1.268000,116,5.999415,88,2.358255,0,1,0
F3,YBa2Cu3O7_553_Frenkel3_331.traj,2537,1.268500,116,5.998431,88,2.358669,0,1,0
F3,YBa2Cu3O7_553_Frenkel3_331.traj,2538,1.269000,116,5.997424,88,2.359127,0,1,0
F3,YBa2Cu3O7_553_Frenkel3_331.traj,2539,1.269500,116,5.996464,88,2.359660,0,1,0
F3,YBa2Cu3O7_553_Frenkel3_331.traj,2540,1.270000,116,5.995536,88,2.360250,0,1,0
F3,YBa2Cu3O7_553_Frenkel3_331.traj,2541,1.270500,116,5.994615,88,2.360889,0,1,0
F3,YBa2Cu3O7_553_Frenkel3_331.traj,2542,1.271000,116,5.993571,88,2.361528,0,1,0
F3,YBa2Cu3O7_553_Frenkel3_331.traj,2543,1.271500,116,5.992452,88,2.362176,0,1,0
F3,YBa2Cu3O7_553_Frenkel3_331.traj,2544,1.272000,116,5.991339,88,2.362884,0,1,0
F3,YBa2Cu3O7_553_Frenkel3_331.traj,2545,1.272500,116,5.990226,88,2.363579,0,1,0
