case_id,traj_file,frame,time_ps,tracked_oi_atom_index,tracked_oi_to_vacancy_distance_A,nearest_O_to_vacancy_site_atom_index,nearest_O_to_vacancy_site_distance_A,vacancy_site_occupied,occupied_O_Cu_coordination,coordination_recovered
F3,YBa2Cu3O7_553_Frenkel3_113.traj,0,0.000000,39,5.902199,26,3.819000,0,1,0
F3,YBa2Cu3O7_553_Frenkel3_113.traj,1,0.000500,39,5.902223,26,3.818922,0,1,0
F3,YBa2Cu3O7_553_Frenkel3_113.traj,2,0.001000,39,5.902264,26,3.818784,0,1,0
F3,YBa2Cu3O7_553_Frenkel3_113.traj,3,0.001500,39,5.902341,26,3.818617,0,1,0
F3,YBa2Cu3O7_553_Frenkel3_113.traj,4,0.002000,39,5.902415,26,3.818435,0,1,0
F3,YBa2Cu3O7_553_Frenkel3_113.traj,5,0.002500,39,5.902479,26,3.818231,0,1,0
F3,YBa2Cu3O7_553_Frenkel3_113.traj,6,0.003000,39,5.902568,26,3.817991,0,1,0
F3,YBa2Cu3O7_553_Frenkel3_113.traj,7,0.003500,39,5.902664,26,3.817742,0,1,0
F3,YBa2Cu3O7_553_Frenkel3_113.traj,8,0.004000,39,5.902749,26,3.817461,0,1,0
F3,YBa2Cu3O7_553_Frenkel3_113.traj,9,0.004500,39,5.902915,26,3.817122,0,1,0
F3,YBa2Cu3O7_553_Frenkel3_113.traj,10,0.005000,39,5.903165,26,3.816739,0,1,0
F3,YBa2Cu3O7_553_Frenkel3_113.traj,11,0.005500,39,5.903496,26,3.816323,0,1,0
F3,YBa2Cu3O7_553_Frenkel3_113.traj,12,0.006000,39,5.903902,26,3.815869,0,1,0
F3,YBa2Cu3O7_553_Frenkel3_113.traj,13,0.006500,39,5.904291,26,3.815377,0,1,0
F3,YBa2Cu3O7_553_Frenkel3_113.traj,14,0.007000,39,5.904708,26,3.814830,0,1,0
F3,YBa2Cu3O7_553_Frenkel3_113.traj,15,0.007500,39,5.905103,26,3.814247,0,1,0
F3,YBa2Cu3O7_553_Frenkel3_113.traj,16,0.008000,39,5.905466,26,3.813657,0,1,0
F3,YBa2Cu3O7_553_Frenkel3_113.traj,17,0.008500,39,5.905805,26,3.813035,0,1,0
F3,YBa2Cu3O7_553_Frenkel3_113.traj,18,0.009000,39,5.906150,26,3.812407,0,1,0
F3,YBa2Cu3O7_553_Frenkel3_113.traj,19,0.009500,39,5.906469,26,3.811762,0,1,0
F3,YBa2Cu3O7_553_Frenkel3_113.traj,20,0.010000,39,5.906714,26,3.811058,0,1,0
F3,YBa2Cu3O7_553_Frenkel3_113.traj,21,0.010500,39,5.906921,26,3.810355,0,1,0
F3,YBa2Cu3O7_553_Frenkel3_113.traj,22,0.011000,39,5.907043,26,3.809641,0,1,0
F3,YBa2Cu3O7_553_Frenkel3_113.traj,23,0.011500,39,5.907150,26,3.808874,0,1,0
F3,YBa2Cu3O7_553_Frenkel3_113.traj,24,0.012000,39,5.907263,26,3.808184,0,1,0
F3,YBa2Cu3O7_553_Frenkel3_113.traj,25,0.012500,39,5.907372,26,3.807505,0,1,0
F3,YBa2Cu3O7_553_Frenkel3_113.traj,26,0.013000,39,5.907418,26,3.806792,0,1,0
F3,YBa2Cu3O7_553_Frenkel3_113.traj,27,0.013500,39,5.907469,26,3.806116,0,1,0
F3,YBa2Cu3O7_553_Frenkel3_113.traj,28,0.014000,39,5.907485,26,3.805471,0,1,0
F3,YBa2Cu3O7_553_Frenkel3_113.traj,29,0.014500,39,5.907434,26,3.804886,0,1,0
F3,YBa2Cu3O7_553_Frenkel3_113.traj,30,0.015000,39,5.907373,26,3.804352,0,1,0
F3,YBa2Cu3O7_553_Frenkel3_113.traj,31,0.015500,39,5.907387,26,3.803810,0,1,0
F3,YBa2Cu3O7_553_Frenkel3_113.traj,32,0.016000,39,5.907435,26,3.803294,0,1,0
F3,YBa2Cu3O7_553_Frenkel3_113.traj,33,0.016500,39,5.907507,26,3.802709,0,1,0
F3,YBa2Cu3O7_553_Frenkel3_113.traj,34,0.017000,39,5.907583,26,3.802072,0,1,0
F3,YBa2Cu3O7_553_Frenkel3_113.traj,35,0.017500,39,5.907704,26,3.801406,0,1,0
F3,YBa2Cu3O7_553_Frenkel3_113.traj,36,0.018000,39,5.907853,26,3.800701,0,1,0
F3,YBa2Cu3O7_553_Frenkel3_113.traj,37,0.018500,39,5.908014,26,3.799975,0,1,0
F3,YBa2Cu3O7_553_Frenkel3_113.traj,38,0.019000,39,5.908212,26,3.799219,0,1,0
F3,YBa2Cu3O7_553_Frenkel3_113.traj,39,0.019500,39,5.908463,26,3.798446,0,1,0
F3,YBa2Cu3O7_553_Frenkel3_113.traj,40,0.020000,39,5.908711,26,3.797722,0,1,0
F3,YBa2Cu3O7_553_Frenkel3_113.traj,41,0.020500,39,5.908963,26,3.797052,0,1,0
F3,YBa2Cu3O7_553_Frenkel3_113.traj,42,0.021000,39,5.909206,26,3.796431,0,1,0
F3,YBa2Cu3O7_553_Frenkel3_113.traj,43,0.021500,39,5.909453,26,3.795863,0,1,0
F3,YBa2Cu3O7_553_Frenkel3_113.traj,44,0.022000,39,5.909681,26,3.795343,0,1,0
F3,YBa2Cu3O7_553_Frenkel3_113.traj,45,0.022500,39,5.909973,26,3.794832,0,1,0
F3,YBa2Cu3O7_553_Frenkel3_113.traj,46,0.023000,39,5.910246,26,3.794386,0,1,0
F3,YBa2Cu3O7_553_Frenkel3_113.traj,47,0.023500,39,5.910489,26,3.794012,0,1,0
F3,YBa2Cu3O7_553_Frenkel3_113.traj,48,0.024000,39,5.910791,26,3.793716,0,1,0
F3,YBa2Cu3O7_553_Frenkel3_113.traj,49,0.024500,39,5.911121,26,3.793446,0,1,0
F3,YBa2Cu3O7_553_Frenkel3_113.traj,50,0.025000,39,5.911514,26,3.793187,0,1,0
F3,YBa2Cu3O7_553_Frenkel3_113.traj,51,0.025500,39,5.911948,26,3.792953,0,1,0
F3,YBa2Cu3O7_553_Frenkel3_113.traj,52,0.026000,39,5.912468,26,3.792671,0,1,0
F3,YBa2Cu3O7_553_Frenkel3_113.traj,53,0.026500,39,5.913073,26,3.792415,0,1,0
F3,YBa2Cu3O7_553_Frenkel3_113.traj,54,0.027000,39,5.913702,26,3.792250,0,1,0
F3,YBa2Cu3O7_553_Frenkel3_113.traj,55,0.027500,39,5.914341,26,3.792131,0,1,0
F3,YBa2Cu3O7_553_Frenkel3_113.traj,56,0.028000,39,5.914994,26,3.792105,0,1,0
F3,YBa2Cu3O7_553_Frenkel3_113.traj,57,0.028500,39,5.915722,26,3.792072,0,1,0
F3,YBa2Cu3O7_553_Frenkel3_113.traj,58,0.029000,39,5.916485,26,3.792007,0,1,0
F3,YBa2Cu3O7_553_Frenkel3_113.traj,59,0.029500,39,5.917205,26,3.792028,0,1,0
F3,YBa2Cu3O7_553_Frenkel3_113.traj,60,0.030000,39,5.917949,26,3.792101,0,1,0
F3,YBa2Cu3O7_553_Frenkel3_113.traj,61,0.030500,39,5.918752,26,3.792162,0,1,0
F3,YBa2Cu3O7_553_Frenkel3_113.traj,62,0.031000,39,5.919560,26,3.792251,0,1,0
F3,YBa2Cu3O7_553_Frenkel3_113.traj,63,0.031500,39,5.920340,26,3.792306,0,1,0
F3,YBa2Cu3O7_553_Frenkel3_113.traj,64,0.032000,39,5.921066,26,3.792378,0,1,0
F3,YBa2Cu3O7_553_Frenkel3_113.traj,65,0.032500,39,5.921743,26,3.792498,0,1,0
F3,YBa2Cu3O7_553_Frenkel3_113.traj,66,0.033000,39,5.922424,26,3.792590,0,1,0
F3,YBa2Cu3O7_553_Frenkel3_113.traj,67,0.033500,39,5.923121,26,3.792643,0,1,0
F3,YBa2Cu3O7_553_Frenkel3_113.traj,68,0.034000,39,5.923867,26,3.792690,0,1,0
F3,YBa2Cu3O7_553_Frenkel3_113.traj,69,0.034500,39,5.924637,26,3.792788,0,1,0
F3,YBa2Cu3O7_553_Frenkel3_113.traj,70,0.035000,39,5.925408,26,3.792901,0,1,0
F3,YBa2Cu3O7_553_Frenkel3_113.traj,71,0.035500,39,5.926167,26,3.793104,0,1,0
F3,YBa2Cu3O7_553_Frenkel3_113.traj,72,0.036000,39,5.926948,26,3.793408,0,1,0
F3,YBa2Cu3O7_553_Frenkel3_113.traj,73,0.036500,39,5.927736,26,3.793725,0,1,0
F3,YBa2Cu3O7_553_Frenkel3_113.traj,74,0.037000,39,5.928500,26,3.794050,0,1,0
F3,YBa2Cu3O7_553_Frenkel3_113.traj,75,0.037500,39,5.929293,26,3.794365,0,1,0
F3,YBa2Cu3O7_553_Frenkel3_113.traj,76,0.038000,39,5.930121,26,3.794715,0,1,0
F3,YBa2Cu3O7_553_Frenkel3_113.traj,77,0.038500,39,5.930942,26,3.795102,0,1,0
F3,YBa2Cu3O7_553_Frenkel3_113.traj,78,0.039000,39,5.931778,26,3.795483,0,1,0
F3,YBa2Cu3O7_553_Frenkel3_113.traj,79,0.039500,39,5.932679,26,3.795847,0,1,0
F3,YBa2Cu3O7_553_Frenkel3_113.traj,80,0.040000,39,5.933620,26,3.796152,0,1,0
F3,YBa2Cu3O7_553_Frenkel3_113.traj,81,0.040500,39,5.934533,26,3.796512,0,1,0
F3,YBa2Cu3O7_553_Frenkel3_113.traj,82,0.041000,39,5.935440,26,3.796927,0,1,0
F3,YBa2Cu3O7_553_Frenkel3_113.traj,83,0.041500,39,5.936358,26,3.797365,0,1,0
F3,YBa2Cu3O7_553_Frenkel3_113.traj,84,0.042000,39,5.937361,26,3.797840,0,1,0
F3,YBa2Cu3O7_553_Frenkel3_113.traj,85,0.042500,39,5.938410,26,3.798316,0,1,0
F3,YBa2Cu3O7_553_Frenkel3_113.traj,86,0.043000,39,5.939475,26,3.798810,0,1,0
F3,YBa2Cu3O7_553_Frenkel3_113.traj,87,0.043500,39,5.940560,26,3.799307,0,1,0
F3,YBa2Cu3O7_553_Frenkel3_113.traj,88,0.044000,39,5.941631,26,3.799850,0,1,0
F3,YBa2Cu3O7_553_Frenkel3_113.traj,89,0.044500,39,5.942705,26,3.800397,0,1,0
F3,YBa2Cu3O7_553_Frenkel3_113.traj,90,0.045000,39,5.943771,26,3.800924,0,1,0
F3,YBa2Cu3O7_553_Frenkel3_113.traj,91,0.045500,39,5.944829,26,3.801448,0,1,0
F3,YBa2Cu3O7_553_Frenkel3_113.traj,92,0.046000,39,5.945868,26,3.801971,0,1,0
F3,YBa2Cu3O7_553_Frenkel3_113.traj,93,0.046500,39,5.946905,26,3.802447,0,1,0
F3,YBa2Cu3O7_553_Frenkel3_113.traj,94,0.047000,39,5.947938,26,3.802918,0,1,0
F3,YBa2Cu3O7_553_Frenkel3_113.traj,95,0.047500,39,5.948996,26,3.803405,0,1,0
F3,YBa2Cu3O7_553_Frenkel3_113.traj,96,0.048000,39,5.950047,26,3.803968,0,1,0
F3,YBa2Cu3O7_553_Frenkel3_113.traj,97,0.048500,39,5.951064,26,3.804576,0,1,0
F3,YBa2Cu3O7_553_Frenkel3_113.traj,98,0.049000,39,5.952035,26,3.805245,0,1,0
F3,YBa2Cu3O7_553_Frenkel3_113.traj,99,0.049500,39,5.952973,26,3.805895,0,1,0
F3,YBa2Cu3O7_553_Frenkel3_113.traj,100,0.050000,39,5.953899,26,3.806569,0,1,0
F3,YBa2Cu3O7_553_Frenkel3_113.traj,101,0.050500,39,5.954831,26,3.807227,0,1,0
F3,YBa2Cu3O7_553_Frenkel3_113.traj,102,0.051000,39,5.955749,26,3.807898,0,1,0
F3,YBa2Cu3O7_553_Frenkel3_113.traj,103,0.051500,39,5.956597,26,3.808604,0,1,0
F3,YBa2Cu3O7_553_Frenkel3_113.traj,104,0.052000,39,5.957411,26,3.809331,0,1,0
F3,YBa2Cu3O7_553_Frenkel3_113.traj,105,0.052500,39,5.958201,26,3.809986,0,1,0
F3,YBa2Cu3O7_553_Frenkel3_113.traj,106,0.053000,39,5.959019,26,3.810593,0,1,0
F3,YBa2Cu3O7_553_Frenkel3_113.traj,107,0.053500,39,5.959817,26,3.811173,0,1,0
F3,YBa2Cu3O7_553_Frenkel3_113.traj,108,0.054000,39,5.960629,26,3.811771,0,1,0
F3,YBa2Cu3O7_553_Frenkel3_113.traj,109,0.054500,39,5.961452,26,3.812390,0,1,0
F3,YBa2Cu3O7_553_Frenkel3_113.traj,110,0.055000,39,5.962277,26,3.813007,0,1,0
F3,YBa2Cu3O7_553_Frenkel3_113.traj,111,0.055500,39,5.963150,26,3.813635,0,1,0
F3,YBa2Cu3O7_553_Frenkel3_113.traj,112,0.056000,39,5.964043,26,3.814238,0,1,0
F3,YBa2Cu3O7_553_Frenkel3_113.traj,113,0.056500,39,5.964900,26,3.814857,0,1,0
F3,YBa2Cu3O7_553_Frenkel3_113.traj,114,0.057000,39,5.965742,26,3.815438,0,1,0
F3,YBa2Cu3O7_553_Frenkel3_113.traj,115,0.057500,39,5.966554,26,3.815982,0,1,0
F3,YBa2Cu3O7_553_Frenkel3_113.traj,116,0.058000,39,5.967391,26,3.816507,0,1,0
F3,YBa2Cu3O7_553_Frenkel3_113.traj,117,0.058500,39,5.968251,26,3.816991,0,1,0
F3,YBa2Cu3O7_553_Frenkel3_113.traj,118,0.059000,39,5.969081,26,3.817392,0,1,0
F3,YBa2Cu3O7_553_Frenkel3_113.traj,119,0.059500,39,5.969967,26,3.817770,0,1,0
F3,YBa2Cu3O7_553_Frenkel3_113.traj,120,0.060000,39,5.970826,26,3.818121,0,1,0
F3,YBa2Cu3O7_553_Frenkel3_113.traj,121,0.060500,39,5.971672,26,3.818467,0,1,0
F3,YBa2Cu3O7_553_Frenkel3_113.traj,122,0.061000,39,5.972413,26,3.818802,0,1,0
F3,YBa2Cu3O7_553_Frenkel3_113.traj,123,0.061500,39,5.973095,26,3.819142,0,1,0
F3,YBa2Cu3O7_553_Frenkel3_113.traj,124,0.062000,39,5.973737,26,3.819484,0,1,0
F3,YBa2Cu3O7_553_Frenkel3_113.traj,125,0.062500,39,5.974372,26,3.819791,0,1,0
F3,YBa2Cu3O7_553_Frenkel3_113.traj,126,0.063000,39,5.974987,26,3.820106,0,1,0
F3,YBa2Cu3O7_553_Frenkel3_113.traj,127,0.063500,39,5.975539,26,3.820397,0,1,0
F3,YBa2Cu3O7_553_Frenkel3_113.traj,128,0.064000,39,5.976012,26,3.820642,0,1,0
F3,YBa2Cu3O7_553_Frenkel3_113.traj,129,0.064500,39,5.976474,26,3.820879,0,1,0
F3,YBa2Cu3O7_553_Frenkel3_113.traj,130,0.065000,39,5.976911,26,3.821155,0,1,0
F3,YBa2Cu3O7_553_Frenkel3_113.traj,131,0.065500,39,5.977389,26,3.821440,0,1,0
F3,YBa2Cu3O7_553_Frenkel3_113.traj,132,0.066000,39,5.977928,26,3.821711,0,1,0
F3,YBa2Cu3O7_553_Frenkel3_113.traj,133,0.066500,39,5.978424,26,3.822004,0,1,0
F3,YBa2Cu3O7_553_Frenkel3_113.traj,134,0.067000,39,5.978900,26,3.822251,0,1,0
F3,YBa2Cu3O7_553_Frenkel3_113.traj,135,0.067500,39,5.979400,26,3.822390,0,1,0
F3,YBa2Cu3O7_553_Frenkel3_113.traj,136,0.068000,39,5.979890,26,3.822496,0,1,0
F3,YBa2Cu3O7_553_Frenkel3_113.traj,137,0.068500,39,5.980294,26,3.822559,0,1,0
F3,YBa2Cu3O7_553_Frenkel3_113.traj,138,0.069000,39,5.980632,26,3.822552,0,1,0
F3,YBa2Cu3O7_553_Frenkel3_113.traj,139,0.069500,39,5.980964,26,3.822466,0,1,0
F3,YBa2Cu3O7_553_Frenkel3_113.traj,140,0.070000,39,5.981310,26,3.822341,0,1,0
F3,YBa2Cu3O7_553_Frenkel3_113.traj,141,0.070500,39,5.981677,26,3.822228,0,1,0
F3,YBa2Cu3O7_553_Frenkel3_113.traj,142,0.071000,39,5.981943,26,3.822057,0,1,0
F3,YBa2Cu3O7_553_Frenkel3_113.traj,143,0.071500,39,5.982184,26,3.821850,0,1,0
F3,YBa2Cu3O7_553_Frenkel3_113.traj,144,0.072000,39,5.982422,26,3.821557,0,1,0
F3,YBa2Cu3O7_553_Frenkel3_113.traj,145,0.072500,39,5.982613,26,3.821211,0,1,0
F3,YBa2Cu3O7_553_Frenkel3_113.traj,146,0.073000,39,5.982807,26,3.820787,0,1,0
F3,YBa2Cu3O7_553_Frenkel3_113.traj,147,0.073500,39,5.982991,26,3.820276,0,1,0
F3,YBa2Cu3O7_553_Frenkel3_113.traj,148,0.074000,39,5.983172,26,3.819718,0,1,0
F3,YBa2Cu3O7_553_Frenkel3_113.traj,149,0.074500,39,5.983373,26,3.819095,0,1,0
F3,YBa2Cu3O7_553_Frenkel3_113.traj,150,0.075000,39,5.983560,26,3.818419,0,1,0
F3,YBa2Cu3O7_553_Frenkel3_113.traj,151,0.075500,39,5.983720,26,3.817754,0,1,0
F3,YBa2Cu3O7_553_Frenkel3_113.traj,152,0.076000,39,5.983874,26,3.817053,0,1,0
F3,YBa2Cu3O7_553_Frenkel3_113.traj,153,0.076500,39,5.983985,26,3.816280,0,1,0
F3,YBa2Cu3O7_553_Frenkel3_113.traj,154,0.077000,39,5.984126,26,3.815486,0,1,0
F3,YBa2Cu3O7_553_Frenkel3_113.traj,155,0.077500,39,5.984305,26,3.814614,0,1,0
F3,YBa2Cu3O7_553_Frenkel3_113.traj,156,0.078000,39,5.984563,26,3.813622,0,1,0
F3,YBa2Cu3O7_553_Frenkel3_113.traj,157,0.078500,39,5.984744,26,3.812535,0,1,0
F3,YBa2Cu3O7_553_Frenkel3_113.traj,158,0.079000,39,5.984900,26,3.811447,0,1,0
F3,YBa2Cu3O7_553_Frenkel3_113.traj,159,0.079500,39,5.985040,26,3.810305,0,1,0
F3,YBa2Cu3O7_553_Frenkel3_113.traj,160,0.080000,39,5.985227,26,3.809160,0,1,0
F3,YBa2Cu3O7_553_Frenkel3_113.traj,161,0.080500,39,5.985371,26,3.808012,0,1,0
F3,YBa2Cu3O7_553_Frenkel3_113.traj,162,0.081000,39,5.985480,26,3.806784,0,1,0
F3,YBa2Cu3O7_553_Frenkel3_113.traj,163,0.081500,39,5.985519,26,3.805498,0,1,0
F3,YBa2Cu3O7_553_Frenkel3_113.traj,164,0.082000,39,5.985505,26,3.804238,0,1,0
F3,YBa2Cu3O7_553_Frenkel3_113.traj,165,0.082500,39,5.985478,26,3.802973,0,1,0
F3,YBa2Cu3O7_553_Frenkel3_113.traj,166,0.083000,39,5.985468,26,3.801692,0,1,0
F3,YBa2Cu3O7_553_Frenkel3_113.traj,167,0.083500,39,5.985461,26,3.800440,0,1,0
F3,YBa2Cu3O7_553_Frenkel3_113.traj,168,0.084000,39,5.985456,26,3.799110,0,1,0
F3,YBa2Cu3O7_553_Frenkel3_113.traj,169,0.084500,39,5.985460,26,3.797693,0,1,0
F3,YBa2Cu3O7_553_Frenkel3_113.traj,170,0.085000,39,5.985422,26,3.796276,0,1,0
F3,YBa2Cu3O7_553_Frenkel3_113.traj,171,0.085500,39,5.985394,26,3.794890,0,1,0
F3,YBa2Cu3O7_553_Frenkel3_113.traj,172,0.086000,39,5.985365,26,3.793482,0,1,0
F3,YBa2Cu3O7_553_Frenkel3_113.traj,173,0.086500,39,5.985344,26,3.792088,0,1,0
F3,YBa2Cu3O7_553_Frenkel3_113.traj,174,0.087000,39,5.985272,26,3.790684,0,1,0
F3,YBa2Cu3O7_553_Frenkel3_113.traj,175,0.087500,39,5.985161,26,3.789269,0,1,0
F3,YBa2Cu3O7_553_Frenkel3_113.traj,176,0.088000,39,5.985072,26,3.787879,0,1,0
F3,YBa2Cu3O7_553_Frenkel3_113.traj,177,0.088500,39,5.984927,26,3.786529,0,1,0
F3,YBa2Cu3O7_553_Frenkel3_113.traj,178,0.089000,39,5.984792,26,3.785213,0,1,0
F3,YBa2Cu3O7_553_Frenkel3_113.traj,179,0.089500,39,5.984634,26,3.783935,0,1,0
F3,YBa2Cu3O7_553_Frenkel3_113.traj,180,0.090000,39,5.984469,26,3.782680,0,1,0
F3,YBa2Cu3O7_553_Frenkel3_113.traj,181,0.090500,39,5.984267,26,3.781465,0,1,0
F3,YBa2Cu3O7_553_Frenkel3_113.traj,182,0.091000,39,5.984048,26,3.780312,0,1,0
F3,YBa2Cu3O7_553_Frenkel3_113.traj,183,0.091500,39,5.983798,26,3.779204,0,1,0
F3,YBa2Cu3O7_553_Frenkel3_113.traj,184,0.092000,39,5.983541,26,3.778093,0,1,0
F3,YBa2Cu3O7_553_Frenkel3_113.traj,185,0.092500,39,5.983238,26,3.776987,0,1,0
F3,YBa2Cu3O7_553_Frenkel3_113.traj,186,0.093000,39,5.982921,26,3.775946,0,1,0
F3,YBa2Cu3O7_553_Frenkel3_113.traj,187,0.093500,39,5.982621,26,3.774926,0,1,0
F3,YBa2Cu3O7_553_Frenkel3_113.traj,188,0.094000,39,5.982306,26,3.773892,0,1,0
F3,YBa2Cu3O7_553_Frenkel3_113.traj,189,0.094500,39,5.981896,26,3.772839,0,1,0
F3,YBa2Cu3O7_553_Frenkel3_113.traj,190,0.095000,39,5.981434,26,3.771782,0,1,0
F3,YBa2Cu3O7_553_Frenkel3_113.traj,191,0.095500,39,5.980936,26,3.770739,0,1,0
F3,YBa2Cu3O7_553_Frenkel3_113.traj,192,0.096000,39,5.980329,26,3.769738,0,1,0
F3,YBa2Cu3O7_553_Frenkel3_113.traj,193,0.096500,39,5.979707,26,3.768765,0,1,0
F3,YBa2Cu3O7_553_Frenkel3_113.traj,194,0.097000,39,5.979048,26,3.767811,0,1,0
F3,YBa2Cu3O7_553_Frenkel3_113.traj,195,0.097500,39,5.978344,26,3.766841,0,1,0
F3,YBa2Cu3O7_553_Frenkel3_113.traj,196,0.098000,39,5.977608,26,3.765934,0,1,0
F3,YBa2Cu3O7_553_Frenkel3_113.traj,197,0.098500,39,5.976867,26,3.765101,0,1,0
F3,YBa2Cu3O7_553_Frenkel3_113.traj,198,0.099000,39,5.976089,26,3.764302,0,1,0
F3,YBa2Cu3O7_553_Frenkel3_113.traj,199,0.099500,39,5.975306,26,3.763600,0,1,0
F3,YBa2Cu3O7_553_Frenkel3_113.traj,200,0.100000,39,5.974517,26,3.762923,0,1,0
F3,YBa2Cu3O7_553_Frenkel3_113.traj,201,0.100500,39,5.973740,26,3.762308,0,1,0
F3,YBa2Cu3O7_553_Frenkel3_113.traj,202,0.101000,39,5.972917,26,3.761690,0,1,0
F3,YBa2Cu3O7_553_Frenkel3_113.traj,203,0.101500,39,5.971978,26,3.761081,0,1,0
F3,YBa2Cu3O7_553_Frenkel3_113.traj,204,0.102000,39,5.970962,26,3.760571,0,1,0
F3,YBa2Cu3O7_553_Frenkel3_113.traj,205,0.102500,39,5.969909,26,3.760103,0,1,0
F3,YBa2Cu3O7_553_Frenkel3_113.traj,206,0.103000,39,5.968785,26,3.759759,0,1,0
F3,YBa2Cu3O7_553_Frenkel3_113.traj,207,0.103500,39,5.967581,26,3.759494,0,1,0
F3,YBa2Cu3O7_553_Frenkel3_113.traj,208,0.104000,39,5.966351,26,3.759269,0,1,0
F3,YBa2Cu3O7_553_Frenkel3_113.traj,209,0.104500,39,5.965100,26,3.759131,0,1,0
F3,YBa2Cu3O7_553_Frenkel3_113.traj,210,0.105000,39,5.963843,26,3.759028,0,1,0
F3,YBa2Cu3O7_553_Frenkel3_113.traj,211,0.105500,39,5.962635,26,3.759011,0,1,0
F3,YBa2Cu3O7_553_Frenkel3_113.traj,212,0.106000,39,5.961440,26,3.759060,0,1,0
F3,YBa2Cu3O7_553_Frenkel3_113.traj,213,0.106500,39,5.960139,26,3.759171,0,1,0
F3,YBa2Cu3O7_553_Frenkel3_113.traj,214,0.107000,39,5.958794,26,3.759307,0,1,0
F3,YBa2Cu3O7_553_Frenkel3_113.traj,215,0.107500,39,5.957398,26,3.759433,0,1,0
F3,YBa2Cu3O7_553_Frenkel3_113.traj,216,0.108000,39,5.955916,26,3.759601,0,1,0
F3,YBa2Cu3O7_553_Frenkel3_113.traj,217,0.108500,39,5.954371,26,3.759792,0,1,0
F3,YBa2Cu3O7_553_Frenkel3_113.traj,218,0.109000,39,5.952806,26,3.759976,0,1,0
F3,YBa2Cu3O7_553_Frenkel3_113.traj,219,0.109500,39,5.951245,26,3.760184,0,1,0
F3,YBa2Cu3O7_553_Frenkel3_113.traj,220,0.110000,39,5.949607,26,3.760453,0,1,0
F3,YBa2Cu3O7_553_Frenkel3_113.traj,221,0.110500,39,5.947900,26,3.760810,0,1,0
F3,YBa2Cu3O7_553_Frenkel3_113.traj,222,0.111000,39,5.946137,26,3.761226,0,1,0
F3,YBa2Cu3O7_553_Frenkel3_113.traj,223,0.111500,39,5.944392,26,3.761723,0,1,0
F3,YBa2Cu3O7_553_Frenkel3_113.traj,224,0.112000,39,5.942654,26,3.762266,0,1,0
F3,YBa2Cu3O7_553_Frenkel3_113.traj,225,0.112500,39,5.940905,26,3.762819,0,1,0
F3,YBa2Cu3O7_553_Frenkel3_113.traj,226,0.113000,39,5.939159,26,3.763397,0,1,0
F3,YBa2Cu3O7_553_Frenkel3_113.traj,227,0.113500,39,5.937355,26,3.764057,0,1,0
F3,YBa2Cu3O7_553_Frenkel3_113.traj,228,0.114000,39,5.935492,26,3.764768,0,1,0
F3,YBa2Cu3O7_553_Frenkel3_113.traj,229,0.114500,39,5.933578,26,3.765523,0,1,0
F3,YBa2Cu3O7_553_Frenkel3_113.traj,230,0.115000,39,5.931612,26,3.766294,0,1,0
F3,YBa2Cu3O7_553_Frenkel3_113.traj,231,0.115500,39,5.929648,26,3.767061,0,1,0
F3,YBa2Cu3O7_553_Frenkel3_113.traj,232,0.116000,39,5.927648,26,3.767833,0,1,0
F3,YBa2Cu3O7_553_Frenkel3_113.traj,233,0.116500,39,5.925628,26,3.768619,0,1,0
F3,YBa2Cu3O7_553_Frenkel3_113.traj,234,0.117000,39,5.923595,26,3.769423,0,1,0
F3,YBa2Cu3O7_553_Frenkel3_113.traj,235,0.117500,39,5.921550,26,3.770274,0,1,0
F3,YBa2Cu3O7_553_Frenkel3_113.traj,236,0.118000,39,5.919417,26,3.771119,0,1,0
F3,YBa2Cu3O7_553_Frenkel3_113.traj,237,0.118500,39,5.917184,26,3.771993,0,1,0
F3,YBa2Cu3O7_553_Frenkel3_113.traj,238,0.119000,39,5.914939,26,3.772895,0,1,0
F3,YBa2Cu3O7_553_Frenkel3_113.traj,239,0.119500,39,5.912634,26,3.773778,0,1,0
F3,YBa2Cu3O7_553_Frenkel3_113.traj,240,0.120000,39,5.910299,26,3.774651,0,1,0
F3,YBa2Cu3O7_553_Frenkel3_113.traj,241,0.120500,39,5.907935,26,3.775531,0,1,0
F3,YBa2Cu3O7_553_Frenkel3_113.traj,242,0.121000,39,5.905544,26,3.776422,0,1,0
F3,YBa2Cu3O7_553_Frenkel3_113.traj,243,0.121500,39,5.903205,26,3.777291,0,1,0
F3,YBa2Cu3O7_553_Frenkel3_113.traj,244,0.122000,39,5.900844,26,3.778149,0,1,0
F3,YBa2Cu3O7_553_Frenkel3_113.traj,245,0.122500,39,5.898439,26,3.778984,0,1,0
F3,YBa2Cu3O7_553_Frenkel3_113.traj,246,0.123000,39,5.895968,26,3.779837,0,1,0
F3,YBa2Cu3O7_553_Frenkel3_113.traj,247,0.123500,39,5.893515,26,3.780685,0,1,0
F3,YBa2Cu3O7_553_Frenkel3_113.traj,248,0.124000,39,5.891071,26,3.781555,0,1,0
F3,YBa2Cu3O7_553_Frenkel3_113.traj,249,0.124500,39,5.888594,26,3.782426,0,1,0
F3,YBa2Cu3O7_553_Frenkel3_113.traj,250,0.125000,39,5.886083,26,3.783330,0,1,0
F3,YBa2Cu3O7_553_Frenkel3_113.traj,251,0.125500,39,5.883506,26,3.784184,0,1,0
F3,YBa2Cu3O7_553_Frenkel3_113.traj,252,0.126000,39,5.880928,26,3.785031,0,1,0
F3,YBa2Cu3O7_553_Frenkel3_113.traj,253,0.126500,39,5.878422,26,3.785820,0,1,0
F3,YBa2Cu3O7_553_Frenkel3_113.traj,254,0.127000,39,5.875980,26,3.786620,0,1,0
F3,YBa2Cu3O7_553_Frenkel3_113.traj,255,0.127500,39,5.873598,26,3.787428,0,1,0
F3,YBa2Cu3O7_553_Frenkel3_113.traj,256,0.128000,39,5.871258,26,3.788254,0,1,0
F3,YBa2Cu3O7_553_Frenkel3_113.traj,257,0.128500,39,5.868924,26,3.789041,0,1,0
F3,YBa2Cu3O7_553_Frenkel3_113.traj,258,0.129000,39,5.866640,26,3.789708,0,1,0
F3,YBa2Cu3O7_553_Frenkel3_113.traj,259,0.129500,39,5.864369,26,3.790310,0,1,0
F3,YBa2Cu3O7_553_Frenkel3_113.traj,260,0.130000,39,5.862135,26,3.790849,0,1,0
F3,YBa2Cu3O7_553_Frenkel3_113.traj,261,0.130500,39,5.859939,26,3.791253,0,1,0
F3,YBa2Cu3O7_553_Frenkel3_113.traj,262,0.131000,39,5.857798,26,3.791511,0,1,0
F3,YBa2Cu3O7_553_Frenkel3_113.traj,263,0.131500,39,5.855707,26,3.791656,0,1,0
F3,YBa2Cu3O7_553_Frenkel3_113.traj,264,0.132000,39,5.853681,26,3.791698,0,1,0
F3,YBa2Cu3O7_553_Frenkel3_113.traj,265,0.132500,39,5.851699,26,3.791613,0,1,0
F3,YBa2Cu3O7_553_Frenkel3_113.traj,266,0.133000,39,5.849741,26,3.791407,0,1,0
F3,YBa2Cu3O7_553_Frenkel3_113.traj,267,0.133500,39,5.847811,26,3.791134,0,1,0
F3,YBa2Cu3O7_553_Frenkel3_113.traj,268,0.134000,39,5.845912,26,3.790822,0,1,0
F3,YBa2Cu3O7_553_Frenkel3_113.traj,269,0.134500,39,5.844045,26,3.790415,0,1,0
F3,YBa2Cu3O7_553_Frenkel3_113.traj,270,0.135000,39,5.842273,26,3.789927,0,1,0
F3,YBa2Cu3O7_553_Frenkel3_113.traj,271,0.135500,39,5.840550,26,3.789337,0,1,0
F3,YBa2Cu3O7_553_Frenkel3_113.traj,272,0.136000,39,5.838933,26,3.788675,0,1,0
F3,YBa2Cu3O7_553_Frenkel3_113.traj,273,0.136500,39,5.837427,26,3.787957,0,1,0
F3,YBa2Cu3O7_553_Frenkel3_113.traj,274,0.137000,39,5.836004,26,3.787180,0,1,0
F3,YBa2Cu3O7_553_Frenkel3_113.traj,275,0.137500,39,5.834653,26,3.786318,0,1,0
F3,YBa2Cu3O7_553_Frenkel3_113.traj,276,0.138000,39,5.833402,26,3.785388,0,1,0
F3,YBa2Cu3O7_553_Frenkel3_113.traj,277,0.138500,39,5.832316,26,3.784403,0,1,0
F3,YBa2Cu3O7_553_Frenkel3_113.traj,278,0.139000,39,5.831276,26,3.783407,0,1,0
F3,YBa2Cu3O7_553_Frenkel3_113.traj,279,0.139500,39,5.830284,26,3.782373,0,1,0
F3,YBa2Cu3O7_553_Frenkel3_113.traj,280,0.140000,39,5.829381,26,3.781336,0,1,0
F3,YBa2Cu3O7_553_Frenkel3_113.traj,281,0.140500,39,5.828623,26,3.780295,0,1,0
F3,YBa2Cu3O7_553_Frenkel3_113.traj,282,0.141000,39,5.827990,26,3.779184,0,1,0
F3,YBa2Cu3O7_553_Frenkel3_113.traj,283,0.141500,39,5.827401,26,3.778021,0,1,0
F3,YBa2Cu3O7_553_Frenkel3_113.traj,284,0.142000,39,5.826837,26,3.776816,0,1,0
F3,YBa2Cu3O7_553_Frenkel3_113.traj,285,0.142500,39,5.826328,26,3.775603,0,1,0
F3,YBa2Cu3O7_553_Frenkel3_113.traj,286,0.143000,39,5.825882,26,3.774390,0,1,0
F3,YBa2Cu3O7_553_Frenkel3_113.traj,287,0.143500,39,5.825491,26,3.773166,0,1,0
F3,YBa2Cu3O7_553_Frenkel3_113.traj,288,0.144000,39,5.825139,26,3.771913,0,1,0
F3,YBa2Cu3O7_553_Frenkel3_113.traj,289,0.144500,39,5.824794,26,3.770597,0,1,0
F3,YBa2Cu3O7_553_Frenkel3_113.traj,290,0.145000,39,5.824432,26,3.769232,0,1,0
F3,YBa2Cu3O7_553_Frenkel3_113.traj,291,0.145500,39,5.824083,26,3.767800,0,1,0
F3,YBa2Cu3O7_553_Frenkel3_113.traj,292,0.146000,39,5.823725,26,3.766318,0,1,0
F3,YBa2Cu3O7_553_Frenkel3_113.traj,293,0.146500,39,5.823376,26,3.764821,0,1,0
F3,YBa2Cu3O7_553_Frenkel3_113.traj,294,0.147000,39,5.823114,26,3.763310,0,1,0
F3,YBa2Cu3O7_553_Frenkel3_113.traj,295,0.147500,39,5.822904,26,3.761770,0,1,0
F3,YBa2Cu3O7_553_Frenkel3_113.traj,296,0.148000,39,5.822783,26,3.760199,0,1,0
F3,YBa2Cu3O7_553_Frenkel3_113.traj,297,0.148500,39,5.822747,26,3.758595,0,1,0
F3,YBa2Cu3O7_553_Frenkel3_113.traj,298,0.149000,39,5.822727,26,3.756968,0,1,0
F3,YBa2Cu3O7_553_Frenkel3_113.traj,299,0.149500,39,5.822723,26,3.755265,0,1,0
F3,YBa2Cu3O7_553_Frenkel3_113.traj,300,0.150000,39,5.822794,26,3.753530,0,1,0
F3,YBa2Cu3O7_553_Frenkel3_113.traj,301,0.150500,39,5.822885,26,3.751806,0,1,0
F3,YBa2Cu3O7_553_Frenkel3_113.traj,302,0.151000,39,5.822985,26,3.749997,0,1,0
F3,YBa2Cu3O7_553_Frenkel3_113.traj,303,0.151500,39,5.823158,26,3.748204,0,1,0
F3,YBa2Cu3O7_553_Frenkel3_113.traj,304,0.152000,39,5.823387,26,3.746430,0,1,0
F3,YBa2Cu3O7_553_Frenkel3_113.traj,305,0.152500,39,5.823629,26,3.744647,0,1,0
F3,YBa2Cu3O7_553_Frenkel3_113.traj,306,0.153000,39,5.823923,26,3.742865,0,1,0
F3,YBa2Cu3O7_553_Frenkel3_113.traj,307,0.153500,39,5.824320,26,3.741100,0,1,0
F3,YBa2Cu3O7_553_Frenkel3_113.traj,308,0.154000,39,5.824780,26,3.739323,0,1,0
F3,YBa2Cu3O7_553_Frenkel3_113.traj,309,0.154500,39,5.825322,26,3.737552,0,1,0
F3,YBa2Cu3O7_553_Frenkel3_113.traj,310,0.155000,39,5.825912,26,3.735816,0,1,0
F3,YBa2Cu3O7_553_Frenkel3_113.traj,311,0.155500,39,5.826583,26,3.734119,0,1,0
F3,YBa2Cu3O7_553_Frenkel3_113.traj,312,0.156000,39,5.827265,26,3.732452,0,1,0
F3,YBa2Cu3O7_553_Frenkel3_113.traj,313,0.156500,39,5.827984,26,3.730844,0,1,0
F3,YBa2Cu3O7_553_Frenkel3_113.traj,314,0.157000,39,5.828735,26,3.729215,0,1,0
F3,YBa2Cu3O7_553_Frenkel3_113.traj,315,0.157500,39,5.829498,26,3.727634,0,1,0
F3,YBa2Cu3O7_553_Frenkel3_113.traj,316,0.158000,39,5.830351,26,3.726069,0,1,0
F3,YBa2Cu3O7_553_Frenkel3_113.traj,317,0.158500,39,5.831245,26,3.724504,0,1,0
F3,YBa2Cu3O7_553_Frenkel3_113.traj,318,0.159000,39,5.832102,26,3.722950,0,1,0
F3,YBa2Cu3O7_553_Frenkel3_113.traj,319,0.159500,39,5.832974,26,3.721532,0,1,0
F3,YBa2Cu3O7_553_Frenkel3_113.traj,320,0.160000,39,5.833829,26,3.720198,0,1,0
F3,YBa2Cu3O7_553_Frenkel3_113.traj,321,0.160500,39,5.834750,26,3.718894,0,1,0
F3,YBa2Cu3O7_553_Frenkel3_113.traj,322,0.161000,39,5.835676,26,3.717646,0,1,0
F3,YBa2Cu3O7_553_Frenkel3_113.traj,323,0.161500,39,5.836551,26,3.716474,0,1,0
F3,YBa2Cu3O7_553_Frenkel3_113.traj,324,0.162000,39,5.837384,26,3.715322,0,1,0
F3,YBa2Cu3O7_553_Frenkel3_113.traj,325,0.162500,39,5.838244,26,3.714198,0,1,0
F3,YBa2Cu3O7_553_Frenkel3_113.traj,326,0.163000,39,5.839101,26,3.713168,0,1,0
F3,YBa2Cu3O7_553_Frenkel3_113.traj,327,0.163500,39,5.839955,26,3.712190,0,1,0
F3,YBa2Cu3O7_553_Frenkel3_113.traj,328,0.164000,39,5.840782,26,3.711246,0,1,0
F3,YBa2Cu3O7_553_Frenkel3_113.traj,329,0.164500,39,5.841568,26,3.710315,0,1,0
F3,YBa2Cu3O7_553_Frenkel3_113.traj,330,0.165000,39,5.842344,26,3.709407,0,1,0
F3,YBa2Cu3O7_553_Frenkel3_113.traj,331,0.165500,39,5.843155,26,3.708507,0,1,0
F3,YBa2Cu3O7_553_Frenkel3_113.traj,332,0.166000,39,5.844010,26,3.707701,0,1,0
F3,YBa2Cu3O7_553_Frenkel3_113.traj,333,0.166500,39,5.844814,26,3.707032,0,1,0
F3,YBa2Cu3O7_553_Frenkel3_113.traj,334,0.167000,39,5.845556,26,3.706428,0,1,0
F3,YBa2Cu3O7_553_Frenkel3_113.traj,335,0.167500,39,5.846275,26,3.705873,0,1,0
F3,YBa2Cu3O7_553_Frenkel3_113.traj,336,0.168000,39,5.846959,26,3.705437,0,1,0
F3,YBa2Cu3O7_553_Frenkel3_113.traj,337,0.168500,39,5.847670,26,3.705126,0,1,0
F3,YBa2Cu3O7_553_Frenkel3_113.traj,338,0.169000,39,5.848398,26,3.704980,0,1,0
F3,YBa2Cu3O7_553_Frenkel3_113.traj,339,0.169500,39,5.849082,26,3.704998,0,1,0
F3,YBa2Cu3O7_553_Frenkel3_113.traj,340,0.170000,39,5.849782,26,3.705099,0,1,0
F3,YBa2Cu3O7_553_Frenkel3_113.traj,341,0.170500,39,5.850508,26,3.705293,0,1,0
F3,YBa2Cu3O7_553_Frenkel3_113.traj,342,0.171000,39,5.851286,26,3.705640,0,1,0
F3,YBa2Cu3O7_553_Frenkel3_113.traj,343,0.171500,39,5.852051,26,3.706089,0,1,0
F3,YBa2Cu3O7_553_Frenkel3_113.traj,344,0.172000,39,5.852751,26,3.706623,0,1,0
F3,YBa2Cu3O7_553_Frenkel3_113.traj,345,0.172500,39,5.853448,26,3.707231,0,1,0
F3,YBa2Cu3O7_553_Frenkel3_113.traj,346,0.173000,39,5.854122,26,3.707924,0,1,0
F3,YBa2Cu3O7_553_Frenkel3_113.traj,347,0.173500,39,5.854743,26,3.708775,0,1,0
F3,YBa2Cu3O7_553_Frenkel3_113.traj,348,0.174000,39,5.855317,26,3.709696,0,1,0
F3,YBa2Cu3O7_553_Frenkel3_113.traj,349,0.174500,39,5.855840,26,3.710774,0,1,0
F3,YBa2Cu3O7_553_Frenkel3_113.traj,350,0.175000,39,5.856331,26,3.711952,0,1,0
F3,YBa2Cu3O7_553_Frenkel3_113.traj,351,0.175500,39,5.856767,26,3.713255,0,1,0
F3,YBa2Cu3O7_553_Frenkel3_113.traj,352,0.176000,39,5.857154,26,3.714621,0,1,0
F3,YBa2Cu3O7_553_Frenkel3_113.traj,353,0.176500,39,5.857484,26,3.716068,0,1,0
F3,YBa2Cu3O7_553_Frenkel3_113.traj,354,0.177000,39,5.857779,26,3.717619,0,1,0
F3,YBa2Cu3O7_553_Frenkel3_113.traj,355,0.177500,39,5.858046,26,3.719278,0,1,0
F3,YBa2Cu3O7_553_Frenkel3_113.traj,356,0.178000,39,5.858257,26,3.721025,0,1,0
F3,YBa2Cu3O7_553_Frenkel3_113.traj,357,0.178500,39,5.858430,26,3.722855,0,1,0
F3,YBa2Cu3O7_553_Frenkel3_113.traj,358,0.179000,39,5.858646,26,3.724816,0,1,0
F3,YBa2Cu3O7_553_Frenkel3_113.traj,359,0.179500,39,5.858908,26,3.726866,0,1,0
F3,YBa2Cu3O7_553_Frenkel3_113.traj,360,0.180000,39,5.859230,26,3.728994,0,1,0
F3,YBa2Cu3O7_553_Frenkel3_113.traj,361,0.180500,39,5.859545,26,3.731165,0,1,0
F3,YBa2Cu3O7_553_Frenkel3_113.traj,362,0.181000,39,5.859833,26,3.733422,0,1,0
F3,YBa2Cu3O7_553_Frenkel3_113.traj,363,0.181500,39,5.860128,26,3.735829,0,1,0
F3,YBa2Cu3O7_553_Frenkel3_113.traj,364,0.182000,39,5.860464,26,3.738339,0,1,0
F3,YBa2Cu3O7_553_Frenkel3_113.traj,365,0.182500,39,5.860772,26,3.740909,0,1,0
F3,YBa2Cu3O7_553_Frenkel3_113.traj,366,0.183000,39,5.861052,26,3.743571,0,1,0
F3,YBa2Cu3O7_553_Frenkel3_113.traj,367,0.183500,39,5.861238,26,3.746255,0,1,0
F3,YBa2Cu3O7_553_Frenkel3_113.traj,368,0.184000,39,5.861341,26,3.748921,0,1,0
F3,YBa2Cu3O7_553_Frenkel3_113.traj,369,0.184500,39,5.861423,26,3.751583,0,1,0
F3,YBa2Cu3O7_553_Frenkel3_113.traj,370,0.185000,39,5.861507,26,3.754230,0,1,0
F3,YBa2Cu3O7_553_Frenkel3_113.traj,371,0.185500,39,5.861629,26,3.756922,0,1,0
F3,YBa2Cu3O7_553_Frenkel3_113.traj,372,0.186000,39,5.861757,26,3.759650,0,1,0
F3,YBa2Cu3O7_553_Frenkel3_113.traj,373,0.186500,39,5.861945,26,3.762346,0,1,0
F3,YBa2Cu3O7_553_Frenkel3_113.traj,374,0.187000,39,5.862200,26,3.765045,0,1,0
F3,YBa2Cu3O7_553_Frenkel3_113.traj,375,0.187500,39,5.862424,26,3.767721,0,1,0
F3,YBa2Cu3O7_553_Frenkel3_113.traj,376,0.188000,39,5.862647,26,3.770338,0,1,0
F3,YBa2Cu3O7_553_Frenkel3_113.traj,377,0.188500,39,5.862834,26,3.772953,0,1,0
F3,YBa2Cu3O7_553_Frenkel3_113.traj,378,0.189000,39,5.862973,26,3.775604,0,1,0
F3,YBa2Cu3O7_553_Frenkel3_113.traj,379,0.189500,39,5.863137,26,3.778227,0,1,0
F3,YBa2Cu3O7_553_Frenkel3_113.traj,380,0.190000,39,5.863324,26,3.780852,0,1,0
F3,YBa2Cu3O7_553_Frenkel3_113.traj,381,0.190500,39,5.863481,26,3.783469,0,1,0
F3,YBa2Cu3O7_553_Frenkel3_113.traj,382,0.191000,39,5.863605,26,3.786072,0,1,0
F3,YBa2Cu3O7_553_Frenkel3_113.traj,383,0.191500,39,5.863751,26,3.788668,0,1,0
F3,YBa2Cu3O7_553_Frenkel3_113.traj,384,0.192000,39,5.863910,26,3.791270,0,1,0
F3,YBa2Cu3O7_553_Frenkel3_113.traj,385,0.192500,39,5.864089,26,3.793864,0,1,0
F3,YBa2Cu3O7_553_Frenkel3_113.traj,386,0.193000,39,5.864238,26,3.796420,0,1,0
F3,YBa2Cu3O7_553_Frenkel3_113.traj,387,0.193500,39,5.864383,26,3.798955,0,1,0
F3,YBa2Cu3O7_553_Frenkel3_113.traj,388,0.194000,39,5.864580,26,3.801487,0,1,0
F3,YBa2Cu3O7_553_Frenkel3_113.traj,389,0.194500,39,5.864866,26,3.804013,0,1,0
F3,YBa2Cu3O7_553_Frenkel3_113.traj,390,0.195000,39,5.865255,26,3.806485,0,1,0
F3,YBa2Cu3O7_553_Frenkel3_113.traj,391,0.195500,39,5.865648,26,3.808847,0,1,0
F3,YBa2Cu3O7_553_Frenkel3_113.traj,392,0.196000,39,5.866108,26,3.811128,0,1,0
F3,YBa2Cu3O7_553_Frenkel3_113.traj,393,0.196500,39,5.866606,26,3.813289,0,1,0
F3,YBa2Cu3O7_553_Frenkel3_113.traj,394,0.197000,39,5.867170,26,3.815319,0,1,0
F3,YBa2Cu3O7_553_Frenkel3_113.traj,395,0.197500,39,5.867752,26,3.817248,0,1,0
F3,YBa2Cu3O7_553_Frenkel3_113.traj,396,0.198000,39,5.868347,26,3.819067,0,1,0
F3,YBa2Cu3O7_553_Frenkel3_113.traj,397,0.198500,39,5.869054,26,3.820736,0,1,0
F3,YBa2Cu3O7_553_Frenkel3_113.traj,398,0.199000,39,5.869878,26,3.822286,0,1,0
F3,YBa2Cu3O7_553_Frenkel3_113.traj,399,0.199500,39,5.870750,26,3.823732,0,1,0
F3,YBa2Cu3O7_553_Frenkel3_113.traj,400,0.200000,39,5.871611,26,3.825100,0,1,0
F3,YBa2Cu3O7_553_Frenkel3_113.traj,401,0.200500,39,5.872460,26,3.826360,0,1,0
F3,YBa2Cu3O7_553_Frenkel3_113.traj,402,0.201000,39,5.873328,26,3.827507,0,1,0
F3,YBa2Cu3O7_553_Frenkel3_113.traj,403,0.201500,39,5.874239,26,3.828562,0,1,0
F3,YBa2Cu3O7_553_Frenkel3_113.traj,404,0.202000,39,5.875154,26,3.829483,0,1,0
F3,YBa2Cu3O7_553_Frenkel3_113.traj,405,0.202500,39,5.876082,26,3.830297,0,1,0
F3,YBa2Cu3O7_553_Frenkel3_113.traj,406,0.203000,39,5.877020,26,3.831038,0,1,0
F3,YBa2Cu3O7_553_Frenkel3_113.traj,407,0.203500,39,5.878032,26,3.831670,0,1,0
F3,YBa2Cu3O7_553_Frenkel3_113.traj,408,0.204000,39,5.879125,26,3.832164,0,1,0
F3,YBa2Cu3O7_553_Frenkel3_113.traj,409,0.204500,39,5.880252,26,3.832535,0,1,0
F3,YBa2Cu3O7_553_Frenkel3_113.traj,410,0.205000,39,5.881454,26,3.832804,0,1,0
F3,YBa2Cu3O7_553_Frenkel3_113.traj,411,0.205500,39,5.882752,26,3.832946,0,1,0
F3,YBa2Cu3O7_553_Frenkel3_113.traj,412,0.206000,39,5.884059,26,3.832982,0,1,0
F3,YBa2Cu3O7_553_Frenkel3_113.traj,413,0.206500,39,5.885391,26,3.832933,0,1,0
F3,YBa2Cu3O7_553_Frenkel3_113.traj,414,0.207000,39,5.886680,26,3.832801,0,1,0
F3,YBa2Cu3O7_553_Frenkel3_113.traj,415,0.207500,39,5.887964,26,3.832614,0,1,0
F3,YBa2Cu3O7_553_Frenkel3_113.traj,416,0.208000,39,5.889285,26,3.832385,0,1,0
F3,YBa2Cu3O7_553_Frenkel3_113.traj,417,0.208500,39,5.890677,26,3.832095,0,1,0
F3,YBa2Cu3O7_553_Frenkel3_113.traj,418,0.209000,39,5.892111,26,3.831701,0,1,0
F3,YBa2Cu3O7_553_Frenkel3_113.traj,419,0.209500,39,5.893590,26,3.831232,0,1,0
F3,YBa2Cu3O7_553_Frenkel3_113.traj,420,0.210000,39,5.895118,26,3.830736,0,1,0
F3,YBa2Cu3O7_553_Frenkel3_113.traj,421,0.210500,39,5.896707,26,3.830144,0,1,0
F3,YBa2Cu3O7_553_Frenkel3_113.traj,422,0.211000,39,5.898308,26,3.829459,0,1,0
F3,YBa2Cu3O7_553_Frenkel3_113.traj,423,0.211500,39,5.899918,26,3.828690,0,1,0
F3,YBa2Cu3O7_553_Frenkel3_113.traj,424,0.212000,39,5.901515,26,3.827793,0,1,0
F3,YBa2Cu3O7_553_Frenkel3_113.traj,425,0.212500,39,5.903190,26,3.826861,0,1,0
F3,YBa2Cu3O7_553_Frenkel3_113.traj,426,0.213000,39,5.904892,26,3.825884,0,1,0
F3,YBa2Cu3O7_553_Frenkel3_113.traj,427,0.213500,39,5.906581,26,3.824801,0,1,0
F3,YBa2Cu3O7_553_Frenkel3_113.traj,428,0.214000,39,5.908282,26,3.823615,0,1,0
F3,YBa2Cu3O7_553_Frenkel3_113.traj,429,0.214500,39,5.909991,26,3.822365,0,1,0
F3,YBa2Cu3O7_553_Frenkel3_113.traj,430,0.215000,39,5.911743,26,3.820999,0,1,0
F3,YBa2Cu3O7_553_Frenkel3_113.traj,431,0.215500,39,5.913493,26,3.819594,0,1,0
F3,YBa2Cu3O7_553_Frenkel3_113.traj,432,0.216000,39,5.915255,26,3.818131,0,1,0
F3,YBa2Cu3O7_553_Frenkel3_113.traj,433,0.216500,39,5.916983,26,3.816619,0,1,0
F3,YBa2Cu3O7_553_Frenkel3_113.traj,434,0.217000,39,5.918746,26,3.815045,0,1,0
F3,YBa2Cu3O7_553_Frenkel3_113.traj,435,0.217500,39,5.920585,26,3.813353,0,1,0
F3,YBa2Cu3O7_553_Frenkel3_113.traj,436,0.218000,39,5.922431,26,3.811585,0,1,0
F3,YBa2Cu3O7_553_Frenkel3_113.traj,437,0.218500,39,5.924344,26,3.809786,0,1,0
F3,YBa2Cu3O7_553_Frenkel3_113.traj,438,0.219000,39,5.926282,26,3.807972,0,1,0
F3,YBa2Cu3O7_553_Frenkel3_113.traj,439,0.219500,39,5.928283,26,3.806177,0,1,0
F3,YBa2Cu3O7_553_Frenkel3_113.traj,440,0.220000,39,5.930343,26,3.804352,0,1,0
F3,YBa2Cu3O7_553_Frenkel3_113.traj,441,0.220500,39,5.932455,26,3.802480,0,1,0
F3,YBa2Cu3O7_553_Frenkel3_113.traj,442,0.221000,39,5.934604,26,3.800561,0,1,0
F3,YBa2Cu3O7_553_Frenkel3_113.traj,443,0.221500,39,5.936800,26,3.798598,0,1,0
F3,YBa2Cu3O7_553_Frenkel3_113.traj,444,0.222000,39,5.939038,26,3.796607,0,1,0
F3,YBa2Cu3O7_553_Frenkel3_113.traj,445,0.222500,39,5.941351,26,3.794573,0,1,0
F3,YBa2Cu3O7_553_Frenkel3_113.traj,446,0.223000,39,5.943707,26,3.792563,0,1,0
F3,YBa2Cu3O7_553_Frenkel3_113.traj,447,0.223500,39,5.946039,26,3.790489,0,1,0
F3,YBa2Cu3O7_553_Frenkel3_113.traj,448,0.224000,39,5.948397,26,3.788395,0,1,0
F3,YBa2Cu3O7_553_Frenkel3_113.traj,449,0.224500,39,5.950799,26,3.786274,0,1,0
F3,YBa2Cu3O7_553_Frenkel3_113.traj,450,0.225000,39,5.953195,26,3.784135,0,1,0
F3,YBa2Cu3O7_553_Frenkel3_113.traj,451,0.225500,39,5.955597,26,3.781926,0,1,0
F3,YBa2Cu3O7_553_Frenkel3_113.traj,452,0.226000,39,5.958032,26,3.779694,0,1,0
F3,YBa2Cu3O7_553_Frenkel3_113.traj,453,0.226500,39,5.960466,26,3.777453,0,1,0
F3,YBa2Cu3O7_553_Frenkel3_113.traj,454,0.227000,39,5.962926,26,3.775209,0,1,0
F3,YBa2Cu3O7_553_Frenkel3_113.traj,455,0.227500,39,5.965456,26,3.772937,0,1,0
F3,YBa2Cu3O7_553_Frenkel3_113.traj,456,0.228000,39,5.967918,26,3.770687,0,1,0
F3,YBa2Cu3O7_553_Frenkel3_113.traj,457,0.228500,39,5.970375,26,3.768476,0,1,0
F3,YBa2Cu3O7_553_Frenkel3_113.traj,458,0.229000,39,5.972874,26,3.766268,0,1,0
F3,YBa2Cu3O7_553_Frenkel3_113.traj,459,0.229500,39,5.975369,26,3.764082,0,1,0
F3,YBa2Cu3O7_553_Frenkel3_113.traj,460,0.230000,39,5.977905,26,3.761981,0,1,0
F3,YBa2Cu3O7_553_Frenkel3_113.traj,461,0.230500,39,5.980456,26,3.759918,0,1,0
F3,YBa2Cu3O7_553_Frenkel3_113.traj,462,0.231000,39,5.982986,26,3.757957,0,1,0
F3,YBa2Cu3O7_553_Frenkel3_113.traj,463,0.231500,39,5.985527,26,3.756049,0,1,0
F3,YBa2Cu3O7_553_Frenkel3_113.traj,464,0.232000,39,5.988086,26,3.754208,0,1,0
F3,YBa2Cu3O7_553_Frenkel3_113.traj,465,0.232500,39,5.990637,26,3.752367,0,1,0
F3,YBa2Cu3O7_553_Frenkel3_113.traj,466,0.233000,39,5.993217,26,3.750581,0,1,0
F3,YBa2Cu3O7_553_Frenkel3_113.traj,467,0.233500,39,5.995742,26,3.748883,0,1,0
F3,YBa2Cu3O7_553_Frenkel3_113.traj,468,0.234000,39,5.998255,26,3.747332,0,1,0
F3,YBa2Cu3O7_553_Frenkel3_113.traj,469,0.234500,39,6.000768,26,3.745878,0,1,0
F3,YBa2Cu3O7_553_Frenkel3_113.traj,470,0.235000,39,6.003276,26,3.744471,0,1,0
F3,YBa2Cu3O7_553_Frenkel3_113.traj,471,0.235500,39,6.005722,26,3.743083,0,1,0
F3,YBa2Cu3O7_553_Frenkel3_113.traj,472,0.236000,39,6.008150,26,3.741754,0,1,0
F3,YBa2Cu3O7_553_Frenkel3_113.traj,473,0.236500,39,6.010587,26,3.740504,0,1,0
F3,YBa2Cu3O7_553_Frenkel3_113.traj,474,0.237000,39,6.012979,26,3.739294,0,1,0
F3,YBa2Cu3O7_553_Frenkel3_113.traj,475,0.237500,39,6.015401,26,3.738139,0,1,0
F3,YBa2Cu3O7_553_Frenkel3_113.traj,476,0.238000,39,6.017766,26,3.737046,0,1,0
F3,YBa2Cu3O7_553_Frenkel3_113.traj,477,0.238500,39,6.020107,26,3.736118,0,1,0
F3,YBa2Cu3O7_553_Frenkel3_113.traj,478,0.239000,39,6.022452,26,3.735325,0,1,0
F3,YBa2Cu3O7_553_Frenkel3_113.traj,479,0.239500,39,6.024777,26,3.734590,0,1,0
F3,YBa2Cu3O7_553_Frenkel3_113.traj,480,0.240000,39,6.027118,26,3.733953,0,1,0
F3,YBa2Cu3O7_553_Frenkel3_113.traj,481,0.240500,39,6.029421,26,3.733424,0,1,0
F3,YBa2Cu3O7_553_Frenkel3_113.traj,482,0.241000,39,6.031688,26,3.733076,0,1,0
F3,YBa2Cu3O7_553_Frenkel3_113.traj,483,0.241500,39,6.033927,26,3.732786,0,1,0
F3,YBa2Cu3O7_553_Frenkel3_113.traj,484,0.242000,39,6.036201,26,3.732507,0,1,0
F3,YBa2Cu3O7_553_Frenkel3_113.traj,485,0.242500,39,6.038463,26,3.732281,0,1,0
F3,YBa2Cu3O7_553_Frenkel3_113.traj,486,0.243000,39,6.040669,26,3.732143,0,1,0
F3,YBa2Cu3O7_553_Frenkel3_113.traj,487,0.243500,39,6.042892,26,3.732186,0,1,0
F3,YBa2Cu3O7_553_Frenkel3_113.traj,488,0.244000,39,6.045187,26,3.732438,0,1,0
F3,YBa2Cu3O7_553_Frenkel3_113.traj,489,0.244500,39,6.047512,26,3.732803,0,1,0
F3,YBa2Cu3O7_553_Frenkel3_113.traj,490,0.245000,39,6.049866,26,3.733294,0,1,0
F3,YBa2Cu3O7_553_Frenkel3_113.traj,491,0.245500,39,6.052258,26,3.733881,0,1,0
F3,YBa2Cu3O7_553_Frenkel3_113.traj,492,0.246000,39,6.054712,26,3.734563,0,1,0
F3,YBa2Cu3O7_553_Frenkel3_113.traj,493,0.246500,39,6.057193,26,3.735360,0,1,0
F3,YBa2Cu3O7_553_Frenkel3_113.traj,494,0.247000,39,6.059705,26,3.736221,0,1,0
F3,YBa2Cu3O7_553_Frenkel3_113.traj,495,0.247500,39,6.062152,26,3.737164,0,1,0
F3,YBa2Cu3O7_553_Frenkel3_113.traj,496,0.248000,39,6.064586,26,3.738165,0,1,0
F3,YBa2Cu3O7_553_Frenkel3_113.traj,497,0.248500,39,6.067020,26,3.739242,0,1,0
F3,YBa2Cu3O7_553_Frenkel3_113.traj,498,0.249000,39,6.069446,26,3.740392,0,1,0
F3,YBa2Cu3O7_553_Frenkel3_113.traj,499,0.249500,39,6.071856,26,3.741627,0,1,0
F3,YBa2Cu3O7_553_Frenkel3_113.traj,500,0.250000,39,6.074269,26,3.742905,0,1,0
F3,YBa2Cu3O7_553_Frenkel3_113.traj,501,0.250500,39,6.076685,26,3.744231,0,1,0
F3,YBa2Cu3O7_553_Frenkel3_113.traj,502,0.251000,39,6.079131,26,3.745594,0,1,0
F3,YBa2Cu3O7_553_Frenkel3_113.traj,503,0.251500,39,6.081626,26,3.747041,0,1,0
F3,YBa2Cu3O7_553_Frenkel3_113.traj,504,0.252000,39,6.084237,26,3.748516,0,1,0
F3,YBa2Cu3O7_553_Frenkel3_113.traj,505,0.252500,39,6.086874,26,3.749989,0,1,0
F3,YBa2Cu3O7_553_Frenkel3_113.traj,506,0.253000,39,6.089535,26,3.751458,0,1,0
F3,YBa2Cu3O7_553_Frenkel3_113.traj,507,0.253500,39,6.092248,26,3.752999,0,1,0
F3,YBa2Cu3O7_553_Frenkel3_113.traj,508,0.254000,39,6.094988,26,3.754525,0,1,0
F3,YBa2Cu3O7_553_Frenkel3_113.traj,509,0.254500,39,6.097713,26,3.756108,0,1,0
F3,YBa2Cu3O7_553_Frenkel3_113.traj,510,0.255000,39,6.100422,26,3.757749,0,1,0
F3,YBa2Cu3O7_553_Frenkel3_113.traj,511,0.255500,39,6.103202,26,3.759400,0,1,0
F3,YBa2Cu3O7_553_Frenkel3_113.traj,512,0.256000,39,6.106005,26,3.761061,0,1,0
F3,YBa2Cu3O7_553_Frenkel3_113.traj,513,0.256500,39,6.108823,26,3.762767,0,1,0
F3,YBa2Cu3O7_553_Frenkel3_113.traj,514,0.257000,39,6.111625,26,3.764508,0,1,0
F3,YBa2Cu3O7_553_Frenkel3_113.traj,515,0.257500,39,6.114422,26,3.766272,0,1,0
F3,YBa2Cu3O7_553_Frenkel3_113.traj,516,0.258000,39,6.117189,26,3.768096,0,1,0
F3,YBa2Cu3O7_553_Frenkel3_113.traj,517,0.258500,39,6.119980,26,3.769933,0,1,0
F3,YBa2Cu3O7_553_Frenkel3_113.traj,518,0.259000,39,6.122740,26,3.771785,0,1,0
F3,YBa2Cu3O7_553_Frenkel3_113.traj,519,0.259500,39,6.125476,26,3.773661,0,1,0
F3,YBa2Cu3O7_553_Frenkel3_113.traj,520,0.260000,39,6.128206,26,3.775575,0,1,0
F3,YBa2Cu3O7_553_Frenkel3_113.traj,521,0.260500,39,6.130989,26,3.777508,0,1,0
F3,YBa2Cu3O7_553_Frenkel3_113.traj,522,0.261000,39,6.133722,26,3.779441,0,1,0
F3,YBa2Cu3O7_553_Frenkel3_113.traj,523,0.261500,39,6.136431,26,3.781383,0,1,0
F3,YBa2Cu3O7_553_Frenkel3_113.traj,524,0.262000,39,6.139144,26,3.783312,0,1,0
F3,YBa2Cu3O7_553_Frenkel3_113.traj,525,0.262500,39,6.141860,26,3.785238,0,1,0
F3,YBa2Cu3O7_553_Frenkel3_113.traj,526,0.263000,39,6.144607,26,3.787083,0,1,0
F3,YBa2Cu3O7_553_Frenkel3_113.traj,527,0.263500,39,6.147297,26,3.788871,0,1,0
F3,YBa2Cu3O7_553_Frenkel3_113.traj,528,0.264000,39,6.149965,26,3.790723,0,1,0
F3,YBa2Cu3O7_553_Frenkel3_113.traj,529,0.264500,39,6.152598,26,3.792545,0,1,0
F3,YBa2Cu3O7_553_Frenkel3_113.traj,530,0.265000,39,6.155103,26,3.794343,0,1,0
F3,YBa2Cu3O7_553_Frenkel3_113.traj,531,0.265500,39,6.157544,26,3.796122,0,1,0
F3,YBa2Cu3O7_553_Frenkel3_113.traj,532,0.266000,39,6.159918,26,3.797935,0,1,0
F3,YBa2Cu3O7_553_Frenkel3_113.traj,533,0.266500,39,6.162212,26,3.799721,0,1,0
F3,YBa2Cu3O7_553_Frenkel3_113.traj,534,0.267000,39,6.164472,26,3.801460,0,1,0
F3,YBa2Cu3O7_553_Frenkel3_113.traj,535,0.267500,39,6.166671,26,3.803160,0,1,0
F3,YBa2Cu3O7_553_Frenkel3_113.traj,536,0.268000,39,6.168749,26,3.804820,0,1,0
F3,YBa2Cu3O7_553_Frenkel3_113.traj,537,0.268500,39,6.170731,26,3.806463,0,1,0
F3,YBa2Cu3O7_553_Frenkel3_113.traj,538,0.269000,39,6.172650,26,3.808068,0,1,0
F3,YBa2Cu3O7_553_Frenkel3_113.traj,539,0.269500,39,6.174512,26,3.809638,0,1,0
F3,YBa2Cu3O7_553_Frenkel3_113.traj,540,0.270000,39,6.176307,26,3.811190,0,1,0
F3,YBa2Cu3O7_553_Frenkel3_113.traj,541,0.270500,39,6.177981,26,3.812721,0,1,0
F3,YBa2Cu3O7_553_Frenkel3_113.traj,542,0.271000,39,6.179483,26,3.814237,0,1,0
F3,YBa2Cu3O7_553_Frenkel3_113.traj,543,0.271500,39,6.180832,26,3.815662,0,1,0
F3,YBa2Cu3O7_553_Frenkel3_113.traj,544,0.272000,39,6.182132,26,3.817019,0,1,0
F3,YBa2Cu3O7_553_Frenkel3_113.traj,545,0.272500,39,6.183341,26,3.818294,0,1,0
F3,YBa2Cu3O7_553_Frenkel3_113.traj,546,0.273000,39,6.184442,26,3.819469,0,1,0
F3,YBa2Cu3O7_553_Frenkel3_113.traj,547,0.273500,39,6.185442,26,3.820576,0,1,0
F3,YBa2Cu3O7_553_Frenkel3_113.traj,548,0.274000,39,6.186362,26,3.821585,0,1,0
F3,YBa2Cu3O7_553_Frenkel3_113.traj,549,0.274500,39,6.187218,26,3.822641,0,1,0
F3,YBa2Cu3O7_553_Frenkel3_113.traj,550,0.275000,39,6.187975,26,3.823707,0,1,0
F3,YBa2Cu3O7_553_Frenkel3_113.traj,551,0.275500,39,6.188631,26,3.824688,0,1,0
F3,YBa2Cu3O7_553_Frenkel3_113.traj,552,0.276000,39,6.189159,26,3.825577,0,1,0
F3,YBa2Cu3O7_553_Frenkel3_113.traj,553,0.276500,39,6.189552,26,3.826348,0,1,0
F3,YBa2Cu3O7_553_Frenkel3_113.traj,554,0.277000,39,6.189839,26,3.827098,0,1,0
F3,YBa2Cu3O7_553_Frenkel3_113.traj,555,0.277500,39,6.189970,26,3.827759,0,1,0
F3,YBa2Cu3O7_553_Frenkel3_113.traj,556,0.278000,39,6.190055,26,3.828320,0,1,0
F3,YBa2Cu3O7_553_Frenkel3_113.traj,557,0.278500,39,6.190131,26,3.828865,0,1,0
F3,YBa2Cu3O7_553_Frenkel3_113.traj,558,0.279000,39,6.190101,26,3.829381,0,1,0
F3,YBa2Cu3O7_553_Frenkel3_113.traj,559,0.279500,39,6.189941,26,3.829866,0,1,0
F3,YBa2Cu3O7_553_Frenkel3_113.traj,560,0.280000,39,6.189709,26,3.830287,0,1,0
F3,YBa2Cu3O7_553_Frenkel3_113.traj,561,0.280500,39,6.189393,26,3.830655,0,1,0
F3,YBa2Cu3O7_553_Frenkel3_113.traj,562,0.281000,39,6.188909,26,3.830938,0,1,0
F3,YBa2Cu3O7_553_Frenkel3_113.traj,563,0.281500,39,6.188335,26,3.831150,0,1,0
F3,YBa2Cu3O7_553_Frenkel3_113.traj,564,0.282000,39,6.187698,26,3.831374,0,1,0
F3,YBa2Cu3O7_553_Frenkel3_113.traj,565,0.282500,39,6.186978,26,3.831648,0,1,0
F3,YBa2Cu3O7_553_Frenkel3_113.traj,566,0.283000,39,6.186137,26,3.831953,0,1,0
F3,YBa2Cu3O7_553_Frenkel3_113.traj,567,0.283500,39,6.185218,26,3.832242,0,1,0
F3,YBa2Cu3O7_553_Frenkel3_113.traj,568,0.284000,39,6.184190,26,3.832477,0,1,0
F3,YBa2Cu3O7_553_Frenkel3_113.traj,569,0.284500,39,6.183111,26,3.832684,0,1,0
F3,YBa2Cu3O7_553_Frenkel3_113.traj,570,0.285000,39,6.181942,26,3.832873,0,1,0
F3,YBa2Cu3O7_553_Frenkel3_113.traj,571,0.285500,39,6.180662,26,3.832975,0,1,0
F3,YBa2Cu3O7_553_Frenkel3_113.traj,572,0.286000,39,6.179288,26,3.833024,0,1,0
F3,YBa2Cu3O7_553_Frenkel3_113.traj,573,0.286500,39,6.177848,26,3.833061,0,1,0
F3,YBa2Cu3O7_553_Frenkel3_113.traj,574,0.287000,39,6.176390,26,3.833094,0,1,0
F3,YBa2Cu3O7_553_Frenkel3_113.traj,575,0.287500,39,6.174874,26,3.833130,0,1,0
F3,YBa2Cu3O7_553_Frenkel3_113.traj,576,0.288000,39,6.173311,26,3.833134,0,1,0
F3,YBa2Cu3O7_553_Frenkel3_113.traj,577,0.288500,39,6.171724,26,3.833065,0,1,0
F3,YBa2Cu3O7_553_Frenkel3_113.traj,578,0.289000,39,6.170180,26,3.832909,0,1,0
F3,YBa2Cu3O7_553_Frenkel3_113.traj,579,0.289500,39,6.168612,26,3.832712,0,1,0
F3,YBa2Cu3O7_553_Frenkel3_113.traj,580,0.290000,39,6.167016,26,3.832482,0,1,0
F3,YBa2Cu3O7_553_Frenkel3_113.traj,581,0.290500,39,6.165386,26,3.832235,0,1,0
F3,YBa2Cu3O7_553_Frenkel3_113.traj,582,0.291000,39,6.163693,26,3.831998,0,1,0
F3,YBa2Cu3O7_553_Frenkel3_113.traj,583,0.291500,39,6.161969,26,3.831734,0,1,0
F3,YBa2Cu3O7_553_Frenkel3_113.traj,584,0.292000,39,6.160242,26,3.831472,0,1,0
F3,YBa2Cu3O7_553_Frenkel3_113.traj,585,0.292500,39,6.158463,26,3.831225,0,1,0
F3,YBa2Cu3O7_553_Frenkel3_113.traj,586,0.293000,39,6.156635,26,3.830949,0,1,0
F3,YBa2Cu3O7_553_Frenkel3_113.traj,587,0.293500,39,6.154744,26,3.830671,0,1,0
F3,YBa2Cu3O7_553_Frenkel3_113.traj,588,0.294000,39,6.152828,26,3.830373,0,1,0
F3,YBa2Cu3O7_553_Frenkel3_113.traj,589,0.294500,39,6.150831,26,3.830064,0,1,0
F3,YBa2Cu3O7_553_Frenkel3_113.traj,590,0.295000,39,6.148810,26,3.829714,0,1,0
F3,YBa2Cu3O7_553_Frenkel3_113.traj,591,0.295500,39,6.146792,26,3.829384,0,1,0
F3,YBa2Cu3O7_553_Frenkel3_113.traj,592,0.296000,39,6.144730,26,3.829058,0,1,0
F3,YBa2Cu3O7_553_Frenkel3_113.traj,593,0.296500,39,6.142590,26,3.828758,0,1,0
F3,YBa2Cu3O7_553_Frenkel3_113.traj,594,0.297000,39,6.140379,26,3.828509,0,1,0
F3,YBa2Cu3O7_553_Frenkel3_113.traj,595,0.297500,39,6.138154,26,3.828249,0,1,0
F3,YBa2Cu3O7_553_Frenkel3_113.traj,596,0.298000,39,6.135886,26,3.827974,0,1,0
F3,YBa2Cu3O7_553_Frenkel3_113.traj,597,0.298500,39,6.133615,26,3.827670,0,1,0
F3,YBa2Cu3O7_553_Frenkel3_113.traj,598,0.299000,39,6.131326,26,3.827360,0,1,0
F3,YBa2Cu3O7_553_Frenkel3_113.traj,599,0.299500,39,6.129035,26,3.827123,0,1,0
F3,YBa2Cu3O7_553_Frenkel3_113.traj,600,0.300000,39,6.126715,26,3.826851,0,1,0
F3,YBa2Cu3O7_553_Frenkel3_113.traj,601,0.300500,39,6.124355,26,3.826503,0,1,0
F3,YBa2Cu3O7_553_Frenkel3_113.traj,602,0.301000,39,6.121960,26,3.826206,0,1,0
F3,YBa2Cu3O7_553_Frenkel3_113.traj,603,0.301500,39,6.119561,26,3.825904,0,1,0
F3,YBa2Cu3O7_553_Frenkel3_113.traj,604,0.302000,39,6.117128,26,3.825668,0,1,0
F3,YBa2Cu3O7_553_Frenkel3_113.traj,605,0.302500,39,6.114599,26,3.825526,0,1,0
F3,YBa2Cu3O7_553_Frenkel3_113.traj,606,0.303000,39,6.112059,26,3.825455,0,1,0
F3,YBa2Cu3O7_553_Frenkel3_113.traj,607,0.303500,39,6.109532,26,3.825387,0,1,0
F3,YBa2Cu3O7_553_Frenkel3_113.traj,608,0.304000,39,6.106984,26,3.825320,0,1,0
F3,YBa2Cu3O7_553_Frenkel3_113.traj,609,0.304500,39,6.104393,26,3.825330,0,1,0
F3,YBa2Cu3O7_553_Frenkel3_113.traj,610,0.305000,39,6.101757,26,3.825393,0,1,0
F3,YBa2Cu3O7_553_Frenkel3_113.traj,611,0.305500,39,6.099083,26,3.825496,0,1,0
F3,YBa2Cu3O7_553_Frenkel3_113.traj,612,0.306000,39,6.096360,26,3.825681,0,1,0
F3,YBa2Cu3O7_553_Frenkel3_113.traj,613,0.306500,39,6.093608,26,3.825931,0,1,0
F3,YBa2Cu3O7_553_Frenkel3_113.traj,614,0.307000,39,6.090883,26,3.826253,0,1,0
F3,YBa2Cu3O7_553_Frenkel3_113.traj,615,0.307500,39,6.088105,26,3.826704,0,1,0
F3,YBa2Cu3O7_553_Frenkel3_113.traj,616,0.308000,39,6.085224,26,3.827276,0,1,0
F3,YBa2Cu3O7_553_Frenkel3_113.traj,617,0.308500,39,6.082289,26,3.827933,0,1,0
F3,YBa2Cu3O7_553_Frenkel3_113.traj,618,0.309000,39,6.079285,26,3.828630,0,1,0
F3,YBa2Cu3O7_553_Frenkel3_113.traj,619,0.309500,39,6.076269,26,3.829378,0,1,0
F3,YBa2Cu3O7_553_Frenkel3_113.traj,620,0.310000,39,6.073275,26,3.830191,0,1,0
F3,YBa2Cu3O7_553_Frenkel3_113.traj,621,0.310500,39,6.070267,26,3.831103,0,1,0
F3,YBa2Cu3O7_553_Frenkel3_113.traj,622,0.311000,39,6.067213,26,3.832043,0,1,0
F3,YBa2Cu3O7_553_Frenkel3_113.traj,623,0.311500,39,6.064122,26,3.833082,0,1,0
F3,YBa2Cu3O7_553_Frenkel3_113.traj,624,0.312000,39,6.061015,26,3.834156,0,1,0
F3,YBa2Cu3O7_553_Frenkel3_113.traj,625,0.312500,39,6.057870,26,3.835298,0,1,0
F3,YBa2Cu3O7_553_Frenkel3_113.traj,626,0.313000,39,6.054729,26,3.836463,0,1,0
F3,YBa2Cu3O7_553_Frenkel3_113.traj,627,0.313500,39,6.051533,26,3.837674,0,1,0
F3,YBa2Cu3O7_553_Frenkel3_113.traj,628,0.314000,39,6.048324,26,3.838983,0,1,0
F3,YBa2Cu3O7_553_Frenkel3_113.traj,629,0.314500,39,6.045033,26,3.840352,0,1,0
F3,YBa2Cu3O7_553_Frenkel3_113.traj,630,0.315000,39,6.041756,26,3.841771,0,1,0
F3,YBa2Cu3O7_553_Frenkel3_113.traj,631,0.315500,39,6.038437,26,3.843258,0,1,0
F3,YBa2Cu3O7_553_Frenkel3_113.traj,632,0.316000,39,6.035106,26,3.844888,0,1,0
F3,YBa2Cu3O7_553_Frenkel3_113.traj,633,0.316500,39,6.031748,26,3.846602,0,1,0
F3,YBa2Cu3O7_553_Frenkel3_113.traj,634,0.317000,39,6.028326,26,3.848426,0,1,0
F3,YBa2Cu3O7_553_Frenkel3_113.traj,635,0.317500,39,6.024873,26,3.850332,0,1,0
F3,YBa2Cu3O7_553_Frenkel3_113.traj,636,0.318000,39,6.021425,26,3.852251,0,1,0
F3,YBa2Cu3O7_553_Frenkel3_113.traj,637,0.318500,39,6.017948,26,3.854179,0,1,0
F3,YBa2Cu3O7_553_Frenkel3_113.traj,638,0.319000,39,6.014480,26,3.856149,0,1,0
F3,YBa2Cu3O7_553_Frenkel3_113.traj,639,0.319500,39,6.010985,26,3.858161,0,1,0
F3,YBa2Cu3O7_553_Frenkel3_113.traj,640,0.320000,39,6.007475,26,3.860269,0,1,0
F3,YBa2Cu3O7_553_Frenkel3_113.traj,641,0.320500,39,6.003874,26,3.862454,0,1,0
F3,YBa2Cu3O7_553_Frenkel3_113.traj,642,0.321000,39,6.000220,26,3.864666,0,1,0
F3,YBa2Cu3O7_553_Frenkel3_113.traj,643,0.321500,39,5.996562,26,3.866927,0,1,0
F3,YBa2Cu3O7_553_Frenkel3_113.traj,644,0.322000,39,5.992881,26,3.869273,0,1,0
F3,YBa2Cu3O7_553_Frenkel3_113.traj,645,0.322500,39,5.989212,26,3.871699,0,1,0
F3,YBa2Cu3O7_553_Frenkel3_113.traj,646,0.323000,39,5.985569,26,3.874094,0,1,0
F3,YBa2Cu3O7_553_Frenkel3_113.traj,647,0.323500,39,5.981908,26,3.876475,0,1,0
F3,YBa2Cu3O7_553_Frenkel3_113.traj,648,0.324000,39,5.978288,26,3.878872,0,1,0
F3,YBa2Cu3O7_553_Frenkel3_113.traj,649,0.324500,39,5.974738,26,3.881273,0,1,0
F3,YBa2Cu3O7_553_Frenkel3_113.traj,650,0.325000,39,5.971193,26,3.883655,0,1,0
F3,YBa2Cu3O7_553_Frenkel3_113.traj,651,0.325500,39,5.967635,26,3.886015,0,1,0
F3,YBa2Cu3O7_553_Frenkel3_113.traj,652,0.326000,39,5.964146,26,3.888358,0,1,0
F3,YBa2Cu3O7_553_Frenkel3_113.traj,653,0.326500,39,5.960641,26,3.890702,0,1,0
F3,YBa2Cu3O7_553_Frenkel3_113.traj,654,0.327000,39,5.957132,26,3.893006,0,1,0
F3,YBa2Cu3O7_553_Frenkel3_113.traj,655,0.327500,39,5.953726,26,3.895217,0,1,0
F3,YBa2Cu3O7_553_Frenkel3_113.traj,656,0.328000,39,5.950389,26,3.897351,0,1,0
F3,YBa2Cu3O7_553_Frenkel3_113.traj,657,0.328500,39,5.947067,26,3.899444,0,1,0
F3,YBa2Cu3O7_553_Frenkel3_113.traj,658,0.329000,39,5.943792,26,3.901438,0,1,0
F3,YBa2Cu3O7_553_Frenkel3_113.traj,659,0.329500,39,5.940583,26,3.903392,0,1,0
F3,YBa2Cu3O7_553_Frenkel3_113.traj,660,0.330000,39,5.937351,26,3.905325,0,1,0
F3,YBa2Cu3O7_553_Frenkel3_113.traj,661,0.330500,39,5.934094,26,3.907156,0,1,0
F3,YBa2Cu3O7_553_Frenkel3_113.traj,662,0.331000,39,5.930862,26,3.908900,0,1,0
F3,YBa2Cu3O7_553_Frenkel3_113.traj,663,0.331500,39,5.927712,26,3.910556,0,1,0
F3,YBa2Cu3O7_553_Frenkel3_113.traj,664,0.332000,39,5.924607,26,3.912134,0,1,0
F3,YBa2Cu3O7_553_Frenkel3_113.traj,665,0.332500,39,5.921415,26,3.913662,0,1,0
F3,YBa2Cu3O7_553_Frenkel3_113.traj,666,0.333000,39,5.918186,26,3.915107,0,1,0
F3,YBa2Cu3O7_553_Frenkel3_113.traj,667,0.333500,39,5.914969,26,3.916421,0,1,0
F3,YBa2Cu3O7_553_Frenkel3_113.traj,668,0.334000,39,5.911755,26,3.917653,0,1,0
F3,YBa2Cu3O7_553_Frenkel3_113.traj,669,0.334500,39,5.908587,26,3.918798,0,1,0
F3,YBa2Cu3O7_553_Frenkel3_113.traj,670,0.335000,39,5.905456,26,3.919834,0,1,0
F3,YBa2Cu3O7_553_Frenkel3_113.traj,671,0.335500,39,5.902390,26,3.920757,0,1,0
F3,YBa2Cu3O7_553_Frenkel3_113.traj,672,0.336000,39,5.899371,26,3.921648,0,1,0
F3,YBa2Cu3O7_553_Frenkel3_113.traj,673,0.336500,39,5.896370,26,3.922453,0,1,0
F3,YBa2Cu3O7_553_Frenkel3_113.traj,674,0.337000,39,5.893345,26,3.923168,0,1,0
F3,YBa2Cu3O7_553_Frenkel3_113.traj,675,0.337500,39,5.890373,26,3.923798,0,1,0
F3,YBa2Cu3O7_553_Frenkel3_113.traj,676,0.338000,39,5.887426,26,3.924298,0,1,0
F3,YBa2Cu3O7_553_Frenkel3_113.traj,677,0.338500,39,5.884569,26,3.924702,0,1,0
F3,YBa2Cu3O7_553_Frenkel3_113.traj,678,0.339000,39,5.881775,26,3.925025,0,1,0
F3,YBa2Cu3O7_553_Frenkel3_113.traj,679,0.339500,39,5.879020,26,3.925199,0,1,0
F3,YBa2Cu3O7_553_Frenkel3_113.traj,680,0.340000,39,5.876308,26,3.925203,0,1,0
F3,YBa2Cu3O7_553_Frenkel3_113.traj,681,0.340500,39,5.873644,26,3.925018,0,1,0
F3,YBa2Cu3O7_553_Frenkel3_113.traj,682,0.341000,39,5.871087,26,3.924706,0,1,0
F3,YBa2Cu3O7_553_Frenkel3_113.traj,683,0.341500,39,5.868611,26,3.924220,0,1,0
F3,YBa2Cu3O7_553_Frenkel3_113.traj,684,0.342000,39,5.866242,26,3.923636,0,1,0
F3,YBa2Cu3O7_553_Frenkel3_113.traj,685,0.342500,39,5.863987,26,3.922969,0,1,0
F3,YBa2Cu3O7_553_Frenkel3_113.traj,686,0.343000,39,5.861812,26,3.922233,0,1,0
F3,YBa2Cu3O7_553_Frenkel3_113.traj,687,0.343500,39,5.859708,26,3.921460,0,1,0
F3,YBa2Cu3O7_553_Frenkel3_113.traj,688,0.344000,39,5.857744,26,3.920538,0,1,0
F3,YBa2Cu3O7_553_Frenkel3_113.traj,689,0.344500,39,5.855806,26,3.919531,0,1,0
F3,YBa2Cu3O7_553_Frenkel3_113.traj,690,0.345000,39,5.853886,26,3.918437,0,1,0
F3,YBa2Cu3O7_553_Frenkel3_113.traj,691,0.345500,39,5.852068,26,3.917231,0,1,0
F3,YBa2Cu3O7_553_Frenkel3_113.traj,692,0.346000,39,5.850305,26,3.915945,0,1,0
F3,YBa2Cu3O7_553_Frenkel3_113.traj,693,0.346500,39,5.848667,26,3.914541,0,1,0
F3,YBa2Cu3O7_553_Frenkel3_113.traj,694,0.347000,39,5.847130,26,3.913016,0,1,0
F3,YBa2Cu3O7_553_Frenkel3_113.traj,695,0.347500,39,5.845665,26,3.911418,0,1,0
F3,YBa2Cu3O7_553_Frenkel3_113.traj,696,0.348000,39,5.844275,26,3.909648,0,1,0
F3,YBa2Cu3O7_553_Frenkel3_113.traj,697,0.348500,39,5.843061,26,3.907728,0,1,0
F3,YBa2Cu3O7_553_Frenkel3_113.traj,698,0.349000,39,5.841985,26,3.905761,0,1,0
F3,YBa2Cu3O7_553_Frenkel3_113.traj,699,0.349500,39,5.841040,26,3.903722,0,1,0
F3,YBa2Cu3O7_553_Frenkel3_113.traj,700,0.350000,39,5.840253,26,3.901649,0,1,0
F3,YBa2Cu3O7_553_Frenkel3_113.traj,701,0.350500,39,5.839583,26,3.899481,0,1,0
F3,YBa2Cu3O7_553_Frenkel3_113.traj,702,0.351000,39,5.838994,26,3.897239,0,1,0
F3,YBa2Cu3O7_553_Frenkel3_113.traj,703,0.351500,39,5.838513,26,3.894948,0,1,0
F3,YBa2Cu3O7_553_Frenkel3_113.traj,704,0.352000,39,5.838057,26,3.892599,0,1,0
F3,YBa2Cu3O7_553_Frenkel3_113.traj,705,0.352500,39,5.837617,26,3.890156,0,1,0
F3,YBa2Cu3O7_553_Frenkel3_113.traj,706,0.353000,39,5.837301,26,3.887640,0,1,0
F3,YBa2Cu3O7_553_Frenkel3_113.traj,707,0.353500,39,5.837048,26,3.885099,0,1,0
F3,YBa2Cu3O7_553_Frenkel3_113.traj,708,0.354000,39,5.836816,26,3.882492,0,1,0
F3,YBa2Cu3O7_553_Frenkel3_113.traj,709,0.354500,39,5.836582,26,3.879854,0,1,0
F3,YBa2Cu3O7_553_Frenkel3_113.traj,710,0.355000,39,5.836440,26,3.877173,0,1,0
F3,YBa2Cu3O7_553_Frenkel3_113.traj,711,0.355500,39,5.836376,26,3.874448,0,1,0
F3,YBa2Cu3O7_553_Frenkel3_113.traj,712,0.356000,39,5.836356,26,3.871723,0,1,0
F3,YBa2Cu3O7_553_Frenkel3_113.traj,713,0.356500,39,5.836344,26,3.868979,0,1,0
F3,YBa2Cu3O7_553_Frenkel3_113.traj,714,0.357000,39,5.836387,26,3.866224,0,1,0
F3,YBa2Cu3O7_553_Frenkel3_113.traj,715,0.357500,39,5.836496,26,3.863423,0,1,0
F3,YBa2Cu3O7_553_Frenkel3_113.traj,716,0.358000,39,5.836644,26,3.860621,0,1,0
F3,YBa2Cu3O7_553_Frenkel3_113.traj,717,0.358500,39,5.836850,26,3.857762,0,1,0
F3,YBa2Cu3O7_553_Frenkel3_113.traj,718,0.359000,39,5.837063,26,3.854942,0,1,0
F3,YBa2Cu3O7_553_Frenkel3_113.traj,719,0.359500,39,5.837329,26,3.852181,0,1,0
F3,YBa2Cu3O7_553_Frenkel3_113.traj,720,0.360000,39,5.837611,26,3.849442,0,1,0
F3,YBa2Cu3O7_553_Frenkel3_113.traj,721,0.360500,39,5.837909,26,3.846669,0,1,0
F3,YBa2Cu3O7_553_Frenkel3_113.traj,722,0.361000,39,5.838225,26,3.843905,0,1,0
F3,YBa2Cu3O7_553_Frenkel3_113.traj,723,0.361500,39,5.838541,26,3.841111,0,1,0
F3,YBa2Cu3O7_553_Frenkel3_113.traj,724,0.362000,39,5.838901,26,3.838366,0,1,0
F3,YBa2Cu3O7_553_Frenkel3_113.traj,725,0.362500,39,5.839261,26,3.835646,0,1,0
F3,YBa2Cu3O7_553_Frenkel3_113.traj,726,0.363000,39,5.839639,26,3.832913,0,1,0
F3,YBa2Cu3O7_553_Frenkel3_113.traj,727,0.363500,39,5.840079,26,3.830172,0,1,0
F3,YBa2Cu3O7_553_Frenkel3_113.traj,728,0.364000,39,5.840517,26,3.827444,0,1,0
F3,YBa2Cu3O7_553_Frenkel3_113.traj,729,0.364500,39,5.841066,26,3.824781,0,1,0
F3,YBa2Cu3O7_553_Frenkel3_113.traj,730,0.365000,39,5.841652,26,3.822074,0,1,0
F3,YBa2Cu3O7_553_Frenkel3_113.traj,731,0.365500,39,5.842298,26,3.819410,0,1,0
F3,YBa2Cu3O7_553_Frenkel3_113.traj,732,0.366000,39,5.843002,26,3.816775,0,1,0
F3,YBa2Cu3O7_553_Frenkel3_113.traj,733,0.366500,39,5.843761,26,3.814183,0,1,0
F3,YBa2Cu3O7_553_Frenkel3_113.traj,734,0.367000,39,5.844579,26,3.811673,0,1,0
F3,YBa2Cu3O7_553_Frenkel3_113.traj,735,0.367500,39,5.845399,26,3.809229,0,1,0
F3,YBa2Cu3O7_553_Frenkel3_113.traj,736,0.368000,39,5.846185,26,3.806798,0,1,0
F3,YBa2Cu3O7_553_Frenkel3_113.traj,737,0.368500,39,5.846980,26,3.804427,0,1,0
F3,YBa2Cu3O7_553_Frenkel3_113.traj,738,0.369000,39,5.847795,26,3.802130,0,1,0
F3,YBa2Cu3O7_553_Frenkel3_113.traj,739,0.369500,39,5.848599,26,3.799931,0,1,0
F3,YBa2Cu3O7_553_Frenkel3_113.traj,740,0.370000,39,5.849424,26,3.797807,0,1,0
F3,YBa2Cu3O7_553_Frenkel3_113.traj,741,0.370500,39,5.850252,26,3.795749,0,1,0
F3,YBa2Cu3O7_553_Frenkel3_113.traj,742,0.371000,39,5.851089,26,3.793743,0,1,0
F3,YBa2Cu3O7_553_Frenkel3_113.traj,743,0.371500,39,5.851920,26,3.791846,0,1,0
F3,YBa2Cu3O7_553_Frenkel3_113.traj,744,0.372000,39,5.852769,26,3.790034,0,1,0
F3,YBa2Cu3O7_553_Frenkel3_113.traj,745,0.372500,39,5.853704,26,3.788342,0,1,0
F3,YBa2Cu3O7_553_Frenkel3_113.traj,746,0.373000,39,5.854667,26,3.786760,0,1,0
F3,YBa2Cu3O7_553_Frenkel3_113.traj,747,0.373500,39,5.855612,26,3.785329,0,1,0
F3,YBa2Cu3O7_553_Frenkel3_113.traj,748,0.374000,39,5.856579,26,3.783987,0,1,0
F3,YBa2Cu3O7_553_Frenkel3_113.traj,749,0.374500,39,5.857539,26,3.782684,0,1,0
F3,YBa2Cu3O7_553_Frenkel3_113.traj,750,0.375000,39,5.858480,26,3.781472,0,1,0
F3,YBa2Cu3O7_553_Frenkel3_113.traj,751,0.375500,39,5.859493,26,3.780347,0,1,0
F3,YBa2Cu3O7_553_Frenkel3_113.traj,752,0.376000,39,5.860538,26,3.779323,0,1,0
F3,YBa2Cu3O7_553_Frenkel3_113.traj,753,0.376500,39,5.861556,26,3.778398,0,1,0
F3,YBa2Cu3O7_553_Frenkel3_113.traj,754,0.377000,39,5.862598,26,3.777536,0,1,0
F3,YBa2Cu3O7_553_Frenkel3_113.traj,755,0.377500,39,5.863670,26,3.776771,0,1,0
F3,YBa2Cu3O7_553_Frenkel3_113.traj,756,0.378000,39,5.864701,26,3.776104,0,1,0
F3,YBa2Cu3O7_553_Frenkel3_113.traj,757,0.378500,39,5.865729,26,3.775504,0,1,0
F3,YBa2Cu3O7_553_Frenkel3_113.traj,758,0.379000,39,5.866800,26,3.774993,0,1,0
F3,YBa2Cu3O7_553_Frenkel3_113.traj,759,0.379500,39,5.867862,26,3.774584,0,1,0
F3,YBa2Cu3O7_553_Frenkel3_113.traj,760,0.380000,39,5.868998,26,3.774293,0,1,0
F3,YBa2Cu3O7_553_Frenkel3_113.traj,761,0.380500,39,5.870178,26,3.774068,0,1,0
F3,YBa2Cu3O7_553_Frenkel3_113.traj,762,0.381000,39,5.871345,26,3.773897,0,1,0
F3,YBa2Cu3O7_553_Frenkel3_113.traj,763,0.381500,39,5.872463,26,3.773787,0,1,0
F3,YBa2Cu3O7_553_Frenkel3_113.traj,764,0.382000,39,5.873572,26,3.773797,0,1,0
F3,YBa2Cu3O7_553_Frenkel3_113.traj,765,0.382500,39,5.874663,26,3.773926,0,1,0
F3,YBa2Cu3O7_553_Frenkel3_113.traj,766,0.383000,39,5.875829,26,3.774070,0,1,0
F3,YBa2Cu3O7_553_Frenkel3_113.traj,767,0.383500,39,5.877022,26,3.774232,0,1,0
F3,YBa2Cu3O7_553_Frenkel3_113.traj,768,0.384000,39,5.878194,26,3.774446,0,1,0
F3,YBa2Cu3O7_553_Frenkel3_113.traj,769,0.384500,39,5.879354,26,3.774734,0,1,0
F3,YBa2Cu3O7_553_Frenkel3_113.traj,770,0.385000,39,5.880525,26,3.775094,0,1,0
F3,YBa2Cu3O7_553_Frenkel3_113.traj,771,0.385500,39,5.881690,26,3.775555,0,1,0
F3,YBa2Cu3O7_553_Frenkel3_113.traj,772,0.386000,39,5.882904,26,3.776095,0,1,0
F3,YBa2Cu3O7_553_Frenkel3_113.traj,773,0.386500,39,5.884114,26,3.776711,0,1,0
F3,YBa2Cu3O7_553_Frenkel3_113.traj,774,0.387000,39,5.885369,26,3.777439,0,1,0
F3,YBa2Cu3O7_553_Frenkel3_113.traj,775,0.387500,39,5.886680,26,3.778185,0,1,0
F3,YBa2Cu3O7_553_Frenkel3_113.traj,776,0.388000,39,5.887995,26,3.778947,0,1,0
F3,YBa2Cu3O7_553_Frenkel3_113.traj,777,0.388500,39,5.889345,26,3.779738,0,1,0
F3,YBa2Cu3O7_553_Frenkel3_113.traj,778,0.389000,39,5.890721,26,3.780594,0,1,0
F3,YBa2Cu3O7_553_Frenkel3_113.traj,779,0.389500,39,5.892136,26,3.781464,0,1,0
F3,YBa2Cu3O7_553_Frenkel3_113.traj,780,0.390000,39,5.893588,26,3.782274,0,1,0
F3,YBa2Cu3O7_553_Frenkel3_113.traj,781,0.390500,39,5.895135,26,3.783091,0,1,0
F3,YBa2Cu3O7_553_Frenkel3_113.traj,782,0.391000,39,5.896695,26,3.783928,0,1,0
F3,YBa2Cu3O7_553_Frenkel3_113.traj,783,0.391500,39,5.898192,26,3.784796,0,1,0
F3,YBa2Cu3O7_553_Frenkel3_113.traj,784,0.392000,39,5.899674,26,3.785732,0,1,0
F3,YBa2Cu3O7_553_Frenkel3_113.traj,785,0.392500,39,5.901177,26,3.786702,0,1,0
F3,YBa2Cu3O7_553_Frenkel3_113.traj,786,0.393000,39,5.902716,26,3.787685,0,1,0
F3,YBa2Cu3O7_553_Frenkel3_113.traj,787,0.393500,39,5.904289,26,3.788733,0,1,0
F3,YBa2Cu3O7_553_Frenkel3_113.traj,788,0.394000,39,5.905928,26,3.789760,0,1,0
F3,YBa2Cu3O7_553_Frenkel3_113.traj,789,0.394500,39,5.907589,26,3.790732,0,1,0
F3,YBa2Cu3O7_553_Frenkel3_113.traj,790,0.395000,39,5.909320,26,3.791661,0,1,0
F3,YBa2Cu3O7_553_Frenkel3_113.traj,791,0.395500,39,5.911115,26,3.792543,0,1,0
F3,YBa2Cu3O7_553_Frenkel3_113.traj,792,0.396000,39,5.912955,26,3.793378,0,1,0
F3,YBa2Cu3O7_553_Frenkel3_113.traj,793,0.396500,39,5.914776,26,3.794182,0,1,0
F3,YBa2Cu3O7_553_Frenkel3_113.traj,794,0.397000,39,5.916648,26,3.794891,0,1,0
F3,YBa2Cu3O7_553_Frenkel3_113.traj,795,0.397500,39,5.918508,26,3.795608,0,1,0
F3,YBa2Cu3O7_553_Frenkel3_113.traj,796,0.398000,39,5.920373,26,3.796303,0,1,0
F3,YBa2Cu3O7_553_Frenkel3_113.traj,797,0.398500,39,5.922221,26,3.796986,0,1,0
F3,YBa2Cu3O7_553_Frenkel3_113.traj,798,0.399000,39,5.924023,26,3.797651,0,1,0
F3,YBa2Cu3O7_553_Frenkel3_113.traj,799,0.399500,39,5.925801,26,3.798182,0,1,0
F3,YBa2Cu3O7_553_Frenkel3_113.traj,800,0.400000,39,5.927587,26,3.798580,0,1,0
F3,YBa2Cu3O7_553_Frenkel3_113.traj,801,0.400500,39,5.929381,26,3.798845,0,1,0
F3,YBa2Cu3O7_553_Frenkel3_113.traj,802,0.401000,39,5.931184,26,3.799038,0,1,0
F3,YBa2Cu3O7_553_Frenkel3_113.traj,803,0.401500,39,5.933025,26,3.799137,0,1,0
F3,YBa2Cu3O7_553_Frenkel3_113.traj,804,0.402000,39,5.934908,26,3.799083,0,1,0
F3,YBa2Cu3O7_553_Frenkel3_113.traj,805,0.402500,39,5.936847,26,3.798956,0,1,0
F3,YBa2Cu3O7_553_Frenkel3_113.traj,806,0.403000,39,5.938829,26,3.798734,0,1,0
F3,YBa2Cu3O7_553_Frenkel3_113.traj,807,0.403500,39,5.940750,26,3.798438,0,1,0
F3,YBa2Cu3O7_553_Frenkel3_113.traj,808,0.404000,39,5.942600,26,3.798020,0,1,0
F3,YBa2Cu3O7_553_Frenkel3_113.traj,809,0.404500,39,5.944423,26,3.797513,0,1,0
F3,YBa2Cu3O7_553_Frenkel3_113.traj,810,0.405000,39,5.946303,26,3.796925,0,1,0
F3,YBa2Cu3O7_553_Frenkel3_113.traj,811,0.405500,39,5.948251,26,3.796284,0,1,0
F3,YBa2Cu3O7_553_Frenkel3_113.traj,812,0.406000,39,5.950166,26,3.795584,0,1,0
F3,YBa2Cu3O7_553_Frenkel3_113.traj,813,0.406500,39,5.952027,26,3.794780,0,1,0
F3,YBa2Cu3O7_553_Frenkel3_113.traj,814,0.407000,39,5.953812,26,3.793880,0,1,0
F3,YBa2Cu3O7_553_Frenkel3_113.traj,815,0.407500,39,5.955504,26,3.792919,0,1,0
F3,YBa2Cu3O7_553_Frenkel3_113.traj,816,0.408000,39,5.957105,26,3.791878,0,1,0
F3,YBa2Cu3O7_553_Frenkel3_113.traj,817,0.408500,39,5.958665,26,3.790785,0,1,0
F3,YBa2Cu3O7_553_Frenkel3_113.traj,818,0.409000,39,5.960281,26,3.789625,0,1,0
F3,YBa2Cu3O7_553_Frenkel3_113.traj,819,0.409500,39,5.961914,26,3.788384,0,1,0
F3,YBa2Cu3O7_553_Frenkel3_113.traj,820,0.410000,39,5.963508,26,3.787066,0,1,0
F3,YBa2Cu3O7_553_Frenkel3_113.traj,821,0.410500,39,5.965092,26,3.785630,0,1,0
F3,YBa2Cu3O7_553_Frenkel3_113.traj,822,0.411000,39,5.966630,26,3.784183,0,1,0
F3,YBa2Cu3O7_553_Frenkel3_113.traj,823,0.411500,39,5.968120,26,3.782703,0,1,0
F3,YBa2Cu3O7_553_Frenkel3_113.traj,824,0.412000,39,5.969544,26,3.781150,0,1,0
F3,YBa2Cu3O7_553_Frenkel3_113.traj,825,0.412500,39,5.970887,26,3.779481,0,1,0
F3,YBa2Cu3O7_553_Frenkel3_113.traj,826,0.413000,39,5.972115,26,3.777774,0,1,0
F3,YBa2Cu3O7_553_Frenkel3_113.traj,827,0.413500,39,5.973309,26,3.776003,0,1,0
F3,YBa2Cu3O7_553_Frenkel3_113.traj,828,0.414000,39,5.974491,26,3.774157,0,1,0
F3,YBa2Cu3O7_553_Frenkel3_113.traj,829,0.414500,39,5.975650,26,3.772262,0,1,0
F3,YBa2Cu3O7_553_Frenkel3_113.traj,830,0.415000,39,5.976793,26,3.770352,0,1,0
F3,YBa2Cu3O7_553_Frenkel3_113.traj,831,0.415500,39,5.977925,26,3.768436,0,1,0
F3,YBa2Cu3O7_553_Frenkel3_113.traj,832,0.416000,39,5.978980,26,3.766511,0,1,0
F3,YBa2Cu3O7_553_Frenkel3_113.traj,833,0.416500,39,5.979935,26,3.764564,0,1,0
F3,YBa2Cu3O7_553_Frenkel3_113.traj,834,0.417000,39,5.980800,26,3.762624,0,1,0
F3,YBa2Cu3O7_553_Frenkel3_113.traj,835,0.417500,39,5.981658,26,3.760661,0,1,0
F3,YBa2Cu3O7_553_Frenkel3_113.traj,836,0.418000,39,5.982489,26,3.758702,0,1,0
F3,YBa2Cu3O7_553_Frenkel3_113.traj,837,0.418500,39,5.983223,26,3.756819,0,1,0
F3,YBa2Cu3O7_553_Frenkel3_113.traj,838,0.419000,39,5.983961,26,3.754955,0,1,0
F3,YBa2Cu3O7_553_Frenkel3_113.traj,839,0.419500,39,5.984708,26,3.753213,0,1,0
F3,YBa2Cu3O7_553_Frenkel3_113.traj,840,0.420000,39,5.985442,26,3.751524,0,1,0
F3,YBa2Cu3O7_553_Frenkel3_113.traj,841,0.420500,39,5.986142,26,3.749823,0,1,0
F3,YBa2Cu3O7_553_Frenkel3_113.traj,842,0.421000,39,5.986798,26,3.748103,0,1,0
F3,YBa2Cu3O7_553_Frenkel3_113.traj,843,0.421500,39,5.987396,26,3.746391,0,1,0
F3,YBa2Cu3O7_553_Frenkel3_113.traj,844,0.422000,39,5.987925,26,3.744696,0,1,0
F3,YBa2Cu3O7_553_Frenkel3_113.traj,845,0.422500,39,5.988371,26,3.742991,0,1,0
F3,YBa2Cu3O7_553_Frenkel3_113.traj,846,0.423000,39,5.988784,26,3.741295,0,1,0
F3,YBa2Cu3O7_553_Frenkel3_113.traj,847,0.423500,39,5.989113,26,3.739615,0,1,0
F3,YBa2Cu3O7_553_Frenkel3_113.traj,848,0.424000,39,5.989508,26,3.737928,0,1,0
F3,YBa2Cu3O7_553_Frenkel3_113.traj,849,0.424500,39,5.989825,26,3.736274,0,1,0
F3,YBa2Cu3O7_553_Frenkel3_113.traj,850,0.425000,39,5.990100,26,3.734716,0,1,0
F3,YBa2Cu3O7_553_Frenkel3_113.traj,851,0.425500,39,5.990389,26,3.733289,0,1,0
F3,YBa2Cu3O7_553_Frenkel3_113.traj,852,0.426000,39,5.990689,26,3.731911,0,1,0
F3,YBa2Cu3O7_553_Frenkel3_113.traj,853,0.426500,39,5.990996,26,3.730570,0,1,0
F3,YBa2Cu3O7_553_Frenkel3_113.traj,854,0.427000,39,5.991266,26,3.729259,0,1,0
F3,YBa2Cu3O7_553_Frenkel3_113.traj,855,0.427500,39,5.991494,26,3.728032,0,1,0
F3,YBa2Cu3O7_553_Frenkel3_113.traj,856,0.428000,39,5.991732,26,3.726948,0,1,0
F3,YBa2Cu3O7_553_Frenkel3_113.traj,857,0.428500,39,5.991986,26,3.725959,0,1,0
F3,YBa2Cu3O7_553_Frenkel3_113.traj,858,0.429000,39,5.992222,26,3.725038,0,1,0
F3,YBa2Cu3O7_553_Frenkel3_113.traj,859,0.429500,39,5.992402,26,3.724129,0,1,0
F3,YBa2Cu3O7_553_Frenkel3_113.traj,860,0.430000,39,5.992600,26,3.723241,0,1,0
F3,YBa2Cu3O7_553_Frenkel3_113.traj,861,0.430500,39,5.992724,26,3.722393,0,1,0
F3,YBa2Cu3O7_553_Frenkel3_113.traj,862,0.431000,39,5.992798,26,3.721597,0,1,0
F3,YBa2Cu3O7_553_Frenkel3_113.traj,863,0.431500,39,5.992897,26,3.720880,0,1,0
F3,YBa2Cu3O7_553_Frenkel3_113.traj,864,0.432000,39,5.992936,26,3.720286,0,1,0
F3,YBa2Cu3O7_553_Frenkel3_113.traj,865,0.432500,39,5.992941,26,3.719816,0,1,0
F3,YBa2Cu3O7_553_Frenkel3_113.traj,866,0.433000,39,5.992980,26,3.719406,0,1,0
F3,YBa2Cu3O7_553_Frenkel3_113.traj,867,0.433500,39,5.993032,26,3.719067,0,1,0
F3,YBa2Cu3O7_553_Frenkel3_113.traj,868,0.434000,39,5.993029,26,3.718792,0,1,0
F3,YBa2Cu3O7_553_Frenkel3_113.traj,869,0.434500,39,5.992991,26,3.718570,0,1,0
F3,YBa2Cu3O7_553_Frenkel3_113.traj,870,0.435000,39,5.992886,26,3.718419,0,1,0
F3,YBa2Cu3O7_553_Frenkel3_113.traj,871,0.435500,39,5.992742,26,3.718288,0,1,0
F3,YBa2Cu3O7_553_Frenkel3_113.traj,872,0.436000,39,5.992603,26,3.718162,0,1,0
F3,YBa2Cu3O7_553_Frenkel3_113.traj,873,0.436500,39,5.992455,26,3.718097,0,1,0
F3,YBa2Cu3O7_553_Frenkel3_113.traj,874,0.437000,39,5.992300,26,3.718114,0,1,0
F3,YBa2Cu3O7_553_Frenkel3_113.traj,875,0.437500,39,5.992148,26,3.718158,0,1,0
F3,YBa2Cu3O7_553_Frenkel3_113.traj,876,0.438000,39,5.991991,26,3.718191,0,1,0
F3,YBa2Cu3O7_553_Frenkel3_113.traj,877,0.438500,39,5.991880,26,3.718199,0,1,0
F3,YBa2Cu3O7_553_Frenkel3_113.traj,878,0.439000,39,5.991765,26,3.718171,0,1,0
F3,YBa2Cu3O7_553_Frenkel3_113.traj,879,0.439500,39,5.991626,26,3.718189,0,1,0
F3,YBa2Cu3O7_553_Frenkel3_113.traj,880,0.440000,39,5.991544,26,3.718234,0,1,0
F3,YBa2Cu3O7_553_Frenkel3_113.traj,881,0.440500,39,5.991454,26,3.718349,0,1,0
F3,YBa2Cu3O7_553_Frenkel3_113.traj,882,0.441000,39,5.991308,26,3.718546,0,1,0
F3,YBa2Cu3O7_553_Frenkel3_113.traj,883,0.441500,39,5.991166,26,3.718807,0,1,0
F3,YBa2Cu3O7_553_Frenkel3_113.traj,884,0.442000,39,5.991048,26,3.719121,0,1,0
F3,YBa2Cu3O7_553_Frenkel3_113.traj,885,0.442500,39,5.990955,26,3.719476,0,1,0
F3,YBa2Cu3O7_553_Frenkel3_113.traj,886,0.443000,39,5.990818,26,3.719866,0,1,0
F3,YBa2Cu3O7_553_Frenkel3_113.traj,887,0.443500,39,5.990625,26,3.720271,0,1,0
F3,YBa2Cu3O7_553_Frenkel3_113.traj,888,0.444000,39,5.990418,26,3.720707,0,1,0
F3,YBa2Cu3O7_553_Frenkel3_113.traj,889,0.444500,39,5.990267,26,3.721196,0,1,0
F3,YBa2Cu3O7_553_Frenkel3_113.traj,890,0.445000,39,5.990065,26,3.721726,0,1,0
F3,YBa2Cu3O7_553_Frenkel3_113.traj,891,0.445500,39,5.989838,26,3.722246,0,1,0
F3,YBa2Cu3O7_553_Frenkel3_113.traj,892,0.446000,39,5.989624,26,3.722830,0,1,0
F3,YBa2Cu3O7_553_Frenkel3_113.traj,893,0.446500,39,5.989405,26,3.723481,0,1,0
F3,YBa2Cu3O7_553_Frenkel3_113.traj,894,0.447000,39,5.989181,26,3.724179,0,1,0
F3,YBa2Cu3O7_553_Frenkel3_113.traj,895,0.447500,39,5.988976,26,3.724933,0,1,0
F3,YBa2Cu3O7_553_Frenkel3_113.traj,896,0.448000,39,5.988827,26,3.725766,0,1,0
F3,YBa2Cu3O7_553_Frenkel3_113.traj,897,0.448500,39,5.988715,26,3.726633,0,1,0
F3,YBa2Cu3O7_553_Frenkel3_113.traj,898,0.449000,39,5.988569,26,3.727525,0,1,0
F3,YBa2Cu3O7_553_Frenkel3_113.traj,899,0.449500,39,5.988364,26,3.728416,0,1,0
F3,YBa2Cu3O7_553_Frenkel3_113.traj,900,0.450000,39,5.988184,26,3.729306,0,1,0
F3,YBa2Cu3O7_553_Frenkel3_113.traj,901,0.450500,39,5.988045,26,3.730202,0,1,0
F3,YBa2Cu3O7_553_Frenkel3_113.traj,902,0.451000,39,5.987883,26,3.731124,0,1,0
F3,YBa2Cu3O7_553_Frenkel3_113.traj,903,0.451500,39,5.987723,26,3.732094,0,1,0
F3,YBa2Cu3O7_553_Frenkel3_113.traj,904,0.452000,39,5.987579,26,3.733109,0,1,0
F3,YBa2Cu3O7_553_Frenkel3_113.traj,905,0.452500,39,5.987426,26,3.734131,0,1,0
F3,YBa2Cu3O7_553_Frenkel3_113.traj,906,0.453000,39,5.987284,26,3.735128,0,1,0
F3,YBa2Cu3O7_553_Frenkel3_113.traj,907,0.453500,39,5.987206,26,3.736126,0,1,0
F3,YBa2Cu3O7_553_Frenkel3_113.traj,908,0.454000,39,5.987184,26,3.737230,0,1,0
F3,YBa2Cu3O7_553_Frenkel3_113.traj,909,0.454500,39,5.987154,26,3.738432,0,1,0
F3,YBa2Cu3O7_553_Frenkel3_113.traj,910,0.455000,39,5.987118,26,3.739586,0,1,0
F3,YBa2Cu3O7_553_Frenkel3_113.traj,911,0.455500,39,5.987093,26,3.740629,0,1,0
F3,YBa2Cu3O7_553_Frenkel3_113.traj,912,0.456000,39,5.987077,26,3.741678,0,1,0
F3,YBa2Cu3O7_553_Frenkel3_113.traj,913,0.456500,39,5.986991,26,3.742717,0,1,0
F3,YBa2Cu3O7_553_Frenkel3_113.traj,914,0.457000,39,5.986871,26,3.743742,0,1,0
F3,YBa2Cu3O7_553_Frenkel3_113.traj,915,0.457500,39,5.986700,26,3.744747,0,1,0
F3,YBa2Cu3O7_553_Frenkel3_113.traj,916,0.458000,39,5.986554,26,3.745784,0,1,0
F3,YBa2Cu3O7_553_Frenkel3_113.traj,917,0.458500,39,5.986397,26,3.746794,0,1,0
F3,YBa2Cu3O7_553_Frenkel3_113.traj,918,0.459000,39,5.986220,26,3.747776,0,1,0
F3,YBa2Cu3O7_553_Frenkel3_113.traj,919,0.459500,39,5.986039,26,3.748731,0,1,0
F3,YBa2Cu3O7_553_Frenkel3_113.traj,920,0.460000,39,5.985842,26,3.749636,0,1,0
F3,YBa2Cu3O7_553_Frenkel3_113.traj,921,0.460500,39,5.985670,26,3.750512,0,1,0
F3,YBa2Cu3O7_553_Frenkel3_113.traj,922,0.461000,39,5.985482,26,3.751407,0,1,0
F3,YBa2Cu3O7_553_Frenkel3_113.traj,923,0.461500,39,5.985288,26,3.752312,0,1,0
F3,YBa2Cu3O7_553_Frenkel3_113.traj,924,0.462000,39,5.985113,26,3.753202,0,1,0
F3,YBa2Cu3O7_553_Frenkel3_113.traj,925,0.462500,39,5.984920,26,3.754060,0,1,0
F3,YBa2Cu3O7_553_Frenkel3_113.traj,926,0.463000,39,5.984742,26,3.754975,0,1,0
F3,YBa2Cu3O7_553_Frenkel3_113.traj,927,0.463500,39,5.984557,26,3.755916,0,1,0
F3,YBa2Cu3O7_553_Frenkel3_113.traj,928,0.464000,39,5.984355,26,3.756913,0,1,0
F3,YBa2Cu3O7_553_Frenkel3_113.traj,929,0.464500,39,5.984160,26,3.757940,0,1,0
F3,YBa2Cu3O7_553_Frenkel3_113.traj,930,0.465000,39,5.983985,26,3.758951,0,1,0
F3,YBa2Cu3O7_553_Frenkel3_113.traj,931,0.465500,39,5.983830,26,3.759950,0,1,0
F3,YBa2Cu3O7_553_Frenkel3_113.traj,932,0.466000,39,5.983625,26,3.760913,0,1,0
F3,YBa2Cu3O7_553_Frenkel3_113.traj,933,0.466500,39,5.983364,26,3.761827,0,1,0
F3,YBa2Cu3O7_553_Frenkel3_113.traj,934,0.467000,39,5.983064,26,3.762705,0,1,0
F3,YBa2Cu3O7_553_Frenkel3_113.traj,935,0.467500,39,5.982755,26,3.763531,0,1,0
F3,YBa2Cu3O7_553_Frenkel3_113.traj,936,0.468000,39,5.982452,26,3.764229,0,1,0
F3,YBa2Cu3O7_553_Frenkel3_113.traj,937,0.468500,39,5.982129,26,3.764874,0,1,0
F3,YBa2Cu3O7_553_Frenkel3_113.traj,938,0.469000,39,5.981775,26,3.765434,0,1,0
F3,YBa2Cu3O7_553_Frenkel3_113.traj,939,0.469500,39,5.981388,26,3.765988,0,1,0
F3,YBa2Cu3O7_553_Frenkel3_113.traj,940,0.470000,39,5.980977,26,3.766545,0,1,0
F3,YBa2Cu3O7_553_Frenkel3_113.traj,941,0.470500,39,5.980498,26,3.767095,0,1,0
F3,YBa2Cu3O7_553_Frenkel3_113.traj,942,0.471000,39,5.980022,26,3.767658,0,1,0
F3,YBa2Cu3O7_553_Frenkel3_113.traj,943,0.471500,39,5.979529,26,3.768222,0,1,0
F3,YBa2Cu3O7_553_Frenkel3_113.traj,944,0.472000,39,5.979022,26,3.768716,0,1,0
F3,YBa2Cu3O7_553_Frenkel3_113.traj,945,0.472500,39,5.978408,26,3.769200,0,1,0
F3,YBa2Cu3O7_553_Frenkel3_113.traj,946,0.473000,39,5.977800,26,3.769638,0,1,0
F3,YBa2Cu3O7_553_Frenkel3_113.traj,947,0.473500,39,5.977189,26,3.770089,0,1,0
F3,YBa2Cu3O7_553_Frenkel3_113.traj,948,0.474000,39,5.976626,26,3.770533,0,1,0
F3,YBa2Cu3O7_553_Frenkel3_113.traj,949,0.474500,39,5.976104,26,3.770910,0,1,0
F3,YBa2Cu3O7_553_Frenkel3_113.traj,950,0.475000,39,5.975563,26,3.771295,0,1,0
F3,YBa2Cu3O7_553_Frenkel3_113.traj,951,0.475500,39,5.975067,26,3.771726,0,1,0
F3,YBa2Cu3O7_553_Frenkel3_113.traj,952,0.476000,39,5.974572,26,3.772139,0,1,0
F3,YBa2Cu3O7_553_Frenkel3_113.traj,953,0.476500,39,5.974024,26,3.772485,0,1,0
F3,YBa2Cu3O7_553_Frenkel3_113.traj,954,0.477000,39,5.973427,26,3.772756,0,1,0
F3,YBa2Cu3O7_553_Frenkel3_113.traj,955,0.477500,39,5.972781,26,3.773021,0,1,0
F3,YBa2Cu3O7_553_Frenkel3_113.traj,956,0.478000,39,5.972068,26,3.773339,0,1,0
F3,YBa2Cu3O7_553_Frenkel3_113.traj,957,0.478500,39,5.971308,26,3.773681,0,1,0
F3,YBa2Cu3O7_553_Frenkel3_113.traj,958,0.479000,39,5.970502,26,3.774004,0,1,0
F3,YBa2Cu3O7_553_Frenkel3_113.traj,959,0.479500,39,5.969745,26,3.774272,0,1,0
F3,YBa2Cu3O7_553_Frenkel3_113.traj,960,0.480000,39,5.968961,26,3.774490,0,1,0
F3,YBa2Cu3O7_553_Frenkel3_113.traj,961,0.480500,39,5.968093,26,3.774692,0,1,0
F3,YBa2Cu3O7_553_Frenkel3_113.traj,962,0.481000,39,5.967203,26,3.774847,0,1,0
F3,YBa2Cu3O7_553_Frenkel3_113.traj,963,0.481500,39,5.966239,26,3.775007,0,1,0
F3,YBa2Cu3O7_553_Frenkel3_113.traj,964,0.482000,39,5.965213,26,3.775179,0,1,0
F3,YBa2Cu3O7_553_Frenkel3_113.traj,965,0.482500,39,5.964171,26,3.775350,0,1,0
F3,YBa2Cu3O7_553_Frenkel3_113.traj,966,0.483000,39,5.963080,26,3.775499,0,1,0
F3,YBa2Cu3O7_553_Frenkel3_113.traj,967,0.483500,39,5.961967,26,3.775600,0,1,0
F3,YBa2Cu3O7_553_Frenkel3_113.traj,968,0.484000,39,5.960858,26,3.775688,0,1,0
F3,YBa2Cu3O7_553_Frenkel3_113.traj,969,0.484500,39,5.959688,26,3.775728,0,1,0
F3,YBa2Cu3O7_553_Frenkel3_113.traj,970,0.485000,39,5.958517,26,3.775747,0,1,0
F3,YBa2Cu3O7_553_Frenkel3_113.traj,971,0.485500,39,5.957348,26,3.775715,0,1,0
F3,YBa2Cu3O7_553_Frenkel3_113.traj,972,0.486000,39,5.956191,26,3.775654,0,1,0
F3,YBa2Cu3O7_553_Frenkel3_113.traj,973,0.486500,39,5.954969,26,3.775589,0,1,0
F3,YBa2Cu3O7_553_Frenkel3_113.traj,974,0.487000,39,5.953698,26,3.775535,0,1,0
F3,YBa2Cu3O7_553_Frenkel3_113.traj,975,0.487500,39,5.952457,26,3.775467,0,1,0
F3,YBa2Cu3O7_553_Frenkel3_113.traj,976,0.488000,39,5.951235,26,3.775385,0,1,0
F3,YBa2Cu3O7_553_Frenkel3_113.traj,977,0.488500,39,5.950024,26,3.775298,0,1,0
F3,YBa2Cu3O7_553_Frenkel3_113.traj,978,0.489000,39,5.948839,26,3.775253,0,1,0
F3,YBa2Cu3O7_553_Frenkel3_113.traj,979,0.489500,39,5.947617,26,3.775261,0,1,0
F3,YBa2Cu3O7_553_Frenkel3_113.traj,980,0.490000,39,5.946413,26,3.775252,0,1,0
F3,YBa2Cu3O7_553_Frenkel3_113.traj,981,0.490500,39,5.945187,26,3.775264,0,1,0
F3,YBa2Cu3O7_553_Frenkel3_113.traj,982,0.491000,39,5.943978,26,3.775302,0,1,0
F3,YBa2Cu3O7_553_Frenkel3_113.traj,983,0.491500,39,5.942771,26,3.775294,0,1,0
F3,YBa2Cu3O7_553_Frenkel3_113.traj,984,0.492000,39,5.941558,26,3.775276,0,1,0
F3,YBa2Cu3O7_553_Frenkel3_113.traj,985,0.492500,39,5.940253,26,3.775302,0,1,0
F3,YBa2Cu3O7_553_Frenkel3_113.traj,986,0.493000,39,5.938929,26,3.775333,0,1,0
F3,YBa2Cu3O7_553_Frenkel3_113.traj,987,0.493500,39,5.937619,26,3.775359,0,1,0
F3,YBa2Cu3O7_553_Frenkel3_113.traj,988,0.494000,39,5.936349,26,3.775387,0,1,0
F3,YBa2Cu3O7_553_Frenkel3_113.traj,989,0.494500,39,5.935098,26,3.775435,0,1,0
F3,YBa2Cu3O7_553_Frenkel3_113.traj,990,0.495000,39,5.933832,26,3.775505,0,1,0
F3,YBa2Cu3O7_553_Frenkel3_113.traj,991,0.495500,39,5.932504,26,3.775560,0,1,0
F3,YBa2Cu3O7_553_Frenkel3_113.traj,992,0.496000,39,5.931209,26,3.775684,0,1,0
F3,YBa2Cu3O7_553_Frenkel3_113.traj,993,0.496500,39,5.929958,26,3.775799,0,1,0
F3,YBa2Cu3O7_553_Frenkel3_113.traj,994,0.497000,39,5.928720,26,3.775897,0,1,0
F3,YBa2Cu3O7_553_Frenkel3_113.traj,995,0.497500,39,5.927477,26,3.775967,0,1,0
F3,YBa2Cu3O7_553_Frenkel3_113.traj,996,0.498000,39,5.926243,26,3.776006,0,1,0
F3,YBa2Cu3O7_553_Frenkel3_113.traj,997,0.498500,39,5.925086,26,3.776052,0,1,0
F3,YBa2Cu3O7_553_Frenkel3_113.traj,998,0.499000,39,5.923953,26,3.776078,0,1,0
F3,YBa2Cu3O7_553_Frenkel3_113.traj,999,0.499500,39,5.922771,26,3.776052,0,1,0
F3,YBa2Cu3O7_553_Frenkel3_113.traj,1000,0.500000,39,5.921605,26,3.776044,0,1,0
F3,YBa2Cu3O7_553_Frenkel3_113.traj,1001,0.500500,39,5.920502,26,3.776033,0,1,0
F3,YBa2Cu3O7_553_Frenkel3_113.traj,1002,0.501000,39,5.919414,26,3.775968,0,1,0
F3,YBa2Cu3O7_553_Frenkel3_113.traj,1003,0.501500,39,5.918328,26,3.775933,0,1,0
F3,YBa2Cu3O7_553_Frenkel3_113.traj,1004,0.502000,39,5.917221,26,3.775861,0,1,0
F3,YBa2Cu3O7_553_Frenkel3_113.traj,1005,0.502500,39,5.916047,26,3.775733,0,1,0
F3,YBa2Cu3O7_553_Frenkel3_113.traj,1006,0.503000,39,5.914905,26,3.775591,0,1,0
F3,YBa2Cu3O7_553_Frenkel3_113.traj,1007,0.503500,39,5.913806,26,3.775439,0,1,0
F3,YBa2Cu3O7_553_Frenkel3_113.traj,1008,0.504000,39,5.912726,26,3.775305,0,1,0
F3,YBa2Cu3O7_553_Frenkel3_113.traj,1009,0.504500,39,5.911649,26,3.775170,0,1,0
F3,YBa2Cu3O7_553_Frenkel3_113.traj,1010,0.505000,39,5.910589,26,3.775068,0,1,0
F3,YBa2Cu3O7_553_Frenkel3_113.traj,1011,0.505500,39,5.909489,26,3.775016,0,1,0
F3,YBa2Cu3O7_553_Frenkel3_113.traj,1012,0.506000,39,5.908352,26,3.774987,0,1,0
F3,YBa2Cu3O7_553_Frenkel3_113.traj,1013,0.506500,39,5.907200,26,3.774965,0,1,0
F3,YBa2Cu3O7_553_Frenkel3_113.traj,1014,0.507000,39,5.906031,26,3.774955,0,1,0
F3,YBa2Cu3O7_553_Frenkel3_113.traj,1015,0.507500,39,5.904878,26,3.774944,0,1,0
F3,YBa2Cu3O7_553_Frenkel3_113.traj,1016,0.508000,39,5.903781,26,3.774989,0,1,0
F3,YBa2Cu3O7_553_Frenkel3_113.traj,1017,0.508500,39,5.902723,26,3.775117,0,1,0
F3,YBa2Cu3O7_553_Frenkel3_113.traj,1018,0.509000,39,5.901692,26,3.775203,0,1,0
F3,YBa2Cu3O7_553_Frenkel3_113.traj,1019,0.509500,39,5.900699,26,3.775220,0,1,0
F3,YBa2Cu3O7_553_Frenkel3_113.traj,1020,0.510000,39,5.899740,26,3.775207,0,1,0
F3,YBa2Cu3O7_553_Frenkel3_113.traj,1021,0.510500,39,5.898826,26,3.775225,0,1,0
F3,YBa2Cu3O7_553_Frenkel3_113.traj,1022,0.511000,39,5.897979,26,3.775240,0,1,0
F3,YBa2Cu3O7_553_Frenkel3_113.traj,1023,0.511500,39,5.897219,26,3.775203,0,1,0
F3,YBa2Cu3O7_553_Frenkel3_113.traj,1024,0.512000,39,5.896498,26,3.775162,0,1,0
F3,YBa2Cu3O7_553_Frenkel3_113.traj,1025,0.512500,39,5.895836,26,3.775103,0,1,0
F3,YBa2Cu3O7_553_Frenkel3_113.traj,1026,0.513000,39,5.895226,26,3.775001,0,1,0
F3,YBa2Cu3O7_553_Frenkel3_113.traj,1027,0.513500,39,5.894641,26,3.774876,0,1,0
F3,YBa2Cu3O7_553_Frenkel3_113.traj,1028,0.514000,39,5.894050,26,3.774697,0,1,0
F3,YBa2Cu3O7_553_Frenkel3_113.traj,1029,0.514500,39,5.893459,26,3.774486,0,1,0
F3,YBa2Cu3O7_553_Frenkel3_113.traj,1030,0.515000,39,5.892853,26,3.774207,0,1,0
F3,YBa2Cu3O7_553_Frenkel3_113.traj,1031,0.515500,39,5.892265,26,3.773917,0,1,0
F3,YBa2Cu3O7_553_Frenkel3_113.traj,1032,0.516000,39,5.891668,26,3.773669,0,1,0
F3,YBa2Cu3O7_553_Frenkel3_113.traj,1033,0.516500,39,5.891121,26,3.773446,0,1,0
F3,YBa2Cu3O7_553_Frenkel3_113.traj,1034,0.517000,39,5.890567,26,3.773263,0,1,0
F3,YBa2Cu3O7_553_Frenkel3_113.traj,1035,0.517500,39,5.890008,26,3.773125,0,1,0
F3,YBa2Cu3O7_553_Frenkel3_113.traj,1036,0.518000,39,5.889453,26,3.773017,0,1,0
F3,YBa2Cu3O7_553_Frenkel3_113.traj,1037,0.518500,39,5.888905,26,3.772882,0,1,0
F3,YBa2Cu3O7_553_Frenkel3_113.traj,1038,0.519000,39,5.888395,26,3.772737,0,1,0
F3,YBa2Cu3O7_553_Frenkel3_113.traj,1039,0.519500,39,5.887883,26,3.772572,0,1,0
F3,YBa2Cu3O7_553_Frenkel3_113.traj,1040,0.520000,39,5.887384,26,3.772382,0,1,0
F3,YBa2Cu3O7_553_Frenkel3_113.traj,1041,0.520500,39,5.886786,26,3.772187,0,1,0
F3,YBa2Cu3O7_553_Frenkel3_113.traj,1042,0.521000,39,5.886183,26,3.771922,0,1,0
F3,YBa2Cu3O7_553_Frenkel3_113.traj,1043,0.521500,39,5.885597,26,3.771653,0,1,0
F3,YBa2Cu3O7_553_Frenkel3_113.traj,1044,0.522000,39,5.885021,26,3.771382,0,1,0
F3,YBa2Cu3O7_553_Frenkel3_113.traj,1045,0.522500,39,5.884470,26,3.771091,0,1,0
F3,YBa2Cu3O7_553_Frenkel3_113.traj,1046,0.523000,39,5.883965,26,3.770808,0,1,0
F3,YBa2Cu3O7_553_Frenkel3_113.traj,1047,0.523500,39,5.883522,26,3.770543,0,1,0
F3,YBa2Cu3O7_553_Frenkel3_113.traj,1048,0.524000,39,5.883127,26,3.770305,0,1,0
F3,YBa2Cu3O7_553_Frenkel3_113.traj,1049,0.524500,39,5.882759,26,3.770084,0,1,0
F3,YBa2Cu3O7_553_Frenkel3_113.traj,1050,0.525000,39,5.882404,26,3.769897,0,1,0
F3,YBa2Cu3O7_553_Frenkel3_113.traj,1051,0.525500,39,5.882025,26,3.769705,0,1,0
F3,YBa2Cu3O7_553_Frenkel3_113.traj,1052,0.526000,39,5.881617,26,3.769502,0,1,0
F3,YBa2Cu3O7_553_Frenkel3_113.traj,1053,0.526500,39,5.881254,26,3.769292,0,1,0
F3,YBa2Cu3O7_553_Frenkel3_113.traj,1054,0.527000,39,5.880913,26,3.769125,0,1,0
F3,YBa2Cu3O7_553_Frenkel3_113.traj,1055,0.527500,39,5.880581,26,3.768942,0,1,0
F3,YBa2Cu3O7_553_Frenkel3_113.traj,1056,0.528000,39,5.880302,26,3.768854,0,1,0
F3,YBa2Cu3O7_553_Frenkel3_113.traj,1057,0.528500,39,5.880007,26,3.768788,0,1,0
F3,YBa2Cu3O7_553_Frenkel3_113.traj,1058,0.529000,39,5.879723,26,3.768713,0,1,0
F3,YBa2Cu3O7_553_Frenkel3_113.traj,1059,0.529500,39,5.879487,26,3.768627,0,1,0
F3,YBa2Cu3O7_553_Frenkel3_113.traj,1060,0.530000,39,5.879289,26,3.768558,0,1,0
F3,YBa2Cu3O7_553_Frenkel3_113.traj,1061,0.530500,39,5.879122,26,3.768527,0,1,0
F3,YBa2Cu3O7_553_Frenkel3_113.traj,1062,0.531000,39,5.878971,26,3.768545,0,1,0
F3,YBa2Cu3O7_553_Frenkel3_113.traj,1063,0.531500,39,5.878890,26,3.768618,0,1,0
F3,YBa2Cu3O7_553_Frenkel3_113.traj,1064,0.532000,39,5.878801,26,3.768691,0,1,0
F3,YBa2Cu3O7_553_Frenkel3_113.traj,1065,0.532500,39,5.878743,26,3.768835,0,1,0
F3,YBa2Cu3O7_553_Frenkel3_113.traj,1066,0.533000,39,5.878657,26,3.769041,0,1,0
F3,YBa2Cu3O7_553_Frenkel3_113.traj,1067,0.533500,39,5.878553,26,3.769259,0,1,0
F3,YBa2Cu3O7_553_Frenkel3_113.traj,1068,0.534000,39,5.878466,26,3.769508,0,1,0
F3,YBa2Cu3O7_553_Frenkel3_113.traj,1069,0.534500,39,5.878390,26,3.769784,0,1,0
F3,YBa2Cu3O7_553_Frenkel3_113.traj,1070,0.535000,39,5.878295,26,3.770103,0,1,0
F3,YBa2Cu3O7_553_Frenkel3_113.traj,1071,0.535500,39,5.878275,26,3.770424,0,1,0
F3,YBa2Cu3O7_553_Frenkel3_113.traj,1072,0.536000,39,5.878371,26,3.770865,0,1,0
F3,YBa2Cu3O7_553_Frenkel3_113.traj,1073,0.536500,39,5.878528,26,3.771365,0,1,0
F3,YBa2Cu3O7_553_Frenkel3_113.traj,1074,0.537000,39,5.878645,26,3.771868,0,1,0
F3,YBa2Cu3O7_553_Frenkel3_113.traj,1075,0.537500,39,5.878732,26,3.772361,0,1,0
F3,YBa2Cu3O7_553_Frenkel3_113.traj,1076,0.538000,39,5.878819,26,3.772890,0,1,0
F3,YBa2Cu3O7_553_Frenkel3_113.traj,1077,0.538500,39,5.878877,26,3.773484,0,1,0
F3,YBa2Cu3O7_553_Frenkel3_113.traj,1078,0.539000,39,5.878851,26,3.774157,0,1,0
F3,YBa2Cu3O7_553_Frenkel3_113.traj,1079,0.539500,39,5.878803,26,3.774899,0,1,0
F3,YBa2Cu3O7_553_Frenkel3_113.traj,1080,0.540000,39,5.878730,26,3.775636,0,1,0
F3,YBa2Cu3O7_553_Frenkel3_113.traj,1081,0.540500,39,5.878651,26,3.776344,0,1,0
F3,YBa2Cu3O7_553_Frenkel3_113.traj,1082,0.541000,39,5.878592,26,3.777154,0,1,0
F3,YBa2Cu3O7_553_Frenkel3_113.traj,1083,0.541500,39,5.878548,26,3.778051,0,1,0
F3,YBa2Cu3O7_553_Frenkel3_113.traj,1084,0.542000,39,5.878531,26,3.778937,0,1,0
F3,YBa2Cu3O7_553_Frenkel3_113.traj,1085,0.542500,39,5.878471,26,3.779790,0,1,0
F3,YBa2Cu3O7_553_Frenkel3_113.traj,1086,0.543000,39,5.878419,26,3.780699,0,1,0
F3,YBa2Cu3O7_553_Frenkel3_113.traj,1087,0.543500,39,5.878361,26,3.781594,0,1,0
F3,YBa2Cu3O7_553_Frenkel3_113.traj,1088,0.544000,39,5.878277,26,3.782461,0,1,0
F3,YBa2Cu3O7_553_Frenkel3_113.traj,1089,0.544500,39,5.878134,26,3.783335,0,1,0
F3,YBa2Cu3O7_553_Frenkel3_113.traj,1090,0.545000,39,5.877960,26,3.784238,0,1,0
F3,YBa2Cu3O7_553_Frenkel3_113.traj,1091,0.545500,39,5.877802,26,3.785151,0,1,0
F3,YBa2Cu3O7_553_Frenkel3_113.traj,1092,0.546000,39,5.877648,26,3.786084,0,1,0
F3,YBa2Cu3O7_553_Frenkel3_113.traj,1093,0.546500,39,5.877479,26,3.787015,0,1,0
F3,YBa2Cu3O7_553_Frenkel3_113.traj,1094,0.547000,39,5.877314,26,3.787885,0,1,0
F3,YBa2Cu3O7_553_Frenkel3_113.traj,1095,0.547500,39,5.877129,26,3.788714,0,1,0
F3,YBa2Cu3O7_553_Frenkel3_113.traj,1096,0.548000,39,5.876936,26,3.789557,0,1,0
F3,YBa2Cu3O7_553_Frenkel3_113.traj,1097,0.548500,39,5.876799,26,3.790464,0,1,0
F3,YBa2Cu3O7_553_Frenkel3_113.traj,1098,0.549000,39,5.876681,26,3.791452,0,1,0
F3,YBa2Cu3O7_553_Frenkel3_113.traj,1099,0.549500,39,5.876542,26,3.792471,0,1,0
F3,YBa2Cu3O7_553_Frenkel3_113.traj,1100,0.550000,39,5.876407,26,3.793410,0,1,0
F3,YBa2Cu3O7_553_Frenkel3_113.traj,1101,0.550500,39,5.876255,26,3.794350,0,1,0
F3,YBa2Cu3O7_553_Frenkel3_113.traj,1102,0.551000,39,5.876084,26,3.795304,0,1,0
F3,YBa2Cu3O7_553_Frenkel3_113.traj,1103,0.551500,39,5.875887,26,3.796235,0,1,0
F3,YBa2Cu3O7_553_Frenkel3_113.traj,1104,0.552000,39,5.875697,26,3.797158,0,1,0
F3,YBa2Cu3O7_553_Frenkel3_113.traj,1105,0.552500,39,5.875553,26,3.798130,0,1,0
F3,YBa2Cu3O7_553_Frenkel3_113.traj,1106,0.553000,39,5.875374,26,3.799088,0,1,0
F3,YBa2Cu3O7_553_Frenkel3_113.traj,1107,0.553500,39,5.875155,26,3.800041,0,1,0
F3,YBa2Cu3O7_553_Frenkel3_113.traj,1108,0.554000,39,5.874959,26,3.801012,0,1,0
F3,YBa2Cu3O7_553_Frenkel3_113.traj,1109,0.554500,39,5.874723,26,3.801989,0,1,0
F3,YBa2Cu3O7_553_Frenkel3_113.traj,1110,0.555000,39,5.874437,26,3.802932,0,1,0
F3,YBa2Cu3O7_553_Frenkel3_113.traj,1111,0.555500,39,5.874140,26,3.803902,0,1,0
F3,YBa2Cu3O7_553_Frenkel3_113.traj,1112,0.556000,39,5.873871,26,3.804868,0,1,0
F3,YBa2Cu3O7_553_Frenkel3_113.traj,1113,0.556500,39,5.873628,26,3.805806,0,1,0
F3,YBa2Cu3O7_553_Frenkel3_113.traj,1114,0.557000,39,5.873408,26,3.806748,0,1,0
F3,YBa2Cu3O7_553_Frenkel3_113.traj,1115,0.557500,39,5.873174,26,3.807676,0,1,0
F3,YBa2Cu3O7_553_Frenkel3_113.traj,1116,0.558000,39,5.872893,26,3.808602,0,1,0
F3,YBa2Cu3O7_553_Frenkel3_113.traj,1117,0.558500,39,5.872524,26,3.809512,0,1,0
F3,YBa2Cu3O7_553_Frenkel3_113.traj,1118,0.559000,39,5.872121,26,3.810415,0,1,0
F3,YBa2Cu3O7_553_Frenkel3_113.traj,1119,0.559500,39,5.871678,26,3.811280,0,1,0
F3,YBa2Cu3O7_553_Frenkel3_113.traj,1120,0.560000,39,5.871267,26,3.812097,0,1,0
F3,YBa2Cu3O7_553_Frenkel3_113.traj,1121,0.560500,39,5.870920,26,3.812858,0,1,0
F3,YBa2Cu3O7_553_Frenkel3_113.traj,1122,0.561000,39,5.870682,26,3.813584,0,1,0
F3,YBa2Cu3O7_553_Frenkel3_113.traj,1123,0.561500,39,5.870551,26,3.814223,0,1,0
F3,YBa2Cu3O7_553_Frenkel3_113.traj,1124,0.562000,39,5.870420,26,3.814845,0,1,0
F3,YBa2Cu3O7_553_Frenkel3_113.traj,1125,0.562500,39,5.870322,26,3.815425,0,1,0
F3,YBa2Cu3O7_553_Frenkel3_113.traj,1126,0.563000,39,5.870257,26,3.815937,0,1,0
F3,YBa2Cu3O7_553_Frenkel3_113.traj,1127,0.563500,39,5.870210,26,3.816413,0,1,0
F3,YBa2Cu3O7_553_Frenkel3_113.traj,1128,0.564000,39,5.870171,26,3.816849,0,1,0
F3,YBa2Cu3O7_553_Frenkel3_113.traj,1129,0.564500,39,5.870116,26,3.817298,0,1,0
F3,YBa2Cu3O7_553_Frenkel3_113.traj,1130,0.565000,39,5.870075,26,3.817743,0,1,0
F3,YBa2Cu3O7_553_Frenkel3_113.traj,1131,0.565500,39,5.870084,26,3.818160,0,1,0
F3,YBa2Cu3O7_553_Frenkel3_113.traj,1132,0.566000,39,5.870165,26,3.818576,0,1,0
F3,YBa2Cu3O7_553_Frenkel3_113.traj,1133,0.566500,39,5.870213,26,3.818951,0,1,0
F3,YBa2Cu3O7_553_Frenkel3_113.traj,1134,0.567000,39,5.870313,26,3.819365,0,1,0
F3,YBa2Cu3O7_553_Frenkel3_113.traj,1135,0.567500,39,5.870464,26,3.819728,0,1,0
F3,YBa2Cu3O7_553_Frenkel3_113.traj,1136,0.568000,39,5.870646,26,3.820051,0,1,0
F3,YBa2Cu3O7_553_Frenkel3_113.traj,1137,0.568500,39,5.870922,26,3.820307,0,1,0
F3,YBa2Cu3O7_553_Frenkel3_113.traj,1138,0.569000,39,5.871205,26,3.820545,0,1,0
F3,YBa2Cu3O7_553_Frenkel3_113.traj,1139,0.569500,39,5.871552,26,3.820757,0,1,0
F3,YBa2Cu3O7_553_Frenkel3_113.traj,1140,0.570000,39,5.871993,26,3.820909,0,1,0
F3,YBa2Cu3O7_553_Frenkel3_113.traj,1141,0.570500,39,5.872470,26,3.821019,0,1,0
F3,YBa2Cu3O7_553_Frenkel3_113.traj,1142,0.571000,39,5.872973,26,3.821098,0,1,0
F3,YBa2Cu3O7_553_Frenkel3_113.traj,1143,0.571500,39,5.873537,26,3.821096,0,1,0
F3,YBa2Cu3O7_553_Frenkel3_113.traj,1144,0.572000,39,5.874195,26,3.821035,0,1,0
F3,YBa2Cu3O7_553_Frenkel3_113.traj,1145,0.572500,39,5.874932,26,3.820988,0,1,0
F3,YBa2Cu3O7_553_Frenkel3_113.traj,1146,0.573000,39,5.875706,26,3.820964,0,1,0
F3,YBa2Cu3O7_553_Frenkel3_113.traj,1147,0.573500,39,5.876546,26,3.820941,0,1,0
F3,YBa2Cu3O7_553_Frenkel3_113.traj,1148,0.574000,39,5.877443,26,3.820975,0,1,0
F3,YBa2Cu3O7_553_Frenkel3_113.traj,1149,0.574500,39,5.878429,26,3.821009,0,1,0
F3,YBa2Cu3O7_553_Frenkel3_113.traj,1150,0.575000,39,5.879536,26,3.820982,0,1,0
F3,YBa2Cu3O7_553_Frenkel3_113.traj,1151,0.575500,39,5.880688,26,3.820934,0,1,0
F3,YBa2Cu3O7_553_Frenkel3_113.traj,1152,0.576000,39,5.881917,26,3.820890,0,1,0
F3,YBa2Cu3O7_553_Frenkel3_113.traj,1153,0.576500,39,5.883158,26,3.820761,0,1,0
F3,YBa2Cu3O7_553_Frenkel3_113.traj,1154,0.577000,39,5.884392,26,3.820544,0,1,0
F3,YBa2Cu3O7_553_Frenkel3_113.traj,1155,0.577500,39,5.885707,26,3.820280,0,1,0
F3,YBa2Cu3O7_553_Frenkel3_113.traj,1156,0.578000,39,5.887018,26,3.820009,0,1,0
F3,YBa2Cu3O7_553_Frenkel3_113.traj,1157,0.578500,39,5.888370,26,3.819694,0,1,0
F3,YBa2Cu3O7_553_Frenkel3_113.traj,1158,0.579000,39,5.889830,26,3.819313,0,1,0
F3,YBa2Cu3O7_553_Frenkel3_113.traj,1159,0.579500,39,5.891313,26,3.818913,0,1,0
F3,YBa2Cu3O7_553_Frenkel3_113.traj,1160,0.580000,39,5.892815,26,3.818538,0,1,0
F3,YBa2Cu3O7_553_Frenkel3_113.traj,1161,0.580500,39,5.894318,26,3.818154,0,1,0
F3,YBa2Cu3O7_553_Frenkel3_113.traj,1162,0.581000,39,5.895776,26,3.817745,0,1,0
F3,YBa2Cu3O7_553_Frenkel3_113.traj,1163,0.581500,39,5.897290,26,3.817320,0,1,0
F3,YBa2Cu3O7_553_Frenkel3_113.traj,1164,0.582000,39,5.898817,26,3.816916,0,1,0
F3,YBa2Cu3O7_553_Frenkel3_113.traj,1165,0.582500,39,5.900384,26,3.816533,0,1,0
F3,YBa2Cu3O7_553_Frenkel3_113.traj,1166,0.583000,39,5.901992,26,3.816184,0,1,0
F3,YBa2Cu3O7_553_Frenkel3_113.traj,1167,0.583500,39,5.903673,26,3.815849,0,1,0
F3,YBa2Cu3O7_553_Frenkel3_113.traj,1168,0.584000,39,5.905421,26,3.815573,0,1,0
F3,YBa2Cu3O7_553_Frenkel3_113.traj,1169,0.584500,39,5.907104,26,3.815278,0,1,0
F3,YBa2Cu3O7_553_Frenkel3_113.traj,1170,0.585000,39,5.908853,26,3.814923,0,1,0
F3,YBa2Cu3O7_553_Frenkel3_113.traj,1171,0.585500,39,5.910628,26,3.814575,0,1,0
F3,YBa2Cu3O7_553_Frenkel3_113.traj,1172,0.586000,39,5.912493,26,3.814253,0,1,0
F3,YBa2Cu3O7_553_Frenkel3_113.traj,1173,0.586500,39,5.914419,26,3.813960,0,1,0
F3,YBa2Cu3O7_553_Frenkel3_113.traj,1174,0.587000,39,5.916395,26,3.813623,0,1,0
F3,YBa2Cu3O7_553_Frenkel3_113.traj,1175,0.587500,39,5.918420,26,3.813255,0,1,0
F3,YBa2Cu3O7_553_Frenkel3_113.traj,1176,0.588000,39,5.920519,26,3.812881,0,1,0
F3,YBa2Cu3O7_553_Frenkel3_113.traj,1177,0.588500,39,5.922648,26,3.812565,0,1,0
F3,YBa2Cu3O7_553_Frenkel3_113.traj,1178,0.589000,39,5.924806,26,3.812308,0,1,0
F3,YBa2Cu3O7_553_Frenkel3_113.traj,1179,0.589500,39,5.927013,26,3.812082,0,1,0
F3,YBa2Cu3O7_553_Frenkel3_113.traj,1180,0.590000,39,5.929261,26,3.811843,0,1,0
F3,YBa2Cu3O7_553_Frenkel3_113.traj,1181,0.590500,39,5.931515,26,3.811705,0,1,0
F3,YBa2Cu3O7_553_Frenkel3_113.traj,1182,0.591000,39,5.933770,26,3.811672,0,1,0
F3,YBa2Cu3O7_553_Frenkel3_113.traj,1183,0.591500,39,5.935970,26,3.811698,0,1,0
F3,YBa2Cu3O7_553_Frenkel3_113.traj,1184,0.592000,39,5.938107,26,3.811728,0,1,0
F3,YBa2Cu3O7_553_Frenkel3_113.traj,1185,0.592500,39,5.940289,26,3.811754,0,1,0
F3,YBa2Cu3O7_553_Frenkel3_113.traj,1186,0.593000,39,5.942461,26,3.811849,0,1,0
F3,YBa2Cu3O7_553_Frenkel3_113.traj,1187,0.593500,39,5.944591,26,3.811986,0,1,0
F3,YBa2Cu3O7_553_Frenkel3_113.traj,1188,0.594000,39,5.946755,26,3.812171,0,1,0
F3,YBa2Cu3O7_553_Frenkel3_113.traj,1189,0.594500,39,5.948933,26,3.812414,0,1,0
F3,YBa2Cu3O7_553_Frenkel3_113.traj,1190,0.595000,39,5.951165,26,3.812740,0,1,0
F3,YBa2Cu3O7_553_Frenkel3_113.traj,1191,0.595500,39,5.953372,26,3.813102,0,1,0
F3,YBa2Cu3O7_553_Frenkel3_113.traj,1192,0.596000,39,5.955524,26,3.813474,0,1,0
F3,YBa2Cu3O7_553_Frenkel3_113.traj,1193,0.596500,39,5.957660,26,3.813832,0,1,0
F3,YBa2Cu3O7_553_Frenkel3_113.traj,1194,0.597000,39,5.959770,26,3.814164,0,1,0
F3,YBa2Cu3O7_553_Frenkel3_113.traj,1195,0.597500,39,5.961894,26,3.814516,0,1,0
F3,YBa2Cu3O7_553_Frenkel3_113.traj,1196,0.598000,39,5.964016,26,3.814910,0,1,0
F3,YBa2Cu3O7_553_Frenkel3_113.traj,1197,0.598500,39,5.966066,26,3.815449,0,1,0
F3,YBa2Cu3O7_553_Frenkel3_113.traj,1198,0.599000,39,5.968050,26,3.815996,0,1,0
F3,YBa2Cu3O7_553_Frenkel3_113.traj,1199,0.599500,39,5.970039,26,3.816592,0,1,0
F3,YBa2Cu3O7_553_Frenkel3_113.traj,1200,0.600000,39,5.971984,26,3.817229,0,1,0
F3,YBa2Cu3O7_553_Frenkel3_113.traj,1201,0.600500,39,5.973937,26,3.817907,0,1,0
F3,YBa2Cu3O7_553_Frenkel3_113.traj,1202,0.601000,39,5.975846,26,3.818647,0,1,0
F3,YBa2Cu3O7_553_Frenkel3_113.traj,1203,0.601500,39,5.977757,26,3.819432,0,1,0
F3,YBa2Cu3O7_553_Frenkel3_113.traj,1204,0.602000,39,5.979673,26,3.820260,0,1,0
F3,YBa2Cu3O7_553_Frenkel3_113.traj,1205,0.602500,39,5.981545,26,3.821138,0,1,0
F3,YBa2Cu3O7_553_Frenkel3_113.traj,1206,0.603000,39,5.983360,26,3.822116,0,1,0
F3,YBa2Cu3O7_553_Frenkel3_113.traj,1207,0.603500,39,5.985126,26,3.823130,0,1,0
F3,YBa2Cu3O7_553_Frenkel3_113.traj,1208,0.604000,39,5.986897,26,3.824186,0,1,0
F3,YBa2Cu3O7_553_Frenkel3_113.traj,1209,0.604500,39,5.988596,26,3.825239,0,1,0
F3,YBa2Cu3O7_553_Frenkel3_113.traj,1210,0.605000,39,5.990321,26,3.826307,0,1,0
F3,YBa2Cu3O7_553_Frenkel3_113.traj,1211,0.605500,39,5.992029,26,3.827489,0,1,0
F3,YBa2Cu3O7_553_Frenkel3_113.traj,1212,0.606000,39,5.993693,26,3.828718,0,1,0
F3,YBa2Cu3O7_553_Frenkel3_113.traj,1213,0.606500,39,5.995261,26,3.829910,0,1,0
F3,YBa2Cu3O7_553_Frenkel3_113.traj,1214,0.607000,39,5.996773,26,3.831112,0,1,0
F3,YBa2Cu3O7_553_Frenkel3_113.traj,1215,0.607500,39,5.998263,26,3.832380,0,1,0
F3,YBa2Cu3O7_553_Frenkel3_113.traj,1216,0.608000,39,5.999729,26,3.833751,0,1,0
F3,YBa2Cu3O7_553_Frenkel3_113.traj,1217,0.608500,39,6.001194,26,3.835125,0,1,0
F3,YBa2Cu3O7_553_Frenkel3_113.traj,1218,0.609000,39,6.002639,26,3.836557,0,1,0
F3,YBa2Cu3O7_553_Frenkel3_113.traj,1219,0.609500,39,6.004095,26,3.837925,0,1,0
F3,YBa2Cu3O7_553_Frenkel3_113.traj,1220,0.610000,39,6.005547,26,3.839316,0,1,0
F3,YBa2Cu3O7_553_Frenkel3_113.traj,1221,0.610500,39,6.006988,26,3.840674,0,1,0
F3,YBa2Cu3O7_553_Frenkel3_113.traj,1222,0.611000,39,6.008423,26,3.842025,0,1,0
F3,YBa2Cu3O7_553_Frenkel3_113.traj,1223,0.611500,39,6.009849,26,3.843372,0,1,0
F3,YBa2Cu3O7_553_Frenkel3_113.traj,1224,0.612000,39,6.011226,26,3.844704,0,1,0
F3,YBa2Cu3O7_553_Frenkel3_113.traj,1225,0.612500,39,6.012548,26,3.846054,0,1,0
F3,YBa2Cu3O7_553_Frenkel3_113.traj,1226,0.613000,39,6.013834,26,3.847386,0,1,0
F3,YBa2Cu3O7_553_Frenkel3_113.traj,1227,0.613500,39,6.015087,26,3.848710,0,1,0
F3,YBa2Cu3O7_553_Frenkel3_113.traj,1228,0.614000,39,6.016309,26,3.850080,0,1,0
F3,YBa2Cu3O7_553_Frenkel3_113.traj,1229,0.614500,39,6.017448,26,3.851518,0,1,0
F3,YBa2Cu3O7_553_Frenkel3_113.traj,1230,0.615000,39,6.018499,26,3.852989,0,1,0
F3,YBa2Cu3O7_553_Frenkel3_113.traj,1231,0.615500,39,6.019525,26,3.854410,0,1,0
F3,YBa2Cu3O7_553_Frenkel3_113.traj,1232,0.616000,39,6.020544,26,3.855806,0,1,0
F3,YBa2Cu3O7_553_Frenkel3_113.traj,1233,0.616500,39,6.021518,26,3.857195,0,1,0
F3,YBa2Cu3O7_553_Frenkel3_113.traj,1234,0.617000,39,6.022475,26,3.858547,0,1,0
F3,YBa2Cu3O7_553_Frenkel3_113.traj,1235,0.617500,39,6.023413,26,3.859858,0,1,0
F3,YBa2Cu3O7_553_Frenkel3_113.traj,1236,0.618000,39,6.024294,26,3.861106,0,1,0
F3,YBa2Cu3O7_553_Frenkel3_113.traj,1237,0.618500,39,6.025130,26,3.862355,0,1,0
F3,YBa2Cu3O7_553_Frenkel3_113.traj,1238,0.619000,39,6.025940,26,3.863604,0,1,0
F3,YBa2Cu3O7_553_Frenkel3_113.traj,1239,0.619500,39,6.026745,26,3.864828,0,1,0
F3,YBa2Cu3O7_553_Frenkel3_113.traj,1240,0.620000,39,6.027525,26,3.865996,0,1,0
F3,YBa2Cu3O7_553_Frenkel3_113.traj,1241,0.620500,39,6.028286,26,3.867108,0,1,0
F3,YBa2Cu3O7_553_Frenkel3_113.traj,1242,0.621000,39,6.029051,26,3.868189,0,1,0
F3,YBa2Cu3O7_553_Frenkel3_113.traj,1243,0.621500,39,6.029787,26,3.869251,0,1,0
F3,YBa2Cu3O7_553_Frenkel3_113.traj,1244,0.622000,39,6.030458,26,3.870316,0,1,0
F3,YBa2Cu3O7_553_Frenkel3_113.traj,1245,0.622500,39,6.031068,26,3.871372,0,1,0
F3,YBa2Cu3O7_553_Frenkel3_113.traj,1246,0.623000,39,6.031649,26,3.872384,0,1,0
F3,YBa2Cu3O7_553_Frenkel3_113.traj,1247,0.623500,39,6.032236,26,3.873315,0,1,0
F3,YBa2Cu3O7_553_Frenkel3_113.traj,1248,0.624000,39,6.032802,26,3.874147,0,1,0
F3,YBa2Cu3O7_553_Frenkel3_113.traj,1249,0.624500,39,6.033350,26,3.874930,0,1,0
F3,YBa2Cu3O7_553_Frenkel3_113.traj,1250,0.625000,39,6.033955,26,3.875744,0,1,0
F3,YBa2Cu3O7_553_Frenkel3_113.traj,1251,0.625500,39,6.034591,26,3.876545,0,1,0
F3,YBa2Cu3O7_553_Frenkel3_113.traj,1252,0.626000,39,6.035208,26,3.877313,0,1,0
F3,YBa2Cu3O7_553_Frenkel3_113.traj,1253,0.626500,39,6.035798,26,3.878069,0,1,0
F3,YBa2Cu3O7_553_Frenkel3_113.traj,1254,0.627000,39,6.036355,26,3.878794,0,1,0
F3,YBa2Cu3O7_553_Frenkel3_113.traj,1255,0.627500,39,6.036935,26,3.879447,0,1,0
F3,YBa2Cu3O7_553_Frenkel3_113.traj,1256,0.628000,39,6.037550,26,3.880119,0,1,0
F3,YBa2Cu3O7_553_Frenkel3_113.traj,1257,0.628500,39,6.038149,26,3.880759,0,1,0
F3,YBa2Cu3O7_553_Frenkel3_113.traj,1258,0.629000,39,6.038805,26,3.881334,0,1,0
F3,YBa2Cu3O7_553_Frenkel3_113.traj,1259,0.629500,39,6.039445,26,3.881809,0,1,0
F3,YBa2Cu3O7_553_Frenkel3_113.traj,1260,0.630000,39,6.040025,26,3.882275,0,1,0
F3,YBa2Cu3O7_553_Frenkel3_113.traj,1261,0.630500,39,6.040581,26,3.882734,0,1,0
F3,YBa2Cu3O7_553_Frenkel3_113.traj,1262,0.631000,39,6.041134,26,3.883108,0,1,0
F3,YBa2Cu3O7_553_Frenkel3_113.traj,1263,0.631500,39,6.041701,26,3.883407,0,1,0
F3,YBa2Cu3O7_553_Frenkel3_113.traj,1264,0.632000,39,6.042276,26,3.883646,0,1,0
F3,YBa2Cu3O7_553_Frenkel3_113.traj,1265,0.632500,39,6.042836,26,3.883808,0,1,0
F3,YBa2Cu3O7_553_Frenkel3_113.traj,1266,0.633000,39,6.043442,26,3.883829,0,1,0
F3,YBa2Cu3O7_553_Frenkel3_113.traj,1267,0.633500,39,6.044082,26,3.883796,0,1,0
F3,YBa2Cu3O7_553_Frenkel3_113.traj,1268,0.634000,39,6.044751,26,3.883687,0,1,0
F3,YBa2Cu3O7_553_Frenkel3_113.traj,1269,0.634500,39,6.045450,26,3.883541,0,1,0
F3,YBa2Cu3O7_553_Frenkel3_113.traj,1270,0.635000,39,6.046153,26,3.883291,0,1,0
F3,YBa2Cu3O7_553_Frenkel3_113.traj,1271,0.635500,39,6.046837,26,3.882967,0,1,0
F3,YBa2Cu3O7_553_Frenkel3_113.traj,1272,0.636000,39,6.047541,26,3.882557,0,1,0
F3,YBa2Cu3O7_553_Frenkel3_113.traj,1273,0.636500,39,6.048334,26,3.882013,0,1,0
F3,YBa2Cu3O7_553_Frenkel3_113.traj,1274,0.637000,39,6.049088,26,3.881404,0,1,0
F3,YBa2Cu3O7_553_Frenkel3_113.traj,1275,0.637500,39,6.049795,26,3.880683,0,1,0
F3,YBa2Cu3O7_553_Frenkel3_113.traj,1276,0.638000,39,6.050440,26,3.879848,0,1,0
F3,YBa2Cu3O7_553_Frenkel3_113.traj,1277,0.638500,39,6.051068,26,3.878994,0,1,0
F3,YBa2Cu3O7_553_Frenkel3_113.traj,1278,0.639000,39,6.051699,26,3.877977,0,1,0
F3,YBa2Cu3O7_553_Frenkel3_113.traj,1279,0.639500,39,6.052293,26,3.876904,0,1,0
F3,YBa2Cu3O7_553_Frenkel3_113.traj,1280,0.640000,39,6.052941,26,3.875773,0,1,0
F3,YBa2Cu3O7_553_Frenkel3_113.traj,1281,0.640500,39,6.053571,26,3.874616,0,1,0
F3,YBa2Cu3O7_553_Frenkel3_113.traj,1282,0.641000,39,6.054242,26,3.873364,0,1,0
F3,YBa2Cu3O7_553_Frenkel3_113.traj,1283,0.641500,39,6.054884,26,3.872047,0,1,0
F3,YBa2Cu3O7_553_Frenkel3_113.traj,1284,0.642000,39,6.055513,26,3.870639,0,1,0
F3,YBa2Cu3O7_553_Frenkel3_113.traj,1285,0.642500,39,6.056136,26,3.869119,0,1,0
F3,YBa2Cu3O7_553_Frenkel3_113.traj,1286,0.643000,39,6.056757,26,3.867537,0,1,0
F3,YBa2Cu3O7_553_Frenkel3_113.traj,1287,0.643500,39,6.057349,26,3.865844,0,1,0
F3,YBa2Cu3O7_553_Frenkel3_113.traj,1288,0.644000,39,6.057877,26,3.864049,0,1,0
F3,YBa2Cu3O7_553_Frenkel3_113.traj,1289,0.644500,39,6.058386,26,3.862175,0,1,0
F3,YBa2Cu3O7_553_Frenkel3_113.traj,1290,0.645000,39,6.058927,26,3.860233,0,1,0
F3,YBa2Cu3O7_553_Frenkel3_113.traj,1291,0.645500,39,6.059456,26,3.858164,0,1,0
F3,YBa2Cu3O7_553_Frenkel3_113.traj,1292,0.646000,39,6.059980,26,3.856080,0,1,0
F3,YBa2Cu3O7_553_Frenkel3_113.traj,1293,0.646500,39,6.060421,26,3.853979,0,1,0
F3,YBa2Cu3O7_553_Frenkel3_113.traj,1294,0.647000,39,6.060798,26,3.851877,0,1,0
F3,YBa2Cu3O7_553_Frenkel3_113.traj,1295,0.647500,39,6.061123,26,3.849755,0,1,0
F3,YBa2Cu3O7_553_Frenkel3_113.traj,1296,0.648000,39,6.061438,26,3.847528,0,1,0
F3,YBa2Cu3O7_553_Frenkel3_113.traj,1297,0.648500,39,6.061751,26,3.845253,0,1,0
F3,YBa2Cu3O7_553_Frenkel3_113.traj,1298,0.649000,39,6.061997,26,3.842917,0,1,0
F3,YBa2Cu3O7_553_Frenkel3_113.traj,1299,0.649500,39,6.062179,26,3.840528,0,1,0
F3,YBa2Cu3O7_553_Frenkel3_113.traj,1300,0.650000,39,6.062290,26,3.838102,0,1,0
F3,YBa2Cu3O7_553_Frenkel3_113.traj,1301,0.650500,39,6.062328,26,3.835614,0,1,0
F3,YBa2Cu3O7_553_Frenkel3_113.traj,1302,0.651000,39,6.062328,26,3.833121,0,1,0
F3,YBa2Cu3O7_553_Frenkel3_113.traj,1303,0.651500,39,6.062279,26,3.830581,0,1,0
F3,YBa2Cu3O7_553_Frenkel3_113.traj,1304,0.652000,39,6.062158,26,3.828003,0,1,0
F3,YBa2Cu3O7_553_Frenkel3_113.traj,1305,0.652500,39,6.061943,26,3.825380,0,1,0
F3,YBa2Cu3O7_553_Frenkel3_113.traj,1306,0.653000,39,6.061626,26,3.822763,0,1,0
F3,YBa2Cu3O7_553_Frenkel3_113.traj,1307,0.653500,39,6.061204,26,3.820177,0,1,0
F3,YBa2Cu3O7_553_Frenkel3_113.traj,1308,0.654000,39,6.060765,26,3.817591,0,1,0
F3,YBa2Cu3O7_553_Frenkel3_113.traj,1309,0.654500,39,6.060323,26,3.814984,0,1,0
F3,YBa2Cu3O7_553_Frenkel3_113.traj,1310,0.655000,39,6.059864,26,3.812314,0,1,0
F3,YBa2Cu3O7_553_Frenkel3_113.traj,1311,0.655500,39,6.059239,26,3.809613,0,1,0
F3,YBa2Cu3O7_553_Frenkel3_113.traj,1312,0.656000,39,6.058512,26,3.806968,0,1,0
F3,YBa2Cu3O7_553_Frenkel3_113.traj,1313,0.656500,39,6.057695,26,3.804415,0,1,0
F3,YBa2Cu3O7_553_Frenkel3_113.traj,1314,0.657000,39,6.056811,26,3.801869,0,1,0
F3,YBa2Cu3O7_553_Frenkel3_113.traj,1315,0.657500,39,6.055908,26,3.799249,0,1,0
F3,YBa2Cu3O7_553_Frenkel3_113.traj,1316,0.658000,39,6.054931,26,3.796644,0,1,0
F3,YBa2Cu3O7_553_Frenkel3_113.traj,1317,0.658500,39,6.053937,26,3.794092,0,1,0
F3,YBa2Cu3O7_553_Frenkel3_113.traj,1318,0.659000,39,6.052898,26,3.791576,0,1,0
F3,YBa2Cu3O7_553_Frenkel3_113.traj,1319,0.659500,39,6.051770,26,3.789103,0,1,0
F3,YBa2Cu3O7_553_Frenkel3_113.traj,1320,0.660000,39,6.050584,26,3.786650,0,1,0
F3,YBa2Cu3O7_553_Frenkel3_113.traj,1321,0.660500,39,6.049344,26,3.784232,0,1,0
F3,YBa2Cu3O7_553_Frenkel3_113.traj,1322,0.661000,39,6.048016,26,3.781797,0,1,0
F3,YBa2Cu3O7_553_Frenkel3_113.traj,1323,0.661500,39,6.046533,26,3.779426,0,1,0
F3,YBa2Cu3O7_553_Frenkel3_113.traj,1324,0.662000,39,6.044978,26,3.777126,0,1,0
F3,YBa2Cu3O7_553_Frenkel3_113.traj,1325,0.662500,39,6.043319,26,3.774896,0,1,0
F3,YBa2Cu3O7_553_Frenkel3_113.traj,1326,0.663000,39,6.041564,26,3.772706,0,1,0
F3,YBa2Cu3O7_553_Frenkel3_113.traj,1327,0.663500,39,6.039705,26,3.770567,0,1,0
F3,YBa2Cu3O7_553_Frenkel3_113.traj,1328,0.664000,39,6.037826,26,3.768483,0,1,0
F3,YBa2Cu3O7_553_Frenkel3_113.traj,1329,0.664500,39,6.035865,26,3.766424,0,1,0
F3,YBa2Cu3O7_553_Frenkel3_113.traj,1330,0.665000,39,6.033794,26,3.764449,0,1,0
F3,YBa2Cu3O7_553_Frenkel3_113.traj,1331,0.665500,39,6.031602,26,3.762544,0,1,0
F3,YBa2Cu3O7_553_Frenkel3_113.traj,1332,0.666000,39,6.029331,26,3.760770,0,1,0
F3,YBa2Cu3O7_553_Frenkel3_113.traj,1333,0.666500,39,6.026977,26,3.759111,0,1,0
F3,YBa2Cu3O7_553_Frenkel3_113.traj,1334,0.667000,39,6.024464,26,3.757505,0,1,0
F3,YBa2Cu3O7_553_Frenkel3_113.traj,1335,0.667500,39,6.021891,26,3.755978,0,1,0
F3,YBa2Cu3O7_553_Frenkel3_113.traj,1336,0.668000,39,6.019263,26,3.754561,0,1,0
F3,YBa2Cu3O7_553_Frenkel3_113.traj,1337,0.668500,39,6.016576,26,3.753275,0,1,0
F3,YBa2Cu3O7_553_Frenkel3_113.traj,1338,0.669000,39,6.013836,26,3.752127,0,1,0
F3,YBa2Cu3O7_553_Frenkel3_113.traj,1339,0.669500,39,6.011046,26,3.751034,0,1,0
F3,YBa2Cu3O7_553_Frenkel3_113.traj,1340,0.670000,39,6.008214,26,3.750000,0,1,0
F3,YBa2Cu3O7_553_Frenkel3_113.traj,1341,0.670500,39,6.005319,26,3.749009,0,1,0
F3,YBa2Cu3O7_553_Frenkel3_113.traj,1342,0.671000,39,6.002358,26,3.748121,0,1,0
F3,YBa2Cu3O7_553_Frenkel3_113.traj,1343,0.671500,39,5.999347,26,3.747363,0,1,0
F3,YBa2Cu3O7_553_Frenkel3_113.traj,1344,0.672000,39,5.996297,26,3.746755,0,1,0
F3,YBa2Cu3O7_553_Frenkel3_113.traj,1345,0.672500,39,5.993127,26,3.746260,0,1,0
F3,YBa2Cu3O7_553_Frenkel3_113.traj,1346,0.673000,39,5.989933,26,3.745836,0,1,0
F3,YBa2Cu3O7_553_Frenkel3_113.traj,1347,0.673500,39,5.986623,26,3.745390,0,1,0
F3,YBa2Cu3O7_553_Frenkel3_113.traj,1348,0.674000,39,5.983184,26,3.745026,0,1,0
F3,YBa2Cu3O7_553_Frenkel3_113.traj,1349,0.674500,39,5.979688,26,3.744732,0,1,0
F3,YBa2Cu3O7_553_Frenkel3_113.traj,1350,0.675000,39,5.976098,26,3.744520,0,1,0
F3,YBa2Cu3O7_553_Frenkel3_113.traj,1351,0.675500,39,5.972426,26,3.744459,0,1,0
F3,YBa2Cu3O7_553_Frenkel3_113.traj,1352,0.676000,39,5.968709,26,3.744463,0,1,0
F3,YBa2Cu3O7_553_Frenkel3_113.traj,1353,0.676500,39,5.964885,26,3.744498,0,1,0
F3,YBa2Cu3O7_553_Frenkel3_113.traj,1354,0.677000,39,5.961001,26,3.744581,0,1,0
F3,YBa2Cu3O7_553_Frenkel3_113.traj,1355,0.677500,39,5.956983,26,3.744764,0,1,0
F3,YBa2Cu3O7_553_Frenkel3_113.traj,1356,0.678000,39,5.952850,26,3.744978,0,1,0
F3,YBa2Cu3O7_553_Frenkel3_113.traj,1357,0.678500,39,5.948659,26,3.745196,0,1,0
F3,YBa2Cu3O7_553_Frenkel3_113.traj,1358,0.679000,39,5.944346,26,3.745466,0,1,0
F3,YBa2Cu3O7_553_Frenkel3_113.traj,1359,0.679500,39,5.939985,26,3.745782,0,1,0
F3,YBa2Cu3O7_553_Frenkel3_113.traj,1360,0.680000,39,5.935617,26,3.746217,0,1,0
F3,YBa2Cu3O7_553_Frenkel3_113.traj,1361,0.680500,39,5.931185,26,3.746666,0,1,0
F3,YBa2Cu3O7_553_Frenkel3_113.traj,1362,0.681000,39,5.926661,26,3.747150,0,1,0
F3,YBa2Cu3O7_553_Frenkel3_113.traj,1363,0.681500,39,5.922156,26,3.747648,0,1,0
F3,YBa2Cu3O7_553_Frenkel3_113.traj,1364,0.682000,39,5.917641,26,3.748209,0,1,0
F3,YBa2Cu3O7_553_Frenkel3_113.traj,1365,0.682500,39,5.913103,26,3.748849,0,1,0
F3,YBa2Cu3O7_553_Frenkel3_113.traj,1366,0.683000,39,5.908551,26,3.749526,0,1,0
F3,YBa2Cu3O7_553_Frenkel3_113.traj,1367,0.683500,39,5.903918,26,3.750264,0,1,0
F3,YBa2Cu3O7_553_Frenkel3_113.traj,1368,0.684000,39,5.899269,26,3.751079,0,1,0
F3,YBa2Cu3O7_553_Frenkel3_113.traj,1369,0.684500,39,5.894593,26,3.751922,0,1,0
F3,YBa2Cu3O7_553_Frenkel3_113.traj,1370,0.685000,39,5.889934,26,3.752796,0,1,0
F3,YBa2Cu3O7_553_Frenkel3_113.traj,1371,0.685500,39,5.885293,26,3.753729,0,1,0
F3,YBa2Cu3O7_553_Frenkel3_113.traj,1372,0.686000,39,5.880657,26,3.754690,0,1,0
F3,YBa2Cu3O7_553_Frenkel3_113.traj,1373,0.686500,39,5.876018,26,3.755703,0,1,0
F3,YBa2Cu3O7_553_Frenkel3_113.traj,1374,0.687000,39,5.871403,26,3.756722,0,1,0
F3,YBa2Cu3O7_553_Frenkel3_113.traj,1375,0.687500,39,5.866911,26,3.757756,0,1,0
F3,YBa2Cu3O7_553_Frenkel3_113.traj,1376,0.688000,39,5.862441,26,3.758811,0,1,0
F3,YBa2Cu3O7_553_Frenkel3_113.traj,1377,0.688500,39,5.858004,26,3.759836,0,1,0
F3,YBa2Cu3O7_553_Frenkel3_113.traj,1378,0.689000,39,5.853630,26,3.760821,0,1,0
F3,YBa2Cu3O7_553_Frenkel3_113.traj,1379,0.689500,39,5.849270,26,3.761796,0,1,0
F3,YBa2Cu3O7_553_Frenkel3_113.traj,1380,0.690000,39,5.844928,26,3.762816,0,1,0
F3,YBa2Cu3O7_553_Frenkel3_113.traj,1381,0.690500,39,5.840596,26,3.763848,0,1,0
F3,YBa2Cu3O7_553_Frenkel3_113.traj,1382,0.691000,39,5.836265,26,3.764867,0,1,0
F3,YBa2Cu3O7_553_Frenkel3_113.traj,1383,0.691500,39,5.831993,26,3.765840,0,1,0
F3,YBa2Cu3O7_553_Frenkel3_113.traj,1384,0.692000,39,5.827774,26,3.766813,0,1,0
F3,YBa2Cu3O7_553_Frenkel3_113.traj,1385,0.692500,39,5.823571,26,3.767702,0,1,0
F3,YBa2Cu3O7_553_Frenkel3_113.traj,1386,0.693000,39,5.819462,26,3.768505,0,1,0
F3,YBa2Cu3O7_553_Frenkel3_113.traj,1387,0.693500,39,5.815450,26,3.769291,0,1,0
F3,YBa2Cu3O7_553_Frenkel3_113.traj,1388,0.694000,39,5.811537,26,3.770051,0,1,0
F3,YBa2Cu3O7_553_Frenkel3_113.traj,1389,0.694500,39,5.807655,26,3.770769,0,1,0
F3,YBa2Cu3O7_553_Frenkel3_113.traj,1390,0.695000,39,5.803785,26,3.771428,0,1,0
F3,YBa2Cu3O7_553_Frenkel3_113.traj,1391,0.695500,39,5.799995,26,3.772060,0,1,0
F3,YBa2Cu3O7_553_Frenkel3_113.traj,1392,0.696000,39,5.796292,26,3.772555,0,1,0
F3,YBa2Cu3O7_553_Frenkel3_113.traj,1393,0.696500,39,5.792636,26,3.772977,0,1,0
F3,YBa2Cu3O7_553_Frenkel3_113.traj,1394,0.697000,39,5.788960,26,3.773318,0,1,0
F3,YBa2Cu3O7_553_Frenkel3_113.traj,1395,0.697500,39,5.785364,26,3.773577,0,1,0
F3,YBa2Cu3O7_553_Frenkel3_113.traj,1396,0.698000,39,5.781830,26,3.773726,0,1,0
F3,YBa2Cu3O7_553_Frenkel3_113.traj,1397,0.698500,39,5.778298,26,3.773837,0,1,0
F3,YBa2Cu3O7_553_Frenkel3_113.traj,1398,0.699000,39,5.774843,26,3.773901,0,1,0
F3,YBa2Cu3O7_553_Frenkel3_113.traj,1399,0.699500,39,5.771503,26,3.773870,0,1,0
F3,YBa2Cu3O7_553_Frenkel3_113.traj,1400,0.700000,39,5.768227,26,3.773786,0,1,0
F3,YBa2Cu3O7_553_Frenkel3_113.traj,1401,0.700500,39,5.765044,26,3.773664,0,1,0
F3,YBa2Cu3O7_553_Frenkel3_113.traj,1402,0.701000,39,5.761980,26,3.773477,0,1,0
F3,YBa2Cu3O7_553_Frenkel3_113.traj,1403,0.701500,39,5.759041,26,3.773175,0,1,0
F3,YBa2Cu3O7_553_Frenkel3_113.traj,1404,0.702000,39,5.756242,26,3.772749,0,1,0
F3,YBa2Cu3O7_553_Frenkel3_113.traj,1405,0.702500,39,5.753544,26,3.772208,0,1,0
F3,YBa2Cu3O7_553_Frenkel3_113.traj,1406,0.703000,39,5.751038,26,3.771544,0,1,0
F3,YBa2Cu3O7_553_Frenkel3_113.traj,1407,0.703500,39,5.748668,26,3.770818,0,1,0
F3,YBa2Cu3O7_553_Frenkel3_113.traj,1408,0.704000,39,5.746404,26,3.770030,0,1,0
F3,YBa2Cu3O7_553_Frenkel3_113.traj,1409,0.704500,39,5.744243,26,3.769164,0,1,0
F3,YBa2Cu3O7_553_Frenkel3_113.traj,1410,0.705000,39,5.742217,26,3.768212,0,1,0
F3,YBa2Cu3O7_553_Frenkel3_113.traj,1411,0.705500,39,5.740290,26,3.767082,0,1,0
F3,YBa2Cu3O7_553_Frenkel3_113.traj,1412,0.706000,39,5.738473,26,3.765845,0,1,0
F3,YBa2Cu3O7_553_Frenkel3_113.traj,1413,0.706500,39,5.736685,26,3.764523,0,1,0
F3,YBa2Cu3O7_553_Frenkel3_113.traj,1414,0.707000,39,5.734920,26,3.763096,0,1,0
F3,YBa2Cu3O7_553_Frenkel3_113.traj,1415,0.707500,39,5.733195,26,3.761638,0,1,0
F3,YBa2Cu3O7_553_Frenkel3_113.traj,1416,0.708000,39,5.731566,26,3.760179,0,1,0
F3,YBa2Cu3O7_553_Frenkel3_113.traj,1417,0.708500,39,5.730010,26,3.758662,0,1,0
F3,YBa2Cu3O7_553_Frenkel3_113.traj,1418,0.709000,39,5.728507,26,3.757066,0,1,0
F3,YBa2Cu3O7_553_Frenkel3_113.traj,1419,0.709500,39,5.727103,26,3.755421,0,1,0
F3,YBa2Cu3O7_553_Frenkel3_113.traj,1420,0.710000,39,5.725781,26,3.753679,0,1,0
F3,YBa2Cu3O7_553_Frenkel3_113.traj,1421,0.710500,39,5.724537,26,3.751920,0,1,0
F3,YBa2Cu3O7_553_Frenkel3_113.traj,1422,0.711000,39,5.723311,26,3.750165,0,1,0
F3,YBa2Cu3O7_553_Frenkel3_113.traj,1423,0.711500,39,5.722209,26,3.748425,0,1,0
F3,YBa2Cu3O7_553_Frenkel3_113.traj,1424,0.712000,39,5.721158,26,3.746690,0,1,0
F3,YBa2Cu3O7_553_Frenkel3_113.traj,1425,0.712500,39,5.720164,26,3.744916,0,1,0
F3,YBa2Cu3O7_553_Frenkel3_113.traj,1426,0.713000,39,5.719238,26,3.743146,0,1,0
F3,YBa2Cu3O7_553_Frenkel3_113.traj,1427,0.713500,39,5.718445,26,3.741386,0,1,0
F3,YBa2Cu3O7_553_Frenkel3_113.traj,1428,0.714000,39,5.717752,26,3.739615,0,1,0
F3,YBa2Cu3O7_553_Frenkel3_113.traj,1429,0.714500,39,5.717128,26,3.737867,0,1,0
F3,YBa2Cu3O7_553_Frenkel3_113.traj,1430,0.715000,39,5.716517,26,3.736185,0,1,0
F3,YBa2Cu3O7_553_Frenkel3_113.traj,1431,0.715500,39,5.715971,26,3.734499,0,1,0
F3,YBa2Cu3O7_553_Frenkel3_113.traj,1432,0.716000,39,5.715483,26,3.732805,0,1,0
F3,YBa2Cu3O7_553_Frenkel3_113.traj,1433,0.716500,39,5.715040,26,3.731065,0,1,0
F3,YBa2Cu3O7_553_Frenkel3_113.traj,1434,0.717000,39,5.714687,26,3.729310,0,1,0
F3,YBa2Cu3O7_553_Frenkel3_113.traj,1435,0.717500,39,5.714399,26,3.727525,0,1,0
F3,YBa2Cu3O7_553_Frenkel3_113.traj,1436,0.718000,39,5.714212,26,3.725672,0,1,0
F3,YBa2Cu3O7_553_Frenkel3_113.traj,1437,0.718500,39,5.714101,26,3.723812,0,1,0
F3,YBa2Cu3O7_553_Frenkel3_113.traj,1438,0.719000,39,5.714095,26,3.722010,0,1,0
F3,YBa2Cu3O7_553_Frenkel3_113.traj,1439,0.719500,39,5.714111,26,3.720224,0,1,0
F3,YBa2Cu3O7_553_Frenkel3_113.traj,1440,0.720000,39,5.714188,26,3.718450,0,1,0
F3,YBa2Cu3O7_553_Frenkel3_113.traj,1441,0.720500,39,5.714323,26,3.716774,0,1,0
F3,YBa2Cu3O7_553_Frenkel3_113.traj,1442,0.721000,39,5.714520,26,3.715131,0,1,0
F3,YBa2Cu3O7_553_Frenkel3_113.traj,1443,0.721500,39,5.714777,26,3.713569,0,1,0
F3,YBa2Cu3O7_553_Frenkel3_113.traj,1444,0.722000,39,5.715070,26,3.712132,0,1,0
F3,YBa2Cu3O7_553_Frenkel3_113.traj,1445,0.722500,39,5.715385,26,3.710791,0,1,0
F3,YBa2Cu3O7_553_Frenkel3_113.traj,1446,0.723000,39,5.715722,26,3.709444,0,1,0
F3,YBa2Cu3O7_553_Frenkel3_113.traj,1447,0.723500,39,5.716061,26,3.708078,0,1,0
F3,YBa2Cu3O7_553_Frenkel3_113.traj,1448,0.724000,39,5.716422,26,3.706751,0,1,0
F3,YBa2Cu3O7_553_Frenkel3_113.traj,1449,0.724500,39,5.716752,26,3.705523,0,1,0
F3,YBa2Cu3O7_553_Frenkel3_113.traj,1450,0.725000,39,5.717097,26,3.704462,0,1,0
F3,YBa2Cu3O7_553_Frenkel3_113.traj,1451,0.725500,39,5.717477,26,3.703508,0,1,0
F3,YBa2Cu3O7_553_Frenkel3_113.traj,1452,0.726000,39,5.717892,26,3.702621,0,1,0
F3,YBa2Cu3O7_553_Frenkel3_113.traj,1453,0.726500,39,5.718326,26,3.701830,0,1,0
F3,YBa2Cu3O7_553_Frenkel3_113.traj,1454,0.727000,39,5.718774,26,3.701164,0,1,0
F3,YBa2Cu3O7_553_Frenkel3_113.traj,1455,0.727500,39,5.719240,26,3.700660,0,1,0
F3,YBa2Cu3O7_553_Frenkel3_113.traj,1456,0.728000,39,5.719774,26,3.700273,0,1,0
F3,YBa2Cu3O7_553_Frenkel3_113.traj,1457,0.728500,39,5.720347,26,3.699986,0,1,0
F3,YBa2Cu3O7_553_Frenkel3_113.traj,1458,0.729000,39,5.720973,26,3.699813,0,1,0
F3,YBa2Cu3O7_553_Frenkel3_113.traj,1459,0.729500,39,5.721631,26,3.699727,0,1,0
F3,YBa2Cu3O7_553_Frenkel3_113.traj,1460,0.730000,39,5.722291,26,3.699699,0,1,0
F3,YBa2Cu3O7_553_Frenkel3_113.traj,1461,0.730500,39,5.722993,26,3.699720,0,1,0
F3,YBa2Cu3O7_553_Frenkel3_113.traj,1462,0.731000,39,5.723727,26,3.699804,0,1,0
F3,YBa2Cu3O7_553_Frenkel3_113.traj,1463,0.731500,39,5.724467,26,3.700059,0,1,0
F3,YBa2Cu3O7_553_Frenkel3_113.traj,1464,0.732000,39,5.725167,26,3.700490,0,1,0
F3,YBa2Cu3O7_553_Frenkel3_113.traj,1465,0.732500,39,5.725931,26,3.701090,0,1,0
F3,YBa2Cu3O7_553_Frenkel3_113.traj,1466,0.733000,39,5.726707,26,3.701878,0,1,0
F3,YBa2Cu3O7_553_Frenkel3_113.traj,1467,0.733500,39,5.727485,26,3.702784,0,1,0
F3,YBa2Cu3O7_553_Frenkel3_113.traj,1468,0.734000,39,5.728258,26,3.703747,0,1,0
F3,YBa2Cu3O7_553_Frenkel3_113.traj,1469,0.734500,39,5.729079,26,3.704775,0,1,0
F3,YBa2Cu3O7_553_Frenkel3_113.traj,1470,0.735000,39,5.729918,26,3.705874,0,1,0
F3,YBa2Cu3O7_553_Frenkel3_113.traj,1471,0.735500,39,5.730774,26,3.707093,0,1,0
F3,YBa2Cu3O7_553_Frenkel3_113.traj,1472,0.736000,39,5.731714,26,3.708309,0,1,0
F3,YBa2Cu3O7_553_Frenkel3_113.traj,1473,0.736500,39,5.732678,26,3.709560,0,1,0
F3,YBa2Cu3O7_553_Frenkel3_113.traj,1474,0.737000,39,5.733627,26,3.710902,0,1,0
F3,YBa2Cu3O7_553_Frenkel3_113.traj,1475,0.737500,39,5.734565,26,3.712348,0,1,0
F3,YBa2Cu3O7_553_Frenkel3_113.traj,1476,0.738000,39,5.735530,26,3.713854,0,1,0
F3,YBa2Cu3O7_553_Frenkel3_113.traj,1477,0.738500,39,5.736499,26,3.715467,0,1,0
F3,YBa2Cu3O7_553_Frenkel3_113.traj,1478,0.739000,39,5.737440,26,3.717114,0,1,0
F3,YBa2Cu3O7_553_Frenkel3_113.traj,1479,0.739500,39,5.738379,26,3.718851,0,1,0
F3,YBa2Cu3O7_553_Frenkel3_113.traj,1480,0.740000,39,5.739322,26,3.720672,0,1,0
F3,YBa2Cu3O7_553_Frenkel3_113.traj,1481,0.740500,39,5.740274,26,3.722525,0,1,0
F3,YBa2Cu3O7_553_Frenkel3_113.traj,1482,0.741000,39,5.741234,26,3.724446,0,1,0
F3,YBa2Cu3O7_553_Frenkel3_113.traj,1483,0.741500,39,5.742192,26,3.726424,0,1,0
F3,YBa2Cu3O7_553_Frenkel3_113.traj,1484,0.742000,39,5.743130,26,3.728447,0,1,0
F3,YBa2Cu3O7_553_Frenkel3_113.traj,1485,0.742500,39,5.744048,26,3.730558,0,1,0
F3,YBa2Cu3O7_553_Frenkel3_113.traj,1486,0.743000,39,5.744979,26,3.732733,0,1,0
F3,YBa2Cu3O7_553_Frenkel3_113.traj,1487,0.743500,39,5.745859,26,3.734979,0,1,0
F3,YBa2Cu3O7_553_Frenkel3_113.traj,1488,0.744000,39,5.746771,26,3.737238,0,1,0
F3,YBa2Cu3O7_553_Frenkel3_113.traj,1489,0.744500,39,5.747738,26,3.739537,0,1,0
F3,YBa2Cu3O7_553_Frenkel3_113.traj,1490,0.745000,39,5.748757,26,3.741936,0,1,0
F3,YBa2Cu3O7_553_Frenkel3_113.traj,1491,0.745500,39,5.749800,26,3.744391,0,1,0
F3,YBa2Cu3O7_553_Frenkel3_113.traj,1492,0.746000,39,5.750845,26,3.746879,0,1,0
F3,YBa2Cu3O7_553_Frenkel3_113.traj,1493,0.746500,39,5.751944,26,3.749356,0,1,0
F3,YBa2Cu3O7_553_Frenkel3_113.traj,1494,0.747000,39,5.753086,26,3.751818,0,1,0
F3,YBa2Cu3O7_553_Frenkel3_113.traj,1495,0.747500,39,5.754188,26,3.754242,0,1,0
F3,YBa2Cu3O7_553_Frenkel3_113.traj,1496,0.748000,39,5.755329,26,3.756670,0,1,0
F3,YBa2Cu3O7_553_Frenkel3_113.traj,1497,0.748500,39,5.756516,26,3.759170,0,1,0
F3,YBa2Cu3O7_553_Frenkel3_113.traj,1498,0.749000,39,5.757689,26,3.761640,0,1,0
F3,YBa2Cu3O7_553_Frenkel3_113.traj,1499,0.749500,39,5.758823,26,3.764050,0,1,0
F3,YBa2Cu3O7_553_Frenkel3_113.traj,1500,0.750000,39,5.759950,26,3.766438,0,1,0
F3,YBa2Cu3O7_553_Frenkel3_113.traj,1501,0.750500,39,5.761101,26,3.768780,0,1,0
F3,YBa2Cu3O7_553_Frenkel3_113.traj,1502,0.751000,39,5.762232,26,3.771059,0,1,0
F3,YBa2Cu3O7_553_Frenkel3_113.traj,1503,0.751500,39,5.763406,26,3.773271,0,1,0
F3,YBa2Cu3O7_553_Frenkel3_113.traj,1504,0.752000,39,5.764692,26,3.775381,0,1,0
F3,YBa2Cu3O7_553_Frenkel3_113.traj,1505,0.752500,39,5.766039,26,3.777491,0,1,0
F3,YBa2Cu3O7_553_Frenkel3_113.traj,1506,0.753000,39,5.767428,26,3.779529,0,1,0
F3,YBa2Cu3O7_553_Frenkel3_113.traj,1507,0.753500,39,5.768829,26,3.781498,0,1,0
F3,YBa2Cu3O7_553_Frenkel3_113.traj,1508,0.754000,39,5.770292,26,3.783401,0,1,0
F3,YBa2Cu3O7_553_Frenkel3_113.traj,1509,0.754500,39,5.771821,26,3.785210,0,1,0
F3,YBa2Cu3O7_553_Frenkel3_113.traj,1510,0.755000,39,5.773412,26,3.786919,0,1,0
F3,YBa2Cu3O7_553_Frenkel3_113.traj,1511,0.755500,39,5.775010,26,3.788574,0,1,0
F3,YBa2Cu3O7_553_Frenkel3_113.traj,1512,0.756000,39,5.776672,26,3.790144,0,1,0
F3,YBa2Cu3O7_553_Frenkel3_113.traj,1513,0.756500,39,5.778370,26,3.791598,0,1,0
F3,YBa2Cu3O7_553_Frenkel3_113.traj,1514,0.757000,39,5.780099,26,3.792983,0,1,0
F3,YBa2Cu3O7_553_Frenkel3_113.traj,1515,0.757500,39,5.781826,26,3.794290,0,1,0
F3,YBa2Cu3O7_553_Frenkel3_113.traj,1516,0.758000,39,5.783586,26,3.795444,0,1,0
F3,YBa2Cu3O7_553_Frenkel3_113.traj,1517,0.758500,39,5.785405,26,3.796493,0,1,0
F3,YBa2Cu3O7_553_Frenkel3_113.traj,1518,0.759000,39,5.787288,26,3.797397,0,1,0
F3,YBa2Cu3O7_553_Frenkel3_113.traj,1519,0.759500,39,5.789211,26,3.798262,0,1,0
F3,YBa2Cu3O7_553_Frenkel3_113.traj,1520,0.760000,39,5.791100,26,3.799011,0,1,0
F3,YBa2Cu3O7_553_Frenkel3_113.traj,1521,0.760500,39,5.792998,26,3.799676,0,1,0
F3,YBa2Cu3O7_553_Frenkel3_113.traj,1522,0.761000,39,5.794959,26,3.800242,0,1,0
F3,YBa2Cu3O7_553_Frenkel3_113.traj,1523,0.761500,39,5.796964,26,3.800702,0,1,0
F3,YBa2Cu3O7_553_Frenkel3_113.traj,1524,0.762000,39,5.798999,26,3.801091,0,1,0
F3,YBa2Cu3O7_553_Frenkel3_113.traj,1525,0.762500,39,5.801063,26,3.801414,0,1,0
F3,YBa2Cu3O7_553_Frenkel3_113.traj,1526,0.763000,39,5.803152,26,3.801612,0,1,0
F3,YBa2Cu3O7_553_Frenkel3_113.traj,1527,0.763500,39,5.805273,26,3.801752,0,1,0
F3,YBa2Cu3O7_553_Frenkel3_113.traj,1528,0.764000,39,5.807389,26,3.801796,0,1,0
F3,YBa2Cu3O7_553_Frenkel3_113.traj,1529,0.764500,39,5.809492,26,3.801720,0,1,0
F3,YBa2Cu3O7_553_Frenkel3_113.traj,1530,0.765000,39,5.811546,26,3.801492,0,1,0
F3,YBa2Cu3O7_553_Frenkel3_113.traj,1531,0.765500,39,5.813596,26,3.801127,0,1,0
F3,YBa2Cu3O7_553_Frenkel3_113.traj,1532,0.766000,39,5.815656,26,3.800658,0,1,0
F3,YBa2Cu3O7_553_Frenkel3_113.traj,1533,0.766500,39,5.817753,26,3.800169,0,1,0
F3,YBa2Cu3O7_553_Frenkel3_113.traj,1534,0.767000,39,5.819873,26,3.799600,0,1,0
F3,YBa2Cu3O7_553_Frenkel3_113.traj,1535,0.767500,39,5.822040,26,3.798978,0,1,0
F3,YBa2Cu3O7_553_Frenkel3_113.traj,1536,0.768000,39,5.824212,26,3.798315,0,1,0
F3,YBa2Cu3O7_553_Frenkel3_113.traj,1537,0.768500,39,5.826342,26,3.797597,0,1,0
F3,YBa2Cu3O7_553_Frenkel3_113.traj,1538,0.769000,39,5.828512,26,3.796817,0,1,0
F3,YBa2Cu3O7_553_Frenkel3_113.traj,1539,0.769500,39,5.830665,26,3.795966,0,1,0
F3,YBa2Cu3O7_553_Frenkel3_113.traj,1540,0.770000,39,5.832796,26,3.795083,0,1,0
F3,YBa2Cu3O7_553_Frenkel3_113.traj,1541,0.770500,39,5.834948,26,3.794156,0,1,0
F3,YBa2Cu3O7_553_Frenkel3_113.traj,1542,0.771000,39,5.837072,26,3.793141,0,1,0
F3,YBa2Cu3O7_553_Frenkel3_113.traj,1543,0.771500,39,5.839198,26,3.792064,0,1,0
F3,YBa2Cu3O7_553_Frenkel3_113.traj,1544,0.772000,39,5.841316,26,3.790903,0,1,0
F3,YBa2Cu3O7_553_Frenkel3_113.traj,1545,0.772500,39,5.843464,26,3.789738,0,1,0
F3,YBa2Cu3O7_553_Frenkel3_113.traj,1546,0.773000,39,5.845584,26,3.788512,0,1,0
F3,YBa2Cu3O7_553_Frenkel3_113.traj,1547,0.773500,39,5.847732,26,3.787210,0,1,0
F3,YBa2Cu3O7_553_Frenkel3_113.traj,1548,0.774000,39,5.849887,26,3.785855,0,1,0
F3,YBa2Cu3O7_553_Frenkel3_113.traj,1549,0.774500,39,5.852065,26,3.784525,0,1,0
F3,YBa2Cu3O7_553_Frenkel3_113.traj,1550,0.775000,39,5.854238,26,3.783197,0,1,0
F3,YBa2Cu3O7_553_Frenkel3_113.traj,1551,0.775500,39,5.856436,26,3.781826,0,1,0
F3,YBa2Cu3O7_553_Frenkel3_113.traj,1552,0.776000,39,5.858643,26,3.780427,0,1,0
F3,YBa2Cu3O7_553_Frenkel3_113.traj,1553,0.776500,39,5.860771,26,3.779024,0,1,0
F3,YBa2Cu3O7_553_Frenkel3_113.traj,1554,0.777000,39,5.862798,26,3.777651,0,1,0
F3,YBa2Cu3O7_553_Frenkel3_113.traj,1555,0.777500,39,5.864751,26,3.776254,0,1,0
F3,YBa2Cu3O7_553_Frenkel3_113.traj,1556,0.778000,39,5.866604,26,3.774889,0,1,0
F3,YBa2Cu3O7_553_Frenkel3_113.traj,1557,0.778500,39,5.868415,26,3.773554,0,1,0
F3,YBa2Cu3O7_553_Frenkel3_113.traj,1558,0.779000,39,5.870207,26,3.772241,0,1,0
F3,YBa2Cu3O7_553_Frenkel3_113.traj,1559,0.779500,39,5.871975,26,3.770965,0,1,0
F3,YBa2Cu3O7_553_Frenkel3_113.traj,1560,0.780000,39,5.873719,26,3.769695,0,1,0
F3,YBa2Cu3O7_553_Frenkel3_113.traj,1561,0.780500,39,5.875411,26,3.768425,0,1,0
F3,YBa2Cu3O7_553_Frenkel3_113.traj,1562,0.781000,39,5.877085,26,3.767133,0,1,0
F3,YBa2Cu3O7_553_Frenkel3_113.traj,1563,0.781500,39,5.878732,26,3.765887,0,1,0
F3,YBa2Cu3O7_553_Frenkel3_113.traj,1564,0.782000,39,5.880330,26,3.764688,0,1,0
F3,YBa2Cu3O7_553_Frenkel3_113.traj,1565,0.782500,39,5.881883,26,3.763511,0,1,0
F3,YBa2Cu3O7_553_Frenkel3_113.traj,1566,0.783000,39,5.883444,26,3.762381,0,1,0
F3,YBa2Cu3O7_553_Frenkel3_113.traj,1567,0.783500,39,5.885031,26,3.761281,0,1,0
F3,YBa2Cu3O7_553_Frenkel3_113.traj,1568,0.784000,39,5.886651,26,3.760232,0,1,0
F3,YBa2Cu3O7_553_Frenkel3_113.traj,1569,0.784500,39,5.888248,26,3.759190,0,1,0
F3,YBa2Cu3O7_553_Frenkel3_113.traj,1570,0.785000,39,5.889847,26,3.758168,0,1,0
F3,YBa2Cu3O7_553_Frenkel3_113.traj,1571,0.785500,39,5.891448,26,3.757196,0,1,0
F3,YBa2Cu3O7_553_Frenkel3_113.traj,1572,0.786000,39,5.893075,26,3.756268,0,1,0
F3,YBa2Cu3O7_553_Frenkel3_113.traj,1573,0.786500,39,5.894692,26,3.755325,0,1,0
F3,YBa2Cu3O7_553_Frenkel3_113.traj,1574,0.787000,39,5.896247,26,3.754430,0,1,0
F3,YBa2Cu3O7_553_Frenkel3_113.traj,1575,0.787500,39,5.897755,26,3.753583,0,1,0
F3,YBa2Cu3O7_553_Frenkel3_113.traj,1576,0.788000,39,5.899216,26,3.752771,0,1,0
F3,YBa2Cu3O7_553_Frenkel3_113.traj,1577,0.788500,39,5.900688,26,3.751984,0,1,0
F3,YBa2Cu3O7_553_Frenkel3_113.traj,1578,0.789000,39,5.902131,26,3.751243,0,1,0
F3,YBa2Cu3O7_553_Frenkel3_113.traj,1579,0.789500,39,5.903516,26,3.750502,0,1,0
F3,YBa2Cu3O7_553_Frenkel3_113.traj,1580,0.790000,39,5.904904,26,3.749775,0,1,0
F3,YBa2Cu3O7_553_Frenkel3_113.traj,1581,0.790500,39,5.906261,26,3.749119,0,1,0
F3,YBa2Cu3O7_553_Frenkel3_113.traj,1582,0.791000,39,5.907617,26,3.748528,0,1,0
F3,YBa2Cu3O7_553_Frenkel3_113.traj,1583,0.791500,39,5.908938,26,3.747944,0,1,0
F3,YBa2Cu3O7_553_Frenkel3_113.traj,1584,0.792000,39,5.910230,26,3.747412,0,1,0
F3,YBa2Cu3O7_553_Frenkel3_113.traj,1585,0.792500,39,5.911502,26,3.746958,0,1,0
F3,YBa2Cu3O7_553_Frenkel3_113.traj,1586,0.793000,39,5.912738,26,3.746524,0,1,0
F3,YBa2Cu3O7_553_Frenkel3_113.traj,1587,0.793500,39,5.913989,26,3.746123,0,1,0
F3,YBa2Cu3O7_553_Frenkel3_113.traj,1588,0.794000,39,5.915293,26,3.745749,0,1,0
F3,YBa2Cu3O7_553_Frenkel3_113.traj,1589,0.794500,39,5.916613,26,3.745415,0,1,0
F3,YBa2Cu3O7_553_Frenkel3_113.traj,1590,0.795000,39,5.917920,26,3.745171,0,1,0
F3,YBa2Cu3O7_553_Frenkel3_113.traj,1591,0.795500,39,5.919173,26,3.744999,0,1,0
F3,YBa2Cu3O7_553_Frenkel3_113.traj,1592,0.796000,39,5.920351,26,3.744870,0,1,0
F3,YBa2Cu3O7_553_Frenkel3_113.traj,1593,0.796500,39,5.921508,26,3.744801,0,1,0
F3,YBa2Cu3O7_553_Frenkel3_113.traj,1594,0.797000,39,5.922638,26,3.744769,0,1,0
F3,YBa2Cu3O7_553_Frenkel3_113.traj,1595,0.797500,39,5.923800,26,3.744818,0,1,0
F3,YBa2Cu3O7_553_Frenkel3_113.traj,1596,0.798000,39,5.924991,26,3.744906,0,1,0
F3,YBa2Cu3O7_553_Frenkel3_113.traj,1597,0.798500,39,5.926138,26,3.744943,0,1,0
F3,YBa2Cu3O7_553_Frenkel3_113.traj,1598,0.799000,39,5.927310,26,3.744974,0,1,0
F3,YBa2Cu3O7_553_Frenkel3_113.traj,1599,0.799500,39,5.928461,26,3.745049,0,1,0
F3,YBa2Cu3O7_553_Frenkel3_113.traj,1600,0.800000,39,5.929642,26,3.745139,0,1,0
F3,YBa2Cu3O7_553_Frenkel3_113.traj,1601,0.800500,39,5.930763,26,3.745265,0,1,0
F3,YBa2Cu3O7_553_Frenkel3_113.traj,1602,0.801000,39,5.931823,26,3.745409,0,1,0
F3,YBa2Cu3O7_553_Frenkel3_113.traj,1603,0.801500,39,5.932820,26,3.745586,0,1,0
F3,YBa2Cu3O7_553_Frenkel3_113.traj,1604,0.802000,39,5.933775,26,3.745805,0,1,0
F3,YBa2Cu3O7_553_Frenkel3_113.traj,1605,0.802500,39,5.934782,26,3.746090,0,1,0
F3,YBa2Cu3O7_553_Frenkel3_113.traj,1606,0.803000,39,5.935764,26,3.746417,0,1,0
F3,YBa2Cu3O7_553_Frenkel3_113.traj,1607,0.803500,39,5.936763,26,3.746801,0,1,0
F3,YBa2Cu3O7_553_Frenkel3_113.traj,1608,0.804000,39,5.937771,26,3.747210,0,1,0
F3,YBa2Cu3O7_553_Frenkel3_113.traj,1609,0.804500,39,5.938758,26,3.747613,0,1,0
F3,YBa2Cu3O7_553_Frenkel3_113.traj,1610,0.805000,39,5.939750,26,3.748041,0,1,0
F3,YBa2Cu3O7_553_Frenkel3_113.traj,1611,0.805500,39,5.940693,26,3.748575,0,1,0
F3,YBa2Cu3O7_553_Frenkel3_113.traj,1612,0.806000,39,5.941612,26,3.749166,0,1,0
F3,YBa2Cu3O7_553_Frenkel3_113.traj,1613,0.806500,39,5.942589,26,3.749762,0,1,0
F3,YBa2Cu3O7_553_Frenkel3_113.traj,1614,0.807000,39,5.943612,26,3.750407,0,1,0
F3,YBa2Cu3O7_553_Frenkel3_113.traj,1615,0.807500,39,5.944705,26,3.751150,0,1,0
F3,YBa2Cu3O7_553_Frenkel3_113.traj,1616,0.808000,39,5.945852,26,3.751987,0,1,0
F3,YBa2Cu3O7_553_Frenkel3_113.traj,1617,0.808500,39,5.947032,26,3.752867,0,1,0
F3,YBa2Cu3O7_553_Frenkel3_113.traj,1618,0.809000,39,5.948206,26,3.753845,0,1,0
F3,YBa2Cu3O7_553_Frenkel3_113.traj,1619,0.809500,39,5.949410,26,3.754853,0,1,0
F3,YBa2Cu3O7_553_Frenkel3_113.traj,1620,0.810000,39,5.950669,26,3.755881,0,1,0
F3,YBa2Cu3O7_553_Frenkel3_113.traj,1621,0.810500,39,5.951908,26,3.756958,0,1,0
F3,YBa2Cu3O7_553_Frenkel3_113.traj,1622,0.811000,39,5.953180,26,3.758110,0,1,0
F3,YBa2Cu3O7_553_Frenkel3_113.traj,1623,0.811500,39,5.954441,26,3.759299,0,1,0
F3,YBa2Cu3O7_553_Frenkel3_113.traj,1624,0.812000,39,5.955674,26,3.760536,0,1,0
F3,YBa2Cu3O7_553_Frenkel3_113.traj,1625,0.812500,39,5.956896,26,3.761718,0,1,0
F3,YBa2Cu3O7_553_Frenkel3_113.traj,1626,0.813000,39,5.958086,26,3.762812,0,1,0
F3,YBa2Cu3O7_553_Frenkel3_113.traj,1627,0.813500,39,5.959232,26,3.763854,0,1,0
F3,YBa2Cu3O7_553_Frenkel3_113.traj,1628,0.814000,39,5.960383,26,3.764885,0,1,0
F3,YBa2Cu3O7_553_Frenkel3_113.traj,1629,0.814500,39,5.961536,26,3.765937,0,1,0
F3,YBa2Cu3O7_553_Frenkel3_113.traj,1630,0.815000,39,5.962674,26,3.766998,0,1,0
F3,YBa2Cu3O7_553_Frenkel3_113.traj,1631,0.815500,39,5.963788,26,3.768123,0,1,0
F3,YBa2Cu3O7_553_Frenkel3_113.traj,1632,0.816000,39,5.964892,26,3.769254,0,1,0
F3,YBa2Cu3O7_553_Frenkel3_113.traj,1633,0.816500,39,5.966010,26,3.770402,0,1,0
F3,YBa2Cu3O7_553_Frenkel3_113.traj,1634,0.817000,39,5.967100,26,3.771597,0,1,0
F3,YBa2Cu3O7_553_Frenkel3_113.traj,1635,0.817500,39,5.968135,26,3.772832,0,1,0
F3,YBa2Cu3O7_553_Frenkel3_113.traj,1636,0.818000,39,5.969143,26,3.774050,0,1,0
F3,YBa2Cu3O7_553_Frenkel3_113.traj,1637,0.818500,39,5.970147,26,3.775292,0,1,0
F3,YBa2Cu3O7_553_Frenkel3_113.traj,1638,0.819000,39,5.971129,26,3.776585,0,1,0
F3,YBa2Cu3O7_553_Frenkel3_113.traj,1639,0.819500,39,5.972043,26,3.777893,0,1,0
F3,YBa2Cu3O7_553_Frenkel3_113.traj,1640,0.820000,39,5.972938,26,3.779153,0,1,0
F3,YBa2Cu3O7_553_Frenkel3_113.traj,1641,0.820500,39,5.973773,26,3.780373,0,1,0
F3,YBa2Cu3O7_553_Frenkel3_113.traj,1642,0.821000,39,5.974585,26,3.781597,0,1,0
F3,YBa2Cu3O7_553_Frenkel3_113.traj,1643,0.821500,39,5.975401,26,3.782783,0,1,0
F3,YBa2Cu3O7_553_Frenkel3_113.traj,1644,0.822000,39,5.976159,26,3.783909,0,1,0
F3,YBa2Cu3O7_553_Frenkel3_113.traj,1645,0.822500,39,5.976849,26,3.785031,0,1,0
F3,YBa2Cu3O7_553_Frenkel3_113.traj,1646,0.823000,39,5.977495,26,3.786148,0,1,0
F3,YBa2Cu3O7_553_Frenkel3_113.traj,1647,0.823500,39,5.978078,26,3.787269,0,1,0
F3,YBa2Cu3O7_553_Frenkel3_113.traj,1648,0.824000,39,5.978539,26,3.788474,0,1,0
F3,YBa2Cu3O7_553_Frenkel3_113.traj,1649,0.824500,39,5.978930,26,3.789702,0,1,0
F3,YBa2Cu3O7_553_Frenkel3_113.traj,1650,0.825000,39,5.979251,26,3.790873,0,1,0
F3,YBa2Cu3O7_553_Frenkel3_113.traj,1651,0.825500,39,5.979536,26,3.791982,0,1,0
F3,YBa2Cu3O7_553_Frenkel3_113.traj,1652,0.826000,39,5.979756,26,3.793050,0,1,0
F3,YBa2Cu3O7_553_Frenkel3_113.traj,1653,0.826500,39,5.979932,26,3.794116,0,1,0
F3,YBa2Cu3O7_553_Frenkel3_113.traj,1654,0.827000,39,5.980115,26,3.795137,0,1,0
F3,YBa2Cu3O7_553_Frenkel3_113.traj,1655,0.827500,39,5.980276,26,3.796104,0,1,0
F3,YBa2Cu3O7_553_Frenkel3_113.traj,1656,0.828000,39,5.980393,26,3.797065,0,1,0
F3,YBa2Cu3O7_553_Frenkel3_113.traj,1657,0.828500,39,5.980491,26,3.798052,0,1,0
F3,YBa2Cu3O7_553_Frenkel3_113.traj,1658,0.829000,39,5.980540,26,3.799019,0,1,0
F3,YBa2Cu3O7_553_Frenkel3_113.traj,1659,0.829500,39,5.980553,26,3.799971,0,1,0
F3,YBa2Cu3O7_553_Frenkel3_113.traj,1660,0.830000,39,5.980546,26,3.800913,0,1,0
F3,YBa2Cu3O7_553_Frenkel3_113.traj,1661,0.830500,39,5.980516,26,3.801937,0,1,0
F3,YBa2Cu3O7_553_Frenkel3_113.traj,1662,0.831000,39,5.980380,26,3.803009,0,1,0
F3,YBa2Cu3O7_553_Frenkel3_113.traj,1663,0.831500,39,5.980138,26,3.804066,0,1,0
F3,YBa2Cu3O7_553_Frenkel3_113.traj,1664,0.832000,39,5.979849,26,3.805136,0,1,0
F3,YBa2Cu3O7_553_Frenkel3_113.traj,1665,0.832500,39,5.979523,26,3.806189,0,1,0
F3,YBa2Cu3O7_553_Frenkel3_113.traj,1666,0.833000,39,5.979186,26,3.807168,0,1,0
F3,YBa2Cu3O7_553_Frenkel3_113.traj,1667,0.833500,39,5.978786,26,3.808166,0,1,0
F3,YBa2Cu3O7_553_Frenkel3_113.traj,1668,0.834000,39,5.978389,26,3.809158,0,1,0
F3,YBa2Cu3O7_553_Frenkel3_113.traj,1669,0.834500,39,5.977981,26,3.810130,0,1,0
F3,YBa2Cu3O7_553_Frenkel3_113.traj,1670,0.835000,39,5.977547,26,3.811122,0,1,0
F3,YBa2Cu3O7_553_Frenkel3_113.traj,1671,0.835500,39,5.977043,26,3.812034,0,1,0
F3,YBa2Cu3O7_553_Frenkel3_113.traj,1672,0.836000,39,5.976575,26,3.812830,0,1,0
F3,YBa2Cu3O7_553_Frenkel3_113.traj,1673,0.836500,39,5.976049,26,3.813541,0,1,0
F3,YBa2Cu3O7_553_Frenkel3_113.traj,1674,0.837000,39,5.975457,26,3.814235,0,1,0
F3,YBa2Cu3O7_553_Frenkel3_113.traj,1675,0.837500,39,5.974767,26,3.814938,0,1,0
F3,YBa2Cu3O7_553_Frenkel3_113.traj,1676,0.838000,39,5.974000,26,3.815570,0,1,0
F3,YBa2Cu3O7_553_Frenkel3_113.traj,1677,0.838500,39,5.973181,26,3.816130,0,1,0
F3,YBa2Cu3O7_553_Frenkel3_113.traj,1678,0.839000,39,5.972300,26,3.816688,0,1,0
F3,YBa2Cu3O7_553_Frenkel3_113.traj,1679,0.839500,39,5.971372,26,3.817201,0,1,0
F3,YBa2Cu3O7_553_Frenkel3_113.traj,1680,0.840000,39,5.970447,26,3.817641,0,1,0
F3,YBa2Cu3O7_553_Frenkel3_113.traj,1681,0.840500,39,5.969530,26,3.818045,0,1,0
F3,YBa2Cu3O7_553_Frenkel3_113.traj,1682,0.841000,39,5.968586,26,3.818418,0,1,0
F3,YBa2Cu3O7_553_Frenkel3_113.traj,1683,0.841500,39,5.967533,26,3.818768,0,1,0
F3,YBa2Cu3O7_553_Frenkel3_113.traj,1684,0.842000,39,5.966427,26,3.819075,0,1,0
F3,YBa2Cu3O7_553_Frenkel3_113.traj,1685,0.842500,39,5.965274,26,3.819315,0,1,0
F3,YBa2Cu3O7_553_Frenkel3_113.traj,1686,0.843000,39,5.964079,26,3.819503,0,1,0
F3,YBa2Cu3O7_553_Frenkel3_113.traj,1687,0.843500,39,5.962858,26,3.819609,0,1,0
F3,YBa2Cu3O7_553_Frenkel3_113.traj,1688,0.844000,39,5.961651,26,3.819659,0,1,0
F3,YBa2Cu3O7_553_Frenkel3_113.traj,1689,0.844500,39,5.960399,26,3.819692,0,1,0
F3,YBa2Cu3O7_553_Frenkel3_113.traj,1690,0.845000,39,5.959092,26,3.819735,0,1,0
F3,YBa2Cu3O7_553_Frenkel3_113.traj,1691,0.845500,39,5.957779,26,3.819767,0,1,0
F3,YBa2Cu3O7_553_Frenkel3_113.traj,1692,0.846000,39,5.956408,26,3.819815,0,1,0
F3,YBa2Cu3O7_553_Frenkel3_113.traj,1693,0.846500,39,5.955064,26,3.819899,0,1,0
F3,YBa2Cu3O7_553_Frenkel3_113.traj,1694,0.847000,39,5.953674,26,3.819966,0,1,0
F3,YBa2Cu3O7_553_Frenkel3_113.traj,1695,0.847500,39,5.952248,26,3.820009,0,1,0
F3,YBa2Cu3O7_553_Frenkel3_113.traj,1696,0.848000,39,5.950817,26,3.820021,0,1,0
F3,YBa2Cu3O7_553_Frenkel3_113.traj,1697,0.848500,39,5.949331,26,3.820047,0,1,0
F3,YBa2Cu3O7_553_Frenkel3_113.traj,1698,0.849000,39,5.947802,26,3.820045,0,1,0
F3,YBa2Cu3O7_553_Frenkel3_113.traj,1699,0.849500,39,5.946254,26,3.820007,0,1,0
F3,YBa2Cu3O7_553_Frenkel3_113.traj,1700,0.850000,39,5.944731,26,3.819949,0,1,0
F3,YBa2Cu3O7_553_Frenkel3_113.traj,1701,0.850500,39,5.943170,26,3.819873,0,1,0
F3,YBa2Cu3O7_553_Frenkel3_113.traj,1702,0.851000,39,5.941600,26,3.819768,0,1,0
F3,YBa2Cu3O7_553_Frenkel3_113.traj,1703,0.851500,39,5.940029,26,3.819667,0,1,0
F3,YBa2Cu3O7_553_Frenkel3_113.traj,1704,0.852000,39,5.938478,26,3.819535,0,1,0
F3,YBa2Cu3O7_553_Frenkel3_113.traj,1705,0.852500,39,5.937009,26,3.819307,0,1,0
F3,YBa2Cu3O7_553_Frenkel3_113.traj,1706,0.853000,39,5.935588,26,3.818994,0,1,0
F3,YBa2Cu3O7_553_Frenkel3_113.traj,1707,0.853500,39,5.934215,26,3.818582,0,1,0
F3,YBa2Cu3O7_553_Frenkel3_113.traj,1708,0.854000,39,5.932851,26,3.818142,0,1,0
F3,YBa2Cu3O7_553_Frenkel3_113.traj,1709,0.854500,39,5.931428,26,3.817657,0,1,0
F3,YBa2Cu3O7_553_Frenkel3_113.traj,1710,0.855000,39,5.929989,26,3.817144,0,1,0
F3,YBa2Cu3O7_553_Frenkel3_113.traj,1711,0.855500,39,5.928564,26,3.816625,0,1,0
F3,YBa2Cu3O7_553_Frenkel3_113.traj,1712,0.856000,39,5.927109,26,3.816030,0,1,0
F3,YBa2Cu3O7_553_Frenkel3_113.traj,1713,0.856500,39,5.925684,26,3.815380,0,1,0
F3,YBa2Cu3O7_553_Frenkel3_113.traj,1714,0.857000,39,5.924256,26,3.814716,0,1,0
F3,YBa2Cu3O7_553_Frenkel3_113.traj,1715,0.857500,39,5.922925,26,3.814036,0,1,0
F3,YBa2Cu3O7_553_Frenkel3_113.traj,1716,0.858000,39,5.921546,26,3.813354,0,1,0
F3,YBa2Cu3O7_553_Frenkel3_113.traj,1717,0.858500,39,5.920214,26,3.812698,0,1,0
F3,YBa2Cu3O7_553_Frenkel3_113.traj,1718,0.859000,39,5.918869,26,3.811981,0,1,0
F3,YBa2Cu3O7_553_Frenkel3_113.traj,1719,0.859500,39,5.917568,26,3.811284,0,1,0
F3,YBa2Cu3O7_553_Frenkel3_113.traj,1720,0.860000,39,5.916301,26,3.810579,0,1,0
F3,YBa2Cu3O7_553_Frenkel3_113.traj,1721,0.860500,39,5.915043,26,3.809863,0,1,0
F3,YBa2Cu3O7_553_Frenkel3_113.traj,1722,0.861000,39,5.913809,26,3.809088,0,1,0
F3,YBa2Cu3O7_553_Frenkel3_113.traj,1723,0.861500,39,5.912628,26,3.808254,0,1,0
F3,YBa2Cu3O7_553_Frenkel3_113.traj,1724,0.862000,39,5.911472,26,3.807413,0,1,0
F3,YBa2Cu3O7_553_Frenkel3_113.traj,1725,0.862500,39,5.910314,26,3.806538,0,1,0
F3,YBa2Cu3O7_553_Frenkel3_113.traj,1726,0.863000,39,5.909205,26,3.805637,0,1,0
F3,YBa2Cu3O7_553_Frenkel3_113.traj,1727,0.863500,39,5.908162,26,3.804749,0,1,0
F3,YBa2Cu3O7_553_Frenkel3_113.traj,1728,0.864000,39,5.907131,26,3.803846,0,1,0
F3,YBa2Cu3O7_553_Frenkel3_113.traj,1729,0.864500,39,5.906156,26,3.802946,0,1,0
F3,YBa2Cu3O7_553_Frenkel3_113.traj,1730,0.865000,39,5.905200,26,3.801989,0,1,0
F3,YBa2Cu3O7_553_Frenkel3_113.traj,1731,0.865500,39,5.904236,26,3.800971,0,1,0
F3,YBa2Cu3O7_553_Frenkel3_113.traj,1732,0.866000,39,5.903304,26,3.799905,0,1,0
F3,YBa2Cu3O7_553_Frenkel3_113.traj,1733,0.866500,39,5.902423,26,3.798784,0,1,0
F3,YBa2Cu3O7_553_Frenkel3_113.traj,1734,0.867000,39,5.901623,26,3.797594,0,1,0
F3,YBa2Cu3O7_553_Frenkel3_113.traj,1735,0.867500,39,5.900863,26,3.796408,0,1,0
F3,YBa2Cu3O7_553_Frenkel3_113.traj,1736,0.868000,39,5.900121,26,3.795191,0,1,0
F3,YBa2Cu3O7_553_Frenkel3_113.traj,1737,0.868500,39,5.899391,26,3.793985,0,1,0
F3,YBa2Cu3O7_553_Frenkel3_113.traj,1738,0.869000,39,5.898716,26,3.792774,0,1,0
F3,YBa2Cu3O7_553_Frenkel3_113.traj,1739,0.869500,39,5.898107,26,3.791588,0,1,0
F3,YBa2Cu3O7_553_Frenkel3_113.traj,1740,0.870000,39,5.897570,26,3.790439,0,1,0
F3,YBa2Cu3O7_553_Frenkel3_113.traj,1741,0.870500,39,5.897066,26,3.789252,0,1,0
F3,YBa2Cu3O7_553_Frenkel3_113.traj,1742,0.871000,39,5.896616,26,3.788067,0,1,0
F3,YBa2Cu3O7_553_Frenkel3_113.traj,1743,0.871500,39,5.896187,26,3.786918,0,1,0
F3,YBa2Cu3O7_553_Frenkel3_113.traj,1744,0.872000,39,5.895751,26,3.785766,0,1,0
F3,YBa2Cu3O7_553_Frenkel3_113.traj,1745,0.872500,39,5.895427,26,3.784592,0,1,0
F3,YBa2Cu3O7_553_Frenkel3_113.traj,1746,0.873000,39,5.895103,26,3.783430,0,1,0
F3,YBa2Cu3O7_553_Frenkel3_113.traj,1747,0.873500,39,5.894779,26,3.782280,0,1,0
F3,YBa2Cu3O7_553_Frenkel3_113.traj,1748,0.874000,39,5.894530,26,3.781102,0,1,0
F3,YBa2Cu3O7_553_Frenkel3_113.traj,1749,0.874500,39,5.894344,26,3.779958,0,1,0
F3,YBa2Cu3O7_553_Frenkel3_113.traj,1750,0.875000,39,5.894221,26,3.778788,0,1,0
F3,YBa2Cu3O7_553_Frenkel3_113.traj,1751,0.875500,39,5.894080,26,3.777601,0,1,0
F3,YBa2Cu3O7_553_Frenkel3_113.traj,1752,0.876000,39,5.893986,26,3.776394,0,1,0
F3,YBa2Cu3O7_553_Frenkel3_113.traj,1753,0.876500,39,5.893989,26,3.775183,0,1,0
F3,YBa2Cu3O7_553_Frenkel3_113.traj,1754,0.877000,39,5.894041,26,3.773986,0,1,0
F3,YBa2Cu3O7_553_Frenkel3_113.traj,1755,0.877500,39,5.894210,26,3.772857,0,1,0
F3,YBa2Cu3O7_553_Frenkel3_113.traj,1756,0.878000,39,5.894389,26,3.771810,0,1,0
F3,YBa2Cu3O7_553_Frenkel3_113.traj,1757,0.878500,39,5.894563,26,3.770847,0,1,0
F3,YBa2Cu3O7_553_Frenkel3_113.traj,1758,0.879000,39,5.894802,26,3.769938,0,1,0
F3,YBa2Cu3O7_553_Frenkel3_113.traj,1759,0.879500,39,5.895054,26,3.769070,0,1,0
F3,YBa2Cu3O7_553_Frenkel3_113.traj,1760,0.880000,39,5.895376,26,3.768175,0,1,0
F3,YBa2Cu3O7_553_Frenkel3_113.traj,1761,0.880500,39,5.895715,26,3.767300,0,1,0
F3,YBa2Cu3O7_553_Frenkel3_113.traj,1762,0.881000,39,5.896060,26,3.766493,0,1,0
F3,YBa2Cu3O7_553_Frenkel3_113.traj,1763,0.881500,39,5.896371,26,3.765687,0,1,0
F3,YBa2Cu3O7_553_Frenkel3_113.traj,1764,0.882000,39,5.896659,26,3.764892,0,1,0
F3,YBa2Cu3O7_553_Frenkel3_113.traj,1765,0.882500,39,5.896990,26,3.764148,0,1,0
F3,YBa2Cu3O7_553_Frenkel3_113.traj,1766,0.883000,39,5.897340,26,3.763454,0,1,0
F3,YBa2Cu3O7_553_Frenkel3_113.traj,1767,0.883500,39,5.897743,26,3.762795,0,1,0
F3,YBa2Cu3O7_553_Frenkel3_113.traj,1768,0.884000,39,5.898181,26,3.762137,0,1,0
F3,YBa2Cu3O7_553_Frenkel3_113.traj,1769,0.884500,39,5.898653,26,3.761496,0,1,0
F3,YBa2Cu3O7_553_Frenkel3_113.traj,1770,0.885000,39,5.899191,26,3.760907,0,1,0
F3,YBa2Cu3O7_553_Frenkel3_113.traj,1771,0.885500,39,5.899787,26,3.760328,0,1,0
F3,YBa2Cu3O7_553_Frenkel3_113.traj,1772,0.886000,39,5.900403,26,3.759843,0,1,0
F3,YBa2Cu3O7_553_Frenkel3_113.traj,1773,0.886500,39,5.901025,26,3.759456,0,1,0
F3,YBa2Cu3O7_553_Frenkel3_113.traj,1774,0.887000,39,5.901691,26,3.759111,0,1,0
F3,YBa2Cu3O7_553_Frenkel3_113.traj,1775,0.887500,39,5.902385,26,3.758801,0,1,0
F3,YBa2Cu3O7_553_Frenkel3_113.traj,1776,0.888000,39,5.903074,26,3.758551,0,1,0
F3,YBa2Cu3O7_553_Frenkel3_113.traj,1777,0.888500,39,5.903822,26,3.758344,0,1,0
F3,YBa2Cu3O7_553_Frenkel3_113.traj,1778,0.889000,39,5.904604,26,3.758221,0,1,0
F3,YBa2Cu3O7_553_Frenkel3_113.traj,1779,0.889500,39,5.905408,26,3.758140,0,1,0
F3,YBa2Cu3O7_553_Frenkel3_113.traj,1780,0.890000,39,5.906301,26,3.758124,0,1,0
F3,YBa2Cu3O7_553_Frenkel3_113.traj,1781,0.890500,39,5.907278,26,3.758151,0,1,0
F3,YBa2Cu3O7_553_Frenkel3_113.traj,1782,0.891000,39,5.908300,26,3.758214,0,1,0
F3,YBa2Cu3O7_553_Frenkel3_113.traj,1783,0.891500,39,5.909431,26,3.758352,0,1,0
F3,YBa2Cu3O7_553_Frenkel3_113.traj,1784,0.892000,39,5.910562,26,3.758568,0,1,0
F3,YBa2Cu3O7_553_Frenkel3_113.traj,1785,0.892500,39,5.911705,26,3.758858,0,1,0
F3,YBa2Cu3O7_553_Frenkel3_113.traj,1786,0.893000,39,5.912841,26,3.759200,0,1,0
F3,YBa2Cu3O7_553_Frenkel3_113.traj,1787,0.893500,39,5.913988,26,3.759587,0,1,0
F3,YBa2Cu3O7_553_Frenkel3_113.traj,1788,0.894000,39,5.915186,26,3.760004,0,1,0
F3,YBa2Cu3O7_553_Frenkel3_113.traj,1789,0.894500,39,5.916389,26,3.760412,0,1,0
F3,YBa2Cu3O7_553_Frenkel3_113.traj,1790,0.895000,39,5.917630,26,3.760856,0,1,0
F3,YBa2Cu3O7_553_Frenkel3_113.traj,1791,0.895500,39,5.918926,26,3.761325,0,1,0
F3,YBa2Cu3O7_553_Frenkel3_113.traj,1792,0.896000,39,5.920223,26,3.761791,0,1,0
F3,YBa2Cu3O7_553_Frenkel3_113.traj,1793,0.896500,39,5.921499,26,3.762338,0,1,0
F3,YBa2Cu3O7_553_Frenkel3_113.traj,1794,0.897000,39,5.922791,26,3.762936,0,1,0
F3,YBa2Cu3O7_553_Frenkel3_113.traj,1795,0.897500,39,5.924103,26,3.763561,0,1,0
F3,YBa2Cu3O7_553_Frenkel3_113.traj,1796,0.898000,39,5.925464,26,3.764153,0,1,0
F3,YBa2Cu3O7_553_Frenkel3_113.traj,1797,0.898500,39,5.926866,26,3.764719,0,1,0
F3,YBa2Cu3O7_553_Frenkel3_113.traj,1798,0.899000,39,5.928291,26,3.765208,0,1,0
F3,YBa2Cu3O7_553_Frenkel3_113.traj,1799,0.899500,39,5.929680,26,3.765695,0,1,0
F3,YBa2Cu3O7_553_Frenkel3_113.traj,1800,0.900000,39,5.931080,26,3.766238,0,1,0
F3,YBa2Cu3O7_553_Frenkel3_113.traj,1801,0.900500,39,5.932537,26,3.766805,0,1,0
F3,YBa2Cu3O7_553_Frenkel3_113.traj,1802,0.901000,39,5.934091,26,3.767315,0,1,0
F3,YBa2Cu3O7_553_Frenkel3_113.traj,1803,0.901500,39,5.935705,26,3.767886,0,1,0
F3,YBa2Cu3O7_553_Frenkel3_113.traj,1804,0.902000,39,5.937333,26,3.768447,0,1,0
F3,YBa2Cu3O7_553_Frenkel3_113.traj,1805,0.902500,39,5.939041,26,3.768983,0,1,0
F3,YBa2Cu3O7_553_Frenkel3_113.traj,1806,0.903000,39,5.940763,26,3.769538,0,1,0
F3,YBa2Cu3O7_553_Frenkel3_113.traj,1807,0.903500,39,5.942541,26,3.770049,0,1,0
F3,YBa2Cu3O7_553_Frenkel3_113.traj,1808,0.904000,39,5.944307,26,3.770501,0,1,0
F3,YBa2Cu3O7_553_Frenkel3_113.traj,1809,0.904500,39,5.946126,26,3.770971,0,1,0
F3,YBa2Cu3O7_553_Frenkel3_113.traj,1810,0.905000,39,5.948012,26,3.771485,0,1,0
F3,YBa2Cu3O7_553_Frenkel3_113.traj,1811,0.905500,39,5.949944,26,3.772013,0,1,0
F3,YBa2Cu3O7_553_Frenkel3_113.traj,1812,0.906000,39,5.951831,26,3.772597,0,1,0
F3,YBa2Cu3O7_553_Frenkel3_113.traj,1813,0.906500,39,5.953743,26,3.773122,0,1,0
F3,YBa2Cu3O7_553_Frenkel3_113.traj,1814,0.907000,39,5.955698,26,3.773653,0,1,0
F3,YBa2Cu3O7_553_Frenkel3_113.traj,1815,0.907500,39,5.957725,26,3.774173,0,1,0
F3,YBa2Cu3O7_553_Frenkel3_113.traj,1816,0.908000,39,5.959810,26,3.774727,0,1,0
F3,YBa2Cu3O7_553_Frenkel3_113.traj,1817,0.908500,39,5.961894,26,3.775247,0,1,0
F3,YBa2Cu3O7_553_Frenkel3_113.traj,1818,0.909000,39,5.963982,26,3.775739,0,1,0
F3,YBa2Cu3O7_553_Frenkel3_113.traj,1819,0.909500,39,5.966062,26,3.776287,0,1,0
F3,YBa2Cu3O7_553_Frenkel3_113.traj,1820,0.910000,39,5.968150,26,3.776830,0,1,0
F3,YBa2Cu3O7_553_Frenkel3_113.traj,1821,0.910500,39,5.970261,26,3.777348,0,1,0
F3,YBa2Cu3O7_553_Frenkel3_113.traj,1822,0.911000,39,5.972313,26,3.777839,0,1,0
F3,YBa2Cu3O7_553_Frenkel3_113.traj,1823,0.911500,39,5.974375,26,3.778313,0,1,0
F3,YBa2Cu3O7_553_Frenkel3_113.traj,1824,0.912000,39,5.976429,26,3.778701,0,1,0
F3,YBa2Cu3O7_553_Frenkel3_113.traj,1825,0.912500,39,5.978427,26,3.778981,0,1,0
F3,YBa2Cu3O7_553_Frenkel3_113.traj,1826,0.913000,39,5.980447,26,3.779187,0,1,0
F3,YBa2Cu3O7_553_Frenkel3_113.traj,1827,0.913500,39,5.982400,26,3.779397,0,1,0
F3,YBa2Cu3O7_553_Frenkel3_113.traj,1828,0.914000,39,5.984342,26,3.779550,0,1,0
F3,YBa2Cu3O7_553_Frenkel3_113.traj,1829,0.914500,39,5.986211,26,3.779682,0,1,0
F3,YBa2Cu3O7_553_Frenkel3_113.traj,1830,0.915000,39,5.988080,26,3.779749,0,1,0
F3,YBa2Cu3O7_553_Frenkel3_113.traj,1831,0.915500,39,5.990005,26,3.779816,0,1,0
F3,YBa2Cu3O7_553_Frenkel3_113.traj,1832,0.916000,39,5.991957,26,3.779829,0,1,0
F3,YBa2Cu3O7_553_Frenkel3_113.traj,1833,0.916500,39,5.993921,26,3.779749,0,1,0
F3,YBa2Cu3O7_553_Frenkel3_113.traj,1834,0.917000,39,5.995884,26,3.779632,0,1,0
F3,YBa2Cu3O7_553_Frenkel3_113.traj,1835,0.917500,39,5.997779,26,3.779498,0,1,0
F3,YBa2Cu3O7_553_Frenkel3_113.traj,1836,0.918000,39,5.999624,26,3.779276,0,1,0
F3,YBa2Cu3O7_553_Frenkel3_113.traj,1837,0.918500,39,6.001432,26,3.778950,0,1,0
F3,YBa2Cu3O7_553_Frenkel3_113.traj,1838,0.919000,39,6.003192,26,3.778545,0,1,0
F3,YBa2Cu3O7_553_Frenkel3_113.traj,1839,0.919500,39,6.004890,26,3.778128,0,1,0
F3,YBa2Cu3O7_553_Frenkel3_113.traj,1840,0.920000,39,6.006533,26,3.777678,0,1,0
F3,YBa2Cu3O7_553_Frenkel3_113.traj,1841,0.920500,39,6.008194,26,3.777179,0,1,0
F3,YBa2Cu3O7_553_Frenkel3_113.traj,1842,0.921000,39,6.009821,26,3.776665,0,1,0
F3,YBa2Cu3O7_553_Frenkel3_113.traj,1843,0.921500,39,6.011482,26,3.776096,0,1,0
F3,YBa2Cu3O7_553_Frenkel3_113.traj,1844,0.922000,39,6.013177,26,3.775514,0,1,0
F3,YBa2Cu3O7_553_Frenkel3_113.traj,1845,0.922500,39,6.014892,26,3.774888,0,1,0
F3,YBa2Cu3O7_553_Frenkel3_113.traj,1846,0.923000,39,6.016552,26,3.774208,0,1,0
F3,YBa2Cu3O7_553_Frenkel3_113.traj,1847,0.923500,39,6.018118,26,3.773505,0,1,0
F3,YBa2Cu3O7_553_Frenkel3_113.traj,1848,0.924000,39,6.019680,26,3.772744,0,1,0
F3,YBa2Cu3O7_553_Frenkel3_113.traj,1849,0.924500,39,6.021272,26,3.771981,0,1,0
F3,YBa2Cu3O7_553_Frenkel3_113.traj,1850,0.925000,39,6.022894,26,3.771197,0,1,0
F3,YBa2Cu3O7_553_Frenkel3_113.traj,1851,0.925500,39,6.024471,26,3.770344,0,1,0
F3,YBa2Cu3O7_553_Frenkel3_113.traj,1852,0.926000,39,6.026004,26,3.769460,0,1,0
F3,YBa2Cu3O7_553_Frenkel3_113.traj,1853,0.926500,39,6.027442,26,3.768519,0,1,0
F3,YBa2Cu3O7_553_Frenkel3_113.traj,1854,0.927000,39,6.028888,26,3.767510,0,1,0
F3,YBa2Cu3O7_553_Frenkel3_113.traj,1855,0.927500,39,6.030305,26,3.766457,0,1,0
F3,YBa2Cu3O7_553_Frenkel3_113.traj,1856,0.928000,39,6.031632,26,3.765335,0,1,0
F3,YBa2Cu3O7_553_Frenkel3_113.traj,1857,0.928500,39,6.032909,26,3.764181,0,1,0
F3,YBa2Cu3O7_553_Frenkel3_113.traj,1858,0.929000,39,6.034150,26,3.763019,0,1,0
F3,YBa2Cu3O7_553_Frenkel3_113.traj,1859,0.929500,39,6.035378,26,3.761812,0,1,0
F3,YBa2Cu3O7_553_Frenkel3_113.traj,1860,0.930000,39,6.036528,26,3.760613,0,1,0
F3,YBa2Cu3O7_553_Frenkel3_113.traj,1861,0.930500,39,6.037573,26,3.759464,0,1,0
F3,YBa2Cu3O7_553_Frenkel3_113.traj,1862,0.931000,39,6.038539,26,3.758258,0,1,0
F3,YBa2Cu3O7_553_Frenkel3_113.traj,1863,0.931500,39,6.039419,26,3.757048,0,1,0
F3,YBa2Cu3O7_553_Frenkel3_113.traj,1864,0.932000,39,6.040214,26,3.755826,0,1,0
F3,YBa2Cu3O7_553_Frenkel3_113.traj,1865,0.932500,39,6.040960,26,3.754563,0,1,0
F3,YBa2Cu3O7_553_Frenkel3_113.traj,1866,0.933000,39,6.041634,26,3.753308,0,1,0
F3,YBa2Cu3O7_553_Frenkel3_113.traj,1867,0.933500,39,6.042255,26,3.752060,0,1,0
F3,YBa2Cu3O7_553_Frenkel3_113.traj,1868,0.934000,39,6.042841,26,3.750789,0,1,0
F3,YBa2Cu3O7_553_Frenkel3_113.traj,1869,0.934500,39,6.043384,26,3.749504,0,1,0
F3,YBa2Cu3O7_553_Frenkel3_113.traj,1870,0.935000,39,6.043852,26,3.748192,0,1,0
F3,YBa2Cu3O7_553_Frenkel3_113.traj,1871,0.935500,39,6.044333,26,3.746844,0,1,0
F3,YBa2Cu3O7_553_Frenkel3_113.traj,1872,0.936000,39,6.044809,26,3.745509,0,1,0
F3,YBa2Cu3O7_553_Frenkel3_113.traj,1873,0.936500,39,6.045219,26,3.744183,0,1,0
F3,YBa2Cu3O7_553_Frenkel3_113.traj,1874,0.937000,39,6.045555,26,3.742833,0,1,0
F3,YBa2Cu3O7_553_Frenkel3_113.traj,1875,0.937500,39,6.045903,26,3.741469,0,1,0
F3,YBa2Cu3O7_553_Frenkel3_113.traj,1876,0.938000,39,6.046190,26,3.740101,0,1,0
F3,YBa2Cu3O7_553_Frenkel3_113.traj,1877,0.938500,39,6.046477,26,3.738708,0,1,0
F3,YBa2Cu3O7_553_Frenkel3_113.traj,1878,0.939000,39,6.046748,26,3.737274,0,1,0
F3,YBa2Cu3O7_553_Frenkel3_113.traj,1879,0.939500,39,6.046951,26,3.735897,0,1,0
F3,YBa2Cu3O7_553_Frenkel3_113.traj,1880,0.940000,39,6.047091,26,3.734550,0,1,0
F3,YBa2Cu3O7_553_Frenkel3_113.traj,1881,0.940500,39,6.047085,26,3.733263,0,1,0
F3,YBa2Cu3O7_553_Frenkel3_113.traj,1882,0.941000,39,6.047025,26,3.731998,0,1,0
F3,YBa2Cu3O7_553_Frenkel3_113.traj,1883,0.941500,39,6.046948,26,3.730754,0,1,0
F3,YBa2Cu3O7_553_Frenkel3_113.traj,1884,0.942000,39,6.046756,26,3.729520,0,1,0
F3,YBa2Cu3O7_553_Frenkel3_113.traj,1885,0.942500,39,6.046514,26,3.728346,0,1,0
F3,YBa2Cu3O7_553_Frenkel3_113.traj,1886,0.943000,39,6.046223,26,3.727202,0,1,0
F3,YBa2Cu3O7_553_Frenkel3_113.traj,1887,0.943500,39,6.045854,26,3.726139,0,1,0
F3,YBa2Cu3O7_553_Frenkel3_113.traj,1888,0.944000,39,6.045441,26,3.725056,0,1,0
F3,YBa2Cu3O7_553_Frenkel3_113.traj,1889,0.944500,39,6.045025,26,3.723944,0,1,0
F3,YBa2Cu3O7_553_Frenkel3_113.traj,1890,0.945000,39,6.044582,26,3.722867,0,1,0
F3,YBa2Cu3O7_553_Frenkel3_113.traj,1891,0.945500,39,6.044066,26,3.721777,0,1,0
F3,YBa2Cu3O7_553_Frenkel3_113.traj,1892,0.946000,39,6.043493,26,3.720707,0,1,0
F3,YBa2Cu3O7_553_Frenkel3_113.traj,1893,0.946500,39,6.042892,26,3.719626,0,1,0
F3,YBa2Cu3O7_553_Frenkel3_113.traj,1894,0.947000,39,6.042246,26,3.718541,0,1,0
F3,YBa2Cu3O7_553_Frenkel3_113.traj,1895,0.947500,39,6.041545,26,3.717520,0,1,0
F3,YBa2Cu3O7_553_Frenkel3_113.traj,1896,0.948000,39,6.040792,26,3.716551,0,1,0
F3,YBa2Cu3O7_553_Frenkel3_113.traj,1897,0.948500,39,6.040029,26,3.715628,0,1,0
F3,YBa2Cu3O7_553_Frenkel3_113.traj,1898,0.949000,39,6.039180,26,3.714756,0,1,0
F3,YBa2Cu3O7_553_Frenkel3_113.traj,1899,0.949500,39,6.038254,26,3.713944,0,1,0
F3,YBa2Cu3O7_553_Frenkel3_113.traj,1900,0.950000,39,6.037263,26,3.713130,0,1,0
F3,YBa2Cu3O7_553_Frenkel3_113.traj,1901,0.950500,39,6.036222,26,3.712301,0,1,0
F3,YBa2Cu3O7_553_Frenkel3_113.traj,1902,0.951000,39,6.035156,26,3.711501,0,1,0
F3,YBa2Cu3O7_553_Frenkel3_113.traj,1903,0.951500,39,6.033979,26,3.710737,0,1,0
F3,YBa2Cu3O7_553_Frenkel3_113.traj,1904,0.952000,39,6.032682,26,3.709975,0,1,0
F3,YBa2Cu3O7_553_Frenkel3_113.traj,1905,0.952500,39,6.031343,26,3.709192,0,1,0
F3,YBa2Cu3O7_553_Frenkel3_113.traj,1906,0.953000,39,6.029917,26,3.708394,0,1,0
F3,YBa2Cu3O7_553_Frenkel3_113.traj,1907,0.953500,39,6.028386,26,3.707634,0,1,0
F3,YBa2Cu3O7_553_Frenkel3_113.traj,1908,0.954000,39,6.026805,26,3.706902,0,1,0
F3,YBa2Cu3O7_553_Frenkel3_113.traj,1909,0.954500,39,6.025246,26,3.706173,0,1,0
F3,YBa2Cu3O7_553_Frenkel3_113.traj,1910,0.955000,39,6.023616,26,3.705467,0,1,0
F3,YBa2Cu3O7_553_Frenkel3_113.traj,1911,0.955500,39,6.021963,26,3.704783,0,1,0
F3,YBa2Cu3O7_553_Frenkel3_113.traj,1912,0.956000,39,6.020196,26,3.704087,0,1,0
F3,YBa2Cu3O7_553_Frenkel3_113.traj,1913,0.956500,39,6.018403,26,3.703356,0,1,0
F3,YBa2Cu3O7_553_Frenkel3_113.traj,1914,0.957000,39,6.016577,26,3.702666,0,1,0
F3,YBa2Cu3O7_553_Frenkel3_113.traj,1915,0.957500,39,6.014695,26,3.701979,0,1,0
F3,YBa2Cu3O7_553_Frenkel3_113.traj,1916,0.958000,39,6.012737,26,3.701323,0,1,0
F3,YBa2Cu3O7_553_Frenkel3_113.traj,1917,0.958500,39,6.010744,26,3.700738,0,1,0
F3,YBa2Cu3O7_553_Frenkel3_113.traj,1918,0.959000,39,6.008717,26,3.700164,0,1,0
F3,YBa2Cu3O7_553_Frenkel3_113.traj,1919,0.959500,39,6.006684,26,3.699614,0,1,0
F3,YBa2Cu3O7_553_Frenkel3_113.traj,1920,0.960000,39,6.004665,26,3.699155,0,1,0
F3,YBa2Cu3O7_553_Frenkel3_113.traj,1921,0.960500,39,6.002633,26,3.698675,0,1,0
F3,YBa2Cu3O7_553_Frenkel3_113.traj,1922,0.961000,39,6.000613,26,3.698210,0,1,0
F3,YBa2Cu3O7_553_Frenkel3_113.traj,1923,0.961500,39,5.998554,26,3.697733,0,1,0
F3,YBa2Cu3O7_553_Frenkel3_113.traj,1924,0.962000,39,5.996475,26,3.697267,0,1,0
F3,YBa2Cu3O7_553_Frenkel3_113.traj,1925,0.962500,39,5.994352,26,3.696808,0,1,0
F3,YBa2Cu3O7_553_Frenkel3_113.traj,1926,0.963000,39,5.992194,26,3.696343,0,1,0
F3,YBa2Cu3O7_553_Frenkel3_113.traj,1927,0.963500,39,5.990003,26,3.695902,0,1,0
F3,YBa2Cu3O7_553_Frenkel3_113.traj,1928,0.964000,39,5.987841,26,3.695512,0,1,0
F3,YBa2Cu3O7_553_Frenkel3_113.traj,1929,0.964500,39,5.985679,26,3.695201,0,1,0
F3,YBa2Cu3O7_553_Frenkel3_113.traj,1930,0.965000,39,5.983510,26,3.694924,0,1,0
F3,YBa2Cu3O7_553_Frenkel3_113.traj,1931,0.965500,39,5.981356,26,3.694683,0,1,0
F3,YBa2Cu3O7_553_Frenkel3_113.traj,1932,0.966000,39,5.979230,26,3.694479,0,1,0
F3,YBa2Cu3O7_553_Frenkel3_113.traj,1933,0.966500,39,5.977066,26,3.694285,0,1,0
F3,YBa2Cu3O7_553_Frenkel3_113.traj,1934,0.967000,39,5.974889,26,3.694114,0,1,0
F3,YBa2Cu3O7_553_Frenkel3_113.traj,1935,0.967500,39,5.972798,26,3.693949,0,1,0
F3,YBa2Cu3O7_553_Frenkel3_113.traj,1936,0.968000,39,5.970759,26,3.693805,0,1,0
F3,YBa2Cu3O7_553_Frenkel3_113.traj,1937,0.968500,39,5.968756,26,3.693732,0,1,0
F3,YBa2Cu3O7_553_Frenkel3_113.traj,1938,0.969000,39,5.966825,26,3.693755,0,1,0
F3,YBa2Cu3O7_553_Frenkel3_113.traj,1939,0.969500,39,5.964892,26,3.693811,0,1,0
F3,YBa2Cu3O7_553_Frenkel3_113.traj,1940,0.970000,39,5.963002,26,3.693908,0,1,0
F3,YBa2Cu3O7_553_Frenkel3_113.traj,1941,0.970500,39,5.961177,26,3.694001,0,1,0
F3,YBa2Cu3O7_553_Frenkel3_113.traj,1942,0.971000,39,5.959378,26,3.694084,0,1,0
F3,YBa2Cu3O7_553_Frenkel3_113.traj,1943,0.971500,39,5.957565,26,3.694219,0,1,0
F3,YBa2Cu3O7_553_Frenkel3_113.traj,1944,0.972000,39,5.955715,26,3.694411,0,1,0
F3,YBa2Cu3O7_553_Frenkel3_113.traj,1945,0.972500,39,5.953854,26,3.694653,0,1,0
F3,YBa2Cu3O7_553_Frenkel3_113.traj,1946,0.973000,39,5.952033,26,3.694911,0,1,0
F3,YBa2Cu3O7_553_Frenkel3_113.traj,1947,0.973500,39,5.950233,26,3.695197,0,1,0
F3,YBa2Cu3O7_553_Frenkel3_113.traj,1948,0.974000,39,5.948506,26,3.695547,0,1,0
F3,YBa2Cu3O7_553_Frenkel3_113.traj,1949,0.974500,39,5.946816,26,3.695915,0,1,0
F3,YBa2Cu3O7_553_Frenkel3_113.traj,1950,0.975000,39,5.945188,26,3.696312,0,1,0
F3,YBa2Cu3O7_553_Frenkel3_113.traj,1951,0.975500,39,5.943651,26,3.696789,0,1,0
F3,YBa2Cu3O7_553_Frenkel3_113.traj,1952,0.976000,39,5.942215,26,3.697341,0,1,0
F3,YBa2Cu3O7_553_Frenkel3_113.traj,1953,0.976500,39,5.940850,26,3.697911,0,1,0
F3,YBa2Cu3O7_553_Frenkel3_113.traj,1954,0.977000,39,5.939523,26,3.698460,0,1,0
F3,YBa2Cu3O7_553_Frenkel3_113.traj,1955,0.977500,39,5.938234,26,3.699085,0,1,0
F3,YBa2Cu3O7_553_Frenkel3_113.traj,1956,0.978000,39,5.936982,26,3.699808,0,1,0
F3,YBa2Cu3O7_553_Frenkel3_113.traj,1957,0.978500,39,5.935817,26,3.700608,0,1,0
F3,YBa2Cu3O7_553_Frenkel3_113.traj,1958,0.979000,39,5.934783,26,3.701494,0,1,0
F3,YBa2Cu3O7_553_Frenkel3_113.traj,1959,0.979500,39,5.933735,26,3.702409,0,1,0
F3,YBa2Cu3O7_553_Frenkel3_113.traj,1960,0.980000,39,5.932692,26,3.703333,0,1,0
F3,YBa2Cu3O7_553_Frenkel3_113.traj,1961,0.980500,39,5.931670,26,3.704277,0,1,0
F3,YBa2Cu3O7_553_Frenkel3_113.traj,1962,0.981000,39,5.930709,26,3.705259,0,1,0
F3,YBa2Cu3O7_553_Frenkel3_113.traj,1963,0.981500,39,5.929844,26,3.706214,0,1,0
F3,YBa2Cu3O7_553_Frenkel3_113.traj,1964,0.982000,39,5.928984,26,3.707230,0,1,0
F3,YBa2Cu3O7_553_Frenkel3_113.traj,1965,0.982500,39,5.928156,26,3.708272,0,1,0
F3,YBa2Cu3O7_553_Frenkel3_113.traj,1966,0.983000,39,5.927413,26,3.709305,0,1,0
F3,YBa2Cu3O7_553_Frenkel3_113.traj,1967,0.983500,39,5.926764,26,3.710370,0,1,0
F3,YBa2Cu3O7_553_Frenkel3_113.traj,1968,0.984000,39,5.926160,26,3.711514,0,1,0
F3,YBa2Cu3O7_553_Frenkel3_113.traj,1969,0.984500,39,5.925632,26,3.712691,0,1,0
F3,YBa2Cu3O7_553_Frenkel3_113.traj,1970,0.985000,39,5.925142,26,3.713861,0,1,0
F3,YBa2Cu3O7_553_Frenkel3_113.traj,1971,0.985500,39,5.924740,26,3.715065,0,1,0
F3,YBa2Cu3O7_553_Frenkel3_113.traj,1972,0.986000,39,5.924414,26,3.716277,0,1,0
F3,YBa2Cu3O7_553_Frenkel3_113.traj,1973,0.986500,39,5.924131,26,3.717528,0,1,0
F3,YBa2Cu3O7_553_Frenkel3_113.traj,1974,0.987000,39,5.923859,26,3.718786,0,1,0
F3,YBa2Cu3O7_553_Frenkel3_113.traj,1975,0.987500,39,5.923609,26,3.720074,0,1,0
F3,YBa2Cu3O7_553_Frenkel3_113.traj,1976,0.988000,39,5.923414,26,3.721390,0,1,0
F3,YBa2Cu3O7_553_Frenkel3_113.traj,1977,0.988500,39,5.923250,26,3.722739,0,1,0
F3,YBa2Cu3O7_553_Frenkel3_113.traj,1978,0.989000,39,5.923152,26,3.724124,0,1,0
F3,YBa2Cu3O7_553_Frenkel3_113.traj,1979,0.989500,39,5.923105,26,3.725543,0,1,0
F3,YBa2Cu3O7_553_Frenkel3_113.traj,1980,0.990000,39,5.923098,26,3.727026,0,1,0
F3,YBa2Cu3O7_553_Frenkel3_113.traj,1981,0.990500,39,5.923101,26,3.728539,0,1,0
F3,YBa2Cu3O7_553_Frenkel3_113.traj,1982,0.991000,39,5.923093,26,3.730048,0,1,0
F3,YBa2Cu3O7_553_Frenkel3_113.traj,1983,0.991500,39,5.923082,26,3.731624,0,1,0
F3,YBa2Cu3O7_553_Frenkel3_113.traj,1984,0.992000,39,5.923127,26,3.733156,0,1,0
F3,YBa2Cu3O7_553_Frenkel3_113.traj,1985,0.992500,39,5.923265,26,3.734622,0,1,0
F3,YBa2Cu3O7_553_Frenkel3_113.traj,1986,0.993000,39,5.923519,26,3.736047,0,1,0
F3,YBa2Cu3O7_553_Frenkel3_113.traj,1987,0.993500,39,5.923842,26,3.737471,0,1,0
F3,YBa2Cu3O7_553_Frenkel3_113.traj,1988,0.994000,39,5.924191,26,3.738937,0,1,0
F3,YBa2Cu3O7_553_Frenkel3_113.traj,1989,0.994500,39,5.924586,26,3.740488,0,1,0
F3,YBa2Cu3O7_553_Frenkel3_113.traj,1990,0.995000,39,5.925058,26,3.742011,0,1,0
F3,YBa2Cu3O7_553_Frenkel3_113.traj,1991,0.995500,39,5.925574,26,3.743525,0,1,0
F3,YBa2Cu3O7_553_Frenkel3_113.traj,1992,0.996000,39,5.926114,26,3.745014,0,1,0
F3,YBa2Cu3O7_553_Frenkel3_113.traj,1993,0.996500,39,5.926627,26,3.746474,0,1,0
F3,YBa2Cu3O7_553_Frenkel3_113.traj,1994,0.997000,39,5.927151,26,3.747972,0,1,0
F3,YBa2Cu3O7_553_Frenkel3_113.traj,1995,0.997500,39,5.927689,26,3.749476,0,1,0
F3,YBa2Cu3O7_553_Frenkel3_113.traj,1996,0.998000,39,5.928259,26,3.750961,0,1,0
F3,YBa2Cu3O7_553_Frenkel3_113.traj,1997,0.998500,39,5.928861,26,3.752414,0,1,0
F3,YBa2Cu3O7_553_Frenkel3_113.traj,1998,0.999000,39,5.929485,26,3.753881,0,1,0
F3,YBa2Cu3O7_553_Frenkel3_113.traj,1999,0.999500,39,5.930159,26,3.755342,0,1,0
F3,YBa2Cu3O7_553_Frenkel3_113.traj,2000,1.000000,39,5.930862,26,3.756773,0,1,0
F3,YBa2Cu3O7_553_Frenkel3_113.traj,2001,1.000500,39,5.931610,26,3.758139,0,1,0
F3,YBa2Cu3O7_553_Frenkel3_113.traj,2002,1.001000,39,5.932391,26,3.759484,0,1,0
F3,YBa2Cu3O7_553_Frenkel3_113.traj,2003,1.001500,39,5.933132,26,3.760841,0,1,0
F3,YBa2Cu3O7_553_Frenkel3_113.traj,2004,1.002000,39,5.933883,26,3.762196,0,1,0
F3,YBa2Cu3O7_553_Frenkel3_113.traj,2005,1.002500,39,5.934680,26,3.763491,0,1,0
F3,YBa2Cu3O7_553_Frenkel3_113.traj,2006,1.003000,39,5.935570,26,3.764720,0,1,0
F3,YBa2Cu3O7_553_Frenkel3_113.traj,2007,1.003500,39,5.936557,26,3.765947,0,1,0
F3,YBa2Cu3O7_553_Frenkel3_113.traj,2008,1.004000,39,5.937574,26,3.767140,0,1,0
F3,YBa2Cu3O7_553_Frenkel3_113.traj,2009,1.004500,39,5.938616,26,3.768274,0,1,0
F3,YBa2Cu3O7_553_Frenkel3_113.traj,2010,1.005000,39,5.939621,26,3.769411,0,1,0
F3,YBa2Cu3O7_553_Frenkel3_113.traj,2011,1.005500,39,5.940588,26,3.770529,0,1,0
F3,YBa2Cu3O7_553_Frenkel3_113.traj,2012,1.006000,39,5.941545,26,3.771563,0,1,0
F3,YBa2Cu3O7_553_Frenkel3_113.traj,2013,1.006500,39,5.942513,26,3.772515,0,1,0
F3,YBa2Cu3O7_553_Frenkel3_113.traj,2014,1.007000,39,5.943457,26,3.773279,0,1,0
F3,YBa2Cu3O7_553_Frenkel3_113.traj,2015,1.007500,39,5.944395,26,3.773952,0,1,0
F3,YBa2Cu3O7_553_Frenkel3_113.traj,2016,1.008000,39,5.945353,26,3.774626,0,1,0
F3,YBa2Cu3O7_553_Frenkel3_113.traj,2017,1.008500,39,5.946355,26,3.775297,0,1,0
F3,YBa2Cu3O7_553_Frenkel3_113.traj,2018,1.009000,39,5.947359,26,3.775928,0,1,0
F3,YBa2Cu3O7_553_Frenkel3_113.traj,2019,1.009500,39,5.948370,26,3.776565,0,1,0
F3,YBa2Cu3O7_553_Frenkel3_113.traj,2020,1.010000,39,5.949357,26,3.777183,0,1,0
F3,YBa2Cu3O7_553_Frenkel3_113.traj,2021,1.010500,39,5.950297,26,3.777801,0,1,0
F3,YBa2Cu3O7_553_Frenkel3_113.traj,2022,1.011000,39,5.951246,26,3.778405,0,1,0
F3,YBa2Cu3O7_553_Frenkel3_113.traj,2023,1.011500,39,5.952204,26,3.779006,0,1,0
F3,YBa2Cu3O7_553_Frenkel3_113.traj,2024,1.012000,39,5.953194,26,3.779547,0,1,0
F3,YBa2Cu3O7_553_Frenkel3_113.traj,2025,1.012500,39,5.954170,26,3.779960,0,1,0
F3,YBa2Cu3O7_553_Frenkel3_113.traj,2026,1.013000,39,5.955062,26,3.780296,0,1,0
F3,YBa2Cu3O7_553_Frenkel3_113.traj,2027,1.013500,39,5.955955,26,3.780543,0,1,0
F3,YBa2Cu3O7_553_Frenkel3_113.traj,2028,1.014000,39,5.956868,26,3.780714,0,1,0
F3,YBa2Cu3O7_553_Frenkel3_113.traj,2029,1.014500,39,5.957711,26,3.780815,0,1,0
F3,YBa2Cu3O7_553_Frenkel3_113.traj,2030,1.015000,39,5.958498,26,3.780821,0,1,0
F3,YBa2Cu3O7_553_Frenkel3_113.traj,2031,1.015500,39,5.959304,26,3.780679,0,1,0
F3,YBa2Cu3O7_553_Frenkel3_113.traj,2032,1.016000,39,5.960080,26,3.780466,0,1,0
F3,YBa2Cu3O7_553_Frenkel3_113.traj,2033,1.016500,39,5.960797,26,3.780252,0,1,0
F3,YBa2Cu3O7_553_Frenkel3_113.traj,2034,1.017000,39,5.961491,26,3.779989,0,1,0
F3,YBa2Cu3O7_553_Frenkel3_113.traj,2035,1.017500,39,5.962148,26,3.779685,0,1,0
F3,YBa2Cu3O7_553_Frenkel3_113.traj,2036,1.018000,39,5.962764,26,3.779300,0,1,0
F3,YBa2Cu3O7_553_Frenkel3_113.traj,2037,1.018500,39,5.963347,26,3.778848,0,1,0
F3,YBa2Cu3O7_553_Frenkel3_113.traj,2038,1.019000,39,5.963892,26,3.778362,0,1,0
F3,YBa2Cu3O7_553_Frenkel3_113.traj,2039,1.019500,39,5.964437,26,3.777800,0,1,0
F3,YBa2Cu3O7_553_Frenkel3_113.traj,2040,1.020000,39,5.964912,26,3.777207,0,1,0
F3,YBa2Cu3O7_553_Frenkel3_113.traj,2041,1.020500,39,5.965348,26,3.776602,0,1,0
F3,YBa2Cu3O7_553_Frenkel3_113.traj,2042,1.021000,39,5.965715,26,3.775941,0,1,0
F3,YBa2Cu3O7_553_Frenkel3_113.traj,2043,1.021500,39,5.966003,26,3.775201,0,1,0
F3,YBa2Cu3O7_553_Frenkel3_113.traj,2044,1.022000,39,5.966249,26,3.774348,0,1,0
F3,YBa2Cu3O7_553_Frenkel3_113.traj,2045,1.022500,39,5.966473,26,3.773384,0,1,0
F3,YBa2Cu3O7_553_Frenkel3_113.traj,2046,1.023000,39,5.966643,26,3.772357,0,1,0
F3,YBa2Cu3O7_553_Frenkel3_113.traj,2047,1.023500,39,5.966767,26,3.771253,0,1,0
F3,YBa2Cu3O7_553_Frenkel3_113.traj,2048,1.024000,39,5.966813,26,3.770084,0,1,0
F3,YBa2Cu3O7_553_Frenkel3_113.traj,2049,1.024500,39,5.966798,26,3.768870,0,1,0
F3,YBa2Cu3O7_553_Frenkel3_113.traj,2050,1.025000,39,5.966750,26,3.767579,0,1,0
F3,YBa2Cu3O7_553_Frenkel3_113.traj,2051,1.025500,39,5.966649,26,3.766231,0,1,0
F3,YBa2Cu3O7_553_Frenkel3_113.traj,2052,1.026000,39,5.966473,26,3.764844,0,1,0
F3,YBa2Cu3O7_553_Frenkel3_113.traj,2053,1.026500,39,5.966236,26,3.763441,0,1,0
F3,YBa2Cu3O7_553_Frenkel3_113.traj,2054,1.027000,39,5.965923,26,3.761948,0,1,0
F3,YBa2Cu3O7_553_Frenkel3_113.traj,2055,1.027500,39,5.965452,26,3.760366,0,1,0
F3,YBa2Cu3O7_553_Frenkel3_113.traj,2056,1.028000,39,5.964937,26,3.758743,0,1,0
F3,YBa2Cu3O7_553_Frenkel3_113.traj,2057,1.028500,39,5.964405,26,3.757088,0,1,0
F3,YBa2Cu3O7_553_Frenkel3_113.traj,2058,1.029000,39,5.963798,26,3.755363,0,1,0
F3,YBa2Cu3O7_553_Frenkel3_113.traj,2059,1.029500,39,5.963076,26,3.753609,0,1,0
F3,YBa2Cu3O7_553_Frenkel3_113.traj,2060,1.030000,39,5.962246,26,3.751893,0,1,0
F3,YBa2Cu3O7_553_Frenkel3_113.traj,2061,1.030500,39,5.961318,26,3.750163,0,1,0
F3,YBa2Cu3O7_553_Frenkel3_113.traj,2062,1.031000,39,5.960314,26,3.748475,0,1,0
F3,YBa2Cu3O7_553_Frenkel3_113.traj,2063,1.031500,39,5.959243,26,3.746760,0,1,0
F3,YBa2Cu3O7_553_Frenkel3_113.traj,2064,1.032000,39,5.958084,26,3.745027,0,1,0
F3,YBa2Cu3O7_553_Frenkel3_113.traj,2065,1.032500,39,5.956824,26,3.743250,0,1,0
F3,YBa2Cu3O7_553_Frenkel3_113.traj,2066,1.033000,39,5.955526,26,3.741442,0,1,0
F3,YBa2Cu3O7_553_Frenkel3_113.traj,2067,1.033500,39,5.954105,26,3.739603,0,1,0
F3,YBa2Cu3O7_553_Frenkel3_113.traj,2068,1.034000,39,5.952549,26,3.737746,0,1,0
F3,YBa2Cu3O7_553_Frenkel3_113.traj,2069,1.034500,39,5.950873,26,3.735873,0,1,0
F3,YBa2Cu3O7_553_Frenkel3_113.traj,2070,1.035000,39,5.949056,26,3.734085,0,1,0
F3,YBa2Cu3O7_553_Frenkel3_113.traj,2071,1.035500,39,5.947186,26,3.732412,0,1,0
F3,YBa2Cu3O7_553_Frenkel3_113.traj,2072,1.036000,39,5.945249,26,3.730784,0,1,0
F3,YBa2Cu3O7_553_Frenkel3_113.traj,2073,1.036500,39,5.943235,26,3.729145,0,1,0
F3,YBa2Cu3O7_553_Frenkel3_113.traj,2074,1.037000,39,5.941139,26,3.727526,0,1,0
F3,YBa2Cu3O7_553_Frenkel3_113.traj,2075,1.037500,39,5.938944,26,3.725961,0,1,0
F3,YBa2Cu3O7_553_Frenkel3_113.traj,2076,1.038000,39,5.936677,26,3.724413,0,1,0
F3,YBa2Cu3O7_553_Frenkel3_113.traj,2077,1.038500,39,5.934330,26,3.722892,0,1,0
F3,YBa2Cu3O7_553_Frenkel3_113.traj,2078,1.039000,39,5.931929,26,3.721395,0,1,0
F3,YBa2Cu3O7_553_Frenkel3_113.traj,2079,1.039500,39,5.929459,26,3.719963,0,1,0
F3,YBa2Cu3O7_553_Frenkel3_113.traj,2080,1.040000,39,5.926952,26,3.718560,0,1,0
F3,YBa2Cu3O7_553_Frenkel3_113.traj,2081,1.040500,39,5.924333,26,3.717219,0,1,0
F3,YBa2Cu3O7_553_Frenkel3_113.traj,2082,1.041000,39,5.921626,26,3.715961,0,1,0
F3,YBa2Cu3O7_553_Frenkel3_113.traj,2083,1.041500,39,5.918854,26,3.714719,0,1,0
F3,YBa2Cu3O7_553_Frenkel3_113.traj,2084,1.042000,39,5.916007,26,3.713539,0,1,0
F3,YBa2Cu3O7_553_Frenkel3_113.traj,2085,1.042500,39,5.913093,26,3.712414,0,1,0
F3,YBa2Cu3O7_553_Frenkel3_113.traj,2086,1.043000,39,5.910055,26,3.711329,0,1,0
F3,YBa2Cu3O7_553_Frenkel3_113.traj,2087,1.043500,39,5.906919,26,3.710370,0,1,0
F3,YBa2Cu3O7_553_Frenkel3_113.traj,2088,1.044000,39,5.903702,26,3.709473,0,1,0
F3,YBa2Cu3O7_553_Frenkel3_113.traj,2089,1.044500,39,5.900401,26,3.708652,0,1,0
F3,YBa2Cu3O7_553_Frenkel3_113.traj,2090,1.045000,39,5.897081,26,3.707827,0,1,0
F3,YBa2Cu3O7_553_Frenkel3_113.traj,2091,1.045500,39,5.893716,26,3.706996,0,1,0
F3,YBa2Cu3O7_553_Frenkel3_113.traj,2092,1.046000,39,5.890384,26,3.706273,0,1,0
F3,YBa2Cu3O7_553_Frenkel3_113.traj,2093,1.046500,39,5.887047,26,3.705611,0,1,0
F3,YBa2Cu3O7_553_Frenkel3_113.traj,2094,1.047000,39,5.883630,26,3.705028,0,1,0
F3,YBa2Cu3O7_553_Frenkel3_113.traj,2095,1.047500,39,5.880103,26,3.704567,0,1,0
F3,YBa2Cu3O7_553_Frenkel3_113.traj,2096,1.048000,39,5.876519,26,3.704210,0,1,0
F3,YBa2Cu3O7_553_Frenkel3_113.traj,2097,1.048500,39,5.872965,26,3.703871,0,1,0
F3,YBa2Cu3O7_553_Frenkel3_113.traj,2098,1.049000,39,5.869412,26,3.703537,0,1,0
F3,YBa2Cu3O7_553_Frenkel3_113.traj,2099,1.049500,39,5.865842,26,3.703244,0,1,0
F3,YBa2Cu3O7_553_Frenkel3_113.traj,2100,1.050000,39,5.862244,26,3.703118,0,1,0
F3,YBa2Cu3O7_553_Frenkel3_113.traj,2101,1.050500,39,5.858637,26,3.703036,0,1,0
F3,YBa2Cu3O7_553_Frenkel3_113.traj,2102,1.051000,39,5.855043,26,3.702934,0,1,0
F3,YBa2Cu3O7_553_Frenkel3_113.traj,2103,1.051500,39,5.851451,26,3.702868,0,1,0
F3,YBa2Cu3O7_553_Frenkel3_113.traj,2104,1.052000,39,5.847824,26,3.702806,0,1,0
F3,YBa2Cu3O7_553_Frenkel3_113.traj,2105,1.052500,39,5.844111,26,3.702777,0,1,0
F3,YBa2Cu3O7_553_Frenkel3_113.traj,2106,1.053000,39,5.840385,26,3.702771,0,1,0
F3,YBa2Cu3O7_553_Frenkel3_113.traj,2107,1.053500,39,5.836698,26,3.702844,0,1,0
F3,YBa2Cu3O7_553_Frenkel3_113.traj,2108,1.054000,39,5.833032,26,3.703021,0,1,0
F3,YBa2Cu3O7_553_Frenkel3_113.traj,2109,1.054500,39,5.829336,26,3.703309,0,1,0
F3,YBa2Cu3O7_553_Frenkel3_113.traj,2110,1.055000,39,5.825682,26,3.703648,0,1,0
F3,YBa2Cu3O7_553_Frenkel3_113.traj,2111,1.055500,39,5.822054,26,3.704065,0,1,0
F3,YBa2Cu3O7_553_Frenkel3_113.traj,2112,1.056000,39,5.818503,26,3.704518,0,1,0
F3,YBa2Cu3O7_553_Frenkel3_113.traj,2113,1.056500,39,5.815046,26,3.704984,0,1,0
F3,YBa2Cu3O7_553_Frenkel3_113.traj,2114,1.057000,39,5.811612,26,3.705471,0,1,0
F3,YBa2Cu3O7_553_Frenkel3_113.traj,2115,1.057500,39,5.808242,26,3.706028,0,1,0
F3,YBa2Cu3O7_553_Frenkel3_113.traj,2116,1.058000,39,5.804970,26,3.706619,0,1,0
F3,YBa2Cu3O7_553_Frenkel3_113.traj,2117,1.058500,39,5.801739,26,3.707217,0,1,0
F3,YBa2Cu3O7_553_Frenkel3_113.traj,2118,1.059000,39,5.798553,26,3.707848,0,1,0
F3,YBa2Cu3O7_553_Frenkel3_113.traj,2119,1.059500,39,5.795410,26,3.708550,0,1,0
F3,YBa2Cu3O7_553_Frenkel3_113.traj,2120,1.060000,39,5.792330,26,3.709251,0,1,0
F3,YBa2Cu3O7_553_Frenkel3_113.traj,2121,1.060500,39,5.789333,26,3.709993,0,1,0
F3,YBa2Cu3O7_553_Frenkel3_113.traj,2122,1.061000,39,5.786486,26,3.710796,0,1,0
F3,YBa2Cu3O7_553_Frenkel3_113.traj,2123,1.061500,39,5.783716,26,3.711612,0,1,0
F3,YBa2Cu3O7_553_Frenkel3_113.traj,2124,1.062000,39,5.781041,26,3.712361,0,1,0
F3,YBa2Cu3O7_553_Frenkel3_113.traj,2125,1.062500,39,5.778471,26,3.713121,0,1,0
F3,YBa2Cu3O7_553_Frenkel3_113.traj,2126,1.063000,39,5.775995,26,3.713893,0,1,0
F3,YBa2Cu3O7_553_Frenkel3_113.traj,2127,1.063500,39,5.773567,26,3.714625,0,1,0
F3,YBa2Cu3O7_553_Frenkel3_113.traj,2128,1.064000,39,5.771192,26,3.715286,0,1,0
F3,YBa2Cu3O7_553_Frenkel3_113.traj,2129,1.064500,39,5.768949,26,3.715894,0,1,0
F3,YBa2Cu3O7_553_Frenkel3_113.traj,2130,1.065000,39,5.766831,26,3.716477,0,1,0
F3,YBa2Cu3O7_553_Frenkel3_113.traj,2131,1.065500,39,5.764864,26,3.717153,0,1,0
F3,YBa2Cu3O7_553_Frenkel3_113.traj,2132,1.066000,39,5.763022,26,3.717863,0,1,0
F3,YBa2Cu3O7_553_Frenkel3_113.traj,2133,1.066500,39,5.761221,26,3.718558,0,1,0
F3,YBa2Cu3O7_553_Frenkel3_113.traj,2134,1.067000,39,5.759478,26,3.719209,0,1,0
F3,YBa2Cu3O7_553_Frenkel3_113.traj,2135,1.067500,39,5.757852,26,3.719869,0,1,0
F3,YBa2Cu3O7_553_Frenkel3_113.traj,2136,1.068000,39,5.756379,26,3.720558,0,1,0
F3,YBa2Cu3O7_553_Frenkel3_113.traj,2137,1.068500,39,5.755027,26,3.721196,0,1,0
F3,YBa2Cu3O7_553_Frenkel3_113.traj,2138,1.069000,39,5.753844,26,3.721861,0,1,0
F3,YBa2Cu3O7_553_Frenkel3_113.traj,2139,1.069500,39,5.752764,26,3.722537,0,1,0
F3,YBa2Cu3O7_553_Frenkel3_113.traj,2140,1.070000,39,5.751843,26,3.723244,0,1,0
F3,YBa2Cu3O7_553_Frenkel3_113.traj,2141,1.070500,39,5.751085,26,3.723965,0,1,0
F3,YBa2Cu3O7_553_Frenkel3_113.traj,2142,1.071000,39,5.750420,26,3.724723,0,1,0
F3,YBa2Cu3O7_553_Frenkel3_113.traj,2143,1.071500,39,5.749833,26,3.725395,0,1,0
F3,YBa2Cu3O7_553_Frenkel3_113.traj,2144,1.072000,39,5.749364,26,3.726018,0,1,0
F3,YBa2Cu3O7_553_Frenkel3_113.traj,2145,1.072500,39,5.749008,26,3.726613,0,1,0
F3,YBa2Cu3O7_553_Frenkel3_113.traj,2146,1.073000,39,5.748761,26,3.727196,0,1,0
F3,YBa2Cu3O7_553_Frenkel3_113.traj,2147,1.073500,39,5.748580,26,3.727813,0,1,0
F3,YBa2Cu3O7_553_Frenkel3_113.traj,2148,1.074000,39,5.748461,26,3.728480,0,1,0
F3,YBa2Cu3O7_553_Frenkel3_113.traj,2149,1.074500,39,5.748446,26,3.729153,0,1,0
F3,YBa2Cu3O7_553_Frenkel3_113.traj,2150,1.075000,39,5.748561,26,3.729792,0,1,0
F3,YBa2Cu3O7_553_Frenkel3_113.traj,2151,1.075500,39,5.748793,26,3.730381,0,1,0
F3,YBa2Cu3O7_553_Frenkel3_113.traj,2152,1.076000,39,5.749117,26,3.730960,0,1,0
F3,YBa2Cu3O7_553_Frenkel3_113.traj,2153,1.076500,39,5.749581,26,3.731492,0,1,0
F3,YBa2Cu3O7_553_Frenkel3_113.traj,2154,1.077000,39,5.750187,26,3.732035,0,1,0
F3,YBa2Cu3O7_553_Frenkel3_113.traj,2155,1.077500,39,5.750959,26,3.732585,0,1,0
F3,YBa2Cu3O7_553_Frenkel3_113.traj,2156,1.078000,39,5.751825,26,3.733152,0,1,0
F3,YBa2Cu3O7_553_Frenkel3_113.traj,2157,1.078500,39,5.752831,26,3.733717,0,1,0
F3,YBa2Cu3O7_553_Frenkel3_113.traj,2158,1.079000,39,5.753889,26,3.734298,0,1,0
F3,YBa2Cu3O7_553_Frenkel3_113.traj,2159,1.079500,39,5.755058,26,3.734874,0,1,0
F3,YBa2Cu3O7_553_Frenkel3_113.traj,2160,1.080000,39,5.756371,26,3.735434,0,1,0
F3,YBa2Cu3O7_553_Frenkel3_113.traj,2161,1.080500,39,5.757821,26,3.736003,0,1,0
F3,YBa2Cu3O7_553_Frenkel3_113.traj,2162,1.081000,39,5.759403,26,3.736536,0,1,0
F3,YBa2Cu3O7_553_Frenkel3_113.traj,2163,1.081500,39,5.761059,26,3.737084,0,1,0
F3,YBa2Cu3O7_553_Frenkel3_113.traj,2164,1.082000,39,5.762774,26,3.737624,0,1,0
F3,YBa2Cu3O7_553_Frenkel3_113.traj,2165,1.082500,39,5.764567,26,3.738140,0,1,0
F3,YBa2Cu3O7_553_Frenkel3_113.traj,2166,1.083000,39,5.766402,26,3.738647,0,1,0
F3,YBa2Cu3O7_553_Frenkel3_113.traj,2167,1.083500,39,5.768320,26,3.739208,0,1,0
F3,YBa2Cu3O7_553_Frenkel3_113.traj,2168,1.084000,39,5.770337,26,3.739751,0,1,0
F3,YBa2Cu3O7_553_Frenkel3_113.traj,2169,1.084500,39,5.772419,26,3.740274,0,1,0
F3,YBa2Cu3O7_553_Frenkel3_113.traj,2170,1.085000,39,5.774496,26,3.740750,0,1,0
F3,YBa2Cu3O7_553_Frenkel3_113.traj,2171,1.085500,39,5.776642,26,3.741184,0,1,0
F3,YBa2Cu3O7_553_Frenkel3_113.traj,2172,1.086000,39,5.778863,26,3.741631,0,1,0
F3,YBa2Cu3O7_553_Frenkel3_113.traj,2173,1.086500,39,5.781129,26,3.742125,0,1,0
F3,YBa2Cu3O7_553_Frenkel3_113.traj,2174,1.087000,39,5.783453,26,3.742701,0,1,0
F3,YBa2Cu3O7_553_Frenkel3_113.traj,2175,1.087500,39,5.785804,26,3.743282,0,1,0
F3,YBa2Cu3O7_553_Frenkel3_113.traj,2176,1.088000,39,5.788145,26,3.743853,0,1,0
F3,YBa2Cu3O7_553_Frenkel3_113.traj,2177,1.088500,39,5.790443,26,3.744382,0,1,0
F3,YBa2Cu3O7_553_Frenkel3_113.traj,2178,1.089000,39,5.792748,26,3.744908,0,1,0
F3,YBa2Cu3O7_553_Frenkel3_113.traj,2179,1.089500,39,5.795038,26,3.745502,0,1,0
F3,YBa2Cu3O7_553_Frenkel3_113.traj,2180,1.090000,39,5.797314,26,3.746160,0,1,0
F3,YBa2Cu3O7_553_Frenkel3_113.traj,2181,1.090500,39,5.799582,26,3.746906,0,1,0
F3,YBa2Cu3O7_553_Frenkel3_113.traj,2182,1.091000,39,5.801881,26,3.747730,0,1,0
F3,YBa2Cu3O7_553_Frenkel3_113.traj,2183,1.091500,39,5.804198,26,3.748638,0,1,0
F3,YBa2Cu3O7_553_Frenkel3_113.traj,2184,1.092000,39,5.806562,26,3.749597,0,1,0
F3,YBa2Cu3O7_553_Frenkel3_113.traj,2185,1.092500,39,5.808965,26,3.750659,0,1,0
F3,YBa2Cu3O7_553_Frenkel3_113.traj,2186,1.093000,39,5.811381,26,3.751799,0,1,0
F3,YBa2Cu3O7_553_Frenkel3_113.traj,2187,1.093500,39,5.813813,26,3.753016,0,1,0
F3,YBa2Cu3O7_553_Frenkel3_113.traj,2188,1.094000,39,5.816224,26,3.754270,0,1,0
F3,YBa2Cu3O7_553_Frenkel3_113.traj,2189,1.094500,39,5.818592,26,3.755658,0,1,0
F3,YBa2Cu3O7_553_Frenkel3_113.traj,2190,1.095000,39,5.821008,26,3.757168,0,1,0
F3,YBa2Cu3O7_553_Frenkel3_113.traj,2191,1.095500,39,5.823474,26,3.758741,0,1,0
F3,YBa2Cu3O7_553_Frenkel3_113.traj,2192,1.096000,39,5.826021,26,3.760405,0,1,0
F3,YBa2Cu3O7_553_Frenkel3_113.traj,2193,1.096500,39,5.828633,26,3.762108,0,1,0
F3,YBa2Cu3O7_553_Frenkel3_113.traj,2194,1.097000,39,5.831245,26,3.763821,0,1,0
F3,YBa2Cu3O7_553_Frenkel3_113.traj,2195,1.097500,39,5.833810,26,3.765607,0,1,0
F3,YBa2Cu3O7_553_Frenkel3_113.traj,2196,1.098000,39,5.836373,26,3.767391,0,1,0
F3,YBa2Cu3O7_553_Frenkel3_113.traj,2197,1.098500,39,5.838918,26,3.769202,0,1,0
F3,YBa2Cu3O7_553_Frenkel3_113.traj,2198,1.099000,39,5.841435,26,3.771014,0,1,0
F3,YBa2Cu3O7_553_Frenkel3_113.traj,2199,1.099500,39,5.843929,26,3.772865,0,1,0
F3,YBa2Cu3O7_553_Frenkel3_113.traj,2200,1.100000,39,5.846332,26,3.774747,0,1,0
F3,YBa2Cu3O7_553_Frenkel3_113.traj,2201,1.100500,39,5.848749,26,3.776663,0,1,0
F3,YBa2Cu3O7_553_Frenkel3_113.traj,2202,1.101000,39,5.851091,26,3.778699,0,1,0
F3,YBa2Cu3O7_553_Frenkel3_113.traj,2203,1.101500,39,5.853338,26,3.780758,0,1,0
F3,YBa2Cu3O7_553_Frenkel3_113.traj,2204,1.102000,39,5.855494,26,3.782810,0,1,0
F3,YBa2Cu3O7_553_Frenkel3_113.traj,2205,1.102500,39,5.857604,26,3.784870,0,1,0
F3,YBa2Cu3O7_553_Frenkel3_113.traj,2206,1.103000,39,5.859688,26,3.786938,0,1,0
F3,YBa2Cu3O7_553_Frenkel3_113.traj,2207,1.103500,39,5.861701,26,3.789063,0,1,0
F3,YBa2Cu3O7_553_Frenkel3_113.traj,2208,1.104000,39,5.863635,26,3.791237,0,1,0
F3,YBa2Cu3O7_553_Frenkel3_113.traj,2209,1.104500,39,5.865543,26,3.793382,0,1,0
F3,YBa2Cu3O7_553_Frenkel3_113.traj,2210,1.105000,39,5.867442,26,3.795498,0,1,0
F3,YBa2Cu3O7_553_Frenkel3_113.traj,2211,1.105500,39,5.869358,26,3.797617,0,1,0
F3,YBa2Cu3O7_553_Frenkel3_113.traj,2212,1.106000,39,5.871265,26,3.799751,0,1,0
F3,YBa2Cu3O7_553_Frenkel3_113.traj,2213,1.106500,39,5.873096,26,3.801835,0,1,0
F3,YBa2Cu3O7_553_Frenkel3_113.traj,2214,1.107000,39,5.874827,26,3.803888,0,1,0
F3,YBa2Cu3O7_553_Frenkel3_113.traj,2215,1.107500,39,5.876503,26,3.805961,0,1,0
F3,YBa2Cu3O7_553_Frenkel3_113.traj,2216,1.108000,39,5.878166,26,3.808045,0,1,0
F3,YBa2Cu3O7_553_Frenkel3_113.traj,2217,1.108500,39,5.879821,26,3.810123,0,1,0
F3,YBa2Cu3O7_553_Frenkel3_113.traj,2218,1.109000,39,5.881429,26,3.812179,0,1,0
F3,YBa2Cu3O7_553_Frenkel3_113.traj,2219,1.109500,39,5.882986,26,3.814169,0,1,0
F3,YBa2Cu3O7_553_Frenkel3_113.traj,2220,1.110000,39,5.884541,26,3.816159,0,1,0
F3,YBa2Cu3O7_553_Frenkel3_113.traj,2221,1.110500,39,5.886020,26,3.818205,0,1,0
F3,YBa2Cu3O7_553_Frenkel3_113.traj,2222,1.111000,39,5.887427,26,3.820192,0,1,0
F3,YBa2Cu3O7_553_Frenkel3_113.traj,2223,1.111500,39,5.888807,26,3.822162,0,1,0
F3,YBa2Cu3O7_553_Frenkel3_113.traj,2224,1.112000,39,5.890177,26,3.824143,0,1,0
F3,YBa2Cu3O7_553_Frenkel3_113.traj,2225,1.112500,39,5.891485,26,3.826061,0,1,0
F3,YBa2Cu3O7_553_Frenkel3_113.traj,2226,1.113000,39,5.892753,26,3.827841,0,1,0
F3,YBa2Cu3O7_553_Frenkel3_113.traj,2227,1.113500,39,5.893963,26,3.829505,0,1,0
F3,YBa2Cu3O7_553_Frenkel3_113.traj,2228,1.114000,39,5.895097,26,3.831066,0,1,0
F3,YBa2Cu3O7_553_Frenkel3_113.traj,2229,1.114500,39,5.896218,26,3.832584,0,1,0
F3,YBa2Cu3O7_553_Frenkel3_113.traj,2230,1.115000,39,5.897306,26,3.834038,0,1,0
F3,YBa2Cu3O7_553_Frenkel3_113.traj,2231,1.115500,39,5.898329,26,3.835485,0,1,0
F3,YBa2Cu3O7_553_Frenkel3_113.traj,2232,1.116000,39,5.899303,26,3.836842,0,1,0
F3,YBa2Cu3O7_553_Frenkel3_113.traj,2233,1.116500,39,5.900238,26,3.838126,0,1,0
F3,YBa2Cu3O7_553_Frenkel3_113.traj,2234,1.117000,39,5.901160,26,3.839318,0,1,0
F3,YBa2Cu3O7_553_Frenkel3_113.traj,2235,1.117500,39,5.902170,26,3.840370,0,1,0
F3,YBa2Cu3O7_553_Frenkel3_113.traj,2236,1.118000,39,5.903205,26,3.841270,0,1,0
F3,YBa2Cu3O7_553_Frenkel3_113.traj,2237,1.118500,39,5.904296,26,3.842055,0,1,0
F3,YBa2Cu3O7_553_Frenkel3_113.traj,2238,1.119000,39,5.905391,26,3.842710,0,1,0
F3,YBa2Cu3O7_553_Frenkel3_113.traj,2239,1.119500,39,5.906514,26,3.843232,0,1,0
F3,YBa2Cu3O7_553_Frenkel3_113.traj,2240,1.120000,39,5.907617,26,3.843676,0,1,0
F3,YBa2Cu3O7_553_Frenkel3_113.traj,2241,1.120500,39,5.908651,26,3.843975,0,1,0
F3,YBa2Cu3O7_553_Frenkel3_113.traj,2242,1.121000,39,5.909696,26,3.844107,0,1,0
F3,YBa2Cu3O7_553_Frenkel3_113.traj,2243,1.121500,39,5.910730,26,3.844157,0,1,0
F3,YBa2Cu3O7_553_Frenkel3_113.traj,2244,1.122000,39,5.911771,26,3.844137,0,1,0
F3,YBa2Cu3O7_553_Frenkel3_113.traj,2245,1.122500,39,5.912790,26,3.843966,0,1,0
F3,YBa2Cu3O7_553_Frenkel3_113.traj,2246,1.123000,39,5.913891,26,3.843714,0,1,0
F3,YBa2Cu3O7_553_Frenkel3_113.traj,2247,1.123500,39,5.914960,26,3.843312,0,1,0
F3,YBa2Cu3O7_553_Frenkel3_113.traj,2248,1.124000,39,5.916081,26,3.842803,0,1,0
F3,YBa2Cu3O7_553_Frenkel3_113.traj,2249,1.124500,39,5.917157,26,3.842214,0,1,0
F3,YBa2Cu3O7_553_Frenkel3_113.traj,2250,1.125000,39,5.918163,26,3.841491,0,1,0
F3,YBa2Cu3O7_553_Frenkel3_113.traj,2251,1.125500,39,5.919181,26,3.840616,0,1,0
F3,YBa2Cu3O7_553_Frenkel3_113.traj,2252,1.126000,39,5.920187,26,3.839659,0,1,0
F3,YBa2Cu3O7_553_Frenkel3_113.traj,2253,1.126500,39,5.921162,26,3.838621,0,1,0
F3,YBa2Cu3O7_553_Frenkel3_113.traj,2254,1.127000,39,5.922105,26,3.837519,0,1,0
F3,YBa2Cu3O7_553_Frenkel3_113.traj,2255,1.127500,39,5.923031,26,3.836428,0,1,0
F3,YBa2Cu3O7_553_Frenkel3_113.traj,2256,1.128000,39,5.923956,26,3.835299,0,1,0
F3,YBa2Cu3O7_553_Frenkel3_113.traj,2257,1.128500,39,5.924887,26,3.834095,0,1,0
F3,YBa2Cu3O7_553_Frenkel3_113.traj,2258,1.129000,39,5.925847,26,3.832767,0,1,0
F3,YBa2Cu3O7_553_Frenkel3_113.traj,2259,1.129500,39,5.926803,26,3.831349,0,1,0
F3,YBa2Cu3O7_553_Frenkel3_113.traj,2260,1.130000,39,5.927723,26,3.829856,0,1,0
F3,YBa2Cu3O7_553_Frenkel3_113.traj,2261,1.130500,39,5.928637,26,3.828266,0,1,0
F3,YBa2Cu3O7_553_Frenkel3_113.traj,2262,1.131000,39,5.929600,26,3.826645,0,1,0
F3,YBa2Cu3O7_553_Frenkel3_113.traj,2263,1.131500,39,5.930574,26,3.825002,0,1,0
F3,YBa2Cu3O7_553_Frenkel3_113.traj,2264,1.132000,39,5.931573,26,3.823350,0,1,0
F3,YBa2Cu3O7_553_Frenkel3_113.traj,2265,1.132500,39,5.932557,26,3.821728,0,1,0
F3,YBa2Cu3O7_553_Frenkel3_113.traj,2266,1.133000,39,5.933489,26,3.820123,0,1,0
F3,YBa2Cu3O7_553_Frenkel3_113.traj,2267,1.133500,39,5.934370,26,3.818527,0,1,0
F3,YBa2Cu3O7_553_Frenkel3_113.traj,2268,1.134000,39,5.935194,26,3.816890,0,1,0
F3,YBa2Cu3O7_553_Frenkel3_113.traj,2269,1.134500,39,5.936005,26,3.815196,0,1,0
F3,YBa2Cu3O7_553_Frenkel3_113.traj,2270,1.135000,39,5.936788,26,3.813416,0,1,0
F3,YBa2Cu3O7_553_Frenkel3_113.traj,2271,1.135500,39,5.937589,26,3.811585,0,1,0
F3,YBa2Cu3O7_553_Frenkel3_113.traj,2272,1.136000,39,5.938336,26,3.809719,0,1,0
F3,YBa2Cu3O7_553_Frenkel3_113.traj,2273,1.136500,39,5.939028,26,3.807784,0,1,0
F3,YBa2Cu3O7_553_Frenkel3_113.traj,2274,1.137000,39,5.939661,26,3.805818,0,1,0
F3,YBa2Cu3O7_553_Frenkel3_113.traj,2275,1.137500,39,5.940268,26,3.803861,0,1,0
F3,YBa2Cu3O7_553_Frenkel3_113.traj,2276,1.138000,39,5.940857,26,3.801928,0,1,0
F3,YBa2Cu3O7_553_Frenkel3_113.traj,2277,1.138500,39,5.941415,26,3.799992,0,1,0
F3,YBa2Cu3O7_553_Frenkel3_113.traj,2278,1.139000,39,5.941918,26,3.798102,0,1,0
F3,YBa2Cu3O7_553_Frenkel3_113.traj,2279,1.139500,39,5.942401,26,3.796246,0,1,0
F3,YBa2Cu3O7_553_Frenkel3_113.traj,2280,1.140000,39,5.942837,26,3.794373,0,1,0
F3,YBa2Cu3O7_553_Frenkel3_113.traj,2281,1.140500,39,5.943225,26,3.792445,0,1,0
F3,YBa2Cu3O7_553_Frenkel3_113.traj,2282,1.141000,39,5.943684,26,3.790521,0,1,0
F3,YBa2Cu3O7_553_Frenkel3_113.traj,2283,1.141500,39,5.944137,26,3.788625,0,1,0
F3,YBa2Cu3O7_553_Frenkel3_113.traj,2284,1.142000,39,5.944539,26,3.786789,0,1,0
F3,YBa2Cu3O7_553_Frenkel3_113.traj,2285,1.142500,39,5.944952,26,3.784973,0,1,0
F3,YBa2Cu3O7_553_Frenkel3_113.traj,2286,1.143000,39,5.945386,26,3.783188,0,1,0
F3,YBa2Cu3O7_553_Frenkel3_113.traj,2287,1.143500,39,5.945794,26,3.781423,0,1,0
F3,YBa2Cu3O7_553_Frenkel3_113.traj,2288,1.144000,39,5.946139,26,3.779694,0,1,0
F3,YBa2Cu3O7_553_Frenkel3_113.traj,2289,1.144500,39,5.946516,26,3.778006,0,1,0
F3,YBa2Cu3O7_553_Frenkel3_113.traj,2290,1.145000,39,5.946883,26,3.776322,0,1,0
F3,YBa2Cu3O7_553_Frenkel3_113.traj,2291,1.145500,39,5.947273,26,3.774681,0,1,0
F3,YBa2Cu3O7_553_Frenkel3_113.traj,2292,1.146000,39,5.947663,26,3.773116,0,1,0
F3,YBa2Cu3O7_553_Frenkel3_113.traj,2293,1.146500,39,5.948057,26,3.771695,0,1,0
F3,YBa2Cu3O7_553_Frenkel3_113.traj,2294,1.147000,39,5.948459,26,3.770385,0,1,0
F3,YBa2Cu3O7_553_Frenkel3_113.traj,2295,1.147500,39,5.948875,26,3.769087,0,1,0
F3,YBa2Cu3O7_553_Frenkel3_113.traj,2296,1.148000,39,5.949296,26,3.767866,0,1,0
F3,YBa2Cu3O7_553_Frenkel3_113.traj,2297,1.148500,39,5.949770,26,3.766761,0,1,0
F3,YBa2Cu3O7_553_Frenkel3_113.traj,2298,1.149000,39,5.950264,26,3.765730,0,1,0
F3,YBa2Cu3O7_553_Frenkel3_113.traj,2299,1.149500,39,5.950745,26,3.764829,0,1,0
F3,YBa2Cu3O7_553_Frenkel3_113.traj,2300,1.150000,39,5.951250,26,3.764043,0,1,0
F3,YBa2Cu3O7_553_Frenkel3_113.traj,2301,1.150500,39,5.951750,26,3.763405,0,1,0
F3,YBa2Cu3O7_553_Frenkel3_113.traj,2302,1.151000,39,5.952320,26,3.762839,0,1,0
F3,YBa2Cu3O7_553_Frenkel3_113.traj,2303,1.151500,39,5.952969,26,3.762350,0,1,0
F3,YBa2Cu3O7_553_Frenkel3_113.traj,2304,1.152000,39,5.953609,26,3.761961,0,1,0
F3,YBa2Cu3O7_553_Frenkel3_113.traj,2305,1.152500,39,5.954277,26,3.761644,0,1,0
F3,YBa2Cu3O7_553_Frenkel3_113.traj,2306,1.153000,39,5.954916,26,3.761297,0,1,0
F3,YBa2Cu3O7_553_Frenkel3_113.traj,2307,1.153500,39,5.955542,26,3.760932,0,1,0
F3,YBa2Cu3O7_553_Frenkel3_113.traj,2308,1.154000,39,5.956205,26,3.760670,0,1,0
F3,YBa2Cu3O7_553_Frenkel3_113.traj,2309,1.154500,39,5.956877,26,3.760557,0,1,0
F3,YBa2Cu3O7_553_Frenkel3_113.traj,2310,1.155000,39,5.957589,26,3.760455,0,1,0
F3,YBa2Cu3O7_553_Frenkel3_113.traj,2311,1.155500,39,5.958345,26,3.760349,0,1,0
F3,YBa2Cu3O7_553_Frenkel3_113.traj,2312,1.156000,39,5.959086,26,3.760277,0,1,0
F3,YBa2Cu3O7_553_Frenkel3_113.traj,2313,1.156500,39,5.959803,26,3.760287,0,1,0
F3,YBa2Cu3O7_553_Frenkel3_113.traj,2314,1.157000,39,5.960464,26,3.760406,0,1,0
F3,YBa2Cu3O7_553_Frenkel3_113.traj,2315,1.157500,39,5.961165,26,3.760567,0,1,0
F3,YBa2Cu3O7_553_Frenkel3_113.traj,2316,1.158000,39,5.961888,26,3.760805,0,1,0
F3,YBa2Cu3O7_553_Frenkel3_113.traj,2317,1.158500,39,5.962616,26,3.761150,0,1,0
F3,YBa2Cu3O7_553_Frenkel3_113.traj,2318,1.159000,39,5.963347,26,3.761567,0,1,0
F3,YBa2Cu3O7_553_Frenkel3_113.traj,2319,1.159500,39,5.964114,26,3.762032,0,1,0
F3,YBa2Cu3O7_553_Frenkel3_113.traj,2320,1.160000,39,5.964980,26,3.762601,0,1,0
F3,YBa2Cu3O7_553_Frenkel3_113.traj,2321,1.160500,39,5.965940,26,3.763194,0,1,0
F3,YBa2Cu3O7_553_Frenkel3_113.traj,2322,1.161000,39,5.966907,26,3.763876,0,1,0
F3,YBa2Cu3O7_553_Frenkel3_113.traj,2323,1.161500,39,5.967868,26,3.764612,0,1,0
F3,YBa2Cu3O7_553_Frenkel3_113.traj,2324,1.162000,39,5.968883,26,3.765368,0,1,0
F3,YBa2Cu3O7_553_Frenkel3_113.traj,2325,1.162500,39,5.969940,26,3.766150,0,1,0
F3,YBa2Cu3O7_553_Frenkel3_113.traj,2326,1.163000,39,5.971076,26,3.766946,0,1,0
F3,YBa2Cu3O7_553_Frenkel3_113.traj,2327,1.163500,39,5.972250,26,3.767772,0,1,0
F3,YBa2Cu3O7_553_Frenkel3_113.traj,2328,1.164000,39,5.973420,26,3.768664,0,1,0
F3,YBa2Cu3O7_553_Frenkel3_113.traj,2329,1.164500,39,5.974638,26,3.769568,0,1,0
F3,YBa2Cu3O7_553_Frenkel3_113.traj,2330,1.165000,39,5.975912,26,3.770543,0,1,0
F3,YBa2Cu3O7_553_Frenkel3_113.traj,2331,1.165500,39,5.977148,26,3.771608,0,1,0
F3,YBa2Cu3O7_553_Frenkel3_113.traj,2332,1.166000,39,5.978330,26,3.772717,0,1,0
F3,YBa2Cu3O7_553_Frenkel3_113.traj,2333,1.166500,39,5.979565,26,3.773894,0,1,0
F3,YBa2Cu3O7_553_Frenkel3_113.traj,2334,1.167000,39,5.980858,26,3.775101,0,1,0
F3,YBa2Cu3O7_553_Frenkel3_113.traj,2335,1.167500,39,5.982178,26,3.776304,0,1,0
F3,YBa2Cu3O7_553_Frenkel3_113.traj,2336,1.168000,39,5.983492,26,3.777525,0,1,0
F3,YBa2Cu3O7_553_Frenkel3_113.traj,2337,1.168500,39,5.984778,26,3.778777,0,1,0
F3,YBa2Cu3O7_553_Frenkel3_113.traj,2338,1.169000,39,5.986010,26,3.780024,0,1,0
F3,YBa2Cu3O7_553_Frenkel3_113.traj,2339,1.169500,39,5.987227,26,3.781279,0,1,0
F3,YBa2Cu3O7_553_Frenkel3_113.traj,2340,1.170000,39,5.988526,26,3.782567,0,1,0
F3,YBa2Cu3O7_553_Frenkel3_113.traj,2341,1.170500,39,5.989877,26,3.783886,0,1,0
F3,YBa2Cu3O7_553_Frenkel3_113.traj,2342,1.171000,39,5.991231,26,3.785210,0,1,0
F3,YBa2Cu3O7_553_Frenkel3_113.traj,2343,1.171500,39,5.992592,26,3.786516,0,1,0
F3,YBa2Cu3O7_553_Frenkel3_113.traj,2344,1.172000,39,5.993955,26,3.787847,0,1,0
F3,YBa2Cu3O7_553_Frenkel3_113.traj,2345,1.172500,39,5.995323,26,3.789108,0,1,0
F3,YBa2Cu3O7_553_Frenkel3_113.traj,2346,1.173000,39,5.996782,26,3.790385,0,1,0
F3,YBa2Cu3O7_553_Frenkel3_113.traj,2347,1.173500,39,5.998326,26,3.791680,0,1,0
F3,YBa2Cu3O7_553_Frenkel3_113.traj,2348,1.174000,39,5.999934,26,3.792985,0,1,0
F3,YBa2Cu3O7_553_Frenkel3_113.traj,2349,1.174500,39,6.001537,26,3.794221,0,1,0
F3,YBa2Cu3O7_553_Frenkel3_113.traj,2350,1.175000,39,6.003153,26,3.795360,0,1,0
F3,YBa2Cu3O7_553_Frenkel3_113.traj,2351,1.175500,39,6.004786,26,3.796444,0,1,0
F3,YBa2Cu3O7_553_Frenkel3_113.traj,2352,1.176000,39,6.006502,26,3.797474,0,1,0
F3,YBa2Cu3O7_553_Frenkel3_113.traj,2353,1.176500,39,6.008265,26,3.798476,0,1,0
F3,YBa2Cu3O7_553_Frenkel3_113.traj,2354,1.177000,39,6.010106,26,3.799464,0,1,0
F3,YBa2Cu3O7_553_Frenkel3_113.traj,2355,1.177500,39,6.011996,26,3.800362,0,1,0
F3,YBa2Cu3O7_553_Frenkel3_113.traj,2356,1.178000,39,6.013837,26,3.801216,0,1,0
F3,YBa2Cu3O7_553_Frenkel3_113.traj,2357,1.178500,39,6.015678,26,3.802045,0,1,0
F3,YBa2Cu3O7_553_Frenkel3_113.traj,2358,1.179000,39,6.017572,26,3.802837,0,1,0
F3,YBa2Cu3O7_553_Frenkel3_113.traj,2359,1.179500,39,6.019466,26,3.803594,0,1,0
F3,YBa2Cu3O7_553_Frenkel3_113.traj,2360,1.180000,39,6.021456,26,3.804324,0,1,0
F3,YBa2Cu3O7_553_Frenkel3_113.traj,2361,1.180500,39,6.023510,26,3.805009,0,1,0
F3,YBa2Cu3O7_553_Frenkel3_113.traj,2362,1.181000,39,6.025658,26,3.805562,0,1,0
F3,YBa2Cu3O7_553_Frenkel3_113.traj,2363,1.181500,39,6.027787,26,3.805997,0,1,0
F3,YBa2Cu3O7_553_Frenkel3_113.traj,2364,1.182000,39,6.029873,26,3.806348,0,1,0
F3,YBa2Cu3O7_553_Frenkel3_113.traj,2365,1.182500,39,6.031984,26,3.806614,0,1,0
F3,YBa2Cu3O7_553_Frenkel3_113.traj,2366,1.183000,39,6.034144,26,3.806801,0,1,0
F3,YBa2Cu3O7_553_Frenkel3_113.traj,2367,1.183500,39,6.036393,26,3.806895,0,1,0
F3,YBa2Cu3O7_553_Frenkel3_113.traj,2368,1.184000,39,6.038716,26,3.806924,0,1,0
F3,YBa2Cu3O7_553_Frenkel3_113.traj,2369,1.184500,39,6.041072,26,3.806873,0,1,0
F3,YBa2Cu3O7_553_Frenkel3_113.traj,2370,1.185000,39,6.043425,26,3.806774,0,1,0
F3,YBa2Cu3O7_553_Frenkel3_113.traj,2371,1.185500,39,6.045810,26,3.806570,0,1,0
F3,YBa2Cu3O7_553_Frenkel3_113.traj,2372,1.186000,39,6.048198,26,3.806278,0,1,0
F3,YBa2Cu3O7_553_Frenkel3_113.traj,2373,1.186500,39,6.050711,26,3.805911,0,1,0
F3,YBa2Cu3O7_553_Frenkel3_113.traj,2374,1.187000,39,6.053275,26,3.805460,0,1,0
F3,YBa2Cu3O7_553_Frenkel3_113.traj,2375,1.187500,39,6.055920,26,3.804899,0,1,0
F3,YBa2Cu3O7_553_Frenkel3_113.traj,2376,1.188000,39,6.058544,26,3.804276,0,1,0
F3,YBa2Cu3O7_553_Frenkel3_113.traj,2377,1.188500,39,6.061199,26,3.803568,0,1,0
F3,YBa2Cu3O7_553_Frenkel3_113.traj,2378,1.189000,39,6.063832,26,3.802776,0,1,0
F3,YBa2Cu3O7_553_Frenkel3_113.traj,2379,1.189500,39,6.066509,26,3.801866,0,1,0
F3,YBa2Cu3O7_553_Frenkel3_113.traj,2380,1.190000,39,6.069187,26,3.800876,0,1,0
F3,YBa2Cu3O7_553_Frenkel3_113.traj,2381,1.190500,39,6.071885,26,3.799797,0,1,0
F3,YBa2Cu3O7_553_Frenkel3_113.traj,2382,1.191000,39,6.074575,26,3.798644,0,1,0
F3,YBa2Cu3O7_553_Frenkel3_113.traj,2383,1.191500,39,6.077234,26,3.797373,0,1,0
F3,YBa2Cu3O7_553_Frenkel3_113.traj,2384,1.192000,39,6.079899,26,3.795993,0,1,0
F3,YBa2Cu3O7_553_Frenkel3_113.traj,2385,1.192500,39,6.082538,26,3.794554,0,1,0
F3,YBa2Cu3O7_553_Frenkel3_113.traj,2386,1.193000,39,6.085180,26,3.793019,0,1,0
F3,YBa2Cu3O7_553_Frenkel3_113.traj,2387,1.193500,39,6.087761,26,3.791412,0,1,0
F3,YBa2Cu3O7_553_Frenkel3_113.traj,2388,1.194000,39,6.090289,26,3.789736,0,1,0
F3,YBa2Cu3O7_553_Frenkel3_113.traj,2389,1.194500,39,6.092739,26,3.788023,0,1,0
F3,YBa2Cu3O7_553_Frenkel3_113.traj,2390,1.195000,39,6.095118,26,3.786312,0,1,0
F3,YBa2Cu3O7_553_Frenkel3_113.traj,2391,1.195500,39,6.097419,26,3.784548,0,1,0
F3,YBa2Cu3O7_553_Frenkel3_113.traj,2392,1.196000,39,6.099660,26,3.782720,0,1,0
F3,YBa2Cu3O7_553_Frenkel3_113.traj,2393,1.196500,39,6.101805,26,3.780774,0,1,0
F3,YBa2Cu3O7_553_Frenkel3_113.traj,2394,1.197000,39,6.103825,26,3.778716,0,1,0
F3,YBa2Cu3O7_553_Frenkel3_113.traj,2395,1.197500,39,6.105727,26,3.776656,0,1,0
F3,YBa2Cu3O7_553_Frenkel3_113.traj,2396,1.198000,39,6.107536,26,3.774487,0,1,0
F3,YBa2Cu3O7_553_Frenkel3_113.traj,2397,1.198500,39,6.109298,26,3.772245,0,1,0
F3,YBa2Cu3O7_553_Frenkel3_113.traj,2398,1.199000,39,6.110967,26,3.769981,0,1,0
F3,YBa2Cu3O7_553_Frenkel3_113.traj,2399,1.199500,39,6.112563,26,3.767722,0,1,0
F3,YBa2Cu3O7_553_Frenkel3_113.traj,2400,1.200000,39,6.114055,26,3.765465,0,1,0
F3,YBa2Cu3O7_553_Frenkel3_113.traj,2401,1.200500,39,6.115415,26,3.763168,0,1,0
F3,YBa2Cu3O7_553_Frenkel3_113.traj,2402,1.201000,39,6.116684,26,3.760846,0,1,0
F3,YBa2Cu3O7_553_Frenkel3_113.traj,2403,1.201500,39,6.117957,26,3.758413,0,1,0
F3,YBa2Cu3O7_553_Frenkel3_113.traj,2404,1.202000,39,6.119187,26,3.755960,0,1,0
F3,YBa2Cu3O7_553_Frenkel3_113.traj,2405,1.202500,39,6.120380,26,3.753498,0,1,0
F3,YBa2Cu3O7_553_Frenkel3_113.traj,2406,1.203000,39,6.121580,26,3.751045,0,1,0
F3,YBa2Cu3O7_553_Frenkel3_113.traj,2407,1.203500,39,6.122708,26,3.748633,0,1,0
F3,YBa2Cu3O7_553_Frenkel3_113.traj,2408,1.204000,39,6.123733,26,3.746207,0,1,0
F3,YBa2Cu3O7_553_Frenkel3_113.traj,2409,1.204500,39,6.124669,26,3.743796,0,1,0
F3,YBa2Cu3O7_553_Frenkel3_113.traj,2410,1.205000,39,6.125597,26,3.741352,0,1,0
F3,YBa2Cu3O7_553_Frenkel3_113.traj,2411,1.205500,39,6.126480,26,3.738987,0,1,0
F3,YBa2Cu3O7_553_Frenkel3_113.traj,2412,1.206000,39,6.127221,26,3.736658,0,1,0
F3,YBa2Cu3O7_553_Frenkel3_113.traj,2413,1.206500,39,6.127857,26,3.734408,0,1,0
F3,YBa2Cu3O7_553_Frenkel3_113.traj,2414,1.207000,39,6.128420,26,3.732234,0,1,0
F3,YBa2Cu3O7_553_Frenkel3_113.traj,2415,1.207500,39,6.128959,26,3.730138,0,1,0
F3,YBa2Cu3O7_553_Frenkel3_113.traj,2416,1.208000,39,6.129480,26,3.728085,0,1,0
F3,YBa2Cu3O7_553_Frenkel3_113.traj,2417,1.208500,39,6.129891,26,3.726089,0,1,0
F3,YBa2Cu3O7_553_Frenkel3_113.traj,2418,1.209000,39,6.130168,26,3.724175,0,1,0
F3,YBa2Cu3O7_553_Frenkel3_113.traj,2419,1.209500,39,6.130269,26,3.722332,0,1,0
F3,YBa2Cu3O7_553_Frenkel3_113.traj,2420,1.210000,39,6.130272,26,3.720534,0,1,0
F3,YBa2Cu3O7_553_Frenkel3_113.traj,2421,1.210500,39,6.130159,26,3.718845,0,1,0
F3,YBa2Cu3O7_553_Frenkel3_113.traj,2422,1.211000,39,6.129962,26,3.717226,0,1,0
F3,YBa2Cu3O7_553_Frenkel3_113.traj,2423,1.211500,39,6.129692,26,3.715695,0,1,0
F3,YBa2Cu3O7_553_Frenkel3_113.traj,2424,1.212000,39,6.129392,26,3.714255,0,1,0
F3,YBa2Cu3O7_553_Frenkel3_113.traj,2425,1.212500,39,6.129072,26,3.712895,0,1,0
F3,YBa2Cu3O7_553_Frenkel3_113.traj,2426,1.213000,39,6.128661,26,3.711595,0,1,0
F3,YBa2Cu3O7_553_Frenkel3_113.traj,2427,1.213500,39,6.128186,26,3.710433,0,1,0
F3,YBa2Cu3O7_553_Frenkel3_113.traj,2428,1.214000,39,6.127693,26,3.709368,0,1,0
F3,YBa2Cu3O7_553_Frenkel3_113.traj,2429,1.214500,39,6.127199,26,3.708388,0,1,0
F3,YBa2Cu3O7_553_Frenkel3_113.traj,2430,1.215000,39,6.126684,26,3.707526,0,1,0
F3,YBa2Cu3O7_553_Frenkel3_113.traj,2431,1.215500,39,6.126133,26,3.706807,0,1,0
F3,YBa2Cu3O7_553_Frenkel3_113.traj,2432,1.216000,39,6.125580,26,3.706189,0,1,0
F3,YBa2Cu3O7_553_Frenkel3_113.traj,2433,1.216500,39,6.124991,26,3.705655,0,1,0
F3,YBa2Cu3O7_553_Frenkel3_113.traj,2434,1.217000,39,6.124313,26,3.705328,0,1,0
F3,YBa2Cu3O7_553_Frenkel3_113.traj,2435,1.217500,39,6.123574,26,3.705179,0,1,0
F3,YBa2Cu3O7_553_Frenkel3_113.traj,2436,1.218000,39,6.122806,26,3.705224,0,1,0
F3,YBa2Cu3O7_553_Frenkel3_113.traj,2437,1.218500,39,6.122024,26,3.705435,0,1,0
F3,YBa2Cu3O7_553_Frenkel3_113.traj,2438,1.219000,39,6.121208,26,3.705792,0,1,0
F3,YBa2Cu3O7_553_Frenkel3_113.traj,2439,1.219500,39,6.120320,26,3.706275,0,1,0
F3,YBa2Cu3O7_553_Frenkel3_113.traj,2440,1.220000,39,6.119370,26,3.706914,0,1,0
F3,YBa2Cu3O7_553_Frenkel3_113.traj,2441,1.220500,39,6.118394,26,3.707637,0,1,0
F3,YBa2Cu3O7_553_Frenkel3_113.traj,2442,1.221000,39,6.117343,26,3.708504,0,1,0
F3,YBa2Cu3O7_553_Frenkel3_113.traj,2443,1.221500,39,6.116290,26,3.709480,0,1,0
F3,YBa2Cu3O7_553_Frenkel3_113.traj,2444,1.222000,39,6.115125,26,3.710556,0,1,0
F3,YBa2Cu3O7_553_Frenkel3_113.traj,2445,1.222500,39,6.113895,26,3.711794,0,1,0
F3,YBa2Cu3O7_553_Frenkel3_113.traj,2446,1.223000,39,6.112634,26,3.713184,0,1,0
F3,YBa2Cu3O7_553_Frenkel3_113.traj,2447,1.223500,39,6.111382,26,3.714674,0,1,0
F3,YBa2Cu3O7_553_Frenkel3_113.traj,2448,1.224000,39,6.110153,26,3.716270,0,1,0
F3,YBa2Cu3O7_553_Frenkel3_113.traj,2449,1.224500,39,6.108927,26,3.717971,0,1,0
F3,YBa2Cu3O7_553_Frenkel3_113.traj,2450,1.225000,39,6.107715,26,3.719799,0,1,0
F3,YBa2Cu3O7_553_Frenkel3_113.traj,2451,1.225500,39,6.106507,26,3.721752,0,1,0
F3,YBa2Cu3O7_553_Frenkel3_113.traj,2452,1.226000,39,6.105246,26,3.723777,0,1,0
F3,YBa2Cu3O7_553_Frenkel3_113.traj,2453,1.226500,39,6.103991,26,3.725859,0,1,0
F3,YBa2Cu3O7_553_Frenkel3_113.traj,2454,1.227000,39,6.102738,26,3.727994,0,1,0
F3,YBa2Cu3O7_553_Frenkel3_113.traj,2455,1.227500,39,6.101418,26,3.730161,0,1,0
F3,YBa2Cu3O7_553_Frenkel3_113.traj,2456,1.228000,39,6.100078,26,3.732392,0,1,0
F3,YBa2Cu3O7_553_Frenkel3_113.traj,2457,1.228500,39,6.098737,26,3.734694,0,1,0
F3,YBa2Cu3O7_553_Frenkel3_113.traj,2458,1.229000,39,6.097402,26,3.737044,0,1,0
F3,YBa2Cu3O7_553_Frenkel3_113.traj,2459,1.229500,39,6.096050,26,3.739443,0,1,0
F3,YBa2Cu3O7_553_Frenkel3_113.traj,2460,1.230000,39,6.094741,26,3.741900,0,1,0
F3,YBa2Cu3O7_553_Frenkel3_113.traj,2461,1.230500,39,6.093428,26,3.744382,0,1,0
F3,YBa2Cu3O7_553_Frenkel3_113.traj,2462,1.231000,39,6.092115,26,3.746893,0,1,0
F3,YBa2Cu3O7_553_Frenkel3_113.traj,2463,1.231500,39,6.090751,26,3.749512,0,1,0
F3,YBa2Cu3O7_553_Frenkel3_113.traj,2464,1.232000,39,6.089261,26,3.752157,0,1,0
F3,YBa2Cu3O7_553_Frenkel3_113.traj,2465,1.232500,39,6.087675,26,3.754905,0,1,0
F3,YBa2Cu3O7_553_Frenkel3_113.traj,2466,1.233000,39,6.086078,26,3.757730,0,1,0
F3,YBa2Cu3O7_553_Frenkel3_113.traj,2467,1.233500,39,6.084435,26,3.760546,0,1,0
F3,YBa2Cu3O7_553_Frenkel3_113.traj,2468,1.234000,39,6.082787,26,3.763369,0,1,0
F3,YBa2Cu3O7_553_Frenkel3_113.traj,2469,1.234500,39,6.081151,26,3.766098,0,1,0
F3,YBa2Cu3O7_553_Frenkel3_113.traj,2470,1.235000,39,6.079533,26,3.768806,0,1,0
F3,YBa2Cu3O7_553_Frenkel3_113.traj,2471,1.235500,39,6.077894,26,3.771440,0,1,0
F3,YBa2Cu3O7_553_Frenkel3_113.traj,2472,1.236000,39,6.076239,26,3.774052,0,1,0
F3,YBa2Cu3O7_553_Frenkel3_113.traj,2473,1.236500,39,6.074564,26,3.776629,0,1,0
F3,YBa2Cu3O7_553_Frenkel3_113.traj,2474,1.237000,39,6.072847,26,3.779199,0,1,0
F3,YBa2Cu3O7_553_Frenkel3_113.traj,2475,1.237500,39,6.071115,26,3.781707,0,1,0
F3,YBa2Cu3O7_553_Frenkel3_113.traj,2476,1.238000,39,6.069358,26,3.784073,0,1,0
F3,YBa2Cu3O7_553_Frenkel3_113.traj,2477,1.238500,39,6.067530,26,3.786329,0,1,0
F3,YBa2Cu3O7_553_Frenkel3_113.traj,2478,1.239000,39,6.065683,26,3.788518,0,1,0
F3,YBa2Cu3O7_553_Frenkel3_113.traj,2479,1.239500,39,6.063870,26,3.790676,0,1,0
F3,YBa2Cu3O7_553_Frenkel3_113.traj,2480,1.240000,39,6.062071,26,3.792797,0,1,0
F3,YBa2Cu3O7_553_Frenkel3_113.traj,2481,1.240500,39,6.060327,26,3.794837,0,1,0
F3,YBa2Cu3O7_553_Frenkel3_113.traj,2482,1.241000,39,6.058609,26,3.796761,0,1,0
F3,YBa2Cu3O7_553_Frenkel3_113.traj,2483,1.241500,39,6.056958,26,3.798540,0,1,0
F3,YBa2Cu3O7_553_Frenkel3_113.traj,2484,1.242000,39,6.055350,26,3.800255,0,1,0
F3,YBa2Cu3O7_553_Frenkel3_113.traj,2485,1.242500,39,6.053756,26,3.801929,0,1,0
F3,YBa2Cu3O7_553_Frenkel3_113.traj,2486,1.243000,39,6.052149,26,3.803501,0,1,0
F3,YBa2Cu3O7_553_Frenkel3_113.traj,2487,1.243500,39,6.050540,26,3.804942,0,1,0
F3,YBa2Cu3O7_553_Frenkel3_113.traj,2488,1.244000,39,6.048928,26,3.806303,0,1,0
F3,YBa2Cu3O7_553_Frenkel3_113.traj,2489,1.244500,39,6.047339,26,3.807537,0,1,0
F3,YBa2Cu3O7_553_Frenkel3_113.traj,2490,1.245000,39,6.045797,26,3.808651,0,1,0
F3,YBa2Cu3O7_553_Frenkel3_113.traj,2491,1.245500,39,6.044304,26,3.809735,0,1,0
F3,YBa2Cu3O7_553_Frenkel3_113.traj,2492,1.246000,39,6.042842,26,3.810739,0,1,0
F3,YBa2Cu3O7_553_Frenkel3_113.traj,2493,1.246500,39,6.041386,26,3.811659,0,1,0
F3,YBa2Cu3O7_553_Frenkel3_113.traj,2494,1.247000,39,6.039902,26,3.812546,0,1,0
F3,YBa2Cu3O7_553_Frenkel3_113.traj,2495,1.247500,39,6.038488,26,3.813360,0,1,0
F3,YBa2Cu3O7_553_Frenkel3_113.traj,2496,1.248000,39,6.037099,26,3.814122,0,1,0
F3,YBa2Cu3O7_553_Frenkel3_113.traj,2497,1.248500,39,6.035714,26,3.814832,0,1,0
F3,YBa2Cu3O7_553_Frenkel3_113.traj,2498,1.249000,39,6.034377,26,3.815402,0,1,0
F3,YBa2Cu3O7_553_Frenkel3_113.traj,2499,1.249500,39,6.033079,26,3.815842,0,1,0
F3,YBa2Cu3O7_553_Frenkel3_113.traj,2500,1.250000,39,6.031826,26,3.816194,0,1,0
F3,YBa2Cu3O7_553_Frenkel3_113.traj,2501,1.250500,39,6.030607,26,3.816427,0,1,0
F3,YBa2Cu3O7_553_Frenkel3_113.traj,2502,1.251000,39,6.029423,26,3.816575,0,1,0
F3,YBa2Cu3O7_553_Frenkel3_113.traj,2503,1.251500,39,6.028223,26,3.816647,0,1,0
F3,YBa2Cu3O7_553_Frenkel3_113.traj,2504,1.252000,39,6.027068,26,3.816625,0,1,0
F3,YBa2Cu3O7_553_Frenkel3_113.traj,2505,1.252500,39,6.025984,26,3.816514,0,1,0
F3,YBa2Cu3O7_553_Frenkel3_113.traj,2506,1.253000,39,6.024959,26,3.816300,0,1,0
F3,YBa2Cu3O7_553_Frenkel3_113.traj,2507,1.253500,39,6.023966,26,3.815951,0,1,0
F3,YBa2Cu3O7_553_Frenkel3_113.traj,2508,1.254000,39,6.023014,26,3.815556,0,1,0
F3,YBa2Cu3O7_553_Frenkel3_113.traj,2509,1.254500,39,6.022082,26,3.815119,0,1,0
F3,YBa2Cu3O7_553_Frenkel3_113.traj,2510,1.255000,39,6.021147,26,3.814592,0,1,0
F3,YBa2Cu3O7_553_Frenkel3_113.traj,2511,1.255500,39,6.020188,26,3.813932,0,1,0
F3,YBa2Cu3O7_553_Frenkel3_113.traj,2512,1.256000,39,6.019279,26,3.813133,0,1,0
F3,YBa2Cu3O7_553_Frenkel3_113.traj,2513,1.256500,39,6.018371,26,3.812226,0,1,0
F3,YBa2Cu3O7_553_Frenkel3_113.traj,2514,1.257000,39,6.017428,26,3.811213,0,1,0
F3,YBa2Cu3O7_553_Frenkel3_113.traj,2515,1.257500,39,6.016465,26,3.810127,0,1,0
F3,YBa2Cu3O7_553_Frenkel3_113.traj,2516,1.258000,39,6.015513,26,3.808976,0,1,0
F3,YBa2Cu3O7_553_Frenkel3_113.traj,2517,1.258500,39,6.014595,26,3.807752,0,1,0
F3,YBa2Cu3O7_553_Frenkel3_113.traj,2518,1.259000,39,6.013713,26,3.806466,0,1,0
F3,YBa2Cu3O7_553_Frenkel3_113.traj,2519,1.259500,39,6.012905,26,3.805115,0,1,0
F3,YBa2Cu3O7_553_Frenkel3_113.traj,2520,1.260000,39,6.012158,26,3.803692,0,1,0
F3,YBa2Cu3O7_553_Frenkel3_113.traj,2521,1.260500,39,6.011412,26,3.802195,0,1,0
F3,YBa2Cu3O7_553_Frenkel3_113.traj,2522,1.261000,39,6.010688,26,3.800615,0,1,0
F3,YBa2Cu3O7_553_Frenkel3_113.traj,2523,1.261500,39,6.009945,26,3.798952,0,1,0
F3,YBa2Cu3O7_553_Frenkel3_113.traj,2524,1.262000,39,6.009239,26,3.797266,0,1,0
F3,YBa2Cu3O7_553_Frenkel3_113.traj,2525,1.262500,39,6.008532,26,3.795523,0,1,0
F3,YBa2Cu3O7_553_Frenkel3_113.traj,2526,1.263000,39,6.007812,26,3.793691,0,1,0
F3,YBa2Cu3O7_553_Frenkel3_113.traj,2527,1.263500,39,6.007042,26,3.791728,0,1,0
F3,YBa2Cu3O7_553_Frenkel3_113.traj,2528,1.264000,39,6.006322,26,3.789704,0,1,0
F3,YBa2Cu3O7_553_Frenkel3_113.traj,2529,1.264500,39,6.005530,26,3.787652,0,1,0
F3,YBa2Cu3O7_553_Frenkel3_113.traj,2530,1.265000,39,6.004695,26,3.785577,0,1,0
F3,YBa2Cu3O7_553_Frenkel3_113.traj,2531,1.265500,39,6.003814,26,3.783455,0,1,0
F3,YBa2Cu3O7_553_Frenkel3_113.traj,2532,1.266000,39,6.002909,26,3.781282,0,1,0
F3,YBa2Cu3O7_553_Frenkel3_113.traj,2533,1.266500,39,6.002060,26,3.779120,0,1,0
F3,YBa2Cu3O7_553_Frenkel3_113.traj,2534,1.267000,39,6.001257,26,3.776877,0,1,0
F3,YBa2Cu3O7_553_Frenkel3_113.traj,2535,1.267500,39,6.000344,26,3.774616,0,1,0
F3,YBa2Cu3O7_553_Frenkel3_113.traj,2536,1.268000,39,5.999415,26,3.772396,0,1,0
F3,YBa2Cu3O7_553_Frenkel3_113.traj,2537,1.268500,39,5.998431,26,3.770213,0,1,0
F3,YBa2Cu3O7_553_Frenkel3_113.traj,2538,1.269000,39,5.997424,26,3.768008,0,1,0
F3,YBa2Cu3O7_553_Frenkel3_113.traj,2539,1.269500,39,5.996464,26,3.765788,0,1,0
F3,YBa2Cu3O7_553_Frenkel3_113.traj,2540,1.270000,39,5.995536,26,3.763568,0,1,0
F3,YBa2Cu3O7_553_Frenkel3_113.traj,2541,1.270500,39,5.994615,26,3.761362,0,1,0
F3,YBa2Cu3O7_553_Frenkel3_113.traj,2542,1.271000,39,5.993571,26,3.759186,0,1,0
F3,YBa2Cu3O7_553_Frenkel3_113.traj,2543,1.271500,39,5.992452,26,3.757109,0,1,0
F3,YBa2Cu3O7_553_Frenkel3_113.traj,2544,1.272000,39,5.991339,26,3.755043,0,1,0
F3,YBa2Cu3O7_553_Frenkel3_113.traj,2545,1.272500,39,5.990226,26,3.753035,0,1,0
