Time[ps]      Etot[eV]     Epot[eV]     Ekin[eV]    T[K]
0.0000        -6045.444    -6045.444        0.000     0.0
0.0005        -6045.369    -6045.447        0.078     0.6
0.0010        -6045.301    -6045.456        0.155     1.2
0.0015        -6045.232    -6045.470        0.238     1.9
0.0020        -6045.157    -6045.489        0.332     2.6
0.0025        -6045.080    -6045.513        0.433     3.4
0.0030        -6045.005    -6045.542        0.537     4.3
0.0035        -6044.929    -6045.575        0.646     5.1
0.0040        -6044.876    -6045.613        0.737     5.8
0.0045        -6044.816    -6045.653        0.837     6.6
0.0050        -6044.753    -6045.696        0.943     7.5
0.0055        -6044.679    -6045.742        1.063     8.4
0.0060        -6044.608    -6045.791        1.183     9.4
0.0065        -6044.555    -6045.841        1.287    10.2
0.0070        -6044.490    -6045.893        1.402    11.1
0.0075        -6044.426    -6045.945        1.519    12.1
0.0080        -6044.357    -6045.998        1.641    13.0
0.0085        -6044.269    -6046.052        1.783    14.1
0.0090        -6044.189    -6046.105        1.916    15.2
0.0095        -6044.133    -6046.158        2.026    16.1
0.0100        -6044.034    -6046.211        2.177    17.3
0.0105        -6043.943    -6046.261        2.319    18.4
0.0110        -6043.881    -6046.311        2.430    19.3
0.0115        -6043.804    -6046.358        2.555    20.3
0.0120        -6043.754    -6046.403        2.650    21.0
0.0125        -6043.638    -6046.446        2.808    22.3
0.0130        -6043.587    -6046.485        2.898    23.0
0.0135        -6043.510    -6046.521        3.010    23.9
0.0140        -6043.420    -6046.553        3.134    24.9
0.0145        -6043.338    -6046.582        3.244    25.7
0.0150        -6043.281    -6046.607        3.326    26.4
0.0155        -6043.205    -6046.627        3.422    27.2
0.0160        -6043.108    -6046.643        3.535    28.1
0.0165        -6043.070    -6046.655        3.585    28.4
0.0170        -6043.023    -6046.663        3.640    28.9
0.0175        -6042.981    -6046.667        3.685    29.2
0.0180        -6042.901    -6046.667        3.765    29.9
0.0185        -6042.830    -6046.662        3.833    30.4
0.0190        -6042.767    -6046.654        3.887    30.8
0.0195        -6042.708    -6046.642        3.934    31.2
0.0200        -6042.652    -6046.625        3.973    31.5
0.0205        -6042.570    -6046.606        4.036    32.0
0.0210        -6042.491    -6046.582        4.092    32.5
0.0215        -6042.453    -6046.555        4.102    32.6
0.0220        -6042.444    -6046.525        4.081    32.4
0.0225        -6042.369    -6046.493        4.124    32.7
0.0230        -6042.285    -6046.458        4.173    33.1
0.0235        -6042.224    -6046.421        4.197    33.3
0.0240        -6042.194    -6046.382        4.188    33.2
0.0245        -6042.149    -6046.341        4.192    33.3
0.0250        -6042.101    -6046.299        4.198    33.3
0.0255        -6042.035    -6046.256        4.222    33.5
0.0260        -6041.948    -6046.213        4.265    33.8
0.0265        -6041.896    -6046.170        4.274    33.9
0.0270        -6041.811    -6046.125        4.314    34.2
0.0275        -6041.749    -6046.080        4.331    34.4
0.0280        -6041.680    -6046.034        4.354    34.5
0.0285        -6041.620    -6045.986        4.366    34.6
0.0290        -6041.547    -6045.937        4.390    34.8
0.0295        -6041.485    -6045.887        4.402    34.9
0.0300        -6041.421    -6045.836        4.414    35.0
0.0305        -6041.390    -6045.783        4.393    34.9
0.0310        -6041.303    -6045.730        4.427    35.1
0.0315        -6041.244    -6045.676        4.432    35.2
0.0320        -6041.164    -6045.621        4.457    35.4
0.0325        -6041.120    -6045.566        4.446    35.3
0.0330        -6041.047    -6045.511        4.465    35.4
0.0335        -6040.987    -6045.456        4.469    35.5
0.0340        -6040.902    -6045.401        4.499    35.7
0.0345        -6040.834    -6045.347        4.513    35.8
0.0350        -6040.743    -6045.294        4.550    36.1
0.0355        -6040.714    -6045.241        4.527    35.9
0.0360        -6040.636    -6045.190        4.554    36.1
0.0365        -6040.587    -6045.140        4.553    36.1
0.0370        -6040.545    -6045.092        4.548    36.1
0.0375        -6040.516    -6045.048        4.532    36.0
0.0380        -6040.514    -6045.007        4.494    35.7
0.0385        -6040.424    -6044.970        4.546    36.1
0.0390        -6040.332    -6044.935        4.603    36.5
0.0395        -6040.245    -6044.905        4.660    37.0
0.0400        -6040.147    -6044.876        4.730    37.5
0.0405        -6040.104    -6044.851        4.747    37.7
0.0410        -6040.031    -6044.829        4.798    38.1
0.0415        -6039.928    -6044.811        4.883    38.7
0.0420        -6039.900    -6044.794        4.894    38.8
0.0425        -6039.820    -6044.780        4.960    39.4
0.0430        -6039.718    -6044.770        5.052    40.1
0.0435        -6039.662    -6044.761        5.098    40.5
0.0440        -6039.599    -6044.753        5.155    40.9
0.0445        -6039.530    -6044.746        5.216    41.4
0.0450        -6039.466    -6044.742        5.276    41.9
0.0455        -6039.424    -6044.738        5.314    42.2
0.0460        -6039.360    -6044.734        5.375    42.6
0.0465        -6039.316    -6044.730        5.414    43.0
0.0470        -6039.249    -6044.724        5.475    43.4
0.0475        -6039.170    -6044.718        5.548    44.0
0.0480        -6039.077    -6044.710        5.633    44.7
0.0485        -6039.006    -6044.701        5.695    45.2
0.0490        -6038.910    -6044.690        5.780    45.9
0.0495        -6038.877    -6044.676        5.799    46.0
0.0500        -6038.817    -6044.661        5.844    46.4
0.0505        -6038.715    -6044.644        5.929    47.0
0.0510        -6038.640    -6044.625        5.986    47.5
0.0515        -6038.646    -6044.606        5.960    47.3
0.0520        -6038.640    -6044.586        5.946    47.2
0.0525        -6038.604    -6044.564        5.960    47.3
0.0530        -6038.531    -6044.540        6.009    47.7
0.0535        -6038.469    -6044.515        6.046    48.0
0.0540        -6038.431    -6044.488        6.057    48.1
0.0545        -6038.342    -6044.459        6.117    48.5
0.0550        -6038.265    -6044.429        6.164    48.9
0.0555        -6038.272    -6044.398        6.125    48.6
0.0560        -6038.216    -6044.364        6.149    48.8
0.0565        -6038.152    -6044.329        6.177    49.0
0.0570        -6038.105    -6044.293        6.188    49.1
0.0575        -6038.079    -6044.255        6.176    49.0
0.0580        -6038.059    -6044.216        6.157    48.9
0.0585        -6037.967    -6044.176        6.208    49.3
0.0590        -6037.906    -6044.135        6.229    49.4
0.0595        -6037.846    -6044.092        6.246    49.6
0.0600        -6037.779    -6044.047        6.269    49.7
0.0605        -6037.708    -6044.003        6.295    50.0
0.0610        -6037.651    -6043.958        6.307    50.0
0.0615        -6037.572    -6043.912        6.340    50.3
0.0620        -6037.458    -6043.864        6.407    50.8
0.0625        -6037.358    -6043.816        6.458    51.2
0.0630        -6037.303    -6043.767        6.464    51.3
0.0635        -6037.246    -6043.717        6.471    51.3
0.0640        -6037.201    -6043.666        6.465    51.3
0.0645        -6037.177    -6043.615        6.438    51.1
0.0650        -6037.127    -6043.564        6.437    51.1
0.0655        -6037.072    -6043.514        6.443    51.1
0.0660        -6037.000    -6043.465        6.466    51.3
0.0665        -6036.916    -6043.417        6.501    51.6
0.0670        -6036.857    -6043.370        6.512    51.7
0.0675        -6036.780    -6043.323        6.543    51.9
0.0680        -6036.676    -6043.278        6.602    52.4
0.0685        -6036.591    -6043.234        6.644    52.7
0.0690        -6036.523    -6043.193        6.669    52.9
0.0695        -6036.465    -6043.154        6.690    53.1
0.0700        -6036.354    -6043.117        6.763    53.7
0.0705        -6036.253    -6043.081        6.828    54.2
0.0710        -6036.168    -6043.046        6.878    54.6
0.0715        -6036.125    -6043.013        6.888    54.7
0.0720        -6036.077    -6042.983        6.906    54.8
0.0725        -6036.047    -6042.954        6.907    54.8
0.0730        -6035.979    -6042.929        6.949    55.1
0.0735        -6035.915    -6042.905        6.990    55.5
0.0740        -6035.837    -6042.884        7.047    55.9
0.0745        -6035.732    -6042.865        7.133    56.6
0.0750        -6035.726    -6042.847        7.121    56.5
0.0755        -6035.664    -6042.830        7.166    56.9
0.0760        -6035.643    -6042.815        7.171    56.9
0.0765        -6035.576    -6042.801        7.225    57.3
0.0770        -6035.488    -6042.787        7.299    57.9
0.0775        -6035.375    -6042.773        7.399    58.7
0.0780        -6035.287    -6042.757        7.470    59.3
0.0785        -6035.236    -6042.741        7.504    59.5
0.0790        -6035.132    -6042.724        7.593    60.2
0.0795        -6035.107    -6042.707        7.601    60.3
0.0800        -6035.108    -6042.690        7.582    60.2
0.0805        -6035.028    -6042.672        7.644    60.7
0.0810        -6034.969    -6042.653        7.683    61.0
0.0815        -6034.914    -6042.633        7.719    61.2
0.0820        -6034.845    -6042.612        7.767    61.6
0.0825        -6034.745    -6042.589        7.844    62.2
0.0830        -6034.711    -6042.565        7.854    62.3
0.0835        -6034.674    -6042.538        7.864    62.4
0.0840        -6034.594    -6042.509        7.915    62.8
0.0845        -6034.565    -6042.478        7.913    62.8
0.0850        -6034.500    -6042.444        7.944    63.0
0.0855        -6034.480    -6042.408        7.928    62.9
0.0860        -6034.421    -6042.369        7.948    63.1
0.0865        -6034.348    -6042.326        7.978    63.3
0.0870        -6034.276    -6042.282        8.006    63.5
0.0875        -6034.238    -6042.237        7.999    63.5
0.0880        -6034.182    -6042.189        8.007    63.5
0.0885        -6034.070    -6042.140        8.070    64.0
0.0890        -6034.028    -6042.090        8.062    64.0
0.0895        -6033.972    -6042.038        8.066    64.0
0.0900        -6033.952    -6041.985        8.033    63.7
0.0905        -6033.909    -6041.932        8.024    63.7
0.0910        -6033.856    -6041.879        8.023    63.7
0.0915        -6033.793    -6041.824        8.031    63.7
0.0920        -6033.704    -6041.769        8.065    64.0
0.0925        -6033.636    -6041.714        8.078    64.1
0.0930        -6033.567    -6041.660        8.093    64.2
0.0935        -6033.501    -6041.607        8.106    64.3
0.0940        -6033.457    -6041.554        8.097    64.2
0.0945        -6033.439    -6041.502        8.063    64.0
0.0950        -6033.350    -6041.452        8.101    64.3
0.0955        -6033.239    -6041.402        8.163    64.8
0.0960        -6033.205    -6041.354        8.149    64.7
0.0965        -6033.147    -6041.307        8.160    64.7
0.0970        -6033.072    -6041.261        8.189    65.0
0.0975        -6033.042    -6041.216        8.174    64.9
0.0980        -6032.962    -6041.173        8.211    65.2
0.0985        -6032.920    -6041.130        8.209    65.1
0.0990        -6032.856    -6041.087        8.231    65.3
0.0995        -6032.803    -6041.045        8.241    65.4
0.1000        -6032.704    -6041.005        8.301    65.9
0.1005        -6032.686    -6040.966        8.280    65.7
0.1010        -6032.636    -6040.928        8.292    65.8
0.1015        -6032.584    -6040.892        8.308    65.9
0.1020        -6032.542    -6040.856        8.315    66.0
0.1025        -6032.478    -6040.822        8.344    66.2
0.1030        -6032.385    -6040.788        8.403    66.7
0.1035        -6032.320    -6040.756        8.436    66.9
0.1040        -6032.259    -6040.724        8.465    67.2
0.1045        -6032.158    -6040.692        8.535    67.7
0.1050        -6032.112    -6040.662        8.550    67.8
0.1055        -6032.054    -6040.632        8.578    68.1
0.1060        -6031.964    -6040.601        8.637    68.5
0.1065        -6031.810    -6040.572        8.762    69.5
0.1070        -6031.741    -6040.542        8.801    69.8
0.1075        -6031.563    -6040.511        8.948    71.0
0.1080        -6031.490    -6040.480        8.990    71.3
0.1085        -6031.488    -6040.449        8.960    71.1
0.1090        -6031.436    -6040.419        8.982    71.3
0.1095        -6031.404    -6040.388        8.984    71.3
0.1100        -6031.321    -6040.357        9.036    71.7
0.1105        -6031.220    -6040.324        9.104    72.2
0.1110        -6031.131    -6040.291        9.160    72.7
0.1115        -6031.103    -6040.259        9.155    72.6
0.1120        -6031.016    -6040.226        9.210    73.1
0.1125        -6030.931    -6040.191        9.260    73.5
0.1130        -6030.888    -6040.156        9.268    73.5
0.1135        -6030.839    -6040.119        9.281    73.6
0.1140        -6030.812    -6040.082        9.269    73.5
0.1145        -6030.741    -6040.043        9.302    73.8
0.1150        -6030.692    -6040.004        9.311    73.9
0.1155        -6030.559    -6039.965        9.406    74.6
0.1160        -6030.464    -6039.925        9.461    75.1
0.1165        -6030.394    -6039.885        9.491    75.3
0.1170        -6030.308    -6039.843        9.535    75.7
0.1175        -6030.255    -6039.802        9.547    75.8
0.1180        -6030.176    -6039.760        9.584    76.0
0.1185        -6030.117    -6039.716        9.599    76.2
0.1190        -6030.108    -6039.672        9.564    75.9
0.1195        -6030.062    -6039.626        9.564    75.9
0.1200        -6029.993    -6039.578        9.585    76.1
0.1205        -6029.968    -6039.530        9.562    75.9
0.1210        -6029.962    -6039.482        9.520    75.5
0.1215        -6029.944    -6039.433        9.489    75.3
0.1220        -6029.876    -6039.386        9.510    75.5
0.1225        -6029.873    -6039.339        9.465    75.1
0.1230        -6029.805    -6039.291        9.486    75.3
0.1235        -6029.780    -6039.244        9.464    75.1
0.1240        -6029.723    -6039.196        9.473    75.2
0.1245        -6029.697    -6039.148        9.450    75.0
0.1250        -6029.619    -6039.100        9.481    75.2
0.1255        -6029.544    -6039.053        9.509    75.5
0.1260        -6029.521    -6039.008        9.487    75.3
0.1265        -6029.460    -6038.962        9.502    75.4
0.1270        -6029.379    -6038.917        9.538    75.7
0.1275        -6029.312    -6038.873        9.561    75.9
0.1280        -6029.300    -6038.831        9.530    75.6
0.1285        -6029.242    -6038.788        9.546    75.7
0.1290        -6029.141    -6038.747        9.606    76.2
0.1295        -6028.998    -6038.707        9.709    77.0
0.1300        -6028.932    -6038.669        9.737    77.3
0.1305        -6028.872    -6038.633        9.761    77.5
0.1310        -6028.802    -6038.598        9.796    77.7
0.1315        -6028.704    -6038.564        9.860    78.2
0.1320        -6028.687    -6038.530        9.843    78.1
0.1325        -6028.610    -6038.498        9.888    78.5
0.1330        -6028.531    -6038.467        9.936    78.8
0.1335        -6028.448    -6038.436        9.988    79.3
0.1340        -6028.410    -6038.407        9.997    79.3
0.1345        -6028.428    -6038.379        9.950    79.0
0.1350        -6028.338    -6038.351       10.014    79.5
0.1355        -6028.260    -6038.326       10.066    79.9
0.1360        -6028.196    -6038.303       10.108    80.2
0.1365        -6028.150    -6038.280       10.130    80.4
0.1370        -6028.160    -6038.258       10.098    80.1
0.1375        -6028.142    -6038.236       10.093    80.1
0.1380        -6028.049    -6038.214       10.166    80.7
0.1385        -6027.951    -6038.194       10.244    81.3
0.1390        -6027.939    -6038.175       10.236    81.2
0.1395        -6027.851    -6038.155       10.304    81.8
0.1400        -6027.764    -6038.136       10.372    82.3
0.1405        -6027.770    -6038.120       10.350    82.1
0.1410        -6027.691    -6038.104       10.413    82.6
0.1415        -6027.662    -6038.090       10.428    82.7
0.1420        -6027.610    -6038.077       10.468    83.1
0.1425        -6027.621    -6038.066       10.445    82.9
0.1430        -6027.552    -6038.057       10.504    83.3
0.1435        -6027.507    -6038.049       10.542    83.6
0.1440        -6027.463    -6038.041       10.578    83.9
0.1445        -6027.417    -6038.033       10.616    84.2
0.1450        -6027.340    -6038.025       10.685    84.8
0.1455        -6027.254    -6038.018       10.764    85.4
0.1460        -6027.183    -6038.013       10.831    85.9
0.1465        -6027.137    -6038.009       10.871    86.3
0.1470        -6027.110    -6038.005       10.895    86.5
0.1475        -6027.077    -6038.004       10.927    86.7
0.1480        -6027.024    -6038.004       10.981    87.1
0.1485        -6026.967    -6038.007       11.040    87.6
0.1490        -6026.939    -6038.013       11.073    87.9
0.1495        -6026.902    -6038.019       11.117    88.2
0.1500        -6026.850    -6038.027       11.177    88.7
0.1505        -6026.727    -6038.035       11.308    89.7
0.1510        -6026.672    -6038.045       11.372    90.2
0.1515        -6026.591    -6038.055       11.464    91.0
0.1520        -6026.565    -6038.066       11.501    91.3
0.1525        -6026.544    -6038.079       11.535    91.5
0.1530        -6026.503    -6038.090       11.587    91.9
0.1535        -6026.448    -6038.100       11.652    92.5
0.1540        -6026.430    -6038.109       11.679    92.7
0.1545        -6026.402    -6038.116       11.714    92.9
0.1550        -6026.366    -6038.124       11.758    93.3
0.1555        -6026.255    -6038.132       11.877    94.2
0.1560        -6026.210    -6038.137       11.927    94.6
0.1565        -6026.143    -6038.141       11.999    95.2
0.1570        -6026.169    -6038.145       11.976    95.0
0.1575        -6026.034    -6038.147       12.113    96.1
0.1580        -6025.957    -6038.147       12.190    96.7
0.1585        -6025.895    -6038.144       12.249    97.2
0.1590        -6025.904    -6038.140       12.236    97.1
0.1595        -6025.888    -6038.132       12.245    97.2
0.1600        -6025.840    -6038.122       12.282    97.5
0.1605        -6025.744    -6038.109       12.365    98.1
0.1610        -6025.693    -6038.092       12.399    98.4
0.1615        -6025.672    -6038.072       12.400    98.4
0.1620        -6025.615    -6038.049       12.434    98.7
0.1625        -6025.518    -6038.022       12.504    99.2
0.1630        -6025.483    -6037.993       12.511    99.3
0.1635        -6025.382    -6037.961       12.579    99.8
0.1640        -6025.289    -6037.925       12.637   100.3
0.1645        -6025.201    -6037.886       12.685   100.7
0.1650        -6025.131    -6037.843       12.712   100.9
0.1655        -6025.123    -6037.797       12.674   100.6
0.1660        -6025.047    -6037.748       12.701   100.8
0.1665        -6024.958    -6037.696       12.738   101.1
0.1670        -6024.845    -6037.640       12.795   101.5
0.1675        -6024.845    -6037.581       12.736   101.1
0.1680        -6024.793    -6037.518       12.725   101.0
0.1685        -6024.711    -6037.452       12.741   101.1
0.1690        -6024.702    -6037.384       12.682   100.6
0.1695        -6024.645    -6037.314       12.669   100.5
0.1700        -6024.637    -6037.245       12.608   100.0
0.1705        -6024.592    -6037.175       12.583    99.8
0.1710        -6024.599    -6037.106       12.507    99.2
0.1715        -6024.535    -6037.037       12.502    99.2
0.1720        -6024.536    -6036.972       12.436    98.7
0.1725        -6024.484    -6036.911       12.427    98.6
0.1730        -6024.409    -6036.857       12.448    98.8
0.1735        -6024.295    -6036.808       12.513    99.3
0.1740        -6024.213    -6036.764       12.551    99.6
0.1745        -6024.129    -6036.727       12.598   100.0
0.1750        -6024.066    -6036.695       12.629   100.2
0.1755        -6024.081    -6036.670       12.589    99.9
0.1760        -6024.047    -6036.654       12.607   100.0
0.1765        -6024.021    -6036.644       12.623   100.2
0.1770        -6023.949    -6036.641       12.692   100.7
0.1775        -6023.855    -6036.642       12.786   101.5
0.1780        -6023.820    -6036.647       12.827   101.8
0.1785        -6023.840    -6036.657       12.817   101.7
0.1790        -6023.797    -6036.670       12.873   102.1
0.1795        -6023.754    -6036.685       12.930   102.6
0.1800        -6023.725    -6036.700       12.975   103.0
0.1805        -6023.674    -6036.717       13.042   103.5
0.1810        -6023.620    -6036.733       13.113   104.1
0.1815        -6023.578    -6036.750       13.172   104.5
0.1820        -6023.546    -6036.764       13.218   104.9
0.1825        -6023.514    -6036.775       13.261   105.2
0.1830        -6023.501    -6036.782       13.281   105.4
0.1835        -6023.477    -6036.787       13.310   105.6
0.1840        -6023.414    -6036.790       13.376   106.1
0.1845        -6023.349    -6036.791       13.442   106.7
0.1850        -6023.299    -6036.787       13.488   107.0
0.1855        -6023.220    -6036.780       13.560   107.6
0.1860        -6023.191    -6036.770       13.580   107.7
0.1865        -6023.141    -6036.756       13.615   108.0
0.1870        -6023.092    -6036.737       13.645   108.3
0.1875        -6022.998    -6036.716       13.718   108.8
0.1880        -6022.969    -6036.693       13.724   108.9
0.1885        -6022.957    -6036.670       13.713   108.8
0.1890        -6022.986    -6036.646       13.660   108.4
0.1895        -6022.952    -6036.620       13.668   108.5
0.1900        -6022.928    -6036.592       13.664   108.4
0.1905        -6022.871    -6036.563       13.691   108.6
0.1910        -6022.819    -6036.533       13.715   108.8
0.1915        -6022.817    -6036.503       13.686   108.6
0.1920        -6022.735    -6036.471       13.736   109.0
0.1925        -6022.690    -6036.438       13.748   109.1
0.1930        -6022.660    -6036.403       13.743   109.0
0.1935        -6022.614    -6036.370       13.756   109.1
0.1940        -6022.547    -6036.336       13.790   109.4
0.1945        -6022.525    -6036.303       13.778   109.3
0.1950        -6022.478    -6036.269       13.792   109.4
0.1955        -6022.406    -6036.237       13.831   109.7
0.1960        -6022.355    -6036.204       13.849   109.9
0.1965        -6022.324    -6036.172       13.847   109.9
0.1970        -6022.255    -6036.140       13.885   110.2
0.1975        -6022.291    -6036.111       13.821   109.7
0.1980        -6022.189    -6036.082       13.893   110.2
0.1985        -6022.151    -6036.052       13.901   110.3
0.1990        -6022.141    -6036.023       13.883   110.2
0.1995        -6022.152    -6035.997       13.845   109.9
0.2000        -6022.111    -6035.974       13.863   110.0
0.2005        -6022.047    -6035.954       13.907   110.3
0.2010        -6021.975    -6035.937       13.962   110.8
0.2015        -6021.852    -6035.921       14.069   111.6
0.2020        -6021.786    -6035.907       14.121   112.0
0.2025        -6021.680    -6035.894       14.214   112.8
0.2030        -6021.686    -6035.883       14.197   112.6
0.2035        -6021.637    -6035.875       14.238   113.0
0.2040        -6021.593    -6035.869       14.276   113.3
0.2045        -6021.578    -6035.864       14.286   113.4
0.2050        -6021.537    -6035.858       14.321   113.6
0.2055        -6021.478    -6035.851       14.374   114.1
0.2060        -6021.462    -6035.843       14.382   114.1
0.2065        -6021.438    -6035.834       14.396   114.2
0.2070        -6021.371    -6035.824       14.453   114.7
0.2075        -6021.283    -6035.814       14.530   115.3
0.2080        -6021.222    -6035.803       14.581   115.7
0.2085        -6021.124    -6035.791       14.667   116.4
0.2090        -6021.069    -6035.777       14.708   116.7
0.2095        -6021.051    -6035.762       14.711   116.7
0.2100        -6020.999    -6035.746       14.747   117.0
0.2105        -6020.971    -6035.728       14.757   117.1
0.2110        -6020.887    -6035.709       14.822   117.6
0.2115        -6020.828    -6035.688       14.860   117.9
0.2120        -6020.781    -6035.666       14.885   118.1
0.2125        -6020.744    -6035.643       14.899   118.2
0.2130        -6020.675    -6035.621       14.945   118.6
0.2135        -6020.655    -6035.598       14.943   118.6
0.2140        -6020.673    -6035.576       14.903   118.3
0.2145        -6020.622    -6035.554       14.932   118.5
0.2150        -6020.560    -6035.531       14.971   118.8
0.2155        -6020.489    -6035.509       15.020   119.2
0.2160        -6020.506    -6035.487       14.981   118.9
0.2165        -6020.439    -6035.464       15.025   119.2
0.2170        -6020.420    -6035.442       15.022   119.2
0.2175        -6020.357    -6035.421       15.064   119.5
0.2180        -6020.340    -6035.401       15.061   119.5
0.2185        -6020.329    -6035.381       15.052   119.4
0.2190        -6020.256    -6035.361       15.105   119.9
0.2195        -6020.254    -6035.342       15.088   119.7
0.2200        -6020.143    -6035.324       15.181   120.5
0.2205        -6020.092    -6035.307       15.215   120.7
0.2210        -6019.989    -6035.291       15.302   121.4
0.2215        -6019.962    -6035.275       15.312   121.5
0.2220        -6019.964    -6035.260       15.296   121.4
0.2225        -6019.919    -6035.247       15.328   121.6
0.2230        -6019.831    -6035.233       15.402   122.2
0.2235        -6019.790    -6035.221       15.432   122.4
0.2240        -6019.724    -6035.209       15.485   122.9
0.2245        -6019.749    -6035.196       15.447   122.6
0.2250        -6019.738    -6035.182       15.444   122.5
0.2255        -6019.724    -6035.166       15.443   122.5
0.2260        -6019.721    -6035.150       15.429   122.4
0.2265        -6019.707    -6035.134       15.427   122.4
0.2270        -6019.601    -6035.116       15.515   123.1
0.2275        -6019.533    -6035.096       15.563   123.5
0.2280        -6019.486    -6035.076       15.590   123.7
0.2285        -6019.508    -6035.056       15.547   123.4
0.2290        -6019.454    -6035.035       15.581   123.6
0.2295        -6019.362    -6035.016       15.654   124.2
0.2300        -6019.317    -6034.999       15.682   124.4
0.2305        -6019.298    -6034.982       15.683   124.4
0.2310        -6019.287    -6034.965       15.678   124.4
0.2315        -6019.177    -6034.949       15.772   125.1
0.2320        -6019.160    -6034.934       15.774   125.2
0.2325        -6019.080    -6034.917       15.837   125.7
0.2330        -6019.073    -6034.900       15.827   125.6
0.2335        -6018.980    -6034.885       15.905   126.2
0.2340        -6019.076    -6034.869       15.794   125.3
0.2345        -6019.065    -6034.853       15.789   125.3
0.2350        -6019.079    -6034.838       15.759   125.0
0.2355        -6019.061    -6034.822       15.762   125.1
0.2360        -6019.061    -6034.807       15.746   124.9
0.2365        -6019.079    -6034.793       15.714   124.7
0.2370        -6019.034    -6034.781       15.747   124.9
0.2375        -6019.037    -6034.770       15.733   124.8
0.2380        -6019.036    -6034.760       15.723   124.8
0.2385        -6018.935    -6034.748       15.813   125.5
0.2390        -6018.829    -6034.738       15.909   126.2
0.2395        -6018.807    -6034.727       15.920   126.3
0.2400        -6018.769    -6034.716       15.947   126.5
0.2405        -6018.787    -6034.706       15.920   126.3
0.2410        -6018.742    -6034.696       15.954   126.6
0.2415        -6018.753    -6034.684       15.931   126.4
0.2420        -6018.712    -6034.673       15.962   126.7
0.2425        -6018.669    -6034.663       15.995   126.9
0.2430        -6018.630    -6034.654       16.024   127.1
0.2435        -6018.573    -6034.645       16.072   127.5
0.2440        -6018.476    -6034.634       16.158   128.2
0.2445        -6018.416    -6034.623       16.207   128.6
0.2450        -6018.394    -6034.612       16.218   128.7
0.2455        -6018.342    -6034.600       16.258   129.0
0.2460        -6018.321    -6034.587       16.266   129.1
0.2465        -6018.277    -6034.572       16.295   129.3
0.2470        -6018.238    -6034.558       16.320   129.5
0.2475        -6018.170    -6034.543       16.373   129.9
0.2480        -6018.116    -6034.528       16.412   130.2
0.2485        -6018.024    -6034.513       16.489   130.8
0.2490        -6017.933    -6034.498       16.565   131.4
0.2495        -6017.914    -6034.483       16.569   131.5
0.2500        -6017.894    -6034.467       16.573   131.5
0.2505        -6017.771    -6034.449       16.678   132.3
0.2510        -6017.749    -6034.431       16.682   132.4
0.2515        -6017.695    -6034.412       16.717   132.6
0.2520        -6017.695    -6034.392       16.698   132.5
0.2525        -6017.609    -6034.372       16.763   133.0
0.2530        -6017.505    -6034.351       16.845   133.7
0.2535        -6017.485    -6034.330       16.845   133.7
0.2540        -6017.471    -6034.309       16.838   133.6
0.2545        -6017.409    -6034.289       16.880   133.9
0.2550        -6017.424    -6034.270       16.846   133.7
0.2555        -6017.364    -6034.252       16.888   134.0
0.2560        -6017.322    -6034.234       16.912   134.2
0.2565        -6017.230    -6034.218       16.988   134.8
0.2570        -6017.156    -6034.201       17.045   135.2
0.2575        -6017.086    -6034.184       17.098   135.7
0.2580        -6017.083    -6034.168       17.085   135.6
0.2585        -6017.039    -6034.152       17.113   135.8
0.2590        -6016.924    -6034.137       17.213   136.6
0.2595        -6016.824    -6034.121       17.297   137.3
0.2600        -6016.736    -6034.105       17.369   137.8
0.2605        -6016.648    -6034.089       17.441   138.4
0.2610        -6016.591    -6034.073       17.482   138.7
0.2615        -6016.593    -6034.057       17.463   138.6
0.2620        -6016.533    -6034.037       17.504   138.9
0.2625        -6016.425    -6034.017       17.592   139.6
0.2630        -6016.420    -6033.997       17.577   139.5
0.2635        -6016.359    -6033.976       17.618   139.8
0.2640        -6016.327    -6033.954       17.627   139.9
0.2645        -6016.270    -6033.932       17.663   140.1
0.2650        -6016.261    -6033.909       17.648   140.0
0.2655        -6016.188    -6033.886       17.698   140.4
0.2660        -6016.107    -6033.863       17.757   140.9
0.2665        -6016.049    -6033.839       17.790   141.2
0.2670        -6016.029    -6033.812       17.782   141.1
0.2675        -6015.908    -6033.783       17.875   141.8
0.2680        -6015.883    -6033.753       17.870   141.8
0.2685        -6015.877    -6033.721       17.844   141.6
0.2690        -6015.901    -6033.687       17.785   141.1
0.2695        -6015.865    -6033.651       17.786   141.1
0.2700        -6015.805    -6033.616       17.811   141.3
0.2705        -6015.735    -6033.580       17.845   141.6
0.2710        -6015.737    -6033.542       17.805   141.3
0.2715        -6015.633    -6033.503       17.871   141.8
0.2720        -6015.598    -6033.462       17.864   141.7
0.2725        -6015.592    -6033.419       17.827   141.5
0.2730        -6015.545    -6033.374       17.829   141.5
0.2735        -6015.534    -6033.326       17.792   141.2
0.2740        -6015.534    -6033.277       17.743   140.8
0.2745        -6015.495    -6033.227       17.732   140.7
0.2750        -6015.470    -6033.175       17.705   140.5
0.2755        -6015.427    -6033.123       17.696   140.4
0.2760        -6015.394    -6033.069       17.675   140.2
0.2765        -6015.329    -6033.014       17.685   140.3
0.2770        -6015.241    -6032.957       17.716   140.6
0.2775        -6015.090    -6032.901       17.811   141.3
0.2780        -6015.001    -6032.845       17.844   141.6
0.2785        -6014.963    -6032.790       17.827   141.5
0.2790        -6014.857    -6032.737       17.880   141.9
0.2795        -6014.849    -6032.686       17.837   141.5
0.2800        -6014.811    -6032.636       17.826   141.4
0.2805        -6014.819    -6032.587       17.768   141.0
0.2810        -6014.830    -6032.537       17.707   140.5
0.2815        -6014.754    -6032.486       17.732   140.7
0.2820        -6014.761    -6032.436       17.675   140.2
0.2825        -6014.702    -6032.388       17.686   140.3
0.2830        -6014.634    -6032.341       17.707   140.5
0.2835        -6014.635    -6032.295       17.660   140.1
0.2840        -6014.562    -6032.251       17.689   140.4
0.2845        -6014.565    -6032.210       17.645   140.0
0.2850        -6014.515    -6032.171       17.656   140.1
0.2855        -6014.499    -6032.136       17.638   139.9
0.2860        -6014.435    -6032.103       17.668   140.2
0.2865        -6014.379    -6032.073       17.694   140.4
0.2870        -6014.309    -6032.048       17.739   140.8
0.2875        -6014.225    -6032.026       17.801   141.2
0.2880        -6014.224    -6032.007       17.782   141.1
0.2885        -6014.146    -6031.987       17.841   141.6
0.2890        -6014.050    -6031.969       17.919   142.2
0.2895        -6013.892    -6031.954       18.061   143.3
0.2900        -6013.833    -6031.941       18.108   143.7
0.2905        -6013.834    -6031.931       18.097   143.6
0.2910        -6013.847    -6031.923       18.076   143.4
0.2915        -6013.808    -6031.916       18.108   143.7
0.2920        -6013.778    -6031.912       18.133   143.9
0.2925        -6013.801    -6031.909       18.108   143.7
0.2930        -6013.747    -6031.908       18.160   144.1
0.2935        -6013.688    -6031.908       18.220   144.6
0.2940        -6013.662    -6031.908       18.246   144.8
0.2945        -6013.651    -6031.908       18.257   144.9
0.2950        -6013.656    -6031.909       18.253   144.8
0.2955        -6013.648    -6031.909       18.261   144.9
0.2960        -6013.567    -6031.908       18.341   145.5
0.2965        -6013.518    -6031.905       18.387   145.9
0.2970        -6013.562    -6031.902       18.340   145.5
0.2975        -6013.515    -6031.897       18.383   145.9
0.2980        -6013.581    -6031.893       18.312   145.3
0.2985        -6013.549    -6031.887       18.337   145.5
0.2990        -6013.489    -6031.880       18.391   145.9
0.2995        -6013.433    -6031.872       18.439   146.3
0.3000        -6013.437    -6031.863       18.425   146.2
0.3005        -6013.397    -6031.853       18.456   146.4
0.3010        -6013.303    -6031.843       18.540   147.1
0.3015        -6013.217    -6031.831       18.614   147.7
0.3020        -6013.149    -6031.816       18.667   148.1
0.3025        -6013.154    -6031.799       18.646   147.9
0.3030        -6013.142    -6031.781       18.639   147.9
0.3035        -6013.099    -6031.760       18.661   148.1
0.3040        -6013.040    -6031.737       18.696   148.3
0.3045        -6012.980    -6031.709       18.729   148.6
0.3050        -6012.991    -6031.677       18.686   148.3
0.3055        -6013.092    -6031.642       18.550   147.2
0.3060        -6012.980    -6031.606       18.626   147.8
0.3065        -6012.890    -6031.568       18.679   148.2
0.3070        -6012.845    -6031.529       18.683   148.2
0.3075        -6012.800    -6031.488       18.689   148.3
0.3080        -6012.763    -6031.444       18.681   148.2
0.3085        -6012.753    -6031.399       18.645   147.9
0.3090        -6012.686    -6031.353       18.667   148.1
0.3095        -6012.589    -6031.307       18.718   148.5
0.3100        -6012.581    -6031.259       18.678   148.2
0.3105        -6012.522    -6031.208       18.686   148.3
0.3110        -6012.487    -6031.157       18.670   148.1
0.3115        -6012.442    -6031.107       18.665   148.1
0.3120        -6012.407    -6031.059       18.652   148.0
0.3125        -6012.384    -6031.012       18.628   147.8
0.3130        -6012.306    -6030.965       18.659   148.1
0.3135        -6012.249    -6030.917       18.668   148.1
0.3140        -6012.136    -6030.868       18.732   148.6
0.3145        -6012.096    -6030.820       18.724   148.6
0.3150        -6012.043    -6030.772       18.729   148.6
0.3155        -6012.016    -6030.725       18.708   148.4
0.3160        -6012.023    -6030.677       18.654   148.0
0.3165        -6011.963    -6030.631       18.668   148.1
0.3170        -6011.918    -6030.587       18.669   148.1
0.3175        -6011.887    -6030.544       18.657   148.0
0.3180        -6011.825    -6030.503       18.677   148.2
0.3185        -6011.756    -6030.465       18.709   148.4
0.3190        -6011.721    -6030.429       18.708   148.4
0.3195        -6011.669    -6030.396       18.728   148.6
0.3200        -6011.607    -6030.366       18.760   148.9
0.3205        -6011.563    -6030.339       18.776   149.0
0.3210        -6011.461    -6030.316       18.855   149.6
0.3215        -6011.371    -6030.295       18.923   150.2
0.3220        -6011.299    -6030.276       18.977   150.6
0.3225        -6011.357    -6030.260       18.904   150.0
0.3230        -6011.294    -6030.249       18.955   150.4
0.3235        -6011.255    -6030.240       18.985   150.6
0.3240        -6011.228    -6030.232       19.004   150.8
0.3245        -6011.167    -6030.225       19.058   151.2
0.3250        -6011.169    -6030.220       19.051   151.2
0.3255        -6011.133    -6030.218       19.084   151.4
0.3260        -6011.172    -6030.219       19.046   151.1
0.3265        -6011.224    -6030.222       18.998   150.7
0.3270        -6011.225    -6030.229       19.004   150.8
0.3275        -6011.186    -6030.241       19.054   151.2
0.3280        -6011.193    -6030.255       19.061   151.2
0.3285        -6011.221    -6030.269       19.048   151.1
0.3290        -6011.177    -6030.283       19.106   151.6
0.3295        -6011.164    -6030.298       19.135   151.8
0.3300        -6011.151    -6030.312       19.161   152.0
0.3305        -6011.100    -6030.326       19.226   152.6
0.3310        -6011.086    -6030.339       19.253   152.8
0.3315        -6011.090    -6030.353       19.263   152.8
0.3320        -6011.042    -6030.364       19.322   153.3
0.3325        -6011.007    -6030.375       19.369   153.7
0.3330        -6010.892    -6030.387       19.495   154.7
0.3335        -6010.874    -6030.399       19.525   154.9
0.3340        -6010.773    -6030.409       19.636   155.8
0.3345        -6010.664    -6030.419       19.756   156.8
0.3350        -6010.650    -6030.428       19.777   156.9
0.3355        -6010.620    -6030.434       19.814   157.2
0.3360        -6010.618    -6030.442       19.824   157.3
0.3365        -6010.620    -6030.449       19.829   157.3
0.3370        -6010.566    -6030.454       19.888   157.8
0.3375        -6010.536    -6030.455       19.919   158.1
0.3380        -6010.481    -6030.454       19.972   158.5
0.3385        -6010.455    -6030.450       19.995   158.7
0.3390        -6010.390    -6030.447       20.057   159.1
0.3395        -6010.337    -6030.442       20.106   159.5
0.3400        -6010.362    -6030.436       20.074   159.3
0.3405        -6010.313    -6030.428       20.116   159.6
0.3410        -6010.271    -6030.419       20.148   159.9
0.3415        -6010.242    -6030.410       20.169   160.0
0.3420        -6010.228    -6030.400       20.172   160.1
0.3425        -6010.106    -6030.388       20.282   160.9
0.3430        -6010.036    -6030.375       20.339   161.4
0.3435        -6009.973    -6030.361       20.387   161.8
0.3440        -6009.964    -6030.345       20.382   161.7
0.3445        -6010.021    -6030.330       20.309   161.1
0.3450        -6009.992    -6030.314       20.323   161.3
0.3455        -6009.959    -6030.297       20.338   161.4
0.3460        -6009.914    -6030.280       20.367   161.6
0.3465        -6009.877    -6030.264       20.387   161.8
0.3470        -6009.854    -6030.249       20.395   161.8
0.3475        -6009.748    -6030.233       20.486   162.5
0.3480        -6009.751    -6030.218       20.467   162.4
0.3485        -6009.650    -6030.202       20.552   163.1
0.3490        -6009.644    -6030.187       20.543   163.0
0.3495        -6009.575    -6030.171       20.596   163.4
0.3500        -6009.517    -6030.155       20.638   163.8
0.3505        -6009.513    -6030.139       20.626   163.7
0.3510        -6009.601    -6030.124       20.523   162.8
0.3515        -6009.606    -6030.110       20.504   162.7
0.3520        -6009.554    -6030.097       20.543   163.0
0.3525        -6009.549    -6030.086       20.538   163.0
0.3530        -6009.440    -6030.076       20.636   163.7
0.3535        -6009.470    -6030.067       20.597   163.4
0.3540        -6009.467    -6030.059       20.592   163.4
0.3545        -6009.418    -6030.051       20.633   163.7
0.3550        -6009.453    -6030.042       20.589   163.4
0.3555        -6009.396    -6030.034       20.638   163.8
0.3560        -6009.282    -6030.028       20.746   164.6
0.3565        -6009.257    -6030.021       20.764   164.8
0.3570        -6009.207    -6030.014       20.807   165.1
0.3575        -6009.188    -6030.007       20.819   165.2
0.3580        -6009.147    -6029.998       20.851   165.4
0.3585        -6009.021    -6029.988       20.968   166.4
0.3590        -6009.020    -6029.980       20.961   166.3
0.3595        -6009.003    -6029.975       20.971   166.4
0.3600        -6008.922    -6029.971       21.049   167.0
0.3605        -6008.925    -6029.969       21.044   167.0
0.3610        -6008.868    -6029.968       21.100   167.4
0.3615        -6008.785    -6029.969       21.183   168.1
0.3620        -6008.787    -6029.969       21.182   168.1
0.3625        -6008.730    -6029.967       21.237   168.5
0.3630        -6008.704    -6029.963       21.260   168.7
0.3635        -6008.709    -6029.960       21.251   168.6
0.3640        -6008.687    -6029.957       21.270   168.8
0.3645        -6008.618    -6029.953       21.335   169.3
0.3650        -6008.590    -6029.948       21.358   169.5
0.3655        -6008.542    -6029.941       21.399   169.8
0.3660        -6008.457    -6029.933       21.476   170.4
0.3665        -6008.447    -6029.924       21.477   170.4
0.3670        -6008.505    -6029.914       21.408   169.9
0.3675        -6008.528    -6029.903       21.375   169.6
0.3680        -6008.477    -6029.890       21.413   169.9
0.3685        -6008.446    -6029.876       21.430   170.0
0.3690        -6008.387    -6029.860       21.473   170.4
0.3695        -6008.304    -6029.842       21.538   170.9
0.3700        -6008.316    -6029.824       21.508   170.7
0.3705        -6008.277    -6029.805       21.528   170.8
0.3710        -6008.233    -6029.785       21.552   171.0
0.3715        -6008.197    -6029.762       21.565   171.1
0.3720        -6008.179    -6029.739       21.560   171.1
0.3725        -6008.164    -6029.716       21.552   171.0
0.3730        -6008.120    -6029.693       21.573   171.2
0.3735        -6008.115    -6029.669       21.554   171.0
0.3740        -6007.968    -6029.645       21.677   172.0
0.3745        -6007.950    -6029.618       21.668   171.9
0.3750        -6007.973    -6029.588       21.615   171.5
0.3755        -6007.897    -6029.556       21.659   171.9
0.3760        -6007.823    -6029.523       21.700   172.2
0.3765        -6007.791    -6029.488       21.697   172.2
0.3770        -6007.838    -6029.452       21.614   171.5
0.3775        -6007.716    -6029.415       21.699   172.2
0.3780        -6007.671    -6029.378       21.708   172.2
0.3785        -6007.653    -6029.339       21.686   172.1
0.3790        -6007.628    -6029.300       21.673   172.0
0.3795        -6007.625    -6029.259       21.634   171.7
0.3800        -6007.598    -6029.216       21.617   171.5
0.3805        -6007.607    -6029.173       21.566   171.1
0.3810        -6007.592    -6029.130       21.538   170.9
0.3815        -6007.558    -6029.088       21.530   170.8
0.3820        -6007.572    -6029.046       21.474   170.4
0.3825        -6007.480    -6029.005       21.526   170.8
0.3830        -6007.433    -6028.967       21.535   170.9
0.3835        -6007.400    -6028.930       21.530   170.8
0.3840        -6007.309    -6028.894       21.584   171.3
0.3845        -6007.290    -6028.858       21.568   171.1
0.3850        -6007.305    -6028.824       21.519   170.7
0.3855        -6007.310    -6028.792       21.482   170.5
0.3860        -6007.326    -6028.762       21.436   170.1
0.3865        -6007.315    -6028.733       21.417   169.9
0.3870        -6007.257    -6028.705       21.448   170.2
0.3875        -6007.198    -6028.680       21.482   170.5
0.3880        -6007.226    -6028.656       21.430   170.0
0.3885        -6007.216    -6028.635       21.419   170.0
0.3890        -6007.147    -6028.616       21.469   170.3
0.3895        -6007.100    -6028.600       21.499   170.6
0.3900        -6007.158    -6028.585       21.427   170.0
0.3905        -6007.130    -6028.571       21.440   170.1
0.3910        -6007.033    -6028.559       21.526   170.8
0.3915        -6007.008    -6028.549       21.541   170.9
0.3920        -6006.991    -6028.540       21.549   171.0
0.3925        -6006.917    -6028.534       21.617   171.5
0.3930        -6006.825    -6028.530       21.705   172.2
0.3935        -6006.724    -6028.526       21.803   173.0
0.3940        -6006.684    -6028.525       21.840   173.3
0.3945        -6006.606    -6028.525       21.920   173.9
0.3950        -6006.592    -6028.527       21.935   174.0
0.3955        -6006.524    -6028.531       22.007   174.6
0.3960        -6006.445    -6028.535       22.090   175.3
0.3965        -6006.402    -6028.540       22.137   175.7
0.3970        -6006.274    -6028.547       22.273   176.7
0.3975        -6006.236    -6028.558       22.323   177.1
0.3980        -6006.223    -6028.572       22.349   177.3
0.3985        -6006.233    -6028.588       22.355   177.4
0.3990        -6006.104    -6028.604       22.500   178.5
0.3995        -6006.050    -6028.620       22.570   179.1
0.4000        -6005.979    -6028.634       22.655   179.8
0.4005        -6006.029    -6028.649       22.620   179.5
0.4010        -6006.003    -6028.665       22.662   179.8
0.4015        -6005.961    -6028.681       22.720   180.3
0.4020        -6005.991    -6028.697       22.706   180.2
0.4025        -6005.962    -6028.713       22.751   180.5
0.4030        -6005.945    -6028.727       22.782   180.8
0.4035        -6005.904    -6028.740       22.836   181.2
0.4040        -6005.875    -6028.751       22.876   181.5
0.4045        -6005.864    -6028.760       22.896   181.7
0.4050        -6005.813    -6028.766       22.954   182.1
0.4055        -6005.747    -6028.770       23.023   182.7
0.4060        -6005.703    -6028.772       23.069   183.0
0.4065        -6005.626    -6028.773       23.147   183.7
0.4070        -6005.638    -6028.770       23.132   183.5
0.4075        -6005.657    -6028.763       23.107   183.3
0.4080        -6005.762    -6028.755       22.993   182.4
0.4085        -6005.782    -6028.743       22.961   182.2
0.4090        -6005.670    -6028.728       23.059   183.0
0.4095        -6005.675    -6028.711       23.037   182.8
0.4100        -6005.718    -6028.692       22.975   182.3
0.4105        -6005.656    -6028.671       23.015   182.6
0.4110        -6005.604    -6028.647       23.043   182.8
0.4115        -6005.629    -6028.620       22.991   182.4
0.4120        -6005.593    -6028.589       22.996   182.5
0.4125        -6005.603    -6028.558       22.955   182.1
0.4130        -6005.651    -6028.525       22.874   181.5
0.4135        -6005.664    -6028.489       22.825   181.1
0.4140        -6005.587    -6028.452       22.865   181.4
0.4145        -6005.601    -6028.412       22.811   181.0
0.4150        -6005.554    -6028.370       22.816   181.0
0.4155        -6005.516    -6028.327       22.811   181.0
0.4160        -6005.466    -6028.285       22.819   181.1
0.4165        -6005.347    -6028.240       22.894   181.7
0.4170        -6005.366    -6028.196       22.830   181.1
0.4175        -6005.383    -6028.151       22.768   180.7
0.4180        -6005.362    -6028.107       22.745   180.5
0.4185        -6005.293    -6028.064       22.772   180.7
0.4190        -6005.328    -6028.022       22.694   180.1
0.4195        -6005.255    -6027.981       22.725   180.3
0.4200        -6005.205    -6027.939       22.734   180.4
0.4205        -6005.162    -6027.896       22.734   180.4
0.4210        -6005.192    -6027.853       22.661   179.8
0.4215        -6005.240    -6027.811       22.571   179.1
0.4220        -6005.147    -6027.770       22.622   179.5
0.4225        -6005.091    -6027.729       22.638   179.6
0.4230        -6005.002    -6027.687       22.685   180.0
0.4235        -6004.933    -6027.648       22.714   180.2
0.4240        -6004.920    -6027.608       22.688   180.0
0.4245        -6004.840    -6027.569       22.730   180.4
0.4250        -6004.718    -6027.532       22.815   181.0
0.4255        -6004.609    -6027.497       22.888   181.6
0.4260        -6004.685    -6027.462       22.777   180.7
0.4265        -6004.714    -6027.429       22.715   180.2
0.4270        -6004.694    -6027.399       22.705   180.2
0.4275        -6004.701    -6027.369       22.668   179.9
0.4280        -6004.606    -6027.341       22.735   180.4
0.4285        -6004.642    -6027.315       22.674   179.9
0.4290        -6004.632    -6027.291       22.658   179.8
0.4295        -6004.593    -6027.267       22.674   179.9
0.4300        -6004.508    -6027.243       22.734   180.4
0.4305        -6004.414    -6027.220       22.806   181.0
0.4310        -6004.491    -6027.198       22.707   180.2
0.4315        -6004.377    -6027.175       22.798   180.9
0.4320        -6004.357    -6027.152       22.795   180.9
0.4325        -6004.398    -6027.129       22.731   180.4
0.4330        -6004.314    -6027.108       22.794   180.9
0.4335        -6004.309    -6027.088       22.778   180.7
0.4340        -6004.327    -6027.066       22.739   180.4
0.4345        -6004.302    -6027.042       22.740   180.4
0.4350        -6004.238    -6027.016       22.778   180.7
0.4355        -6004.322    -6026.988       22.666   179.8
0.4360        -6004.248    -6026.957       22.709   180.2
0.4365        -6004.197    -6026.925       22.728   180.3
0.4370        -6004.213    -6026.891       22.678   179.9
0.4375        -6004.204    -6026.856       22.652   179.7
0.4380        -6004.200    -6026.819       22.619   179.5
0.4385        -6004.205    -6026.782       22.577   179.1
0.4390        -6004.260    -6026.743       22.482   178.4
0.4395        -6004.261    -6026.702       22.441   178.1
0.4400        -6004.146    -6026.663       22.517   178.7
0.4405        -6004.163    -6026.624       22.461   178.2
0.4410        -6004.209    -6026.584       22.375   177.5
0.4415        -6004.198    -6026.543       22.345   177.3
0.4420        -6004.207    -6026.502       22.294   176.9
0.4425        -6004.105    -6026.460       22.355   177.4
0.4430        -6004.151    -6026.418       22.267   176.7
0.4435        -6004.094    -6026.377       22.283   176.8
0.4440        -6004.110    -6026.337       22.226   176.4
0.4445        -6004.021    -6026.295       22.275   176.7
0.4450        -6004.033    -6026.256       22.223   176.3
0.4455        -6004.020    -6026.221       22.201   176.2
0.4460        -6004.026    -6026.187       22.161   175.8
0.4465        -6003.949    -6026.155       22.206   176.2
0.4470        -6003.837    -6026.124       22.288   176.8
0.4475        -6003.809    -6026.094       22.285   176.8
0.4480        -6003.795    -6026.065       22.270   176.7
0.4485        -6003.815    -6026.039       22.224   176.3
0.4490        -6003.762    -6026.016       22.253   176.6
0.4495        -6003.701    -6025.995       22.294   176.9
0.4500        -6003.716    -6025.979       22.263   176.6
0.4505        -6003.747    -6025.965       22.218   176.3
0.4510        -6003.707    -6025.955       22.248   176.5
0.4515        -6003.657    -6025.949       22.292   176.9
0.4520        -6003.678    -6025.946       22.268   176.7
0.4525        -6003.667    -6025.948       22.281   176.8
0.4530        -6003.590    -6025.954       22.364   177.5
0.4535        -6003.571    -6025.964       22.392   177.7
0.4540        -6003.435    -6025.978       22.543   178.9
0.4545        -6003.481    -6025.995       22.514   178.6
0.4550        -6003.466    -6026.014       22.548   178.9
0.4555        -6003.423    -6026.036       22.612   179.4
0.4560        -6003.408    -6026.060       22.652   179.7
0.4565        -6003.378    -6026.088       22.710   180.2
0.4570        -6003.374    -6026.119       22.746   180.5
0.4575        -6003.302    -6026.152       22.849   181.3
0.4580        -6003.223    -6026.184       22.961   182.2
0.4585        -6003.172    -6026.217       23.045   182.9
0.4590        -6003.248    -6026.253       23.005   182.5
0.4595        -6003.192    -6026.290       23.098   183.3
0.4600        -6003.215    -6026.329       23.114   183.4
0.4605        -6003.142    -6026.369       23.226   184.3
0.4610        -6003.073    -6026.408       23.335   185.2
0.4615        -6003.051    -6026.447       23.397   185.6
0.4620        -6002.952    -6026.487       23.535   186.7
0.4625        -6002.908    -6026.525       23.617   187.4
0.4630        -6002.841    -6026.564       23.723   188.2
0.4635        -6002.764    -6026.601       23.838   189.1
0.4640        -6002.715    -6026.636       23.921   189.8
0.4645        -6002.683    -6026.670       23.987   190.3
0.4650        -6002.653    -6026.702       24.049   190.8
0.4655        -6002.671    -6026.731       24.060   190.9
0.4660        -6002.609    -6026.755       24.147   191.6
0.4665        -6002.591    -6026.779       24.188   191.9
0.4670        -6002.536    -6026.797       24.262   192.5
0.4675        -6002.568    -6026.815       24.247   192.4
0.4680        -6002.531    -6026.831       24.300   192.8
0.4685        -6002.493    -6026.845       24.352   193.2
0.4690        -6002.477    -6026.858       24.381   193.5
0.4695        -6002.443    -6026.870       24.427   193.8
0.4700        -6002.404    -6026.879       24.475   194.2
0.4705        -6002.442    -6026.887       24.445   194.0
0.4710        -6002.375    -6026.893       24.517   194.5
0.4715        -6002.349    -6026.897       24.549   194.8
0.4720        -6002.282    -6026.900       24.618   195.3
0.4725        -6002.228    -6026.901       24.674   195.8
0.4730        -6002.296    -6026.902       24.606   195.2
0.4735        -6002.164    -6026.903       24.739   196.3
0.4740        -6002.144    -6026.900       24.756   196.4
0.4745        -6002.178    -6026.895       24.717   196.1
0.4750        -6002.230    -6026.888       24.658   195.7
0.4755        -6002.202    -6026.880       24.678   195.8
0.4760        -6002.137    -6026.870       24.733   196.2
0.4765        -6002.165    -6026.858       24.694   195.9
0.4770        -6002.179    -6026.845       24.666   195.7
0.4775        -6002.140    -6026.831       24.690   195.9
0.4780        -6002.067    -6026.816       24.749   196.4
0.4785        -6001.968    -6026.802       24.834   197.1
0.4790        -6001.912    -6026.789       24.876   197.4
0.4795        -6001.949    -6026.775       24.826   197.0
0.4800        -6001.871    -6026.758       24.888   197.5
0.4805        -6001.959    -6026.740       24.781   196.6
0.4810        -6001.938    -6026.720       24.782   196.6
0.4815        -6001.978    -6026.699       24.720   196.1
0.4820        -6001.971    -6026.677       24.706   196.0
0.4825        -6001.907    -6026.655       24.747   196.4
0.4830        -6001.929    -6026.631       24.702   196.0
0.4835        -6001.896    -6026.606       24.710   196.1
0.4840        -6001.928    -6026.582       24.654   195.6
0.4845        -6001.879    -6026.558       24.678   195.8
0.4850        -6001.866    -6026.534       24.668   195.7
0.4855        -6001.859    -6026.510       24.651   195.6
0.4860        -6001.726    -6026.486       24.760   196.5
0.4865        -6001.705    -6026.463       24.758   196.4
0.4870        -6001.609    -6026.441       24.832   197.0
0.4875        -6001.504    -6026.421       24.917   197.7
0.4880        -6001.504    -6026.401       24.897   197.6
0.4885        -6001.396    -6026.381       24.985   198.2
0.4890        -6001.365    -6026.363       24.998   198.4
0.4895        -6001.340    -6026.346       25.005   198.4
0.4900        -6001.266    -6026.327       25.061   198.9
0.4905        -6001.282    -6026.308       25.027   198.6
0.4910        -6001.256    -6026.291       25.035   198.6
0.4915        -6001.177    -6026.277       25.099   199.2
0.4920        -6001.075    -6026.262       25.186   199.8
0.4925        -6000.909    -6026.248       25.339   201.1
0.4930        -6000.793    -6026.236       25.442   201.9
0.4935        -6000.854    -6026.224       25.370   201.3
0.4940        -6000.838    -6026.212       25.373   201.3
0.4945        -6000.837    -6026.198       25.362   201.2
0.4950        -6000.874    -6026.187       25.312   200.8
0.4955        -6000.832    -6026.176       25.344   201.1
0.4960        -6000.825    -6026.167       25.342   201.1
0.4965        -6000.779    -6026.159       25.380   201.4
0.4970        -6000.744    -6026.151       25.408   201.6
0.4975        -6000.697    -6026.145       25.448   201.9
0.4980        -6000.772    -6026.139       25.367   201.3
0.4985        -6000.774    -6026.135       25.361   201.2
0.4990        -6000.726    -6026.130       25.404   201.6
0.4995        -6000.700    -6026.125       25.426   201.7
0.5000        -6000.610    -6026.118       25.508   202.4
0.5005        -6000.598    -6026.108       25.510   202.4
0.5010        -6000.644    -6026.098       25.453   202.0
0.5015        -6000.586    -6026.087       25.502   202.3
0.5020        -6000.549    -6026.076       25.528   202.6
0.5025        -6000.500    -6026.064       25.564   202.8
0.5030        -6000.506    -6026.050       25.545   202.7
0.5035        -6000.533    -6026.035       25.502   202.3
0.5040        -6000.574    -6026.018       25.444   201.9
0.5045        -6000.576    -6025.998       25.422   201.7
0.5050        -6000.588    -6025.976       25.388   201.4
0.5055        -6000.543    -6025.950       25.407   201.6
0.5060        -6000.494    -6025.924       25.430   201.8
0.5065        -6000.509    -6025.896       25.387   201.4
0.5070        -6000.527    -6025.866       25.339   201.1
0.5075        -6000.540    -6025.834       25.295   200.7
0.5080        -6000.390    -6025.801       25.411   201.6
0.5085        -6000.320    -6025.767       25.447   201.9
0.5090        -6000.336    -6025.732       25.397   201.5
0.5095        -6000.343    -6025.694       25.351   201.2
0.5100        -6000.285    -6025.655       25.370   201.3
0.5105        -6000.314    -6025.614       25.300   200.8
0.5110        -6000.290    -6025.573       25.283   200.6
0.5115        -6000.212    -6025.532       25.320   200.9
0.5120        -6000.189    -6025.491       25.301   200.8
0.5125        -6000.204    -6025.450       25.246   200.3
0.5130        -6000.189    -6025.408       25.219   200.1
0.5135        -6000.198    -6025.366       25.168   199.7
0.5140        -6000.063    -6025.325       25.262   200.4
0.5145        -6000.053    -6025.286       25.233   200.2
0.5150        -5999.980    -6025.247       25.267   200.5
0.5155        -5999.950    -6025.209       25.259   200.4
0.5160        -6000.008    -6025.171       25.163   199.7
0.5165        -6000.012    -6025.136       25.124   199.4
0.5170        -5999.917    -6025.102       25.186   199.8
0.5175        -5999.888    -6025.070       25.182   199.8
0.5180        -5999.757    -6025.036       25.279   200.6
0.5185        -5999.696    -6025.001       25.305   200.8
0.5190        -5999.610    -6024.966       25.357   201.2
0.5195        -5999.607    -6024.932       25.325   201.0
0.5200        -5999.525    -6024.899       25.374   201.3
0.5205        -5999.515    -6024.865       25.350   201.1
0.5210        -5999.505    -6024.834       25.328   201.0
0.5215        -5999.440    -6024.802       25.362   201.2
0.5220        -5999.496    -6024.771       25.275   200.5
0.5225        -5999.433    -6024.739       25.306   200.8
0.5230        -5999.353    -6024.708       25.354   201.2
0.5235        -5999.300    -6024.678       25.378   201.4
0.5240        -5999.201    -6024.649       25.448   201.9
0.5245        -5999.108    -6024.619       25.510   202.4
0.5250        -5999.038    -6024.588       25.550   202.7
0.5255        -5999.032    -6024.557       25.525   202.5
0.5260        -5998.893    -6024.526       25.633   203.4
0.5265        -5998.787    -6024.494       25.707   204.0
0.5270        -5998.828    -6024.461       25.633   203.4
0.5275        -5998.784    -6024.427       25.643   203.5
0.5280        -5998.813    -6024.393       25.580   203.0
0.5285        -5998.885    -6024.358       25.474   202.1
0.5290        -5998.960    -6024.323       25.363   201.2
0.5295        -5998.965    -6024.286       25.321   200.9
0.5300        -5998.922    -6024.248       25.326   201.0
0.5305        -5998.891    -6024.210       25.319   200.9
0.5310        -5998.815    -6024.171       25.356   201.2
0.5315        -5998.701    -6024.134       25.433   201.8
0.5320        -5998.729    -6024.099       25.370   201.3
0.5325        -5998.733    -6024.068       25.335   201.0
0.5330        -5998.727    -6024.036       25.309   200.8
0.5335        -5998.622    -6024.004       25.382   201.4
0.5340        -5998.657    -6023.974       25.317   200.9
0.5345        -5998.729    -6023.945       25.216   200.1
0.5350        -5998.714    -6023.917       25.204   200.0
0.5355        -5998.642    -6023.889       25.248   200.3
0.5360        -5998.643    -6023.860       25.217   200.1
0.5365        -5998.642    -6023.834       25.192   199.9
0.5370        -5998.606    -6023.810       25.204   200.0
0.5375        -5998.530    -6023.788       25.258   200.4
0.5380        -5998.515    -6023.765       25.250   200.4
0.5385        -5998.484    -6023.742       25.257   200.4
0.5390        -5998.445    -6023.719       25.274   200.5
0.5395        -5998.316    -6023.698       25.381   201.4
0.5400        -5998.344    -6023.679       25.335   201.0
0.5405        -5998.347    -6023.661       25.314   200.9
0.5410        -5998.326    -6023.644       25.318   200.9
0.5415        -5998.215    -6023.628       25.412   201.6
0.5420        -5998.273    -6023.614       25.341   201.1
0.5425        -5998.289    -6023.603       25.314   200.9
0.5430        -5998.252    -6023.594       25.342   201.1
0.5435        -5998.296    -6023.587       25.291   200.7
0.5440        -5998.269    -6023.580       25.311   200.8
0.5445        -5998.206    -6023.575       25.370   201.3
0.5450        -5998.031    -6023.573       25.542   202.7
0.5455        -5998.070    -6023.572       25.502   202.4
0.5460        -5998.043    -6023.572       25.529   202.6
0.5465        -5997.937    -6023.574       25.636   203.4
0.5470        -5997.897    -6023.577       25.680   203.8
0.5475        -5997.949    -6023.582       25.633   203.4
0.5480        -5997.904    -6023.586       25.682   203.8
0.5485        -5997.870    -6023.590       25.721   204.1
0.5490        -5997.878    -6023.594       25.716   204.0
0.5495        -5997.830    -6023.599       25.769   204.5
0.5500        -5997.841    -6023.605       25.764   204.4
0.5505        -5997.821    -6023.612       25.792   204.7
0.5510        -5997.705    -6023.619       25.914   205.6
0.5515        -5997.680    -6023.626       25.946   205.9
0.5520        -5997.556    -6023.632       26.076   206.9
0.5525        -5997.487    -6023.637       26.150   207.5
0.5530        -5997.474    -6023.641       26.167   207.6
0.5535        -5997.489    -6023.648       26.159   207.6
0.5540        -5997.454    -6023.656       26.201   207.9
0.5545        -5997.442    -6023.665       26.223   208.1
0.5550        -5997.387    -6023.675       26.288   208.6
0.5555        -5997.422    -6023.685       26.264   208.4
0.5560        -5997.460    -6023.694       26.234   208.2
0.5565        -5997.452    -6023.705       26.253   208.3
0.5570        -5997.450    -6023.714       26.264   208.4
0.5575        -5997.424    -6023.723       26.299   208.7
0.5580        -5997.378    -6023.732       26.355   209.1
0.5585        -5997.370    -6023.740       26.370   209.2
0.5590        -5997.247    -6023.745       26.498   210.3
0.5595        -5997.203    -6023.749       26.546   210.6
0.5600        -5997.161    -6023.752       26.591   211.0
0.5605        -5997.138    -6023.754       26.617   211.2
0.5610        -5997.081    -6023.757       26.676   211.7
0.5615        -5997.100    -6023.761       26.661   211.5
0.5620        -5997.045    -6023.763       26.719   212.0
0.5625        -5997.027    -6023.763       26.736   212.1
0.5630        -5996.985    -6023.762       26.776   212.5
0.5635        -5997.013    -6023.760       26.747   212.2
0.5640        -5996.974    -6023.757       26.784   212.5
0.5645        -5996.896    -6023.753       26.857   213.1
0.5650        -5996.856    -6023.749       26.893   213.4
0.5655        -5996.794    -6023.746       26.952   213.9
0.5660        -5996.729    -6023.744       27.015   214.4
0.5665        -5996.707    -6023.742       27.036   214.5
0.5670        -5996.660    -6023.740       27.081   214.9
0.5675        -5996.635    -6023.737       27.102   215.0
0.5680        -5996.691    -6023.733       27.042   214.6
0.5685        -5996.637    -6023.730       27.094   215.0
0.5690        -5996.622    -6023.728       27.106   215.1
0.5695        -5996.634    -6023.727       27.092   215.0
0.5700        -5996.572    -6023.726       27.154   215.5
0.5705        -5996.553    -6023.726       27.173   215.6
0.5710        -5996.465    -6023.729       27.264   216.3
0.5715        -5996.514    -6023.733       27.218   216.0
0.5720        -5996.467    -6023.738       27.271   216.4
0.5725        -5996.399    -6023.743       27.344   217.0
0.5730        -5996.356    -6023.748       27.391   217.3
0.5735        -5996.409    -6023.753       27.344   217.0
0.5740        -5996.358    -6023.759       27.400   217.4
0.5745        -5996.324    -6023.761       27.437   217.7
0.5750        -5996.302    -6023.762       27.460   217.9
0.5755        -5996.333    -6023.763       27.430   217.7
0.5760        -5996.286    -6023.765       27.479   218.0
0.5765        -5996.213    -6023.767       27.554   218.6
0.5770        -5996.216    -6023.770       27.554   218.6
0.5775        -5996.197    -6023.774       27.577   218.8
0.5780        -5996.148    -6023.779       27.630   219.2
0.5785        -5996.053    -6023.786       27.733   220.1
0.5790        -5996.076    -6023.795       27.719   219.9
0.5795        -5996.035    -6023.804       27.770   220.3
0.5800        -5995.999    -6023.815       27.815   220.7
0.5805        -5995.960    -6023.824       27.864   221.1
0.5810        -5996.012    -6023.833       27.821   220.8
0.5815        -5996.032    -6023.841       27.809   220.7
0.5820        -5996.091    -6023.849       27.758   220.3
0.5825        -5996.113    -6023.857       27.745   220.1
0.5830        -5996.091    -6023.864       27.773   220.4
0.5835        -5996.077    -6023.869       27.792   220.5
0.5840        -5995.991    -6023.873       27.881   221.2
0.5845        -5995.916    -6023.876       27.960   221.9
0.5850        -5995.965    -6023.880       27.914   221.5
0.5855        -5995.999    -6023.884       27.885   221.3
0.5860        -5995.995    -6023.889       27.894   221.3
0.5865        -5995.919    -6023.893       27.975   222.0
0.5870        -5995.928    -6023.896       27.968   221.9
0.5875        -5995.859    -6023.898       28.039   222.5
0.5880        -5995.853    -6023.899       28.046   222.5
0.5885        -5995.775    -6023.898       28.123   223.1
0.5890        -5995.769    -6023.897       28.128   223.2
0.5895        -5995.733    -6023.896       28.163   223.5
0.5900        -5995.766    -6023.895       28.129   223.2
0.5905        -5995.651    -6023.895       28.244   224.1
0.5910        -5995.717    -6023.896       28.179   223.6
0.5915        -5995.784    -6023.894       28.110   223.0
0.5920        -5995.750    -6023.892       28.142   223.3
0.5925        -5995.702    -6023.889       28.187   223.7
0.5930        -5995.790    -6023.885       28.095   222.9
0.5935        -5995.617    -6023.878       28.261   224.2
0.5940        -5995.519    -6023.872       28.354   225.0
0.5945        -5995.502    -6023.865       28.363   225.1
0.5950        -5995.467    -6023.856       28.389   225.3
0.5955        -5995.419    -6023.846       28.427   225.6
0.5960        -5995.389    -6023.834       28.445   225.7
0.5965        -5995.345    -6023.819       28.473   225.9
0.5970        -5995.340    -6023.802       28.461   225.8
0.5975        -5995.412    -6023.781       28.369   225.1
0.5980        -5995.489    -6023.757       28.268   224.3
0.5985        -5995.507    -6023.730       28.223   223.9
0.5990        -5995.566    -6023.700       28.134   223.2
0.5995        -5995.588    -6023.668       28.080   222.8
0.6000        -5995.530    -6023.633       28.103   223.0
0.6005        -5995.415    -6023.594       28.180   223.6
0.6010        -5995.302    -6023.554       28.252   224.2
0.6015        -5995.319    -6023.511       28.192   223.7
0.6020        -5995.294    -6023.465       28.171   223.5
0.6025        -5995.364    -6023.420       28.056   222.6
0.6030        -5995.339    -6023.373       28.034   222.4
0.6035        -5995.223    -6023.325       28.102   223.0
0.6040        -5995.168    -6023.278       28.110   223.0
0.6045        -5995.183    -6023.230       28.047   222.5
0.6050        -5995.266    -6023.181       27.915   221.5
0.6055        -5995.250    -6023.130       27.880   221.2
0.6060        -5995.261    -6023.080       27.819   220.7
0.6065        -5995.130    -6023.029       27.900   221.4
0.6070        -5995.053    -6022.980       27.926   221.6
0.6075        -5995.040    -6022.930       27.890   221.3
0.6080        -5995.051    -6022.879       27.828   220.8
0.6085        -5995.044    -6022.828       27.784   220.5
0.6090        -5995.071    -6022.776       27.705   219.8
0.6095        -5994.995    -6022.725       27.729   220.0
0.6100        -5995.071    -6022.673       27.603   219.0
0.6105        -5995.074    -6022.623       27.550   218.6
0.6110        -5994.970    -6022.573       27.603   219.0
0.6115        -5994.877    -6022.522       27.646   219.4
0.6120        -5994.936    -6022.473       27.537   218.5
0.6125        -5994.914    -6022.426       27.513   218.3
0.6130        -5994.878    -6022.381       27.504   218.2
0.6135        -5994.853    -6022.338       27.485   218.1
0.6140        -5994.813    -6022.299       27.486   218.1
0.6145        -5994.797    -6022.263       27.466   217.9
0.6150        -5994.881    -6022.230       27.350   217.0
0.6155        -5994.871    -6022.201       27.330   216.9
0.6160        -5994.811    -6022.175       27.364   217.1
0.6165        -5994.761    -6022.153       27.391   217.3
0.6170        -5994.758    -6022.134       27.376   217.2
0.6175        -5994.747    -6022.119       27.372   217.2
0.6180        -5994.662    -6022.109       27.447   217.8
0.6185        -5994.661    -6022.104       27.443   217.8
0.6190        -5994.512    -6022.103       27.591   218.9
0.6195        -5994.422    -6022.108       27.686   219.7
0.6200        -5994.353    -6022.117       27.764   220.3
0.6205        -5994.284    -6022.132       27.848   221.0
0.6210        -5994.212    -6022.150       27.937   221.7
0.6215        -5994.172    -6022.171       27.999   222.2
0.6220        -5994.243    -6022.198       27.955   221.8
0.6225        -5994.212    -6022.229       28.017   222.3
0.6230        -5994.195    -6022.264       28.070   222.7
0.6235        -5994.146    -6022.304       28.158   223.4
0.6240        -5994.137    -6022.348       28.210   223.8
0.6245        -5993.987    -6022.394       28.407   225.4
0.6250        -5993.898    -6022.441       28.543   226.5
0.6255        -5993.797    -6022.490       28.693   227.7
0.6260        -5993.851    -6022.539       28.688   227.6
0.6265        -5993.779    -6022.588       28.809   228.6
0.6270        -5993.664    -6022.636       28.972   229.9
0.6275        -5993.680    -6022.684       29.004   230.1
0.6280        -5993.687    -6022.729       29.043   230.4
0.6285        -5993.674    -6022.772       29.098   230.9
0.6290        -5993.582    -6022.816       29.233   232.0
0.6295        -5993.560    -6022.855       29.294   232.4
0.6300        -5993.546    -6022.891       29.344   232.8
0.6305        -5993.605    -6022.923       29.318   232.6
0.6310        -5993.577    -6022.950       29.374   233.1
0.6315        -5993.495    -6022.972       29.477   233.9
0.6320        -5993.473    -6022.989       29.516   234.2
0.6325        -5993.441    -6023.000       29.559   234.5
0.6330        -5993.354    -6023.006       29.652   235.3
0.6335        -5993.433    -6023.006       29.573   234.7
0.6340        -5993.443    -6023.001       29.558   234.5
0.6345        -5993.480    -6022.993       29.513   234.2
0.6350        -5993.525    -6022.979       29.455   233.7
0.6355        -5993.503    -6022.961       29.459   233.7
0.6360        -5993.426    -6022.939       29.513   234.2
0.6365        -5993.531    -6022.913       29.382   233.1
0.6370        -5993.609    -6022.881       29.272   232.3
0.6375        -5993.718    -6022.844       29.126   231.1
0.6380        -5993.691    -6022.801       29.110   231.0
0.6385        -5993.736    -6022.755       29.018   230.2
0.6390        -5993.564    -6022.705       29.141   231.2
0.6395        -5993.540    -6022.652       29.112   231.0
0.6400        -5993.530    -6022.594       29.064   230.6
0.6405        -5993.535    -6022.532       28.997   230.1
0.6410        -5993.623    -6022.466       28.843   228.9
0.6415        -5993.579    -6022.397       28.818   228.7
0.6420        -5993.553    -6022.328       28.774   228.3
0.6425        -5993.591    -6022.257       28.666   227.5
0.6430        -5993.558    -6022.184       28.627   227.1
0.6435        -5993.652    -6022.111       28.459   225.8
0.6440        -5993.780    -6022.037       28.257   224.2
0.6445        -5993.789    -6021.961       28.171   223.5
0.6450        -5993.808    -6021.885       28.077   222.8
0.6455        -5993.748    -6021.809       28.061   222.7
0.6460        -5993.630    -6021.732       28.103   223.0
0.6465        -5993.658    -6021.657       27.998   222.2
0.6470        -5993.696    -6021.583       27.887   221.3
0.6475        -5993.723    -6021.510       27.787   220.5
0.6480        -5993.644    -6021.441       27.797   220.6
0.6485        -5993.682    -6021.374       27.692   219.7
0.6490        -5993.655    -6021.311       27.656   219.4
0.6495        -5993.666    -6021.250       27.583   218.9
0.6500        -5993.649    -6021.192       27.543   218.5
0.6505        -5993.652    -6021.139       27.487   218.1
0.6510        -5993.637    -6021.090       27.453   217.8
0.6515        -5993.699    -6021.046       27.346   217.0
0.6520        -5993.748    -6021.006       27.257   216.3
0.6525        -5993.753    -6020.969       27.216   216.0
0.6530        -5993.673    -6020.939       27.266   216.3
0.6535        -5993.742    -6020.913       27.171   215.6
0.6540        -5993.802    -6020.891       27.090   215.0
0.6545        -5993.755    -6020.878       27.123   215.2
0.6550        -5993.774    -6020.869       27.096   215.0
0.6555        -5993.721    -6020.865       27.144   215.4
0.6560        -5993.690    -6020.866       27.176   215.6
0.6565        -5993.553    -6020.871       27.318   216.8
0.6570        -5993.459    -6020.880       27.421   217.6
0.6575        -5993.409    -6020.893       27.483   218.1
0.6580        -5993.391    -6020.909       27.518   218.4
0.6585        -5993.337    -6020.929       27.592   218.9
0.6590        -5993.311    -6020.951       27.640   219.3
0.6595        -5993.223    -6020.976       27.753   220.2
0.6600        -5993.110    -6021.002       27.892   221.3
0.6605        -5993.096    -6021.029       27.933   221.6
0.6610        -5993.135    -6021.056       27.922   221.6
0.6615        -5993.136    -6021.084       27.948   221.8
0.6620        -5993.064    -6021.110       28.046   222.5
0.6625        -5993.047    -6021.135       28.089   222.9
0.6630        -5993.039    -6021.161       28.122   223.1
0.6635        -5993.052    -6021.187       28.135   223.2
0.6640        -5992.947    -6021.214       28.267   224.3
0.6645        -5992.897    -6021.241       28.344   224.9
0.6650        -5992.817    -6021.267       28.450   225.7
0.6655        -5992.869    -6021.293       28.424   225.5
0.6660        -5992.904    -6021.319       28.416   225.5
0.6665        -5992.868    -6021.345       28.477   226.0
0.6670        -5992.880    -6021.369       28.489   226.1
0.6675        -5992.848    -6021.389       28.541   226.5
0.6680        -5992.823    -6021.406       28.583   226.8
0.6685        -5992.747    -6021.425       28.678   227.5
0.6690        -5992.724    -6021.443       28.719   227.9
0.6695        -5992.687    -6021.462       28.775   228.3
0.6700        -5992.604    -6021.478       28.874   229.1
0.6705        -5992.706    -6021.492       28.787   228.4
0.6710        -5992.794    -6021.505       28.711   227.8
0.6715        -5992.798    -6021.516       28.718   227.9
0.6720        -5992.797    -6021.527       28.730   228.0
0.6725        -5992.780    -6021.537       28.757   228.2
0.6730        -5992.674    -6021.543       28.869   229.1
0.6735        -5992.717    -6021.547       28.830   228.8
0.6740        -5992.720    -6021.546       28.826   228.7
0.6745        -5992.729    -6021.542       28.813   228.6
0.6750        -5992.682    -6021.538       28.856   229.0
0.6755        -5992.691    -6021.531       28.840   228.8
0.6760        -5992.705    -6021.525       28.820   228.7
0.6765        -5992.642    -6021.518       28.876   229.1
0.6770        -5992.708    -6021.513       28.805   228.6
0.6775        -5992.617    -6021.506       28.888   229.2
0.6780        -5992.530    -6021.498       28.968   229.9
0.6785        -5992.528    -6021.490       28.962   229.8
0.6790        -5992.516    -6021.480       28.965   229.8
0.6795        -5992.541    -6021.468       28.928   229.5
0.6800        -5992.560    -6021.456       28.896   229.3
0.6805        -5992.508    -6021.444       28.936   229.6
0.6810        -5992.431    -6021.432       29.001   230.1
0.6815        -5992.493    -6021.420       28.928   229.5
0.6820        -5992.457    -6021.411       28.954   229.7
0.6825        -5992.536    -6021.402       28.866   229.0
0.6830        -5992.561    -6021.393       28.831   228.8
0.6835        -5992.404    -6021.385       28.981   230.0
0.6840        -5992.449    -6021.377       28.928   229.5
0.6845        -5992.534    -6021.371       28.837   228.8
0.6850        -5992.527    -6021.366       28.839   228.8
0.6855        -5992.535    -6021.364       28.829   228.8
0.6860        -5992.562    -6021.363       28.800   228.5
0.6865        -5992.491    -6021.361       28.870   229.1
0.6870        -5992.538    -6021.361       28.823   228.7
0.6875        -5992.406    -6021.360       28.954   229.7
0.6880        -5992.370    -6021.361       28.991   230.0
0.6885        -5992.347    -6021.361       29.014   230.2
0.6890        -5992.322    -6021.360       29.038   230.4
0.6895        -5992.286    -6021.361       29.075   230.7
0.6900        -5992.282    -6021.363       29.080   230.7
0.6905        -5992.310    -6021.366       29.056   230.6
0.6910        -5992.239    -6021.371       29.131   231.1
0.6915        -5992.201    -6021.376       29.175   231.5
0.6920        -5992.363    -6021.382       29.020   230.3
0.6925        -5992.378    -6021.389       29.011   230.2
0.6930        -5992.297    -6021.394       29.098   230.9
0.6935        -5992.292    -6021.398       29.106   231.0
0.6940        -5992.365    -6021.403       29.039   230.4
0.6945        -5992.362    -6021.408       29.046   230.5
0.6950        -5992.323    -6021.413       29.090   230.8
0.6955        -5992.309    -6021.418       29.109   231.0
0.6960        -5992.320    -6021.424       29.104   230.9
0.6965        -5992.272    -6021.432       29.160   231.4
0.6970        -5992.202    -6021.438       29.236   232.0
0.6975        -5992.193    -6021.443       29.250   232.1
0.6980        -5992.112    -6021.450       29.338   232.8
0.6985        -5992.042    -6021.456       29.414   233.4
0.6990        -5991.977    -6021.463       29.486   234.0
0.6995        -5991.873    -6021.470       29.596   234.8
0.7000        -5991.846    -6021.474       29.627   235.1
0.7005        -5991.778    -6021.476       29.698   235.6
0.7010        -5991.757    -6021.477       29.720   235.8
0.7015        -5991.659    -6021.476       29.817   236.6
0.7020        -5991.534    -6021.472       29.939   237.6
0.7025        -5991.483    -6021.470       29.986   237.9
0.7030        -5991.399    -6021.465       30.065   238.6
0.7035        -5991.435    -6021.458       30.023   238.2
0.7040        -5991.520    -6021.448       29.929   237.5
0.7045        -5991.410    -6021.437       30.027   238.3
0.7050        -5991.257    -6021.423       30.166   239.4
0.7055        -5991.181    -6021.409       30.228   239.8
0.7060        -5991.178    -6021.394       30.216   239.8
0.7065        -5991.137    -6021.375       30.238   239.9
0.7070        -5991.223    -6021.355       30.132   239.1
0.7075        -5991.154    -6021.334       30.180   239.5
0.7080        -5991.048    -6021.312       30.264   240.1
0.7085        -5991.111    -6021.288       30.177   239.4
0.7090        -5991.097    -6021.266       30.168   239.4
0.7095        -5991.080    -6021.244       30.164   239.3
0.7100        -5991.042    -6021.223       30.180   239.5
0.7105        -5991.001    -6021.199       30.198   239.6
0.7110        -5990.949    -6021.175       30.226   239.8
0.7115        -5990.978    -6021.153       30.176   239.4
0.7120        -5990.922    -6021.131       30.209   239.7
0.7125        -5990.952    -6021.109       30.157   239.3
0.7130        -5991.002    -6021.086       30.084   238.7
0.7135        -5990.925    -6021.062       30.137   239.1
0.7140        -5990.893    -6021.037       30.145   239.2
0.7145        -5990.856    -6021.010       30.154   239.3
0.7150        -5990.871    -6020.980       30.109   238.9
0.7155        -5990.775    -6020.951       30.175   239.4
0.7160        -5990.713    -6020.922       30.209   239.7
0.7165        -5990.748    -6020.890       30.142   239.2
0.7170        -5990.698    -6020.856       30.158   239.3
0.7175        -5990.578    -6020.821       30.243   240.0
0.7180        -5990.551    -6020.784       30.233   239.9
0.7185        -5990.571    -6020.747       30.176   239.4
0.7190        -5990.624    -6020.712       30.087   238.7
0.7195        -5990.528    -6020.675       30.147   239.2
0.7200        -5990.609    -6020.639       30.030   238.3
0.7205        -5990.612    -6020.605       29.993   238.0
0.7210        -5990.769    -6020.571       29.803   236.5
0.7215        -5990.731    -6020.538       29.807   236.5
0.7220        -5990.688    -6020.504       29.816   236.6
0.7225        -5990.762    -6020.471       29.709   235.7
0.7230        -5990.847    -6020.438       29.591   234.8
0.7235        -5990.929    -6020.405       29.476   233.9
0.7240        -5990.900    -6020.372       29.472   233.9
0.7245        -5990.855    -6020.341       29.486   234.0
0.7250        -5990.809    -6020.310       29.501   234.1
0.7255        -5990.749    -6020.280       29.531   234.3
0.7260        -5990.630    -6020.251       29.621   235.0
0.7265        -5990.672    -6020.224       29.551   234.5
0.7270        -5990.621    -6020.196       29.576   234.7
0.7275        -5990.603    -6020.168       29.565   234.6
0.7280        -5990.572    -6020.143       29.570   234.6
0.7285        -5990.528    -6020.117       29.589   234.8
0.7290        -5990.533    -6020.094       29.561   234.6
0.7295        -5990.567    -6020.072       29.505   234.1
0.7300        -5990.499    -6020.054       29.556   234.5
0.7305        -5990.549    -6020.038       29.489   234.0
0.7310        -5990.563    -6020.022       29.459   233.8
0.7315        -5990.587    -6020.008       29.421   233.4
0.7320        -5990.493    -6019.995       29.502   234.1
0.7325        -5990.433    -6019.983       29.550   234.5
0.7330        -5990.429    -6019.970       29.541   234.4
0.7335        -5990.332    -6019.959       29.627   235.1
0.7340        -5990.443    -6019.950       29.507   234.1
0.7345        -5990.421    -6019.943       29.522   234.3
0.7350        -5990.482    -6019.940       29.458   233.7
0.7355        -5990.329    -6019.938       29.609   234.9
0.7360        -5990.320    -6019.939       29.619   235.0
0.7365        -5990.254    -6019.943       29.689   235.6
0.7370        -5990.322    -6019.949       29.627   235.1
0.7375        -5990.340    -6019.956       29.616   235.0
0.7380        -5990.340    -6019.964       29.624   235.1
0.7385        -5990.259    -6019.976       29.718   235.8
0.7390        -5990.139    -6019.989       29.850   236.9
0.7395        -5990.081    -6020.002       29.921   237.4
0.7400        -5990.042    -6020.014       29.973   237.8
0.7405        -5990.170    -6020.027       29.857   236.9
0.7410        -5990.216    -6020.042       29.826   236.7
0.7415        -5990.248    -6020.056       29.807   236.5
0.7420        -5990.303    -6020.071       29.768   236.2
0.7425        -5990.301    -6020.086       29.785   236.3
0.7430        -5990.223    -6020.102       29.879   237.1
0.7435        -5990.174    -6020.116       29.942   237.6
0.7440        -5990.167    -6020.129       29.962   237.7
0.7445        -5990.195    -6020.141       29.946   237.6
0.7450        -5990.207    -6020.149       29.942   237.6
0.7455        -5990.259    -6020.154       29.895   237.2
0.7460        -5990.294    -6020.156       29.862   236.9
0.7465        -5990.215    -6020.154       29.939   237.6
0.7470        -5990.126    -6020.148       30.022   238.2
0.7475        -5990.181    -6020.140       29.960   237.7
0.7480        -5990.180    -6020.130       29.950   237.6
0.7485        -5990.167    -6020.118       29.951   237.7
0.7490        -5990.133    -6020.103       29.970   237.8
0.7495        -5990.070    -6020.086       30.016   238.2
0.7500        -5990.052    -6020.065       30.013   238.1
0.7505        -5990.073    -6020.041       29.968   237.8
0.7510        -5990.113    -6020.013       29.900   237.2
0.7515        -5989.995    -6019.982       29.987   237.9
0.7520        -5989.973    -6019.948       29.975   237.8
0.7525        -5989.996    -6019.913       29.917   237.4
0.7530        -5989.997    -6019.876       29.879   237.1
0.7535        -5990.057    -6019.838       29.781   236.3
0.7540        -5990.043    -6019.801       29.758   236.1
0.7545        -5990.060    -6019.765       29.705   235.7
0.7550        -5990.082    -6019.728       29.647   235.2
0.7555        -5989.996    -6019.693       29.697   235.6
0.7560        -5989.967    -6019.661       29.694   235.6
0.7565        -5989.978    -6019.631       29.653   235.3
0.7570        -5990.005    -6019.603       29.597   234.8
0.7575        -5989.907    -6019.577       29.670   235.4
0.7580        -5989.914    -6019.555       29.641   235.2
0.7585        -5989.933    -6019.538       29.604   234.9
0.7590        -5989.881    -6019.521       29.641   235.2
0.7595        -5989.884    -6019.509       29.625   235.1
0.7600        -5989.806    -6019.501       29.695   235.6
0.7605        -5989.790    -6019.496       29.706   235.7
0.7610        -5989.721    -6019.497       29.776   236.3
0.7615        -5989.677    -6019.501       29.824   236.6
0.7620        -5989.725    -6019.507       29.782   236.3
0.7625        -5989.622    -6019.516       29.894   237.2
0.7630        -5989.590    -6019.528       29.938   237.5
0.7635        -5989.702    -6019.543       29.841   236.8
0.7640        -5989.688    -6019.564       29.875   237.1
0.7645        -5989.684    -6019.590       29.906   237.3
0.7650        -5989.595    -6019.621       30.026   238.2
0.7655        -5989.559    -6019.654       30.095   238.8
0.7660        -5989.548    -6019.691       30.143   239.2
0.7665        -5989.489    -6019.732       30.243   240.0
0.7670        -5989.490    -6019.774       30.284   240.3
0.7675        -5989.439    -6019.819       30.379   241.1
0.7680        -5989.318    -6019.868       30.550   242.4
0.7685        -5989.224    -6019.922       30.698   243.6
0.7690        -5989.211    -6019.977       30.766   244.1
0.7695        -5989.151    -6020.034       30.884   245.1
0.7700        -5989.210    -6020.093       30.883   245.0
0.7705        -5989.298    -6020.154       30.856   244.8
0.7710        -5989.242    -6020.213       30.971   245.7
0.7715        -5989.252    -6020.271       31.020   246.1
0.7720        -5989.234    -6020.330       31.095   246.7
0.7725        -5989.270    -6020.387       31.117   246.9
0.7730        -5989.227    -6020.445       31.217   247.7
0.7735        -5989.297    -6020.501       31.204   247.6
0.7740        -5989.255    -6020.556       31.302   248.4
0.7745        -5989.279    -6020.610       31.331   248.6
0.7750        -5989.269    -6020.663       31.394   249.1
0.7755        -5989.315    -6020.715       31.401   249.2
0.7760        -5989.248    -6020.765       31.517   250.1
0.7765        -5989.278    -6020.812       31.535   250.2
0.7770        -5989.173    -6020.858       31.684   251.4
0.7775        -5989.199    -6020.902       31.703   251.6
0.7780        -5989.189    -6020.944       31.755   252.0
0.7785        -5989.223    -6020.988       31.764   252.0
0.7790        -5989.275    -6021.030       31.755   252.0
0.7795        -5989.215    -6021.071       31.856   252.8
0.7800        -5989.171    -6021.112       31.941   253.4
0.7805        -5989.277    -6021.151       31.874   252.9
0.7810        -5989.258    -6021.190       31.932   253.4
0.7815        -5989.280    -6021.229       31.949   253.5
0.7820        -5989.265    -6021.266       32.001   253.9
0.7825        -5989.325    -6021.301       31.976   253.7
0.7830        -5989.342    -6021.334       31.992   253.8
0.7835        -5989.347    -6021.367       32.020   254.1
0.7840        -5989.326    -6021.401       32.074   254.5
0.7845        -5989.273    -6021.433       32.160   255.2
0.7850        -5989.278    -6021.463       32.186   255.4
0.7855        -5989.289    -6021.493       32.204   255.5
0.7860        -5989.335    -6021.522       32.187   255.4
0.7865        -5989.344    -6021.547       32.204   255.5
0.7870        -5989.360    -6021.570       32.210   255.6
0.7875        -5989.305    -6021.589       32.284   256.2
0.7880        -5989.324    -6021.606       32.282   256.2
0.7885        -5989.264    -6021.620       32.356   256.7
0.7890        -5989.177    -6021.631       32.455   257.5
0.7895        -5989.193    -6021.640       32.447   257.5
0.7900        -5989.177    -6021.647       32.470   257.6
0.7905        -5989.030    -6021.651       32.622   258.8
0.7910        -5989.019    -6021.652       32.634   258.9
0.7915        -5988.992    -6021.651       32.659   259.1
0.7920        -5988.974    -6021.647       32.674   259.3
0.7925        -5988.879    -6021.640       32.761   259.9
0.7930        -5988.826    -6021.629       32.804   260.3
0.7935        -5988.733    -6021.615       32.882   260.9
0.7940        -5988.723    -6021.596       32.873   260.8
0.7945        -5988.638    -6021.573       32.935   261.3
0.7950        -5988.631    -6021.545       32.914   261.2
0.7955        -5988.735    -6021.515       32.780   260.1
0.7960        -5988.743    -6021.481       32.739   259.8
0.7965        -5988.824    -6021.446       32.621   258.8
0.7970        -5988.761    -6021.406       32.645   259.0
0.7975        -5988.698    -6021.365       32.667   259.2
0.7980        -5988.744    -6021.320       32.577   258.5
0.7985        -5988.719    -6021.274       32.555   258.3
0.7990        -5988.728    -6021.224       32.497   257.9
0.7995        -5988.709    -6021.174       32.465   257.6
0.8000        -5988.744    -6021.122       32.378   256.9
0.8005        -5988.643    -6021.068       32.425   257.3
0.8010        -5988.706    -6021.010       32.304   256.3
0.8015        -5988.804    -6020.951       32.147   255.1
0.8020        -5988.737    -6020.890       32.153   255.1
0.8025        -5988.703    -6020.830       32.127   254.9
0.8030        -5988.645    -6020.772       32.127   254.9
0.8035        -5988.624    -6020.714       32.090   254.6
0.8040        -5988.717    -6020.658       31.942   253.4
0.8045        -5988.710    -6020.602       31.892   253.1
0.8050        -5988.715    -6020.545       31.830   252.6
0.8055        -5988.675    -6020.488       31.813   252.4
0.8060        -5988.767    -6020.431       31.664   251.2
0.8065        -5988.823    -6020.374       31.551   250.3
0.8070        -5988.840    -6020.317       31.477   249.8
0.8075        -5988.765    -6020.264       31.498   249.9
0.8080        -5988.733    -6020.211       31.479   249.8
0.8085        -5988.691    -6020.159       31.468   249.7
0.8090        -5988.669    -6020.106       31.437   249.4
0.8095        -5988.575    -6020.056       31.481   249.8
0.8100        -5988.626    -6020.006       31.380   249.0
0.8105        -5988.664    -6019.956       31.292   248.3
0.8110        -5988.574    -6019.906       31.332   248.6
0.8115        -5988.558    -6019.855       31.297   248.3
0.8120        -5988.544    -6019.807       31.263   248.1
0.8125        -5988.541    -6019.764       31.223   247.7
0.8130        -5988.514    -6019.726       31.212   247.7
0.8135        -5988.539    -6019.691       31.153   247.2
0.8140        -5988.484    -6019.658       31.173   247.4
0.8145        -5988.433    -6019.626       31.193   247.5
0.8150        -5988.344    -6019.598       31.254   248.0
0.8155        -5988.271    -6019.572       31.301   248.4
0.8160        -5988.356    -6019.548       31.192   247.5
0.8165        -5988.359    -6019.526       31.167   247.3
0.8170        -5988.436    -6019.504       31.067   246.5
0.8175        -5988.472    -6019.483       31.011   246.1
0.8180        -5988.439    -6019.464       31.026   246.2
0.8185        -5988.472    -6019.448       30.976   245.8
0.8190        -5988.565    -6019.437       30.872   245.0
0.8195        -5988.483    -6019.429       30.946   245.5
0.8200        -5988.394    -6019.423       31.029   246.2
0.8205        -5988.306    -6019.421       31.115   246.9
0.8210        -5988.284    -6019.423       31.138   247.1
0.8215        -5988.291    -6019.428       31.137   247.1
0.8220        -5988.292    -6019.435       31.143   247.1
0.8225        -5988.248    -6019.445       31.197   247.5
0.8230        -5988.188    -6019.457       31.268   248.1
0.8235        -5988.179    -6019.469       31.291   248.3
0.8240        -5988.121    -6019.483       31.362   248.8
0.8245        -5988.109    -6019.499       31.390   249.1
0.8250        -5988.162    -6019.515       31.352   248.8
0.8255        -5988.065    -6019.530       31.465   249.7
0.8260        -5988.029    -6019.546       31.517   250.1
0.8265        -5988.035    -6019.564       31.528   250.2
0.8270        -5987.956    -6019.582       31.626   250.9
0.8275        -5987.904    -6019.601       31.697   251.5
0.8280        -5987.913    -6019.619       31.706   251.6
0.8285        -5987.940    -6019.632       31.692   251.5
0.8290        -5987.979    -6019.645       31.666   251.3
0.8295        -5988.065    -6019.659       31.594   250.7
0.8300        -5987.951    -6019.673       31.722   251.7
0.8305        -5987.905    -6019.687       31.782   252.2
0.8310        -5987.880    -6019.698       31.819   252.5
0.8315        -5987.901    -6019.708       31.807   252.4
0.8320        -5987.817    -6019.717       31.900   253.1
0.8325        -5987.795    -6019.724       31.929   253.3
0.8330        -5987.755    -6019.731       31.976   253.7
0.8335        -5987.748    -6019.738       31.990   253.8
0.8340        -5987.802    -6019.745       31.943   253.5
0.8345        -5987.759    -6019.751       31.992   253.9
0.8350        -5987.749    -6019.756       32.008   254.0
0.8355        -5987.649    -6019.762       32.113   254.8
0.8360        -5987.688    -6019.767       32.078   254.5
0.8365        -5987.576    -6019.772       32.196   255.5
0.8370        -5987.583    -6019.777       32.194   255.4
0.8375        -5987.547    -6019.781       32.235   255.8
0.8380        -5987.546    -6019.786       32.239   255.8
0.8385        -5987.563    -6019.788       32.225   255.7
0.8390        -5987.548    -6019.789       32.242   255.8
0.8395        -5987.555    -6019.788       32.233   255.8
0.8400        -5987.493    -6019.785       32.293   256.2
0.8405        -5987.509    -6019.782       32.273   256.1
0.8410        -5987.474    -6019.777       32.303   256.3
0.8415        -5987.505    -6019.770       32.265   256.0
0.8420        -5987.524    -6019.761       32.236   255.8
0.8425        -5987.492    -6019.752       32.261   256.0
0.8430        -5987.525    -6019.745       32.220   255.7
0.8435        -5987.513    -6019.737       32.223   255.7
0.8440        -5987.430    -6019.727       32.297   256.3
0.8445        -5987.410    -6019.718       32.307   256.4
0.8450        -5987.451    -6019.706       32.255   255.9
0.8455        -5987.474    -6019.691       32.216   255.6
0.8460        -5987.595    -6019.672       32.077   254.5
0.8465        -5987.652    -6019.655       32.002   253.9
0.8470        -5987.642    -6019.636       31.994   253.9
0.8475        -5987.623    -6019.615       31.991   253.8
0.8480        -5987.599    -6019.592       31.993   253.9
0.8485        -5987.577    -6019.568       31.990   253.8
0.8490        -5987.565    -6019.543       31.978   253.7
0.8495        -5987.600    -6019.515       31.915   253.2
0.8500        -5987.618    -6019.487       31.869   252.9
0.8505        -5987.677    -6019.456       31.780   252.2
0.8510        -5987.611    -6019.424       31.813   252.4
0.8515        -5987.536    -6019.391       31.856   252.8
0.8520        -5987.440    -6019.356       31.916   253.2
0.8525        -5987.424    -6019.318       31.894   253.1
0.8530        -5987.428    -6019.277       31.849   252.7
0.8535        -5987.512    -6019.234       31.722   251.7
0.8540        -5987.499    -6019.189       31.690   251.4
0.8545        -5987.561    -6019.143       31.582   250.6
0.8550        -5987.543    -6019.095       31.552   250.4
0.8555        -5987.410    -6019.044       31.634   251.0
0.8560        -5987.402    -6018.990       31.588   250.6
0.8565        -5987.341    -6018.935       31.595   250.7
0.8570        -5987.310    -6018.879       31.569   250.5
0.8575        -5987.283    -6018.823       31.541   250.3
0.8580        -5987.269    -6018.770       31.501   250.0
0.8585        -5987.269    -6018.717       31.447   249.5
0.8590        -5987.276    -6018.664       31.388   249.1
0.8595        -5987.253    -6018.612       31.359   248.8
0.8600        -5987.194    -6018.560       31.366   248.9
0.8605        -5987.149    -6018.507       31.358   248.8
0.8610        -5987.246    -6018.453       31.207   247.6
0.8615        -5987.225    -6018.402       31.178   247.4
0.8620        -5987.247    -6018.355       31.108   246.8
0.8625        -5987.246    -6018.309       31.063   246.5
0.8630        -5987.228    -6018.264       31.037   246.3
0.8635        -5987.179    -6018.224       31.044   246.3
0.8640        -5987.150    -6018.186       31.036   246.3
0.8645        -5987.149    -6018.150       31.002   246.0
0.8650        -5987.087    -6018.120       31.032   246.2
0.8655        -5987.039    -6018.092       31.053   246.4
0.8660        -5986.946    -6018.069       31.123   246.9
0.8665        -5986.992    -6018.051       31.059   246.4
0.8670        -5986.971    -6018.039       31.067   246.5
0.8675        -5986.967    -6018.032       31.066   246.5
0.8680        -5986.906    -6018.030       31.124   247.0
0.8685        -5986.946    -6018.031       31.085   246.7
0.8690        -5986.815    -6018.037       31.222   247.7
0.8695        -5986.823    -6018.047       31.225   247.8
0.8700        -5986.836    -6018.065       31.229   247.8
0.8705        -5986.802    -6018.085       31.283   248.2
0.8710        -5986.706    -6018.105       31.398   249.1
0.8715        -5986.663    -6018.127       31.463   249.7
0.8720        -5986.688    -6018.150       31.462   249.6
0.8725        -5986.674    -6018.178       31.505   250.0
0.8730        -5986.689    -6018.210       31.521   250.1
0.8735        -5986.738    -6018.245       31.507   250.0
0.8740        -5986.789    -6018.281       31.492   249.9
0.8745        -5986.695    -6018.316       31.621   250.9
0.8750        -5986.673    -6018.352       31.678   251.4
0.8755        -5986.531    -6018.387       31.857   252.8
0.8760        -5986.363    -6018.423       32.060   254.4
0.8765        -5986.396    -6018.458       32.062   254.4
0.8770        -5986.339    -6018.491       32.152   255.1
0.8775        -5986.335    -6018.525       32.190   255.4
0.8780        -5986.370    -6018.559       32.189   255.4
0.8785        -5986.373    -6018.597       32.224   255.7
0.8790        -5986.277    -6018.634       32.357   256.7
0.8795        -5986.311    -6018.670       32.359   256.8
0.8800        -5986.304    -6018.707       32.404   257.1
0.8805        -5986.228    -6018.743       32.515   258.0
0.8810        -5986.153    -6018.781       32.628   258.9
0.8815        -5986.205    -6018.816       32.611   258.8
0.8820        -5986.194    -6018.851       32.656   259.1
0.8825        -5986.155    -6018.885       32.730   259.7
0.8830        -5986.312    -6018.916       32.604   258.7
0.8835        -5986.177    -6018.946       32.769   260.0
0.8840        -5986.208    -6018.974       32.767   260.0
0.8845        -5986.226    -6019.002       32.776   260.1
0.8850        -5986.217    -6019.027       32.810   260.3
0.8855        -5986.092    -6019.052       32.960   261.5
0.8860        -5986.131    -6019.075       32.944   261.4
0.8865        -5986.116    -6019.097       32.981   261.7
0.8870        -5986.084    -6019.120       33.036   262.1
0.8875        -5986.030    -6019.142       33.112   262.7
0.8880        -5986.082    -6019.163       33.081   262.5
0.8885        -5986.069    -6019.183       33.115   262.8
0.8890        -5986.044    -6019.202       33.158   263.1
0.8895        -5986.047    -6019.219       33.171   263.2
0.8900        -5986.106    -6019.232       33.126   262.8
0.8905        -5986.115    -6019.242       33.127   262.9
0.8910        -5986.050    -6019.249       33.200   263.4
0.8915        -5986.053    -6019.255       33.202   263.4
0.8920        -5985.944    -6019.259       33.314   264.3
0.8925        -5985.960    -6019.259       33.299   264.2
0.8930        -5985.913    -6019.257       33.344   264.6
0.8935        -5985.951    -6019.251       33.300   264.2
0.8940        -5985.899    -6019.241       33.342   264.6
0.8945        -5985.878    -6019.226       33.348   264.6
0.8950        -5985.825    -6019.207       33.383   264.9
0.8955        -5985.806    -6019.183       33.377   264.8
0.8960        -5985.850    -6019.151       33.301   264.2
0.8965        -5985.830    -6019.113       33.282   264.1
0.8970        -5985.819    -6019.070       33.252   263.8
0.8975        -5985.741    -6019.024       33.283   264.1
0.8980        -5985.795    -6018.975       33.181   263.3
0.8985        -5985.717    -6018.921       33.204   263.5
0.8990        -5985.603    -6018.864       33.261   263.9
0.8995        -5985.645    -6018.804       33.159   263.1
0.9000        -5985.671    -6018.739       33.068   262.4
0.9005        -5985.675    -6018.672       32.997   261.8
0.9010        -5985.729    -6018.600       32.870   260.8
0.9015        -5985.701    -6018.526       32.824   260.5
0.9020        -5985.848    -6018.450       32.603   258.7
0.9025        -5985.918    -6018.374       32.456   257.5
0.9030        -5985.970    -6018.298       32.328   256.5
0.9035        -5985.955    -6018.222       32.267   256.0
0.9040        -5986.048    -6018.149       32.101   254.7
0.9045        -5986.197    -6018.077       31.880   253.0
0.9050        -5986.173    -6018.009       31.836   252.6
0.9055        -5986.117    -6017.942       31.825   252.5
0.9060        -5986.255    -6017.880       31.626   250.9
0.9065        -5986.237    -6017.821       31.583   250.6
0.9070        -5986.162    -6017.763       31.601   250.7
0.9075        -5986.129    -6017.708       31.579   250.6
0.9080        -5986.075    -6017.660       31.585   250.6
0.9085        -5986.102    -6017.617       31.515   250.1
0.9090        -5986.130    -6017.582       31.451   249.6
0.9095        -5986.191    -6017.555       31.364   248.9
0.9100        -5986.205    -6017.532       31.328   248.6
0.9105        -5986.083    -6017.515       31.431   249.4
0.9110        -5986.153    -6017.502       31.349   248.7
0.9115        -5986.178    -6017.495       31.317   248.5
0.9120        -5986.175    -6017.494       31.319   248.5
0.9125        -5986.196    -6017.500       31.304   248.4
0.9130        -5986.166    -6017.513       31.347   248.7
0.9135        -5986.103    -6017.534       31.431   249.4
0.9140        -5986.174    -6017.561       31.387   249.0
0.9145        -5986.154    -6017.594       31.441   249.5
0.9150        -5986.152    -6017.632       31.479   249.8
0.9155        -5986.200    -6017.674       31.474   249.7
0.9160        -5986.127    -6017.717       31.589   250.7
0.9165        -5986.116    -6017.762       31.646   251.1
0.9170        -5986.154    -6017.811       31.657   251.2
0.9175        -5986.035    -6017.861       31.825   252.5
0.9180        -5986.054    -6017.909       31.855   252.8
0.9185        -5986.015    -6017.958       31.943   253.5
0.9190        -5986.009    -6018.006       31.997   253.9
0.9195        -5986.035    -6018.054       32.019   254.1
0.9200        -5986.071    -6018.101       32.030   254.2
0.9205        -5986.131    -6018.145       32.015   254.0
0.9210        -5986.122    -6018.189       32.067   254.4
0.9215        -5986.053    -6018.229       32.177   255.3
0.9220        -5985.969    -6018.267       32.298   256.3
0.9225        -5985.988    -6018.300       32.311   256.4
0.9230        -5985.941    -6018.329       32.388   257.0
0.9235        -5985.905    -6018.355       32.450   257.5
0.9240        -5985.878    -6018.377       32.499   257.9
0.9245        -5985.879    -6018.395       32.516   258.0
0.9250        -5985.896    -6018.410       32.515   258.0
0.9255        -5985.935    -6018.423       32.488   257.8
0.9260        -5986.036    -6018.434       32.398   257.1
0.9265        -5986.045    -6018.441       32.396   257.1
0.9270        -5986.069    -6018.442       32.373   256.9
0.9275        -5986.160    -6018.439       32.279   256.1
0.9280        -5986.202    -6018.436       32.234   255.8
0.9285        -5986.127    -6018.430       32.303   256.3
0.9290        -5986.033    -6018.423       32.390   257.0
0.9295        -5986.034    -6018.411       32.377   256.9
0.9300        -5985.988    -6018.395       32.408   257.1
0.9305        -5985.923    -6018.376       32.453   257.5
0.9310        -5985.969    -6018.354       32.385   257.0
0.9315        -5986.056    -6018.330       32.274   256.1
0.9320        -5986.067    -6018.303       32.237   255.8
0.9325        -5986.099    -6018.276       32.177   255.3
0.9330        -5986.152    -6018.249       32.097   254.7
0.9335        -5986.145    -6018.222       32.076   254.5
0.9340        -5986.177    -6018.194       32.017   254.0
0.9345        -5986.125    -6018.168       32.042   254.2
0.9350        -5986.144    -6018.143       32.000   253.9
0.9355        -5986.108    -6018.119       32.011   254.0
0.9360        -5986.060    -6018.095       32.035   254.2
0.9365        -5986.033    -6018.074       32.042   254.2
0.9370        -5986.049    -6018.056       32.007   254.0
0.9375        -5986.025    -6018.040       32.016   254.0
0.9380        -5985.988    -6018.026       32.039   254.2
0.9385        -5986.040    -6018.014       31.974   253.7
0.9390        -5986.048    -6018.007       31.959   253.6
0.9395        -5986.005    -6018.002       31.997   253.9
0.9400        -5986.022    -6017.999       31.976   253.7
0.9405        -5986.039    -6017.996       31.957   253.6
0.9410        -5986.061    -6017.997       31.936   253.4
0.9415        -5986.016    -6018.002       31.986   253.8
0.9420        -5986.034    -6018.011       31.976   253.7
0.9425        -5986.034    -6018.023       31.990   253.8
0.9430        -5985.979    -6018.038       32.059   254.4
0.9435        -5985.992    -6018.053       32.061   254.4
0.9440        -5985.929    -6018.070       32.141   255.0
0.9445        -5985.916    -6018.087       32.171   255.3
0.9450        -5985.977    -6018.104       32.127   254.9
0.9455        -5985.992    -6018.124       32.132   255.0
0.9460        -5986.002    -6018.145       32.144   255.1
0.9465        -5985.915    -6018.169       32.255   255.9
0.9470        -5985.949    -6018.194       32.245   255.9
0.9475        -5985.904    -6018.217       32.313   256.4
0.9480        -5985.902    -6018.239       32.337   256.6
0.9485        -5985.797    -6018.257       32.459   257.6
0.9490        -5985.828    -6018.272       32.444   257.4
0.9495        -5985.838    -6018.282       32.444   257.4
0.9500        -5985.776    -6018.288       32.512   258.0
0.9505        -5985.745    -6018.292       32.546   258.2
0.9510        -5985.737    -6018.291       32.554   258.3
0.9515        -5985.808    -6018.286       32.478   257.7
0.9520        -5985.899    -6018.276       32.377   256.9
0.9525        -5985.883    -6018.263       32.380   256.9
0.9530        -5985.937    -6018.246       32.309   256.4
0.9535        -5986.045    -6018.225       32.180   255.3
0.9540        -5985.918    -6018.202       32.283   256.2
0.9545        -5985.937    -6018.173       32.237   255.8
0.9550        -5985.907    -6018.142       32.235   255.8
0.9555        -5985.872    -6018.108       32.236   255.8
0.9560        -5985.895    -6018.074       32.179   255.3
0.9565        -5985.912    -6018.037       32.125   254.9
0.9570        -5985.928    -6017.997       32.070   254.5
0.9575        -5985.950    -6017.955       32.005   254.0
0.9580        -5985.939    -6017.908       31.970   253.7
0.9585        -5985.963    -6017.861       31.898   253.1
0.9590        -5985.980    -6017.814       31.835   252.6
0.9595        -5985.966    -6017.769       31.803   252.3
0.9600        -5985.918    -6017.724       31.806   252.4
0.9605        -5985.882    -6017.681       31.799   252.3
0.9610        -5985.831    -6017.641       31.810   252.4
0.9615        -5985.812    -6017.600       31.787   252.2
0.9620        -5985.866    -6017.559       31.694   251.5
0.9625        -5985.790    -6017.521       31.731   251.8
0.9630        -5985.764    -6017.483       31.719   251.7
0.9635        -5985.687    -6017.448       31.761   252.0
0.9640        -5985.737    -6017.415       31.678   251.4
0.9645        -5985.752    -6017.387       31.635   251.0
0.9650        -5985.770    -6017.362       31.591   250.7
0.9655        -5985.740    -6017.338       31.598   250.7
0.9660        -5985.702    -6017.317       31.614   250.9
0.9665        -5985.613    -6017.300       31.687   251.4
0.9670        -5985.626    -6017.287       31.661   251.2
0.9675        -5985.575    -6017.277       31.701   251.5
0.9680        -5985.600    -6017.269       31.669   251.3
0.9685        -5985.639    -6017.266       31.626   250.9
0.9690        -5985.687    -6017.263       31.576   250.5
0.9695        -5985.722    -6017.263       31.541   250.3
0.9700        -5985.715    -6017.267       31.551   250.4
0.9705        -5985.714    -6017.275       31.561   250.4
0.9710        -5985.696    -6017.288       31.593   250.7
0.9715        -5985.649    -6017.305       31.656   251.2
0.9720        -5985.618    -6017.325       31.707   251.6
0.9725        -5985.609    -6017.348       31.739   251.8
0.9730        -5985.537    -6017.373       31.836   252.6
0.9735        -5985.510    -6017.401       31.891   253.0
0.9740        -5985.331    -6017.432       32.101   254.7
0.9745        -5985.390    -6017.467       32.077   254.5
0.9750        -5985.359    -6017.508       32.149   255.1
0.9755        -5985.306    -6017.553       32.247   255.9
0.9760        -5985.279    -6017.602       32.323   256.5
0.9765        -5985.348    -6017.653       32.306   256.3
0.9770        -5985.272    -6017.707       32.435   257.4
0.9775        -5985.218    -6017.765       32.547   258.2
0.9780        -5985.183    -6017.826       32.642   259.0
0.9785        -5985.120    -6017.886       32.766   260.0
0.9790        -5985.123    -6017.948       32.825   260.5
0.9795        -5985.104    -6018.011       32.908   261.1
0.9800        -5985.085    -6018.075       32.991   261.8
0.9805        -5985.090    -6018.142       33.052   262.3
0.9810        -5985.102    -6018.208       33.107   262.7
0.9815        -5985.069    -6018.277       33.208   263.5
0.9820        -5984.951    -6018.343       33.393   265.0
0.9825        -5984.893    -6018.410       33.518   266.0
0.9830        -5984.905    -6018.477       33.572   266.4
0.9835        -5984.930    -6018.543       33.613   266.7
0.9840        -5984.833    -6018.607       33.774   268.0
0.9845        -5984.829    -6018.669       33.840   268.5
0.9850        -5984.887    -6018.727       33.840   268.5
0.9855        -5984.857    -6018.783       33.926   269.2
0.9860        -5984.850    -6018.837       33.987   269.7
0.9865        -5984.884    -6018.890       34.006   269.8
0.9870        -5984.872    -6018.941       34.069   270.3
0.9875        -5984.949    -6018.990       34.041   270.1
0.9880        -5984.971    -6019.035       34.064   270.3
0.9885        -5984.939    -6019.077       34.138   270.9
0.9890        -5984.918    -6019.114       34.196   271.3
0.9895        -5984.978    -6019.148       34.170   271.1
0.9900        -5985.059    -6019.179       34.120   270.7
0.9905        -5985.069    -6019.205       34.137   270.9
0.9910        -5984.936    -6019.223       34.288   272.1
0.9915        -5984.865    -6019.234       34.369   272.7
0.9920        -5984.855    -6019.240       34.385   272.8
0.9925        -5984.834    -6019.243       34.410   273.0
0.9930        -5984.852    -6019.241       34.389   272.9
0.9935        -5984.892    -6019.234       34.342   272.5
0.9940        -5984.823    -6019.222       34.399   272.9
0.9945        -5984.785    -6019.207       34.423   273.1
0.9950        -5984.678    -6019.188       34.510   273.8
0.9955        -5984.732    -6019.165       34.433   273.2
0.9960        -5984.786    -6019.139       34.352   272.6
0.9965        -5984.788    -6019.111       34.324   272.3
0.9970        -5984.747    -6019.083       34.336   272.4
0.9975        -5984.651    -6019.052       34.401   273.0
0.9980        -5984.633    -6019.019       34.387   272.9
0.9985        -5984.775    -6018.986       34.211   271.5
0.9990        -5984.666    -6018.952       34.286   272.1
0.9995        -5984.635    -6018.920       34.285   272.0
1.0000        -5984.541    -6018.887       34.345   272.5
1.0005        -5984.600    -6018.850       34.251   271.8
1.0010        -5984.548    -6018.811       34.264   271.9
1.0015        -5984.484    -6018.769       34.286   272.0
1.0020        -5984.440    -6018.727       34.287   272.1
1.0025        -5984.604    -6018.684       34.080   270.4
1.0030        -5984.548    -6018.642       34.094   270.5
1.0035        -5984.679    -6018.598       33.919   269.1
1.0040        -5984.673    -6018.555       33.882   268.8
1.0045        -5984.672    -6018.512       33.840   268.5
1.0050        -5984.718    -6018.469       33.751   267.8
1.0055        -5984.546    -6018.424       33.878   268.8
1.0060        -5984.624    -6018.381       33.757   267.8
1.0065        -5984.672    -6018.337       33.665   267.1
1.0070        -5984.690    -6018.295       33.605   266.6
1.0075        -5984.641    -6018.251       33.610   266.7
1.0080        -5984.606    -6018.208       33.602   266.6
1.0085        -5984.511    -6018.166       33.655   267.0
1.0090        -5984.568    -6018.124       33.556   266.3
1.0095        -5984.644    -6018.079       33.435   265.3
1.0100        -5984.677    -6018.033       33.356   264.7
1.0105        -5984.659    -6017.988       33.329   264.5
1.0110        -5984.677    -6017.941       33.263   263.9
1.0115        -5984.782    -6017.894       33.113   262.7
1.0120        -5984.825    -6017.849       33.024   262.0
1.0125        -5984.753    -6017.807       33.054   262.3
1.0130        -5984.673    -6017.769       33.096   262.6
1.0135        -5984.662    -6017.732       33.070   262.4
1.0140        -5984.591    -6017.697       33.106   262.7
1.0145        -5984.586    -6017.663       33.077   262.5
1.0150        -5984.507    -6017.628       33.121   262.8
1.0155        -5984.474    -6017.593       33.119   262.8
1.0160        -5984.516    -6017.559       33.043   262.2
1.0165        -5984.513    -6017.526       33.013   261.9
1.0170        -5984.513    -6017.491       32.979   261.7
1.0175        -5984.452    -6017.455       33.003   261.9
1.0180        -5984.448    -6017.419       32.970   261.6
1.0185        -5984.471    -6017.385       32.914   261.2
1.0190        -5984.471    -6017.355       32.884   260.9
1.0195        -5984.442    -6017.329       32.887   261.0
1.0200        -5984.384    -6017.305       32.921   261.2
1.0205        -5984.327    -6017.286       32.959   261.5
1.0210        -5984.297    -6017.268       32.970   261.6
1.0215        -5984.223    -6017.251       33.028   262.1
1.0220        -5984.378    -6017.234       32.856   260.7
1.0225        -5984.332    -6017.218       32.886   260.9
1.0230        -5984.414    -6017.201       32.788   260.2
1.0235        -5984.370    -6017.188       32.819   260.4
1.0240        -5984.450    -6017.176       32.726   259.7
1.0245        -5984.408    -6017.166       32.758   259.9
1.0250        -5984.376    -6017.159       32.783   260.1
1.0255        -5984.381    -6017.156       32.776   260.1
1.0260        -5984.368    -6017.158       32.790   260.2
1.0265        -5984.391    -6017.164       32.773   260.0
1.0270        -5984.538    -6017.174       32.637   259.0
1.0275        -5984.463    -6017.189       32.726   259.7
1.0280        -5984.377    -6017.205       32.828   260.5
1.0285        -5984.414    -6017.223       32.808   260.3
1.0290        -5984.304    -6017.243       32.939   261.4
1.0295        -5984.288    -6017.264       32.976   261.7
1.0300        -5984.287    -6017.285       32.998   261.8
1.0305        -5984.364    -6017.308       32.944   261.4
1.0310        -5984.442    -6017.331       32.890   261.0
1.0315        -5984.391    -6017.356       32.965   261.6
1.0320        -5984.386    -6017.378       32.992   261.8
1.0325        -5984.377    -6017.400       33.022   262.0
1.0330        -5984.369    -6017.424       33.055   262.3
1.0335        -5984.324    -6017.448       33.124   262.8
1.0340        -5984.386    -6017.474       33.089   262.5
1.0345        -5984.371    -6017.502       33.131   262.9
1.0350        -5984.467    -6017.530       33.063   262.3
1.0355        -5984.462    -6017.558       33.096   262.6
1.0360        -5984.361    -6017.583       33.222   263.6
1.0365        -5984.413    -6017.608       33.195   263.4
1.0370        -5984.421    -6017.631       33.210   263.5
1.0375        -5984.444    -6017.650       33.206   263.5
1.0380        -5984.506    -6017.665       33.159   263.1
1.0385        -5984.503    -6017.679       33.175   263.2
1.0390        -5984.379    -6017.688       33.309   264.3
1.0395        -5984.332    -6017.694       33.362   264.7
1.0400        -5984.338    -6017.694       33.356   264.7
1.0405        -5984.324    -6017.693       33.369   264.8
1.0410        -5984.264    -6017.687       33.423   265.2
1.0415        -5984.243    -6017.675       33.431   265.3
1.0420        -5984.174    -6017.658       33.484   265.7
1.0425        -5984.184    -6017.638       33.454   265.4
1.0430        -5984.238    -6017.615       33.377   264.8
1.0435        -5984.284    -6017.589       33.305   264.3
1.0440        -5984.381    -6017.563       33.182   263.3
1.0445        -5984.425    -6017.536       33.111   262.7
1.0450        -5984.474    -6017.507       33.033   262.1
1.0455        -5984.437    -6017.477       33.041   262.2
1.0460        -5984.470    -6017.446       32.975   261.6
1.0465        -5984.479    -6017.413       32.934   261.3
1.0470        -5984.435    -6017.381       32.946   261.4
1.0475        -5984.485    -6017.350       32.865   260.8
1.0480        -5984.498    -6017.321       32.822   260.4
1.0485        -5984.424    -6017.292       32.867   260.8
1.0490        -5984.398    -6017.265       32.867   260.8
1.0495        -5984.404    -6017.241       32.837   260.6
1.0500        -5984.409    -6017.220       32.811   260.3
1.0505        -5984.343    -6017.204       32.860   260.7
1.0510        -5984.337    -6017.189       32.852   260.7
1.0515        -5984.368    -6017.177       32.808   260.3
1.0520        -5984.343    -6017.168       32.825   260.5
1.0525        -5984.446    -6017.163       32.717   259.6
1.0530        -5984.411    -6017.160       32.748   259.8
1.0535        -5984.302    -6017.159       32.857   260.7
1.0540        -5984.359    -6017.162       32.802   260.3
1.0545        -5984.285    -6017.167       32.882   260.9
1.0550        -5984.218    -6017.177       32.959   261.5
1.0555        -5984.170    -6017.189       33.019   262.0
1.0560        -5984.190    -6017.202       33.012   261.9
1.0565        -5984.177    -6017.219       33.042   262.2
1.0570        -5984.147    -6017.237       33.089   262.6
1.0575        -5984.165    -6017.257       33.092   262.6
1.0580        -5984.036    -6017.279       33.243   263.8
1.0585        -5984.083    -6017.299       33.217   263.6
1.0590        -5984.143    -6017.320       33.178   263.3
1.0595        -5984.150    -6017.342       33.192   263.4
1.0600        -5984.157    -6017.364       33.208   263.5
1.0605        -5984.196    -6017.388       33.192   263.4
1.0610        -5984.194    -6017.411       33.217   263.6
1.0615        -5984.233    -6017.435       33.201   263.4
1.0620        -5984.180    -6017.458       33.278   264.1
1.0625        -5984.209    -6017.484       33.274   264.0
1.0630        -5984.166    -6017.508       33.342   264.6
1.0635        -5984.111    -6017.531       33.420   265.2
1.0640        -5984.173    -6017.551       33.378   264.8
1.0645        -5984.211    -6017.570       33.359   264.7
1.0650        -5984.139    -6017.591       33.451   265.4
1.0655        -5984.114    -6017.611       33.498   265.8
1.0660        -5984.111    -6017.632       33.521   266.0
1.0665        -5984.088    -6017.651       33.563   266.3
1.0670        -5984.087    -6017.669       33.582   266.5
1.0675        -5984.137    -6017.684       33.547   266.2
1.0680        -5984.150    -6017.696       33.546   266.2
1.0685        -5984.193    -6017.711       33.519   266.0
1.0690        -5984.279    -6017.728       33.449   265.4
1.0695        -5984.224    -6017.744       33.520   266.0
1.0700        -5984.241    -6017.762       33.521   266.0
1.0705        -5984.314    -6017.781       33.467   265.6
1.0710        -5984.326    -6017.798       33.473   265.6
1.0715        -5984.299    -6017.816       33.517   265.9
1.0720        -5984.342    -6017.831       33.489   265.7
1.0725        -5984.315    -6017.845       33.530   266.0
1.0730        -5984.190    -6017.858       33.669   267.2
1.0735        -5984.239    -6017.868       33.629   266.8
1.0740        -5984.159    -6017.877       33.717   267.5
1.0745        -5984.187    -6017.883       33.696   267.4
1.0750        -5984.165    -6017.889       33.725   267.6
1.0755        -5984.169    -6017.895       33.726   267.6
1.0760        -5984.200    -6017.897       33.697   267.4
1.0765        -5984.179    -6017.896       33.717   267.5
1.0770        -5984.183    -6017.893       33.710   267.5
1.0775        -5984.128    -6017.890       33.762   267.9
1.0780        -5984.040    -6017.884       33.844   268.5
1.0785        -5984.090    -6017.875       33.785   268.1
1.0790        -5984.147    -6017.865       33.719   267.5
1.0795        -5984.222    -6017.857       33.636   266.9
1.0800        -5984.240    -6017.846       33.605   266.6
1.0805        -5984.085    -6017.834       33.749   267.8
1.0810        -5984.059    -6017.821       33.763   267.9
1.0815        -5984.186    -6017.809       33.622   266.8
1.0820        -5984.224    -6017.797       33.573   266.4
1.0825        -5984.176    -6017.788       33.612   266.7
1.0830        -5984.243    -6017.781       33.539   266.1
1.0835        -5984.217    -6017.776       33.559   266.3
1.0840        -5984.170    -6017.769       33.599   266.6
1.0845        -5984.166    -6017.763       33.596   266.6
1.0850        -5984.118    -6017.757       33.638   266.9
1.0855        -5984.069    -6017.752       33.684   267.3
1.0860        -5984.057    -6017.749       33.692   267.3
1.0865        -5983.994    -6017.747       33.753   267.8
1.0870        -5983.919    -6017.747       33.828   268.4
1.0875        -5983.962    -6017.747       33.786   268.1
1.0880        -5983.893    -6017.749       33.857   268.6
1.0885        -5983.885    -6017.754       33.869   268.7
1.0890        -5983.932    -6017.760       33.828   268.4
1.0895        -5984.020    -6017.768       33.748   267.8
1.0900        -5984.013    -6017.778       33.765   267.9
1.0905        -5983.993    -6017.790       33.797   268.2
1.0910        -5984.065    -6017.806       33.741   267.7
1.0915        -5984.082    -6017.821       33.739   267.7
1.0920        -5983.973    -6017.836       33.863   268.7
1.0925        -5983.986    -6017.852       33.866   268.7
1.0930        -5983.989    -6017.869       33.880   268.8
1.0935        -5984.012    -6017.887       33.875   268.8
1.0940        -5984.002    -6017.904       33.902   269.0
1.0945        -5984.001    -6017.922       33.921   269.2
1.0950        -5983.961    -6017.938       33.978   269.6
1.0955        -5983.974    -6017.953       33.978   269.6
1.0960        -5983.936    -6017.965       34.029   270.0
1.0965        -5983.932    -6017.975       34.043   270.1
1.0970        -5984.033    -6017.982       33.949   269.4
1.0975        -5984.088    -6017.984       33.896   269.0
1.0980        -5984.077    -6017.985       33.908   269.0
1.0985        -5984.198    -6017.983       33.785   268.1
1.0990        -5984.168    -6017.978       33.810   268.3
1.0995        -5984.027    -6017.969       33.942   269.3
1.1000        -5983.934    -6017.960       34.026   270.0
1.1005        -5983.917    -6017.948       34.031   270.0
1.1010        -5983.910    -6017.932       34.022   270.0
1.1015        -5983.810    -6017.911       34.101   270.6
1.1020        -5983.811    -6017.886       34.075   270.4
1.1025        -5983.753    -6017.857       34.105   270.6
1.1030        -5983.775    -6017.825       34.049   270.2
1.1035        -5983.772    -6017.790       34.018   269.9
1.1040        -5983.715    -6017.752       34.037   270.1
1.1045        -5983.805    -6017.711       33.905   269.0
1.1050        -5983.809    -6017.667       33.858   268.7
1.1055        -5983.804    -6017.622       33.817   268.3
1.1060        -5983.754    -6017.574       33.820   268.4
1.1065        -5983.708    -6017.524       33.815   268.3
1.1070        -5983.753    -6017.471       33.717   267.5
1.1075        -5983.789    -6017.414       33.625   266.8
1.1080        -5983.823    -6017.355       33.533   266.1
1.1085        -5983.767    -6017.295       33.527   266.0
1.1090        -5983.747    -6017.233       33.485   265.7
1.1095        -5983.658    -6017.167       33.509   265.9
1.1100        -5983.698    -6017.101       33.403   265.0
1.1105        -5983.637    -6017.035       33.398   265.0
1.1110        -5983.662    -6016.972       33.310   264.3
1.1115        -5983.672    -6016.910       33.238   263.7
1.1120        -5983.691    -6016.849       33.159   263.1
1.1125        -5983.615    -6016.789       33.175   263.2
1.1130        -5983.506    -6016.729       33.224   263.6
1.1135        -5983.460    -6016.671       33.212   263.5
1.1140        -5983.435    -6016.615       33.181   263.3
1.1145        -5983.529    -6016.564       33.035   262.1
1.1150        -5983.484    -6016.515       33.031   262.1
1.1155        -5983.580    -6016.470       32.890   261.0
1.1160        -5983.488    -6016.427       32.939   261.4
1.1165        -5983.428    -6016.390       32.962   261.5
1.1170        -5983.424    -6016.357       32.932   261.3
1.1175        -5983.473    -6016.329       32.856   260.7
1.1180        -5983.525    -6016.307       32.781   260.1
1.1185        -5983.469    -6016.288       32.819   260.4
1.1190        -5983.359    -6016.271       32.912   261.1
1.1195        -5983.315    -6016.257       32.942   261.4
1.1200        -5983.355    -6016.246       32.891   261.0
1.1205        -5983.330    -6016.239       32.909   261.1
1.1210        -5983.369    -6016.235       32.866   260.8
1.1215        -5983.345    -6016.233       32.888   261.0
1.1220        -5983.436    -6016.234       32.798   260.2
1.1225        -5983.507    -6016.237       32.731   259.7
1.1230        -5983.529    -6016.241       32.711   259.6
1.1235        -5983.557    -6016.244       32.687   259.4
1.1240        -5983.581    -6016.249       32.668   259.2
1.1245        -5983.635    -6016.254       32.618   258.8
1.1250        -5983.541    -6016.258       32.717   259.6
1.1255        -5983.545    -6016.263       32.718   259.6
1.1260        -5983.542    -6016.270       32.728   259.7
1.1265        -5983.491    -6016.277       32.786   260.1
1.1270        -5983.466    -6016.284       32.818   260.4
1.1275        -5983.487    -6016.293       32.806   260.3
1.1280        -5983.473    -6016.302       32.829   260.5
1.1285        -5983.463    -6016.311       32.848   260.6
1.1290        -5983.406    -6016.319       32.913   261.2
1.1295        -5983.372    -6016.330       32.957   261.5
1.1300        -5983.369    -6016.338       32.969   261.6
1.1305        -5983.468    -6016.346       32.878   260.9
1.1310        -5983.563    -6016.352       32.790   260.2
1.1315        -5983.449    -6016.356       32.907   261.1
1.1320        -5983.407    -6016.356       32.949   261.4
1.1325        -5983.473    -6016.354       32.882   260.9
1.1330        -5983.453    -6016.354       32.900   261.1
1.1335        -5983.426    -6016.353       32.927   261.3
1.1340        -5983.446    -6016.351       32.905   261.1
1.1345        -5983.341    -6016.349       33.008   261.9
1.1350        -5983.291    -6016.345       33.055   262.3
1.1355        -5983.215    -6016.340       33.125   262.8
1.1360        -5983.281    -6016.337       33.055   262.3
1.1365        -5983.261    -6016.334       33.073   262.4
1.1370        -5983.243    -6016.334       33.092   262.6
1.1375        -5983.339    -6016.335       32.995   261.8
1.1380        -5983.336    -6016.336       33.000   261.8
1.1385        -5983.358    -6016.338       32.980   261.7
1.1390        -5983.426    -6016.341       32.916   261.2
1.1395        -5983.461    -6016.346       32.884   260.9
1.1400        -5983.569    -6016.352       32.783   260.1
1.1405        -5983.650    -6016.361       32.710   259.5
1.1410        -5983.637    -6016.370       32.732   259.7
1.1415        -5983.568    -6016.379       32.811   260.3
1.1420        -5983.579    -6016.389       32.809   260.3
1.1425        -5983.602    -6016.399       32.797   260.2
1.1430        -5983.673    -6016.412       32.739   259.8
1.1435        -5983.631    -6016.427       32.796   260.2
1.1440        -5983.576    -6016.443       32.867   260.8
1.1445        -5983.548    -6016.459       32.910   261.1
1.1450        -5983.503    -6016.477       32.974   261.6
1.1455        -5983.526    -6016.498       32.972   261.6
1.1460        -5983.608    -6016.523       32.915   261.2
1.1465        -5983.608    -6016.550       32.943   261.4
1.1470        -5983.602    -6016.580       32.978   261.7
1.1475        -5983.555    -6016.612       33.057   262.3
1.1480        -5983.611    -6016.646       33.035   262.1
1.1485        -5983.622    -6016.680       33.058   262.3
1.1490        -5983.657    -6016.714       33.057   262.3
1.1495        -5983.654    -6016.750       33.095   262.6
1.1500        -5983.665    -6016.785       33.120   262.8
1.1505        -5983.548    -6016.821       33.273   264.0
1.1510        -5983.611    -6016.855       33.244   263.8
1.1515        -5983.574    -6016.889       33.314   264.3
1.1520        -5983.672    -6016.923       33.251   263.8
1.1525        -5983.554    -6016.957       33.403   265.0
1.1530        -5983.461    -6016.990       33.530   266.0
1.1535        -5983.463    -6017.025       33.562   266.3
1.1540        -5983.524    -6017.059       33.535   266.1
1.1545        -5983.447    -6017.093       33.646   267.0
1.1550        -5983.437    -6017.126       33.690   267.3
1.1555        -5983.446    -6017.159       33.713   267.5
1.1560        -5983.444    -6017.192       33.748   267.8
1.1565        -5983.498    -6017.221       33.723   267.6
1.1570        -5983.533    -6017.247       33.714   267.5
1.1575        -5983.496    -6017.271       33.776   268.0
1.1580        -5983.546    -6017.296       33.749   267.8
1.1585        -5983.515    -6017.318       33.802   268.2
1.1590        -5983.514    -6017.337       33.824   268.4
1.1595        -5983.551    -6017.355       33.804   268.2
1.1600        -5983.512    -6017.371       33.860   268.7
1.1605        -5983.489    -6017.387       33.898   269.0
1.1610        -5983.449    -6017.399       33.950   269.4
1.1615        -5983.359    -6017.408       34.049   270.2
1.1620        -5983.533    -6017.413       33.880   268.8
1.1625        -5983.515    -6017.415       33.900   269.0
1.1630        -5983.602    -6017.417       33.815   268.3
1.1635        -5983.602    -6017.416       33.814   268.3
1.1640        -5983.702    -6017.413       33.711   267.5
1.1645        -5983.699    -6017.408       33.709   267.5
1.1650        -5983.609    -6017.402       33.794   268.1
1.1655        -5983.559    -6017.394       33.835   268.5
1.1660        -5983.615    -6017.385       33.770   268.0
1.1665        -5983.641    -6017.374       33.733   267.7
1.1670        -5983.534    -6017.360       33.826   268.4
1.1675        -5983.556    -6017.346       33.790   268.1
1.1680        -5983.497    -6017.331       33.833   268.5
1.1685        -5983.496    -6017.314       33.818   268.3
1.1690        -5983.441    -6017.294       33.853   268.6
1.1695        -5983.469    -6017.272       33.804   268.2
1.1700        -5983.491    -6017.249       33.759   267.9
1.1705        -5983.437    -6017.227       33.791   268.1
1.1710        -5983.392    -6017.207       33.815   268.3
1.1715        -5983.395    -6017.186       33.791   268.1
1.1720        -5983.355    -6017.167       33.812   268.3
1.1725        -5983.359    -6017.150       33.791   268.1
1.1730        -5983.263    -6017.133       33.870   268.8
1.1735        -5983.285    -6017.117       33.833   268.5
1.1740        -5983.313    -6017.104       33.792   268.1
1.1745        -5983.315    -6017.092       33.778   268.0
1.1750        -5983.256    -6017.081       33.826   268.4
1.1755        -5983.302    -6017.070       33.768   267.9
1.1760        -5983.327    -6017.058       33.730   267.6
1.1765        -5983.494    -6017.047       33.553   266.2
1.1770        -5983.464    -6017.038       33.574   266.4
1.1775        -5983.459    -6017.030       33.572   266.4
1.1780        -5983.341    -6017.026       33.684   267.3
1.1785        -5983.226    -6017.024       33.797   268.2
1.1790        -5983.220    -6017.024       33.804   268.2
1.1795        -5983.217    -6017.025       33.809   268.3
1.1800        -5983.299    -6017.029       33.730   267.6
1.1805        -5983.229    -6017.036       33.806   268.2
1.1810        -5983.192    -6017.043       33.851   268.6
1.1815        -5983.224    -6017.051       33.826   268.4
1.1820        -5983.143    -6017.060       33.917   269.1
1.1825        -5982.998    -6017.073       34.075   270.4
1.1830        -5982.970    -6017.088       34.118   270.7
1.1835        -5983.012    -6017.105       34.093   270.5
1.1840        -5983.053    -6017.126       34.073   270.4
1.1845        -5983.106    -6017.147       34.041   270.1
1.1850        -5983.076    -6017.169       34.094   270.5
1.1855        -5983.035    -6017.195       34.160   271.1
1.1860        -5982.997    -6017.222       34.224   271.6
1.1865        -5983.051    -6017.248       34.197   271.3
1.1870        -5982.974    -6017.276       34.302   272.2
1.1875        -5982.939    -6017.303       34.364   272.7
1.1880        -5982.920    -6017.332       34.412   273.1
1.1885        -5982.938    -6017.362       34.425   273.2
1.1890        -5983.008    -6017.393       34.385   272.8
1.1895        -5982.911    -6017.423       34.512   273.8
1.1900        -5982.839    -6017.453       34.615   274.7
1.1905        -5982.842    -6017.484       34.643   274.9
1.1910        -5982.871    -6017.516       34.645   274.9
1.1915        -5982.959    -6017.547       34.588   274.4
1.1920        -5982.982    -6017.576       34.595   274.5
1.1925        -5982.847    -6017.605       34.758   275.8
1.1930        -5982.940    -6017.631       34.691   275.3
1.1935        -5982.932    -6017.655       34.722   275.5
1.1940        -5983.027    -6017.677       34.651   274.9
1.1945        -5983.113    -6017.698       34.586   274.4
1.1950        -5983.063    -6017.717       34.654   275.0
1.1955        -5983.055    -6017.732       34.676   275.1
1.1960        -5983.148    -6017.743       34.595   274.5
1.1965        -5983.085    -6017.752       34.667   275.1
1.1970        -5983.055    -6017.758       34.703   275.4
1.1975        -5983.008    -6017.761       34.753   275.8
1.1980        -5982.960    -6017.760       34.800   276.1
1.1985        -5983.041    -6017.755       34.714   275.4
1.1990        -5982.971    -6017.745       34.774   275.9
1.1995        -5983.011    -6017.731       34.720   275.5
1.2000        -5982.929    -6017.715       34.785   276.0
1.2005        -5983.002    -6017.695       34.692   275.3
1.2010        -5982.980    -6017.671       34.691   275.3
1.2015        -5982.997    -6017.642       34.644   274.9
1.2020        -5982.972    -6017.607       34.636   274.8
1.2025        -5983.002    -6017.568       34.566   274.3
1.2030        -5982.993    -6017.525       34.532   274.0
1.2035        -5982.971    -6017.476       34.506   273.8
1.2040        -5982.905    -6017.424       34.519   273.9
1.2045        -5982.880    -6017.367       34.487   273.6
1.2050        -5982.969    -6017.303       34.335   272.4
1.2055        -5982.955    -6017.236       34.280   272.0
1.2060        -5983.077    -6017.164       34.087   270.5
1.2065        -5983.053    -6017.090       34.037   270.1
1.2070        -5983.166    -6017.015       33.849   268.6
1.2075        -5983.172    -6016.940       33.768   267.9
1.2080        -5983.226    -6016.865       33.639   266.9
1.2085        -5983.204    -6016.789       33.585   266.5
1.2090        -5983.203    -6016.715       33.512   265.9
1.2095        -5983.083    -6016.642       33.559   266.3
1.2100        -5982.955    -6016.569       33.614   266.7
1.2105        -5982.972    -6016.498       33.526   266.0
1.2110        -5983.016    -6016.432       33.416   265.1
1.2115        -5982.921    -6016.372       33.451   265.4
1.2120        -5982.966    -6016.318       33.352   264.6
1.2125        -5982.923    -6016.269       33.346   264.6
1.2130        -5982.939    -6016.225       33.286   264.1
1.2135        -5982.955    -6016.186       33.231   263.7
1.2140        -5982.973    -6016.152       33.180   263.3
1.2145        -5982.861    -6016.126       33.266   264.0
1.2150        -5982.781    -6016.107       33.326   264.4
1.2155        -5982.798    -6016.093       33.295   264.2
1.2160        -5982.792    -6016.087       33.295   264.2
1.2165        -5982.699    -6016.089       33.390   264.9
1.2170        -5982.594    -6016.096       33.502   265.8
1.2175        -5982.588    -6016.109       33.521   266.0
1.2180        -5982.611    -6016.129       33.518   266.0
1.2185        -5982.578    -6016.157       33.579   266.4
1.2190        -5982.605    -6016.190       33.584   266.5
1.2195        -5982.588    -6016.227       33.639   266.9
1.2200        -5982.541    -6016.265       33.725   267.6
1.2205        -5982.484    -6016.305       33.821   268.4
1.2210        -5982.534    -6016.348       33.814   268.3
1.2215        -5982.645    -6016.391       33.746   267.8
1.2220        -5982.623    -6016.437       33.814   268.3
1.2225        -5982.582    -6016.483       33.901   269.0
1.2230        -5982.512    -6016.529       34.017   269.9
1.2235        -5982.516    -6016.578       34.061   270.3
1.2240        -5982.603    -6016.625       34.022   270.0
1.2245        -5982.556    -6016.670       34.114   270.7
1.2250        -5982.520    -6016.712       34.192   271.3
1.2255        -5982.411    -6016.751       34.340   272.5
1.2260        -5982.548    -6016.789       34.240   271.7
1.2265        -5982.540    -6016.825       34.285   272.0
1.2270        -5982.461    -6016.859       34.398   272.9
1.2275        -5982.475    -6016.888       34.412   273.1
1.2280        -5982.383    -6016.914       34.530   274.0
1.2285        -5982.295    -6016.938       34.643   274.9
1.2290        -5982.182    -6016.959       34.777   275.9
1.2295        -5982.204    -6016.975       34.771   275.9
1.2300        -5982.216    -6016.986       34.770   275.9
1.2305        -5982.224    -6016.995       34.771   275.9
1.2310        -5982.175    -6017.001       34.826   276.3
1.2315        -5982.152    -6017.000       34.848   276.5
1.2320        -5982.244    -6016.998       34.754   275.8
1.2325        -5982.303    -6016.992       34.689   275.2
1.2330        -5982.230    -6016.984       34.753   275.8
1.2335        -5982.140    -6016.970       34.829   276.4
1.2340        -5982.306    -6016.954       34.647   274.9
1.2345        -5982.243    -6016.939       34.696   275.3
1.2350        -5982.201    -6016.924       34.724   275.5
1.2355        -5982.186    -6016.910       34.724   275.5
1.2360        -5982.184    -6016.898       34.713   275.4
1.2365        -5982.135    -6016.885       34.749   275.7
1.2370        -5982.228    -6016.871       34.643   274.9
1.2375        -5982.159    -6016.859       34.700   275.3
1.2380        -5982.145    -6016.848       34.703   275.4
1.2385        -5982.182    -6016.836       34.653   275.0
1.2390        -5982.188    -6016.824       34.637   274.8
1.2395        -5982.195    -6016.814       34.619   274.7
1.2400        -5982.172    -6016.805       34.633   274.8
1.2405        -5982.143    -6016.796       34.653   275.0
1.2410        -5982.105    -6016.789       34.684   275.2
1.2415        -5982.187    -6016.783       34.596   274.5
1.2420        -5982.143    -6016.778       34.635   274.8
1.2425        -5982.081    -6016.777       34.696   275.3
1.2430        -5982.111    -6016.779       34.668   275.1
1.2435        -5982.089    -6016.785       34.696   275.3
1.2440        -5982.103    -6016.790       34.687   275.2
1.2445        -5981.929    -6016.797       34.868   276.7
1.2450        -5981.908    -6016.807       34.899   276.9
1.2455        -5981.967    -6016.818       34.850   276.5
1.2460        -5981.947    -6016.828       34.881   276.8
1.2465        -5981.924    -6016.839       34.915   277.0
1.2470        -5981.891    -6016.848       34.957   277.4
1.2475        -5981.845    -6016.858       35.013   277.8
1.2480        -5981.769    -6016.869       35.100   278.5
1.2485        -5981.738    -6016.881       35.143   278.8
1.2490        -5981.761    -6016.893       35.131   278.8
1.2495        -5981.713    -6016.905       35.192   279.2
1.2500        -5981.722    -6016.916       35.194   279.3
1.2505        -5981.648    -6016.924       35.276   279.9
1.2510        -5981.710    -6016.930       35.220   279.5
1.2515        -5981.743    -6016.935       35.192   279.2
1.2520        -5981.830    -6016.938       35.108   278.6
1.2525        -5981.877    -6016.938       35.060   278.2
1.2530        -5981.964    -6016.934       34.970   277.5
1.2535        -5981.920    -6016.927       35.007   277.8
1.2540        -5981.919    -6016.919       35.000   277.7
1.2545        -5981.989    -6016.906       34.917   277.1
1.2550        -5981.963    -6016.891       34.929   277.1
1.2555        -5981.871    -6016.875       35.004   277.7
1.2560        -5981.788    -6016.854       35.066   278.2
1.2565        -5981.784    -6016.828       35.045   278.1
1.2570        -5981.721    -6016.801       35.080   278.3
1.2575        -5981.754    -6016.768       35.015   277.8
1.2580        -5981.715    -6016.735       35.020   277.9
1.2585        -5981.635    -6016.700       35.065   278.2
1.2590        -5981.606    -6016.664       35.058   278.2
1.2595        -5981.522    -6016.624       35.102   278.5
1.2600        -5981.547    -6016.585       35.037   278.0
1.2605        -5981.593    -6016.545       34.952   277.3
1.2610        -5981.619    -6016.506       34.886   276.8
1.2615        -5981.534    -6016.466       34.933   277.2
1.2620        -5981.568    -6016.427       34.858   276.6
1.2625        -5981.584    -6016.385       34.801   276.1
1.2630        -5981.562    -6016.343       34.781   276.0
1.2635        -5981.645    -6016.300       34.655   275.0
1.2640        -5981.586    -6016.259       34.672   275.1
1.2645        -5981.615    -6016.219       34.605   274.6
1.2650        -5981.688    -6016.181       34.492   273.7
1.2655        -5981.724    -6016.144       34.421   273.1
1.2660        -5981.728    -6016.111       34.383   272.8
1.2665        -5981.687    -6016.077       34.391   272.9
1.2670        -5981.673    -6016.046       34.373   272.7
1.2675        -5981.665    -6016.019       34.354   272.6
1.2680        -5981.620    -6015.994       34.374   272.7
1.2685        -5981.678    -6015.973       34.294   272.1
1.2690        -5981.679    -6015.954       34.275   272.0
1.2695        -5981.677    -6015.939       34.262   271.9
1.2700        -5981.834    -6015.927       34.093   270.5
1.2705        -5981.853    -6015.921       34.068   270.3
1.2710        -5981.882    -6015.918       34.036   270.1
1.2715        -5981.890    -6015.920       34.029   270.0
1.2720        -5981.881    -6015.928       34.047   270.2
1.2725        -5981.884    -6015.940       34.056   270.2
1.2730        -5981.924    -6015.957       34.033   270.0
1.2735        -5981.858    -6015.979       34.121   270.7
1.2740        -5981.768    -6016.003       34.235   271.6
1.2745        -5981.868    -6016.032       34.164   271.1
1.2750        -5981.961    -6016.064       34.104   270.6
1.2755        -5982.016    -6016.101       34.085   270.5
1.2760        -5981.982    -6016.141       34.159   271.0
1.2765        -5981.990    -6016.184       34.194   271.3
1.2770        -5981.981    -6016.229       34.248   271.7
1.2775        -5981.954    -6016.279       34.325   272.4
1.2780        -5981.950    -6016.332       34.383   272.8
1.2785        -5981.915    -6016.386       34.471   273.5
1.2790        -5981.862    -6016.442       34.580   274.4
1.2795        -5981.871    -6016.497       34.626   274.7
1.2800        -5981.894    -6016.553       34.659   275.0
1.2805        -5981.900    -6016.609       34.708   275.4
1.2810        -5981.929    -6016.664       34.735   275.6
1.2815        -5981.992    -6016.717       34.725   275.5
1.2820        -5981.903    -6016.770       34.867   276.7
1.2825        -5981.934    -6016.823       34.889   276.8
1.2830        -5981.977    -6016.873       34.896   276.9
1.2835        -5981.922    -6016.920       34.998   277.7
1.2840        -5981.935    -6016.965       35.030   278.0
1.2845        -5981.839    -6017.005       35.166   279.0
1.2850        -5981.829    -6017.043       35.214   279.4
1.2855        -5981.765    -6017.078       35.313   280.2
1.2860        -5981.805    -6017.109       35.304   280.1
1.2865        -5981.823    -6017.138       35.315   280.2
1.2870        -5981.774    -6017.165       35.391   280.8
1.2875        -5981.751    -6017.188       35.437   281.2
1.2880        -5981.649    -6017.206       35.557   282.1
1.2885        -5981.661    -6017.220       35.560   282.2
1.2890        -5981.682    -6017.229       35.547   282.1
1.2895        -5981.644    -6017.233       35.590   282.4
1.2900        -5981.646    -6017.232       35.585   282.4
1.2905        -5981.592    -6017.227       35.635   282.8
1.2910        -5981.540    -6017.221       35.680   283.1
1.2915        -5981.652    -6017.209       35.557   282.1
1.2920        -5981.642    -6017.195       35.553   282.1
1.2925        -5981.640    -6017.176       35.535   282.0
1.2930        -5981.711    -6017.152       35.442   281.2
1.2935        -5981.737    -6017.123       35.387   280.8
1.2940        -5981.809    -6017.090       35.281   279.9
1.2945        -5981.766    -6017.054       35.288   280.0
1.2950        -5981.773    -6017.012       35.240   279.6
1.2955        -5981.934    -6016.966       35.032   278.0
1.2960        -5981.859    -6016.917       35.058   278.2
1.2965        -5981.807    -6016.863       35.055   278.2
1.2970        -5981.851    -6016.804       34.953   277.3
1.2975        -5981.817    -6016.741       34.924   277.1
1.2980        -5981.741    -6016.674       34.933   277.2
1.2985        -5981.916    -6016.604       34.687   275.2
1.2990        -5981.834    -6016.530       34.695   275.3
1.2995        -5981.970    -6016.453       34.482   273.6
1.3000        -5981.946    -6016.373       34.427   273.2
1.3005        -5981.969    -6016.293       34.324   272.4
1.3010        -5981.948    -6016.212       34.265   271.9
1.3015        -5981.945    -6016.131       34.186   271.3
1.3020        -5981.976    -6016.049       34.073   270.4
1.3025        -5981.905    -6015.968       34.062   270.3
1.3030        -5981.909    -6015.887       33.978   269.6
1.3035        -5981.986    -6015.807       33.822   268.4
1.3040        -5981.925    -6015.730       33.805   268.2
1.3045        -5981.903    -6015.657       33.755   267.8
1.3050        -5981.906    -6015.588       33.682   267.3
1.3055        -5981.926    -6015.521       33.595   266.6
1.3060        -5981.877    -6015.460       33.583   266.5
1.3065        -5981.914    -6015.407       33.493   265.8
1.3070        -5981.898    -6015.359       33.461   265.5
1.3075        -5981.888    -6015.316       33.428   265.2
1.3080        -5981.873    -6015.280       33.406   265.1
1.3085        -5981.943    -6015.251       33.308   264.3
1.3090        -5981.922    -6015.231       33.309   264.3
1.3095        -5981.879    -6015.219       33.339   264.5
1.3100        -5981.953    -6015.214       33.261   263.9
1.3105        -5981.910    -6015.216       33.306   264.3
1.3110        -5981.962    -6015.226       33.264   263.9
1.3115        -5981.840    -6015.244       33.403   265.0
1.3120        -5981.901    -6015.268       33.367   264.8
1.3125        -5981.878    -6015.297       33.419   265.2
1.3130        -5981.968    -6015.333       33.365   264.7
1.3135        -5981.970    -6015.374       33.404   265.1
1.3140        -5981.953    -6015.419       33.466   265.5
1.3145        -5981.942    -6015.470       33.528   266.0
1.3150        -5982.073    -6015.526       33.453   265.4
1.3155        -5982.117    -6015.589       33.472   265.6
1.3160        -5982.021    -6015.655       33.634   266.9
1.3165        -5982.080    -6015.727       33.647   267.0
1.3170        -5982.125    -6015.802       33.677   267.2
1.3175        -5982.135    -6015.880       33.746   267.8
1.3180        -5982.218    -6015.960       33.742   267.7
1.3185        -5982.269    -6016.042       33.773   268.0
1.3190        -5982.248    -6016.127       33.879   268.8
1.3195        -5982.158    -6016.214       34.056   270.2
1.3200        -5982.245    -6016.301       34.057   270.2
1.3205        -5982.183    -6016.388       34.204   271.4
1.3210        -5982.146    -6016.472       34.325   272.4
1.3215        -5981.992    -6016.552       34.560   274.2
1.3220        -5981.888    -6016.628       34.740   275.6
1.3225        -5981.933    -6016.699       34.765   275.9
1.3230        -5981.832    -6016.767       34.935   277.2
1.3235        -5981.818    -6016.831       35.013   277.8
1.3240        -5981.779    -6016.890       35.111   278.6
1.3245        -5981.726    -6016.945       35.219   279.5
1.3250        -5981.577    -6016.994       35.416   281.0
1.3255        -5981.512    -6017.036       35.523   281.9
1.3260        -5981.508    -6017.071       35.563   282.2
1.3265        -5981.547    -6017.100       35.553   282.1
1.3270        -5981.528    -6017.123       35.596   282.4
1.3275        -5981.447    -6017.140       35.693   283.2
1.3280        -5981.508    -6017.150       35.642   282.8
1.3285        -5981.607    -6017.153       35.546   282.0
1.3290        -5981.554    -6017.149       35.595   282.4
1.3295        -5981.650    -6017.140       35.490   281.6
1.3300        -5981.528    -6017.127       35.599   282.5
1.3305        -5981.475    -6017.109       35.634   282.7
1.3310        -5981.526    -6017.086       35.559   282.2
1.3315        -5981.612    -6017.059       35.447   281.3
1.3320        -5981.538    -6017.027       35.489   281.6
1.3325        -5981.497    -6016.993       35.496   281.6
1.3330        -5981.515    -6016.957       35.442   281.2
1.3335        -5981.484    -6016.917       35.433   281.2
1.3340        -5981.410    -6016.876       35.466   281.4
1.3345        -5981.421    -6016.831       35.410   281.0
1.3350        -5981.374    -6016.783       35.408   281.0
1.3355        -5981.358    -6016.733       35.375   280.7
1.3360        -5981.477    -6016.680       35.203   279.3
1.3365        -5981.485    -6016.628       35.144   278.9
1.3370        -5981.590    -6016.577       34.987   277.6
1.3375        -5981.619    -6016.525       34.906   277.0
1.3380        -5981.633    -6016.475       34.842   276.5
1.3385        -5981.534    -6016.428       34.895   276.9
1.3390        -5981.654    -6016.385       34.730   275.6
1.3395        -5981.688    -6016.345       34.657   275.0
1.3400        -5981.547    -6016.308       34.761   275.8
1.3405        -5981.622    -6016.271       34.649   274.9
1.3410        -5981.565    -6016.237       34.672   275.1
1.3415        -5981.467    -6016.209       34.742   275.7
1.3420        -5981.293    -6016.185       34.892   276.9
1.3425        -5981.286    -6016.163       34.878   276.7
1.3430        -5981.297    -6016.147       34.850   276.5
1.3435        -5981.271    -6016.135       34.864   276.6
1.3440        -5981.183    -6016.128       34.946   277.3
1.3445        -5981.271    -6016.128       34.856   276.6
1.3450        -5981.257    -6016.134       34.877   276.7
1.3455        -5981.263    -6016.145       34.882   276.8
1.3460        -5981.202    -6016.157       34.955   277.4
1.3465        -5981.135    -6016.174       35.039   278.0
1.3470        -5981.177    -6016.194       35.017   277.9
1.3475        -5981.140    -6016.219       35.078   278.3
1.3480        -5981.155    -6016.248       35.093   278.4
1.3485        -5981.191    -6016.279       35.088   278.4
1.3490        -5981.135    -6016.314       35.179   279.1
1.3495        -5981.149    -6016.353       35.204   279.3
1.3500        -5981.153    -6016.397       35.244   279.6
1.3505        -5981.173    -6016.439       35.266   279.8
1.3510        -5981.093    -6016.481       35.388   280.8
1.3515        -5981.130    -6016.522       35.392   280.8
1.3520        -5981.129    -6016.562       35.434   281.2
1.3525        -5981.093    -6016.602       35.510   281.8
1.3530        -5981.139    -6016.642       35.503   281.7
1.3535        -5981.055    -6016.681       35.626   282.7
1.3540        -5981.068    -6016.716       35.648   282.9
1.3545        -5981.061    -6016.745       35.684   283.1
1.3550        -5980.957    -6016.770       35.813   284.2
1.3555        -5980.984    -6016.792       35.808   284.1
1.3560        -5981.021    -6016.806       35.786   284.0
1.3565        -5981.040    -6016.814       35.774   283.9
1.3570        -5981.044    -6016.818       35.774   283.9
1.3575        -5981.095    -6016.817       35.722   283.4
1.3580        -5981.097    -6016.809       35.711   283.4
1.3585        -5981.299    -6016.792       35.493   281.6
1.3590        -5981.255    -6016.769       35.514   281.8
1.3595        -5981.191    -6016.741       35.550   282.1
1.3600        -5981.110    -6016.708       35.598   282.5
1.3605        -5981.130    -6016.670       35.540   282.0
1.3610        -5981.027    -6016.629       35.602   282.5
1.3615        -5980.961    -6016.580       35.620   282.6
1.3620        -5980.962    -6016.528       35.566   282.2
1.3625        -5980.946    -6016.471       35.526   281.9
1.3630        -5980.910    -6016.411       35.501   281.7
1.3635        -5980.964    -6016.349       35.385   280.8
1.3640        -5980.988    -6016.283       35.295   280.1
1.3645        -5980.961    -6016.216       35.255   279.7
1.3650        -5980.902    -6016.146       35.245   279.7
1.3655        -5981.013    -6016.076       35.063   278.2
1.3660        -5981.005    -6016.004       34.999   277.7
1.3665        -5981.042    -6015.931       34.888   276.8
1.3670        -5981.044    -6015.854       34.811   276.2
1.3675        -5981.106    -6015.778       34.672   275.1
1.3680        -5981.040    -6015.699       34.659   275.0
1.3685        -5980.959    -6015.619       34.660   275.0
1.3690        -5980.929    -6015.537       34.608   274.6
1.3695        -5980.819    -6015.457       34.638   274.8
1.3700        -5980.811    -6015.380       34.569   274.3
1.3705        -5980.732    -6015.307       34.575   274.3
1.3710        -5980.737    -6015.237       34.499   273.7
1.3715        -5980.653    -6015.172       34.518   273.9
1.3720        -5980.499    -6015.108       34.609   274.6
1.3725        -5980.452    -6015.048       34.596   274.5
1.3730        -5980.374    -6014.988       34.615   274.7
1.3735        -5980.427    -6014.936       34.510   273.8
1.3740        -5980.407    -6014.889       34.483   273.6
1.3745        -5980.391    -6014.849       34.458   273.4
1.3750        -5980.317    -6014.817       34.499   273.7
1.3755        -5980.339    -6014.790       34.451   273.4
1.3760        -5980.463    -6014.771       34.307   272.2
1.3765        -5980.465    -6014.756       34.291   272.1
1.3770        -5980.507    -6014.746       34.239   271.7
1.3775        -5980.422    -6014.742       34.320   272.3
1.3780        -5980.468    -6014.745       34.278   272.0
1.3785        -5980.446    -6014.753       34.307   272.2
1.3790        -5980.500    -6014.765       34.265   271.9
1.3795        -5980.404    -6014.782       34.378   272.8
1.3800        -5980.404    -6014.805       34.401   273.0
1.3805        -5980.383    -6014.830       34.448   273.3
1.3810        -5980.319    -6014.861       34.542   274.1
1.3815        -5980.424    -6014.892       34.469   273.5
1.3820        -5980.328    -6014.923       34.595   274.5
1.3825        -5980.348    -6014.958       34.609   274.6
1.3830        -5980.188    -6014.991       34.803   276.2
1.3835        -5980.138    -6015.025       34.887   276.8
1.3840        -5980.092    -6015.060       34.968   277.5
1.3845        -5980.106    -6015.092       34.986   277.6
1.3850        -5980.146    -6015.124       34.978   277.5
1.3855        -5980.082    -6015.156       35.074   278.3
1.3860        -5979.969    -6015.184       35.215   279.4
1.3865        -5979.961    -6015.208       35.247   279.7
1.3870        -5979.826    -6015.228       35.402   280.9
1.3875        -5979.803    -6015.243       35.441   281.2
1.3880        -5979.738    -6015.253       35.515   281.8
1.3885        -5979.782    -6015.259       35.477   281.5
1.3890        -5979.722    -6015.260       35.537   282.0
1.3895        -5979.643    -6015.254       35.611   282.6
1.3900        -5979.594    -6015.243       35.649   282.9
1.3905        -5979.647    -6015.227       35.580   282.3
1.3910        -5979.698    -6015.207       35.509   281.8
1.3915        -5979.755    -6015.180       35.426   281.1
1.3920        -5979.784    -6015.148       35.364   280.6
1.3925        -5979.744    -6015.112       35.368   280.6
1.3930        -5979.782    -6015.073       35.291   280.0
1.3935        -5979.789    -6015.032       35.244   279.6
1.3940        -5979.750    -6014.988       35.238   279.6
1.3945        -5979.689    -6014.942       35.252   279.7
1.3950        -5979.731    -6014.892       35.161   279.0
1.3955        -5979.690    -6014.840       35.150   278.9
1.3960        -5979.686    -6014.788       35.101   278.5
1.3965        -5979.625    -6014.735       35.110   278.6
1.3970        -5979.505    -6014.683       35.178   279.1
1.3975        -5979.478    -6014.631       35.153   278.9
1.3980        -5979.408    -6014.578       35.170   279.1
1.3985        -5979.390    -6014.528       35.138   278.8
1.3990        -5979.416    -6014.479       35.063   278.2
1.3995        -5979.425    -6014.432       35.007   277.8
1.4000        -5979.296    -6014.389       35.093   278.5
1.4005        -5979.375    -6014.348       34.973   277.5
1.4010        -5979.346    -6014.311       34.965   277.4
1.4015        -5979.377    -6014.282       34.906   277.0
1.4020        -5979.437    -6014.260       34.823   276.3
1.4025        -5979.412    -6014.242       34.830   276.4
1.4030        -5979.402    -6014.231       34.829   276.4
1.4035        -5979.339    -6014.228       34.889   276.8
1.4040        -5979.339    -6014.233       34.894   276.9
1.4045        -5979.300    -6014.246       34.946   277.3
1.4050        -5979.295    -6014.268       34.973   277.5
1.4055        -5979.203    -6014.296       35.093   278.5
1.4060        -5979.174    -6014.329       35.156   279.0
1.4065        -5979.183    -6014.370       35.187   279.2
1.4070        -5979.151    -6014.419       35.268   279.8
1.4075        -5979.210    -6014.473       35.264   279.8
1.4080        -5979.154    -6014.535       35.381   280.7
1.4085        -5979.187    -6014.606       35.419   281.0
1.4090        -5979.117    -6014.684       35.567   282.2
1.4095        -5979.055    -6014.768       35.713   283.4
1.4100        -5979.092    -6014.857       35.765   283.8
1.4105        -5979.180    -6014.947       35.767   283.8
1.4110        -5979.231    -6015.041       35.810   284.1
1.4115        -5979.221    -6015.136       35.915   285.0
1.4120        -5979.128    -6015.233       36.105   286.5
1.4125        -5979.038    -6015.333       36.295   288.0
1.4130        -5979.046    -6015.436       36.390   288.7
1.4135        -5979.042    -6015.542       36.500   289.6
1.4140        -5979.054    -6015.648       36.594   290.4
1.4145        -5978.953    -6015.753       36.799   292.0
1.4150        -5978.936    -6015.856       36.921   293.0
1.4155        -5978.956    -6015.960       37.004   293.6
1.4160        -5978.885    -6016.061       37.176   295.0
1.4165        -5978.797    -6016.158       37.361   296.4
1.4170        -5978.794    -6016.252       37.458   297.2
1.4175        -5978.954    -6016.340       37.385   296.6
1.4180        -5979.091    -6016.424       37.333   296.2
1.4185        -5979.089    -6016.503       37.414   296.9
1.4190        -5979.094    -6016.576       37.482   297.4
1.4195        -5979.003    -6016.646       37.642   298.7
1.4200        -5978.996    -6016.708       37.712   299.2
1.4205        -5978.863    -6016.764       37.901   300.7
1.4210        -5978.712    -6016.813       38.102   302.3
1.4215        -5978.778    -6016.857       38.079   302.1
1.4220        -5978.835    -6016.894       38.059   302.0
1.4225        -5978.771    -6016.923       38.152   302.7
1.4230        -5978.791    -6016.942       38.151   302.7
1.4235        -5978.772    -6016.952       38.180   302.9
1.4240        -5978.752    -6016.955       38.203   303.1
1.4245        -5978.686    -6016.950       38.263   303.6
1.4250        -5978.666    -6016.935       38.270   303.7
1.4255        -5978.618    -6016.913       38.295   303.9
1.4260        -5978.661    -6016.880       38.219   303.3
1.4265        -5978.721    -6016.841       38.120   302.5
1.4270        -5978.762    -6016.796       38.033   301.8
1.4275        -5978.795    -6016.743       37.948   301.1
1.4280        -5978.769    -6016.686       37.918   300.9
1.4285        -5978.852    -6016.623       37.771   299.7
1.4290        -5978.828    -6016.553       37.725   299.3
1.4295        -5978.893    -6016.479       37.586   298.2
1.4300        -5978.833    -6016.400       37.567   298.1
1.4305        -5978.832    -6016.316       37.484   297.4
1.4310        -5978.916    -6016.230       37.314   296.1
1.4315        -5978.971    -6016.142       37.171   294.9
1.4320        -5978.879    -6016.055       37.176   295.0
1.4325        -5978.873    -6015.966       37.093   294.3
1.4330        -5978.920    -6015.877       36.957   293.2
1.4335        -5979.039    -6015.787       36.748   291.6
1.4340        -5979.080    -6015.696       36.616   290.5
1.4345        -5979.090    -6015.603       36.512   289.7
1.4350        -5979.074    -6015.510       36.436   289.1
1.4355        -5979.018    -6015.416       36.399   288.8
1.4360        -5978.986    -6015.324       36.338   288.3
1.4365        -5979.041    -6015.232       36.191   287.2
1.4370        -5979.003    -6015.140       36.137   286.7
1.4375        -5978.984    -6015.050       36.066   286.2
1.4380        -5978.915    -6014.960       36.045   286.0
1.4385        -5978.937    -6014.872       35.935   285.1
1.4390        -5978.949    -6014.784       35.836   284.3
1.4395        -5978.880    -6014.700       35.820   284.2
1.4400        -5978.780    -6014.619       35.839   284.4
1.4405        -5978.762    -6014.542       35.780   283.9
1.4410        -5978.741    -6014.466       35.725   283.5
1.4415        -5978.664    -6014.394       35.730   283.5
1.4420        -5978.751    -6014.323       35.572   282.3
1.4425        -5978.709    -6014.256       35.547   282.1
1.4430        -5978.676    -6014.194       35.518   281.8
1.4435        -5978.662    -6014.136       35.474   281.5
1.4440        -5978.723    -6014.086       35.362   280.6
1.4445        -5978.754    -6014.040       35.287   280.0
1.4450        -5978.779    -6014.000       35.222   279.5
1.4455        -5978.792    -6013.965       35.172   279.1
1.4460        -5978.783    -6013.935       35.152   278.9
1.4465        -5978.864    -6013.911       35.047   278.1
1.4470        -5978.830    -6013.892       35.061   278.2
1.4475        -5978.821    -6013.879       35.058   278.2
1.4480        -5978.789    -6013.871       35.082   278.4
1.4485        -5978.721    -6013.868       35.146   278.9
1.4490        -5978.726    -6013.869       35.143   278.8
1.4495        -5978.795    -6013.876       35.081   278.4
1.4500        -5978.776    -6013.887       35.111   278.6
1.4505        -5978.710    -6013.902       35.193   279.2
1.4510        -5978.737    -6013.923       35.186   279.2
1.4515        -5978.767    -6013.948       35.182   279.2
1.4520        -5978.653    -6013.980       35.327   280.3
1.4525        -5978.686    -6014.016       35.330   280.3
1.4530        -5978.672    -6014.055       35.383   280.8
1.4535        -5978.519    -6014.097       35.578   282.3
1.4540        -5978.600    -6014.142       35.542   282.0
1.4545        -5978.566    -6014.188       35.621   282.6
1.4550        -5978.525    -6014.234       35.708   283.3
1.4555        -5978.564    -6014.279       35.714   283.4
1.4560        -5978.492    -6014.324       35.832   284.3
1.4565        -5978.520    -6014.371       35.851   284.5
1.4570        -5978.502    -6014.417       35.914   285.0
1.4575        -5978.515    -6014.463       35.949   285.2
1.4580        -5978.577    -6014.510       35.933   285.1
1.4585        -5978.618    -6014.556       35.938   285.2
1.4590        -5978.656    -6014.600       35.944   285.2
1.4595        -5978.612    -6014.642       36.030   285.9
1.4600        -5978.685    -6014.682       35.998   285.6
1.4605        -5978.665    -6014.722       36.058   286.1
1.4610        -5978.643    -6014.758       36.115   286.6
1.4615        -5978.621    -6014.790       36.169   287.0
1.4620        -5978.620    -6014.818       36.199   287.2
1.4625        -5978.566    -6014.843       36.276   287.8
1.4630        -5978.489    -6014.864       36.375   288.6
1.4635        -5978.518    -6014.883       36.365   288.5
1.4640        -5978.484    -6014.900       36.415   288.9
1.4645        -5978.485    -6014.913       36.428   289.0
1.4650        -5978.477    -6014.922       36.444   289.2
1.4655        -5978.500    -6014.927       36.426   289.0
1.4660        -5978.530    -6014.928       36.398   288.8
1.4665        -5978.575    -6014.925       36.350   288.4
1.4670        -5978.573    -6014.920       36.347   288.4
1.4675        -5978.518    -6014.910       36.392   288.8
1.4680        -5978.581    -6014.894       36.313   288.1
1.4685        -5978.537    -6014.876       36.339   288.3
1.4690        -5978.583    -6014.857       36.273   287.8
1.4695        -5978.619    -6014.836       36.217   287.4
1.4700        -5978.667    -6014.812       36.145   286.8
1.4705        -5978.690    -6014.784       36.095   286.4
1.4710        -5978.682    -6014.756       36.074   286.2
1.4715        -5978.720    -6014.726       36.006   285.7
1.4720        -5978.753    -6014.695       35.942   285.2
1.4725        -5978.749    -6014.662       35.914   285.0
1.4730        -5978.787    -6014.631       35.844   284.4
1.4735        -5978.712    -6014.599       35.887   284.8
1.4740        -5978.666    -6014.569       35.903   284.9
1.4745        -5978.618    -6014.538       35.920   285.0
1.4750        -5978.541    -6014.508       35.967   285.4
1.4755        -5978.512    -6014.481       35.969   285.4
1.4760        -5978.473    -6014.455       35.982   285.5
1.4765        -5978.468    -6014.429       35.961   285.3
1.4770        -5978.457    -6014.404       35.947   285.2
1.4775        -5978.445    -6014.377       35.932   285.1
1.4780        -5978.456    -6014.351       35.895   284.8
1.4785        -5978.517    -6014.327       35.810   284.1
1.4790        -5978.623    -6014.309       35.686   283.2
1.4795        -5978.636    -6014.293       35.657   282.9
1.4800        -5978.724    -6014.285       35.560   282.2
1.4805        -5978.718    -6014.281       35.563   282.2
1.4810        -5978.780    -6014.283       35.503   281.7
1.4815        -5978.838    -6014.293       35.454   281.3
1.4820        -5978.847    -6014.308       35.461   281.4
1.4825        -5978.881    -6014.330       35.449   281.3
1.4830        -5978.834    -6014.354       35.519   281.8
1.4835        -5978.779    -6014.382       35.603   282.5
1.4840        -5978.760    -6014.414       35.654   282.9
1.4845        -5978.739    -6014.449       35.710   283.3
1.4850        -5978.703    -6014.488       35.784   283.9
1.4855        -5978.731    -6014.530       35.799   284.1
1.4860        -5978.675    -6014.574       35.899   284.9
1.4865        -5978.692    -6014.622       35.931   285.1
1.4870        -5978.721    -6014.672       35.951   285.3
1.4875        -5978.840    -6014.724       35.884   284.7
1.4880        -5978.780    -6014.776       35.997   285.6
1.4885        -5978.783    -6014.828       36.045   286.0
1.4890        -5978.731    -6014.879       36.147   286.8
1.4895        -5978.753    -6014.929       36.176   287.0
1.4900        -5978.672    -6014.979       36.308   288.1
1.4905        -5978.659    -6015.028       36.368   288.6
1.4910        -5978.678    -6015.074       36.396   288.8
1.4915        -5978.724    -6015.120       36.396   288.8
1.4920        -5978.678    -6015.163       36.485   289.5
1.4925        -5978.779    -6015.202       36.422   289.0
1.4930        -5978.641    -6015.238       36.597   290.4
1.4935        -5978.710    -6015.268       36.559   290.1
1.4940        -5978.621    -6015.291       36.670   291.0
1.4945        -5978.796    -6015.309       36.513   289.7
1.4950        -5978.812    -6015.325       36.512   289.7
1.4955        -5978.790    -6015.336       36.546   290.0
1.4960        -5978.800    -6015.341       36.542   289.9
1.4965        -5978.655    -6015.341       36.686   291.1
1.4970        -5978.739    -6015.335       36.596   290.4
1.4975        -5978.842    -6015.325       36.483   289.5
1.4980        -5978.843    -6015.310       36.467   289.4
1.4985        -5978.883    -6015.292       36.409   288.9
1.4990        -5978.924    -6015.272       36.348   288.4
1.4995        -5978.916    -6015.249       36.334   288.3
1.5000        -5978.899    -6015.223       36.324   288.2
1.5005        -5978.942    -6015.194       36.252   287.7
1.5010        -5978.955    -6015.162       36.208   287.3
1.5015        -5978.971    -6015.131       36.160   286.9
1.5020        -5978.984    -6015.097       36.113   286.5
1.5025        -5979.007    -6015.061       36.054   286.1
1.5030        -5978.971    -6015.025       36.054   286.1
1.5035        -5978.866    -6014.988       36.123   286.6
1.5040        -5978.842    -6014.953       36.111   286.5
1.5045        -5978.832    -6014.917       36.085   286.3
1.5050        -5978.784    -6014.878       36.095   286.4
1.5055        -5978.772    -6014.840       36.068   286.2
1.5060        -5978.775    -6014.802       36.027   285.9
1.5065        -5978.784    -6014.762       35.978   285.5
1.5070        -5978.771    -6014.723       35.952   285.3
1.5075        -5978.704    -6014.684       35.980   285.5
1.5080        -5978.697    -6014.643       35.946   285.2
1.5085        -5978.603    -6014.599       35.996   285.6
1.5090        -5978.643    -6014.556       35.913   285.0
1.5095        -5978.725    -6014.513       35.788   284.0
1.5100        -5978.728    -6014.473       35.746   283.6
1.5105        -5978.713    -6014.437       35.724   283.5
1.5110        -5978.644    -6014.405       35.761   283.8
1.5115        -5978.663    -6014.374       35.711   283.4
1.5120        -5978.699    -6014.344       35.645   282.8
1.5125        -5978.651    -6014.316       35.665   283.0
1.5130        -5978.698    -6014.288       35.590   282.4
1.5135        -5978.704    -6014.261       35.557   282.1
1.5140        -5978.640    -6014.236       35.596   282.4
1.5145        -5978.656    -6014.211       35.555   282.1
1.5150        -5978.593    -6014.189       35.596   282.4
1.5155        -5978.562    -6014.170       35.608   282.5
1.5160        -5978.566    -6014.153       35.588   282.4
1.5165        -5978.564    -6014.139       35.575   282.3
1.5170        -5978.574    -6014.127       35.553   282.1
1.5175        -5978.586    -6014.121       35.536   282.0
1.5180        -5978.481    -6014.114       35.634   282.7
1.5185        -5978.484    -6014.107       35.623   282.7
1.5190        -5978.484    -6014.100       35.616   282.6
1.5195        -5978.550    -6014.093       35.543   282.0
1.5200        -5978.603    -6014.089       35.486   281.6
1.5205        -5978.610    -6014.085       35.475   281.5
1.5210        -5978.629    -6014.082       35.453   281.3
1.5215        -5978.606    -6014.082       35.476   281.5
1.5220        -5978.629    -6014.083       35.454   281.3
1.5225        -5978.551    -6014.085       35.534   282.0
1.5230        -5978.563    -6014.088       35.525   281.9
1.5235        -5978.549    -6014.089       35.540   282.0
1.5240        -5978.607    -6014.089       35.482   281.5
1.5245        -5978.647    -6014.087       35.440   281.2
1.5250        -5978.640    -6014.087       35.447   281.3
1.5255        -5978.620    -6014.087       35.467   281.4
1.5260        -5978.649    -6014.091       35.442   281.2
1.5265        -5978.596    -6014.095       35.500   281.7
1.5270        -5978.559    -6014.103       35.543   282.0
1.5275        -5978.565    -6014.113       35.548   282.1
1.5280        -5978.510    -6014.124       35.615   282.6
1.5285        -5978.574    -6014.135       35.561   282.2
1.5290        -5978.605    -6014.146       35.540   282.0
1.5295        -5978.715    -6014.159       35.444   281.2
1.5300        -5978.751    -6014.177       35.426   281.1
1.5305        -5978.726    -6014.199       35.473   281.5
1.5310        -5978.634    -6014.222       35.588   282.4
1.5315        -5978.617    -6014.246       35.629   282.7
1.5320        -5978.540    -6014.271       35.731   283.5
1.5325        -5978.415    -6014.294       35.879   284.7
1.5330        -5978.392    -6014.313       35.922   285.0
1.5335        -5978.398    -6014.333       35.934   285.1
1.5340        -5978.378    -6014.351       35.974   285.4
1.5345        -5978.268    -6014.370       36.102   286.5
1.5350        -5978.314    -6014.389       36.074   286.2
1.5355        -5978.241    -6014.407       36.166   287.0
1.5360        -5978.208    -6014.425       36.217   287.4
1.5365        -5978.245    -6014.444       36.199   287.2
1.5370        -5978.281    -6014.463       36.182   287.1
1.5375        -5978.402    -6014.483       36.081   286.3
1.5380        -5978.322    -6014.501       36.180   287.1
1.5385        -5978.362    -6014.517       36.155   286.9
1.5390        -5978.390    -6014.532       36.142   286.8
1.5395        -5978.281    -6014.543       36.263   287.7
1.5400        -5978.302    -6014.555       36.253   287.7
1.5405        -5978.299    -6014.565       36.267   287.8
1.5410        -5978.289    -6014.574       36.284   287.9
1.5415        -5978.311    -6014.582       36.271   287.8
1.5420        -5978.377    -6014.589       36.212   287.3
1.5425        -5978.465    -6014.593       36.128   286.7
1.5430        -5978.540    -6014.595       36.055   286.1
1.5435        -5978.436    -6014.599       36.162   286.9
1.5440        -5978.473    -6014.601       36.128   286.7
1.5445        -5978.389    -6014.604       36.215   287.4
1.5450        -5978.352    -6014.605       36.253   287.7
1.5455        -5978.371    -6014.607       36.236   287.5
1.5460        -5978.229    -6014.611       36.382   288.7
1.5465        -5978.105    -6014.614       36.509   289.7
1.5470        -5978.017    -6014.616       36.599   290.4
1.5475        -5978.031    -6014.619       36.588   290.3
1.5480        -5978.016    -6014.623       36.608   290.5
1.5485        -5977.964    -6014.630       36.666   290.9
1.5490        -5977.889    -6014.638       36.749   291.6
1.5495        -5977.906    -6014.645       36.739   291.5
1.5500        -5977.934    -6014.653       36.719   291.4
1.5505        -5977.860    -6014.663       36.803   292.0
1.5510        -5977.961    -6014.674       36.713   291.3
1.5515        -5977.969    -6014.686       36.717   291.3
1.5520        -5977.936    -6014.699       36.763   291.7
1.5525        -5978.004    -6014.714       36.710   291.3
1.5530        -5978.017    -6014.731       36.714   291.3
1.5535        -5977.949    -6014.751       36.802   292.0
1.5540        -5977.915    -6014.772       36.857   292.4
1.5545        -5977.952    -6014.796       36.844   292.3
1.5550        -5978.062    -6014.821       36.759   291.7
1.5555        -5978.053    -6014.845       36.792   291.9
1.5560        -5978.029    -6014.872       36.843   292.3
1.5565        -5977.990    -6014.900       36.910   292.9
1.5570        -5978.004    -6014.928       36.924   293.0
1.5575        -5977.917    -6014.958       37.041   293.9
1.5580        -5977.909    -6014.988       37.079   294.2
1.5585        -5978.015    -6015.017       37.003   293.6
1.5590        -5978.012    -6015.044       37.033   293.8
1.5595        -5978.096    -6015.069       36.973   293.4
1.5600        -5978.084    -6015.093       37.009   293.7
1.5605        -5977.996    -6015.115       37.119   294.5
1.5610        -5977.906    -6015.138       37.232   295.4
1.5615        -5977.965    -6015.162       37.197   295.1
1.5620        -5977.954    -6015.184       37.230   295.4
1.5625        -5977.948    -6015.203       37.255   295.6
1.5630        -5977.935    -6015.219       37.284   295.8
1.5635        -5977.893    -6015.232       37.339   296.3
1.5640        -5977.809    -6015.241       37.432   297.0
1.5645        -5977.763    -6015.245       37.482   297.4
1.5650        -5977.809    -6015.245       37.436   297.0
1.5655        -5977.818    -6015.243       37.424   297.0
1.5660        -5977.771    -6015.238       37.467   297.3
1.5665        -5977.733    -6015.231       37.498   297.5
1.5670        -5977.702    -6015.219       37.517   297.7
1.5675        -5977.593    -6015.203       37.610   298.4
1.5680        -5977.597    -6015.182       37.585   298.2
1.5685        -5977.525    -6015.155       37.630   298.6
1.5690        -5977.405    -6015.123       37.717   299.3
1.5695        -5977.356    -6015.086       37.730   299.4
1.5700        -5977.269    -6015.044       37.776   299.7
1.5705        -5977.220    -6014.998       37.778   299.8
1.5710        -5977.206    -6014.947       37.742   299.5
1.5715        -5977.217    -6014.893       37.675   298.9
1.5720        -5977.348    -6014.832       37.485   297.4
1.5725        -5977.341    -6014.770       37.429   297.0
1.5730        -5977.289    -6014.707       37.418   296.9
1.5735        -5977.422    -6014.642       37.220   295.3
1.5740        -5977.465    -6014.573       37.108   294.4
1.5745        -5977.420    -6014.502       37.082   294.2
1.5750        -5977.369    -6014.431       37.062   294.1
1.5755        -5977.448    -6014.360       36.912   292.9
1.5760        -5977.335    -6014.289       36.954   293.2
1.5765        -5977.355    -6014.217       36.862   292.5
1.5770        -5977.341    -6014.146       36.805   292.0
1.5775        -5977.366    -6014.075       36.709   291.3
1.5780        -5977.418    -6014.006       36.588   290.3
1.5785        -5977.479    -6013.941       36.462   289.3
1.5790        -5977.495    -6013.877       36.382   288.7
1.5795        -5977.486    -6013.812       36.326   288.2
1.5800        -5977.573    -6013.747       36.174   287.0
1.5805        -5977.564    -6013.687       36.122   286.6
1.5810        -5977.576    -6013.629       36.053   286.1
1.5815        -5977.570    -6013.573       36.003   285.7
1.5820        -5977.547    -6013.521       35.974   285.4
1.5825        -5977.515    -6013.470       35.955   285.3
1.5830        -5977.446    -6013.422       35.976   285.5
1.5835        -5977.488    -6013.379       35.892   284.8
1.5840        -5977.450    -6013.343       35.893   284.8
1.5845        -5977.364    -6013.313       35.949   285.2
1.5850        -5977.264    -6013.287       36.023   285.8
1.5855        -5977.183    -6013.269       36.086   286.3
1.5860        -5977.225    -6013.257       36.032   285.9
1.5865        -5977.193    -6013.249       36.056   286.1
1.5870        -5977.158    -6013.245       36.086   286.3
1.5875        -5977.173    -6013.247       36.074   286.2
1.5880        -5977.228    -6013.258       36.029   285.9
1.5885        -5977.146    -6013.275       36.129   286.7
1.5890        -5977.041    -6013.298       36.257   287.7
1.5895        -5977.055    -6013.325       36.270   287.8
1.5900        -5977.088    -6013.356       36.268   287.8
1.5905        -5977.133    -6013.393       36.260   287.7
1.5910        -5977.044    -6013.433       36.389   288.7
1.5915        -5976.995    -6013.475       36.480   289.5
1.5920        -5977.009    -6013.522       36.513   289.7
1.5925        -5977.046    -6013.571       36.525   289.8
1.5930        -5977.060    -6013.620       36.561   290.1
1.5935        -5977.107    -6013.670       36.563   290.1
1.5940        -5977.122    -6013.721       36.599   290.4
1.5945        -5977.188    -6013.771       36.583   290.3
1.5950        -5977.145    -6013.820       36.675   291.0
1.5955        -5977.010    -6013.867       36.857   292.4
1.5960        -5977.071    -6013.913       36.842   292.3
1.5965        -5977.067    -6013.960       36.894   292.7
1.5970        -5977.081    -6014.007       36.926   293.0
1.5975        -5977.029    -6014.053       37.024   293.8
1.5980        -5977.047    -6014.095       37.048   294.0
1.5985        -5977.020    -6014.133       37.113   294.5
1.5990        -5976.988    -6014.168       37.180   295.0
1.5995        -5977.070    -6014.199       37.130   294.6
1.6000        -5977.144    -6014.229       37.084   294.3
1.6005        -5977.182    -6014.255       37.072   294.2
1.6010        -5977.041    -6014.277       37.236   295.5
1.6015        -5977.011    -6014.292       37.281   295.8
1.6020        -5976.980    -6014.303       37.323   296.1
1.6025        -5976.899    -6014.311       37.412   296.9
1.6030        -5976.863    -6014.314       37.451   297.2
1.6035        -5976.931    -6014.311       37.380   296.6
1.6040        -5976.846    -6014.305       37.458   297.2
1.6045        -5976.882    -6014.293       37.411   296.8
1.6050        -5976.801    -6014.276       37.475   297.4
1.6055        -5976.823    -6014.254       37.431   297.0
1.6060        -5976.853    -6014.229       37.375   296.6
1.6065        -5976.863    -6014.200       37.337   296.3
1.6070        -5976.940    -6014.169       37.229   295.4
1.6075        -5976.909    -6014.135       37.226   295.4
1.6080        -5976.863    -6014.096       37.233   295.4
1.6085        -5976.840    -6014.056       37.216   295.3
1.6090        -5976.766    -6014.014       37.248   295.6
1.6095        -5976.769    -6013.969       37.200   295.2
1.6100        -5976.800    -6013.922       37.122   294.6
1.6105        -5976.723    -6013.876       37.152   294.8
1.6110        -5976.740    -6013.831       37.091   294.3
1.6115        -5976.654    -6013.787       37.133   294.6
1.6120        -5976.636    -6013.743       37.107   294.4
1.6125        -5976.736    -6013.701       36.965   293.3
1.6130        -5976.817    -6013.663       36.846   292.4
1.6135        -5976.834    -6013.631       36.797   292.0
1.6140        -5976.813    -6013.602       36.789   291.9
1.6145        -5976.825    -6013.580       36.756   291.6
1.6150        -5976.738    -6013.563       36.825   292.2
1.6155        -5976.757    -6013.548       36.791   291.9
1.6160        -5976.704    -6013.538       36.834   292.3
1.6165        -5976.657    -6013.536       36.878   292.6
1.6170        -5976.672    -6013.539       36.866   292.5
1.6175        -5976.719    -6013.547       36.828   292.2
1.6180        -5976.738    -6013.561       36.823   292.2
1.6185        -5976.842    -6013.578       36.736   291.5
1.6190        -5976.857    -6013.598       36.741   291.5
1.6195        -5976.893    -6013.621       36.727   291.4
1.6200        -5977.022    -6013.647       36.625   290.6
1.6205        -5976.997    -6013.678       36.681   291.1
1.6210        -5976.922    -6013.711       36.789   291.9
1.6215        -5976.824    -6013.748       36.924   293.0
1.6220        -5976.881    -6013.784       36.903   292.8
1.6225        -5976.906    -6013.821       36.915   292.9
1.6230        -5976.970    -6013.860       36.890   292.7
1.6235        -5976.919    -6013.900       36.981   293.4
1.6240        -5976.822    -6013.939       37.117   294.5
1.6245        -5976.807    -6013.978       37.171   294.9
1.6250        -5976.745    -6014.019       37.273   295.8
1.6255        -5976.780    -6014.056       37.277   295.8
1.6260        -5976.821    -6014.092       37.271   295.7
1.6265        -5976.850    -6014.128       37.277   295.8
1.6270        -5976.902    -6014.162       37.260   295.6
1.6275        -5976.848    -6014.195       37.347   296.3
1.6280        -5976.840    -6014.227       37.387   296.7
1.6285        -5976.889    -6014.258       37.370   296.5
1.6290        -5976.826    -6014.285       37.459   297.2
1.6295        -5976.747    -6014.308       37.560   298.0
1.6300        -5976.695    -6014.329       37.634   298.6
1.6305        -5976.821    -6014.348       37.527   297.8
1.6310        -5976.731    -6014.364       37.633   298.6
1.6315        -5976.744    -6014.379       37.635   298.6
1.6320        -5976.646    -6014.394       37.748   299.5
1.6325        -5976.608    -6014.409       37.801   299.9
1.6330        -5976.671    -6014.424       37.753   299.6
1.6335        -5976.516    -6014.438       37.922   300.9
1.6340        -5976.472    -6014.453       37.981   301.4
1.6345        -5976.489    -6014.468       37.979   301.4
1.6350        -5976.523    -6014.482       37.959   301.2
1.6355        -5976.555    -6014.496       37.941   301.0
1.6360        -5976.562    -6014.510       37.948   301.1
1.6365        -5976.494    -6014.525       38.031   301.8
1.6370        -5976.550    -6014.540       37.989   301.4
1.6375        -5976.729    -6014.553       37.825   300.1
1.6380        -5976.754    -6014.566       37.812   300.0
1.6385        -5976.790    -6014.580       37.790   299.9
1.6390        -5976.832    -6014.594       37.762   299.6
1.6395        -5976.837    -6014.605       37.768   299.7
1.6400        -5976.839    -6014.616       37.777   299.8
1.6405        -5976.851    -6014.626       37.776   299.7
1.6410        -5976.919    -6014.636       37.717   299.3
1.6415        -5976.854    -6014.646       37.792   299.9
1.6420        -5976.871    -6014.656       37.784   299.8
1.6425        -5976.808    -6014.667       37.858   300.4
1.6430        -5976.869    -6014.678       37.809   300.0
1.6435        -5976.851    -6014.688       37.837   300.2
1.6440        -5976.914    -6014.697       37.783   299.8
1.6445        -5976.978    -6014.705       37.727   299.4
1.6450        -5976.991    -6014.710       37.719   299.3
1.6455        -5976.969    -6014.711       37.743   299.5
1.6460        -5976.956    -6014.709       37.752   299.6
1.6465        -5977.048    -6014.701       37.653   298.8
1.6470        -5976.998    -6014.692       37.694   299.1
1.6475        -5976.958    -6014.681       37.723   299.3
1.6480        -5976.927    -6014.670       37.743   299.5
1.6485        -5976.967    -6014.657       37.690   299.1
1.6490        -5977.127    -6014.642       37.515   297.7
1.6495        -5977.052    -6014.626       37.574   298.1
1.6500        -5977.008    -6014.609       37.601   298.3
1.6505        -5976.997    -6014.591       37.593   298.3
1.6510        -5977.004    -6014.573       37.568   298.1
1.6515        -5977.048    -6014.556       37.508   297.6
1.6520        -5977.120    -6014.536       37.416   296.9
1.6525        -5977.114    -6014.516       37.402   296.8
1.6530        -5977.036    -6014.492       37.457   297.2
1.6535        -5977.047    -6014.469       37.422   296.9
1.6540        -5977.093    -6014.446       37.353   296.4
1.6545        -5977.049    -6014.425       37.376   296.6
1.6550        -5977.015    -6014.404       37.389   296.7
1.6555        -5977.186    -6014.385       37.199   295.2
1.6560        -5977.208    -6014.368       37.160   294.9
1.6565        -5977.220    -6014.350       37.130   294.6
1.6570        -5977.073    -6014.330       37.257   295.6
1.6575        -5977.041    -6014.309       37.269   295.7
1.6580        -5977.082    -6014.291       37.210   295.3
1.6585        -5977.131    -6014.277       37.146   294.7
1.6590        -5977.187    -6014.262       37.076   294.2
1.6595        -5977.221    -6014.248       37.027   293.8
1.6600        -5977.249    -6014.234       36.985   293.5
1.6605        -5977.238    -6014.220       36.982   293.4
1.6610        -5977.244    -6014.205       36.961   293.3
1.6615        -5977.187    -6014.192       37.005   293.6
1.6620        -5977.121    -6014.178       37.057   294.0
1.6625        -5977.047    -6014.164       37.117   294.5
1.6630        -5977.172    -6014.148       36.976   293.4
1.6635        -5977.071    -6014.133       37.062   294.1
1.6640        -5977.232    -6014.118       36.886   292.7
1.6645        -5977.276    -6014.101       36.825   292.2
1.6650        -5977.177    -6014.086       36.909   292.9
1.6655        -5977.267    -6014.071       36.804   292.0
1.6660        -5977.215    -6014.052       36.837   292.3
1.6665        -5977.319    -6014.032       36.713   291.3
1.6670        -5977.339    -6014.012       36.672   291.0
1.6675        -5977.295    -6013.992       36.697   291.2
1.6680        -5977.213    -6013.971       36.758   291.7
1.6685        -5977.156    -6013.949       36.792   291.9
1.6690        -5977.102    -6013.922       36.821   292.2
1.6695        -5977.161    -6013.892       36.732   291.5
1.6700        -5977.179    -6013.861       36.682   291.1
1.6705        -5977.155    -6013.826       36.671   291.0
1.6710        -5977.230    -6013.789       36.559   290.1
1.6715        -5977.177    -6013.750       36.573   290.2
1.6720        -5977.165    -6013.708       36.543   290.0
1.6725        -5977.245    -6013.665       36.420   289.0
1.6730        -5977.346    -6013.620       36.274   287.8
1.6735        -5977.384    -6013.575       36.191   287.2
1.6740        -5977.395    -6013.532       36.137   286.7
1.6745        -5977.317    -6013.487       36.170   287.0
1.6750        -5977.299    -6013.441       36.143   286.8
1.6755        -5977.304    -6013.396       36.092   286.4
1.6760        -5977.366    -6013.350       35.984   285.5
1.6765        -5977.330    -6013.305       35.974   285.4
1.6770        -5977.417    -6013.259       35.842   284.4
1.6775        -5977.308    -6013.213       35.905   284.9
1.6780        -5977.289    -6013.165       35.876   284.7
1.6785        -5977.343    -6013.119       35.775   283.9
1.6790        -5977.317    -6013.071       35.754   283.7
1.6795        -5977.268    -6013.025       35.756   283.7
1.6800        -5977.214    -6012.981       35.767   283.8
1.6805        -5977.344    -6012.940       35.597   282.4
1.6810        -5977.430    -6012.903       35.473   281.5
1.6815        -5977.375    -6012.869       35.494   281.6
1.6820        -5977.445    -6012.839       35.394   280.8
1.6825        -5977.424    -6012.813       35.389   280.8
1.6830        -5977.447    -6012.791       35.344   280.4
1.6835        -5977.525    -6012.773       35.247   279.7
1.6840        -5977.553    -6012.761       35.208   279.4
1.6845        -5977.468    -6012.755       35.286   280.0
1.6850        -5977.483    -6012.753       35.271   279.9
1.6855        -5977.494    -6012.757       35.263   279.8
1.6860        -5977.439    -6012.765       35.326   280.3
1.6865        -5977.421    -6012.778       35.356   280.5
1.6870        -5977.442    -6012.796       35.354   280.5
1.6875        -5977.488    -6012.821       35.333   280.4
1.6880        -5977.426    -6012.849       35.423   281.1
1.6885        -5977.394    -6012.880       35.486   281.6
1.6890        -5977.394    -6012.916       35.522   281.9
1.6895        -5977.383    -6012.955       35.572   282.3
1.6900        -5977.488    -6013.000       35.512   281.8
1.6905        -5977.454    -6013.048       35.594   282.4
1.6910        -5977.541    -6013.100       35.559   282.2
1.6915        -5977.538    -6013.158       35.620   282.6
1.6920        -5977.566    -6013.219       35.653   282.9
1.6925        -5977.571    -6013.285       35.713   283.4
1.6930        -5977.637    -6013.351       35.714   283.4
1.6935        -5977.613    -6013.420       35.806   284.1
1.6940        -5977.576    -6013.490       35.914   285.0
1.6945        -5977.491    -6013.562       36.071   286.2
1.6950        -5977.452    -6013.635       36.183   287.1
1.6955        -5977.396    -6013.712       36.315   288.2
1.6960        -5977.473    -6013.786       36.313   288.1
1.6965        -5977.532    -6013.861       36.329   288.3
1.6970        -5977.534    -6013.935       36.400   288.8
1.6975        -5977.521    -6014.008       36.487   289.5
1.6980        -5977.513    -6014.080       36.566   290.1
1.6985        -5977.584    -6014.151       36.567   290.1
1.6990        -5977.516    -6014.223       36.707   291.3
1.6995        -5977.597    -6014.293       36.696   291.2
1.7000        -5977.688    -6014.360       36.672   291.0
1.7005        -5977.680    -6014.428       36.748   291.6
1.7010        -5977.688    -6014.494       36.806   292.0
1.7015        -5977.724    -6014.559       36.835   292.3
1.7020        -5977.776    -6014.621       36.845   292.4
1.7025        -5977.747    -6014.679       36.932   293.0
1.7030        -5977.691    -6014.734       37.043   293.9
1.7035        -5977.665    -6014.787       37.121   294.5
1.7040        -5977.637    -6014.837       37.200   295.2
1.7045        -5977.622    -6014.884       37.262   295.7
1.7050        -5977.594    -6014.928       37.334   296.2
1.7055        -5977.682    -6014.968       37.286   295.9
1.7060        -5977.769    -6015.006       37.237   295.5
1.7065        -5977.825    -6015.041       37.216   295.3
1.7070        -5977.815    -6015.075       37.259   295.6
1.7075        -5977.735    -6015.106       37.371   296.5
1.7080        -5977.843    -6015.136       37.293   295.9
1.7085        -5977.851    -6015.164       37.313   296.1
1.7090        -5977.800    -6015.190       37.390   296.7
1.7095        -5977.823    -6015.210       37.387   296.7
1.7100        -5977.867    -6015.227       37.360   296.4
1.7105        -5977.754    -6015.243       37.489   297.5
1.7110        -5977.749    -6015.255       37.506   297.6
1.7115        -5977.750    -6015.263       37.514   297.7
1.7120        -5977.786    -6015.265       37.479   297.4
1.7125        -5977.720    -6015.262       37.542   297.9
1.7130        -5977.713    -6015.254       37.541   297.9
1.7135        -5977.702    -6015.242       37.540   297.9
1.7140        -5977.775    -6015.227       37.452   297.2
1.7145        -5977.652    -6015.209       37.558   298.0
1.7150        -5977.623    -6015.193       37.569   298.1
1.7155        -5977.548    -6015.175       37.627   298.6
1.7160        -5977.452    -6015.155       37.704   299.2
1.7165        -5977.373    -6015.129       37.757   299.6
1.7170        -5977.398    -6015.098       37.699   299.1
1.7175        -5977.343    -6015.063       37.721   299.3
1.7180        -5977.371    -6015.027       37.656   298.8
1.7185        -5977.418    -6014.991       37.573   298.1
1.7190        -5977.418    -6014.955       37.537   297.8
1.7195        -5977.391    -6014.919       37.527   297.8
1.7200        -5977.360    -6014.882       37.522   297.7
1.7205        -5977.441    -6014.843       37.402   296.8
1.7210        -5977.399    -6014.802       37.403   296.8
1.7215        -5977.418    -6014.760       37.342   296.3
1.7220        -5977.488    -6014.716       37.228   295.4
1.7225        -5977.461    -6014.674       37.213   295.3
1.7230        -5977.384    -6014.635       37.250   295.6
1.7235        -5977.480    -6014.598       37.117   294.5
1.7240        -5977.507    -6014.561       37.055   294.0
1.7245        -5977.567    -6014.526       36.959   293.3
1.7250        -5977.543    -6014.492       36.948   293.2
1.7255        -5977.575    -6014.459       36.885   292.7
1.7260        -5977.613    -6014.426       36.814   292.1
1.7265        -5977.752    -6014.393       36.641   290.7
1.7270        -5977.686    -6014.360       36.674   291.0
1.7275        -5977.592    -6014.328       36.736   291.5
1.7280        -5977.475    -6014.298       36.824   292.2
1.7285        -5977.514    -6014.269       36.755   291.6
1.7290        -5977.425    -6014.241       36.817   292.1
1.7295        -5977.408    -6014.215       36.808   292.1
1.7300        -5977.396    -6014.189       36.794   291.9
1.7305        -5977.387    -6014.162       36.774   291.8
1.7310        -5977.318    -6014.134       36.816   292.1
1.7315        -5977.298    -6014.106       36.808   292.1
1.7320        -5977.225    -6014.081       36.856   292.4
1.7325        -5977.275    -6014.058       36.783   291.9
1.7330        -5977.321    -6014.035       36.713   291.3
1.7335        -5977.422    -6014.014       36.592   290.3
1.7340        -5977.496    -6013.993       36.497   289.6
1.7345        -5977.465    -6013.975       36.510   289.7
1.7350        -5977.402    -6013.957       36.555   290.1
1.7355        -5977.368    -6013.941       36.573   290.2
1.7360        -5977.328    -6013.925       36.597   290.4
1.7365        -5977.219    -6013.910       36.691   291.1
1.7370        -5977.245    -6013.895       36.650   290.8
1.7375        -5977.259    -6013.880       36.621   290.6
1.7380        -5977.316    -6013.868       36.553   290.0
1.7385        -5977.327    -6013.860       36.533   289.9
1.7390        -5977.347    -6013.855       36.509   289.7
1.7395        -5977.275    -6013.856       36.581   290.3
1.7400        -5977.210    -6013.860       36.649   290.8
1.7405        -5977.232    -6013.864       36.632   290.7
1.7410        -5977.226    -6013.869       36.642   290.7
1.7415        -5977.179    -6013.877       36.698   291.2
1.7420        -5977.039    -6013.885       36.847   292.4
1.7425        -5977.020    -6013.893       36.873   292.6
1.7430        -5977.018    -6013.899       36.881   292.6
1.7435        -5976.891    -6013.907       37.016   293.7
1.7440        -5976.913    -6013.916       37.002   293.6
1.7445        -5976.953    -6013.923       36.971   293.4
1.7450        -5976.978    -6013.931       36.953   293.2
1.7455        -5976.806    -6013.938       37.132   294.6
1.7460        -5976.828    -6013.945       37.117   294.5
1.7465        -5976.946    -6013.951       37.005   293.6
1.7470        -5976.867    -6013.959       37.092   294.3
1.7475        -5976.832    -6013.967       37.135   294.7
1.7480        -5976.830    -6013.974       37.144   294.7
1.7485        -5976.976    -6013.982       37.007   293.6
1.7490        -5976.909    -6013.992       37.083   294.2
1.7495        -5976.977    -6014.001       37.024   293.8
1.7500        -5976.845    -6014.008       37.163   294.9
1.7505        -5976.708    -6014.012       37.304   296.0
1.7510        -5976.806    -6014.017       37.211   295.3
1.7515        -5976.816    -6014.021       37.204   295.2
1.7520        -5976.803    -6014.024       37.221   295.3
1.7525        -5976.657    -6014.028       37.371   296.5
1.7530        -5976.657    -6014.034       37.377   296.6
1.7535        -5976.694    -6014.039       37.345   296.3
1.7540        -5976.606    -6014.041       37.435   297.0
1.7545        -5976.624    -6014.042       37.418   296.9
1.7550        -5976.575    -6014.045       37.470   297.3
1.7555        -5976.499    -6014.046       37.547   297.9
1.7560        -5976.477    -6014.047       37.570   298.1
1.7565        -5976.475    -6014.047       37.571   298.1
1.7570        -5976.439    -6014.046       37.607   298.4
1.7575        -5976.455    -6014.048       37.593   298.3
1.7580        -5976.395    -6014.052       37.658   298.8
1.7585        -5976.424    -6014.058       37.634   298.6
1.7590        -5976.378    -6014.065       37.687   299.0
1.7595        -5976.326    -6014.073       37.748   299.5
1.7600        -5976.186    -6014.083       37.897   300.7
1.7605        -5976.186    -6014.094       37.908   300.8
1.7610        -5976.242    -6014.106       37.864   300.4
1.7615        -5976.215    -6014.118       37.903   300.8
1.7620        -5976.204    -6014.130       37.926   300.9
1.7625        -5976.153    -6014.141       37.989   301.4
1.7630        -5976.086    -6014.152       38.066   302.0
1.7635        -5976.215    -6014.163       37.948   301.1
1.7640        -5976.161    -6014.173       38.013   301.6
1.7645        -5976.102    -6014.182       38.080   302.2
1.7650        -5976.202    -6014.190       37.988   301.4
1.7655        -5976.210    -6014.197       37.987   301.4
1.7660        -5976.193    -6014.201       38.008   301.6
1.7665        -5976.110    -6014.203       38.094   302.3
1.7670        -5976.012    -6014.203       38.192   303.0
1.7675        -5975.931    -6014.199       38.268   303.6
1.7680        -5975.839    -6014.192       38.353   304.3
1.7685        -5975.901    -6014.185       38.284   303.8
1.7690        -5975.794    -6014.176       38.381   304.5
1.7695        -5975.867    -6014.164       38.298   303.9
1.7700        -5975.873    -6014.150       38.277   303.7
1.7705        -5975.845    -6014.135       38.290   303.8
1.7710        -5975.749    -6014.117       38.368   304.4
1.7715        -5975.790    -6014.097       38.307   304.0
1.7720        -5975.771    -6014.074       38.302   303.9
1.7725        -5975.854    -6014.047       38.193   303.0
1.7730        -5975.937    -6014.016       38.079   302.1
1.7735        -5975.923    -6013.981       38.058   302.0
1.7740        -5975.880    -6013.944       38.063   302.0
1.7745        -5975.887    -6013.905       38.018   301.7
1.7750        -5975.834    -6013.863       38.029   301.7
1.7755        -5975.787    -6013.819       38.032   301.8
1.7760        -5975.685    -6013.773       38.088   302.2
1.7765        -5975.704    -6013.723       38.019   301.7
1.7770        -5975.777    -6013.670       37.893   300.7
1.7775        -5975.726    -6013.617       37.891   300.7
1.7780        -5975.753    -6013.562       37.810   300.0
1.7785        -5975.685    -6013.506       37.821   300.1
1.7790        -5975.647    -6013.450       37.803   300.0
1.7795        -5975.526    -6013.392       37.866   300.5
1.7800        -5975.514    -6013.332       37.818   300.1
1.7805        -5975.527    -6013.273       37.747   299.5
1.7810        -5975.576    -6013.215       37.638   298.6
1.7815        -5975.605    -6013.157       37.552   298.0
1.7820        -5975.504    -6013.099       37.595   298.3
1.7825        -5975.615    -6013.042       37.428   297.0
1.7830        -5975.559    -6012.988       37.430   297.0
1.7835        -5975.621    -6012.938       37.316   296.1
1.7840        -5975.670    -6012.890       37.220   295.3
1.7845        -5975.592    -6012.846       37.253   295.6
1.7850        -5975.491    -6012.802       37.311   296.1
1.7855        -5975.471    -6012.761       37.290   295.9
1.7860        -5975.517    -6012.724       37.207   295.2
1.7865        -5975.488    -6012.692       37.203   295.2
1.7870        -5975.482    -6012.662       37.180   295.0
1.7875        -5975.626    -6012.634       37.008   293.6
1.7880        -5975.513    -6012.610       37.097   294.4
1.7885        -5975.479    -6012.590       37.111   294.5
1.7890        -5975.433    -6012.573       37.140   294.7
1.7895        -5975.496    -6012.561       37.065   294.1
1.7900        -5975.389    -6012.555       37.166   294.9
1.7905        -5975.379    -6012.552       37.173   295.0
1.7910        -5975.302    -6012.553       37.251   295.6
1.7915        -5975.374    -6012.559       37.185   295.1
1.7920        -5975.372    -6012.571       37.199   295.2
1.7925        -5975.371    -6012.584       37.213   295.3
1.7930        -5975.395    -6012.600       37.206   295.2
1.7935        -5975.407    -6012.619       37.213   295.3
1.7940        -5975.352    -6012.640       37.288   295.9
1.7945        -5975.463    -6012.662       37.199   295.2
1.7950        -5975.384    -6012.685       37.301   296.0
1.7955        -5975.412    -6012.710       37.298   295.9
1.7960        -5975.347    -6012.737       37.390   296.7
1.7965        -5975.400    -6012.765       37.365   296.5
1.7970        -5975.376    -6012.792       37.417   296.9
1.7975        -5975.371    -6012.820       37.449   297.1
1.7980        -5975.262    -6012.849       37.587   298.2
1.7985        -5975.321    -6012.875       37.553   298.0
1.7990        -5975.282    -6012.899       37.617   298.5
1.7995        -5975.242    -6012.923       37.681   299.0
1.8000        -5975.272    -6012.945       37.673   298.9
1.8005        -5975.304    -6012.966       37.662   298.8
1.8010        -5975.302    -6012.985       37.683   299.0
1.8015        -5975.299    -6012.999       37.701   299.1
1.8020        -5975.211    -6013.013       37.802   299.9
1.8025        -5975.183    -6013.024       37.841   300.3
1.8030        -5975.088    -6013.033       37.945   301.1
1.8035        -5975.141    -6013.037       37.896   300.7
1.8040        -5975.032    -6013.039       38.007   301.6
1.8045        -5975.086    -6013.040       37.954   301.2
1.8050        -5974.975    -6013.040       38.065   302.0
1.8055        -5974.947    -6013.038       38.091   302.2
1.8060        -5974.937    -6013.033       38.096   302.3
1.8065        -5974.907    -6013.026       38.119   302.5
1.8070        -5974.918    -6013.017       38.099   302.3
1.8075        -5974.921    -6013.009       38.088   302.2
1.8080        -5974.868    -6013.000       38.132   302.6
1.8085        -5974.963    -6012.990       38.027   301.7
1.8090        -5975.001    -6012.976       37.976   301.3
1.8095        -5974.998    -6012.962       37.965   301.2
1.8100        -5974.999    -6012.949       37.950   301.1
1.8105        -5975.023    -6012.932       37.909   300.8
1.8110        -5975.043    -6012.914       37.872   300.5
1.8115        -5975.146    -6012.898       37.752   299.5
1.8120        -5975.165    -6012.879       37.714   299.3
1.8125        -5975.179    -6012.861       37.682   299.0
1.8130        -5975.222    -6012.841       37.619   298.5
1.8135        -5975.283    -6012.821       37.539   297.9
1.8140        -5975.343    -6012.802       37.459   297.2
1.8145        -5975.304    -6012.784       37.480   297.4
1.8150        -5975.263    -6012.766       37.503   297.6
1.8155        -5975.262    -6012.747       37.485   297.4
1.8160        -5975.294    -6012.729       37.435   297.0
1.8165        -5975.259    -6012.712       37.453   297.2
1.8170        -5975.232    -6012.700       37.468   297.3
1.8175        -5975.195    -6012.691       37.496   297.5
1.8180        -5975.065    -6012.685       37.620   298.5
1.8185        -5975.139    -6012.682       37.543   297.9
1.8190        -5975.193    -6012.683       37.490   297.5
1.8195        -5975.268    -6012.685       37.417   296.9
1.8200        -5975.299    -6012.687       37.388   296.7
1.8205        -5975.325    -6012.691       37.366   296.5
1.8210        -5975.211    -6012.697       37.486   297.4
1.8215        -5975.178    -6012.705       37.527   297.8
1.8220        -5975.190    -6012.717       37.527   297.8
1.8225        -5975.200    -6012.734       37.533   297.8
1.8230        -5975.304    -6012.754       37.449   297.2
1.8235        -5975.267    -6012.775       37.508   297.6
1.8240        -5975.191    -6012.798       37.607   298.4
1.8245        -5975.245    -6012.819       37.574   298.1
1.8250        -5975.086    -6012.839       37.753   299.6
1.8255        -5975.189    -6012.858       37.669   298.9
1.8260        -5975.240    -6012.878       37.638   298.6
1.8265        -5975.260    -6012.896       37.636   298.6
1.8270        -5975.304    -6012.911       37.607   298.4
1.8275        -5975.275    -6012.925       37.650   298.7
1.8280        -5975.345    -6012.935       37.590   298.3
1.8285        -5975.267    -6012.944       37.678   299.0
1.8290        -5975.312    -6012.954       37.641   298.7
1.8295        -5975.410    -6012.959       37.549   297.9
1.8300        -5975.410    -6012.962       37.552   298.0
1.8305        -5975.504    -6012.963       37.460   297.2
1.8310        -5975.476    -6012.962       37.486   297.4
1.8315        -5975.482    -6012.959       37.478   297.4
1.8320        -5975.445    -6012.953       37.508   297.6
1.8325        -5975.436    -6012.943       37.507   297.6
1.8330        -5975.533    -6012.932       37.400   296.8
1.8335        -5975.468    -6012.918       37.451   297.2
1.8340        -5975.403    -6012.901       37.497   297.5
1.8345        -5975.490    -6012.879       37.389   296.7
1.8350        -5975.444    -6012.855       37.411   296.8
1.8355        -5975.512    -6012.829       37.318   296.1
1.8360        -5975.543    -6012.801       37.259   295.6
1.8365        -5975.617    -6012.771       37.155   294.8
1.8370        -5975.704    -6012.738       37.035   293.9
1.8375        -5975.802    -6012.704       36.901   292.8
1.8380        -5975.893    -6012.667       36.774   291.8
1.8385        -5975.895    -6012.632       36.737   291.5
1.8390        -5975.954    -6012.598       36.644   290.8
1.8395        -5975.986    -6012.564       36.578   290.2
1.8400        -5975.965    -6012.532       36.567   290.1
1.8405        -5975.957    -6012.499       36.542   290.0
1.8410        -5975.875    -6012.465       36.590   290.3
1.8415        -5975.842    -6012.429       36.587   290.3
1.8420        -5975.894    -6012.395       36.500   289.6
1.8425        -5975.951    -6012.363       36.413   288.9
1.8430        -5975.938    -6012.334       36.397   288.8
1.8435        -5976.000    -6012.308       36.308   288.1
1.8440        -5975.941    -6012.283       36.343   288.4
1.8445        -5975.966    -6012.261       36.295   288.0
1.8450        -5975.923    -6012.241       36.318   288.2
1.8455        -5975.927    -6012.224       36.297   288.0
1.8460        -5975.851    -6012.212       36.361   288.5
1.8465        -5975.885    -6012.202       36.317   288.2
1.8470        -5975.805    -6012.197       36.392   288.8
1.8475        -5975.711    -6012.197       36.486   289.5
1.8480        -5975.676    -6012.201       36.525   289.8
1.8485        -5975.631    -6012.206       36.575   290.2
1.8490        -5975.573    -6012.215       36.642   290.7
1.8495        -5975.605    -6012.230       36.625   290.6
1.8500        -5975.602    -6012.249       36.646   290.8
1.8505        -5975.650    -6012.272       36.622   290.6
1.8510        -5975.593    -6012.300       36.706   291.3
1.8515        -5975.577    -6012.331       36.753   291.6
1.8520        -5975.551    -6012.364       36.813   292.1
1.8525        -5975.625    -6012.398       36.773   291.8
1.8530        -5975.569    -6012.435       36.866   292.5
1.8535        -5975.627    -6012.472       36.845   292.4
1.8540        -5975.584    -6012.514       36.929   293.0
1.8545        -5975.661    -6012.558       36.896   292.8
1.8550        -5975.632    -6012.604       36.972   293.4
1.8555        -5975.573    -6012.649       37.076   294.2
1.8560        -5975.666    -6012.695       37.028   293.8
1.8565        -5975.553    -6012.739       37.186   295.1
1.8570        -5975.468    -6012.782       37.313   296.1
1.8575        -5975.593    -6012.822       37.229   295.4
1.8580        -5975.685    -6012.861       37.175   295.0
1.8585        -5975.548    -6012.897       37.350   296.4
1.8590        -5975.526    -6012.934       37.408   296.8
1.8595        -5975.482    -6012.967       37.485   297.4
1.8600        -5975.369    -6012.998       37.629   298.6
1.8605        -5975.429    -6013.025       37.596   298.3
1.8610        -5975.509    -6013.048       37.539   297.9
1.8615        -5975.413    -6013.067       37.653   298.8
1.8620        -5975.409    -6013.081       37.672   298.9
1.8625        -5975.468    -6013.092       37.624   298.5
1.8630        -5975.352    -6013.102       37.750   299.5
1.8635        -5975.369    -6013.105       37.736   299.4
1.8640        -5975.422    -6013.101       37.679   299.0
1.8645        -5975.460    -6013.090       37.630   298.6
1.8650        -5975.511    -6013.075       37.564   298.1
1.8655        -5975.490    -6013.059       37.568   298.1
1.8660        -5975.514    -6013.041       37.527   297.8
1.8665        -5975.487    -6013.019       37.533   297.8
1.8670        -5975.504    -6012.994       37.489   297.5
1.8675        -5975.465    -6012.963       37.498   297.5
1.8680        -5975.452    -6012.929       37.477   297.4
1.8685        -5975.498    -6012.889       37.391   296.7
1.8690        -5975.444    -6012.844       37.400   296.8
1.8695        -5975.478    -6012.796       37.319   296.1
1.8700        -5975.398    -6012.747       37.349   296.4
1.8705        -5975.382    -6012.696       37.314   296.1
1.8710        -5975.388    -6012.643       37.256   295.6
1.8715        -5975.304    -6012.591       37.287   295.9
1.8720        -5975.295    -6012.540       37.245   295.5
1.8725        -5975.266    -6012.492       37.225   295.4
1.8730        -5975.138    -6012.446       37.308   296.0
1.8735        -5975.222    -6012.404       37.183   295.0
1.8740        -5975.150    -6012.364       37.214   295.3
1.8745        -5975.133    -6012.326       37.193   295.1
1.8750        -5975.180    -6012.290       37.110   294.5
1.8755        -5975.180    -6012.254       37.074   294.2
1.8760        -5975.179    -6012.223       37.044   293.9
1.8765        -5975.242    -6012.196       36.954   293.2
1.8770        -5975.167    -6012.174       37.007   293.6
1.8775        -5975.162    -6012.157       36.995   293.5
1.8780        -5975.116    -6012.147       37.031   293.8
1.8785        -5975.121    -6012.141       37.020   293.7
1.8790        -5975.083    -6012.136       37.053   294.0
1.8795        -5975.105    -6012.134       37.028   293.8
1.8800        -5975.209    -6012.137       36.927   293.0
1.8805        -5975.217    -6012.145       36.928   293.0
1.8810        -5975.174    -6012.159       36.984   293.5
1.8815        -5975.145    -6012.177       37.033   293.8
1.8820        -5975.152    -6012.201       37.049   294.0
1.8825        -5975.092    -6012.230       37.138   294.7
1.8830        -5975.121    -6012.264       37.143   294.7
1.8835        -5975.102    -6012.302       37.200   295.2
1.8840        -5975.136    -6012.343       37.207   295.2
1.8845        -5974.987    -6012.386       37.398   296.7
1.8850        -5975.025    -6012.430       37.406   296.8
1.8855        -5974.922    -6012.477       37.555   298.0
1.8860        -5974.878    -6012.525       37.646   298.7
1.8865        -5974.968    -6012.573       37.605   298.4
1.8870        -5974.899    -6012.623       37.723   299.3
1.8875        -5974.934    -6012.674       37.740   299.5
1.8880        -5974.982    -6012.724       37.742   299.5
1.8885        -5975.025    -6012.773       37.748   299.5
1.8890        -5975.017    -6012.822       37.805   300.0
1.8895        -5975.001    -6012.870       37.869   300.5
1.8900        -5975.077    -6012.915       37.838   300.2
1.8905        -5975.030    -6012.958       37.929   301.0
1.8910        -5975.061    -6013.001       37.941   301.0
1.8915        -5975.064    -6013.042       37.978   301.3
1.8920        -5974.911    -6013.079       38.168   302.9
1.8925        -5974.882    -6013.117       38.235   303.4
1.8930        -5974.927    -6013.155       38.228   303.3
1.8935        -5974.946    -6013.190       38.243   303.5
1.8940        -5975.033    -6013.225       38.192   303.0
1.8945        -5974.934    -6013.259       38.325   304.1
1.8950        -5974.976    -6013.293       38.317   304.0
1.8955        -5975.041    -6013.325       38.285   303.8
1.8960        -5974.956    -6013.354       38.398   304.7
1.8965        -5974.889    -6013.382       38.493   305.4
1.8970        -5974.893    -6013.408       38.514   305.6
1.8975        -5974.797    -6013.431       38.634   306.6
1.8980        -5974.760    -6013.457       38.697   307.0
1.8985        -5974.660    -6013.481       38.821   308.0
1.8990        -5974.770    -6013.503       38.733   307.3
1.8995        -5974.695    -6013.525       38.830   308.1
1.9000        -5974.759    -6013.544       38.785   307.7
1.9005        -5974.742    -6013.561       38.820   308.0
1.9010        -5974.691    -6013.578       38.887   308.6
1.9015        -5974.773    -6013.596       38.822   308.0
1.9020        -5974.774    -6013.613       38.839   308.2
1.9025        -5974.711    -6013.631       38.920   308.8
1.9030        -5974.754    -6013.646       38.892   308.6
1.9035        -5974.784    -6013.659       38.875   308.5
1.9040        -5974.713    -6013.670       38.957   309.1
1.9045        -5974.757    -6013.680       38.923   308.8
1.9050        -5974.698    -6013.692       38.994   309.4
1.9055        -5974.744    -6013.702       38.958   309.1
1.9060        -5974.753    -6013.712       38.959   309.1
1.9065        -5974.681    -6013.725       39.044   309.8
1.9070        -5974.713    -6013.740       39.027   309.7
1.9075        -5974.717    -6013.757       39.040   309.8
1.9080        -5974.717    -6013.772       39.056   309.9
1.9085        -5974.602    -6013.787       39.185   310.9
1.9090        -5974.549    -6013.802       39.252   311.5
1.9095        -5974.508    -6013.814       39.306   311.9
1.9100        -5974.504    -6013.823       39.319   312.0
1.9105        -5974.449    -6013.830       39.381   312.5
1.9110        -5974.500    -6013.831       39.332   312.1
1.9115        -5974.396    -6013.830       39.434   312.9
1.9120        -5974.339    -6013.828       39.489   313.3
1.9125        -5974.374    -6013.825       39.451   313.0
1.9130        -5974.357    -6013.819       39.462   313.1
1.9135        -5974.334    -6013.809       39.475   313.2
1.9140        -5974.345    -6013.794       39.449   313.0
1.9145        -5974.287    -6013.776       39.489   313.3
1.9150        -5974.304    -6013.756       39.452   313.0
1.9155        -5974.184    -6013.733       39.549   313.8
1.9160        -5974.139    -6013.704       39.565   313.9
1.9165        -5974.169    -6013.671       39.502   313.4
1.9170        -5974.180    -6013.634       39.454   313.1
1.9175        -5974.251    -6013.595       39.344   312.2
1.9180        -5974.276    -6013.555       39.279   311.7
1.9185        -5974.223    -6013.511       39.289   311.7
1.9190        -5974.305    -6013.464       39.159   310.7
1.9195        -5974.229    -6013.415       39.186   310.9
1.9200        -5974.207    -6013.365       39.158   310.7
1.9205        -5974.148    -6013.311       39.163   310.7
1.9210        -5974.217    -6013.252       39.035   309.7
1.9215        -5974.080    -6013.188       39.108   310.3
1.9220        -5974.128    -6013.117       38.989   309.4
1.9225        -5974.169    -6013.042       38.873   308.4
1.9230        -5974.235    -6012.967       38.732   307.3
1.9235        -5974.262    -6012.888       38.626   306.5
1.9240        -5974.319    -6012.805       38.486   305.4
1.9245        -5974.325    -6012.717       38.393   304.6
1.9250        -5974.356    -6012.627       38.271   303.7
1.9255        -5974.348    -6012.534       38.187   303.0
1.9260        -5974.464    -6012.441       37.977   301.3
1.9265        -5974.356    -6012.347       37.991   301.4
1.9270        -5974.298    -6012.252       37.954   301.2
1.9275        -5974.306    -6012.156       37.851   300.3
1.9280        -5974.453    -6012.060       37.607   298.4
1.9285        -5974.380    -6011.963       37.583   298.2
1.9290        -5974.388    -6011.870       37.482   297.4
1.9295        -5974.473    -6011.780       37.307   296.0
1.9300        -5974.426    -6011.695       37.269   295.7
1.9305        -5974.466    -6011.615       37.150   294.8
1.9310        -5974.433    -6011.543       37.110   294.5
1.9315        -5974.415    -6011.475       37.061   294.1
1.9320        -5974.410    -6011.413       37.003   293.6
1.9325        -5974.469    -6011.357       36.888   292.7
1.9330        -5974.467    -6011.303       36.836   292.3
1.9335        -5974.441    -6011.256       36.815   292.1
1.9340        -5974.612    -6011.214       36.601   290.4
1.9345        -5974.652    -6011.177       36.525   289.8
1.9350        -5974.658    -6011.146       36.487   289.5
1.9355        -5974.594    -6011.121       36.527   289.8
1.9360        -5974.603    -6011.105       36.502   289.6
1.9365        -5974.514    -6011.094       36.580   290.2
1.9370        -5974.403    -6011.088       36.685   291.1
1.9375        -5974.604    -6011.090       36.486   289.5
1.9380        -5974.673    -6011.097       36.424   289.0
1.9385        -5974.717    -6011.108       36.391   288.8
1.9390        -5974.773    -6011.125       36.352   288.4
1.9395        -5974.787    -6011.148       36.361   288.5
1.9400        -5974.813    -6011.176       36.363   288.5
1.9405        -5974.876    -6011.208       36.332   288.3
1.9410        -5974.863    -6011.243       36.381   288.7
1.9415        -5974.850    -6011.281       36.431   289.1
1.9420        -5974.905    -6011.323       36.419   289.0
1.9425        -5974.989    -6011.368       36.378   288.7
1.9430        -5975.133    -6011.418       36.285   287.9
1.9435        -5975.145    -6011.475       36.329   288.3
1.9440        -5975.196    -6011.535       36.340   288.3
1.9445        -5975.206    -6011.600       36.394   288.8
1.9450        -5975.289    -6011.666       36.378   288.6
1.9455        -5975.353    -6011.736       36.384   288.7
1.9460        -5975.397    -6011.810       36.413   288.9
1.9465        -5975.434    -6011.886       36.452   289.2
1.9470        -5975.408    -6011.964       36.556   290.1
1.9475        -5975.445    -6012.042       36.597   290.4
1.9480        -5975.466    -6012.120       36.655   290.8
1.9485        -5975.458    -6012.200       36.742   291.5
1.9490        -5975.502    -6012.279       36.777   291.8
1.9495        -5975.384    -6012.359       36.974   293.4
1.9500        -5975.323    -6012.438       37.115   294.5
1.9505        -5975.317    -6012.519       37.201   295.2
1.9510        -5975.332    -6012.596       37.263   295.7
1.9515        -5975.382    -6012.671       37.290   295.9
1.9520        -5975.362    -6012.745       37.383   296.6
1.9525        -5975.287    -6012.817       37.530   297.8
1.9530        -5975.252    -6012.884       37.633   298.6
1.9535        -5975.206    -6012.947       37.741   299.5
1.9540        -5975.119    -6013.007       37.888   300.6
1.9545        -5975.079    -6013.065       37.986   301.4
1.9550        -5975.134    -6013.122       37.988   301.4
1.9555        -5975.126    -6013.175       38.050   301.9
1.9560        -5975.203    -6013.228       38.025   301.7
1.9565        -5975.148    -6013.278       38.130   302.6
1.9570        -5975.170    -6013.326       38.156   302.8
1.9575        -5975.105    -6013.368       38.263   303.6
1.9580        -5974.968    -6013.406       38.438   305.0
1.9585        -5975.005    -6013.441       38.436   305.0
1.9590        -5975.000    -6013.473       38.474   305.3
1.9595        -5975.032    -6013.504       38.471   305.3
1.9600        -5974.978    -6013.531       38.553   305.9
1.9605        -5975.075    -6013.556       38.481   305.3
1.9610        -5975.151    -6013.580       38.429   304.9
1.9615        -5975.068    -6013.601       38.533   305.7
1.9620        -5975.085    -6013.619       38.534   305.8
1.9625        -5975.059    -6013.637       38.578   306.1
1.9630        -5975.235    -6013.653       38.418   304.8
1.9635        -5975.241    -6013.667       38.425   304.9
1.9640        -5975.289    -6013.679       38.389   304.6
1.9645        -5975.426    -6013.689       38.263   303.6
1.9650        -5975.380    -6013.695       38.315   304.0
1.9655        -5975.314    -6013.698       38.384   304.6
1.9660        -5975.362    -6013.697       38.335   304.2
1.9665        -5975.383    -6013.693       38.310   304.0
1.9670        -5975.379    -6013.690       38.311   304.0
1.9675        -5975.431    -6013.689       38.258   303.6
1.9680        -5975.335    -6013.688       38.353   304.3
1.9685        -5975.240    -6013.689       38.449   305.1
1.9690        -5975.307    -6013.693       38.386   304.6
1.9695        -5975.380    -6013.698       38.318   304.0
1.9700        -5975.332    -6013.705       38.373   304.5
1.9705        -5975.368    -6013.713       38.345   304.3
1.9710        -5975.379    -6013.726       38.346   304.3
1.9715        -5975.315    -6013.741       38.426   304.9
1.9720        -5975.220    -6013.757       38.537   305.8
1.9725        -5975.235    -6013.773       38.538   305.8
1.9730        -5975.219    -6013.790       38.571   306.0
1.9735        -5975.256    -6013.809       38.553   305.9
1.9740        -5975.262    -6013.832       38.570   306.0
1.9745        -5975.217    -6013.858       38.642   306.6
1.9750        -5975.200    -6013.889       38.689   307.0
1.9755        -5975.134    -6013.926       38.792   307.8
1.9760        -5975.129    -6013.966       38.837   308.2
1.9765        -5975.113    -6014.007       38.894   308.6
1.9770        -5975.052    -6014.049       38.997   309.4
1.9775        -5975.037    -6014.093       39.056   309.9
1.9780        -5975.087    -6014.138       39.051   309.9
1.9785        -5975.084    -6014.183       39.099   310.2
1.9790        -5975.066    -6014.227       39.161   310.7
1.9795        -5975.099    -6014.270       39.171   310.8
1.9800        -5975.134    -6014.310       39.175   310.8
1.9805        -5975.172    -6014.346       39.174   310.8
1.9810        -5975.202    -6014.379       39.177   310.9
1.9815        -5975.272    -6014.407       39.134   310.5
1.9820        -5975.251    -6014.428       39.177   310.9
1.9825        -5975.229    -6014.443       39.214   311.1
1.9830        -5975.279    -6014.452       39.173   310.8
1.9835        -5975.287    -6014.455       39.168   310.8
1.9840        -5975.217    -6014.453       39.235   311.3
1.9845        -5975.192    -6014.446       39.254   311.5
1.9850        -5975.208    -6014.436       39.228   311.3
1.9855        -5975.294    -6014.419       39.125   310.4
1.9860        -5975.330    -6014.395       39.065   310.0
1.9865        -5975.369    -6014.362       38.993   309.4
1.9870        -5975.250    -6014.322       39.072   310.0
1.9875        -5975.227    -6014.276       39.049   309.8
1.9880        -5975.260    -6014.227       38.967   309.2
1.9885        -5975.290    -6014.173       38.883   308.5
1.9890        -5975.304    -6014.117       38.813   308.0
1.9895        -5975.334    -6014.057       38.723   307.3
1.9900        -5975.408    -6013.994       38.586   306.2
1.9905        -5975.425    -6013.928       38.503   305.5
1.9910        -5975.420    -6013.860       38.440   305.0
1.9915        -5975.490    -6013.789       38.299   303.9
1.9920        -5975.538    -6013.716       38.178   302.9
1.9925        -5975.543    -6013.645       38.102   302.3
1.9930        -5975.670    -6013.573       37.903   300.7
1.9935        -5975.713    -6013.500       37.787   299.8
1.9940        -5975.679    -6013.430       37.751   299.5
1.9945        -5975.768    -6013.361       37.593   298.3
1.9950        -5975.690    -6013.296       37.606   298.4
1.9955        -5975.811    -6013.236       37.425   297.0
1.9960        -5975.782    -6013.179       37.397   296.7
1.9965        -5975.758    -6013.124       37.366   296.5
1.9970        -5975.712    -6013.074       37.363   296.5
1.9975        -5975.706    -6013.028       37.322   296.1
1.9980        -5975.829    -6012.983       37.154   294.8
1.9985        -5975.737    -6012.943       37.205   295.2
1.9990        -5975.792    -6012.903       37.111   294.5
1.9995        -5975.788    -6012.869       37.081   294.2
2.0000        -5975.688    -6012.837       37.149   294.8
2.0005        -5975.718    -6012.811       37.092   294.3
2.0010        -5975.765    -6012.788       37.023   293.8
2.0015        -5975.827    -6012.769       36.941   293.1
2.0020        -5975.875    -6012.754       36.879   292.6
2.0025        -5975.859    -6012.743       36.884   292.7
2.0030        -5975.881    -6012.736       36.855   292.4
2.0035        -5975.898    -6012.734       36.836   292.3
2.0040        -5975.833    -6012.736       36.903   292.8
2.0045        -5975.882    -6012.738       36.857   292.4
2.0050        -5975.867    -6012.741       36.874   292.6
2.0055        -5975.859    -6012.748       36.889   292.7
2.0060        -5975.826    -6012.758       36.932   293.0
2.0065        -5975.762    -6012.769       37.006   293.6
2.0070        -5975.805    -6012.780       36.975   293.4
2.0075        -5975.778    -6012.791       37.013   293.7
2.0080        -5975.882    -6012.802       36.920   293.0
2.0085        -5975.844    -6012.812       36.968   293.3
2.0090        -5975.779    -6012.822       37.043   293.9
2.0095        -5975.720    -6012.831       37.111   294.5
2.0100        -5975.681    -6012.841       37.160   294.9
2.0105        -5975.662    -6012.851       37.189   295.1
2.0110        -5975.655    -6012.860       37.205   295.2
2.0115        -5975.686    -6012.866       37.180   295.0
2.0120        -5975.707    -6012.871       37.164   294.9
2.0125        -5975.562    -6012.873       37.311   296.1
2.0130        -5975.597    -6012.871       37.274   295.8
2.0135        -5975.585    -6012.870       37.284   295.8
2.0140        -5975.550    -6012.867       37.317   296.1
2.0145        -5975.643    -6012.864       37.221   295.3
2.0150        -5975.663    -6012.860       37.197   295.1
2.0155        -5975.642    -6012.855       37.213   295.3
2.0160        -5975.784    -6012.847       37.063   294.1
2.0165        -5975.667    -6012.836       37.170   294.9
2.0170        -5975.762    -6012.825       37.063   294.1
2.0175        -5975.780    -6012.813       37.033   293.8
2.0180        -5975.845    -6012.802       36.957   293.2
2.0185        -5975.718    -6012.791       37.072   294.2
2.0190        -5975.907    -6012.780       36.873   292.6
2.0195        -5975.822    -6012.771       36.950   293.2
2.0200        -5975.774    -6012.766       36.992   293.5
2.0205        -5975.791    -6012.762       36.971   293.4
2.0210        -5975.756    -6012.759       37.003   293.6
2.0215        -5975.699    -6012.756       37.057   294.0
2.0220        -5975.656    -6012.756       37.100   294.4
2.0225        -5975.603    -6012.758       37.155   294.8
2.0230        -5975.719    -6012.757       37.038   293.9
2.0235        -5975.759    -6012.756       36.998   293.6
2.0240        -5975.815    -6012.759       36.944   293.1
2.0245        -5975.728    -6012.764       37.035   293.9
2.0250        -5975.685    -6012.771       37.086   294.3
2.0255        -5975.675    -6012.780       37.104   294.4
2.0260        -5975.592    -6012.791       37.200   295.2
2.0265        -5975.628    -6012.807       37.178   295.0
2.0270        -5975.540    -6012.824       37.284   295.8
2.0275        -5975.584    -6012.839       37.256   295.6
2.0280        -5975.625    -6012.857       37.231   295.4
2.0285        -5975.636    -6012.875       37.239   295.5
2.0290        -5975.763    -6012.893       37.131   294.6
2.0295        -5975.755    -6012.914       37.159   294.8
2.0300        -5975.799    -6012.939       37.140   294.7
2.0305        -5975.814    -6012.963       37.149   294.8
2.0310        -5975.766    -6012.988       37.221   295.3
2.0315        -5975.708    -6013.012       37.304   296.0
2.0320        -5975.824    -6013.039       37.215   295.3
2.0325        -5975.866    -6013.066       37.200   295.2
2.0330        -5975.935    -6013.093       37.158   294.8
2.0335        -5975.908    -6013.121       37.214   295.3
2.0340        -5975.916    -6013.149       37.234   295.4
2.0345        -5975.851    -6013.176       37.325   296.2
2.0350        -5975.936    -6013.202       37.266   295.7
2.0355        -5975.982    -6013.229       37.247   295.5
2.0360        -5976.085    -6013.256       37.171   294.9
2.0365        -5975.967    -6013.282       37.315   296.1
2.0370        -5975.945    -6013.306       37.361   296.5
2.0375        -5975.871    -6013.329       37.459   297.2
2.0380        -5975.970    -6013.353       37.383   296.6
2.0385        -5976.029    -6013.377       37.348   296.3
2.0390        -5976.083    -6013.403       37.320   296.1
2.0395        -5976.114    -6013.428       37.314   296.1
2.0400        -5976.045    -6013.451       37.406   296.8
2.0405        -5976.110    -6013.474       37.364   296.5
2.0410        -5975.999    -6013.497       37.497   297.5
2.0415        -5975.962    -6013.519       37.557   298.0
2.0420        -5975.901    -6013.540       37.639   298.7
2.0425        -5975.730    -6013.561       37.831   300.2
2.0430        -5975.708    -6013.580       37.873   300.5
2.0435        -5975.691    -6013.598       37.907   300.8
2.0440        -5975.698    -6013.615       37.917   300.9
2.0445        -5975.637    -6013.634       37.996   301.5
2.0450        -5975.632    -6013.654       38.022   301.7
2.0455        -5975.495    -6013.676       38.181   303.0
2.0460        -5975.361    -6013.698       38.337   304.2
2.0465        -5975.334    -6013.721       38.387   304.6
2.0470        -5975.366    -6013.743       38.377   304.5
2.0475        -5975.331    -6013.762       38.431   304.9
2.0480        -5975.315    -6013.777       38.462   305.2
2.0485        -5975.299    -6013.791       38.492   305.4
2.0490        -5975.368    -6013.802       38.434   305.0
2.0495        -5975.465    -6013.813       38.348   304.3
2.0500        -5975.541    -6013.822       38.280   303.7
2.0505        -5975.463    -6013.829       38.366   304.4
2.0510        -5975.536    -6013.835       38.300   303.9
2.0515        -5975.614    -6013.842       38.228   303.3
2.0520        -5975.621    -6013.844       38.223   303.3
2.0525        -5975.575    -6013.843       38.268   303.6
2.0530        -5975.629    -6013.842       38.213   303.2
2.0535        -5975.638    -6013.839       38.201   303.1
2.0540        -5975.685    -6013.835       38.150   302.7
2.0545        -5975.671    -6013.830       38.159   302.8
2.0550        -5975.722    -6013.822       38.100   302.3
2.0555        -5975.636    -6013.810       38.174   302.9
2.0560        -5975.715    -6013.795       38.080   302.2
2.0565        -5975.832    -6013.778       37.946   301.1
2.0570        -5975.747    -6013.760       38.013   301.6
2.0575        -5975.873    -6013.740       37.866   300.5
2.0580        -5975.896    -6013.718       37.822   300.1
2.0585        -5975.914    -6013.694       37.781   299.8
2.0590        -5975.961    -6013.671       37.710   299.2
2.0595        -5975.992    -6013.644       37.652   298.8
2.0600        -5975.974    -6013.614       37.641   298.7
2.0605        -5975.980    -6013.584       37.604   298.4
2.0610        -5975.961    -6013.549       37.588   298.2
2.0615        -5976.004    -6013.511       37.508   297.6
2.0620        -5975.974    -6013.474       37.500   297.6
2.0625        -5975.922    -6013.439       37.518   297.7
2.0630        -5975.942    -6013.408       37.465   297.3
2.0635        -5975.970    -6013.377       37.407   296.8
2.0640        -5975.969    -6013.349       37.380   296.6
2.0645        -5975.874    -6013.324       37.451   297.2
2.0650        -5975.927    -6013.302       37.375   296.6
2.0655        -5975.978    -6013.283       37.305   296.0
2.0660        -5976.007    -6013.265       37.259   295.6
2.0665        -5976.095    -6013.245       37.150   294.8
2.0670        -5976.165    -6013.225       37.060   294.1
2.0675        -5976.232    -6013.209       36.977   293.4
2.0680        -5976.179    -6013.196       37.017   293.7
2.0685        -5976.204    -6013.186       36.981   293.4
2.0690        -5976.205    -6013.177       36.971   293.4
2.0695        -5976.186    -6013.168       36.982   293.4
2.0700        -5976.096    -6013.160       37.064   294.1
2.0705        -5976.032    -6013.153       37.122   294.5
2.0710        -5976.109    -6013.150       37.041   293.9
2.0715        -5976.185    -6013.150       36.965   293.3
2.0720        -5976.203    -6013.151       36.948   293.2
2.0725        -5976.177    -6013.156       36.978   293.4
2.0730        -5976.093    -6013.162       37.069   294.1
2.0735        -5976.133    -6013.169       37.037   293.9
2.0740        -5976.191    -6013.178       36.988   293.5
2.0745        -5976.141    -6013.188       37.047   294.0
2.0750        -5976.166    -6013.201       37.035   293.9
2.0755        -5976.154    -6013.217       37.063   294.1
2.0760        -5976.203    -6013.232       37.029   293.8
2.0765        -5976.268    -6013.249       36.981   293.4
2.0770        -5976.177    -6013.272       37.095   294.3
2.0775        -5976.193    -6013.299       37.105   294.4
2.0780        -5976.239    -6013.330       37.091   294.3
2.0785        -5976.170    -6013.364       37.193   295.1
2.0790        -5976.240    -6013.401       37.161   294.9
2.0795        -5976.168    -6013.443       37.275   295.8
2.0800        -5976.120    -6013.485       37.365   296.5
2.0805        -5976.150    -6013.528       37.378   296.6
2.0810        -5976.145    -6013.571       37.425   297.0
2.0815        -5976.088    -6013.614       37.526   297.8
2.0820        -5976.169    -6013.659       37.490   297.5
2.0825        -5976.212    -6013.705       37.493   297.5
2.0830        -5976.249    -6013.750       37.501   297.6
2.0835        -5976.201    -6013.797       37.596   298.3
2.0840        -5976.182    -6013.846       37.664   298.8
2.0845        -5976.135    -6013.895       37.760   299.6
2.0850        -5976.080    -6013.944       37.865   300.4
2.0855        -5976.008    -6013.992       37.985   301.4
2.0860        -5976.042    -6014.039       37.997   301.5
2.0865        -5975.984    -6014.083       38.100   302.3
2.0870        -5976.018    -6014.129       38.110   302.4
2.0875        -5976.046    -6014.175       38.130   302.5
2.0880        -5975.888    -6014.223       38.335   304.2
2.0885        -5975.891    -6014.271       38.379   304.5
2.0890        -5975.877    -6014.319       38.442   305.0
2.0895        -5975.946    -6014.369       38.423   304.9
2.0900        -5976.004    -6014.419       38.415   304.8
2.0905        -5976.019    -6014.468       38.449   305.1
2.0910        -5975.970    -6014.516       38.546   305.9
2.0915        -5975.923    -6014.562       38.639   306.6
2.0920        -5975.926    -6014.605       38.680   306.9
2.0925        -5975.870    -6014.646       38.776   307.7
2.0930        -5975.788    -6014.684       38.896   308.6
2.0935        -5975.747    -6014.717       38.970   309.2
2.0940        -5975.663    -6014.743       39.080   310.1
2.0945        -5975.749    -6014.763       39.014   309.6
2.0950        -5975.736    -6014.778       39.041   309.8
2.0955        -5975.683    -6014.787       39.104   310.3
2.0960        -5975.720    -6014.790       39.070   310.0
2.0965        -5975.665    -6014.789       39.123   310.4
2.0970        -5975.657    -6014.783       39.125   310.4
2.0975        -5975.781    -6014.774       38.993   309.4
2.0980        -5975.814    -6014.760       38.946   309.0
2.0985        -5975.773    -6014.741       38.969   309.2
2.0990        -5975.741    -6014.717       38.976   309.3
2.0995        -5975.890    -6014.687       38.798   307.8
2.1000        -5975.947    -6014.652       38.706   307.1
2.1005        -5975.955    -6014.614       38.658   306.7
2.1010        -5975.977    -6014.571       38.594   306.2
2.1015        -5976.034    -6014.527       38.493   305.4
2.1020        -5975.953    -6014.479       38.525   305.7
2.1025        -5975.918    -6014.427       38.509   305.6
2.1030        -5975.903    -6014.373       38.470   305.2
2.1035        -5975.919    -6014.316       38.396   304.7
2.1040        -5975.909    -6014.255       38.346   304.3
2.1045        -5975.987    -6014.191       38.205   303.1
2.1050        -5975.991    -6014.126       38.135   302.6
2.1055        -5976.073    -6014.062       37.989   301.4
2.1060        -5976.097    -6013.999       37.902   300.7
2.1065        -5976.116    -6013.937       37.820   300.1
2.1070        -5976.075    -6013.876       37.801   299.9
2.1075        -5976.275    -6013.817       37.541   297.9
2.1080        -5976.203    -6013.759       37.556   298.0
2.1085        -5976.173    -6013.704       37.531   297.8
2.1090        -5976.321    -6013.653       37.332   296.2
2.1095        -5976.453    -6013.606       37.153   294.8
2.1100        -5976.423    -6013.564       37.141   294.7
2.1105        -5976.337    -6013.527       37.189   295.1
2.1110        -5976.344    -6013.491       37.147   294.8
2.1115        -5976.335    -6013.458       37.123   294.6
2.1120        -5976.288    -6013.426       37.138   294.7
2.1125        -5976.324    -6013.396       37.072   294.2
2.1130        -5976.383    -6013.371       36.988   293.5
2.1135        -5976.393    -6013.351       36.957   293.2
2.1140        -5976.400    -6013.337       36.937   293.1
2.1145        -5976.357    -6013.327       36.969   293.3
2.1150        -5976.366    -6013.322       36.956   293.2
2.1155        -5976.457    -6013.323       36.866   292.5
2.1160        -5976.463    -6013.329       36.865   292.5
2.1165        -5976.458    -6013.341       36.883   292.7
2.1170        -5976.373    -6013.362       36.989   293.5
2.1175        -5976.337    -6013.389       37.051   294.0
2.1180        -5976.296    -6013.420       37.124   294.6
2.1185        -5976.394    -6013.455       37.061   294.1
2.1190        -5976.461    -6013.494       37.033   293.9
2.1195        -5976.318    -6013.534       37.216   295.3
2.1200        -5976.228    -6013.576       37.348   296.3
2.1205        -5976.228    -6013.618       37.389   296.7
2.1210        -5976.187    -6013.658       37.472   297.3
2.1215        -5976.167    -6013.697       37.530   297.8
2.1220        -5976.185    -6013.735       37.550   298.0
2.1225        -5976.169    -6013.771       37.601   298.4
2.1230        -5976.147    -6013.803       37.656   298.8
2.1235        -5976.153    -6013.831       37.678   299.0
2.1240        -5976.195    -6013.855       37.660   298.8
2.1245        -5976.290    -6013.872       37.583   298.2
2.1250        -5976.316    -6013.884       37.568   298.1
2.1255        -5976.289    -6013.890       37.601   298.3
2.1260        -5976.325    -6013.889       37.564   298.1
2.1265        -5976.340    -6013.880       37.540   297.9
2.1270        -5976.295    -6013.867       37.571   298.1
2.1275        -5976.305    -6013.849       37.544   297.9
2.1280        -5976.330    -6013.825       37.495   297.5
2.1285        -5976.367    -6013.795       37.428   297.0
2.1290        -5976.350    -6013.761       37.411   296.8
2.1295        -5976.393    -6013.721       37.328   296.2
2.1300        -5976.303    -6013.677       37.374   296.6
2.1305        -5976.347    -6013.632       37.285   295.8
2.1310        -5976.368    -6013.584       37.216   295.3
2.1315        -5976.423    -6013.534       37.111   294.5
2.1320        -5976.409    -6013.482       37.073   294.2
2.1325        -5976.487    -6013.428       36.941   293.1
2.1330        -5976.647    -6013.373       36.726   291.4
2.1335        -5976.617    -6013.318       36.701   291.2
2.1340        -5976.591    -6013.262       36.672   291.0
2.1345        -5976.679    -6013.206       36.527   289.8
2.1350        -5976.636    -6013.152       36.515   289.7
2.1355        -5976.562    -6013.098       36.536   289.9
2.1360        -5976.488    -6013.044       36.556   290.1
2.1365        -5976.432    -6012.992       36.560   290.1
2.1370        -5976.443    -6012.939       36.496   289.6
2.1375        -5976.497    -6012.889       36.392   288.8
2.1380        -5976.392    -6012.842       36.449   289.2
2.1385        -5976.438    -6012.796       36.358   288.5
2.1390        -5976.441    -6012.752       36.311   288.1
2.1395        -5976.361    -6012.711       36.350   288.4
2.1400        -5976.383    -6012.671       36.288   287.9
2.1405        -5976.308    -6012.634       36.326   288.2
2.1410        -5976.373    -6012.598       36.224   287.4
2.1415        -5976.471    -6012.565       36.094   286.4
2.1420        -5976.557    -6012.539       35.982   285.5
2.1425        -5976.574    -6012.513       35.940   285.2
2.1430        -5976.580    -6012.490       35.910   284.9
2.1435        -5976.635    -6012.471       35.836   284.3
2.1440        -5976.633    -6012.456       35.822   284.2
2.1445        -5976.604    -6012.443       35.840   284.4
2.1450        -5976.582    -6012.437       35.855   284.5
2.1455        -5976.648    -6012.434       35.785   283.9
2.1460        -5976.675    -6012.435       35.760   283.7
2.1465        -5976.683    -6012.441       35.759   283.7
2.1470        -5976.674    -6012.454       35.780   283.9
2.1475        -5976.727    -6012.472       35.745   283.6
2.1480        -5976.665    -6012.494       35.829   284.3
2.1485        -5976.553    -6012.520       35.967   285.4
2.1490        -5976.433    -6012.551       36.118   286.6
2.1495        -5976.501    -6012.587       36.085   286.3
2.1500        -5976.459    -6012.624       36.165   287.0
2.1505        -5976.428    -6012.663       36.235   287.5
2.1510        -5976.385    -6012.702       36.317   288.2
2.1515        -5976.395    -6012.744       36.349   288.4
2.1520        -5976.396    -6012.790       36.394   288.8
2.1525        -5976.375    -6012.837       36.462   289.3
2.1530        -5976.311    -6012.883       36.573   290.2
2.1535        -5976.296    -6012.932       36.637   290.7
2.1540        -5976.276    -6012.980       36.704   291.2
2.1545        -5976.316    -6013.027       36.710   291.3
2.1550        -5976.470    -6013.073       36.604   290.4
2.1555        -5976.505    -6013.119       36.614   290.5
2.1560        -5976.642    -6013.166       36.524   289.8
2.1565        -5976.710    -6013.215       36.505   289.7
2.1570        -5976.833    -6013.262       36.429   289.1
2.1575        -5976.760    -6013.307       36.547   290.0
2.1580        -5976.797    -6013.352       36.555   290.1
2.1585        -5976.809    -6013.396       36.587   290.3
2.1590        -5976.907    -6013.439       36.532   289.9
2.1595        -5976.827    -6013.481       36.654   290.8
2.1600        -5976.810    -6013.522       36.712   291.3
2.1605        -5976.965    -6013.564       36.598   290.4
2.1610        -5977.038    -6013.604       36.566   290.1
2.1615        -5977.062    -6013.638       36.576   290.2
2.1620        -5977.115    -6013.670       36.556   290.1
2.1625        -5977.092    -6013.701       36.609   290.5
2.1630        -5977.187    -6013.732       36.544   290.0
2.1635        -5977.103    -6013.761       36.658   290.9
2.1640        -5976.981    -6013.790       36.809   292.1
2.1645        -5976.975    -6013.818       36.842   292.3
2.1650        -5976.920    -6013.845       36.926   293.0
2.1655        -5976.866    -6013.870       37.003   293.6
2.1660        -5976.934    -6013.891       36.957   293.2
2.1665        -5977.042    -6013.910       36.867   292.5
2.1670        -5977.060    -6013.927       36.866   292.5
2.1675        -5977.084    -6013.941       36.857   292.4
2.1680        -5977.087    -6013.952       36.865   292.5
2.1685        -5977.161    -6013.962       36.801   292.0
2.1690        -5977.218    -6013.971       36.753   291.6
2.1695        -5977.300    -6013.981       36.680   291.0
2.1700        -5977.241    -6013.988       36.746   291.6
2.1705        -5977.106    -6013.994       36.889   292.7
2.1710        -5977.063    -6013.999       36.937   293.1
2.1715        -5977.105    -6014.000       36.894   292.7
2.1720        -5977.025    -6013.998       36.973   293.4
2.1725        -5977.060    -6013.996       36.937   293.1
2.1730        -5977.008    -6013.990       36.982   293.4
2.1735        -5976.950    -6013.982       37.032   293.8
2.1740        -5976.877    -6013.972       37.095   294.3
2.1745        -5976.897    -6013.960       37.063   294.1
2.1750        -5976.849    -6013.945       37.095   294.3
2.1755        -5976.894    -6013.925       37.032   293.8
2.1760        -5976.874    -6013.902       37.028   293.8
2.1765        -5976.792    -6013.875       37.083   294.2
2.1770        -5976.746    -6013.843       37.096   294.3
2.1775        -5976.631    -6013.806       37.175   295.0
2.1780        -5976.677    -6013.766       37.090   294.3
2.1785        -5976.770    -6013.726       36.955   293.2
2.1790        -5976.657    -6013.683       37.026   293.8
2.1795        -5976.691    -6013.640       36.949   293.2
2.1800        -5976.634    -6013.597       36.963   293.3
2.1805        -5976.670    -6013.552       36.882   292.7
2.1810        -5976.686    -6013.507       36.821   292.2
2.1815        -5976.738    -6013.463       36.724   291.4
2.1820        -5976.779    -6013.418       36.639   290.7
2.1825        -5976.813    -6013.376       36.563   290.1
2.1830        -5976.832    -6013.337       36.505   289.7
2.1835        -5976.753    -6013.304       36.551   290.0
2.1840        -5976.762    -6013.276       36.515   289.7
2.1845        -5976.794    -6013.252       36.458   289.3
2.1850        -5976.804    -6013.232       36.429   289.1
2.1855        -5976.829    -6013.216       36.387   288.7
2.1860        -5976.876    -6013.204       36.328   288.3
2.1865        -5976.889    -6013.199       36.310   288.1
2.1870        -5976.806    -6013.199       36.393   288.8
2.1875        -5976.774    -6013.206       36.433   289.1
2.1880        -5976.707    -6013.221       36.514   289.7
2.1885        -5976.739    -6013.240       36.501   289.6
2.1890        -5976.730    -6013.264       36.534   289.9
2.1895        -5976.696    -6013.293       36.597   290.4
2.1900        -5976.797    -6013.329       36.533   289.9
2.1905        -5976.681    -6013.372       36.691   291.1
2.1910        -5976.763    -6013.415       36.652   290.8
2.1915        -5976.742    -6013.462       36.719   291.4
2.1920        -5976.729    -6013.510       36.781   291.8
2.1925        -5976.827    -6013.562       36.735   291.5
2.1930        -5976.767    -6013.619       36.852   292.4
2.1935        -5976.780    -6013.678       36.898   292.8
2.1940        -5976.773    -6013.739       36.966   293.3
2.1945        -5976.782    -6013.802       37.020   293.7
2.1950        -5976.672    -6013.864       37.192   295.1
2.1955        -5976.625    -6013.924       37.298   296.0
2.1960        -5976.580    -6013.981       37.400   296.8
2.1965        -5976.534    -6014.036       37.502   297.6
2.1970        -5976.458    -6014.089       37.631   298.6
2.1975        -5976.439    -6014.138       37.699   299.1
2.1980        -5976.551    -6014.186       37.635   298.6
2.1985        -5976.415    -6014.232       37.817   300.1
2.1990        -5976.456    -6014.278       37.822   300.1
2.1995        -5976.386    -6014.320       37.934   301.0
2.2000        -5976.398    -6014.361       37.963   301.2
2.2005        -5976.430    -6014.402       37.972   301.3
2.2010        -5976.378    -6014.439       38.061   302.0
2.2015        -5976.411    -6014.475       38.064   302.0
2.2020        -5976.375    -6014.511       38.135   302.6
2.2025        -5976.436    -6014.542       38.106   302.4
2.2030        -5976.491    -6014.573       38.082   302.2
2.2035        -5976.482    -6014.602       38.119   302.5
2.2040        -5976.500    -6014.625       38.125   302.5
2.2045        -5976.451    -6014.644       38.194   303.1
2.2050        -5976.483    -6014.660       38.177   302.9
2.2055        -5976.460    -6014.673       38.213   303.2
2.2060        -5976.459    -6014.685       38.226   303.3
2.2065        -5976.441    -6014.695       38.254   303.5
2.2070        -5976.496    -6014.705       38.210   303.2
2.2075        -5976.633    -6014.715       38.083   302.2
2.2080        -5976.658    -6014.726       38.068   302.1
2.2085        -5976.640    -6014.738       38.098   302.3
2.2090        -5976.618    -6014.753       38.136   302.6
2.2095        -5976.705    -6014.768       38.064   302.0
2.2100        -5976.639    -6014.785       38.146   302.7
2.2105        -5976.639    -6014.801       38.162   302.8
2.2110        -5976.675    -6014.820       38.145   302.7
2.2115        -5976.584    -6014.839       38.255   303.5
2.2120        -5976.655    -6014.859       38.204   303.1
2.2125        -5976.628    -6014.880       38.252   303.5
2.2130        -5976.659    -6014.902       38.244   303.5
2.2135        -5976.569    -6014.926       38.357   304.4
2.2140        -5976.616    -6014.952       38.336   304.2
2.2145        -5976.706    -6014.979       38.273   303.7
2.2150        -5976.670    -6015.005       38.335   304.2
2.2155        -5976.696    -6015.031       38.336   304.2
2.2160        -5976.739    -6015.059       38.320   304.1
2.2165        -5976.678    -6015.088       38.410   304.8
2.2170        -5976.719    -6015.119       38.400   304.7
2.2175        -5976.641    -6015.148       38.507   305.5
2.2180        -5976.762    -6015.178       38.416   304.8
2.2185        -5976.721    -6015.208       38.487   305.4
2.2190        -5976.667    -6015.241       38.574   306.1
2.2195        -5976.670    -6015.273       38.603   306.3
2.2200        -5976.725    -6015.307       38.581   306.1
2.2205        -5976.736    -6015.340       38.605   306.3
2.2210        -5976.755    -6015.373       38.617   306.4
2.2215        -5976.807    -6015.406       38.599   306.3
2.2220        -5976.687    -6015.438       38.751   307.5
2.2225        -5976.789    -6015.471       38.682   306.9
2.2230        -5976.781    -6015.504       38.722   307.3
2.2235        -5976.746    -6015.534       38.788   307.8
2.2240        -5976.771    -6015.562       38.792   307.8
2.2245        -5976.812    -6015.590       38.778   307.7
2.2250        -5976.876    -6015.616       38.740   307.4
2.2255        -5976.924    -6015.641       38.718   307.2
2.2260        -5976.857    -6015.665       38.808   307.9
2.2265        -5976.766    -6015.684       38.918   308.8
2.2270        -5976.732    -6015.699       38.966   309.2
2.2275        -5976.726    -6015.711       38.986   309.3
2.2280        -5976.852    -6015.724       38.872   308.4
2.2285        -5976.896    -6015.736       38.839   308.2
2.2290        -5976.903    -6015.744       38.841   308.2
2.2295        -5976.868    -6015.751       38.883   308.5
2.2300        -5976.912    -6015.754       38.842   308.2
2.2305        -5977.032    -6015.754       38.722   307.2
2.2310        -5977.101    -6015.751       38.650   306.7
2.2315        -5977.146    -6015.747       38.601   306.3
2.2320        -5977.066    -6015.741       38.675   306.9
2.2325        -5977.095    -6015.731       38.636   306.6
2.2330        -5977.146    -6015.716       38.570   306.0
2.2335        -5977.127    -6015.699       38.572   306.1
2.2340        -5977.085    -6015.680       38.595   306.2
2.2345        -5977.042    -6015.656       38.613   306.4
2.2350        -5977.066    -6015.626       38.560   306.0
2.2355        -5977.085    -6015.595       38.510   305.6
2.2360        -5977.093    -6015.562       38.469   305.2
2.2365        -5977.072    -6015.525       38.453   305.1
2.2370        -5977.104    -6015.487       38.383   304.6
2.2375        -5977.227    -6015.445       38.218   303.3
2.2380        -5977.391    -6015.403       38.012   301.6
2.2385        -5977.373    -6015.357       37.985   301.4
2.2390        -5977.311    -6015.311       38.000   301.5
2.2395        -5977.270    -6015.265       37.995   301.5
2.2400        -5977.317    -6015.219       37.902   300.7
2.2405        -5977.382    -6015.173       37.791   299.9
2.2410        -5977.501    -6015.127       37.626   298.5
2.2415        -5977.551    -6015.082       37.531   297.8
2.2420        -5977.556    -6015.040       37.484   297.4
2.2425        -5977.577    -6014.999       37.423   296.9
2.2430        -5977.637    -6014.963       37.326   296.2
2.2435        -5977.654    -6014.930       37.275   295.8
2.2440        -5977.643    -6014.897       37.254   295.6
2.2445        -5977.532    -6014.867       37.335   296.2
2.2450        -5977.488    -6014.839       37.350   296.4
2.2455        -5977.356    -6014.812       37.456   297.2
2.2460        -5977.462    -6014.788       37.326   296.2
2.2465        -5977.331    -6014.768       37.436   297.0
2.2470        -5977.389    -6014.749       37.360   296.4
2.2475        -5977.353    -6014.731       37.378   296.6
2.2480        -5977.297    -6014.717       37.421   296.9
2.2485        -5977.248    -6014.707       37.459   297.2
2.2490        -5977.315    -6014.696       37.382   296.6
2.2495        -5977.255    -6014.687       37.432   297.0
2.2500        -5977.290    -6014.678       37.388   296.7
2.2505        -5977.272    -6014.666       37.393   296.7
2.2510        -5977.197    -6014.652       37.455   297.2
2.2515        -5977.087    -6014.639       37.552   298.0
2.2520        -5977.159    -6014.623       37.464   297.3
2.2525        -5977.124    -6014.607       37.484   297.4
2.2530        -5977.162    -6014.590       37.428   297.0
2.2535        -5977.092    -6014.570       37.478   297.4
2.2540        -5977.062    -6014.549       37.487   297.4
2.2545        -5977.059    -6014.528       37.469   297.3
2.2550        -5977.117    -6014.509       37.392   296.7
2.2555        -5977.184    -6014.488       37.305   296.0
2.2560        -5977.176    -6014.469       37.293   295.9
2.2565        -5977.247    -6014.451       37.203   295.2
2.2570        -5977.267    -6014.430       37.163   294.9
2.2575        -5977.260    -6014.408       37.148   294.8
2.2580        -5977.249    -6014.387       37.138   294.7
2.2585        -5977.295    -6014.364       37.069   294.1
2.2590        -5977.242    -6014.341       37.099   294.4
2.2595        -5977.181    -6014.315       37.135   294.7
2.2600        -5977.292    -6014.288       36.996   293.6
2.2605        -5977.268    -6014.261       36.993   293.5
2.2610        -5977.144    -6014.235       37.091   294.3
2.2615        -5977.081    -6014.210       37.129   294.6
2.2620        -5977.103    -6014.185       37.082   294.2
2.2625        -5977.065    -6014.159       37.094   294.3
2.2630        -5977.094    -6014.134       37.040   293.9
2.2635        -5977.174    -6014.110       36.936   293.1
2.2640        -5977.060    -6014.088       37.029   293.8
2.2645        -5977.134    -6014.067       36.933   293.1
2.2650        -5977.188    -6014.047       36.859   292.5
2.2655        -5977.142    -6014.027       36.885   292.7
2.2660        -5976.995    -6014.010       37.014   293.7
2.2665        -5976.919    -6013.994       37.075   294.2
2.2670        -5976.905    -6013.980       37.075   294.2
2.2675        -5976.906    -6013.970       37.064   294.1
2.2680        -5976.941    -6013.962       37.021   293.7
2.2685        -5976.938    -6013.956       37.017   293.7
2.2690        -5976.957    -6013.951       36.994   293.5
2.2695        -5977.046    -6013.951       36.904   292.8
2.2700        -5977.010    -6013.952       36.942   293.1
2.2705        -5977.035    -6013.957       36.922   293.0
2.2710        -5977.055    -6013.964       36.909   292.9
2.2715        -5976.878    -6013.974       37.096   294.3
2.2720        -5976.902    -6013.985       37.083   294.2
2.2725        -5976.868    -6014.000       37.132   294.6
2.2730        -5976.833    -6014.020       37.188   295.1
2.2735        -5976.854    -6014.042       37.188   295.1
2.2740        -5976.973    -6014.064       37.092   294.3
2.2745        -5976.997    -6014.088       37.091   294.3
2.2750        -5977.054    -6014.110       37.056   294.0
2.2755        -5976.986    -6014.131       37.144   294.7
2.2760        -5977.054    -6014.150       37.096   294.3
2.2765        -5977.036    -6014.170       37.134   294.6
2.2770        -5977.106    -6014.189       37.083   294.2
2.2775        -5977.234    -6014.207       36.974   293.4
2.2780        -5977.242    -6014.224       36.983   293.4
2.2785        -5977.257    -6014.239       36.982   293.4
2.2790        -5977.250    -6014.249       36.999   293.6
2.2795        -5977.245    -6014.253       37.007   293.6
2.2800        -5977.283    -6014.251       36.968   293.3
2.2805        -5977.170    -6014.245       37.075   294.2
2.2810        -5977.197    -6014.235       37.038   293.9
2.2815        -5977.242    -6014.219       36.977   293.4
2.2820        -5977.244    -6014.201       36.957   293.2
2.2825        -5977.146    -6014.178       37.031   293.8
2.2830        -5977.159    -6014.150       36.990   293.5
2.2835        -5977.167    -6014.118       36.951   293.2
2.2840        -5977.250    -6014.084       36.834   292.3
2.2845        -5977.344    -6014.046       36.702   291.2
2.2850        -5977.421    -6014.004       36.583   290.3
2.2855        -5977.437    -6013.962       36.525   289.8
2.2860        -5977.380    -6013.919       36.539   289.9
2.2865        -5977.365    -6013.873       36.508   289.7
2.2870        -5977.397    -6013.825       36.429   289.1
2.2875        -5977.303    -6013.777       36.474   289.4
2.2880        -5977.263    -6013.730       36.467   289.4
2.2885        -5977.219    -6013.685       36.466   289.3
2.2890        -5977.196    -6013.637       36.441   289.1
2.2895        -5977.120    -6013.588       36.468   289.4
2.2900        -5977.147    -6013.541       36.394   288.8
2.2905        -5977.112    -6013.494       36.382   288.7
2.2910        -5977.116    -6013.448       36.332   288.3
2.2915        -5977.086    -6013.404       36.318   288.2
2.2920        -5977.093    -6013.363       36.270   287.8
2.2925        -5977.099    -6013.326       36.227   287.5
2.2930        -5976.959    -6013.292       36.333   288.3
2.2935        -5977.030    -6013.263       36.233   287.5
2.2940        -5976.993    -6013.235       36.242   287.6
2.2945        -5976.927    -6013.211       36.284   287.9
2.2950        -5976.929    -6013.191       36.262   287.7
2.2955        -5977.029    -6013.176       36.147   286.8
2.2960        -5977.057    -6013.164       36.107   286.5
2.2965        -5976.977    -6013.157       36.180   287.1
2.2970        -5977.018    -6013.155       36.137   286.7
2.2975        -5977.127    -6013.156       36.029   285.9
2.2980        -5977.097    -6013.158       36.061   286.1
2.2985        -5977.075    -6013.165       36.090   286.4
2.2990        -5976.990    -6013.174       36.184   287.1
2.2995        -5977.064    -6013.185       36.122   286.6
2.3000        -5977.130    -6013.201       36.071   286.2
2.3005        -5977.175    -6013.220       36.045   286.0
2.3010        -5977.079    -6013.241       36.161   286.9
2.3015        -5977.004    -6013.264       36.260   287.7
2.3020        -5977.066    -6013.291       36.225   287.4
2.3025        -5977.048    -6013.324       36.275   287.8
2.3030        -5977.244    -6013.357       36.113   286.5
2.3035        -5977.318    -6013.394       36.076   286.3
2.3040        -5977.175    -6013.432       36.256   287.7
2.3045        -5977.169    -6013.471       36.301   288.0
2.3050        -5977.005    -6013.509       36.504   289.6
2.3055        -5976.942    -6013.546       36.603   290.4
2.3060        -5977.020    -6013.579       36.560   290.1
2.3065        -5977.023    -6013.613       36.590   290.3
2.3070        -5977.090    -6013.644       36.554   290.0
2.3075        -5977.045    -6013.673       36.628   290.6
2.3080        -5977.027    -6013.702       36.674   291.0
2.3085        -5976.935    -6013.728       36.793   291.9
2.3090        -5977.035    -6013.750       36.715   291.3
2.3095        -5977.067    -6013.771       36.703   291.2
2.3100        -5977.030    -6013.789       36.759   291.7
2.3105        -5977.062    -6013.805       36.744   291.6
2.3110        -5976.976    -6013.820       36.844   292.3
2.3115        -5976.940    -6013.832       36.891   292.7
2.3120        -5976.951    -6013.839       36.889   292.7
2.3125        -5976.958    -6013.845       36.886   292.7
2.3130        -5977.021    -6013.848       36.826   292.2
2.3135        -5977.066    -6013.846       36.780   291.8
2.3140        -5976.882    -6013.838       36.956   293.2
2.3145        -5976.938    -6013.826       36.888   292.7
2.3150        -5976.935    -6013.812       36.876   292.6
2.3155        -5976.908    -6013.795       36.887   292.7
2.3160        -5976.801    -6013.775       36.975   293.4
2.3165        -5976.758    -6013.752       36.994   293.5
2.3170        -5976.790    -6013.727       36.937   293.1
2.3175        -5976.731    -6013.700       36.969   293.3
2.3180        -5976.834    -6013.670       36.836   292.3
2.3185        -5976.860    -6013.640       36.780   291.8
2.3190        -5976.842    -6013.608       36.766   291.7
2.3195        -5976.787    -6013.577       36.790   291.9
2.3200        -5976.766    -6013.547       36.781   291.8
2.3205        -5976.749    -6013.520       36.770   291.8
2.3210        -5976.763    -6013.493       36.730   291.4
2.3215        -5976.780    -6013.469       36.688   291.1
2.3220        -5976.772    -6013.445       36.673   291.0
2.3225        -5976.805    -6013.423       36.618   290.6
2.3230        -5976.764    -6013.404       36.639   290.7
2.3235        -5976.688    -6013.387       36.699   291.2
2.3240        -5976.592    -6013.374       36.782   291.9
2.3245        -5976.493    -6013.362       36.869   292.5
2.3250        -5976.434    -6013.352       36.918   292.9
2.3255        -5976.419    -6013.348       36.929   293.0
2.3260        -5976.319    -6013.346       37.027   293.8
2.3265        -5976.350    -6013.346       36.996   293.6
2.3270        -5976.335    -6013.347       37.012   293.7
2.3275        -5976.227    -6013.351       37.124   294.6
2.3280        -5976.264    -6013.356       37.092   294.3
2.3285        -5976.166    -6013.360       37.193   295.1
2.3290        -5976.057    -6013.365       37.308   296.0
2.3295        -5976.023    -6013.370       37.347   296.3
2.3300        -5976.008    -6013.374       37.366   296.5
2.3305        -5976.064    -6013.378       37.313   296.1
2.3310        -5976.058    -6013.385       37.327   296.2
2.3315        -5975.992    -6013.391       37.399   296.7
2.3320        -5976.010    -6013.396       37.387   296.7
2.3325        -5976.061    -6013.400       37.339   296.3
2.3330        -5976.032    -6013.403       37.371   296.5
2.3335        -5976.107    -6013.406       37.298   295.9
2.3340        -5975.992    -6013.405       37.413   296.9
2.3345        -5976.123    -6013.403       37.280   295.8
2.3350        -5976.141    -6013.395       37.254   295.6
2.3355        -5976.165    -6013.384       37.220   295.3
2.3360        -5976.178    -6013.370       37.192   295.1
2.3365        -5976.185    -6013.355       37.170   294.9
2.3370        -5976.096    -6013.336       37.241   295.5
2.3375        -5976.142    -6013.316       37.174   295.0
2.3380        -5976.194    -6013.295       37.101   294.4
2.3385        -5976.232    -6013.274       37.042   293.9
2.3390        -5976.235    -6013.252       37.017   293.7
2.3395        -5976.274    -6013.228       36.954   293.2
2.3400        -5976.298    -6013.203       36.905   292.8
2.3405        -5976.356    -6013.178       36.821   292.2
2.3410        -5976.260    -6013.153       36.892   292.7
2.3415        -5976.271    -6013.126       36.855   292.4
2.3420        -5976.207    -6013.095       36.888   292.7
2.3425        -5976.311    -6013.061       36.750   291.6
2.3430        -5976.308    -6013.026       36.718   291.3
2.3435        -5976.295    -6012.991       36.696   291.2
2.3440        -5976.187    -6012.957       36.769   291.8
2.3445        -5976.105    -6012.922       36.817   292.1
2.3450        -5976.039    -6012.889       36.849   292.4
2.3455        -5976.044    -6012.858       36.814   292.1
2.3460        -5975.974    -6012.829       36.855   292.4
2.3465        -5976.032    -6012.801       36.770   291.8
2.3470        -5976.093    -6012.777       36.684   291.1
2.3475        -5976.106    -6012.751       36.645   290.8
2.3480        -5976.112    -6012.725       36.613   290.5
2.3485        -5976.172    -6012.700       36.528   289.8
2.3490        -5976.093    -6012.674       36.581   290.3
2.3495        -5976.093    -6012.650       36.556   290.1
2.3500        -5975.995    -6012.624       36.629   290.6
2.3505        -5976.080    -6012.600       36.520   289.8
2.3510        -5976.104    -6012.580       36.475   289.4
2.3515        -5976.197    -6012.560       36.364   288.5
2.3520        -5976.097    -6012.543       36.446   289.2
2.3525        -5976.118    -6012.529       36.411   288.9
2.3530        -5976.059    -6012.518       36.459   289.3
2.3535        -5976.021    -6012.509       36.488   289.5
2.3540        -5976.088    -6012.502       36.414   288.9
2.3545        -5976.022    -6012.494       36.473   289.4
2.3550        -5975.962    -6012.488       36.526   289.8
2.3555        -5975.907    -6012.483       36.576   290.2
2.3560        -5975.849    -6012.477       36.627   290.6
2.3565        -5975.787    -6012.474       36.687   291.1
2.3570        -5975.893    -6012.474       36.582   290.3
2.3575        -5975.892    -6012.478       36.586   290.3
2.3580        -5975.728    -6012.485       36.757   291.7
2.3585        -5975.706    -6012.494       36.788   291.9
2.3590        -5975.584    -6012.510       36.926   293.0
2.3595        -5975.627    -6012.529       36.902   292.8
2.3600        -5975.742    -6012.550       36.808   292.1
2.3605        -5975.723    -6012.572       36.849   292.4
2.3610        -5975.645    -6012.596       36.950   293.2
2.3615        -5975.610    -6012.620       37.010   293.7
2.3620        -5975.633    -6012.646       37.013   293.7
2.3625        -5975.649    -6012.677       37.029   293.8
2.3630        -5975.738    -6012.713       36.974   293.4
2.3635        -5975.737    -6012.752       37.014   293.7
2.3640        -5975.792    -6012.793       37.002   293.6
2.3645        -5975.733    -6012.837       37.104   294.4
2.3650        -5975.817    -6012.887       37.069   294.1
2.3655        -5975.815    -6012.938       37.123   294.6
2.3660        -5975.884    -6012.989       37.105   294.4
2.3665        -5975.880    -6013.037       37.157   294.8
2.3670        -5975.870    -6013.086       37.217   295.3
2.3675        -5975.884    -6013.135       37.251   295.6
2.3680        -5975.940    -6013.183       37.243   295.5
2.3685        -5975.995    -6013.232       37.238   295.5
2.3690        -5975.883    -6013.280       37.397   296.7
2.3695        -5975.932    -6013.327       37.395   296.7
2.3700        -5975.994    -6013.374       37.380   296.6
2.3705        -5975.972    -6013.421       37.449   297.1
2.3710        -5975.961    -6013.466       37.505   297.6
2.3715        -5975.962    -6013.511       37.549   297.9
2.3720        -5975.913    -6013.558       37.645   298.7
2.3725        -5975.869    -6013.604       37.735   299.4
2.3730        -5975.934    -6013.651       37.716   299.3
2.3735        -5975.901    -6013.699       37.798   299.9
2.3740        -5976.053    -6013.744       37.690   299.1
2.3745        -5975.991    -6013.789       37.798   299.9
2.3750        -5976.005    -6013.832       37.827   300.1
2.3755        -5975.959    -6013.875       37.916   300.9
2.3760        -5975.862    -6013.916       38.054   301.9
2.3765        -5975.824    -6013.954       38.130   302.6
2.3770        -5975.798    -6013.989       38.192   303.0
2.3775        -5975.695    -6014.022       38.327   304.1
2.3780        -5975.691    -6014.054       38.362   304.4
2.3785        -5975.691    -6014.083       38.392   304.6
2.3790        -5975.627    -6014.109       38.482   305.3
2.3795        -5975.616    -6014.129       38.513   305.6
2.3800        -5975.609    -6014.146       38.537   305.8
2.3805        -5975.610    -6014.157       38.547   305.9
2.3810        -5975.582    -6014.162       38.580   306.1
2.3815        -5975.618    -6014.161       38.542   305.8
2.3820        -5975.535    -6014.157       38.622   306.5
2.3825        -5975.550    -6014.151       38.601   306.3
2.3830        -5975.508    -6014.141       38.634   306.5
2.3835        -5975.574    -6014.129       38.555   305.9
2.3840        -5975.454    -6014.116       38.662   306.8
2.3845        -5975.423    -6014.100       38.677   306.9
2.3850        -5975.429    -6014.082       38.653   306.7
2.3855        -5975.425    -6014.063       38.638   306.6
2.3860        -5975.555    -6014.041       38.486   305.4
2.3865        -5975.549    -6014.015       38.466   305.2
2.3870        -5975.507    -6013.988       38.481   305.3
2.3875        -5975.631    -6013.962       38.331   304.1
2.3880        -5975.674    -6013.938       38.264   303.6
2.3885        -5975.653    -6013.917       38.264   303.6
2.3890        -5975.560    -6013.900       38.339   304.2
2.3895        -5975.665    -6013.883       38.218   303.2
2.3900        -5975.689    -6013.870       38.181   303.0
2.3905        -5975.699    -6013.862       38.163   302.8
2.3910        -5975.632    -6013.858       38.226   303.3
2.3915        -5975.686    -6013.860       38.174   302.9
2.3920        -5975.720    -6013.867       38.146   302.7
2.3925        -5975.713    -6013.876       38.162   302.8
2.3930        -5975.821    -6013.888       38.067   302.1
2.3935        -5975.710    -6013.904       38.194   303.1
2.3940        -5975.643    -6013.923       38.280   303.7
2.3945        -5975.630    -6013.945       38.315   304.0
2.3950        -5975.656    -6013.971       38.315   304.0
2.3955        -5975.591    -6014.000       38.409   304.8
2.3960        -5975.646    -6014.032       38.385   304.6
2.3965        -5975.666    -6014.063       38.397   304.7
2.3970        -5975.719    -6014.095       38.376   304.5
2.3975        -5975.727    -6014.126       38.399   304.7
2.3980        -5975.688    -6014.157       38.469   305.2
2.3985        -5975.713    -6014.188       38.475   305.3
2.3990        -5975.767    -6014.220       38.453   305.1
2.3995        -5975.775    -6014.248       38.473   305.3
2.4000        -5975.788    -6014.274       38.486   305.4
2.4005        -5975.850    -6014.296       38.446   305.1
2.4010        -5975.983    -6014.314       38.331   304.1
2.4015        -5975.992    -6014.332       38.340   304.2
2.4020        -5975.884    -6014.346       38.463   305.2
2.4025        -5975.940    -6014.355       38.415   304.8
2.4030        -5975.962    -6014.358       38.396   304.7
2.4035        -5976.025    -6014.358       38.334   304.2
2.4040        -5976.027    -6014.355       38.327   304.1
2.4045        -5976.007    -6014.346       38.340   304.2
2.4050        -5976.075    -6014.333       38.258   303.6
2.4055        -5976.065    -6014.315       38.250   303.5
2.4060        -5976.051    -6014.291       38.240   303.4
2.4065        -5976.078    -6014.262       38.184   303.0
2.4070        -5976.001    -6014.225       38.224   303.3
2.4075        -5975.929    -6014.184       38.255   303.5
2.4080        -5976.016    -6014.140       38.124   302.5
2.4085        -5975.989    -6014.091       38.102   302.3
2.4090        -5976.061    -6014.037       37.976   301.3
2.4095        -5976.059    -6013.977       37.919   300.9
2.4100        -5976.075    -6013.915       37.840   300.3
2.4105        -5976.085    -6013.850       37.765   299.7
2.4110        -5976.188    -6013.782       37.595   298.3
2.4115        -5976.116    -6013.713       37.597   298.3
2.4120        -5976.210    -6013.641       37.431   297.0
2.4125        -5976.154    -6013.569       37.415   296.9
2.4130        -5976.063    -6013.498       37.435   297.0
2.4135        -5976.005    -6013.430       37.425   297.0
2.4140        -5975.987    -6013.364       37.377   296.6
2.4145        -5976.015    -6013.298       37.283   295.8
2.4150        -5976.080    -6013.233       37.152   294.8
2.4155        -5976.002    -6013.169       37.167   294.9
2.4160        -5976.053    -6013.108       37.055   294.0
2.4165        -5976.083    -6013.048       36.965   293.3
2.4170        -5976.214    -6012.991       36.776   291.8
2.4175        -5976.296    -6012.937       36.641   290.7
2.4180        -5976.297    -6012.889       36.592   290.4
2.4185        -5976.358    -6012.847       36.489   289.5
2.4190        -5976.402    -6012.810       36.408   288.9
2.4195        -5976.498    -6012.779       36.281   287.9
2.4200        -5976.421    -6012.752       36.331   288.3
2.4205        -5976.416    -6012.731       36.315   288.2
2.4210        -5976.484    -6012.717       36.233   287.5
2.4215        -5976.481    -6012.710       36.229   287.5
2.4220        -5976.489    -6012.707       36.218   287.4
2.4225        -5976.524    -6012.711       36.187   287.1
2.4230        -5976.583    -6012.721       36.138   286.7
2.4235        -5976.535    -6012.736       36.201   287.2
2.4240        -5976.604    -6012.754       36.150   286.8
2.4245        -5976.448    -6012.779       36.331   288.3
2.4250        -5976.273    -6012.810       36.537   289.9
2.4255        -5976.227    -6012.847       36.620   290.6
2.4260        -5976.380    -6012.889       36.509   289.7
2.4265        -5976.406    -6012.936       36.530   289.9
2.4270        -5976.342    -6012.987       36.646   290.8
2.4275        -5976.349    -6013.043       36.694   291.2
2.4280        -5976.387    -6013.100       36.712   291.3
2.4285        -5976.407    -6013.159       36.752   291.6
2.4290        -5976.490    -6013.220       36.730   291.4
2.4295        -5976.492    -6013.279       36.787   291.9
2.4300        -5976.497    -6013.338       36.841   292.3
2.4305        -5976.457    -6013.399       36.942   293.1
2.4310        -5976.433    -6013.457       37.024   293.8
2.4315        -5976.455    -6013.513       37.057   294.0
2.4320        -5976.409    -6013.567       37.158   294.8
2.4325        -5976.550    -6013.620       37.071   294.1
2.4330        -5976.458    -6013.674       37.215   295.3
2.4335        -5976.360    -6013.726       37.365   296.5
2.4340        -5976.353    -6013.775       37.422   296.9
2.4345        -5976.248    -6013.824       37.576   298.2
2.4350        -5976.265    -6013.870       37.605   298.4
2.4355        -5976.239    -6013.912       37.673   298.9
2.4360        -5976.159    -6013.949       37.790   299.9
2.4365        -5976.160    -6013.980       37.820   300.1
2.4370        -5976.090    -6014.006       37.916   300.9
2.4375        -5975.962    -6014.028       38.066   302.0
2.4380        -5975.996    -6014.045       38.050   301.9
2.4385        -5975.949    -6014.058       38.109   302.4
2.4390        -5976.009    -6014.067       38.058   302.0
2.4395        -5976.049    -6014.073       38.023   301.7
2.4400        -5975.976    -6014.075       38.099   302.3
2.4405        -5976.072    -6014.075       38.003   301.5
2.4410        -5975.988    -6014.069       38.081   302.2
2.4415        -5976.044    -6014.058       38.014   301.6
2.4420        -5976.098    -6014.046       37.948   301.1
2.4425        -5976.275    -6014.029       37.754   299.6
2.4430        -5976.313    -6014.010       37.697   299.1
2.4435        -5976.243    -6013.988       37.745   299.5
2.4440        -5976.167    -6013.961       37.794   299.9
2.4445        -5976.156    -6013.934       37.778   299.8
2.4450        -5976.107    -6013.906       37.800   299.9
2.4455        -5976.046    -6013.878       37.832   300.2
2.4460        -5976.084    -6013.846       37.762   299.6
2.4465        -5976.098    -6013.811       37.713   299.2
2.4470        -5976.033    -6013.772       37.740   299.5
2.4475        -5975.995    -6013.731       37.735   299.4
2.4480        -5976.107    -6013.687       37.580   298.2
2.4485        -5976.090    -6013.643       37.554   298.0
2.4490        -5976.117    -6013.599       37.482   297.4
2.4495        -5976.162    -6013.553       37.391   296.7
2.4500        -5976.183    -6013.507       37.324   296.2
2.4505        -5976.233    -6013.461       37.228   295.4
2.4510        -5976.180    -6013.414       37.233   295.4
2.4515        -5976.120    -6013.368       37.248   295.6
2.4520        -5976.136    -6013.323       37.188   295.1
2.4525        -5976.161    -6013.279       37.118   294.5
2.4530        -5976.147    -6013.235       37.088   294.3
2.4535        -5976.155    -6013.192       37.037   293.9
2.4540        -5976.219    -6013.149       36.930   293.0
2.4545        -5976.151    -6013.106       36.955   293.2
2.4550        -5976.098    -6013.062       36.964   293.3
2.4555        -5976.076    -6013.017       36.941   293.1
2.4560        -5976.059    -6012.971       36.912   292.9
2.4565        -5976.035    -6012.925       36.890   292.7
2.4570        -5976.062    -6012.881       36.819   292.1
2.4575        -5976.015    -6012.841       36.826   292.2
2.4580        -5975.981    -6012.803       36.822   292.2
2.4585        -5976.131    -6012.765       36.634   290.7
2.4590        -5976.147    -6012.730       36.583   290.3
2.4595        -5976.153    -6012.697       36.545   290.0
2.4600        -5976.280    -6012.669       36.389   288.7
2.4605        -5976.266    -6012.644       36.378   288.6
2.4610        -5976.185    -6012.624       36.439   289.1
2.4615        -5976.247    -6012.607       36.360   288.5
2.4620        -5976.296    -6012.596       36.300   288.0
2.4625        -5976.276    -6012.592       36.316   288.2
2.4630        -5976.362    -6012.592       36.230   287.5
2.4635        -5976.359    -6012.594       36.235   287.5
2.4640        -5976.405    -6012.601       36.196   287.2
2.4645        -5976.369    -6012.613       36.243   287.6
2.4650        -5976.316    -6012.629       36.313   288.1
2.4655        -5976.326    -6012.649       36.323   288.2
2.4660        -5976.351    -6012.675       36.324   288.2
2.4665        -5976.350    -6012.710       36.360   288.5
2.4670        -5976.300    -6012.752       36.452   289.2
2.4675        -5976.315    -6012.803       36.488   289.5
2.4680        -5976.273    -6012.858       36.585   290.3
2.4685        -5976.212    -6012.918       36.706   291.3
2.4690        -5976.156    -6012.982       36.826   292.2
2.4695        -5976.155    -6013.050       36.895   292.7
2.4700        -5976.193    -6013.122       36.929   293.0
2.4705        -5976.287    -6013.199       36.912   292.9
2.4710        -5976.339    -6013.280       36.941   293.1
2.4715        -5976.370    -6013.363       36.992   293.5
2.4720        -5976.300    -6013.448       37.148   294.8
2.4725        -5976.296    -6013.536       37.239   295.5
2.4730        -5976.353    -6013.626       37.272   295.7
2.4735        -5976.233    -6013.718       37.485   297.4
2.4740        -5976.251    -6013.810       37.559   298.0
2.4745        -5976.122    -6013.900       37.779   299.8
2.4750        -5976.142    -6013.990       37.848   300.3
2.4755        -5976.110    -6014.079       37.969   301.3
2.4760        -5976.182    -6014.169       37.987   301.4
2.4765        -5976.277    -6014.257       37.980   301.4
2.4770        -5976.327    -6014.340       38.013   301.6
2.4775        -5976.391    -6014.416       38.024   301.7
2.4780        -5976.397    -6014.487       38.090   302.2
2.4785        -5976.426    -6014.554       38.128   302.5
2.4790        -5976.444    -6014.617       38.173   302.9
2.4795        -5976.423    -6014.675       38.252   303.5
2.4800        -5976.342    -6014.727       38.385   304.6
2.4805        -5976.287    -6014.773       38.485   305.4
2.4810        -5976.141    -6014.809       38.667   306.8
2.4815        -5976.081    -6014.839       38.758   307.5
2.4820        -5976.161    -6014.863       38.702   307.1
2.4825        -5976.262    -6014.881       38.619   306.4
2.4830        -5976.293    -6014.892       38.599   306.3
2.4835        -5976.304    -6014.897       38.593   306.2
2.4840        -5976.280    -6014.895       38.615   306.4
2.4845        -5976.201    -6014.885       38.683   306.9
2.4850        -5976.144    -6014.867       38.723   307.3
2.4855        -5976.103    -6014.842       38.740   307.4
2.4860        -5976.146    -6014.812       38.666   306.8
2.4865        -5976.162    -6014.775       38.612   306.4
2.4870        -5976.132    -6014.731       38.599   306.3
2.4875        -5976.121    -6014.680       38.560   306.0
2.4880        -5976.126    -6014.628       38.502   305.5
2.4885        -5976.095    -6014.574       38.478   305.3
2.4890        -5976.024    -6014.517       38.493   305.4
2.4895        -5975.990    -6014.456       38.467   305.2
2.4900        -5976.087    -6014.393       38.306   303.9
2.4905        -5975.970    -6014.331       38.361   304.4
2.4910        -5975.895    -6014.267       38.371   304.5
2.4915        -5975.917    -6014.201       38.285   303.8
2.4920        -5975.806    -6014.136       38.329   304.1
2.4925        -5975.969    -6014.071       38.102   302.3
2.4930        -5975.846    -6014.010       38.165   302.8
2.4935        -5976.002    -6013.950       37.948   301.1
2.4940        -5976.099    -6013.892       37.793   299.9
2.4945        -5976.125    -6013.836       37.711   299.2
2.4950        -5976.127    -6013.782       37.655   298.8
2.4955        -5976.145    -6013.731       37.586   298.2
2.4960        -5976.168    -6013.683       37.516   297.7
2.4965        -5976.152    -6013.641       37.489   297.5
2.4970        -5976.129    -6013.603       37.475   297.4
2.4975        -5976.149    -6013.568       37.419   296.9
2.4980        -5976.111    -6013.537       37.426   297.0
2.4985        -5976.115    -6013.510       37.395   296.7
2.4990        -5976.044    -6013.488       37.444   297.1
2.4995        -5976.127    -6013.467       37.340   296.3
2.5000        -5976.054    -6013.449       37.394   296.7
