Time[ps]      Etot[eV]     Epot[eV]     Ekin[eV]    T[K]
0.0000        -6044.843    -6044.843        0.000     0.0
0.0005        -6044.768    -6044.845        0.077     0.6
0.0010        -6044.693    -6044.852        0.160     1.3
0.0015        -6044.619    -6044.864        0.245     1.9
0.0020        -6044.542    -6044.879        0.337     2.7
0.0025        -6044.485    -6044.898        0.413     3.3
0.0030        -6044.414    -6044.921        0.507     4.0
0.0035        -6044.339    -6044.947        0.608     4.8
0.0040        -6044.260    -6044.977        0.716     5.7
0.0045        -6044.191    -6045.009        0.818     6.5
0.0050        -6044.124    -6045.044        0.921     7.3
0.0055        -6044.033    -6045.082        1.050     8.3
0.0060        -6043.959    -6045.124        1.165     9.2
0.0065        -6043.892    -6045.167        1.275    10.1
0.0070        -6043.794    -6045.213        1.419    11.3
0.0075        -6043.744    -6045.260        1.516    12.0
0.0080        -6043.683    -6045.308        1.624    12.9
0.0085        -6043.633    -6045.356        1.723    13.7
0.0090        -6043.527    -6045.405        1.878    14.9
0.0095        -6043.435    -6045.454        2.020    16.0
0.0100        -6043.380    -6045.504        2.124    16.9
0.0105        -6043.296    -6045.553        2.257    17.9
0.0110        -6043.226    -6045.601        2.375    18.8
0.0115        -6043.173    -6045.648        2.475    19.6
0.0120        -6043.093    -6045.693        2.600    20.6
0.0125        -6043.054    -6045.737        2.683    21.3
0.0130        -6042.976    -6045.777        2.802    22.2
0.0135        -6042.915    -6045.815        2.900    23.0
0.0140        -6042.890    -6045.850        2.960    23.5
0.0145        -6042.808    -6045.881        3.073    24.4
0.0150        -6042.700    -6045.911        3.211    25.5
0.0155        -6042.636    -6045.936        3.300    26.2
0.0160        -6042.563    -6045.958        3.396    26.9
0.0165        -6042.498    -6045.977        3.479    27.6
0.0170        -6042.440    -6045.991        3.551    28.2
0.0175        -6042.359    -6046.001        3.643    28.9
0.0180        -6042.313    -6046.007        3.694    29.3
0.0185        -6042.227    -6046.008        3.782    30.0
0.0190        -6042.145    -6046.005        3.860    30.6
0.0195        -6042.100    -6045.998        3.898    30.9
0.0200        -6042.015    -6045.986        3.971    31.5
0.0205        -6041.962    -6045.970        4.009    31.8
0.0210        -6041.880    -6045.951        4.071    32.3
0.0215        -6041.851    -6045.927        4.077    32.3
0.0220        -6041.787    -6045.899        4.112    32.6
0.0225        -6041.723    -6045.867        4.145    32.9
0.0230        -6041.613    -6045.832        4.220    33.5
0.0235        -6041.540    -6045.793        4.253    33.7
0.0240        -6041.479    -6045.751        4.272    33.9
0.0245        -6041.422    -6045.706        4.284    34.0
0.0250        -6041.300    -6045.658        4.358    34.6
0.0255        -6041.264    -6045.607        4.343    34.5
0.0260        -6041.246    -6045.554        4.308    34.2
0.0265        -6041.180    -6045.498        4.318    34.3
0.0270        -6041.150    -6045.442        4.292    34.1
0.0275        -6041.065    -6045.384        4.319    34.3
0.0280        -6041.004    -6045.325        4.321    34.3
0.0285        -6040.965    -6045.266        4.301    34.1
0.0290        -6040.883    -6045.206        4.323    34.3
0.0295        -6040.815    -6045.147        4.331    34.4
0.0300        -6040.738    -6045.087        4.348    34.5
0.0305        -6040.674    -6045.026        4.353    34.5
0.0310        -6040.578    -6044.966        4.388    34.8
0.0315        -6040.528    -6044.908        4.379    34.7
0.0320        -6040.512    -6044.850        4.338    34.4
0.0325        -6040.448    -6044.792        4.344    34.5
0.0330        -6040.346    -6044.736        4.390    34.8
0.0335        -6040.279    -6044.682        4.403    34.9
0.0340        -6040.226    -6044.628        4.402    34.9
0.0345        -6040.158    -6044.578        4.419    35.1
0.0350        -6040.072    -6044.528        4.455    35.4
0.0355        -6040.040    -6044.479        4.439    35.2
0.0360        -6040.049    -6044.433        4.384    34.8
0.0365        -6039.956    -6044.389        4.434    35.2
0.0370        -6039.902    -6044.347        4.445    35.3
0.0375        -6039.868    -6044.307        4.440    35.2
0.0380        -6039.817    -6044.269        4.452    35.3
0.0385        -6039.787    -6044.233        4.446    35.3
0.0390        -6039.723    -6044.199        4.476    35.5
0.0395        -6039.653    -6044.166        4.514    35.8
0.0400        -6039.573    -6044.136        4.563    36.2
0.0405        -6039.493    -6044.108        4.615    36.6
0.0410        -6039.418    -6044.082        4.665    37.0
0.0415        -6039.340    -6044.059        4.719    37.4
0.0420        -6039.257    -6044.038        4.782    37.9
0.0425        -6039.203    -6044.019        4.817    38.2
0.0430        -6039.102    -6044.002        4.900    38.9
0.0435        -6039.000    -6043.986        4.986    39.6
0.0440        -6038.950    -6043.971        5.021    39.8
0.0445        -6038.904    -6043.957        5.053    40.1
0.0450        -6038.821    -6043.945        5.124    40.7
0.0455        -6038.768    -6043.932        5.164    41.0
0.0460        -6038.690    -6043.920        5.231    41.5
0.0465        -6038.614    -6043.910        5.296    42.0
0.0470        -6038.577    -6043.899        5.322    42.2
0.0475        -6038.514    -6043.888        5.374    42.6
0.0480        -6038.472    -6043.877        5.405    42.9
0.0485        -6038.435    -6043.867        5.432    43.1
0.0490        -6038.335    -6043.858        5.523    43.8
0.0495        -6038.295    -6043.849        5.554    44.1
0.0500        -6038.251    -6043.840        5.589    44.3
0.0505        -6038.194    -6043.832        5.638    44.7
0.0510        -6038.136    -6043.824        5.688    45.1
0.0515        -6038.044    -6043.815        5.771    45.8
0.0520        -6037.969    -6043.806        5.837    46.3
0.0525        -6037.905    -6043.795        5.890    46.7
0.0530        -6037.838    -6043.784        5.946    47.2
0.0535        -6037.769    -6043.771        6.001    47.6
0.0540        -6037.728    -6043.757        6.029    47.8
0.0545        -6037.652    -6043.742        6.090    48.3
0.0550        -6037.592    -6043.727        6.135    48.7
0.0555        -6037.517    -6043.711        6.194    49.1
0.0560        -6037.413    -6043.693        6.280    49.8
0.0565        -6037.329    -6043.674        6.345    50.3
0.0570        -6037.285    -6043.653        6.367    50.5
0.0575        -6037.223    -6043.630        6.406    50.8
0.0580        -6037.164    -6043.606        6.442    51.1
0.0585        -6037.080    -6043.581        6.500    51.6
0.0590        -6036.984    -6043.554        6.571    52.1
0.0595        -6036.922    -6043.526        6.604    52.4
0.0600        -6036.845    -6043.497        6.652    52.8
0.0605        -6036.836    -6043.466        6.630    52.6
0.0610        -6036.747    -6043.435        6.688    53.1
0.0615        -6036.645    -6043.401        6.756    53.6
0.0620        -6036.612    -6043.365        6.752    53.6
0.0625        -6036.599    -6043.328        6.729    53.4
0.0630        -6036.525    -6043.289        6.764    53.7
0.0635        -6036.427    -6043.247        6.820    54.1
0.0640        -6036.342    -6043.203        6.862    54.4
0.0645        -6036.241    -6043.159        6.918    54.9
0.0650        -6036.176    -6043.112        6.935    55.0
0.0655        -6036.090    -6043.064        6.974    55.3
0.0660        -6036.092    -6043.015        6.923    54.9
0.0665        -6035.987    -6042.965        6.978    55.4
0.0670        -6035.911    -6042.915        7.004    55.6
0.0675        -6035.810    -6042.864        7.054    56.0
0.0680        -6035.811    -6042.813        7.002    55.6
0.0685        -6035.743    -6042.762        7.018    55.7
0.0690        -6035.713    -6042.711        6.998    55.5
0.0695        -6035.696    -6042.660        6.963    55.3
0.0700        -6035.616    -6042.609        6.993    55.5
0.0705        -6035.560    -6042.559        6.999    55.5
0.0710        -6035.464    -6042.511        7.047    55.9
0.0715        -6035.410    -6042.466        7.056    56.0
0.0720        -6035.365    -6042.423        7.058    56.0
0.0725        -6035.271    -6042.381        7.110    56.4
0.0730        -6035.151    -6042.340        7.189    57.0
0.0735        -6035.067    -6042.302        7.235    57.4
0.0740        -6034.981    -6042.265        7.285    57.8
0.0745        -6034.903    -6042.231        7.328    58.1
0.0750        -6034.830    -6042.199        7.368    58.5
0.0755        -6034.783    -6042.169        7.386    58.6
0.0760        -6034.698    -6042.141        7.443    59.1
0.0765        -6034.684    -6042.114        7.430    59.0
0.0770        -6034.644    -6042.090        7.447    59.1
0.0775        -6034.568    -6042.069        7.501    59.5
0.0780        -6034.540    -6042.049        7.509    59.6
0.0785        -6034.468    -6042.029        7.561    60.0
0.0790        -6034.431    -6042.010        7.578    60.1
0.0795        -6034.391    -6041.991        7.600    60.3
0.0800        -6034.314    -6041.971        7.657    60.8
0.0805        -6034.282    -6041.951        7.669    60.9
0.0810        -6034.236    -6041.929        7.693    61.0
0.0815        -6034.165    -6041.906        7.742    61.4
0.0820        -6034.061    -6041.883        7.822    62.1
0.0825        -6033.958    -6041.859        7.900    62.7
0.0830        -6033.875    -6041.834        7.959    63.2
0.0835        -6033.806    -6041.808        8.002    63.5
0.0840        -6033.742    -6041.782        8.040    63.8
0.0845        -6033.653    -6041.753        8.101    64.3
0.0850        -6033.604    -6041.723        8.118    64.4
0.0855        -6033.538    -6041.689        8.151    64.7
0.0860        -6033.534    -6041.655        8.121    64.4
0.0865        -6033.513    -6041.619        8.106    64.3
0.0870        -6033.420    -6041.583        8.163    64.8
0.0875        -6033.335    -6041.545        8.210    65.1
0.0880        -6033.285    -6041.505        8.221    65.2
0.0885        -6033.266    -6041.464        8.198    65.1
0.0890        -6033.177    -6041.423        8.246    65.4
0.0895        -6033.163    -6041.381        8.218    65.2
0.0900        -6033.116    -6041.338        8.221    65.2
0.0905        -6033.061    -6041.293        8.232    65.3
0.0910        -6032.982    -6041.248        8.265    65.6
0.0915        -6032.939    -6041.203        8.264    65.6
0.0920        -6032.910    -6041.158        8.248    65.4
0.0925        -6032.877    -6041.112        8.235    65.3
0.0930        -6032.734    -6041.065        8.330    66.1
0.0935        -6032.659    -6041.017        8.358    66.3
0.0940        -6032.603    -6040.969        8.366    66.4
0.0945        -6032.615    -6040.922        8.307    65.9
0.0950        -6032.546    -6040.875        8.329    66.1
0.0955        -6032.516    -6040.829        8.312    66.0
0.0960        -6032.408    -6040.782        8.375    66.5
0.0965        -6032.375    -6040.737        8.363    66.4
0.0970        -6032.325    -6040.693        8.369    66.4
0.0975        -6032.274    -6040.650        8.376    66.5
0.0980        -6032.185    -6040.605        8.420    66.8
0.0985        -6032.119    -6040.560        8.441    67.0
0.0990        -6032.066    -6040.515        8.449    67.0
0.0995        -6032.024    -6040.471        8.446    67.0
0.1000        -6031.940    -6040.428        8.487    67.3
0.1005        -6031.899    -6040.386        8.487    67.3
0.1010        -6031.858    -6040.345        8.487    67.3
0.1015        -6031.794    -6040.304        8.510    67.5
0.1020        -6031.750    -6040.263        8.513    67.5
0.1025        -6031.701    -6040.220        8.518    67.6
0.1030        -6031.621    -6040.177        8.556    67.9
0.1035        -6031.575    -6040.134        8.560    67.9
0.1040        -6031.545    -6040.093        8.547    67.8
0.1045        -6031.506    -6040.051        8.545    67.8
0.1050        -6031.468    -6040.009        8.542    67.8
0.1055        -6031.404    -6039.968        8.564    68.0
0.1060        -6031.317    -6039.927        8.610    68.3
0.1065        -6031.229    -6039.886        8.657    68.7
0.1070        -6031.198    -6039.844        8.647    68.6
0.1075        -6031.130    -6039.802        8.673    68.8
0.1080        -6031.042    -6039.760        8.718    69.2
0.1085        -6030.994    -6039.716        8.721    69.2
0.1090        -6030.926    -6039.671        8.745    69.4
0.1095        -6030.902    -6039.625        8.723    69.2
0.1100        -6030.879    -6039.578        8.699    69.0
0.1105        -6030.833    -6039.530        8.697    69.0
0.1110        -6030.685    -6039.481        8.796    69.8
0.1115        -6030.638    -6039.432        8.794    69.8
0.1120        -6030.527    -6039.382        8.855    70.3
0.1125        -6030.482    -6039.332        8.851    70.2
0.1130        -6030.435    -6039.280        8.845    70.2
0.1135        -6030.307    -6039.227        8.920    70.8
0.1140        -6030.241    -6039.174        8.934    70.9
0.1145        -6030.166    -6039.122        8.957    71.1
0.1150        -6030.118    -6039.069        8.952    71.0
0.1155        -6030.083    -6039.016        8.933    70.9
0.1160        -6030.076    -6038.964        8.888    70.5
0.1165        -6030.056    -6038.911        8.855    70.3
0.1170        -6029.984    -6038.858        8.874    70.4
0.1175        -6029.917    -6038.802        8.885    70.5
0.1180        -6029.905    -6038.747        8.843    70.2
0.1185        -6029.846    -6038.693        8.847    70.2
0.1190        -6029.822    -6038.640        8.818    70.0
0.1195        -6029.827    -6038.587        8.761    69.5
0.1200        -6029.762    -6038.536        8.774    69.6
0.1205        -6029.684    -6038.486        8.802    69.8
0.1210        -6029.664    -6038.437        8.773    69.6
0.1215        -6029.631    -6038.388        8.757    69.5
0.1220        -6029.588    -6038.340        8.752    69.4
0.1225        -6029.541    -6038.292        8.751    69.4
0.1230        -6029.473    -6038.246        8.773    69.6
0.1235        -6029.447    -6038.200        8.754    69.5
0.1240        -6029.408    -6038.157        8.749    69.4
0.1245        -6029.367    -6038.116        8.749    69.4
0.1250        -6029.288    -6038.077        8.789    69.7
0.1255        -6029.227    -6038.040        8.813    69.9
0.1260        -6029.181    -6038.003        8.822    70.0
0.1265        -6029.166    -6037.969        8.803    69.8
0.1270        -6029.123    -6037.936        8.813    69.9
0.1275        -6029.028    -6037.904        8.876    70.4
0.1280        -6029.001    -6037.874        8.872    70.4
0.1285        -6028.948    -6037.844        8.896    70.6
0.1290        -6028.876    -6037.816        8.940    70.9
0.1295        -6028.832    -6037.790        8.958    71.1
0.1300        -6028.731    -6037.766        9.034    71.7
0.1305        -6028.692    -6037.745        9.053    71.8
0.1310        -6028.582    -6037.725        9.143    72.5
0.1315        -6028.535    -6037.707        9.172    72.8
0.1320        -6028.507    -6037.690        9.183    72.9
0.1325        -6028.499    -6037.674        9.175    72.8
0.1330        -6028.468    -6037.658        9.189    72.9
0.1335        -6028.397    -6037.643        9.246    73.4
0.1340        -6028.376    -6037.629        9.253    73.4
0.1345        -6028.343    -6037.616        9.272    73.6
0.1350        -6028.242    -6037.602        9.361    74.3
0.1355        -6028.165    -6037.589        9.425    74.8
0.1360        -6028.186    -6037.577        9.392    74.5
0.1365        -6028.083    -6037.565        9.482    75.2
0.1370        -6028.056    -6037.553        9.497    75.4
0.1375        -6027.989    -6037.540        9.551    75.8
0.1380        -6027.943    -6037.529        9.586    76.1
0.1385        -6027.844    -6037.517        9.673    76.8
0.1390        -6027.856    -6037.507        9.650    76.6
0.1395        -6027.806    -6037.497        9.691    76.9
0.1400        -6027.722    -6037.489        9.767    77.5
0.1405        -6027.669    -6037.480        9.811    77.8
0.1410        -6027.619    -6037.473        9.854    78.2
0.1415        -6027.552    -6037.466        9.914    78.7
0.1420        -6027.500    -6037.461        9.961    79.0
0.1425        -6027.459    -6037.456        9.996    79.3
0.1430        -6027.358    -6037.450       10.092    80.1
0.1435        -6027.280    -6037.445       10.164    80.7
0.1440        -6027.255    -6037.439       10.184    80.8
0.1445        -6027.215    -6037.432       10.216    81.1
0.1450        -6027.187    -6037.425       10.237    81.2
0.1455        -6027.208    -6037.417       10.209    81.0
0.1460        -6027.133    -6037.408       10.276    81.5
0.1465        -6027.074    -6037.399       10.326    81.9
0.1470        -6027.058    -6037.390       10.331    82.0
0.1475        -6026.974    -6037.379       10.404    82.6
0.1480        -6026.898    -6037.367       10.469    83.1
0.1485        -6026.827    -6037.354       10.527    83.5
0.1490        -6026.778    -6037.341       10.564    83.8
0.1495        -6026.740    -6037.327       10.587    84.0
0.1500        -6026.586    -6037.313       10.727    85.1
0.1505        -6026.536    -6037.300       10.763    85.4
0.1510        -6026.474    -6037.287       10.813    85.8
0.1515        -6026.394    -6037.272       10.878    86.3
0.1520        -6026.375    -6037.257       10.882    86.3
0.1525        -6026.285    -6037.242       10.957    86.9
0.1530        -6026.208    -6037.227       11.019    87.4
0.1535        -6026.172    -6037.214       11.041    87.6
0.1540        -6026.066    -6037.202       11.135    88.4
0.1545        -6026.041    -6037.190       11.150    88.5
0.1550        -6025.938    -6037.180       11.242    89.2
0.1555        -6025.868    -6037.169       11.302    89.7
0.1560        -6025.807    -6037.159       11.352    90.1
0.1565        -6025.742    -6037.148       11.407    90.5
0.1570        -6025.682    -6037.139       11.457    90.9
0.1575        -6025.556    -6037.129       11.574    91.8
0.1580        -6025.504    -6037.121       11.616    92.2
0.1585        -6025.437    -6037.113       11.676    92.6
0.1590        -6025.357    -6037.105       11.749    93.2
0.1595        -6025.324    -6037.098       11.774    93.4
0.1600        -6025.273    -6037.089       11.816    93.8
0.1605        -6025.251    -6037.080       11.829    93.9
0.1610        -6025.241    -6037.071       11.831    93.9
0.1615        -6025.190    -6037.060       11.870    94.2
0.1620        -6025.158    -6037.048       11.890    94.3
0.1625        -6025.104    -6037.035       11.931    94.7
0.1630        -6025.020    -6037.022       12.003    95.2
0.1635        -6024.981    -6037.010       12.029    95.4
0.1640        -6024.957    -6036.997       12.041    95.5
0.1645        -6024.967    -6036.984       12.017    95.4
0.1650        -6024.914    -6036.970       12.056    95.7
0.1655        -6024.826    -6036.954       12.128    96.2
0.1660        -6024.785    -6036.937       12.153    96.4
0.1665        -6024.702    -6036.920       12.218    96.9
0.1670        -6024.611    -6036.903       12.292    97.5
0.1675        -6024.516    -6036.884       12.368    98.1
0.1680        -6024.380    -6036.862       12.481    99.0
0.1685        -6024.323    -6036.839       12.516    99.3
0.1690        -6024.277    -6036.817       12.539    99.5
0.1695        -6024.259    -6036.792       12.533    99.4
0.1700        -6024.195    -6036.766       12.571    99.7
0.1705        -6024.085    -6036.738       12.653   100.4
0.1710        -6024.031    -6036.708       12.677   100.6
0.1715        -6023.937    -6036.675       12.738   101.1
0.1720        -6023.868    -6036.640       12.772   101.3
0.1725        -6023.834    -6036.602       12.768   101.3
0.1730        -6023.784    -6036.561       12.778   101.4
0.1735        -6023.685    -6036.519       12.834   101.8
0.1740        -6023.627    -6036.474       12.847   101.9
0.1745        -6023.574    -6036.427       12.853   102.0
0.1750        -6023.494    -6036.377       12.884   102.2
0.1755        -6023.442    -6036.326       12.884   102.2
0.1760        -6023.350    -6036.273       12.923   102.5
0.1765        -6023.265    -6036.218       12.952   102.8
0.1770        -6023.164    -6036.162       12.998   103.1
0.1775        -6023.078    -6036.105       13.026   103.4
0.1780        -6023.037    -6036.046       13.009   103.2
0.1785        -6023.049    -6035.987       12.938   102.7
0.1790        -6023.026    -6035.928       12.902   102.4
0.1795        -6022.994    -6035.869       12.875   102.2
0.1800        -6022.964    -6035.809       12.844   101.9
0.1805        -6022.881    -6035.748       12.868   102.1
0.1810        -6022.767    -6035.687       12.920   102.5
0.1815        -6022.730    -6035.625       12.895   102.3
0.1820        -6022.710    -6035.564       12.854   102.0
0.1825        -6022.665    -6035.505       12.840   101.9
0.1830        -6022.608    -6035.448       12.840   101.9
0.1835        -6022.553    -6035.392       12.838   101.9
0.1840        -6022.527    -6035.337       12.810   101.6
0.1845        -6022.477    -6035.282       12.805   101.6
0.1850        -6022.420    -6035.230       12.810   101.6
0.1855        -6022.355    -6035.178       12.823   101.7
0.1860        -6022.295    -6035.127       12.832   101.8
0.1865        -6022.206    -6035.077       12.871   102.1
0.1870        -6022.144    -6035.029       12.885   102.2
0.1875        -6022.068    -6034.982       12.915   102.5
0.1880        -6021.940    -6034.937       12.997   103.1
0.1885        -6021.878    -6034.894       13.016   103.3
0.1890        -6021.856    -6034.853       12.997   103.1
0.1895        -6021.854    -6034.814       12.960   102.8
0.1900        -6021.891    -6034.777       12.886   102.2
0.1905        -6021.850    -6034.742       12.892   102.3
0.1910        -6021.806    -6034.707       12.901   102.4
0.1915        -6021.828    -6034.674       12.847   101.9
0.1920        -6021.752    -6034.645       12.893   102.3
0.1925        -6021.685    -6034.619       12.934   102.6
0.1930        -6021.662    -6034.595       12.933   102.6
0.1935        -6021.619    -6034.571       12.953   102.8
0.1940        -6021.574    -6034.550       12.977   103.0
0.1945        -6021.527    -6034.531       13.004   103.2
0.1950        -6021.388    -6034.515       13.127   104.2
0.1955        -6021.389    -6034.500       13.111   104.0
0.1960        -6021.347    -6034.487       13.140   104.3
0.1965        -6021.286    -6034.476       13.190   104.7
0.1970        -6021.259    -6034.467       13.208   104.8
0.1975        -6021.168    -6034.460       13.292   105.5
0.1980        -6021.159    -6034.454       13.296   105.5
0.1985        -6021.126    -6034.449       13.323   105.7
0.1990        -6021.141    -6034.443       13.302   105.5
0.1995        -6021.080    -6034.438       13.358   106.0
0.2000        -6021.011    -6034.432       13.421   106.5
0.2005        -6020.882    -6034.426       13.544   107.5
0.2010        -6020.817    -6034.420       13.603   107.9
0.2015        -6020.702    -6034.414       13.712   108.8
0.2020        -6020.717    -6034.407       13.690   108.6
0.2025        -6020.687    -6034.400       13.713   108.8
0.2030        -6020.646    -6034.392       13.746   109.1
0.2035        -6020.623    -6034.385       13.761   109.2
0.2040        -6020.560    -6034.376       13.816   109.6
0.2045        -6020.440    -6034.367       13.927   110.5
0.2050        -6020.399    -6034.356       13.957   110.7
0.2055        -6020.385    -6034.344       13.959   110.8
0.2060        -6020.335    -6034.330       13.995   111.0
0.2065        -6020.319    -6034.314       13.995   111.0
0.2070        -6020.314    -6034.297       13.982   110.9
0.2075        -6020.295    -6034.278       13.983   110.9
0.2080        -6020.239    -6034.256       14.017   111.2
0.2085        -6020.193    -6034.233       14.040   111.4
0.2090        -6020.120    -6034.208       14.088   111.8
0.2095        -6020.092    -6034.181       14.089   111.8
0.2100        -6020.065    -6034.152       14.087   111.8
0.2105        -6020.023    -6034.121       14.098   111.9
0.2110        -6019.960    -6034.089       14.129   112.1
0.2115        -6019.882    -6034.055       14.173   112.5
0.2120        -6019.884    -6034.019       14.136   112.2
0.2125        -6019.890    -6033.983       14.093   111.8
0.2130        -6019.807    -6033.946       14.139   112.2
0.2135        -6019.781    -6033.908       14.128   112.1
0.2140        -6019.714    -6033.870       14.156   112.3
0.2145        -6019.678    -6033.832       14.154   112.3
0.2150        -6019.615    -6033.792       14.177   112.5
0.2155        -6019.578    -6033.753       14.175   112.5
0.2160        -6019.476    -6033.714       14.238   113.0
0.2165        -6019.475    -6033.674       14.199   112.7
0.2170        -6019.403    -6033.635       14.232   112.9
0.2175        -6019.339    -6033.596       14.257   113.1
0.2180        -6019.300    -6033.557       14.257   113.1
0.2185        -6019.168    -6033.521       14.353   113.9
0.2190        -6019.156    -6033.486       14.330   113.7
0.2195        -6019.103    -6033.453       14.349   113.9
0.2200        -6019.079    -6033.420       14.341   113.8
0.2205        -6019.086    -6033.387       14.302   113.5
0.2210        -6019.043    -6033.354       14.312   113.6
0.2215        -6019.041    -6033.322       14.281   113.3
0.2220        -6019.013    -6033.291       14.277   113.3
0.2225        -6018.924    -6033.259       14.335   113.7
0.2230        -6018.830    -6033.229       14.398   114.2
0.2235        -6018.764    -6033.199       14.435   114.5
0.2240        -6018.710    -6033.171       14.461   114.7
0.2245        -6018.654    -6033.142       14.489   115.0
0.2250        -6018.584    -6033.114       14.531   115.3
0.2255        -6018.480    -6033.088       14.607   115.9
0.2260        -6018.458    -6033.063       14.605   115.9
0.2265        -6018.383    -6033.040       14.657   116.3
0.2270        -6018.404    -6033.018       14.614   116.0
0.2275        -6018.297    -6032.996       14.699   116.6
0.2280        -6018.229    -6032.974       14.745   117.0
0.2285        -6018.124    -6032.955       14.831   117.7
0.2290        -6018.019    -6032.935       14.916   118.4
0.2295        -6018.010    -6032.917       14.907   118.3
0.2300        -6017.972    -6032.899       14.927   118.4
0.2305        -6017.922    -6032.882       14.959   118.7
0.2310        -6017.906    -6032.864       14.958   118.7
0.2315        -6017.880    -6032.848       14.968   118.8
0.2320        -6017.823    -6032.833       15.011   119.1
0.2325        -6017.776    -6032.820       15.044   119.4
0.2330        -6017.752    -6032.809       15.057   119.5
0.2335        -6017.652    -6032.798       15.146   120.2
0.2340        -6017.661    -6032.786       15.125   120.0
0.2345        -6017.603    -6032.773       15.170   120.4
0.2350        -6017.639    -6032.761       15.123   120.0
0.2355        -6017.523    -6032.750       15.227   120.8
0.2360        -6017.439    -6032.739       15.300   121.4
0.2365        -6017.452    -6032.727       15.275   121.2
0.2370        -6017.450    -6032.716       15.266   121.1
0.2375        -6017.387    -6032.705       15.318   121.5
0.2380        -6017.293    -6032.695       15.402   122.2
0.2385        -6017.252    -6032.683       15.431   122.4
0.2390        -6017.147    -6032.671       15.524   123.2
0.2395        -6017.108    -6032.659       15.551   123.4
0.2400        -6017.001    -6032.648       15.647   124.2
0.2405        -6016.989    -6032.636       15.647   124.2
0.2410        -6016.942    -6032.624       15.682   124.4
0.2415        -6016.928    -6032.610       15.682   124.4
0.2420        -6016.818    -6032.593       15.775   125.2
0.2425        -6016.818    -6032.577       15.759   125.0
0.2430        -6016.734    -6032.561       15.827   125.6
0.2435        -6016.615    -6032.545       15.930   126.4
0.2440        -6016.521    -6032.529       16.008   127.0
0.2445        -6016.545    -6032.513       15.968   126.7
0.2450        -6016.421    -6032.496       16.075   127.6
0.2455        -6016.387    -6032.479       16.092   127.7
0.2460        -6016.319    -6032.462       16.144   128.1
0.2465        -6016.336    -6032.445       16.109   127.8
0.2470        -6016.326    -6032.429       16.103   127.8
0.2475        -6016.272    -6032.411       16.139   128.1
0.2480        -6016.240    -6032.393       16.152   128.2
0.2485        -6016.176    -6032.372       16.197   128.5
0.2490        -6016.124    -6032.351       16.228   128.8
0.2495        -6016.115    -6032.331       16.216   128.7
0.2500        -6016.027    -6032.312       16.285   129.2
0.2505        -6016.019    -6032.293       16.275   129.1
0.2510        -6015.970    -6032.277       16.307   129.4
0.2515        -6015.878    -6032.260       16.382   130.0
0.2520        -6015.776    -6032.244       16.468   130.7
0.2525        -6015.718    -6032.230       16.512   131.0
0.2530        -6015.629    -6032.217       16.588   131.6
0.2535        -6015.620    -6032.205       16.585   131.6
0.2540        -6015.556    -6032.193       16.637   132.0
0.2545        -6015.557    -6032.182       16.626   131.9
0.2550        -6015.509    -6032.174       16.664   132.2
0.2555        -6015.439    -6032.166       16.727   132.7
0.2560        -6015.406    -6032.159       16.753   132.9
0.2565        -6015.383    -6032.154       16.770   133.1
0.2570        -6015.379    -6032.147       16.768   133.0
0.2575        -6015.410    -6032.141       16.731   132.8
0.2580        -6015.373    -6032.136       16.763   133.0
0.2585        -6015.404    -6032.131       16.727   132.7
0.2590        -6015.335    -6032.129       16.794   133.3
0.2595        -6015.267    -6032.128       16.861   133.8
0.2600        -6015.258    -6032.127       16.869   133.9
0.2605        -6015.243    -6032.124       16.881   133.9
0.2610        -6015.220    -6032.120       16.901   134.1
0.2615        -6015.143    -6032.116       16.973   134.7
0.2620        -6015.119    -6032.114       16.995   134.9
0.2625        -6015.129    -6032.112       16.983   134.8
0.2630        -6015.079    -6032.109       17.030   135.1
0.2635        -6015.045    -6032.106       17.061   135.4
0.2640        -6015.073    -6032.104       17.032   135.1
0.2645        -6015.048    -6032.103       17.056   135.3
0.2650        -6015.060    -6032.102       17.043   135.2
0.2655        -6015.066    -6032.101       17.036   135.2
0.2660        -6015.035    -6032.100       17.064   135.4
0.2665        -6014.925    -6032.099       17.173   136.3
0.2670        -6014.849    -6032.098       17.250   136.9
0.2675        -6014.839    -6032.100       17.261   137.0
0.2680        -6014.806    -6032.102       17.296   137.2
0.2685        -6014.799    -6032.103       17.304   137.3
0.2690        -6014.781    -6032.104       17.323   137.5
0.2695        -6014.744    -6032.102       17.358   137.7
0.2700        -6014.726    -6032.100       17.373   137.9
0.2705        -6014.621    -6032.097       17.476   138.7
0.2710        -6014.556    -6032.093       17.538   139.2
0.2715        -6014.582    -6032.089       17.507   138.9
0.2720        -6014.491    -6032.084       17.593   139.6
0.2725        -6014.520    -6032.081       17.560   139.3
0.2730        -6014.542    -6032.075       17.534   139.1
0.2735        -6014.622    -6032.068       17.446   138.4
0.2740        -6014.565    -6032.059       17.493   138.8
0.2745        -6014.535    -6032.049       17.514   139.0
0.2750        -6014.526    -6032.036       17.510   138.9
0.2755        -6014.521    -6032.020       17.499   138.8
0.2760        -6014.479    -6032.002       17.523   139.0
0.2765        -6014.368    -6031.983       17.614   139.8
0.2770        -6014.267    -6031.960       17.693   140.4
0.2775        -6014.224    -6031.936       17.712   140.5
0.2780        -6014.153    -6031.909       17.756   140.9
0.2785        -6014.093    -6031.877       17.784   141.1
0.2790        -6014.028    -6031.842       17.814   141.3
0.2795        -6013.960    -6031.805       17.845   141.6
0.2800        -6013.909    -6031.766       17.856   141.7
0.2805        -6013.879    -6031.724       17.845   141.6
0.2810        -6013.823    -6031.681       17.858   141.7
0.2815        -6013.741    -6031.636       17.895   142.0
0.2820        -6013.669    -6031.589       17.920   142.2
0.2825        -6013.581    -6031.542       17.961   142.5
0.2830        -6013.499    -6031.495       17.995   142.8
0.2835        -6013.434    -6031.446       18.013   142.9
0.2840        -6013.422    -6031.397       17.974   142.6
0.2845        -6013.417    -6031.345       17.928   142.3
0.2850        -6013.332    -6031.293       17.961   142.5
0.2855        -6013.224    -6031.240       18.016   143.0
0.2860        -6013.179    -6031.187       18.008   142.9
0.2865        -6013.132    -6031.133       18.001   142.8
0.2870        -6013.081    -6031.078       17.998   142.8
0.2875        -6013.015    -6031.024       18.009   142.9
0.2880        -6012.896    -6030.969       18.073   143.4
0.2885        -6012.810    -6030.915       18.105   143.7
0.2890        -6012.747    -6030.861       18.114   143.7
0.2895        -6012.665    -6030.807       18.143   144.0
0.2900        -6012.662    -6030.755       18.093   143.6
0.2905        -6012.598    -6030.705       18.108   143.7
0.2910        -6012.556    -6030.657       18.101   143.6
0.2915        -6012.508    -6030.611       18.103   143.6
0.2920        -6012.567    -6030.567       17.999   142.8
0.2925        -6012.458    -6030.523       18.065   143.3
0.2930        -6012.420    -6030.480       18.060   143.3
0.2935        -6012.283    -6030.439       18.156   144.1
0.2940        -6012.347    -6030.400       18.053   143.2
0.2945        -6012.350    -6030.363       18.012   142.9
0.2950        -6012.244    -6030.327       18.083   143.5
0.2955        -6012.222    -6030.292       18.071   143.4
0.2960        -6012.216    -6030.260       18.045   143.2
0.2965        -6012.194    -6030.233       18.039   143.1
0.2970        -6012.180    -6030.207       18.027   143.0
0.2975        -6012.158    -6030.183       18.026   143.0
0.2980        -6012.101    -6030.161       18.060   143.3
0.2985        -6012.035    -6030.141       18.106   143.7
0.2990        -6011.989    -6030.123       18.135   143.9
0.2995        -6011.985    -6030.108       18.123   143.8
0.3000        -6012.009    -6030.093       18.084   143.5
0.3005        -6011.969    -6030.080       18.112   143.7
0.3010        -6011.941    -6030.069       18.127   143.8
0.3015        -6011.883    -6030.057       18.174   144.2
0.3020        -6011.957    -6030.046       18.089   143.5
0.3025        -6011.927    -6030.038       18.110   143.7
0.3030        -6011.893    -6030.032       18.139   143.9
0.3035        -6011.830    -6030.028       18.198   144.4
0.3040        -6011.791    -6030.025       18.234   144.7
0.3045        -6011.711    -6030.022       18.311   145.3
0.3050        -6011.721    -6030.020       18.299   145.2
0.3055        -6011.695    -6030.019       18.324   145.4
0.3060        -6011.607    -6030.019       18.412   146.1
0.3065        -6011.630    -6030.019       18.389   145.9
0.3070        -6011.533    -6030.017       18.485   146.7
0.3075        -6011.512    -6030.013       18.501   146.8
0.3080        -6011.501    -6030.010       18.509   146.9
0.3085        -6011.421    -6030.006       18.585   147.5
0.3090        -6011.285    -6029.999       18.714   148.5
0.3095        -6011.258    -6029.990       18.731   148.6
0.3100        -6011.280    -6029.980       18.700   148.4
0.3105        -6011.229    -6029.968       18.740   148.7
0.3110        -6011.226    -6029.955       18.729   148.6
0.3115        -6011.172    -6029.941       18.770   148.9
0.3120        -6011.086    -6029.925       18.839   149.5
0.3125        -6011.007    -6029.905       18.898   149.9
0.3130        -6011.123    -6029.883       18.759   148.8
0.3135        -6011.048    -6029.858       18.810   149.3
0.3140        -6010.977    -6029.833       18.856   149.6
0.3145        -6010.981    -6029.806       18.826   149.4
0.3150        -6010.965    -6029.779       18.814   149.3
0.3155        -6010.924    -6029.751       18.827   149.4
0.3160        -6010.906    -6029.722       18.816   149.3
0.3165        -6010.904    -6029.693       18.789   149.1
0.3170        -6010.949    -6029.663       18.714   148.5
0.3175        -6010.857    -6029.632       18.775   149.0
0.3180        -6010.887    -6029.599       18.712   148.5
0.3185        -6010.811    -6029.567       18.756   148.8
0.3190        -6010.811    -6029.533       18.722   148.6
0.3195        -6010.804    -6029.498       18.695   148.3
0.3200        -6010.703    -6029.462       18.758   148.8
0.3205        -6010.643    -6029.426       18.783   149.0
0.3210        -6010.627    -6029.390       18.763   148.9
0.3215        -6010.581    -6029.354       18.773   149.0
0.3220        -6010.512    -6029.317       18.805   149.2
0.3225        -6010.521    -6029.277       18.756   148.8
0.3230        -6010.549    -6029.236       18.687   148.3
0.3235        -6010.514    -6029.195       18.681   148.2
0.3240        -6010.413    -6029.154       18.741   148.7
0.3245        -6010.404    -6029.113       18.709   148.5
0.3250        -6010.416    -6029.071       18.655   148.0
0.3255        -6010.333    -6029.029       18.697   148.4
0.3260        -6010.201    -6028.988       18.787   149.1
0.3265        -6010.184    -6028.947       18.763   148.9
0.3270        -6010.121    -6028.904       18.782   149.0
0.3275        -6010.046    -6028.860       18.814   149.3
0.3280        -6010.017    -6028.818       18.801   149.2
0.3285        -6009.915    -6028.774       18.860   149.6
0.3290        -6009.815    -6028.729       18.914   150.1
0.3295        -6009.791    -6028.685       18.894   149.9
0.3300        -6009.718    -6028.641       18.924   150.2
0.3305        -6009.676    -6028.597       18.921   150.1
0.3310        -6009.662    -6028.553       18.891   149.9
0.3315        -6009.643    -6028.509       18.866   149.7
0.3320        -6009.650    -6028.465       18.815   149.3
0.3325        -6009.668    -6028.423       18.755   148.8
0.3330        -6009.684    -6028.381       18.697   148.4
0.3335        -6009.655    -6028.341       18.686   148.3
0.3340        -6009.672    -6028.301       18.629   147.8
0.3345        -6009.606    -6028.263       18.657   148.0
0.3350        -6009.542    -6028.223       18.681   148.2
0.3355        -6009.583    -6028.183       18.600   147.6
0.3360        -6009.570    -6028.145       18.576   147.4
0.3365        -6009.545    -6028.108       18.564   147.3
0.3370        -6009.507    -6028.074       18.567   147.3
0.3375        -6009.476    -6028.040       18.564   147.3
0.3380        -6009.519    -6028.008       18.489   146.7
0.3385        -6009.427    -6027.975       18.548   147.2
0.3390        -6009.383    -6027.943       18.559   147.3
0.3395        -6009.347    -6027.911       18.564   147.3
0.3400        -6009.353    -6027.879       18.526   147.0
0.3405        -6009.380    -6027.848       18.468   146.5
0.3410        -6009.365    -6027.818       18.453   146.4
0.3415        -6009.295    -6027.787       18.492   146.7
0.3420        -6009.240    -6027.757       18.517   146.9
0.3425        -6009.226    -6027.727       18.501   146.8
0.3430        -6009.204    -6027.700       18.496   146.8
0.3435        -6009.150    -6027.675       18.525   147.0
0.3440        -6009.119    -6027.650       18.530   147.0
0.3445        -6009.038    -6027.626       18.588   147.5
0.3450        -6009.060    -6027.604       18.544   147.1
0.3455        -6008.985    -6027.585       18.600   147.6
0.3460        -6008.894    -6027.569       18.675   148.2
0.3465        -6008.849    -6027.554       18.705   148.4
0.3470        -6008.776    -6027.540       18.763   148.9
0.3475        -6008.787    -6027.526       18.739   148.7
0.3480        -6008.835    -6027.513       18.678   148.2
0.3485        -6008.779    -6027.501       18.722   148.6
0.3490        -6008.798    -6027.489       18.691   148.3
0.3495        -6008.828    -6027.479       18.651   148.0
0.3500        -6008.783    -6027.470       18.687   148.3
0.3505        -6008.741    -6027.464       18.723   148.6
0.3510        -6008.747    -6027.462       18.714   148.5
0.3515        -6008.623    -6027.461       18.838   149.5
0.3520        -6008.511    -6027.461       18.949   150.4
0.3525        -6008.479    -6027.463       18.984   150.6
0.3530        -6008.478    -6027.465       18.988   150.7
0.3535        -6008.449    -6027.470       19.021   150.9
0.3540        -6008.460    -6027.476       19.016   150.9
0.3545        -6008.431    -6027.483       19.052   151.2
0.3550        -6008.413    -6027.488       19.076   151.4
0.3555        -6008.322    -6027.494       19.172   152.1
0.3560        -6008.332    -6027.502       19.170   152.1
0.3565        -6008.279    -6027.511       19.232   152.6
0.3570        -6008.254    -6027.518       19.265   152.9
0.3575        -6008.190    -6027.526       19.336   153.4
0.3580        -6008.151    -6027.534       19.383   153.8
0.3585        -6008.192    -6027.544       19.352   153.5
0.3590        -6008.107    -6027.554       19.447   154.3
0.3595        -6008.022    -6027.565       19.543   155.1
0.3600        -6007.947    -6027.576       19.629   155.7
0.3605        -6007.923    -6027.589       19.666   156.0
0.3610        -6007.914    -6027.603       19.689   156.2
0.3615        -6007.888    -6027.617       19.729   156.5
0.3620        -6007.910    -6027.631       19.721   156.5
0.3625        -6007.914    -6027.648       19.734   156.6
0.3630        -6007.838    -6027.664       19.826   157.3
0.3635        -6007.805    -6027.677       19.873   157.7
0.3640        -6007.765    -6027.689       19.925   158.1
0.3645        -6007.729    -6027.703       19.974   158.5
0.3650        -6007.700    -6027.717       20.017   158.8
0.3655        -6007.723    -6027.730       20.007   158.7
0.3660        -6007.788    -6027.742       19.954   158.3
0.3665        -6007.727    -6027.755       20.028   158.9
0.3670        -6007.682    -6027.769       20.087   159.4
0.3675        -6007.594    -6027.783       20.189   160.2
0.3680        -6007.550    -6027.798       20.247   160.7
0.3685        -6007.461    -6027.813       20.352   161.5
0.3690        -6007.398    -6027.827       20.428   162.1
0.3695        -6007.411    -6027.838       20.427   162.1
0.3700        -6007.317    -6027.849       20.532   162.9
0.3705        -6007.262    -6027.859       20.597   163.4
0.3710        -6007.245    -6027.867       20.622   163.6
0.3715        -6007.221    -6027.874       20.653   163.9
0.3720        -6007.166    -6027.877       20.711   164.3
0.3725        -6007.091    -6027.878       20.786   164.9
0.3730        -6006.964    -6027.877       20.913   165.9
0.3735        -6006.949    -6027.874       20.925   166.0
0.3740        -6006.971    -6027.869       20.897   165.8
0.3745        -6007.003    -6027.860       20.858   165.5
0.3750        -6006.969    -6027.852       20.883   165.7
0.3755        -6006.956    -6027.840       20.884   165.7
0.3760        -6006.892    -6027.828       20.936   166.1
0.3765        -6006.855    -6027.813       20.959   166.3
0.3770        -6006.731    -6027.798       21.067   167.2
0.3775        -6006.704    -6027.780       21.076   167.2
0.3780        -6006.637    -6027.760       21.123   167.6
0.3785        -6006.599    -6027.738       21.139   167.7
0.3790        -6006.578    -6027.712       21.134   167.7
0.3795        -6006.485    -6027.685       21.199   168.2
0.3800        -6006.571    -6027.656       21.084   167.3
0.3805        -6006.458    -6027.624       21.166   167.9
0.3810        -6006.439    -6027.591       21.152   167.8
0.3815        -6006.454    -6027.558       21.104   167.5
0.3820        -6006.384    -6027.523       21.140   167.7
0.3825        -6006.324    -6027.488       21.164   167.9
0.3830        -6006.282    -6027.451       21.169   168.0
0.3835        -6006.257    -6027.412       21.155   167.9
0.3840        -6006.258    -6027.373       21.115   167.5
0.3845        -6006.360    -6027.333       20.973   166.4
0.3850        -6006.326    -6027.292       20.966   166.4
0.3855        -6006.274    -6027.251       20.978   166.5
0.3860        -6006.178    -6027.212       21.034   166.9
0.3865        -6006.161    -6027.173       21.012   166.7
0.3870        -6006.174    -6027.136       20.962   166.3
0.3875        -6006.152    -6027.099       20.947   166.2
0.3880        -6006.136    -6027.065       20.929   166.1
0.3885        -6006.041    -6027.031       20.990   166.6
0.3890        -6006.010    -6027.000       20.990   166.5
0.3895        -6005.963    -6026.969       21.006   166.7
0.3900        -6005.985    -6026.939       20.954   166.3
0.3905        -6005.942    -6026.910       20.968   166.4
0.3910        -6005.893    -6026.879       20.986   166.5
0.3915        -6005.873    -6026.849       20.976   166.4
0.3920        -6005.959    -6026.819       20.860   165.5
0.3925        -6005.991    -6026.790       20.799   165.0
0.3930        -6006.001    -6026.762       20.761   164.7
0.3935        -6006.052    -6026.737       20.685   164.1
0.3940        -6005.992    -6026.712       20.720   164.4
0.3945        -6005.989    -6026.690       20.701   164.3
0.3950        -6006.045    -6026.671       20.626   163.7
0.3955        -6005.998    -6026.656       20.658   163.9
0.3960        -6005.981    -6026.643       20.662   163.9
0.3965        -6005.892    -6026.635       20.743   164.6
0.3970        -6005.880    -6026.634       20.754   164.7
0.3975        -6005.829    -6026.638       20.809   165.1
0.3980        -6005.772    -6026.647       20.875   165.6
0.3985        -6005.653    -6026.658       21.005   166.7
0.3990        -6005.571    -6026.671       21.100   167.4
0.3995        -6005.494    -6026.686       21.192   168.1
0.4000        -6005.480    -6026.702       21.222   168.4
0.4005        -6005.470    -6026.720       21.250   168.6
0.4010        -6005.386    -6026.740       21.355   169.4
0.4015        -6005.335    -6026.763       21.429   170.0
0.4020        -6005.242    -6026.787       21.546   171.0
0.4025        -6005.175    -6026.813       21.638   171.7
0.4030        -6005.146    -6026.838       21.692   172.1
0.4035        -6005.155    -6026.864       21.708   172.2
0.4040        -6005.168    -6026.889       21.721   172.4
0.4045        -6005.140    -6026.916       21.775   172.8
0.4050        -6005.067    -6026.946       21.879   173.6
0.4055        -6005.016    -6026.976       21.960   174.2
0.4060        -6004.970    -6027.005       22.035   174.8
0.4065        -6005.021    -6027.035       22.014   174.7
0.4070        -6004.994    -6027.062       22.068   175.1
0.4075        -6005.002    -6027.089       22.087   175.3
0.4080        -6004.987    -6027.114       22.128   175.6
0.4085        -6004.831    -6027.139       22.307   177.0
0.4090        -6004.823    -6027.160       22.337   177.2
0.4095        -6004.774    -6027.179       22.405   177.8
0.4100        -6004.692    -6027.196       22.504   178.6
0.4105        -6004.720    -6027.210       22.490   178.4
0.4110        -6004.700    -6027.220       22.520   178.7
0.4115        -6004.699    -6027.227       22.528   178.8
0.4120        -6004.699    -6027.231       22.532   178.8
0.4125        -6004.664    -6027.233       22.569   179.1
0.4130        -6004.621    -6027.232       22.611   179.4
0.4135        -6004.623    -6027.228       22.605   179.4
0.4140        -6004.531    -6027.220       22.689   180.0
0.4145        -6004.509    -6027.208       22.699   180.1
0.4150        -6004.470    -6027.193       22.723   180.3
0.4155        -6004.473    -6027.176       22.703   180.1
0.4160        -6004.441    -6027.159       22.718   180.3
0.4165        -6004.291    -6027.138       22.847   181.3
0.4170        -6004.276    -6027.118       22.842   181.2
0.4175        -6004.302    -6027.096       22.793   180.9
0.4180        -6004.178    -6027.073       22.894   181.7
0.4185        -6004.064    -6027.049       22.984   182.4
0.4190        -6004.019    -6027.024       23.005   182.5
0.4195        -6003.958    -6026.998       23.040   182.8
0.4200        -6004.001    -6026.972       22.971   182.3
0.4205        -6003.860    -6026.946       23.086   183.2
0.4210        -6003.814    -6026.922       23.109   183.4
0.4215        -6003.765    -6026.899       23.134   183.6
0.4220        -6003.736    -6026.875       23.139   183.6
0.4225        -6003.757    -6026.853       23.096   183.3
0.4230        -6003.782    -6026.832       23.050   182.9
0.4235        -6003.629    -6026.813       23.184   184.0
0.4240        -6003.648    -6026.794       23.146   183.7
0.4245        -6003.593    -6026.776       23.183   184.0
0.4250        -6003.598    -6026.758       23.161   183.8
0.4255        -6003.623    -6026.741       23.118   183.4
0.4260        -6003.597    -6026.724       23.126   183.5
0.4265        -6003.561    -6026.707       23.147   183.7
0.4270        -6003.550    -6026.694       23.144   183.6
0.4275        -6003.520    -6026.682       23.162   183.8
0.4280        -6003.523    -6026.670       23.147   183.7
0.4285        -6003.441    -6026.660       23.220   184.2
0.4290        -6003.435    -6026.653       23.217   184.2
0.4295        -6003.380    -6026.649       23.269   184.6
0.4300        -6003.343    -6026.648       23.305   184.9
0.4305        -6003.325    -6026.649       23.324   185.1
0.4310        -6003.318    -6026.650       23.332   185.1
0.4315        -6003.303    -6026.650       23.348   185.3
0.4320        -6003.324    -6026.652       23.328   185.1
0.4325        -6003.343    -6026.655       23.311   185.0
0.4330        -6003.351    -6026.657       23.306   184.9
0.4335        -6003.379    -6026.661       23.282   184.7
0.4340        -6003.365    -6026.665       23.300   184.9
0.4345        -6003.372    -6026.670       23.298   184.9
0.4350        -6003.278    -6026.675       23.397   185.6
0.4355        -6003.238    -6026.681       23.442   186.0
0.4360        -6003.154    -6026.685       23.531   186.7
0.4365        -6003.091    -6026.688       23.597   187.2
0.4370        -6003.017    -6026.691       23.673   187.8
0.4375        -6003.037    -6026.694       23.657   187.7
0.4380        -6003.069    -6026.695       23.626   187.5
0.4385        -6003.022    -6026.693       23.672   187.8
0.4390        -6002.921    -6026.692       23.771   188.6
0.4395        -6002.843    -6026.689       23.847   189.2
0.4400        -6002.861    -6026.685       23.823   189.0
0.4405        -6002.725    -6026.678       23.953   190.1
0.4410        -6002.658    -6026.671       24.013   190.5
0.4415        -6002.600    -6026.663       24.063   190.9
0.4420        -6002.577    -6026.654       24.077   191.0
0.4425        -6002.526    -6026.643       24.117   191.4
0.4430        -6002.473    -6026.629       24.157   191.7
0.4435        -6002.419    -6026.614       24.195   192.0
0.4440        -6002.348    -6026.595       24.247   192.4
0.4445        -6002.254    -6026.575       24.321   193.0
0.4450        -6002.218    -6026.551       24.333   193.1
0.4455        -6002.214    -6026.526       24.312   192.9
0.4460        -6002.175    -6026.499       24.324   193.0
0.4465        -6002.201    -6026.472       24.271   192.6
0.4470        -6002.114    -6026.442       24.329   193.0
0.4475        -6002.106    -6026.410       24.304   192.8
0.4480        -6002.147    -6026.377       24.230   192.3
0.4485        -6002.150    -6026.341       24.191   191.9
0.4490        -6002.148    -6026.301       24.153   191.6
0.4495        -6002.066    -6026.260       24.194   192.0
0.4500        -6002.004    -6026.215       24.211   192.1
0.4505        -6002.004    -6026.169       24.165   191.7
0.4510        -6001.965    -6026.120       24.155   191.7
0.4515        -6001.912    -6026.070       24.158   191.7
0.4520        -6001.859    -6026.019       24.160   191.7
0.4525        -6001.748    -6025.966       24.218   192.2
0.4530        -6001.778    -6025.911       24.133   191.5
0.4535        -6001.760    -6025.854       24.094   191.2
0.4540        -6001.725    -6025.794       24.069   191.0
0.4545        -6001.669    -6025.733       24.064   190.9
0.4550        -6001.677    -6025.671       23.994   190.4
0.4555        -6001.657    -6025.609       23.952   190.1
0.4560        -6001.534    -6025.547       24.013   190.5
0.4565        -6001.512    -6025.483       23.971   190.2
0.4570        -6001.524    -6025.420       23.896   189.6
0.4575        -6001.543    -6025.359       23.815   189.0
0.4580        -6001.476    -6025.296       23.820   189.0
0.4585        -6001.516    -6025.231       23.715   188.2
0.4590        -6001.536    -6025.166       23.630   187.5
0.4595        -6001.454    -6025.100       23.646   187.6
0.4600        -6001.402    -6025.034       23.632   187.5
0.4605        -6001.367    -6024.969       23.602   187.3
0.4610        -6001.362    -6024.906       23.544   186.8
0.4615        -6001.200    -6024.844       23.644   187.6
0.4620        -6001.055    -6024.783       23.728   188.3
0.4625        -6001.069    -6024.725       23.655   187.7
0.4630        -6000.946    -6024.669       23.723   188.2
0.4635        -6000.959    -6024.617       23.658   187.7
0.4640        -6000.891    -6024.568       23.677   187.9
0.4645        -6000.850    -6024.520       23.670   187.8
0.4650        -6000.801    -6024.476       23.675   187.9
0.4655        -6000.754    -6024.432       23.677   187.9
0.4660        -6000.716    -6024.392       23.676   187.9
0.4665        -6000.648    -6024.357       23.709   188.1
0.4670        -6000.566    -6024.326       23.759   188.5
0.4675        -6000.523    -6024.297       23.774   188.6
0.4680        -6000.549    -6024.271       23.722   188.2
0.4685        -6000.513    -6024.246       23.733   188.3
0.4690        -6000.563    -6024.224       23.661   187.7
0.4695        -6000.507    -6024.204       23.697   188.0
0.4700        -6000.550    -6024.187       23.637   187.6
0.4705        -6000.505    -6024.171       23.666   187.8
0.4710        -6000.523    -6024.159       23.636   187.5
0.4715        -6000.519    -6024.149       23.630   187.5
0.4720        -6000.475    -6024.141       23.666   187.8
0.4725        -6000.485    -6024.135       23.651   187.7
0.4730        -6000.419    -6024.133       23.714   188.2
0.4735        -6000.353    -6024.132       23.779   188.7
0.4740        -6000.310    -6024.135       23.824   189.0
0.4745        -6000.254    -6024.138       23.884   189.5
0.4750        -6000.205    -6024.140       23.935   189.9
0.4755        -6000.255    -6024.142       23.887   189.5
0.4760        -6000.306    -6024.146       23.839   189.2
0.4765        -6000.259    -6024.149       23.890   189.6
0.4770        -6000.310    -6024.152       23.842   189.2
0.4775        -6000.313    -6024.153       23.840   189.2
0.4780        -6000.211    -6024.152       23.941   190.0
0.4785        -6000.204    -6024.151       23.946   190.0
0.4790        -6000.157    -6024.147       23.989   190.3
0.4795        -6000.137    -6024.141       24.004   190.5
0.4800        -6000.150    -6024.136       23.986   190.3
0.4805        -6000.170    -6024.130       23.961   190.1
0.4810        -6000.114    -6024.124       24.010   190.5
0.4815        -6000.014    -6024.118       24.103   191.3
0.4820        -6000.018    -6024.113       24.095   191.2
0.4825        -5999.905    -6024.107       24.203   192.0
0.4830        -5999.837    -6024.102       24.265   192.5
0.4835        -5999.795    -6024.096       24.301   192.8
0.4840        -5999.778    -6024.091       24.313   192.9
0.4845        -5999.781    -6024.084       24.303   192.8
0.4850        -5999.821    -6024.077       24.256   192.5
0.4855        -5999.754    -6024.070       24.316   192.9
0.4860        -5999.736    -6024.064       24.328   193.0
0.4865        -5999.654    -6024.055       24.401   193.6
0.4870        -5999.668    -6024.045       24.377   193.4
0.4875        -5999.584    -6024.035       24.451   194.0
0.4880        -5999.550    -6024.023       24.472   194.2
0.4885        -5999.543    -6024.009       24.465   194.1
0.4890        -5999.512    -6023.994       24.482   194.3
0.4895        -5999.515    -6023.978       24.463   194.1
0.4900        -5999.528    -6023.960       24.432   193.9
0.4905        -5999.564    -6023.942       24.378   193.4
0.4910        -5999.465    -6023.923       24.458   194.1
0.4915        -5999.417    -6023.903       24.486   194.3
0.4920        -5999.396    -6023.883       24.487   194.3
0.4925        -5999.265    -6023.861       24.596   195.2
0.4930        -5999.265    -6023.839       24.575   195.0
0.4935        -5999.204    -6023.818       24.615   195.3
0.4940        -5999.096    -6023.796       24.700   196.0
0.4945        -5999.063    -6023.771       24.708   196.1
0.4950        -5998.997    -6023.745       24.748   196.4
0.4955        -5998.878    -6023.717       24.839   197.1
0.4960        -5998.821    -6023.687       24.867   197.3
0.4965        -5998.861    -6023.657       24.796   196.7
0.4970        -5998.766    -6023.626       24.859   197.3
0.4975        -5998.765    -6023.594       24.829   197.0
0.4980        -5998.686    -6023.562       24.875   197.4
0.4985        -5998.674    -6023.530       24.855   197.2
0.4990        -5998.643    -6023.499       24.856   197.2
0.4995        -5998.631    -6023.467       24.836   197.1
0.5000        -5998.555    -6023.434       24.879   197.4
0.5005        -5998.522    -6023.402       24.880   197.4
0.5010        -5998.521    -6023.368       24.847   197.2
0.5015        -5998.487    -6023.335       24.848   197.2
0.5020        -5998.500    -6023.302       24.802   196.8
0.5025        -5998.518    -6023.271       24.752   196.4
0.5030        -5998.462    -6023.240       24.779   196.6
0.5035        -5998.459    -6023.210       24.751   196.4
0.5040        -5998.404    -6023.182       24.778   196.6
0.5045        -5998.442    -6023.155       24.714   196.1
0.5050        -5998.386    -6023.134       24.747   196.4
0.5055        -5998.404    -6023.113       24.709   196.1
0.5060        -5998.362    -6023.094       24.732   196.2
0.5065        -5998.333    -6023.075       24.742   196.3
0.5070        -5998.248    -6023.056       24.808   196.8
0.5075        -5998.176    -6023.037       24.861   197.3
0.5080        -5998.180    -6023.020       24.840   197.1
0.5085        -5998.159    -6023.005       24.845   197.1
0.5090        -5998.193    -6022.991       24.798   196.8
0.5095        -5998.160    -6022.979       24.820   196.9
0.5100        -5998.140    -6022.969       24.828   197.0
0.5105        -5997.986    -6022.960       24.974   198.2
0.5110        -5997.898    -6022.954       25.056   198.8
0.5115        -5997.935    -6022.950       25.015   198.5
0.5120        -5997.952    -6022.947       24.995   198.3
0.5125        -5997.897    -6022.945       25.048   198.8
0.5130        -5997.955    -6022.943       24.988   198.3
0.5135        -5997.893    -6022.943       25.050   198.8
0.5140        -5997.839    -6022.945       25.106   199.2
0.5145        -5997.798    -6022.946       25.148   199.5
0.5150        -5997.780    -6022.948       25.168   199.7
0.5155        -5997.815    -6022.950       25.135   199.4
0.5160        -5997.717    -6022.953       25.236   200.2
0.5165        -5997.638    -6022.957       25.319   200.9
0.5170        -5997.636    -6022.961       25.325   200.9
0.5175        -5997.644    -6022.965       25.321   200.9
0.5180        -5997.559    -6022.968       25.409   201.6
0.5185        -5997.541    -6022.971       25.430   201.8
0.5190        -5997.501    -6022.975       25.474   202.1
0.5195        -5997.413    -6022.978       25.565   202.9
0.5200        -5997.465    -6022.981       25.516   202.5
0.5205        -5997.426    -6022.983       25.557   202.8
0.5210        -5997.529    -6022.982       25.453   202.0
0.5215        -5997.506    -6022.980       25.474   202.1
0.5220        -5997.436    -6022.978       25.543   202.7
0.5225        -5997.453    -6022.974       25.520   202.5
0.5230        -5997.467    -6022.970       25.503   202.4
0.5235        -5997.425    -6022.963       25.538   202.6
0.5240        -5997.406    -6022.954       25.548   202.7
0.5245        -5997.238    -6022.943       25.705   204.0
0.5250        -5997.177    -6022.926       25.749   204.3
0.5255        -5997.115    -6022.907       25.792   204.6
0.5260        -5997.137    -6022.886       25.749   204.3
0.5265        -5997.105    -6022.863       25.758   204.4
0.5270        -5997.153    -6022.839       25.687   203.8
0.5275        -5997.081    -6022.816       25.735   204.2
0.5280        -5997.138    -6022.792       25.654   203.6
0.5285        -5997.069    -6022.766       25.697   203.9
0.5290        -5997.060    -6022.737       25.677   203.7
0.5295        -5997.112    -6022.708       25.596   203.1
0.5300        -5997.204    -6022.679       25.475   202.1
0.5305        -5997.112    -6022.649       25.537   202.6
0.5310        -5997.041    -6022.619       25.577   202.9
0.5315        -5996.991    -6022.589       25.598   203.1
0.5320        -5996.830    -6022.561       25.731   204.2
0.5325        -5996.715    -6022.530       25.815   204.8
0.5330        -5996.766    -6022.497       25.730   204.2
0.5335        -5996.738    -6022.462       25.723   204.1
0.5340        -5996.717    -6022.424       25.707   204.0
0.5345        -5996.700    -6022.386       25.686   203.8
0.5350        -5996.702    -6022.348       25.646   203.5
0.5355        -5996.694    -6022.310       25.616   203.3
0.5360        -5996.743    -6022.273       25.530   202.6
0.5365        -5996.705    -6022.238       25.532   202.6
0.5370        -5996.598    -6022.202       25.604   203.2
0.5375        -5996.580    -6022.168       25.588   203.0
0.5380        -5996.501    -6022.135       25.634   203.4
0.5385        -5996.514    -6022.103       25.590   203.0
0.5390        -5996.525    -6022.072       25.547   202.7
0.5395        -5996.442    -6022.044       25.602   203.1
0.5400        -5996.369    -6022.020       25.651   203.5
0.5405        -5996.411    -6022.000       25.589   203.0
0.5410        -5996.440    -6021.981       25.541   202.7
0.5415        -5996.401    -6021.966       25.565   202.9
0.5420        -5996.393    -6021.952       25.559   202.8
0.5425        -5996.355    -6021.941       25.586   203.0
0.5430        -5996.349    -6021.932       25.583   203.0
0.5435        -5996.264    -6021.928       25.664   203.6
0.5440        -5996.273    -6021.928       25.655   203.6
0.5445        -5996.340    -6021.928       25.588   203.0
0.5450        -5996.350    -6021.927       25.577   202.9
0.5455        -5996.294    -6021.929       25.635   203.4
0.5460        -5996.235    -6021.932       25.697   203.9
0.5465        -5996.262    -6021.938       25.676   203.7
0.5470        -5996.222    -6021.946       25.724   204.1
0.5475        -5996.235    -6021.955       25.720   204.1
0.5480        -5996.219    -6021.967       25.748   204.3
0.5485        -5996.106    -6021.980       25.874   205.3
0.5490        -5996.091    -6021.998       25.907   205.6
0.5495        -5996.048    -6022.018       25.970   206.1
0.5500        -5995.937    -6022.039       26.102   207.1
0.5505        -5995.856    -6022.060       26.204   207.9
0.5510        -5995.822    -6022.084       26.262   208.4
0.5515        -5995.761    -6022.107       26.346   209.0
0.5520        -5995.746    -6022.131       26.385   209.4
0.5525        -5995.710    -6022.157       26.448   209.9
0.5530        -5995.648    -6022.184       26.536   210.6
0.5535        -5995.616    -6022.210       26.594   211.0
0.5540        -5995.668    -6022.238       26.569   210.8
0.5545        -5995.654    -6022.264       26.611   211.1
0.5550        -5995.639    -6022.291       26.652   211.5
0.5555        -5995.615    -6022.318       26.703   211.9
0.5560        -5995.534    -6022.344       26.810   212.7
0.5565        -5995.469    -6022.368       26.899   213.4
0.5570        -5995.401    -6022.387       26.986   214.1
0.5575        -5995.409    -6022.406       26.997   214.2
0.5580        -5995.353    -6022.424       27.072   214.8
0.5585        -5995.296    -6022.442       27.145   215.4
0.5590        -5995.345    -6022.456       27.111   215.1
0.5595        -5995.254    -6022.469       27.215   215.9
0.5600        -5995.187    -6022.478       27.292   216.6
0.5605        -5995.190    -6022.487       27.297   216.6
0.5610        -5995.170    -6022.493       27.324   216.8
0.5615        -5995.172    -6022.497       27.325   216.8
0.5620        -5995.071    -6022.496       27.426   217.6
0.5625        -5995.093    -6022.493       27.400   217.4
0.5630        -5995.133    -6022.486       27.353   217.0
0.5635        -5995.071    -6022.475       27.404   217.4
0.5640        -5995.055    -6022.458       27.403   217.4
0.5645        -5995.045    -6022.439       27.394   217.4
0.5650        -5995.024    -6022.414       27.390   217.3
0.5655        -5995.014    -6022.385       27.371   217.2
0.5660        -5994.948    -6022.354       27.406   217.5
0.5665        -5994.946    -6022.319       27.373   217.2
0.5670        -5994.907    -6022.280       27.374   217.2
0.5675        -5994.877    -6022.240       27.363   217.1
0.5680        -5994.785    -6022.198       27.413   217.5
0.5685        -5994.830    -6022.154       27.324   216.8
0.5690        -5994.866    -6022.108       27.242   216.2
0.5695        -5994.882    -6022.060       27.177   215.6
0.5700        -5994.901    -6022.008       27.106   215.1
0.5705        -5994.890    -6021.954       27.064   214.7
0.5710        -5994.861    -6021.899       27.037   214.5
0.5715        -5994.773    -6021.843       27.070   214.8
0.5720        -5994.769    -6021.787       27.018   214.4
0.5725        -5994.682    -6021.730       27.048   214.6
0.5730        -5994.821    -6021.677       26.855   213.1
0.5735        -5994.827    -6021.623       26.796   212.6
0.5740        -5994.786    -6021.570       26.784   212.5
0.5745        -5994.833    -6021.518       26.685   211.7
0.5750        -5994.766    -6021.466       26.700   211.9
0.5755        -5994.782    -6021.415       26.633   211.3
0.5760        -5994.739    -6021.367       26.628   211.3
0.5765        -5994.725    -6021.321       26.596   211.0
0.5770        -5994.643    -6021.279       26.636   211.4
0.5775        -5994.584    -6021.240       26.656   211.5
0.5780        -5994.624    -6021.203       26.579   210.9
0.5785        -5994.587    -6021.170       26.583   210.9
0.5790        -5994.600    -6021.141       26.541   210.6
0.5795        -5994.484    -6021.114       26.629   211.3
0.5800        -5994.473    -6021.090       26.617   211.2
0.5805        -5994.458    -6021.071       26.613   211.2
0.5810        -5994.429    -6021.057       26.628   211.3
0.5815        -5994.403    -6021.049       26.646   211.4
0.5820        -5994.394    -6021.044       26.650   211.5
0.5825        -5994.377    -6021.040       26.663   211.6
0.5830        -5994.376    -6021.039       26.663   211.6
0.5835        -5994.314    -6021.043       26.728   212.1
0.5840        -5994.213    -6021.050       26.838   212.9
0.5845        -5994.251    -6021.062       26.811   212.7
0.5850        -5994.299    -6021.079       26.780   212.5
0.5855        -5994.304    -6021.099       26.796   212.6
0.5860        -5994.310    -6021.125       26.815   212.8
0.5865        -5994.305    -6021.154       26.849   213.0
0.5870        -5994.208    -6021.185       26.977   214.1
0.5875        -5994.269    -6021.216       26.947   213.8
0.5880        -5994.310    -6021.250       26.939   213.8
0.5885        -5994.325    -6021.286       26.961   213.9
0.5890        -5994.416    -6021.323       26.907   213.5
0.5895        -5994.442    -6021.362       26.920   213.6
0.5900        -5994.381    -6021.405       27.023   214.4
0.5905        -5994.408    -6021.449       27.041   214.6
0.5910        -5994.359    -6021.494       27.135   215.3
0.5915        -5994.327    -6021.541       27.214   215.9
0.5920        -5994.209    -6021.589       27.380   217.3
0.5925        -5994.171    -6021.639       27.468   218.0
0.5930        -5994.222    -6021.690       27.468   218.0
0.5935        -5994.201    -6021.741       27.540   218.5
0.5940        -5994.276    -6021.791       27.515   218.3
0.5945        -5994.291    -6021.840       27.549   218.6
0.5950        -5994.226    -6021.888       27.662   219.5
0.5955        -5994.238    -6021.935       27.697   219.8
0.5960        -5994.219    -6021.979       27.759   220.3
0.5965        -5994.215    -6022.018       27.804   220.6
0.5970        -5994.203    -6022.054       27.850   221.0
0.5975        -5994.222    -6022.085       27.863   221.1
0.5980        -5994.205    -6022.112       27.907   221.4
0.5985        -5994.211    -6022.137       27.926   221.6
0.5990        -5994.252    -6022.157       27.905   221.4
0.5995        -5994.280    -6022.174       27.894   221.3
0.6000        -5994.185    -6022.188       28.003   222.2
0.6005        -5994.071    -6022.200       28.129   223.2
0.6010        -5994.032    -6022.208       28.175   223.6
0.6015        -5994.093    -6022.210       28.117   223.1
0.6020        -5994.056    -6022.209       28.153   223.4
0.6025        -5994.013    -6022.202       28.190   223.7
0.6030        -5994.110    -6022.192       28.082   222.8
0.6035        -5994.071    -6022.176       28.105   223.0
0.6040        -5994.086    -6022.157       28.071   222.7
0.6045        -5994.037    -6022.133       28.096   222.9
0.6050        -5994.083    -6022.107       28.024   222.4
0.6055        -5994.049    -6022.078       28.029   222.4
0.6060        -5994.048    -6022.047       27.999   222.2
0.6065        -5994.099    -6022.013       27.914   221.5
0.6070        -5994.061    -6021.974       27.914   221.5
0.6075        -5993.955    -6021.934       27.978   222.0
0.6080        -5993.981    -6021.891       27.910   221.5
0.6085        -5994.021    -6021.848       27.828   220.8
0.6090        -5993.978    -6021.805       27.827   220.8
0.6095        -5994.020    -6021.762       27.741   220.1
0.6100        -5994.103    -6021.719       27.616   219.1
0.6105        -5994.105    -6021.677       27.572   218.8
0.6110        -5994.075    -6021.637       27.562   218.7
0.6115        -5994.068    -6021.596       27.528   218.4
0.6120        -5994.113    -6021.557       27.444   217.8
0.6125        -5994.049    -6021.520       27.471   218.0
0.6130        -5993.969    -6021.486       27.516   218.3
0.6135        -5993.885    -6021.452       27.567   218.7
0.6140        -5993.828    -6021.419       27.591   218.9
0.6145        -5993.862    -6021.390       27.527   218.4
0.6150        -5993.788    -6021.364       27.576   218.8
0.6155        -5993.770    -6021.340       27.570   218.8
0.6160        -5993.781    -6021.319       27.538   218.5
0.6165        -5993.757    -6021.301       27.544   218.6
0.6170        -5993.775    -6021.287       27.511   218.3
0.6175        -5993.797    -6021.276       27.479   218.0
0.6180        -5993.729    -6021.268       27.539   218.5
0.6185        -5993.703    -6021.262       27.559   218.7
0.6190        -5993.627    -6021.256       27.630   219.2
0.6195        -5993.645    -6021.253       27.608   219.1
0.6200        -5993.559    -6021.252       27.693   219.7
0.6205        -5993.405    -6021.254       27.848   221.0
0.6210        -5993.371    -6021.256       27.885   221.3
0.6215        -5993.370    -6021.261       27.891   221.3
0.6220        -5993.369    -6021.268       27.898   221.4
0.6225        -5993.428    -6021.273       27.845   220.9
0.6230        -5993.417    -6021.280       27.863   221.1
0.6235        -5993.405    -6021.287       27.882   221.2
0.6240        -5993.445    -6021.297       27.852   221.0
0.6245        -5993.319    -6021.306       27.988   222.1
0.6250        -5993.289    -6021.313       28.025   222.4
0.6255        -5993.236    -6021.320       28.084   222.8
0.6260        -5993.181    -6021.325       28.144   223.3
0.6265        -5993.095    -6021.328       28.233   224.0
0.6270        -5992.996    -6021.331       28.335   224.8
0.6275        -5992.906    -6021.334       28.427   225.6
0.6280        -5992.879    -6021.336       28.457   225.8
0.6285        -5992.765    -6021.336       28.571   226.7
0.6290        -5992.665    -6021.335       28.669   227.5
0.6295        -5992.703    -6021.332       28.629   227.2
0.6300        -5992.705    -6021.326       28.621   227.1
0.6305        -5992.687    -6021.319       28.632   227.2
0.6310        -5992.599    -6021.309       28.710   227.8
0.6315        -5992.608    -6021.297       28.689   227.6
0.6320        -5992.594    -6021.283       28.689   227.6
0.6325        -5992.577    -6021.266       28.689   227.6
0.6330        -5992.484    -6021.247       28.763   228.2
0.6335        -5992.440    -6021.226       28.785   228.4
0.6340        -5992.388    -6021.203       28.814   228.6
0.6345        -5992.376    -6021.176       28.800   228.5
0.6350        -5992.349    -6021.146       28.796   228.5
0.6355        -5992.412    -6021.113       28.701   227.7
0.6360        -5992.361    -6021.078       28.716   227.9
0.6365        -5992.394    -6021.040       28.646   227.3
0.6370        -5992.393    -6020.999       28.606   227.0
0.6375        -5992.388    -6020.954       28.567   226.7
0.6380        -5992.367    -6020.906       28.539   226.4
0.6385        -5992.383    -6020.855       28.472   225.9
0.6390        -5992.429    -6020.802       28.373   225.1
0.6395        -5992.408    -6020.746       28.338   224.9
0.6400        -5992.386    -6020.690       28.303   224.6
0.6405        -5992.348    -6020.632       28.285   224.4
0.6410        -5992.367    -6020.573       28.205   223.8
0.6415        -5992.412    -6020.511       28.099   223.0
0.6420        -5992.446    -6020.448       28.002   222.2
0.6425        -5992.430    -6020.384       27.954   221.8
0.6430        -5992.501    -6020.320       27.820   220.7
0.6435        -5992.445    -6020.260       27.814   220.7
0.6440        -5992.430    -6020.201       27.771   220.4
0.6445        -5992.391    -6020.145       27.754   220.2
0.6450        -5992.455    -6020.090       27.635   219.3
0.6455        -5992.381    -6020.034       27.653   219.4
0.6460        -5992.398    -6019.977       27.578   218.8
0.6465        -5992.368    -6019.922       27.553   218.6
0.6470        -5992.327    -6019.869       27.542   218.5
0.6475        -5992.331    -6019.821       27.490   218.1
0.6480        -5992.345    -6019.776       27.431   217.7
0.6485        -5992.344    -6019.734       27.390   217.3
0.6490        -5992.363    -6019.696       27.333   216.9
0.6495        -5992.415    -6019.663       27.249   216.2
0.6500        -5992.381    -6019.634       27.253   216.2
0.6505        -5992.368    -6019.610       27.241   216.2
0.6510        -5992.362    -6019.590       27.228   216.0
0.6515        -5992.323    -6019.576       27.253   216.2
0.6520        -5992.265    -6019.566       27.301   216.6
0.6525        -5992.286    -6019.561       27.275   216.4
0.6530        -5992.328    -6019.561       27.234   216.1
0.6535        -5992.358    -6019.566       27.208   215.9
0.6540        -5992.322    -6019.573       27.251   216.2
0.6545        -5992.276    -6019.586       27.309   216.7
0.6550        -5992.250    -6019.604       27.354   217.0
0.6555        -5992.261    -6019.625       27.364   217.1
0.6560        -5992.171    -6019.650       27.479   218.0
0.6565        -5992.222    -6019.677       27.455   217.8
0.6570        -5992.151    -6019.709       27.558   218.7
0.6575        -5992.131    -6019.742       27.611   219.1
0.6580        -5992.052    -6019.780       27.728   220.0
0.6585        -5992.064    -6019.822       27.758   220.3
0.6590        -5991.961    -6019.868       27.907   221.4
0.6595        -5991.956    -6019.917       27.961   221.9
0.6600        -5991.954    -6019.969       28.015   222.3
0.6605        -5991.884    -6020.023       28.139   223.3
0.6610        -5991.861    -6020.080       28.219   223.9
0.6615        -5991.768    -6020.137       28.369   225.1
0.6620        -5991.680    -6020.195       28.515   226.3
0.6625        -5991.615    -6020.250       28.635   227.2
0.6630        -5991.619    -6020.305       28.685   227.6
0.6635        -5991.694    -6020.357       28.663   227.4
0.6640        -5991.684    -6020.406       28.722   227.9
0.6645        -5991.734    -6020.453       28.719   227.9
0.6650        -5991.696    -6020.501       28.805   228.6
0.6655        -5991.654    -6020.545       28.891   229.2
0.6660        -5991.632    -6020.586       28.953   229.7
0.6665        -5991.609    -6020.623       29.015   230.2
0.6670        -5991.579    -6020.657       29.078   230.7
0.6675        -5991.537    -6020.687       29.149   231.3
0.6680        -5991.566    -6020.713       29.148   231.3
0.6685        -5991.601    -6020.737       29.136   231.2
0.6690        -5991.627    -6020.754       29.127   231.1
0.6695        -5991.602    -6020.764       29.162   231.4
0.6700        -5991.577    -6020.769       29.191   231.6
0.6705        -5991.600    -6020.770       29.170   231.5
0.6710        -5991.577    -6020.767       29.190   231.6
0.6715        -5991.597    -6020.759       29.162   231.4
0.6720        -5991.558    -6020.747       29.189   231.6
0.6725        -5991.562    -6020.731       29.169   231.5
0.6730        -5991.484    -6020.713       29.229   231.9
0.6735        -5991.503    -6020.690       29.188   231.6
0.6740        -5991.473    -6020.664       29.191   231.6
0.6745        -5991.398    -6020.634       29.236   232.0
0.6750        -5991.437    -6020.602       29.165   231.4
0.6755        -5991.394    -6020.566       29.172   231.5
0.6760        -5991.359    -6020.527       29.168   231.4
0.6765        -5991.407    -6020.486       29.079   230.7
0.6770        -5991.378    -6020.443       29.065   230.6
0.6775        -5991.362    -6020.397       29.035   230.4
0.6780        -5991.300    -6020.348       29.048   230.5
0.6785        -5991.342    -6020.297       28.955   229.7
0.6790        -5991.371    -6020.243       28.873   229.1
0.6795        -5991.423    -6020.188       28.765   228.2
0.6800        -5991.585    -6020.131       28.546   226.5
0.6805        -5991.599    -6020.071       28.472   225.9
0.6810        -5991.602    -6020.009       28.408   225.4
0.6815        -5991.531    -6019.948       28.417   225.5
0.6820        -5991.536    -6019.887       28.351   225.0
0.6825        -5991.516    -6019.824       28.308   224.6
0.6830        -5991.539    -6019.763       28.224   223.9
0.6835        -5991.456    -6019.702       28.247   224.1
0.6840        -5991.485    -6019.643       28.158   223.4
0.6845        -5991.440    -6019.585       28.145   223.3
0.6850        -5991.330    -6019.531       28.201   223.8
0.6855        -5991.297    -6019.478       28.182   223.6
0.6860        -5991.349    -6019.429       28.080   222.8
0.6865        -5991.374    -6019.384       28.009   222.2
0.6870        -5991.394    -6019.341       27.947   221.8
0.6875        -5991.324    -6019.300       27.976   222.0
0.6880        -5991.408    -6019.261       27.853   221.0
0.6885        -5991.363    -6019.221       27.859   221.0
0.6890        -5991.283    -6019.185       27.903   221.4
0.6895        -5991.257    -6019.154       27.897   221.4
0.6900        -5991.226    -6019.127       27.901   221.4
0.6905        -5991.221    -6019.104       27.883   221.2
0.6910        -5991.182    -6019.084       27.902   221.4
0.6915        -5991.214    -6019.065       27.851   221.0
0.6920        -5991.191    -6019.049       27.857   221.0
0.6925        -5991.107    -6019.035       27.929   221.6
0.6930        -5991.164    -6019.026       27.862   221.1
0.6935        -5991.164    -6019.018       27.853   221.0
0.6940        -5991.145    -6019.015       27.871   221.1
0.6945        -5991.156    -6019.017       27.861   221.1
0.6950        -5991.092    -6019.021       27.930   221.6
0.6955        -5991.017    -6019.028       28.011   222.3
0.6960        -5990.981    -6019.036       28.055   222.6
0.6965        -5990.984    -6019.047       28.063   222.7
0.6970        -5991.058    -6019.058       28.000   222.2
0.6975        -5991.022    -6019.073       28.052   222.6
0.6980        -5990.982    -6019.090       28.108   223.0
0.6985        -5990.870    -6019.110       28.239   224.1
0.6990        -5990.753    -6019.131       28.377   225.2
0.6995        -5990.779    -6019.153       28.374   225.1
0.7000        -5990.692    -6019.172       28.480   226.0
0.7005        -5990.708    -6019.189       28.481   226.0
0.7010        -5990.739    -6019.204       28.466   225.9
0.7015        -5990.709    -6019.219       28.510   226.2
0.7020        -5990.594    -6019.234       28.640   227.3
0.7025        -5990.479    -6019.246       28.767   228.3
0.7030        -5990.480    -6019.258       28.778   228.3
0.7035        -5990.414    -6019.269       28.855   229.0
0.7040        -5990.481    -6019.277       28.796   228.5
0.7045        -5990.488    -6019.282       28.794   228.5
0.7050        -5990.587    -6019.284       28.697   227.7
0.7055        -5990.582    -6019.282       28.700   227.7
0.7060        -5990.545    -6019.279       28.734   228.0
0.7065        -5990.494    -6019.275       28.781   228.4
0.7070        -5990.419    -6019.269       28.849   228.9
0.7075        -5990.326    -6019.258       28.932   229.6
0.7080        -5990.274    -6019.243       28.969   229.9
0.7085        -5990.284    -6019.224       28.939   229.6
0.7090        -5990.261    -6019.201       28.940   229.6
0.7095        -5990.227    -6019.175       28.948   229.7
0.7100        -5990.201    -6019.145       28.944   229.7
0.7105        -5990.194    -6019.113       28.919   229.5
0.7110        -5990.294    -6019.077       28.783   228.4
0.7115        -5990.257    -6019.038       28.781   228.4
0.7120        -5990.286    -6018.998       28.712   227.8
0.7125        -5990.338    -6018.958       28.620   227.1
0.7130        -5990.275    -6018.917       28.642   227.3
0.7135        -5990.267    -6018.877       28.610   227.0
0.7140        -5990.330    -6018.835       28.505   226.2
0.7145        -5990.397    -6018.792       28.395   225.3
0.7150        -5990.425    -6018.746       28.321   224.7
0.7155        -5990.376    -6018.698       28.323   224.7
0.7160        -5990.309    -6018.653       28.343   224.9
0.7165        -5990.293    -6018.610       28.317   224.7
0.7170        -5990.264    -6018.571       28.308   224.6
0.7175        -5990.237    -6018.535       28.298   224.5
0.7180        -5990.166    -6018.502       28.336   224.8
0.7185        -5990.292    -6018.470       28.178   223.6
0.7190        -5990.313    -6018.441       28.128   223.2
0.7195        -5990.274    -6018.414       28.140   223.3
0.7200        -5990.201    -6018.390       28.190   223.7
0.7205        -5990.176    -6018.370       28.194   223.7
0.7210        -5990.102    -6018.355       28.253   224.2
0.7215        -5990.126    -6018.344       28.218   223.9
0.7220        -5990.079    -6018.337       28.258   224.2
0.7225        -5990.066    -6018.335       28.269   224.3
0.7230        -5990.007    -6018.336       28.329   224.8
0.7235        -5990.055    -6018.339       28.284   224.4
0.7240        -5990.030    -6018.344       28.314   224.7
0.7245        -5990.064    -6018.356       28.292   224.5
0.7250        -5990.045    -6018.372       28.327   224.8
0.7255        -5990.069    -6018.394       28.325   224.8
0.7260        -5990.139    -6018.419       28.280   224.4
0.7265        -5990.104    -6018.450       28.346   224.9
0.7270        -5990.219    -6018.484       28.264   224.3
0.7275        -5990.234    -6018.520       28.286   224.4
0.7280        -5990.163    -6018.562       28.399   225.3
0.7285        -5990.073    -6018.606       28.534   226.4
0.7290        -5990.059    -6018.652       28.593   226.9
0.7295        -5989.971    -6018.698       28.726   227.9
0.7300        -5989.900    -6018.745       28.846   228.9
0.7305        -5989.876    -6018.795       28.919   229.5
0.7310        -5989.770    -6018.848       29.078   230.7
0.7315        -5989.815    -6018.903       29.088   230.8
0.7320        -5989.775    -6018.958       29.183   231.6
0.7325        -5989.754    -6019.012       29.258   232.2
0.7330        -5989.696    -6019.068       29.372   233.1
0.7335        -5989.584    -6019.123       29.539   234.4
0.7340        -5989.602    -6019.179       29.577   234.7
0.7345        -5989.492    -6019.235       29.742   236.0
0.7350        -5989.431    -6019.289       29.858   236.9
0.7355        -5989.385    -6019.343       29.958   237.7
0.7360        -5989.383    -6019.394       30.011   238.1
0.7365        -5989.342    -6019.444       30.102   238.9
0.7370        -5989.425    -6019.492       30.067   238.6
0.7375        -5989.438    -6019.541       30.103   238.9
0.7380        -5989.374    -6019.587       30.214   239.7
0.7385        -5989.394    -6019.633       30.238   239.9
0.7390        -5989.384    -6019.676       30.291   240.4
0.7395        -5989.442    -6019.717       30.275   240.2
0.7400        -5989.424    -6019.756       30.332   240.7
0.7405        -5989.428    -6019.794       30.366   240.9
0.7410        -5989.488    -6019.831       30.344   240.8
0.7415        -5989.337    -6019.867       30.530   242.3
0.7420        -5989.348    -6019.900       30.553   242.4
0.7425        -5989.337    -6019.931       30.594   242.8
0.7430        -5989.330    -6019.959       30.629   243.0
0.7435        -5989.374    -6019.985       30.611   242.9
0.7440        -5989.349    -6020.006       30.658   243.3
0.7445        -5989.353    -6020.026       30.673   243.4
0.7450        -5989.333    -6020.043       30.711   243.7
0.7455        -5989.395    -6020.058       30.663   243.3
0.7460        -5989.367    -6020.071       30.704   243.6
0.7465        -5989.410    -6020.084       30.674   243.4
0.7470        -5989.483    -6020.095       30.612   242.9
0.7475        -5989.494    -6020.106       30.612   242.9
0.7480        -5989.515    -6020.116       30.602   242.8
0.7485        -5989.482    -6020.124       30.642   243.1
0.7490        -5989.472    -6020.131       30.659   243.3
0.7495        -5989.473    -6020.134       30.661   243.3
0.7500        -5989.462    -6020.138       30.676   243.4
0.7505        -5989.485    -6020.141       30.656   243.2
0.7510        -5989.593    -6020.142       30.548   242.4
0.7515        -5989.536    -6020.141       30.606   242.8
0.7520        -5989.621    -6020.140       30.519   242.2
0.7525        -5989.615    -6020.138       30.524   242.2
0.7530        -5989.592    -6020.138       30.546   242.4
0.7535        -5989.633    -6020.136       30.504   242.0
0.7540        -5989.572    -6020.134       30.562   242.5
0.7545        -5989.592    -6020.131       30.540   242.3
0.7550        -5989.655    -6020.130       30.474   241.8
0.7555        -5989.698    -6020.126       30.428   241.4
0.7560        -5989.766    -6020.121       30.356   240.9
0.7565        -5989.730    -6020.116       30.386   241.1
0.7570        -5989.786    -6020.112       30.325   240.6
0.7575        -5989.665    -6020.109       30.445   241.6
0.7580        -5989.688    -6020.108       30.420   241.4
0.7585        -5989.705    -6020.104       30.400   241.2
0.7590        -5989.642    -6020.100       30.458   241.7
0.7595        -5989.552    -6020.099       30.547   242.4
0.7600        -5989.627    -6020.097       30.471   241.8
0.7605        -5989.673    -6020.097       30.425   241.4
0.7610        -5989.681    -6020.097       30.417   241.3
0.7615        -5989.734    -6020.096       30.362   240.9
0.7620        -5989.710    -6020.093       30.383   241.1
0.7625        -5989.632    -6020.089       30.458   241.7
0.7630        -5989.610    -6020.084       30.474   241.8
0.7635        -5989.581    -6020.078       30.497   242.0
0.7640        -5989.609    -6020.071       30.462   241.7
0.7645        -5989.524    -6020.065       30.541   242.3
0.7650        -5989.599    -6020.056       30.457   241.7
0.7655        -5989.505    -6020.047       30.543   242.3
0.7660        -5989.420    -6020.039       30.619   243.0
0.7665        -5989.341    -6020.032       30.691   243.5
0.7670        -5989.346    -6020.024       30.678   243.4
0.7675        -5989.357    -6020.014       30.657   243.3
0.7680        -5989.320    -6020.001       30.681   243.4
0.7685        -5989.330    -6019.986       30.656   243.2
0.7690        -5989.223    -6019.967       30.743   243.9
0.7695        -5989.162    -6019.944       30.782   244.2
0.7700        -5989.246    -6019.919       30.672   243.4
0.7705        -5989.281    -6019.890       30.609   242.9
0.7710        -5989.285    -6019.855       30.570   242.6
0.7715        -5989.288    -6019.816       30.528   242.2
0.7720        -5989.253    -6019.774       30.521   242.2
0.7725        -5989.301    -6019.732       30.431   241.5
0.7730        -5989.242    -6019.688       30.445   241.6
0.7735        -5989.236    -6019.643       30.407   241.3
0.7740        -5989.274    -6019.596       30.322   240.6
0.7745        -5989.230    -6019.547       30.317   240.6
0.7750        -5989.093    -6019.496       30.403   241.2
0.7755        -5989.062    -6019.443       30.381   241.1
0.7760        -5989.113    -6019.389       30.275   240.2
0.7765        -5989.139    -6019.334       30.195   239.6
0.7770        -5989.195    -6019.276       30.082   238.7
0.7775        -5989.077    -6019.218       30.142   239.2
0.7780        -5989.036    -6019.159       30.123   239.0
0.7785        -5988.982    -6019.097       30.114   238.9
0.7790        -5988.884    -6019.034       30.150   239.2
0.7795        -5988.864    -6018.972       30.108   238.9
0.7800        -5988.807    -6018.911       30.104   238.9
0.7805        -5988.847    -6018.852       30.005   238.1
0.7810        -5988.921    -6018.793       29.872   237.0
0.7815        -5988.864    -6018.737       29.872   237.0
0.7820        -5988.812    -6018.681       29.869   237.0
0.7825        -5988.876    -6018.625       29.750   236.1
0.7830        -5988.849    -6018.572       29.722   235.8
0.7835        -5988.904    -6018.520       29.616   235.0
0.7840        -5988.902    -6018.468       29.566   234.6
0.7845        -5988.889    -6018.419       29.530   234.3
0.7850        -5988.853    -6018.370       29.517   234.2
0.7855        -5988.790    -6018.322       29.532   234.3
0.7860        -5988.832    -6018.276       29.444   233.6
0.7865        -5988.858    -6018.234       29.376   233.1
0.7870        -5988.789    -6018.195       29.406   233.3
0.7875        -5988.742    -6018.157       29.415   233.4
0.7880        -5988.803    -6018.122       29.319   232.6
0.7885        -5988.712    -6018.089       29.377   233.1
0.7890        -5988.720    -6018.056       29.335   232.8
0.7895        -5988.648    -6018.023       29.376   233.1
0.7900        -5988.636    -6017.993       29.357   232.9
0.7905        -5988.615    -6017.964       29.350   232.9
0.7910        -5988.554    -6017.936       29.382   233.1
0.7915        -5988.507    -6017.909       29.402   233.3
0.7920        -5988.506    -6017.881       29.375   233.1
0.7925        -5988.451    -6017.855       29.404   233.3
0.7930        -5988.303    -6017.829       29.527   234.3
0.7935        -5988.326    -6017.806       29.480   233.9
0.7940        -5988.326    -6017.787       29.461   233.8
0.7945        -5988.323    -6017.772       29.449   233.7
0.7950        -5988.345    -6017.757       29.412   233.4
0.7955        -5988.341    -6017.743       29.402   233.3
0.7960        -5988.355    -6017.730       29.375   233.1
0.7965        -5988.317    -6017.719       29.402   233.3
0.7970        -5988.215    -6017.711       29.496   234.0
0.7975        -5988.233    -6017.704       29.471   233.8
0.7980        -5988.224    -6017.701       29.477   233.9
0.7985        -5988.163    -6017.702       29.539   234.4
0.7990        -5988.109    -6017.706       29.597   234.8
0.7995        -5988.095    -6017.714       29.620   235.0
0.8000        -5988.054    -6017.726       29.672   235.4
0.8005        -5988.061    -6017.740       29.679   235.5
0.8010        -5987.990    -6017.755       29.764   236.2
0.8015        -5988.013    -6017.772       29.759   236.1
0.8020        -5987.962    -6017.792       29.830   236.7
0.8025        -5987.974    -6017.815       29.841   236.8
0.8030        -5987.996    -6017.839       29.843   236.8
0.8035        -5988.007    -6017.865       29.858   236.9
0.8040        -5987.943    -6017.894       29.951   237.7
0.8045        -5988.016    -6017.926       29.910   237.3
0.8050        -5988.044    -6017.958       29.914   237.4
0.8055        -5988.065    -6017.991       29.926   237.5
0.8060        -5988.168    -6018.025       29.857   236.9
0.8065        -5988.211    -6018.059       29.848   236.8
0.8070        -5988.188    -6018.095       29.906   237.3
0.8075        -5988.191    -6018.131       29.940   237.6
0.8080        -5988.182    -6018.168       29.986   237.9
0.8085        -5988.122    -6018.204       30.082   238.7
0.8090        -5988.192    -6018.242       30.050   238.4
0.8095        -5988.216    -6018.280       30.064   238.5
0.8100        -5988.180    -6018.316       30.137   239.1
0.8105        -5988.203    -6018.351       30.149   239.2
0.8110        -5988.150    -6018.387       30.237   239.9
0.8115        -5988.140    -6018.421       30.281   240.3
0.8120        -5988.055    -6018.453       30.398   241.2
0.8125        -5987.999    -6018.485       30.487   241.9
0.8130        -5987.942    -6018.516       30.575   242.6
0.8135        -5988.023    -6018.547       30.524   242.2
0.8140        -5987.938    -6018.575       30.637   243.1
0.8145        -5987.871    -6018.600       30.729   243.8
0.8150        -5987.841    -6018.622       30.781   244.2
0.8155        -5987.789    -6018.642       30.853   244.8
0.8160        -5987.751    -6018.658       30.907   245.2
0.8165        -5987.797    -6018.671       30.875   245.0
0.8170        -5987.747    -6018.683       30.936   245.5
0.8175        -5987.785    -6018.692       30.907   245.2
0.8180        -5987.809    -6018.698       30.889   245.1
0.8185        -5987.757    -6018.704       30.947   245.6
0.8190        -5987.705    -6018.708       31.003   246.0
0.8195        -5987.733    -6018.710       30.977   245.8
0.8200        -5987.762    -6018.710       30.949   245.6
0.8205        -5987.781    -6018.709       30.928   245.4
0.8210        -5987.747    -6018.703       30.956   245.6
0.8215        -5987.774    -6018.695       30.921   245.4
0.8220        -5987.820    -6018.683       30.863   244.9
0.8225        -5987.757    -6018.670       30.913   245.3
0.8230        -5987.698    -6018.656       30.958   245.6
0.8235        -5987.703    -6018.640       30.937   245.5
0.8240        -5987.779    -6018.621       30.843   244.7
0.8245        -5987.719    -6018.599       30.880   245.0
0.8250        -5987.797    -6018.576       30.779   244.2
0.8255        -5987.772    -6018.553       30.781   244.2
0.8260        -5987.661    -6018.528       30.867   244.9
0.8265        -5987.701    -6018.501       30.801   244.4
0.8270        -5987.736    -6018.472       30.737   243.9
0.8275        -5987.733    -6018.442       30.709   243.7
0.8280        -5987.757    -6018.413       30.657   243.3
0.8285        -5987.671    -6018.385       30.714   243.7
0.8290        -5987.706    -6018.357       30.651   243.2
0.8295        -5987.671    -6018.328       30.657   243.3
0.8300        -5987.655    -6018.298       30.642   243.1
0.8305        -5987.584    -6018.267       30.683   243.5
0.8310        -5987.478    -6018.236       30.758   244.1
0.8315        -5987.363    -6018.207       30.844   244.7
0.8320        -5987.359    -6018.178       30.819   244.5
0.8325        -5987.286    -6018.150       30.864   244.9
0.8330        -5987.258    -6018.123       30.866   244.9
0.8335        -5987.217    -6018.098       30.881   245.0
0.8340        -5987.157    -6018.074       30.918   245.3
0.8345        -5987.178    -6018.050       30.873   245.0
0.8350        -5987.089    -6018.026       30.937   245.5
0.8355        -5987.100    -6018.002       30.902   245.2
0.8360        -5987.042    -6017.979       30.937   245.5
0.8365        -5986.921    -6017.957       31.036   246.3
0.8370        -5986.939    -6017.938       30.999   246.0
0.8375        -5986.874    -6017.919       31.045   246.3
0.8380        -5986.862    -6017.902       31.040   246.3
0.8385        -5986.835    -6017.884       31.049   246.4
0.8390        -5986.813    -6017.869       31.056   246.4
0.8395        -5986.800    -6017.855       31.055   246.4
0.8400        -5986.801    -6017.841       31.040   246.3
0.8405        -5986.712    -6017.827       31.115   246.9
0.8410        -5986.586    -6017.815       31.229   247.8
0.8415        -5986.616    -6017.804       31.188   247.5
0.8420        -5986.594    -6017.793       31.200   247.6
0.8425        -5986.596    -6017.784       31.188   247.5
0.8430        -5986.603    -6017.776       31.172   247.3
0.8435        -5986.578    -6017.767       31.189   247.5
0.8440        -5986.574    -6017.758       31.184   247.4
0.8445        -5986.514    -6017.748       31.234   247.8
0.8450        -5986.546    -6017.736       31.190   247.5
0.8455        -5986.487    -6017.721       31.233   247.8
0.8460        -5986.345    -6017.703       31.357   248.8
0.8465        -5986.372    -6017.684       31.312   248.4
0.8470        -5986.203    -6017.663       31.460   249.6
0.8475        -5986.181    -6017.640       31.460   249.6
0.8480        -5986.282    -6017.615       31.333   248.6
0.8485        -5986.222    -6017.584       31.363   248.9
0.8490        -5986.117    -6017.548       31.431   249.4
0.8495        -5986.106    -6017.509       31.403   249.2
0.8500        -5986.128    -6017.467       31.340   248.7
0.8505        -5986.062    -6017.423       31.361   248.8
0.8510        -5986.016    -6017.376       31.360   248.8
0.8515        -5985.976    -6017.326       31.350   248.8
0.8520        -5985.928    -6017.273       31.345   248.7
0.8525        -5985.914    -6017.220       31.306   248.4
0.8530        -5985.828    -6017.165       31.337   248.6
0.8535        -5985.778    -6017.108       31.330   248.6
0.8540        -5985.762    -6017.050       31.288   248.3
0.8545        -5985.722    -6016.990       31.268   248.1
0.8550        -5985.729    -6016.934       31.205   247.6
0.8555        -5985.672    -6016.877       31.204   247.6
0.8560        -5985.664    -6016.819       31.155   247.2
0.8565        -5985.691    -6016.763       31.072   246.5
0.8570        -5985.739    -6016.708       30.969   245.7
0.8575        -5985.645    -6016.655       31.011   246.1
0.8580        -5985.524    -6016.604       31.081   246.6
0.8585        -5985.512    -6016.555       31.043   246.3
0.8590        -5985.538    -6016.510       30.972   245.8
0.8595        -5985.497    -6016.471       30.974   245.8
0.8600        -5985.536    -6016.437       30.901   245.2
0.8605        -5985.533    -6016.405       30.872   245.0
0.8610        -5985.460    -6016.375       30.915   245.3
0.8615        -5985.464    -6016.348       30.883   245.0
0.8620        -5985.472    -6016.326       30.854   244.8
0.8625        -5985.373    -6016.309       30.936   245.5
0.8630        -5985.440    -6016.298       30.858   244.8
0.8635        -5985.346    -6016.292       30.946   245.6
0.8640        -5985.305    -6016.294       30.988   245.9
0.8645        -5985.288    -6016.300       31.012   246.1
0.8650        -5985.324    -6016.311       30.988   245.9
0.8655        -5985.436    -6016.328       30.892   245.1
0.8660        -5985.507    -6016.349       30.842   244.7
0.8665        -5985.518    -6016.374       30.856   244.8
0.8670        -5985.489    -6016.403       30.914   245.3
0.8675        -5985.407    -6016.432       31.025   246.2
0.8680        -5985.634    -6016.463       30.829   244.6
0.8685        -5985.654    -6016.495       30.842   244.7
0.8690        -5985.721    -6016.529       30.808   244.5
0.8695        -5985.702    -6016.565       30.863   244.9
0.8700        -5985.563    -6016.600       31.037   246.3
0.8705        -5985.505    -6016.637       31.132   247.0
0.8710        -5985.521    -6016.674       31.153   247.2
0.8715        -5985.627    -6016.709       31.083   246.6
0.8720        -5985.724    -6016.744       31.021   246.1
0.8725        -5985.683    -6016.780       31.097   246.7
0.8730        -5985.634    -6016.817       31.182   247.4
0.8735        -5985.700    -6016.851       31.152   247.2
0.8740        -5985.754    -6016.885       31.131   247.0
0.8745        -5985.871    -6016.919       31.047   246.4
0.8750        -5985.919    -6016.949       31.031   246.2
0.8755        -5985.824    -6016.979       31.155   247.2
0.8760        -5985.753    -6017.008       31.255   248.0
0.8765        -5985.783    -6017.037       31.254   248.0
0.8770        -5985.849    -6017.064       31.214   247.7
0.8775        -5985.823    -6017.089       31.266   248.1
0.8780        -5985.876    -6017.112       31.236   247.9
0.8785        -5985.793    -6017.133       31.341   248.7
0.8790        -5985.738    -6017.153       31.415   249.3
0.8795        -5985.648    -6017.170       31.522   250.1
0.8800        -5985.640    -6017.189       31.549   250.3
0.8805        -5985.679    -6017.207       31.528   250.2
0.8810        -5985.620    -6017.226       31.606   250.8
0.8815        -5985.644    -6017.241       31.598   250.7
0.8820        -5985.642    -6017.256       31.614   250.8
0.8825        -5985.615    -6017.269       31.654   251.2
0.8830        -5985.551    -6017.281       31.730   251.8
0.8835        -5985.642    -6017.292       31.650   251.1
0.8840        -5985.727    -6017.301       31.574   250.5
0.8845        -5985.748    -6017.308       31.559   250.4
0.8850        -5985.840    -6017.311       31.472   249.7
0.8855        -5985.794    -6017.312       31.518   250.1
0.8860        -5985.768    -6017.313       31.545   250.3
0.8865        -5985.778    -6017.312       31.534   250.2
0.8870        -5985.790    -6017.309       31.518   250.1
0.8875        -5985.736    -6017.302       31.567   250.5
0.8880        -5985.704    -6017.295       31.590   250.7
0.8885        -5985.665    -6017.287       31.622   250.9
0.8890        -5985.712    -6017.277       31.565   250.5
0.8895        -5985.670    -6017.266       31.596   250.7
0.8900        -5985.694    -6017.252       31.558   250.4
0.8905        -5985.665    -6017.237       31.572   250.5
0.8910        -5985.605    -6017.221       31.616   250.9
0.8915        -5985.597    -6017.203       31.606   250.8
0.8920        -5985.533    -6017.184       31.651   251.1
0.8925        -5985.570    -6017.167       31.597   250.7
0.8930        -5985.534    -6017.147       31.613   250.8
0.8935        -5985.414    -6017.127       31.713   251.6
0.8940        -5985.454    -6017.107       31.653   251.2
0.8945        -5985.395    -6017.087       31.691   251.5
0.8950        -5985.264    -6017.068       31.804   252.4
0.8955        -5985.319    -6017.047       31.727   251.7
0.8960        -5985.296    -6017.025       31.729   251.8
0.8965        -5985.329    -6017.004       31.675   251.3
0.8970        -5985.290    -6016.986       31.696   251.5
0.8975        -5985.292    -6016.969       31.677   251.3
0.8980        -5985.220    -6016.953       31.733   251.8
0.8985        -5985.231    -6016.938       31.706   251.6
0.8990        -5985.242    -6016.925       31.682   251.4
0.8995        -5985.217    -6016.913       31.696   251.5
0.9000        -5985.120    -6016.905       31.785   252.2
0.9005        -5985.024    -6016.898       31.874   252.9
0.9010        -5985.043    -6016.891       31.848   252.7
0.9015        -5985.094    -6016.881       31.788   252.2
0.9020        -5985.045    -6016.875       31.830   252.6
0.9025        -5984.976    -6016.870       31.894   253.1
0.9030        -5984.898    -6016.869       31.970   253.7
0.9035        -5984.876    -6016.868       31.992   253.8
0.9040        -5984.752    -6016.866       32.114   254.8
0.9045        -5984.826    -6016.865       32.038   254.2
0.9050        -5984.877    -6016.865       31.988   253.8
0.9055        -5984.855    -6016.868       32.013   254.0
0.9060        -5984.872    -6016.871       31.998   253.9
0.9065        -5984.795    -6016.873       32.078   254.5
0.9070        -5984.755    -6016.878       32.123   254.9
0.9075        -5984.716    -6016.883       32.166   255.2
0.9080        -5984.662    -6016.888       32.227   255.7
0.9085        -5984.665    -6016.894       32.228   255.7
0.9090        -5984.719    -6016.899       32.180   255.3
0.9095        -5984.686    -6016.908       32.222   255.7
0.9100        -5984.665    -6016.918       32.252   255.9
0.9105        -5984.684    -6016.928       32.244   255.8
0.9110        -5984.645    -6016.937       32.292   256.2
0.9115        -5984.634    -6016.947       32.313   256.4
0.9120        -5984.530    -6016.955       32.424   257.3
0.9125        -5984.562    -6016.962       32.400   257.1
0.9130        -5984.595    -6016.967       32.373   256.9
0.9135        -5984.655    -6016.972       32.317   256.4
0.9140        -5984.647    -6016.974       32.327   256.5
0.9145        -5984.608    -6016.978       32.369   256.8
0.9150        -5984.517    -6016.981       32.464   257.6
0.9155        -5984.610    -6016.985       32.375   256.9
0.9160        -5984.626    -6016.989       32.364   256.8
0.9165        -5984.628    -6016.994       32.366   256.8
0.9170        -5984.601    -6016.999       32.398   257.1
0.9175        -5984.496    -6017.003       32.508   257.9
0.9180        -5984.528    -6017.009       32.481   257.7
0.9185        -5984.500    -6017.013       32.512   258.0
0.9190        -5984.371    -6017.016       32.644   259.0
0.9195        -5984.396    -6017.017       32.622   258.8
0.9200        -5984.487    -6017.020       32.533   258.1
0.9205        -5984.474    -6017.022       32.548   258.3
0.9210        -5984.577    -6017.022       32.445   257.4
0.9215        -5984.579    -6017.022       32.443   257.4
0.9220        -5984.530    -6017.023       32.494   257.8
0.9225        -5984.568    -6017.027       32.459   257.6
0.9230        -5984.681    -6017.035       32.354   256.7
0.9235        -5984.658    -6017.042       32.384   257.0
0.9240        -5984.570    -6017.051       32.481   257.7
0.9245        -5984.519    -6017.059       32.540   258.2
0.9250        -5984.528    -6017.068       32.540   258.2
0.9255        -5984.496    -6017.079       32.583   258.5
0.9260        -5984.512    -6017.091       32.579   258.5
0.9265        -5984.466    -6017.103       32.637   259.0
0.9270        -5984.360    -6017.115       32.754   259.9
0.9275        -5984.261    -6017.127       32.866   260.8
0.9280        -5984.269    -6017.139       32.870   260.8
0.9285        -5984.324    -6017.150       32.826   260.5
0.9290        -5984.297    -6017.160       32.863   260.8
0.9295        -5984.253    -6017.170       32.916   261.2
0.9300        -5984.190    -6017.181       32.991   261.8
0.9305        -5984.209    -6017.192       32.982   261.7
0.9310        -5984.234    -6017.201       32.968   261.6
0.9315        -5984.082    -6017.212       33.130   262.9
0.9320        -5983.940    -6017.220       33.280   264.1
0.9325        -5983.913    -6017.226       33.313   264.3
0.9330        -5983.840    -6017.230       33.390   264.9
0.9335        -5983.748    -6017.232       33.483   265.7
0.9340        -5983.818    -6017.231       33.413   265.1
0.9345        -5983.777    -6017.229       33.452   265.4
0.9350        -5983.811    -6017.226       33.415   265.1
0.9355        -5983.938    -6017.221       33.283   264.1
0.9360        -5983.964    -6017.216       33.252   263.8
0.9365        -5983.844    -6017.208       33.363   264.7
0.9370        -5983.831    -6017.200       33.368   264.8
0.9375        -5983.772    -6017.191       33.420   265.2
0.9380        -5983.739    -6017.182       33.443   265.4
0.9385        -5983.665    -6017.170       33.505   265.9
0.9390        -5983.624    -6017.157       33.533   266.1
0.9395        -5983.585    -6017.142       33.557   266.3
0.9400        -5983.564    -6017.128       33.564   266.3
0.9405        -5983.569    -6017.115       33.546   266.2
0.9410        -5983.628    -6017.102       33.473   265.6
0.9415        -5983.611    -6017.089       33.478   265.6
0.9420        -5983.573    -6017.078       33.505   265.9
0.9425        -5983.682    -6017.066       33.384   264.9
0.9430        -5983.728    -6017.055       33.327   264.4
0.9435        -5983.702    -6017.046       33.345   264.6
0.9440        -5983.618    -6017.037       33.419   265.2
0.9445        -5983.619    -6017.026       33.407   265.1
0.9450        -5983.561    -6017.014       33.453   265.4
0.9455        -5983.531    -6017.000       33.470   265.6
0.9460        -5983.521    -6016.985       33.464   265.5
0.9465        -5983.515    -6016.967       33.452   265.4
0.9470        -5983.500    -6016.949       33.450   265.4
0.9475        -5983.419    -6016.928       33.509   265.9
0.9480        -5983.415    -6016.904       33.489   265.7
0.9485        -5983.454    -6016.877       33.423   265.2
0.9490        -5983.468    -6016.849       33.381   264.9
0.9495        -5983.439    -6016.818       33.379   264.9
0.9500        -5983.382    -6016.784       33.402   265.0
0.9505        -5983.252    -6016.746       33.494   265.8
0.9510        -5983.211    -6016.703       33.491   265.7
0.9515        -5983.186    -6016.656       33.470   265.6
0.9520        -5983.096    -6016.606       33.511   265.9
0.9525        -5983.077    -6016.556       33.480   265.7
0.9530        -5982.988    -6016.504       33.516   265.9
0.9535        -5982.895    -6016.446       33.551   266.2
0.9540        -5982.870    -6016.386       33.515   265.9
0.9545        -5982.807    -6016.325       33.518   266.0
0.9550        -5982.821    -6016.262       33.441   265.3
0.9555        -5982.753    -6016.195       33.442   265.4
0.9560        -5982.706    -6016.127       33.421   265.2
0.9565        -5982.713    -6016.059       33.346   264.6
0.9570        -5982.652    -6015.990       33.337   264.5
0.9575        -5982.612    -6015.921       33.310   264.3
0.9580        -5982.526    -6015.852       33.326   264.4
0.9585        -5982.605    -6015.782       33.177   263.3
0.9590        -5982.626    -6015.714       33.087   262.5
0.9595        -5982.556    -6015.647       33.092   262.6
0.9600        -5982.442    -6015.582       33.140   263.0
0.9605        -5982.368    -6015.515       33.147   263.0
0.9610        -5982.351    -6015.449       33.098   262.6
0.9615        -5982.284    -6015.385       33.101   262.6
0.9620        -5982.257    -6015.326       33.069   262.4
0.9625        -5982.185    -6015.272       33.087   262.5
0.9630        -5982.228    -6015.221       32.993   261.8
0.9635        -5982.132    -6015.172       33.040   262.2
0.9640        -5982.218    -6015.130       32.912   261.1
0.9645        -5982.227    -6015.092       32.866   260.8
0.9650        -5982.135    -6015.059       32.924   261.2
0.9655        -5982.198    -6015.032       32.834   260.5
0.9660        -5982.160    -6015.010       32.849   260.6
0.9665        -5982.271    -6014.993       32.722   259.6
0.9670        -5982.276    -6014.982       32.706   259.5
0.9675        -5982.248    -6014.975       32.727   259.7
0.9680        -5982.296    -6014.973       32.677   259.3
0.9685        -5982.384    -6014.975       32.592   258.6
0.9690        -5982.350    -6014.983       32.634   258.9
0.9695        -5982.290    -6014.995       32.705   259.5
0.9700        -5982.235    -6015.012       32.776   260.1
0.9705        -5982.203    -6015.035       32.833   260.5
0.9710        -5982.216    -6015.062       32.845   260.6
0.9715        -5982.191    -6015.092       32.901   261.1
0.9720        -5982.309    -6015.123       32.814   260.4
0.9725        -5982.390    -6015.158       32.768   260.0
0.9730        -5982.481    -6015.195       32.715   259.6
0.9735        -5982.415    -6015.235       32.819   260.4
0.9740        -5982.380    -6015.276       32.895   261.0
0.9745        -5982.417    -6015.318       32.901   261.1
0.9750        -5982.396    -6015.358       32.962   261.5
0.9755        -5982.418    -6015.399       32.981   261.7
0.9760        -5982.411    -6015.439       33.028   262.1
0.9765        -5982.363    -6015.478       33.114   262.8
0.9770        -5982.357    -6015.518       33.161   263.1
0.9775        -5982.269    -6015.556       33.288   264.1
0.9780        -5982.239    -6015.593       33.354   264.7
0.9785        -5982.209    -6015.627       33.418   265.2
0.9790        -5982.153    -6015.659       33.506   265.9
0.9795        -5982.149    -6015.689       33.540   266.1
0.9800        -5982.152    -6015.718       33.567   266.3
0.9805        -5982.151    -6015.746       33.595   266.6
0.9810        -5982.186    -6015.770       33.584   266.5
0.9815        -5982.120    -6015.787       33.667   267.1
0.9820        -5982.066    -6015.801       33.735   267.7
0.9825        -5982.099    -6015.814       33.715   267.5
0.9830        -5982.076    -6015.826       33.750   267.8
0.9835        -5982.043    -6015.835       33.793   268.1
0.9840        -5982.054    -6015.842       33.788   268.1
0.9845        -5982.100    -6015.847       33.747   267.8
0.9850        -5982.038    -6015.849       33.812   268.3
0.9855        -5982.049    -6015.849       33.800   268.2
0.9860        -5982.054    -6015.845       33.791   268.1
0.9865        -5982.048    -6015.841       33.793   268.1
0.9870        -5982.053    -6015.834       33.780   268.0
0.9875        -5982.016    -6015.824       33.808   268.3
0.9880        -5981.990    -6015.810       33.820   268.4
0.9885        -5981.984    -6015.794       33.810   268.3
0.9890        -5981.984    -6015.774       33.790   268.1
0.9895        -5981.930    -6015.751       33.821   268.4
0.9900        -5981.968    -6015.725       33.757   267.9
0.9905        -5982.013    -6015.696       33.683   267.3
0.9910        -5981.963    -6015.665       33.702   267.4
0.9915        -5981.968    -6015.633       33.665   267.1
0.9920        -5982.052    -6015.599       33.547   266.2
0.9925        -5982.000    -6015.561       33.561   266.3
0.9930        -5981.992    -6015.521       33.529   266.0
0.9935        -5982.027    -6015.478       33.451   265.4
0.9940        -5982.001    -6015.436       33.435   265.3
0.9945        -5982.014    -6015.394       33.381   264.9
0.9950        -5981.924    -6015.351       33.427   265.2
0.9955        -5981.870    -6015.309       33.439   265.3
0.9960        -5981.845    -6015.270       33.425   265.2
0.9965        -5981.697    -6015.236       33.539   266.1
0.9970        -5981.714    -6015.204       33.490   265.7
0.9975        -5981.708    -6015.175       33.466   265.5
0.9980        -5981.810    -6015.148       33.338   264.5
0.9985        -5981.760    -6015.125       33.366   264.7
0.9990        -5981.805    -6015.105       33.301   264.2
0.9995        -5981.774    -6015.089       33.315   264.3
1.0000        -5981.680    -6015.080       33.400   265.0
1.0005        -5981.715    -6015.075       33.361   264.7
1.0010        -5981.738    -6015.074       33.337   264.5
1.0015        -5981.613    -6015.077       33.464   265.5
1.0020        -5981.577    -6015.082       33.506   265.9
1.0025        -5981.602    -6015.092       33.490   265.7
1.0030        -5981.618    -6015.105       33.487   265.7
1.0035        -5981.532    -6015.121       33.589   266.5
1.0040        -5981.509    -6015.140       33.630   266.8
1.0045        -5981.491    -6015.161       33.670   267.2
1.0050        -5981.442    -6015.185       33.743   267.7
1.0055        -5981.310    -6015.208       33.898   269.0
1.0060        -5981.244    -6015.231       33.988   269.7
1.0065        -5981.236    -6015.255       34.019   269.9
1.0070        -5981.284    -6015.278       33.994   269.7
1.0075        -5981.319    -6015.300       33.980   269.6
1.0080        -5981.252    -6015.319       34.067   270.3
1.0085        -5981.246    -6015.338       34.092   270.5
1.0090        -5981.318    -6015.353       34.035   270.1
1.0095        -5981.240    -6015.368       34.128   270.8
1.0100        -5981.268    -6015.379       34.111   270.7
1.0105        -5981.342    -6015.388       34.046   270.1
1.0110        -5981.339    -6015.393       34.054   270.2
1.0115        -5981.349    -6015.396       34.047   270.2
1.0120        -5981.322    -6015.397       34.076   270.4
1.0125        -5981.295    -6015.396       34.101   270.6
1.0130        -5981.352    -6015.392       34.041   270.1
1.0135        -5981.401    -6015.389       33.988   269.7
1.0140        -5981.423    -6015.383       33.960   269.5
1.0145        -5981.491    -6015.371       33.881   268.8
1.0150        -5981.519    -6015.357       33.837   268.5
1.0155        -5981.521    -6015.340       33.819   268.3
1.0160        -5981.588    -6015.319       33.731   267.6
1.0165        -5981.625    -6015.295       33.669   267.2
1.0170        -5981.613    -6015.266       33.654   267.0
1.0175        -5981.662    -6015.234       33.572   266.4
1.0180        -5981.613    -6015.199       33.586   266.5
1.0185        -5981.550    -6015.160       33.610   266.7
1.0190        -5981.520    -6015.117       33.597   266.6
1.0195        -5981.531    -6015.071       33.540   266.1
1.0200        -5981.499    -6015.022       33.523   266.0
1.0205        -5981.557    -6014.968       33.410   265.1
1.0210        -5981.631    -6014.910       33.279   264.1
1.0215        -5981.578    -6014.850       33.272   264.0
1.0220        -5981.617    -6014.788       33.171   263.2
1.0225        -5981.594    -6014.723       33.128   262.9
1.0230        -5981.566    -6014.655       33.089   262.6
1.0235        -5981.579    -6014.587       33.007   261.9
1.0240        -5981.587    -6014.518       32.931   261.3
1.0245        -5981.675    -6014.449       32.774   260.0
1.0250        -5981.727    -6014.383       32.656   259.1
1.0255        -5981.687    -6014.320       32.633   258.9
1.0260        -5981.668    -6014.258       32.590   258.6
1.0265        -5981.556    -6014.196       32.640   259.0
1.0270        -5981.533    -6014.138       32.605   258.7
1.0275        -5981.547    -6014.085       32.539   258.2
1.0280        -5981.573    -6014.036       32.463   257.6
1.0285        -5981.547    -6013.990       32.443   257.4
1.0290        -5981.522    -6013.948       32.426   257.3
1.0295        -5981.565    -6013.909       32.344   256.6
1.0300        -5981.510    -6013.876       32.367   256.8
1.0305        -5981.511    -6013.847       32.335   256.6
1.0310        -5981.540    -6013.821       32.281   256.1
1.0315        -5981.572    -6013.800       32.227   255.7
1.0320        -5981.507    -6013.785       32.277   256.1
1.0325        -5981.495    -6013.778       32.283   256.2
1.0330        -5981.489    -6013.777       32.288   256.2
1.0335        -5981.550    -6013.782       32.232   255.8
1.0340        -5981.524    -6013.792       32.267   256.0
1.0345        -5981.430    -6013.806       32.377   256.9
1.0350        -5981.440    -6013.825       32.386   257.0
1.0355        -5981.453    -6013.849       32.396   257.1
1.0360        -5981.528    -6013.880       32.352   256.7
1.0365        -5981.521    -6013.915       32.394   257.0
1.0370        -5981.438    -6013.954       32.515   258.0
1.0375        -5981.387    -6013.995       32.608   258.7
1.0380        -5981.314    -6014.040       32.727   259.7
1.0385        -5981.253    -6014.087       32.834   260.5
1.0390        -5981.230    -6014.136       32.907   261.1
1.0395        -5981.282    -6014.187       32.905   261.1
1.0400        -5981.219    -6014.239       33.019   262.0
1.0405        -5981.297    -6014.289       32.992   261.8
1.0410        -5981.244    -6014.340       33.096   262.6
1.0415        -5981.168    -6014.391       33.223   263.6
1.0420        -5981.253    -6014.440       33.187   263.3
1.0425        -5981.204    -6014.486       33.281   264.1
1.0430        -5981.208    -6014.525       33.317   264.4
1.0435        -5981.184    -6014.560       33.376   264.8
1.0440        -5981.148    -6014.594       33.446   265.4
1.0445        -5981.218    -6014.625       33.406   265.1
1.0450        -5981.200    -6014.651       33.452   265.4
1.0455        -5981.181    -6014.674       33.494   265.8
1.0460        -5981.210    -6014.694       33.484   265.7
1.0465        -5981.279    -6014.708       33.430   265.3
1.0470        -5981.209    -6014.718       33.509   265.9
1.0475        -5981.282    -6014.723       33.441   265.3
1.0480        -5981.205    -6014.722       33.517   265.9
1.0485        -5981.283    -6014.718       33.435   265.3
1.0490        -5981.201    -6014.709       33.508   265.9
1.0495        -5981.263    -6014.697       33.434   265.3
1.0500        -5981.220    -6014.681       33.460   265.5
1.0505        -5981.174    -6014.661       33.487   265.7
1.0510        -5981.197    -6014.637       33.441   265.3
1.0515        -5981.167    -6014.609       33.442   265.4
1.0520        -5981.098    -6014.575       33.477   265.6
1.0525        -5981.112    -6014.536       33.424   265.2
1.0530        -5981.105    -6014.493       33.388   264.9
1.0535        -5981.118    -6014.445       33.327   264.4
1.0540        -5981.066    -6014.393       33.328   264.4
1.0545        -5981.125    -6014.339       33.214   263.5
1.0550        -5981.184    -6014.283       33.099   262.6
1.0555        -5981.095    -6014.226       33.131   262.9
1.0560        -5981.120    -6014.168       33.048   262.2
1.0565        -5981.108    -6014.110       33.002   261.9
1.0570        -5981.109    -6014.054       32.944   261.4
1.0575        -5981.081    -6013.995       32.914   261.2
1.0580        -5981.031    -6013.939       32.908   261.1
1.0585        -5980.956    -6013.883       32.927   261.3
1.0590        -5981.013    -6013.828       32.815   260.4
1.0595        -5981.012    -6013.775       32.762   260.0
1.0600        -5980.964    -6013.723       32.759   259.9
1.0605        -5981.011    -6013.675       32.663   259.2
1.0610        -5980.999    -6013.628       32.629   258.9
1.0615        -5980.986    -6013.586       32.600   258.7
1.0620        -5980.988    -6013.548       32.560   258.4
1.0625        -5981.027    -6013.512       32.485   257.8
1.0630        -5981.046    -6013.480       32.434   257.4
1.0635        -5981.035    -6013.451       32.416   257.2
1.0640        -5981.037    -6013.425       32.388   257.0
1.0645        -5981.094    -6013.404       32.310   256.4
1.0650        -5980.972    -6013.387       32.415   257.2
1.0655        -5981.035    -6013.376       32.340   256.6
1.0660        -5980.981    -6013.369       32.387   257.0
1.0665        -5980.949    -6013.367       32.418   257.2
1.0670        -5980.910    -6013.369       32.458   257.5
1.0675        -5980.915    -6013.376       32.461   257.6
1.0680        -5980.893    -6013.388       32.495   257.8
1.0685        -5980.946    -6013.404       32.459   257.5
1.0690        -5980.956    -6013.424       32.468   257.6
1.0695        -5980.981    -6013.446       32.465   257.6
1.0700        -5980.985    -6013.472       32.488   257.8
1.0705        -5980.999    -6013.503       32.504   257.9
1.0710        -5980.977    -6013.539       32.562   258.4
1.0715        -5980.915    -6013.578       32.663   259.2
1.0720        -5980.941    -6013.619       32.679   259.3
1.0725        -5980.943    -6013.665       32.722   259.6
1.0730        -5980.984    -6013.714       32.730   259.7
1.0735        -5980.961    -6013.764       32.803   260.3
1.0740        -5980.912    -6013.817       32.904   261.1
1.0745        -5980.802    -6013.871       33.068   262.4
1.0750        -5980.910    -6013.925       33.016   262.0
1.0755        -5981.001    -6013.979       32.978   261.7
1.0760        -5981.079    -6014.032       32.953   261.5
1.0765        -5981.123    -6014.082       32.959   261.5
1.0770        -5981.150    -6014.133       32.982   261.7
1.0775        -5981.198    -6014.183       32.984   261.7
1.0780        -5981.204    -6014.231       33.027   262.1
1.0785        -5981.200    -6014.278       33.078   262.5
1.0790        -5981.254    -6014.322       33.068   262.4
1.0795        -5981.293    -6014.364       33.071   262.4
1.0800        -5981.344    -6014.404       33.060   262.3
1.0805        -5981.322    -6014.443       33.121   262.8
1.0810        -5981.312    -6014.481       33.169   263.2
1.0815        -5981.231    -6014.518       33.287   264.1
1.0820        -5981.322    -6014.555       33.233   263.7
1.0825        -5981.330    -6014.590       33.260   263.9
1.0830        -5981.295    -6014.623       33.328   264.4
1.0835        -5981.282    -6014.654       33.372   264.8
1.0840        -5981.300    -6014.686       33.386   264.9
1.0845        -5981.203    -6014.719       33.516   265.9
1.0850        -5981.222    -6014.751       33.529   266.0
1.0855        -5981.130    -6014.780       33.650   267.0
1.0860        -5981.100    -6014.809       33.708   267.5
1.0865        -5981.063    -6014.836       33.773   268.0
1.0870        -5981.083    -6014.861       33.778   268.0
1.0875        -5981.017    -6014.887       33.870   268.7
1.0880        -5981.078    -6014.911       33.833   268.5
1.0885        -5981.071    -6014.932       33.862   268.7
1.0890        -5981.106    -6014.952       33.846   268.6
1.0895        -5981.230    -6014.970       33.741   267.7
1.0900        -5981.154    -6014.988       33.833   268.5
1.0905        -5981.170    -6015.001       33.832   268.4
1.0910        -5981.048    -6015.010       33.962   269.5
1.0915        -5981.019    -6015.015       33.996   269.7
1.0920        -5981.043    -6015.016       33.973   269.6
1.0925        -5980.944    -6015.014       34.070   270.3
1.0930        -5980.926    -6015.007       34.081   270.4
1.0935        -5980.973    -6014.993       34.020   269.9
1.0940        -5980.965    -6014.973       34.008   269.8
1.0945        -5980.983    -6014.947       33.965   269.5
1.0950        -5981.106    -6014.919       33.814   268.3
1.0955        -5981.114    -6014.888       33.774   268.0
1.0960        -5981.088    -6014.855       33.767   267.9
1.0965        -5981.054    -6014.820       33.765   267.9
1.0970        -5981.066    -6014.783       33.716   267.5
1.0975        -5981.026    -6014.744       33.718   267.5
1.0980        -5981.020    -6014.702       33.682   267.3
1.0985        -5981.113    -6014.658       33.545   266.2
1.0990        -5981.082    -6014.613       33.531   266.1
1.0995        -5981.147    -6014.570       33.423   265.2
1.1000        -5981.203    -6014.526       33.323   264.4
1.1005        -5981.091    -6014.482       33.391   264.9
1.1010        -5981.007    -6014.440       33.433   265.3
1.1015        -5981.093    -6014.400       33.307   264.3
1.1020        -5981.117    -6014.362       33.245   263.8
1.1025        -5981.038    -6014.327       33.289   264.1
1.1030        -5980.961    -6014.293       33.331   264.5
1.1035        -5980.837    -6014.261       33.424   265.2
1.1040        -5980.772    -6014.230       33.458   265.5
1.1045        -5980.748    -6014.201       33.452   265.4
1.1050        -5980.767    -6014.176       33.408   265.1
1.1055        -5980.750    -6014.153       33.403   265.0
1.1060        -5980.661    -6014.136       33.475   265.6
1.1065        -5980.609    -6014.124       33.514   265.9
1.1070        -5980.707    -6014.113       33.407   265.1
1.1075        -5980.611    -6014.106       33.495   265.8
1.1080        -5980.649    -6014.101       33.452   265.4
1.1085        -5980.852    -6014.098       33.246   263.8
1.1090        -5980.944    -6014.098       33.154   263.1
1.1095        -5980.962    -6014.103       33.141   263.0
1.1100        -5980.995    -6014.110       33.115   262.8
1.1105        -5980.951    -6014.117       33.165   263.2
1.1110        -5980.878    -6014.124       33.246   263.8
1.1115        -5980.975    -6014.134       33.159   263.1
1.1120        -5980.849    -6014.150       33.301   264.2
1.1125        -5980.859    -6014.169       33.310   264.3
1.1130        -5980.926    -6014.193       33.267   264.0
1.1135        -5980.878    -6014.221       33.343   264.6
1.1140        -5980.913    -6014.256       33.344   264.6
1.1145        -5980.861    -6014.298       33.437   265.3
1.1150        -5980.978    -6014.344       33.366   264.8
1.1155        -5981.002    -6014.395       33.393   265.0
1.1160        -5980.978    -6014.450       33.472   265.6
1.1165        -5980.983    -6014.508       33.525   266.0
1.1170        -5980.983    -6014.570       33.587   266.5
1.1175        -5981.042    -6014.640       33.598   266.6
1.1180        -5981.009    -6014.714       33.705   267.4
1.1185        -5981.001    -6014.791       33.790   268.1
1.1190        -5981.018    -6014.874       33.856   268.6
1.1195        -5980.922    -6014.962       34.040   270.1
1.1200        -5980.964    -6015.052       34.087   270.5
1.1205        -5981.014    -6015.146       34.132   270.8
1.1210        -5980.925    -6015.243       34.318   272.3
1.1215        -5980.897    -6015.342       34.445   273.3
1.1220        -5980.879    -6015.444       34.564   274.3
1.1225        -5980.770    -6015.547       34.778   276.0
1.1230        -5980.708    -6015.653       34.945   277.3
1.1235        -5980.731    -6015.757       35.026   277.9
1.1240        -5980.728    -6015.857       35.129   278.7
1.1245        -5980.633    -6015.956       35.323   280.3
1.1250        -5980.681    -6016.050       35.368   280.6
1.1255        -5980.814    -6016.138       35.323   280.3
1.1260        -5980.839    -6016.221       35.382   280.7
1.1265        -5980.839    -6016.301       35.462   281.4
1.1270        -5980.844    -6016.376       35.532   281.9
1.1275        -5980.888    -6016.444       35.556   282.1
1.1280        -5980.860    -6016.507       35.647   282.9
1.1285        -5980.840    -6016.565       35.725   283.5
1.1290        -5980.749    -6016.615       35.867   284.6
1.1295        -5980.611    -6016.661       36.050   286.0
1.1300        -5980.512    -6016.696       36.184   287.1
1.1305        -5980.557    -6016.722       36.166   287.0
1.1310        -5980.622    -6016.739       36.117   286.6
1.1315        -5980.650    -6016.749       36.099   286.4
1.1320        -5980.726    -6016.753       36.027   285.9
1.1325        -5980.780    -6016.749       35.970   285.4
1.1330        -5980.707    -6016.738       36.031   285.9
1.1335        -5980.741    -6016.721       35.980   285.5
1.1340        -5980.693    -6016.698       36.005   285.7
1.1345        -5980.680    -6016.666       35.986   285.5
1.1350        -5980.673    -6016.628       35.955   285.3
1.1355        -5980.578    -6016.585       36.007   285.7
1.1360        -5980.490    -6016.536       36.047   286.0
1.1365        -5980.512    -6016.483       35.971   285.4
1.1370        -5980.413    -6016.426       36.013   285.8
1.1375        -5980.430    -6016.366       35.936   285.1
1.1380        -5980.418    -6016.302       35.884   284.7
1.1385        -5980.370    -6016.234       35.864   284.6
1.1390        -5980.462    -6016.162       35.700   283.3
1.1395        -5980.508    -6016.090       35.582   282.3
1.1400        -5980.647    -6016.016       35.369   280.6
1.1405        -5980.636    -6015.939       35.303   280.1
1.1410        -5980.539    -6015.863       35.325   280.3
1.1415        -5980.489    -6015.787       35.297   280.1
1.1420        -5980.397    -6015.707       35.309   280.2
1.1425        -5980.380    -6015.627       35.247   279.7
1.1430        -5980.478    -6015.545       35.066   278.2
1.1435        -5980.439    -6015.462       35.023   277.9
1.1440        -5980.561    -6015.380       34.819   276.3
1.1445        -5980.525    -6015.300       34.775   275.9
1.1450        -5980.595    -6015.222       34.627   274.8
1.1455        -5980.535    -6015.146       34.611   274.6
1.1460        -5980.503    -6015.073       34.570   274.3
1.1465        -5980.469    -6015.004       34.535   274.0
1.1470        -5980.521    -6014.938       34.417   273.1
1.1475        -5980.411    -6014.874       34.463   273.5
1.1480        -5980.422    -6014.809       34.387   272.9
1.1485        -5980.567    -6014.743       34.176   271.2
1.1490        -5980.676    -6014.680       34.004   269.8
1.1495        -5980.686    -6014.623       33.937   269.3
1.1500        -5980.722    -6014.568       33.846   268.6
1.1505        -5980.732    -6014.516       33.785   268.1
1.1510        -5980.773    -6014.469       33.696   267.4
1.1515        -5980.792    -6014.423       33.631   266.9
1.1520        -5980.691    -6014.383       33.692   267.3
1.1525        -5980.803    -6014.347       33.545   266.2
1.1530        -5980.707    -6014.314       33.607   266.7
1.1535        -5980.708    -6014.285       33.576   266.4
1.1540        -5980.745    -6014.259       33.514   265.9
1.1545        -5980.737    -6014.236       33.499   265.8
1.1550        -5980.705    -6014.216       33.512   265.9
1.1555        -5980.626    -6014.200       33.574   266.4
1.1560        -5980.707    -6014.188       33.481   265.7
1.1565        -5980.796    -6014.180       33.384   264.9
1.1570        -5980.740    -6014.177       33.436   265.3
1.1575        -5980.687    -6014.176       33.489   265.7
1.1580        -5980.689    -6014.176       33.487   265.7
1.1585        -5980.675    -6014.177       33.502   265.8
1.1590        -5980.631    -6014.180       33.549   266.2
1.1595        -5980.632    -6014.183       33.552   266.2
1.1600        -5980.544    -6014.188       33.644   267.0
1.1605        -5980.543    -6014.197       33.654   267.0
1.1610        -5980.618    -6014.209       33.591   266.5
1.1615        -5980.641    -6014.224       33.583   266.5
1.1620        -5980.683    -6014.241       33.558   266.3
1.1625        -5980.588    -6014.263       33.675   267.2
1.1630        -5980.646    -6014.286       33.640   266.9
1.1635        -5980.567    -6014.310       33.744   267.7
1.1640        -5980.532    -6014.336       33.804   268.2
1.1645        -5980.518    -6014.364       33.846   268.6
1.1650        -5980.496    -6014.393       33.898   269.0
1.1655        -5980.549    -6014.424       33.874   268.8
1.1660        -5980.551    -6014.456       33.904   269.0
1.1665        -5980.538    -6014.487       33.948   269.4
1.1670        -5980.596    -6014.516       33.920   269.1
1.1675        -5980.487    -6014.546       34.059   270.2
1.1680        -5980.473    -6014.575       34.102   270.6
1.1685        -5980.447    -6014.606       34.159   271.0
1.1690        -5980.401    -6014.637       34.236   271.7
1.1695        -5980.342    -6014.669       34.326   272.4
1.1700        -5980.334    -6014.698       34.364   272.7
1.1705        -5980.259    -6014.725       34.466   273.5
1.1710        -5980.173    -6014.753       34.580   274.4
1.1715        -5980.052    -6014.779       34.727   275.6
1.1720        -5980.121    -6014.804       34.684   275.2
1.1725        -5980.075    -6014.826       34.751   275.7
1.1730        -5980.124    -6014.845       34.721   275.5
1.1735        -5980.088    -6014.862       34.774   275.9
1.1740        -5980.046    -6014.876       34.830   276.4
1.1745        -5980.035    -6014.888       34.852   276.5
1.1750        -5979.937    -6014.896       34.959   277.4
1.1755        -5979.997    -6014.901       34.905   277.0
1.1760        -5980.010    -6014.905       34.895   276.9
1.1765        -5980.000    -6014.904       34.904   277.0
1.1770        -5979.889    -6014.899       35.010   277.8
1.1775        -5979.954    -6014.891       34.937   277.2
1.1780        -5979.952    -6014.880       34.928   277.1
1.1785        -5979.963    -6014.867       34.903   276.9
1.1790        -5979.980    -6014.851       34.872   276.7
1.1795        -5980.012    -6014.834       34.822   276.3
1.1800        -5979.907    -6014.814       34.907   277.0
1.1805        -5979.836    -6014.793       34.956   277.4
1.1810        -5979.795    -6014.773       34.978   277.5
1.1815        -5979.713    -6014.754       35.042   278.0
1.1820        -5979.620    -6014.735       35.115   278.6
1.1825        -5979.630    -6014.716       35.087   278.4
1.1830        -5979.663    -6014.695       35.032   278.0
1.1835        -5979.720    -6014.675       34.955   277.4
1.1840        -5979.709    -6014.653       34.943   277.3
1.1845        -5979.745    -6014.630       34.885   276.8
1.1850        -5979.701    -6014.608       34.907   277.0
1.1855        -5979.675    -6014.585       34.909   277.0
1.1860        -5979.785    -6014.563       34.778   276.0
1.1865        -5979.879    -6014.544       34.665   275.1
1.1870        -5979.849    -6014.523       34.674   275.1
1.1875        -5979.902    -6014.503       34.601   274.6
1.1880        -5979.917    -6014.484       34.567   274.3
1.1885        -5979.939    -6014.465       34.526   274.0
1.1890        -5979.967    -6014.445       34.477   273.6
1.1895        -5979.929    -6014.426       34.496   273.7
1.1900        -5979.927    -6014.407       34.481   273.6
1.1905        -5979.739    -6014.389       34.650   274.9
1.1910        -5979.767    -6014.370       34.603   274.6
1.1915        -5979.760    -6014.351       34.592   274.5
1.1920        -5979.736    -6014.334       34.598   274.5
1.1925        -5979.692    -6014.317       34.625   274.7
1.1930        -5979.615    -6014.302       34.688   275.2
1.1935        -5979.582    -6014.289       34.706   275.4
1.1940        -5979.618    -6014.274       34.657   275.0
1.1945        -5979.618    -6014.260       34.641   274.9
1.1950        -5979.582    -6014.249       34.666   275.1
1.1955        -5979.496    -6014.241       34.744   275.7
1.1960        -5979.456    -6014.233       34.777   275.9
1.1965        -5979.483    -6014.225       34.742   275.7
1.1970        -5979.501    -6014.215       34.714   275.4
1.1975        -5979.556    -6014.203       34.647   274.9
1.1980        -5979.582    -6014.192       34.610   274.6
1.1985        -5979.618    -6014.182       34.564   274.3
1.1990        -5979.504    -6014.170       34.666   275.1
1.1995        -5979.407    -6014.157       34.750   275.7
1.2000        -5979.370    -6014.144       34.775   275.9
1.2005        -5979.311    -6014.130       34.819   276.3
1.2010        -5979.297    -6014.112       34.815   276.2
1.2015        -5979.305    -6014.093       34.789   276.0
1.2020        -5979.335    -6014.073       34.738   275.6
1.2025        -5979.232    -6014.050       34.819   276.3
1.2030        -5979.259    -6014.026       34.766   275.9
1.2035        -5979.260    -6014.002       34.742   275.7
1.2040        -5979.252    -6013.980       34.728   275.6
1.2045        -5979.178    -6013.958       34.780   276.0
1.2050        -5979.299    -6013.939       34.641   274.9
1.2055        -5979.317    -6013.921       34.604   274.6
1.2060        -5979.413    -6013.901       34.488   273.6
1.2065        -5979.389    -6013.882       34.493   273.7
1.2070        -5979.364    -6013.865       34.502   273.8
1.2075        -5979.414    -6013.850       34.435   273.2
1.2080        -5979.382    -6013.837       34.455   273.4
1.2085        -5979.433    -6013.828       34.395   272.9
1.2090        -5979.386    -6013.819       34.433   273.2
1.2095        -5979.396    -6013.814       34.418   273.1
1.2100        -5979.312    -6013.813       34.501   273.8
1.2105        -5979.208    -6013.815       34.607   274.6
1.2110        -5979.156    -6013.818       34.661   275.0
1.2115        -5979.133    -6013.821       34.689   275.2
1.2120        -5979.160    -6013.828       34.667   275.1
1.2125        -5979.150    -6013.838       34.688   275.2
1.2130        -5979.090    -6013.850       34.760   275.8
1.2135        -5979.084    -6013.866       34.782   276.0
1.2140        -5979.063    -6013.883       34.820   276.3
1.2145        -5979.101    -6013.899       34.798   276.1
1.2150        -5979.105    -6013.915       34.811   276.2
1.2155        -5979.037    -6013.934       34.896   276.9
1.2160        -5979.073    -6013.952       34.880   276.8
1.2165        -5979.066    -6013.969       34.903   276.9
1.2170        -5979.040    -6013.986       34.945   277.3
1.2175        -5979.078    -6014.003       34.925   277.1
1.2180        -5979.144    -6014.020       34.875   276.7
1.2185        -5979.152    -6014.034       34.882   276.8
1.2190        -5979.231    -6014.047       34.816   276.3
1.2195        -5979.278    -6014.058       34.780   276.0
1.2200        -5979.186    -6014.068       34.882   276.8
1.2205        -5979.231    -6014.076       34.846   276.5
1.2210        -5979.158    -6014.083       34.926   277.1
1.2215        -5979.080    -6014.089       35.009   277.8
1.2220        -5978.992    -6014.092       35.100   278.5
1.2225        -5979.045    -6014.093       35.048   278.1
1.2230        -5978.895    -6014.093       35.198   279.3
1.2235        -5978.882    -6014.094       35.212   279.4
1.2240        -5978.918    -6014.095       35.177   279.1
1.2245        -5978.963    -6014.096       35.133   278.8
1.2250        -5978.927    -6014.096       35.169   279.1
1.2255        -5979.005    -6014.094       35.089   278.4
1.2260        -5978.975    -6014.091       35.115   278.6
1.2265        -5978.911    -6014.087       35.176   279.1
1.2270        -5978.908    -6014.081       35.173   279.1
1.2275        -5978.833    -6014.075       35.242   279.6
1.2280        -5978.921    -6014.067       35.146   278.9
1.2285        -5978.935    -6014.058       35.123   278.7
1.2290        -5978.921    -6014.048       35.127   278.7
1.2295        -5978.932    -6014.040       35.107   278.6
1.2300        -5978.968    -6014.030       35.062   278.2
1.2305        -5978.955    -6014.017       35.062   278.2
1.2310        -5979.039    -6014.004       34.966   277.4
1.2315        -5979.001    -6013.991       34.990   277.6
1.2320        -5978.950    -6013.978       35.027   277.9
1.2325        -5978.947    -6013.965       35.018   277.9
1.2330        -5978.927    -6013.954       35.028   277.9
1.2335        -5978.833    -6013.944       35.110   278.6
1.2340        -5978.946    -6013.934       34.988   277.6
1.2345        -5978.989    -6013.926       34.937   277.2
1.2350        -5978.970    -6013.919       34.949   277.3
1.2355        -5978.931    -6013.913       34.981   277.6
1.2360        -5978.909    -6013.909       35.000   277.7
1.2365        -5978.802    -6013.906       35.104   278.5
1.2370        -5978.879    -6013.905       35.026   277.9
1.2375        -5978.877    -6013.909       35.032   278.0
1.2380        -5978.972    -6013.918       34.946   277.3
1.2385        -5978.950    -6013.930       34.980   277.6
1.2390        -5979.009    -6013.945       34.936   277.2
1.2395        -5978.905    -6013.961       35.056   278.2
1.2400        -5978.894    -6013.977       35.083   278.4
1.2405        -5978.882    -6013.994       35.112   278.6
1.2410        -5978.849    -6014.010       35.161   279.0
1.2415        -5978.756    -6014.027       35.271   279.9
1.2420        -5978.734    -6014.042       35.309   280.2
1.2425        -5978.721    -6014.056       35.335   280.4
1.2430        -5978.754    -6014.066       35.312   280.2
1.2435        -5978.768    -6014.076       35.308   280.2
1.2440        -5978.831    -6014.083       35.251   279.7
1.2445        -5978.966    -6014.086       35.120   278.7
1.2450        -5978.995    -6014.088       35.093   278.5
1.2455        -5979.055    -6014.088       35.033   278.0
1.2460        -5979.079    -6014.082       35.003   277.7
1.2465        -5979.089    -6014.073       34.984   277.6
1.2470        -5979.082    -6014.057       34.974   277.5
1.2475        -5979.110    -6014.036       34.926   277.1
1.2480        -5979.145    -6014.011       34.866   276.7
1.2485        -5979.113    -6013.982       34.869   276.7
1.2490        -5979.000    -6013.951       34.950   277.3
1.2495        -5978.913    -6013.916       35.002   277.7
1.2500        -5978.826    -6013.879       35.053   278.1
1.2505        -5978.839    -6013.842       35.003   277.7
1.2510        -5978.833    -6013.802       34.969   277.5
1.2515        -5978.792    -6013.763       34.971   277.5
1.2520        -5978.810    -6013.726       34.916   277.0
1.2525        -5978.868    -6013.687       34.819   276.3
1.2530        -5978.883    -6013.646       34.764   275.8
1.2535        -5978.889    -6013.604       34.715   275.5
1.2540        -5978.913    -6013.562       34.649   274.9
1.2545        -5978.848    -6013.517       34.668   275.1
1.2550        -5978.763    -6013.472       34.709   275.4
1.2555        -5978.657    -6013.427       34.770   275.9
1.2560        -5978.593    -6013.384       34.791   276.1
1.2565        -5978.543    -6013.341       34.799   276.1
1.2570        -5978.455    -6013.300       34.846   276.5
1.2575        -5978.500    -6013.260       34.760   275.8
1.2580        -5978.556    -6013.223       34.667   275.1
1.2585        -5978.507    -6013.188       34.681   275.2
1.2590        -5978.517    -6013.153       34.636   274.8
1.2595        -5978.492    -6013.122       34.629   274.8
1.2600        -5978.636    -6013.092       34.456   273.4
1.2605        -5978.627    -6013.066       34.439   273.3
1.2610        -5978.765    -6013.041       34.276   272.0
1.2615        -5978.856    -6013.017       34.161   271.1
1.2620        -5978.797    -6012.995       34.198   271.4
1.2625        -5978.755    -6012.976       34.221   271.5
1.2630        -5978.754    -6012.958       34.203   271.4
1.2635        -5978.699    -6012.942       34.243   271.7
1.2640        -5978.714    -6012.927       34.213   271.5
1.2645        -5978.634    -6012.912       34.279   272.0
1.2650        -5978.623    -6012.897       34.274   272.0
1.2655        -5978.663    -6012.883       34.220   271.5
1.2660        -5978.695    -6012.871       34.176   271.2
1.2665        -5978.686    -6012.861       34.176   271.2
1.2670        -5978.688    -6012.855       34.167   271.1
1.2675        -5978.785    -6012.850       34.066   270.3
1.2680        -5978.781    -6012.849       34.067   270.3
1.2685        -5978.754    -6012.850       34.096   270.5
1.2690        -5978.753    -6012.853       34.100   270.6
1.2695        -5978.796    -6012.857       34.061   270.3
1.2700        -5978.843    -6012.864       34.021   270.0
1.2705        -5978.988    -6012.874       33.886   268.9
1.2710        -5978.975    -6012.887       33.912   269.1
1.2715        -5978.985    -6012.901       33.917   269.1
1.2720        -5978.921    -6012.917       33.996   269.8
1.2725        -5978.886    -6012.936       34.050   270.2
1.2730        -5978.856    -6012.957       34.101   270.6
1.2735        -5978.808    -6012.980       34.172   271.1
1.2740        -5978.808    -6013.004       34.197   271.3
1.2745        -5978.772    -6013.028       34.256   271.8
1.2750        -5978.793    -6013.053       34.260   271.8
1.2755        -5978.754    -6013.082       34.328   272.4
1.2760        -5978.836    -6013.113       34.277   272.0
1.2765        -5978.727    -6013.147       34.420   273.1
1.2770        -5978.797    -6013.181       34.384   272.8
1.2775        -5978.721    -6013.217       34.495   273.7
1.2780        -5978.553    -6013.252       34.700   275.3
1.2785        -5978.520    -6013.287       34.767   275.9
1.2790        -5978.582    -6013.321       34.739   275.6
1.2795        -5978.685    -6013.352       34.668   275.1
1.2800        -5978.596    -6013.383       34.787   276.0
1.2805        -5978.544    -6013.415       34.871   276.7
1.2810        -5978.555    -6013.447       34.891   276.9
1.2815        -5978.477    -6013.481       35.004   277.7
1.2820        -5978.398    -6013.516       35.118   278.7
1.2825        -5978.423    -6013.549       35.125   278.7
1.2830        -5978.476    -6013.582       35.107   278.6
1.2835        -5978.546    -6013.616       35.070   278.3
1.2840        -5978.595    -6013.650       35.055   278.1
1.2845        -5978.489    -6013.682       35.194   279.3
1.2850        -5978.442    -6013.715       35.273   279.9
1.2855        -5978.463    -6013.747       35.283   280.0
1.2860        -5978.496    -6013.777       35.281   279.9
1.2865        -5978.453    -6013.804       35.351   280.5
1.2870        -5978.465    -6013.830       35.365   280.6
1.2875        -5978.412    -6013.853       35.442   281.2
1.2880        -5978.370    -6013.874       35.503   281.7
1.2885        -5978.379    -6013.892       35.512   281.8
1.2890        -5978.345    -6013.907       35.562   282.2
1.2895        -5978.363    -6013.920       35.557   282.1
1.2900        -5978.434    -6013.930       35.496   281.7
1.2905        -5978.408    -6013.938       35.530   281.9
1.2910        -5978.481    -6013.942       35.461   281.4
1.2915        -5978.423    -6013.944       35.521   281.8
1.2920        -5978.389    -6013.946       35.556   282.1
1.2925        -5978.249    -6013.945       35.696   283.2
1.2930        -5978.238    -6013.941       35.702   283.3
1.2935        -5978.130    -6013.933       35.803   284.1
1.2940        -5978.205    -6013.924       35.719   283.4
1.2945        -5978.225    -6013.911       35.686   283.2
1.2950        -5978.136    -6013.893       35.756   283.7
1.2955        -5978.054    -6013.873       35.819   284.2
1.2960        -5978.055    -6013.851       35.797   284.0
1.2965        -5978.130    -6013.828       35.699   283.3
1.2970        -5978.125    -6013.805       35.680   283.1
1.2975        -5978.142    -6013.782       35.641   282.8
1.2980        -5978.106    -6013.756       35.650   282.9
1.2985        -5978.013    -6013.725       35.712   283.4
1.2990        -5978.078    -6013.693       35.615   282.6
1.2995        -5978.027    -6013.658       35.631   282.7
1.3000        -5978.017    -6013.623       35.606   282.5
1.3005        -5978.047    -6013.588       35.541   282.0
1.3010        -5978.072    -6013.553       35.481   281.5
1.3015        -5978.068    -6013.519       35.451   281.3
1.3020        -5978.109    -6013.486       35.377   280.7
1.3025        -5978.128    -6013.457       35.329   280.3
1.3030        -5978.192    -6013.429       35.237   279.6
1.3035        -5978.190    -6013.402       35.212   279.4
1.3040        -5978.170    -6013.373       35.203   279.3
1.3045        -5978.107    -6013.345       35.238   279.6
1.3050        -5978.043    -6013.322       35.279   279.9
1.3055        -5977.996    -6013.298       35.302   280.1
1.3060        -5977.961    -6013.276       35.315   280.2
1.3065        -5977.947    -6013.255       35.309   280.2
1.3070        -5977.860    -6013.238       35.378   280.7
1.3075        -5977.836    -6013.222       35.386   280.8
1.3080        -5977.882    -6013.209       35.326   280.3
1.3085        -5977.881    -6013.198       35.317   280.2
1.3090        -5977.830    -6013.188       35.358   280.6
1.3095        -5977.871    -6013.181       35.310   280.2
1.3100        -5977.836    -6013.175       35.340   280.4
1.3105        -5977.921    -6013.169       35.249   279.7
1.3110        -5977.944    -6013.165       35.221   279.5
1.3115        -5977.995    -6013.163       35.167   279.0
1.3120        -5978.096    -6013.162       35.067   278.2
1.3125        -5978.131    -6013.163       35.032   278.0
1.3130        -5978.073    -6013.165       35.093   278.5
1.3135        -5978.104    -6013.172       35.068   278.3
1.3140        -5978.025    -6013.181       35.156   279.0
1.3145        -5977.980    -6013.196       35.216   279.4
1.3150        -5977.981    -6013.213       35.232   279.6
1.3155        -5977.896    -6013.232       35.336   280.4
1.3160        -5977.876    -6013.251       35.375   280.7
1.3165        -5977.784    -6013.269       35.486   281.6
1.3170        -5977.768    -6013.286       35.518   281.8
1.3175        -5977.805    -6013.301       35.496   281.7
1.3180        -5977.728    -6013.317       35.589   282.4
1.3185        -5977.776    -6013.332       35.556   282.1
1.3190        -5977.760    -6013.345       35.585   282.4
1.3195        -5977.795    -6013.357       35.562   282.2
1.3200        -5977.731    -6013.368       35.637   282.8
1.3205        -5977.764    -6013.377       35.613   282.6
1.3210        -5977.815    -6013.388       35.572   282.3
1.3215        -5977.789    -6013.399       35.609   282.6
1.3220        -5977.755    -6013.412       35.657   282.9
1.3225        -5977.782    -6013.427       35.644   282.8
1.3230        -5977.792    -6013.440       35.648   282.9
1.3235        -5977.800    -6013.453       35.653   282.9
1.3240        -5977.780    -6013.466       35.686   283.2
1.3245        -5977.824    -6013.482       35.658   282.9
1.3250        -5977.778    -6013.497       35.719   283.4
1.3255        -5977.819    -6013.513       35.694   283.2
1.3260        -5977.794    -6013.530       35.737   283.6
1.3265        -5977.661    -6013.549       35.888   284.8
1.3270        -5977.683    -6013.567       35.885   284.7
1.3275        -5977.599    -6013.585       35.986   285.5
1.3280        -5977.594    -6013.603       36.009   285.7
1.3285        -5977.589    -6013.621       36.032   285.9
1.3290        -5977.576    -6013.642       36.066   286.2
1.3295        -5977.541    -6013.663       36.122   286.6
1.3300        -5977.478    -6013.684       36.206   287.3
1.3305        -5977.425    -6013.706       36.280   287.9
1.3310        -5977.501    -6013.729       36.228   287.5
1.3315        -5977.526    -6013.752       36.226   287.4
1.3320        -5977.406    -6013.775       36.369   288.6
1.3325        -5977.363    -6013.800       36.437   289.1
1.3330        -5977.333    -6013.824       36.491   289.5
1.3335        -5977.353    -6013.847       36.493   289.6
1.3340        -5977.327    -6013.869       36.542   289.9
1.3345        -5977.357    -6013.891       36.533   289.9
1.3350        -5977.424    -6013.913       36.489   289.5
1.3355        -5977.383    -6013.932       36.549   290.0
1.3360        -5977.370    -6013.949       36.579   290.2
1.3365        -5977.347    -6013.963       36.616   290.5
1.3370        -5977.257    -6013.976       36.719   291.4
1.3375        -5977.145    -6013.988       36.843   292.3
1.3380        -5977.242    -6013.998       36.756   291.6
1.3385        -5977.277    -6014.007       36.730   291.4
1.3390        -5977.284    -6014.015       36.731   291.4
1.3395        -5977.384    -6014.022       36.637   290.7
1.3400        -5977.413    -6014.026       36.612   290.5
1.3405        -5977.452    -6014.027       36.575   290.2
1.3410        -5977.486    -6014.028       36.542   290.0
1.3415        -5977.518    -6014.026       36.509   289.7
1.3420        -5977.461    -6014.023       36.561   290.1
1.3425        -5977.491    -6014.016       36.525   289.8
1.3430        -5977.494    -6014.008       36.513   289.7
1.3435        -5977.451    -6013.996       36.546   290.0
1.3440        -5977.509    -6013.984       36.475   289.4
1.3445        -5977.559    -6013.969       36.410   288.9
1.3450        -5977.605    -6013.953       36.348   288.4
1.3455        -5977.608    -6013.937       36.329   288.3
1.3460        -5977.595    -6013.918       36.323   288.2
1.3465        -5977.538    -6013.898       36.360   288.5
1.3470        -5977.533    -6013.877       36.345   288.4
1.3475        -5977.496    -6013.856       36.360   288.5
1.3480        -5977.481    -6013.833       36.353   288.5
1.3485        -5977.581    -6013.808       36.227   287.5
1.3490        -5977.565    -6013.783       36.217   287.4
1.3495        -5977.651    -6013.754       36.103   286.5
1.3500        -5977.667    -6013.723       36.056   286.1
1.3505        -5977.719    -6013.689       35.970   285.4
1.3510        -5977.841    -6013.653       35.812   284.2
1.3515        -5977.782    -6013.616       35.834   284.3
1.3520        -5977.825    -6013.576       35.752   283.7
1.3525        -5977.796    -6013.538       35.742   283.6
1.3530        -5977.777    -6013.501       35.724   283.5
1.3535        -5977.814    -6013.464       35.649   282.9
1.3540        -5977.800    -6013.428       35.628   282.7
1.3545        -5977.742    -6013.395       35.654   282.9
1.3550        -5977.703    -6013.363       35.660   282.9
1.3555        -5977.528    -6013.331       35.802   284.1
1.3560        -5977.493    -6013.298       35.805   284.1
1.3565        -5977.484    -6013.266       35.781   283.9
1.3570        -5977.543    -6013.234       35.691   283.2
1.3575        -5977.497    -6013.203       35.706   283.3
1.3580        -5977.542    -6013.171       35.628   282.7
1.3585        -5977.510    -6013.140       35.630   282.7
1.3590        -5977.468    -6013.112       35.644   282.8
1.3595        -5977.592    -6013.085       35.493   281.6
1.3600        -5977.583    -6013.060       35.476   281.5
1.3605        -5977.514    -6013.036       35.523   281.9
1.3610        -5977.372    -6013.016       35.644   282.8
1.3615        -5977.289    -6012.996       35.707   283.3
1.3620        -5977.317    -6012.981       35.664   283.0
1.3625        -5977.232    -6012.968       35.736   283.6
1.3630        -5977.247    -6012.955       35.708   283.3
1.3635        -5977.260    -6012.943       35.683   283.1
1.3640        -5977.165    -6012.935       35.771   283.8
1.3645        -5977.160    -6012.931       35.770   283.8
1.3650        -5977.193    -6012.926       35.734   283.5
1.3655        -5977.051    -6012.921       35.870   284.6
1.3660        -5977.009    -6012.915       35.905   284.9
1.3665        -5977.070    -6012.909       35.839   284.4
1.3670        -5977.074    -6012.905       35.831   284.3
1.3675        -5977.173    -6012.901       35.728   283.5
1.3680        -5977.185    -6012.897       35.712   283.4
1.3685        -5977.051    -6012.894       35.843   284.4
1.3690        -5977.068    -6012.889       35.822   284.2
1.3695        -5977.055    -6012.883       35.828   284.3
1.3700        -5977.002    -6012.878       35.876   284.7
1.3705        -5977.074    -6012.871       35.797   284.0
1.3710        -5977.065    -6012.866       35.801   284.1
1.3715        -5977.094    -6012.859       35.765   283.8
1.3720        -5977.166    -6012.851       35.684   283.1
1.3725        -5977.211    -6012.842       35.631   282.7
1.3730        -5977.112    -6012.833       35.721   283.4
1.3735        -5977.084    -6012.824       35.740   283.6
1.3740        -5977.016    -6012.815       35.799   284.1
1.3745        -5976.975    -6012.806       35.831   284.3
1.3750        -5977.050    -6012.795       35.745   283.6
1.3755        -5977.050    -6012.783       35.733   283.5
1.3760        -5977.083    -6012.772       35.688   283.2
1.3765        -5976.974    -6012.758       35.785   283.9
1.3770        -5976.971    -6012.744       35.773   283.8
1.3775        -5977.069    -6012.728       35.659   282.9
1.3780        -5977.134    -6012.710       35.576   282.3
1.3785        -5977.141    -6012.690       35.549   282.1
1.3790        -5977.027    -6012.669       35.642   282.8
1.3795        -5977.048    -6012.647       35.599   282.5
1.3800        -5977.058    -6012.625       35.567   282.2
1.3805        -5976.972    -6012.603       35.631   282.7
1.3810        -5976.928    -6012.581       35.653   282.9
1.3815        -5976.966    -6012.558       35.591   282.4
1.3820        -5977.011    -6012.534       35.523   281.9
1.3825        -5977.015    -6012.510       35.495   281.6
1.3830        -5977.037    -6012.487       35.450   281.3
1.3835        -5977.066    -6012.465       35.398   280.9
1.3840        -5977.104    -6012.442       35.338   280.4
1.3845        -5977.108    -6012.418       35.310   280.2
1.3850        -5977.083    -6012.400       35.317   280.2
1.3855        -5976.994    -6012.383       35.389   280.8
1.3860        -5977.128    -6012.368       35.240   279.6
1.3865        -5977.079    -6012.356       35.277   279.9
1.3870        -5977.093    -6012.347       35.254   279.7
1.3875        -5977.081    -6012.340       35.258   279.8
1.3880        -5977.076    -6012.333       35.257   279.8
1.3885        -5977.214    -6012.330       35.116   278.6
1.3890        -5977.187    -6012.327       35.140   278.8
1.3895        -5977.190    -6012.326       35.136   278.8
1.3900        -5977.251    -6012.329       35.078   278.3
1.3905        -5977.309    -6012.333       35.024   277.9
1.3910        -5977.298    -6012.342       35.044   278.1
1.3915        -5977.278    -6012.354       35.076   278.3
1.3920        -5977.317    -6012.368       35.051   278.1
1.3925        -5977.375    -6012.383       35.008   277.8
1.3930        -5977.428    -6012.399       34.971   277.5
1.3935        -5977.438    -6012.417       34.979   277.6
1.3940        -5977.387    -6012.438       35.051   278.1
1.3945        -5977.370    -6012.459       35.090   278.4
1.3950        -5977.367    -6012.481       35.114   278.6
1.3955        -5977.395    -6012.505       35.109   278.6
1.3960        -5977.444    -6012.529       35.086   278.4
1.3965        -5977.513    -6012.557       35.044   278.1
1.3970        -5977.586    -6012.587       35.001   277.7
1.3975        -5977.578    -6012.617       35.039   278.0
1.3980        -5977.601    -6012.645       35.044   278.1
1.3985        -5977.682    -6012.673       34.991   277.6
1.3990        -5977.730    -6012.702       34.972   277.5
1.3995        -5977.735    -6012.730       34.995   277.7
1.4000        -5977.735    -6012.761       35.026   277.9
1.4005        -5977.780    -6012.792       35.012   277.8
1.4010        -5977.858    -6012.825       34.967   277.4
1.4015        -5977.892    -6012.856       34.963   277.4
1.4020        -5978.015    -6012.885       34.870   276.7
1.4025        -5978.032    -6012.916       34.884   276.8
1.4030        -5977.944    -6012.948       35.003   277.7
1.4035        -5977.913    -6012.981       35.068   278.3
1.4040        -5977.865    -6013.013       35.149   278.9
1.4045        -5977.754    -6013.043       35.290   280.0
1.4050        -5977.778    -6013.073       35.295   280.1
1.4055        -5977.786    -6013.101       35.315   280.2
1.4060        -5977.812    -6013.127       35.315   280.2
1.4065        -5977.778    -6013.153       35.375   280.7
1.4070        -5977.748    -6013.178       35.430   281.1
1.4075        -5977.776    -6013.202       35.426   281.1
1.4080        -5977.812    -6013.224       35.412   281.0
1.4085        -5977.806    -6013.244       35.439   281.2
1.4090        -5977.770    -6013.261       35.492   281.6
1.4095        -5977.718    -6013.274       35.556   282.1
1.4100        -5977.600    -6013.287       35.687   283.2
1.4105        -5977.531    -6013.297       35.766   283.8
1.4110        -5977.590    -6013.305       35.715   283.4
1.4115        -5977.528    -6013.310       35.781   283.9
1.4120        -5977.438    -6013.310       35.872   284.6
1.4125        -5977.448    -6013.305       35.857   284.5
1.4130        -5977.349    -6013.297       35.948   285.2
1.4135        -5977.294    -6013.287       35.993   285.6
1.4140        -5977.360    -6013.274       35.914   285.0
1.4145        -5977.304    -6013.258       35.954   285.3
1.4150        -5977.372    -6013.242       35.869   284.6
1.4155        -5977.392    -6013.225       35.833   284.3
1.4160        -5977.436    -6013.207       35.771   283.8
1.4165        -5977.512    -6013.186       35.674   283.1
1.4170        -5977.508    -6013.165       35.657   282.9
1.4175        -5977.419    -6013.146       35.727   283.5
1.4180        -5977.422    -6013.129       35.707   283.3
1.4185        -5977.376    -6013.113       35.738   283.6
1.4190        -5977.337    -6013.099       35.762   283.8
1.4195        -5977.374    -6013.087       35.713   283.4
1.4200        -5977.327    -6013.077       35.750   283.7
1.4205        -5977.410    -6013.071       35.661   283.0
1.4210        -5977.387    -6013.069       35.682   283.1
1.4215        -5977.411    -6013.073       35.662   283.0
1.4220        -5977.523    -6013.078       35.554   282.1
1.4225        -5977.521    -6013.084       35.564   282.2
1.4230        -5977.497    -6013.092       35.594   282.4
1.4235        -5977.482    -6013.099       35.617   282.6
1.4240        -5977.400    -6013.107       35.708   283.3
1.4245        -5977.447    -6013.115       35.668   283.0
1.4250        -5977.415    -6013.124       35.709   283.3
1.4255        -5977.372    -6013.134       35.762   283.8
1.4260        -5977.259    -6013.145       35.886   284.7
1.4265        -5977.201    -6013.156       35.955   285.3
1.4270        -5977.166    -6013.164       35.999   285.6
1.4275        -5977.128    -6013.170       36.042   286.0
1.4280        -5977.226    -6013.174       35.948   285.2
1.4285        -5977.190    -6013.176       35.986   285.5
1.4290        -5977.204    -6013.178       35.974   285.4
1.4295        -5977.220    -6013.178       35.958   285.3
1.4300        -5977.147    -6013.176       36.029   285.9
1.4305        -5977.145    -6013.173       36.029   285.9
1.4310        -5977.095    -6013.166       36.071   286.2
1.4315        -5977.094    -6013.156       36.063   286.1
1.4320        -5976.980    -6013.146       36.165   287.0
1.4325        -5977.050    -6013.136       36.086   286.3
1.4330        -5977.011    -6013.123       36.112   286.5
1.4335        -5977.009    -6013.107       36.098   286.4
1.4340        -5977.107    -6013.089       35.982   285.5
1.4345        -5977.067    -6013.070       36.003   285.7
1.4350        -5977.039    -6013.050       36.011   285.7
1.4355        -5977.086    -6013.028       35.942   285.2
1.4360        -5977.059    -6013.008       35.948   285.2
1.4365        -5977.087    -6012.987       35.900   284.9
1.4370        -5977.041    -6012.967       35.926   285.1
1.4375        -5977.173    -6012.947       35.775   283.9
1.4380        -5977.161    -6012.926       35.765   283.8
1.4385        -5977.099    -6012.903       35.804   284.1
1.4390        -5977.040    -6012.880       35.841   284.4
1.4395        -5977.009    -6012.857       35.849   284.4
1.4400        -5976.932    -6012.835       35.903   284.9
1.4405        -5976.985    -6012.815       35.830   284.3
1.4410        -5977.049    -6012.796       35.747   283.6
1.4415        -5977.005    -6012.778       35.773   283.9
1.4420        -5977.018    -6012.761       35.744   283.6
1.4425        -5977.025    -6012.742       35.717   283.4
1.4430        -5977.066    -6012.722       35.655   282.9
1.4435        -5977.104    -6012.702       35.597   282.5
1.4440        -5977.056    -6012.683       35.628   282.7
1.4445        -5977.014    -6012.667       35.654   282.9
1.4450        -5977.054    -6012.652       35.598   282.5
1.4455        -5977.062    -6012.636       35.574   282.3
1.4460        -5976.963    -6012.619       35.657   282.9
1.4465        -5977.003    -6012.602       35.599   282.5
1.4470        -5977.004    -6012.585       35.581   282.3
1.4475        -5977.037    -6012.570       35.532   281.9
1.4480        -5976.966    -6012.558       35.593   282.4
1.4485        -5977.004    -6012.549       35.545   282.0
1.4490        -5977.009    -6012.539       35.530   281.9
1.4495        -5976.855    -6012.527       35.672   283.0
1.4500        -5976.925    -6012.515       35.590   282.4
1.4505        -5976.922    -6012.503       35.581   282.3
1.4510        -5976.870    -6012.491       35.621   282.6
1.4515        -5976.922    -6012.477       35.556   282.1
1.4520        -5976.878    -6012.465       35.587   282.4
1.4525        -5977.036    -6012.456       35.419   281.0
1.4530        -5976.966    -6012.447       35.482   281.5
1.4535        -5977.083    -6012.440       35.356   280.5
1.4540        -5977.067    -6012.433       35.366   280.6
1.4545        -5977.058    -6012.426       35.367   280.6
1.4550        -5977.035    -6012.419       35.384   280.8
1.4555        -5977.087    -6012.411       35.324   280.3
1.4560        -5976.972    -6012.402       35.430   281.1
1.4565        -5976.953    -6012.394       35.441   281.2
1.4570        -5977.036    -6012.386       35.350   280.5
1.4575        -5977.038    -6012.379       35.341   280.4
1.4580        -5977.079    -6012.371       35.293   280.0
1.4585        -5977.077    -6012.365       35.288   280.0
1.4590        -5977.004    -6012.359       35.355   280.5
1.4595        -5976.989    -6012.356       35.367   280.6
1.4600        -5977.033    -6012.357       35.324   280.3
1.4605        -5977.110    -6012.358       35.248   279.7
1.4610        -5977.159    -6012.362       35.204   279.3
1.4615        -5977.195    -6012.368       35.173   279.1
1.4620        -5977.179    -6012.377       35.198   279.3
1.4625        -5977.183    -6012.387       35.205   279.3
1.4630        -5977.186    -6012.400       35.213   279.4
1.4635        -5977.099    -6012.414       35.315   280.2
1.4640        -5977.164    -6012.429       35.265   279.8
1.4645        -5977.190    -6012.446       35.256   279.7
1.4650        -5977.210    -6012.464       35.255   279.7
1.4655        -5977.268    -6012.484       35.217   279.4
1.4660        -5977.267    -6012.504       35.237   279.6
1.4665        -5977.136    -6012.525       35.389   280.8
1.4670        -5977.054    -6012.548       35.493   281.6
1.4675        -5976.968    -6012.569       35.601   282.5
1.4680        -5977.043    -6012.592       35.548   282.1
1.4685        -5977.144    -6012.616       35.472   281.5
1.4690        -5977.125    -6012.640       35.514   281.8
1.4695        -5977.112    -6012.664       35.552   282.1
1.4700        -5977.022    -6012.688       35.666   283.0
1.4705        -5977.114    -6012.712       35.597   282.5
1.4710        -5977.180    -6012.737       35.557   282.1
1.4715        -5977.190    -6012.763       35.573   282.3
1.4720        -5977.313    -6012.788       35.475   281.5
1.4725        -5977.374    -6012.813       35.439   281.2
1.4730        -5977.388    -6012.839       35.452   281.3
1.4735        -5977.423    -6012.868       35.445   281.2
1.4740        -5977.515    -6012.897       35.382   280.7
1.4745        -5977.442    -6012.926       35.484   281.6
1.4750        -5977.484    -6012.955       35.471   281.5
1.4755        -5977.561    -6012.981       35.420   281.0
1.4760        -5977.767    -6013.004       35.237   279.6
1.4765        -5977.719    -6013.028       35.309   280.2
1.4770        -5977.689    -6013.051       35.362   280.6
1.4775        -5977.871    -6013.072       35.201   279.3
1.4780        -5977.863    -6013.092       35.229   279.5
1.4785        -5977.812    -6013.109       35.297   280.1
1.4790        -5977.809    -6013.125       35.316   280.2
1.4795        -5977.807    -6013.137       35.330   280.3
1.4800        -5977.762    -6013.148       35.385   280.8
1.4805        -5977.736    -6013.159       35.423   281.1
1.4810        -5977.711    -6013.169       35.458   281.4
1.4815        -5977.768    -6013.178       35.410   281.0
1.4820        -5977.790    -6013.185       35.396   280.9
1.4825        -5977.808    -6013.192       35.384   280.8
1.4830        -5977.681    -6013.197       35.516   281.8
1.4835        -5977.639    -6013.199       35.561   282.2
1.4840        -5977.662    -6013.199       35.537   282.0
1.4845        -5977.675    -6013.199       35.524   281.9
1.4850        -5977.708    -6013.202       35.494   281.6
1.4855        -5977.612    -6013.206       35.594   282.4
1.4860        -5977.615    -6013.208       35.593   282.4
1.4865        -5977.661    -6013.210       35.549   282.1
1.4870        -5977.609    -6013.212       35.604   282.5
1.4875        -5977.576    -6013.216       35.640   282.8
1.4880        -5977.490    -6013.220       35.730   283.5
1.4885        -5977.529    -6013.226       35.696   283.2
1.4890        -5977.501    -6013.233       35.732   283.5
1.4895        -5977.560    -6013.241       35.681   283.1
1.4900        -5977.649    -6013.250       35.601   282.5
1.4905        -5977.697    -6013.258       35.561   282.2
1.4910        -5977.582    -6013.266       35.684   283.1
1.4915        -5977.558    -6013.275       35.717   283.4
1.4920        -5977.583    -6013.283       35.700   283.3
1.4925        -5977.537    -6013.289       35.751   283.7
1.4930        -5977.499    -6013.293       35.795   284.0
1.4935        -5977.607    -6013.299       35.693   283.2
1.4940        -5977.614    -6013.307       35.692   283.2
1.4945        -5977.599    -6013.313       35.715   283.4
1.4950        -5977.519    -6013.318       35.799   284.1
1.4955        -5977.495    -6013.323       35.828   284.3
1.4960        -5977.456    -6013.327       35.872   284.6
1.4965        -5977.522    -6013.328       35.806   284.1
1.4970        -5977.465    -6013.326       35.860   284.5
1.4975        -5977.455    -6013.320       35.865   284.6
1.4980        -5977.400    -6013.313       35.913   285.0
1.4985        -5977.390    -6013.305       35.914   285.0
1.4990        -5977.433    -6013.295       35.862   284.6
1.4995        -5977.435    -6013.285       35.851   284.5
1.5000        -5977.357    -6013.275       35.917   285.0
1.5005        -5977.371    -6013.263       35.892   284.8
1.5010        -5977.395    -6013.249       35.854   284.5
1.5015        -5977.405    -6013.233       35.828   284.3
1.5020        -5977.327    -6013.215       35.888   284.8
1.5025        -5977.275    -6013.197       35.922   285.0
1.5030        -5977.305    -6013.179       35.874   284.7
1.5035        -5977.295    -6013.159       35.864   284.6
1.5040        -5977.318    -6013.140       35.822   284.2
1.5045        -5977.270    -6013.123       35.853   284.5
1.5050        -5977.282    -6013.106       35.824   284.2
1.5055        -5977.347    -6013.091       35.744   283.6
1.5060        -5977.340    -6013.078       35.738   283.6
1.5065        -5977.339    -6013.065       35.726   283.5
1.5070        -5977.272    -6013.051       35.779   283.9
1.5075        -5977.412    -6013.036       35.624   282.7
1.5080        -5977.481    -6013.021       35.540   282.0
1.5085        -5977.417    -6013.010       35.593   282.4
1.5090        -5977.314    -6013.000       35.686   283.2
1.5095        -5977.329    -6012.991       35.662   283.0
1.5100        -5977.259    -6012.985       35.726   283.5
1.5105        -5977.222    -6012.984       35.762   283.8
1.5110        -5977.220    -6012.985       35.765   283.8
1.5115        -5977.094    -6012.990       35.896   284.8
1.5120        -5977.083    -6012.996       35.913   285.0
1.5125        -5977.058    -6013.003       35.945   285.2
1.5130        -5977.079    -6013.010       35.931   285.1
1.5135        -5977.082    -6013.015       35.934   285.1
1.5140        -5976.958    -6013.020       36.063   286.1
1.5145        -5976.914    -6013.027       36.113   286.5
1.5150        -5976.915    -6013.033       36.119   286.6
1.5155        -5976.906    -6013.040       36.134   286.7
1.5160        -5976.895    -6013.046       36.151   286.9
1.5165        -5976.966    -6013.050       36.084   286.3
1.5170        -5976.907    -6013.051       36.145   286.8
1.5175        -5977.034    -6013.054       36.020   285.8
1.5180        -5977.087    -6013.056       35.969   285.4
1.5185        -5977.128    -6013.057       35.930   285.1
1.5190        -5977.128    -6013.060       35.932   285.1
1.5195        -5977.075    -6013.062       35.987   285.5
1.5200        -5977.021    -6013.064       36.043   286.0
1.5205        -5977.044    -6013.065       36.021   285.8
1.5210        -5977.100    -6013.065       35.965   285.4
1.5215        -5977.098    -6013.065       35.967   285.4
1.5220        -5977.097    -6013.063       35.966   285.4
1.5225        -5977.118    -6013.060       35.942   285.2
1.5230        -5977.127    -6013.057       35.930   285.1
1.5235        -5977.135    -6013.055       35.920   285.0
1.5240        -5977.029    -6013.053       36.025   285.8
1.5245        -5977.036    -6013.052       36.016   285.8
1.5250        -5977.074    -6013.051       35.977   285.5
1.5255        -5977.054    -6013.050       35.997   285.6
1.5260        -5977.040    -6013.049       36.009   285.7
1.5265        -5977.072    -6013.046       35.974   285.4
1.5270        -5976.974    -6013.043       36.069   286.2
1.5275        -5976.907    -6013.041       36.135   286.7
1.5280        -5976.982    -6013.037       36.055   286.1
1.5285        -5976.965    -6013.030       36.065   286.2
1.5290        -5976.926    -6013.021       36.095   286.4
1.5295        -5976.871    -6013.009       36.138   286.7
1.5300        -5976.816    -6012.996       36.180   287.1
1.5305        -5976.810    -6012.982       36.172   287.0
1.5310        -5976.836    -6012.966       36.129   286.7
1.5315        -5976.942    -6012.946       36.004   285.7
1.5320        -5977.059    -6012.928       35.869   284.6
1.5325        -5977.172    -6012.907       35.735   283.5
1.5330        -5977.216    -6012.884       35.668   283.0
1.5335        -5977.198    -6012.858       35.659   282.9
1.5340        -5977.299    -6012.828       35.529   281.9
1.5345        -5977.233    -6012.795       35.562   282.2
1.5350        -5977.163    -6012.761       35.598   282.5
1.5355        -5977.161    -6012.725       35.565   282.2
1.5360        -5977.154    -6012.690       35.536   282.0
1.5365        -5977.292    -6012.655       35.364   280.6
1.5370        -5977.293    -6012.621       35.328   280.3
1.5375        -5977.326    -6012.586       35.259   279.8
1.5380        -5977.273    -6012.554       35.281   279.9
1.5385        -5977.221    -6012.523       35.302   280.1
1.5390        -5977.187    -6012.492       35.306   280.1
1.5395        -5977.229    -6012.466       35.237   279.6
1.5400        -5977.235    -6012.443       35.208   279.4
1.5405        -5977.230    -6012.424       35.194   279.3
1.5410        -5977.274    -6012.407       35.133   278.8
1.5415        -5977.260    -6012.392       35.132   278.8
1.5420        -5977.267    -6012.380       35.113   278.6
1.5425        -5977.302    -6012.371       35.068   278.3
1.5430        -5977.340    -6012.365       35.025   277.9
1.5435        -5977.369    -6012.361       34.991   277.6
1.5440        -5977.357    -6012.359       35.001   277.7
1.5445        -5977.421    -6012.361       34.940   277.2
1.5450        -5977.433    -6012.368       34.935   277.2
1.5455        -5977.437    -6012.377       34.940   277.2
1.5460        -5977.423    -6012.391       34.967   277.5
1.5465        -5977.414    -6012.406       34.991   277.6
1.5470        -5977.416    -6012.425       35.009   277.8
1.5475        -5977.445    -6012.446       35.001   277.7
1.5480        -5977.426    -6012.470       35.043   278.1
1.5485        -5977.510    -6012.496       34.986   277.6
1.5490        -5977.519    -6012.523       35.004   277.7
1.5495        -5977.546    -6012.551       35.005   277.8
1.5500        -5977.578    -6012.585       35.007   277.8
1.5505        -5977.565    -6012.625       35.060   278.2
1.5510        -5977.679    -6012.668       34.989   277.6
1.5515        -5977.647    -6012.712       35.066   278.2
1.5520        -5977.719    -6012.761       35.042   278.0
1.5525        -5977.615    -6012.811       35.196   279.3
1.5530        -5977.566    -6012.863       35.297   280.1
1.5535        -5977.635    -6012.918       35.284   280.0
1.5540        -5977.634    -6012.978       35.344   280.4
1.5545        -5977.563    -6013.039       35.476   281.5
1.5550        -5977.548    -6013.101       35.553   282.1
1.5555        -5977.514    -6013.163       35.649   282.9
1.5560        -5977.555    -6013.226       35.671   283.0
1.5565        -5977.488    -6013.286       35.799   284.1
1.5570        -5977.450    -6013.346       35.897   284.8
1.5575        -5977.464    -6013.407       35.943   285.2
1.5580        -5977.464    -6013.468       36.004   285.7
1.5585        -5977.502    -6013.527       36.025   285.8
1.5590        -5977.428    -6013.587       36.159   286.9
1.5595        -5977.435    -6013.648       36.213   287.3
1.5600        -5977.455    -6013.707       36.252   287.6
1.5605        -5977.412    -6013.763       36.351   288.4
1.5610        -5977.328    -6013.817       36.489   289.5
1.5615        -5977.384    -6013.867       36.482   289.5
1.5620        -5977.414    -6013.914       36.499   289.6
1.5625        -5977.545    -6013.959       36.415   288.9
1.5630        -5977.478    -6014.001       36.523   289.8
1.5635        -5977.513    -6014.037       36.525   289.8
1.5640        -5977.421    -6014.067       36.646   290.8
1.5645        -5977.464    -6014.093       36.629   290.6
1.5650        -5977.462    -6014.115       36.653   290.8
1.5655        -5977.423    -6014.132       36.709   291.3
1.5660        -5977.461    -6014.148       36.687   291.1
1.5665        -5977.499    -6014.162       36.664   290.9
1.5670        -5977.365    -6014.174       36.809   292.1
1.5675        -5977.313    -6014.182       36.869   292.5
1.5680        -5977.252    -6014.188       36.935   293.1
1.5685        -5977.218    -6014.193       36.975   293.4
1.5690        -5977.373    -6014.196       36.823   292.2
1.5695        -5977.359    -6014.195       36.836   292.3
1.5700        -5977.374    -6014.192       36.818   292.1
1.5705        -5977.398    -6014.186       36.789   291.9
1.5710        -5977.387    -6014.179       36.792   291.9
1.5715        -5977.420    -6014.172       36.752   291.6
1.5720        -5977.389    -6014.164       36.774   291.8
1.5725        -5977.424    -6014.157       36.733   291.5
1.5730        -5977.432    -6014.151       36.719   291.4
1.5735        -5977.404    -6014.144       36.740   291.5
1.5740        -5977.380    -6014.139       36.760   291.7
1.5745        -5977.402    -6014.137       36.735   291.5
1.5750        -5977.405    -6014.136       36.731   291.4
1.5755        -5977.415    -6014.137       36.722   291.4
1.5760        -5977.401    -6014.137       36.736   291.5
1.5765        -5977.391    -6014.139       36.749   291.6
1.5770        -5977.316    -6014.143       36.827   292.2
1.5775        -5977.253    -6014.149       36.896   292.8
1.5780        -5977.248    -6014.157       36.909   292.9
1.5785        -5977.290    -6014.168       36.877   292.6
1.5790        -5977.310    -6014.179       36.869   292.5
1.5795        -5977.254    -6014.190       36.936   293.1
1.5800        -5977.208    -6014.203       36.995   293.5
1.5805        -5977.171    -6014.218       37.047   294.0
1.5810        -5977.199    -6014.231       37.033   293.8
1.5815        -5977.160    -6014.244       37.085   294.3
1.5820        -5977.229    -6014.256       37.026   293.8
1.5825        -5977.357    -6014.266       36.909   292.9
1.5830        -5977.372    -6014.277       36.905   292.8
1.5835        -5977.389    -6014.288       36.899   292.8
1.5840        -5977.302    -6014.297       36.995   293.5
1.5845        -5977.300    -6014.304       37.003   293.6
1.5850        -5977.280    -6014.310       37.029   293.8
1.5855        -5977.273    -6014.315       37.042   293.9
1.5860        -5977.189    -6014.318       37.129   294.6
1.5865        -5977.258    -6014.319       37.061   294.1
1.5870        -5977.222    -6014.315       37.093   294.3
1.5875        -5977.249    -6014.307       37.058   294.0
1.5880        -5977.148    -6014.296       37.148   294.8
1.5885        -5977.125    -6014.283       37.159   294.8
1.5890        -5977.178    -6014.267       37.089   294.3
1.5895        -5977.138    -6014.247       37.109   294.5
1.5900        -5977.215    -6014.224       37.009   293.7
1.5905        -5977.119    -6014.199       37.080   294.2
1.5910        -5977.077    -6014.170       37.093   294.3
1.5915        -5977.088    -6014.138       37.050   294.0
1.5920        -5977.108    -6014.102       36.993   293.5
1.5925        -5977.044    -6014.063       37.020   293.7
1.5930        -5977.081    -6014.025       36.944   293.1
1.5935        -5977.027    -6013.986       36.959   293.3
1.5940        -5977.077    -6013.945       36.868   292.5
1.5945        -5977.119    -6013.904       36.785   291.9
1.5950        -5977.126    -6013.861       36.735   291.5
1.5955        -5977.085    -6013.818       36.733   291.5
1.5960        -5977.078    -6013.773       36.695   291.2
1.5965        -5977.157    -6013.730       36.573   290.2
1.5970        -5977.146    -6013.687       36.541   289.9
1.5975        -5977.068    -6013.645       36.577   290.2
1.5980        -5977.051    -6013.604       36.553   290.0
1.5985        -5977.165    -6013.565       36.399   288.8
1.5990        -5977.167    -6013.529       36.362   288.5
1.5995        -5977.204    -6013.497       36.293   288.0
1.6000        -5977.160    -6013.467       36.307   288.1
1.6005        -5977.144    -6013.440       36.296   288.0
1.6010        -5977.113    -6013.416       36.303   288.1
1.6015        -5977.106    -6013.393       36.287   287.9
1.6020        -5977.127    -6013.373       36.246   287.6
1.6025        -5977.095    -6013.355       36.260   287.7
1.6030        -5977.104    -6013.340       36.235   287.5
1.6035        -5977.148    -6013.326       36.177   287.1
1.6040        -5977.096    -6013.313       36.217   287.4
1.6045        -5977.111    -6013.301       36.189   287.2
1.6050        -5977.203    -6013.288       36.085   286.3
1.6055        -5977.084    -6013.276       36.192   287.2
1.6060        -5977.029    -6013.263       36.234   287.5
1.6065        -5977.061    -6013.250       36.189   287.1
1.6070        -5977.043    -6013.234       36.191   287.2
1.6075        -5977.133    -6013.217       36.085   286.3
1.6080        -5977.151    -6013.203       36.052   286.1
1.6085        -5977.213    -6013.190       35.977   285.5
1.6090        -5977.272    -6013.176       35.904   284.9
1.6095        -5977.435    -6013.161       35.727   283.5
1.6100        -5977.401    -6013.147       35.746   283.6
1.6105        -5977.316    -6013.133       35.816   284.2
1.6110        -5977.327    -6013.118       35.791   284.0
1.6115        -5977.292    -6013.105       35.813   284.2
1.6120        -5977.415    -6013.092       35.677   283.1
1.6125        -5977.382    -6013.080       35.698   283.2
1.6130        -5977.426    -6013.069       35.643   282.8
1.6135        -5977.474    -6013.057       35.583   282.3
1.6140        -5977.516    -6013.046       35.530   281.9
1.6145        -5977.486    -6013.037       35.550   282.1
1.6150        -5977.458    -6013.029       35.571   282.2
1.6155        -5977.565    -6013.022       35.456   281.3
1.6160        -5977.490    -6013.014       35.524   281.9
1.6165        -5977.481    -6013.007       35.526   281.9
1.6170        -5977.514    -6012.999       35.485   281.6
1.6175        -5977.545    -6012.989       35.444   281.2
1.6180        -5977.468    -6012.978       35.510   281.8
1.6185        -5977.515    -6012.968       35.453   281.3
1.6190        -5977.476    -6012.959       35.483   281.5
1.6195        -5977.481    -6012.951       35.470   281.4
1.6200        -5977.441    -6012.945       35.504   281.7
1.6205        -5977.502    -6012.940       35.438   281.2
1.6210        -5977.451    -6012.935       35.485   281.6
1.6215        -5977.515    -6012.932       35.417   281.0
1.6220        -5977.477    -6012.930       35.454   281.3
1.6225        -5977.437    -6012.932       35.495   281.6
1.6230        -5977.434    -6012.934       35.500   281.7
1.6235        -5977.461    -6012.936       35.475   281.5
1.6240        -5977.471    -6012.939       35.469   281.4
1.6245        -5977.547    -6012.945       35.399   280.9
1.6250        -5977.432    -6012.956       35.524   281.9
1.6255        -5977.478    -6012.969       35.491   281.6
1.6260        -5977.500    -6012.983       35.483   281.5
1.6265        -5977.468    -6012.996       35.528   281.9
1.6270        -5977.415    -6013.009       35.595   282.4
1.6275        -5977.459    -6013.024       35.565   282.2
1.6280        -5977.517    -6013.040       35.522   281.9
1.6285        -5977.417    -6013.056       35.639   282.8
1.6290        -5977.457    -6013.074       35.617   282.6
1.6295        -5977.349    -6013.090       35.741   283.6
1.6300        -5977.291    -6013.104       35.813   284.2
1.6305        -5977.267    -6013.118       35.851   284.5
1.6310        -5977.330    -6013.134       35.805   284.1
1.6315        -5977.276    -6013.150       35.874   284.6
1.6320        -5977.257    -6013.165       35.908   284.9
1.6325        -5977.354    -6013.179       35.825   284.3
1.6330        -5977.435    -6013.190       35.755   283.7
1.6335        -5977.499    -6013.198       35.699   283.3
1.6340        -5977.577    -6013.203       35.626   282.7
1.6345        -5977.549    -6013.205       35.656   282.9
1.6350        -5977.486    -6013.205       35.719   283.4
1.6355        -5977.438    -6013.201       35.763   283.8
1.6360        -5977.420    -6013.193       35.773   283.9
1.6365        -5977.299    -6013.180       35.881   284.7
1.6370        -5977.275    -6013.163       35.888   284.8
1.6375        -5977.299    -6013.142       35.843   284.4
1.6380        -5977.223    -6013.117       35.894   284.8
1.6385        -5977.211    -6013.087       35.876   284.7
1.6390        -5977.202    -6013.055       35.853   284.5
1.6395        -5977.180    -6013.021       35.840   284.4
1.6400        -5977.217    -6012.983       35.766   283.8
1.6405        -5977.273    -6012.942       35.669   283.0
1.6410        -5977.302    -6012.899       35.597   282.5
1.6415        -5977.267    -6012.852       35.585   282.4
1.6420        -5977.359    -6012.802       35.443   281.2
1.6425        -5977.482    -6012.751       35.269   279.8
1.6430        -5977.481    -6012.700       35.218   279.4
1.6435        -5977.377    -6012.648       35.271   279.9
1.6440        -5977.383    -6012.597       35.214   279.4
1.6445        -5977.355    -6012.547       35.192   279.2
1.6450        -5977.371    -6012.497       35.126   278.7
1.6455        -5977.300    -6012.448       35.148   278.9
1.6460        -5977.353    -6012.399       35.047   278.1
1.6465        -5977.445    -6012.353       34.907   277.0
1.6470        -5977.380    -6012.309       34.929   277.1
1.6475        -5977.377    -6012.266       34.889   276.8
1.6480        -5977.397    -6012.225       34.829   276.4
1.6485        -5977.297    -6012.189       34.892   276.9
1.6490        -5977.246    -6012.154       34.909   277.0
1.6495        -5977.149    -6012.124       34.975   277.5
1.6500        -5977.095    -6012.099       35.004   277.7
1.6505        -5977.060    -6012.077       35.017   277.8
1.6510        -5977.014    -6012.059       35.044   278.1
1.6515        -5977.150    -6012.045       34.895   276.9
1.6520        -5977.140    -6012.033       34.893   276.9
1.6525        -5977.146    -6012.027       34.880   276.8
1.6530        -5977.070    -6012.022       34.952   277.3
1.6535        -5977.012    -6012.021       35.009   277.8
1.6540        -5977.039    -6012.023       34.984   277.6
1.6545        -5977.069    -6012.028       34.959   277.4
1.6550        -5977.145    -6012.035       34.891   276.8
1.6555        -5977.123    -6012.045       34.922   277.1
1.6560        -5977.184    -6012.057       34.874   276.7
1.6565        -5977.182    -6012.074       34.892   276.9
1.6570        -5977.167    -6012.092       34.926   277.1
1.6575        -5977.130    -6012.112       34.982   277.6
1.6580        -5977.232    -6012.135       34.903   276.9
1.6585        -5977.099    -6012.159       35.060   278.2
1.6590        -5977.072    -6012.185       35.113   278.6
1.6595        -5977.121    -6012.212       35.091   278.4
1.6600        -5977.119    -6012.239       35.120   278.7
1.6605        -5977.072    -6012.264       35.192   279.2
1.6610        -5977.020    -6012.289       35.268   279.8
1.6615        -5977.018    -6012.316       35.297   280.1
1.6620        -5976.907    -6012.343       35.436   281.2
1.6625        -5976.868    -6012.371       35.503   281.7
1.6630        -5976.869    -6012.399       35.530   281.9
1.6635        -5976.849    -6012.427       35.578   282.3
1.6640        -5976.917    -6012.454       35.537   282.0
1.6645        -5976.839    -6012.481       35.642   282.8
1.6650        -5976.875    -6012.505       35.630   282.7
1.6655        -5976.828    -6012.529       35.701   283.3
1.6660        -5976.893    -6012.552       35.659   282.9
1.6665        -5976.879    -6012.577       35.698   283.3
1.6670        -5976.957    -6012.602       35.644   282.8
1.6675        -5977.035    -6012.622       35.587   282.4
1.6680        -5977.007    -6012.643       35.636   282.8
1.6685        -5977.062    -6012.664       35.601   282.5
1.6690        -5977.057    -6012.686       35.629   282.7
1.6695        -5977.106    -6012.711       35.605   282.5
1.6700        -5977.093    -6012.738       35.645   282.8
1.6705        -5977.135    -6012.763       35.628   282.7
1.6710        -5977.099    -6012.786       35.688   283.2
1.6715        -5977.091    -6012.808       35.717   283.4
1.6720        -5977.071    -6012.829       35.758   283.7
1.6725        -5977.122    -6012.849       35.727   283.5
1.6730        -5977.097    -6012.868       35.772   283.8
1.6735        -5976.967    -6012.885       35.918   285.0
1.6740        -5977.009    -6012.902       35.894   284.8
1.6745        -5976.937    -6012.919       35.982   285.5
1.6750        -5976.988    -6012.937       35.949   285.2
1.6755        -5976.931    -6012.952       36.022   285.8
1.6760        -5976.838    -6012.966       36.128   286.7
1.6765        -5976.804    -6012.981       36.176   287.0
1.6770        -5976.740    -6012.993       36.252   287.7
1.6775        -5976.799    -6013.001       36.201   287.2
1.6780        -5976.771    -6013.005       36.234   287.5
1.6785        -5976.784    -6013.008       36.224   287.4
1.6790        -5976.761    -6013.009       36.249   287.6
1.6795        -5976.955    -6013.010       36.056   286.1
1.6800        -5977.020    -6013.007       35.987   285.5
1.6805        -5976.963    -6013.001       36.038   286.0
1.6810        -5976.917    -6012.994       36.078   286.3
1.6815        -5976.877    -6012.984       36.107   286.5
1.6820        -5976.871    -6012.972       36.101   286.5
1.6825        -5976.962    -6012.960       35.997   285.6
1.6830        -5976.957    -6012.945       35.988   285.6
1.6835        -5976.930    -6012.929       35.999   285.6
1.6840        -5976.904    -6012.911       36.008   285.7
1.6845        -5976.866    -6012.889       36.023   285.8
1.6850        -5976.959    -6012.864       35.905   284.9
1.6855        -5977.027    -6012.838       35.811   284.1
1.6860        -5976.984    -6012.808       35.824   284.3
1.6865        -5976.983    -6012.775       35.792   284.0
1.6870        -5976.846    -6012.740       35.893   284.8
1.6875        -5976.848    -6012.703       35.855   284.5
1.6880        -5976.945    -6012.663       35.717   283.4
1.6885        -5976.859    -6012.621       35.762   283.8
1.6890        -5976.896    -6012.580       35.685   283.1
1.6895        -5976.836    -6012.540       35.704   283.3
1.6900        -5976.702    -6012.497       35.796   284.0
1.6905        -5976.651    -6012.451       35.800   284.1
1.6910        -5976.728    -6012.402       35.675   283.1
1.6915        -5976.732    -6012.351       35.619   282.6
1.6920        -5976.733    -6012.300       35.567   282.2
1.6925        -5976.650    -6012.247       35.598   282.5
1.6930        -5976.647    -6012.196       35.549   282.1
1.6935        -5976.703    -6012.145       35.442   281.2
1.6940        -5976.727    -6012.097       35.370   280.6
1.6945        -5976.730    -6012.052       35.322   280.3
1.6950        -5976.690    -6012.008       35.318   280.2
1.6955        -5976.672    -6011.966       35.294   280.0
1.6960        -5976.648    -6011.923       35.275   279.9
1.6965        -5976.549    -6011.882       35.333   280.4
1.6970        -5976.509    -6011.844       35.335   280.4
1.6975        -5976.480    -6011.808       35.328   280.3
1.6980        -5976.457    -6011.774       35.317   280.2
1.6985        -5976.483    -6011.741       35.258   279.8
1.6990        -5976.494    -6011.709       35.215   279.4
1.6995        -5976.448    -6011.679       35.231   279.5
1.7000        -5976.547    -6011.651       35.104   278.5
1.7005        -5976.572    -6011.628       35.055   278.2
1.7010        -5976.585    -6011.608       35.022   277.9
1.7015        -5976.551    -6011.590       35.039   278.0
1.7020        -5976.646    -6011.576       34.929   277.2
1.7025        -5976.627    -6011.562       34.935   277.2
1.7030        -5976.719    -6011.552       34.833   276.4
1.7035        -5976.727    -6011.547       34.819   276.3
1.7040        -5976.801    -6011.544       34.743   275.7
1.7045        -5976.753    -6011.545       34.792   276.1
1.7050        -5976.780    -6011.549       34.769   275.9
1.7055        -5976.817    -6011.558       34.741   275.7
1.7060        -5976.709    -6011.572       34.864   276.6
1.7065        -5976.615    -6011.593       34.977   277.5
1.7070        -5976.669    -6011.618       34.949   277.3
1.7075        -5976.664    -6011.647       34.983   277.6
1.7080        -5976.653    -6011.680       35.026   277.9
1.7085        -5976.633    -6011.715       35.082   278.4
1.7090        -5976.585    -6011.756       35.171   279.1
1.7095        -5976.471    -6011.802       35.331   280.3
1.7100        -5976.417    -6011.852       35.435   281.2
1.7105        -5976.420    -6011.909       35.488   281.6
1.7110        -5976.457    -6011.971       35.514   281.8
1.7115        -5976.579    -6012.038       35.459   281.4
1.7120        -5976.648    -6012.111       35.463   281.4
1.7125        -5976.682    -6012.188       35.506   281.7
1.7130        -5976.689    -6012.267       35.579   282.3
1.7135        -5976.665    -6012.350       35.685   283.1
1.7140        -5976.651    -6012.437       35.786   284.0
1.7145        -5976.597    -6012.526       35.929   285.1
1.7150        -5976.578    -6012.616       36.038   286.0
1.7155        -5976.607    -6012.707       36.100   286.4
1.7160        -5976.636    -6012.798       36.163   286.9
1.7165        -5976.620    -6012.890       36.270   287.8
1.7170        -5976.544    -6012.981       36.436   289.1
1.7175        -5976.556    -6013.068       36.512   289.7
1.7180        -5976.447    -6013.153       36.707   291.3
1.7185        -5976.370    -6013.237       36.867   292.5
1.7190        -5976.363    -6013.317       36.954   293.2
1.7195        -5976.460    -6013.394       36.933   293.1
1.7200        -5976.400    -6013.466       37.065   294.1
1.7205        -5976.464    -6013.534       37.070   294.1
1.7210        -5976.345    -6013.597       37.253   295.6
1.7215        -5976.364    -6013.655       37.291   295.9
1.7220        -5976.241    -6013.710       37.468   297.3
1.7225        -5976.213    -6013.757       37.544   297.9
1.7230        -5976.213    -6013.797       37.584   298.2
1.7235        -5976.263    -6013.831       37.568   298.1
1.7240        -5976.248    -6013.859       37.611   298.4
1.7245        -5976.181    -6013.884       37.703   299.2
1.7250        -5976.308    -6013.902       37.594   298.3
1.7255        -5976.278    -6013.915       37.637   298.6
1.7260        -5976.263    -6013.923       37.660   298.8
1.7265        -5976.237    -6013.926       37.688   299.0
1.7270        -5976.257    -6013.924       37.668   298.9
1.7275        -5976.227    -6013.919       37.692   299.1
1.7280        -5976.313    -6013.909       37.596   298.3
1.7285        -5976.323    -6013.893       37.570   298.1
1.7290        -5976.232    -6013.875       37.643   298.7
1.7295        -5976.278    -6013.856       37.578   298.2
1.7300        -5976.349    -6013.835       37.485   297.4
1.7305        -5976.454    -6013.809       37.355   296.4
1.7310        -5976.449    -6013.782       37.333   296.2
1.7315        -5976.358    -6013.753       37.395   296.7
1.7320        -5976.305    -6013.722       37.418   296.9
1.7325        -5976.317    -6013.688       37.371   296.5
1.7330        -5976.326    -6013.652       37.327   296.2
1.7335        -5976.269    -6013.615       37.346   296.3
1.7340        -5976.261    -6013.579       37.318   296.1
1.7345        -5976.147    -6013.543       37.395   296.7
1.7350        -5976.184    -6013.507       37.323   296.1
1.7355        -5976.132    -6013.468       37.337   296.3
1.7360        -5976.075    -6013.431       37.356   296.4
1.7365        -5976.127    -6013.394       37.267   295.7
1.7370        -5976.087    -6013.357       37.270   295.7
1.7375        -5976.172    -6013.321       37.149   294.8
1.7380        -5976.028    -6013.284       37.256   295.6
1.7385        -5976.064    -6013.245       37.181   295.0
1.7390        -5975.987    -6013.206       37.219   295.3
1.7395        -5975.966    -6013.167       37.201   295.2
1.7400        -5976.003    -6013.127       37.124   294.6
1.7405        -5976.059    -6013.085       37.026   293.8
1.7410        -5976.017    -6013.042       37.025   293.8
1.7415        -5976.010    -6012.998       36.988   293.5
1.7420        -5976.013    -6012.952       36.939   293.1
1.7425        -5976.055    -6012.905       36.850   292.4
1.7430        -5976.041    -6012.860       36.819   292.1
1.7435        -5976.095    -6012.816       36.721   291.4
1.7440        -5976.124    -6012.775       36.651   290.8
1.7445        -5976.256    -6012.735       36.479   289.4
1.7450        -5976.423    -6012.696       36.273   287.8
1.7455        -5976.460    -6012.659       36.199   287.2
1.7460        -5976.451    -6012.624       36.172   287.0
1.7465        -5976.497    -6012.588       36.091   286.4
1.7470        -5976.432    -6012.550       36.118   286.6
1.7475        -5976.341    -6012.512       36.172   287.0
1.7480        -5976.278    -6012.474       36.196   287.2
1.7485        -5976.285    -6012.433       36.148   286.8
1.7490        -5976.292    -6012.393       36.101   286.5
1.7495        -5976.306    -6012.351       36.045   286.0
1.7500        -5976.410    -6012.311       35.901   284.9
1.7505        -5976.391    -6012.272       35.880   284.7
1.7510        -5976.287    -6012.234       35.947   285.2
1.7515        -5976.271    -6012.198       35.927   285.1
1.7520        -5976.227    -6012.166       35.938   285.2
1.7525        -5976.246    -6012.137       35.891   284.8
1.7530        -5976.230    -6012.109       35.879   284.7
1.7535        -5976.239    -6012.084       35.845   284.4
1.7540        -5976.280    -6012.062       35.781   283.9
1.7545        -5976.351    -6012.045       35.694   283.2
1.7550        -5976.357    -6012.032       35.675   283.1
1.7555        -5976.356    -6012.022       35.666   283.0
1.7560        -5976.349    -6012.013       35.664   283.0
1.7565        -5976.336    -6012.007       35.671   283.0
1.7570        -5976.247    -6012.002       35.755   283.7
1.7575        -5976.179    -6012.001       35.822   284.2
1.7580        -5976.195    -6012.002       35.807   284.1
1.7585        -5976.171    -6012.005       35.834   284.3
1.7590        -5976.099    -6012.009       35.911   284.9
1.7595        -5976.173    -6012.016       35.843   284.4
1.7600        -5976.094    -6012.025       35.932   285.1
1.7605        -5976.135    -6012.037       35.902   284.9
1.7610        -5976.180    -6012.055       35.876   284.7
1.7615        -5976.184    -6012.076       35.892   284.8
1.7620        -5976.275    -6012.099       35.824   284.3
1.7625        -5976.264    -6012.125       35.861   284.5
1.7630        -5976.155    -6012.153       35.998   285.6
1.7635        -5976.156    -6012.182       36.027   285.9
1.7640        -5976.261    -6012.213       35.952   285.3
1.7645        -5976.153    -6012.240       36.087   286.3
1.7650        -5976.271    -6012.268       35.997   285.6
1.7655        -5976.244    -6012.295       36.051   286.1
1.7660        -5976.286    -6012.323       36.037   285.9
1.7665        -5976.269    -6012.353       36.084   286.3
1.7670        -5976.192    -6012.381       36.189   287.2
1.7675        -5976.161    -6012.408       36.247   287.6
1.7680        -5976.111    -6012.433       36.322   288.2
1.7685        -5976.105    -6012.456       36.352   288.4
1.7690        -5976.079    -6012.477       36.398   288.8
1.7695        -5976.065    -6012.495       36.431   289.1
1.7700        -5976.269    -6012.514       36.245   287.6
1.7705        -5976.278    -6012.532       36.254   287.7
1.7710        -5976.350    -6012.549       36.199   287.2
1.7715        -5976.288    -6012.565       36.277   287.8
1.7720        -5976.259    -6012.581       36.322   288.2
1.7725        -5976.189    -6012.597       36.408   288.9
1.7730        -5976.242    -6012.611       36.369   288.6
1.7735        -5976.212    -6012.623       36.411   288.9
1.7740        -5976.216    -6012.636       36.421   289.0
1.7745        -5976.241    -6012.649       36.408   288.9
1.7750        -5976.236    -6012.659       36.422   289.0
1.7755        -5976.266    -6012.668       36.402   288.8
1.7760        -5976.253    -6012.679       36.425   289.0
1.7765        -5976.153    -6012.689       36.536   289.9
1.7770        -5976.110    -6012.698       36.588   290.3
1.7775        -5976.098    -6012.708       36.611   290.5
1.7780        -5976.103    -6012.716       36.614   290.5
1.7785        -5976.102    -6012.725       36.623   290.6
1.7790        -5976.039    -6012.734       36.695   291.2
1.7795        -5976.045    -6012.745       36.700   291.2
1.7800        -5976.065    -6012.758       36.692   291.1
1.7805        -5976.120    -6012.770       36.651   290.8
1.7810        -5976.129    -6012.780       36.651   290.8
1.7815        -5976.164    -6012.790       36.626   290.6
1.7820        -5976.038    -6012.803       36.766   291.7
1.7825        -5976.010    -6012.819       36.809   292.1
1.7830        -5976.058    -6012.836       36.778   291.8
1.7835        -5976.116    -6012.852       36.735   291.5
1.7840        -5976.151    -6012.868       36.717   291.3
1.7845        -5976.148    -6012.883       36.735   291.5
1.7850        -5976.171    -6012.896       36.725   291.4
1.7855        -5976.107    -6012.910       36.803   292.0
1.7860        -5976.024    -6012.925       36.900   292.8
1.7865        -5976.049    -6012.938       36.888   292.7
1.7870        -5976.006    -6012.949       36.943   293.1
1.7875        -5976.127    -6012.959       36.832   292.3
1.7880        -5976.097    -6012.966       36.869   292.5
1.7885        -5976.119    -6012.970       36.851   292.4
1.7890        -5976.119    -6012.971       36.851   292.4
1.7895        -5976.059    -6012.968       36.909   292.9
1.7900        -5976.062    -6012.963       36.902   292.8
1.7905        -5975.998    -6012.956       36.958   293.3
1.7910        -5975.935    -6012.945       37.011   293.7
1.7915        -5975.815    -6012.931       37.116   294.5
1.7920        -5975.765    -6012.914       37.149   294.8
1.7925        -5975.797    -6012.894       37.097   294.4
1.7930        -5975.738    -6012.872       37.134   294.7
1.7935        -5975.699    -6012.847       37.147   294.8
1.7940        -5975.765    -6012.817       37.052   294.0
1.7945        -5975.715    -6012.785       37.070   294.1
1.7950        -5975.792    -6012.752       36.959   293.3
1.7955        -5975.863    -6012.719       36.856   292.4
1.7960        -5975.784    -6012.686       36.901   292.8
1.7965        -5975.853    -6012.652       36.799   292.0
1.7970        -5975.818    -6012.616       36.798   292.0
1.7975        -5975.792    -6012.578       36.786   291.9
1.7980        -5975.850    -6012.538       36.687   291.1
1.7985        -5975.902    -6012.495       36.593   290.4
1.7990        -5976.001    -6012.450       36.449   289.2
1.7995        -5976.014    -6012.405       36.392   288.8
1.8000        -5975.977    -6012.360       36.383   288.7
1.8005        -5975.879    -6012.316       36.437   289.1
1.8010        -5975.962    -6012.272       36.311   288.1
1.8015        -5975.891    -6012.233       36.341   288.4
1.8020        -5975.833    -6012.195       36.362   288.5
1.8025        -5975.834    -6012.159       36.325   288.2
1.8030        -5975.863    -6012.125       36.262   287.7
1.8035        -5975.814    -6012.095       36.281   287.9
1.8040        -5975.803    -6012.070       36.267   287.8
1.8045        -5975.758    -6012.046       36.287   287.9
1.8050        -5975.782    -6012.023       36.241   287.6
1.8055        -5975.783    -6012.002       36.218   287.4
1.8060        -5975.722    -6011.982       36.261   287.7
1.8065        -5975.744    -6011.964       36.220   287.4
1.8070        -5975.803    -6011.947       36.144   286.8
1.8075        -5975.774    -6011.933       36.159   286.9
1.8080        -5975.760    -6011.922       36.162   286.9
1.8085        -5975.683    -6011.915       36.232   287.5
1.8090        -5975.664    -6011.911       36.246   287.6
1.8095        -5975.690    -6011.907       36.218   287.4
1.8100        -5975.694    -6011.907       36.213   287.3
1.8105        -5975.640    -6011.910       36.270   287.8
1.8110        -5975.688    -6011.915       36.226   287.4
1.8115        -5975.671    -6011.921       36.250   287.6
1.8120        -5975.726    -6011.929       36.203   287.3
1.8125        -5975.749    -6011.936       36.187   287.1
1.8130        -5975.804    -6011.946       36.142   286.8
1.8135        -5975.914    -6011.958       36.043   286.0
1.8140        -5975.908    -6011.972       36.064   286.2
1.8145        -5975.955    -6011.987       36.032   285.9
1.8150        -5976.020    -6012.001       35.981   285.5
1.8155        -5976.029    -6012.014       35.985   285.5
1.8160        -5976.060    -6012.028       35.968   285.4
1.8165        -5975.989    -6012.042       36.053   286.1
1.8170        -5976.060    -6012.054       35.994   285.6
1.8175        -5976.089    -6012.064       35.974   285.4
1.8180        -5976.031    -6012.074       36.043   286.0
1.8185        -5976.064    -6012.082       36.018   285.8
1.8190        -5976.006    -6012.089       36.083   286.3
1.8195        -5975.968    -6012.096       36.128   286.7
1.8200        -5975.991    -6012.101       36.110   286.5
1.8205        -5976.008    -6012.105       36.097   286.4
1.8210        -5976.020    -6012.108       36.088   286.3
1.8215        -5975.986    -6012.108       36.122   286.6
1.8220        -5975.910    -6012.104       36.194   287.2
1.8225        -5975.945    -6012.093       36.148   286.8
1.8230        -5975.944    -6012.079       36.135   286.7
1.8235        -5975.920    -6012.063       36.143   286.8
1.8240        -5975.834    -6012.044       36.210   287.3
1.8245        -5975.735    -6012.021       36.286   287.9
1.8250        -5975.724    -6011.995       36.272   287.8
1.8255        -5975.723    -6011.967       36.244   287.6
1.8260        -5975.678    -6011.931       36.253   287.7
1.8265        -5975.728    -6011.891       36.163   286.9
1.8270        -5975.770    -6011.849       36.080   286.3
1.8275        -5975.740    -6011.805       36.065   286.2
1.8280        -5975.864    -6011.755       35.891   284.8
1.8285        -5975.770    -6011.702       35.933   285.1
1.8290        -5975.751    -6011.647       35.896   284.8
1.8295        -5975.862    -6011.588       35.727   283.5
1.8300        -5975.834    -6011.527       35.694   283.2
1.8305        -5975.822    -6011.464       35.643   282.8
1.8310        -5975.812    -6011.402       35.590   282.4
1.8315        -5975.811    -6011.340       35.529   281.9
1.8320        -5975.754    -6011.277       35.524   281.9
1.8325        -5975.727    -6011.218       35.491   281.6
1.8330        -5975.587    -6011.160       35.572   282.3
1.8335        -5975.537    -6011.102       35.565   282.2
1.8340        -5975.657    -6011.045       35.387   280.8
1.8345        -5975.630    -6010.990       35.360   280.6
1.8350        -5975.697    -6010.940       35.243   279.6
1.8355        -5975.573    -6010.896       35.323   280.3
1.8360        -5975.523    -6010.856       35.334   280.4
1.8365        -5975.498    -6010.820       35.322   280.3
1.8370        -5975.571    -6010.789       35.218   279.4
1.8375        -5975.589    -6010.760       35.171   279.1
1.8380        -5975.570    -6010.740       35.170   279.1
1.8385        -5975.575    -6010.725       35.150   278.9
1.8390        -5975.532    -6010.713       35.181   279.2
1.8395        -5975.612    -6010.704       35.092   278.4
1.8400        -5975.685    -6010.701       35.016   277.8
1.8405        -5975.696    -6010.705       35.010   277.8
1.8410        -5975.668    -6010.716       35.049   278.1
1.8415        -5975.696    -6010.732       35.036   278.0
1.8420        -5975.699    -6010.751       35.053   278.1
1.8425        -5975.680    -6010.777       35.097   278.5
1.8430        -5975.793    -6010.808       35.015   277.8
1.8435        -5975.860    -6010.844       34.984   277.6
1.8440        -5975.667    -6010.882       35.215   279.4
1.8445        -5975.647    -6010.922       35.275   279.9
1.8450        -5975.555    -6010.964       35.409   281.0
1.8455        -5975.628    -6011.007       35.379   280.7
1.8460        -5975.661    -6011.050       35.389   280.8
1.8465        -5975.710    -6011.094       35.384   280.8
1.8470        -5975.638    -6011.139       35.501   281.7
1.8475        -5975.769    -6011.185       35.416   281.0
1.8480        -5975.823    -6011.233       35.410   281.0
1.8485        -5975.843    -6011.284       35.441   281.2
1.8490        -5975.922    -6011.333       35.411   281.0
1.8495        -5975.831    -6011.382       35.551   282.1
1.8500        -5975.900    -6011.428       35.528   281.9
1.8505        -5975.874    -6011.472       35.598   282.5
1.8510        -5975.968    -6011.514       35.546   282.0
1.8515        -5975.992    -6011.554       35.563   282.2
1.8520        -5976.021    -6011.593       35.572   282.3
1.8525        -5976.002    -6011.626       35.624   282.7
1.8530        -5975.990    -6011.655       35.665   283.0
1.8535        -5976.013    -6011.681       35.668   283.0
1.8540        -5975.962    -6011.707       35.745   283.6
1.8545        -5975.937    -6011.732       35.795   284.0
1.8550        -5975.923    -6011.755       35.832   284.3
1.8555        -5975.916    -6011.775       35.859   284.5
1.8560        -5975.932    -6011.793       35.861   284.5
1.8565        -5975.988    -6011.808       35.820   284.2
1.8570        -5976.036    -6011.820       35.784   283.9
1.8575        -5975.929    -6011.831       35.902   284.9
1.8580        -5976.004    -6011.839       35.835   284.3
1.8585        -5975.908    -6011.846       35.938   285.2
1.8590        -5975.960    -6011.854       35.894   284.8
1.8595        -5975.944    -6011.862       35.918   285.0
1.8600        -5975.944    -6011.870       35.926   285.1
1.8605        -5975.943    -6011.879       35.936   285.1
1.8610        -5975.965    -6011.890       35.925   285.1
1.8615        -5975.966    -6011.904       35.938   285.2
1.8620        -5976.034    -6011.922       35.888   284.8
1.8625        -5976.021    -6011.941       35.920   285.0
1.8630        -5976.029    -6011.961       35.932   285.1
1.8635        -5975.975    -6011.984       36.009   285.7
1.8640        -5975.927    -6012.011       36.084   286.3
1.8645        -5975.811    -6012.039       36.229   287.5
1.8650        -5975.886    -6012.069       36.182   287.1
1.8655        -5975.765    -6012.100       36.335   288.3
1.8660        -5975.740    -6012.134       36.394   288.8
1.8665        -5975.681    -6012.172       36.490   289.5
1.8670        -5975.704    -6012.212       36.507   289.7
1.8675        -5975.632    -6012.252       36.620   290.6
1.8680        -5975.563    -6012.295       36.733   291.5
1.8685        -5975.568    -6012.340       36.773   291.8
1.8690        -5975.600    -6012.388       36.788   291.9
1.8695        -5975.523    -6012.439       36.916   292.9
1.8700        -5975.611    -6012.491       36.880   292.6
1.8705        -5975.646    -6012.542       36.897   292.8
1.8710        -5975.653    -6012.594       36.940   293.1
1.8715        -5975.542    -6012.646       37.103   294.4
1.8720        -5975.562    -6012.698       37.136   294.7
1.8725        -5975.629    -6012.751       37.122   294.6
1.8730        -5975.611    -6012.804       37.193   295.1
1.8735        -5975.662    -6012.856       37.194   295.1
1.8740        -5975.653    -6012.907       37.254   295.6
1.8745        -5975.646    -6012.956       37.310   296.0
1.8750        -5975.667    -6013.005       37.338   296.3
1.8755        -5975.658    -6013.053       37.395   296.7
1.8760        -5975.605    -6013.100       37.494   297.5
1.8765        -5975.597    -6013.144       37.547   297.9
1.8770        -5975.606    -6013.186       37.580   298.2
1.8775        -5975.528    -6013.223       37.695   299.1
1.8780        -5975.550    -6013.255       37.705   299.2
1.8785        -5975.626    -6013.283       37.657   298.8
1.8790        -5975.744    -6013.307       37.563   298.1
1.8795        -5975.769    -6013.327       37.558   298.0
1.8800        -5975.728    -6013.346       37.618   298.5
1.8805        -5975.813    -6013.358       37.546   297.9
1.8810        -5975.905    -6013.367       37.461   297.2
1.8815        -5975.921    -6013.371       37.450   297.2
1.8820        -5975.963    -6013.374       37.411   296.8
1.8825        -5975.936    -6013.374       37.438   297.1
1.8830        -5975.835    -6013.371       37.536   297.8
1.8835        -5975.757    -6013.363       37.607   298.4
1.8840        -5975.777    -6013.352       37.575   298.1
1.8845        -5975.737    -6013.336       37.599   298.3
1.8850        -5975.704    -6013.316       37.612   298.4
1.8855        -5975.681    -6013.292       37.610   298.4
1.8860        -5975.643    -6013.261       37.619   298.5
1.8865        -5975.616    -6013.227       37.612   298.4
1.8870        -5975.748    -6013.189       37.442   297.1
1.8875        -5975.863    -6013.148       37.286   295.9
1.8880        -5975.798    -6013.107       37.309   296.0
1.8885        -5975.761    -6013.063       37.302   296.0
1.8890        -5975.812    -6013.017       37.205   295.2
1.8895        -5975.855    -6012.969       37.114   294.5
1.8900        -5975.803    -6012.922       37.119   294.5
1.8905        -5975.855    -6012.875       37.019   293.7
1.8910        -5975.939    -6012.826       36.887   292.7
1.8915        -5975.930    -6012.778       36.848   292.4
1.8920        -5976.037    -6012.729       36.692   291.1
1.8925        -5976.024    -6012.680       36.657   290.9
1.8930        -5975.988    -6012.632       36.644   290.8
1.8935        -5975.981    -6012.585       36.605   290.4
1.8940        -5975.957    -6012.540       36.583   290.3
1.8945        -5975.996    -6012.496       36.499   289.6
1.8950        -5976.036    -6012.453       36.417   289.0
1.8955        -5976.052    -6012.410       36.358   288.5
1.8960        -5976.122    -6012.368       36.245   287.6
1.8965        -5976.067    -6012.325       36.258   287.7
1.8970        -5976.062    -6012.284       36.221   287.4
1.8975        -5976.153    -6012.245       36.093   286.4
1.8980        -5976.118    -6012.209       36.091   286.4
1.8985        -5976.063    -6012.175       36.112   286.5
1.8990        -5976.050    -6012.144       36.093   286.4
1.8995        -5976.180    -6012.120       35.940   285.2
1.9000        -5976.123    -6012.099       35.976   285.5
1.9005        -5976.126    -6012.084       35.958   285.3
1.9010        -5976.121    -6012.073       35.951   285.3
1.9015        -5976.149    -6012.063       35.914   285.0
1.9020        -5976.177    -6012.058       35.881   284.7
1.9025        -5976.167    -6012.058       35.891   284.8
1.9030        -5976.259    -6012.064       35.806   284.1
1.9035        -5976.247    -6012.076       35.830   284.3
1.9040        -5976.255    -6012.095       35.840   284.4
1.9045        -5976.251    -6012.123       35.872   284.6
1.9050        -5976.329    -6012.156       35.827   284.3
1.9055        -5976.230    -6012.193       35.963   285.4
1.9060        -5976.226    -6012.235       36.008   285.7
1.9065        -5976.205    -6012.278       36.073   286.2
1.9070        -5976.205    -6012.324       36.119   286.6
1.9075        -5976.121    -6012.373       36.252   287.6
1.9080        -5976.018    -6012.425       36.407   288.9
1.9085        -5975.983    -6012.479       36.495   289.6
1.9090        -5976.071    -6012.535       36.464   289.3
1.9095        -5976.141    -6012.592       36.451   289.2
1.9100        -5976.196    -6012.651       36.455   289.3
1.9105        -5976.241    -6012.708       36.467   289.4
1.9110        -5976.235    -6012.762       36.527   289.8
1.9115        -5976.175    -6012.815       36.640   290.7
1.9120        -5976.267    -6012.865       36.598   290.4
1.9125        -5976.223    -6012.911       36.688   291.1
1.9130        -5976.228    -6012.953       36.725   291.4
1.9135        -5976.252    -6012.993       36.741   291.5
1.9140        -5976.237    -6013.029       36.792   291.9
1.9145        -5976.245    -6013.061       36.816   292.1
1.9150        -5976.251    -6013.088       36.837   292.3
1.9155        -5976.265    -6013.111       36.846   292.4
1.9160        -5976.228    -6013.129       36.901   292.8
1.9165        -5976.216    -6013.141       36.925   293.0
1.9170        -5976.163    -6013.145       36.982   293.4
1.9175        -5976.158    -6013.141       36.983   293.5
1.9180        -5976.144    -6013.129       36.985   293.5
1.9185        -5976.040    -6013.111       37.071   294.2
1.9190        -5976.127    -6013.091       36.964   293.3
1.9195        -5976.134    -6013.065       36.931   293.0
1.9200        -5976.199    -6013.034       36.836   292.3
1.9205        -5976.204    -6013.001       36.797   292.0
1.9210        -5976.173    -6012.964       36.791   291.9
1.9215        -5976.154    -6012.922       36.769   291.7
1.9220        -5976.109    -6012.873       36.764   291.7
1.9225        -5976.135    -6012.819       36.683   291.1
1.9230        -5976.106    -6012.761       36.655   290.8
1.9235        -5975.985    -6012.702       36.717   291.3
1.9240        -5976.008    -6012.639       36.631   290.7
1.9245        -5975.984    -6012.573       36.589   290.3
1.9250        -5976.063    -6012.506       36.443   289.2
1.9255        -5976.178    -6012.438       36.261   287.7
1.9260        -5976.174    -6012.369       36.195   287.2
1.9265        -5976.175    -6012.301       36.126   286.7
1.9270        -5976.162    -6012.236       36.074   286.2
1.9275        -5976.148    -6012.170       36.022   285.8
1.9280        -5976.144    -6012.106       35.962   285.3
1.9285        -5976.134    -6012.043       35.909   284.9
1.9290        -5976.064    -6011.983       35.919   285.0
1.9295        -5976.008    -6011.925       35.917   285.0
1.9300        -5976.002    -6011.870       35.868   284.6
1.9305        -5976.040    -6011.818       35.778   283.9
1.9310        -5976.021    -6011.769       35.747   283.6
1.9315        -5975.943    -6011.721       35.778   283.9
1.9320        -5975.897    -6011.676       35.779   283.9
1.9325        -5975.954    -6011.636       35.682   283.1
1.9330        -5975.979    -6011.599       35.620   282.6
1.9335        -5975.947    -6011.564       35.617   282.6
1.9340        -5976.006    -6011.532       35.526   281.9
1.9345        -5976.114    -6011.505       35.391   280.8
1.9350        -5976.154    -6011.483       35.329   280.3
1.9355        -5976.120    -6011.464       35.344   280.4
1.9360        -5976.144    -6011.451       35.307   280.2
1.9365        -5976.133    -6011.443       35.310   280.2
1.9370        -5976.124    -6011.440       35.316   280.2
1.9375        -5976.103    -6011.441       35.338   280.4
1.9380        -5976.104    -6011.447       35.342   280.4
1.9385        -5976.181    -6011.457       35.276   279.9
1.9390        -5976.173    -6011.473       35.300   280.1
1.9395        -5976.031    -6011.492       35.461   281.4
1.9400        -5976.178    -6011.513       35.335   280.4
1.9405        -5976.182    -6011.538       35.356   280.5
1.9410        -5976.217    -6011.568       35.351   280.5
1.9415        -5976.295    -6011.602       35.307   280.2
1.9420        -5976.296    -6011.641       35.344   280.4
1.9425        -5976.394    -6011.683       35.290   280.0
1.9430        -5976.288    -6011.728       35.440   281.2
1.9435        -5976.241    -6011.776       35.535   282.0
1.9440        -5976.170    -6011.828       35.659   282.9
1.9445        -5976.159    -6011.883       35.724   283.5
1.9450        -5976.077    -6011.938       35.861   284.5
1.9455        -5976.115    -6011.993       35.879   284.7
1.9460        -5976.155    -6012.047       35.892   284.8
1.9465        -5976.159    -6012.101       35.942   285.2
1.9470        -5976.234    -6012.154       35.920   285.0
1.9475        -5976.233    -6012.204       35.972   285.4
1.9480        -5976.284    -6012.255       35.970   285.4
1.9485        -5976.222    -6012.305       36.083   286.3
1.9490        -5976.153    -6012.356       36.203   287.3
1.9495        -5976.063    -6012.409       36.346   288.4
1.9500        -5976.082    -6012.460       36.378   288.7
1.9505        -5976.063    -6012.508       36.445   289.2
1.9510        -5976.069    -6012.551       36.482   289.5
1.9515        -5976.139    -6012.590       36.451   289.2
1.9520        -5976.221    -6012.625       36.404   288.9
1.9525        -5976.160    -6012.656       36.496   289.6
1.9530        -5976.185    -6012.686       36.500   289.6
1.9535        -5976.144    -6012.712       36.568   290.2
1.9540        -5976.172    -6012.736       36.564   290.1
1.9545        -5976.107    -6012.758       36.651   290.8
1.9550        -5976.064    -6012.775       36.710   291.3
1.9555        -5976.063    -6012.787       36.724   291.4
1.9560        -5976.087    -6012.796       36.709   291.3
1.9565        -5976.021    -6012.800       36.779   291.8
1.9570        -5976.063    -6012.798       36.734   291.5
1.9575        -5976.045    -6012.791       36.746   291.6
1.9580        -5976.001    -6012.780       36.779   291.8
1.9585        -5975.988    -6012.767       36.779   291.8
1.9590        -5976.020    -6012.752       36.732   291.5
1.9595        -5975.986    -6012.737       36.751   291.6
1.9600        -5976.144    -6012.722       36.578   290.2
1.9605        -5976.119    -6012.704       36.585   290.3
1.9610        -5976.139    -6012.685       36.546   290.0
1.9615        -5976.095    -6012.665       36.570   290.2
1.9620        -5976.051    -6012.643       36.592   290.4
1.9625        -5975.944    -6012.624       36.681   291.1
1.9630        -5975.922    -6012.607       36.686   291.1
1.9635        -5976.040    -6012.590       36.550   290.0
1.9640        -5976.009    -6012.575       36.566   290.1
1.9645        -5976.107    -6012.564       36.457   289.3
1.9650        -5976.128    -6012.554       36.426   289.0
1.9655        -5976.244    -6012.547       36.303   288.1
1.9660        -5976.132    -6012.543       36.411   288.9
1.9665        -5976.183    -6012.541       36.358   288.5
1.9670        -5976.119    -6012.544       36.425   289.0
1.9675        -5976.118    -6012.552       36.434   289.1
1.9680        -5976.095    -6012.566       36.471   289.4
1.9685        -5976.169    -6012.583       36.414   288.9
1.9690        -5976.260    -6012.604       36.344   288.4
1.9695        -5976.310    -6012.628       36.318   288.2
1.9700        -5976.348    -6012.653       36.306   288.1
1.9705        -5976.387    -6012.680       36.292   288.0
1.9710        -5976.451    -6012.710       36.259   287.7
1.9715        -5976.428    -6012.743       36.315   288.2
1.9720        -5976.445    -6012.781       36.335   288.3
1.9725        -5976.456    -6012.821       36.365   288.5
1.9730        -5976.367    -6012.863       36.495   289.6
1.9735        -5976.359    -6012.909       36.550   290.0
1.9740        -5976.340    -6012.958       36.618   290.6
1.9745        -5976.340    -6013.007       36.667   290.9
1.9750        -5976.427    -6013.052       36.625   290.6
1.9755        -5976.366    -6013.099       36.733   291.5
1.9760        -5976.481    -6013.146       36.666   290.9
1.9765        -5976.405    -6013.195       36.790   291.9
1.9770        -5976.405    -6013.244       36.839   292.3
1.9775        -5976.409    -6013.290       36.881   292.6
1.9780        -5976.491    -6013.333       36.842   292.3
1.9785        -5976.478    -6013.374       36.896   292.8
1.9790        -5976.375    -6013.411       37.036   293.9
1.9795        -5976.217    -6013.444       37.227   295.4
1.9800        -5976.258    -6013.473       37.215   295.3
1.9805        -5976.196    -6013.499       37.303   296.0
1.9810        -5976.210    -6013.523       37.313   296.1
1.9815        -5976.224    -6013.544       37.320   296.1
1.9820        -5976.258    -6013.564       37.305   296.0
1.9825        -5976.249    -6013.582       37.333   296.2
1.9830        -5976.113    -6013.598       37.485   297.4
1.9835        -5976.011    -6013.609       37.599   298.3
1.9840        -5976.022    -6013.616       37.594   298.3
1.9845        -5975.974    -6013.618       37.644   298.7
1.9850        -5975.986    -6013.614       37.628   298.6
1.9855        -5975.976    -6013.607       37.631   298.6
1.9860        -5975.952    -6013.596       37.644   298.7
1.9865        -5975.939    -6013.583       37.644   298.7
1.9870        -5976.022    -6013.566       37.544   297.9
1.9875        -5975.990    -6013.546       37.556   298.0
1.9880        -5975.862    -6013.521       37.659   298.8
1.9885        -5975.829    -6013.489       37.659   298.8
1.9890        -5975.804    -6013.452       37.648   298.7
1.9895        -5975.787    -6013.415       37.629   298.6
1.9900        -5975.737    -6013.377       37.639   298.7
1.9905        -5975.725    -6013.337       37.612   298.4
1.9910        -5975.722    -6013.295       37.573   298.1
1.9915        -5975.820    -6013.252       37.432   297.0
1.9920        -5975.769    -6013.207       37.438   297.1
1.9925        -5975.817    -6013.165       37.347   296.3
1.9930        -5975.832    -6013.124       37.292   295.9
1.9935        -5975.764    -6013.084       37.320   296.1
1.9940        -5975.824    -6013.046       37.222   295.3
1.9945        -5975.788    -6013.010       37.222   295.3
1.9950        -5975.822    -6012.976       37.154   294.8
1.9955        -5975.730    -6012.947       37.217   295.3
1.9960        -5975.663    -6012.919       37.256   295.6
1.9965        -5975.730    -6012.894       37.163   294.9
1.9970        -5975.700    -6012.871       37.171   294.9
1.9975        -5975.696    -6012.854       37.158   294.8
1.9980        -5975.673    -6012.838       37.165   294.9
1.9985        -5975.744    -6012.825       37.081   294.2
1.9990        -5975.801    -6012.818       37.016   293.7
1.9995        -5975.729    -6012.813       37.083   294.2
2.0000        -5975.678    -6012.810       37.132   294.6
2.0005        -5975.700    -6012.809       37.108   294.4
2.0010        -5975.569    -6012.811       37.242   295.5
2.0015        -5975.534    -6012.817       37.283   295.8
2.0020        -5975.583    -6012.823       37.241   295.5
2.0025        -5975.543    -6012.829       37.287   295.9
2.0030        -5975.585    -6012.837       37.252   295.6
2.0035        -5975.635    -6012.848       37.213   295.3
2.0040        -5975.592    -6012.860       37.268   295.7
2.0045        -5975.619    -6012.874       37.256   295.6
2.0050        -5975.684    -6012.888       37.203   295.2
2.0055        -5975.759    -6012.900       37.141   294.7
2.0060        -5975.809    -6012.912       37.103   294.4
2.0065        -5975.883    -6012.922       37.040   293.9
2.0070        -5975.896    -6012.934       37.037   293.9
2.0075        -5975.932    -6012.947       37.015   293.7
2.0080        -5975.922    -6012.959       37.037   293.9
2.0085        -5975.825    -6012.971       37.146   294.7
2.0090        -5975.761    -6012.983       37.222   295.3
2.0095        -5975.779    -6012.993       37.214   295.3
2.0100        -5975.875    -6013.003       37.128   294.6
2.0105        -5975.815    -6013.015       37.200   295.2
2.0110        -5975.771    -6013.026       37.255   295.6
2.0115        -5975.830    -6013.037       37.207   295.2
2.0120        -5975.918    -6013.047       37.129   294.6
2.0125        -5975.966    -6013.055       37.089   294.3
2.0130        -5976.034    -6013.060       37.026   293.8
2.0135        -5976.112    -6013.065       36.953   293.2
2.0140        -5976.073    -6013.070       36.997   293.6
2.0145        -5976.139    -6013.072       36.932   293.0
2.0150        -5976.048    -6013.070       37.022   293.8
2.0155        -5976.007    -6013.064       37.057   294.0
2.0160        -5976.104    -6013.055       36.950   293.2
2.0165        -5976.162    -6013.043       36.881   292.6
2.0170        -5976.097    -6013.028       36.931   293.0
2.0175        -5976.000    -6013.009       37.008   293.7
2.0180        -5975.918    -6012.986       37.068   294.1
2.0185        -5975.924    -6012.958       37.034   293.9
2.0190        -5975.930    -6012.926       36.996   293.6
2.0195        -5975.944    -6012.890       36.946   293.2
2.0200        -5975.971    -6012.850       36.879   292.6
2.0205        -5975.993    -6012.808       36.816   292.1
2.0210        -5976.016    -6012.763       36.747   291.6
2.0215        -5976.048    -6012.712       36.664   290.9
2.0220        -5976.156    -6012.655       36.499   289.6
2.0225        -5976.215    -6012.594       36.379   288.7
2.0230        -5976.321    -6012.528       36.206   287.3
2.0235        -5976.367    -6012.456       36.089   286.4
2.0240        -5976.307    -6012.380       36.074   286.2
2.0245        -5976.239    -6012.302       36.063   286.1
2.0250        -5976.306    -6012.220       35.913   285.0
2.0255        -5976.347    -6012.136       35.789   284.0
2.0260        -5976.357    -6012.049       35.692   283.2
2.0265        -5976.348    -6011.959       35.611   282.6
2.0270        -5976.358    -6011.868       35.510   281.8
2.0275        -5976.291    -6011.776       35.485   281.6
2.0280        -5976.284    -6011.683       35.399   280.9
2.0285        -5976.279    -6011.593       35.314   280.2
2.0290        -5976.192    -6011.504       35.312   280.2
2.0295        -5976.132    -6011.417       35.285   280.0
2.0300        -5976.123    -6011.330       35.206   279.4
2.0305        -5976.205    -6011.242       35.037   278.0
2.0310        -5976.283    -6011.154       34.871   276.7
2.0315        -5976.248    -6011.069       34.821   276.3
2.0320        -5976.275    -6010.988       34.713   275.4
2.0325        -5976.315    -6010.913       34.598   274.5
2.0330        -5976.284    -6010.841       34.557   274.2
2.0335        -5976.421    -6010.770       34.349   272.5
2.0340        -5976.391    -6010.706       34.315   272.3
2.0345        -5976.335    -6010.648       34.313   272.3
2.0350        -5976.358    -6010.596       34.238   271.7
2.0355        -5976.498    -6010.550       34.052   270.2
2.0360        -5976.578    -6010.510       33.931   269.2
2.0365        -5976.557    -6010.474       33.917   269.1
2.0370        -5976.601    -6010.444       33.843   268.5
2.0375        -5976.569    -6010.421       33.852   268.6
2.0380        -5976.648    -6010.407       33.759   267.9
2.0385        -5976.674    -6010.399       33.725   267.6
2.0390        -5976.612    -6010.397       33.785   268.1
2.0395        -5976.642    -6010.401       33.760   267.9
2.0400        -5976.572    -6010.414       33.842   268.5
2.0405        -5976.560    -6010.434       33.874   268.8
2.0410        -5976.577    -6010.458       33.881   268.8
2.0415        -5976.579    -6010.490       33.911   269.1
2.0420        -5976.506    -6010.529       34.023   270.0
2.0425        -5976.445    -6010.577       34.132   270.8
2.0430        -5976.444    -6010.631       34.187   271.3
2.0435        -5976.566    -6010.691       34.125   270.8
2.0440        -5976.567    -6010.755       34.189   271.3
2.0445        -5976.702    -6010.827       34.125   270.8
2.0450        -5976.689    -6010.907       34.218   271.5
2.0455        -5976.699    -6010.994       34.295   272.1
2.0460        -5976.599    -6011.088       34.489   273.7
2.0465        -5976.540    -6011.186       34.646   274.9
2.0470        -5976.469    -6011.289       34.819   276.3
2.0475        -5976.401    -6011.396       34.995   277.7
2.0480        -5976.423    -6011.507       35.084   278.4
2.0485        -5976.386    -6011.622       35.235   279.6
2.0490        -5976.467    -6011.737       35.270   279.9
2.0495        -5976.507    -6011.853       35.347   280.5
2.0500        -5976.511    -6011.969       35.459   281.4
2.0505        -5976.552    -6012.086       35.534   282.0
2.0510        -5976.594    -6012.204       35.610   282.6
2.0515        -5976.700    -6012.323       35.623   282.7
2.0520        -5976.663    -6012.443       35.780   283.9
2.0525        -5976.715    -6012.565       35.850   284.5
2.0530        -5976.821    -6012.686       35.866   284.6
2.0535        -5976.822    -6012.807       35.985   285.5
2.0540        -5976.842    -6012.928       36.087   286.3
2.0545        -5976.900    -6013.048       36.149   286.8
2.0550        -5976.913    -6013.166       36.253   287.7
2.0555        -5976.985    -6013.283       36.298   288.0
2.0560        -5976.941    -6013.399       36.458   289.3
2.0565        -5976.913    -6013.509       36.595   290.4
2.0570        -5976.921    -6013.616       36.694   291.2
2.0575        -5976.889    -6013.717       36.828   292.2
2.0580        -5976.929    -6013.810       36.881   292.6
2.0585        -5976.948    -6013.897       36.948   293.2
2.0590        -5976.937    -6013.978       37.041   293.9
2.0595        -5976.898    -6014.054       37.156   294.8
2.0600        -5976.912    -6014.126       37.213   295.3
2.0605        -5976.940    -6014.191       37.250   295.6
2.0610        -5976.912    -6014.248       37.335   296.2
2.0615        -5976.836    -6014.297       37.461   297.2
2.0620        -5976.797    -6014.342       37.545   297.9
2.0625        -5976.718    -6014.379       37.661   298.8
2.0630        -5976.756    -6014.412       37.656   298.8
2.0635        -5976.728    -6014.436       37.707   299.2
2.0640        -5976.707    -6014.453       37.746   299.5
2.0645        -5976.837    -6014.462       37.624   298.5
2.0650        -5976.827    -6014.463       37.637   298.6
2.0655        -5976.773    -6014.458       37.685   299.0
2.0660        -5976.814    -6014.445       37.631   298.6
2.0665        -5976.763    -6014.424       37.662   298.8
2.0670        -5976.681    -6014.398       37.716   299.3
2.0675        -5976.638    -6014.366       37.728   299.4
2.0680        -5976.571    -6014.329       37.758   299.6
2.0685        -5976.574    -6014.284       37.709   299.2
2.0690        -5976.564    -6014.234       37.670   298.9
2.0695        -5976.595    -6014.180       37.585   298.2
2.0700        -5976.534    -6014.117       37.583   298.2
2.0705        -5976.593    -6014.050       37.457   297.2
2.0710        -5976.618    -6013.978       37.361   296.4
2.0715        -5976.675    -6013.903       37.228   295.4
2.0720        -5976.615    -6013.825       37.210   295.2
2.0725        -5976.587    -6013.744       37.157   294.8
2.0730        -5976.551    -6013.659       37.108   294.4
2.0735        -5976.550    -6013.571       37.021   293.8
2.0740        -5976.617    -6013.481       36.863   292.5
2.0745        -5976.520    -6013.390       36.870   292.6
2.0750        -5976.554    -6013.298       36.743   291.5
2.0755        -5976.640    -6013.207       36.567   290.1
2.0760        -5976.680    -6013.119       36.439   289.1
2.0765        -5976.743    -6013.032       36.289   287.9
2.0770        -5976.806    -6012.945       36.139   286.8
2.0775        -5976.923    -6012.863       35.939   285.2
2.0780        -5976.841    -6012.784       35.943   285.2
2.0785        -5976.835    -6012.710       35.875   284.7
2.0790        -5976.865    -6012.640       35.774   283.9
2.0795        -5976.815    -6012.573       35.757   283.7
2.0800        -5976.777    -6012.510       35.733   283.5
2.0805        -5976.781    -6012.451       35.670   283.0
2.0810        -5976.765    -6012.397       35.633   282.7
2.0815        -5976.763    -6012.349       35.586   282.4
2.0820        -5976.733    -6012.304       35.571   282.2
2.0825        -5976.797    -6012.263       35.466   281.4
2.0830        -5976.784    -6012.227       35.444   281.2
2.0835        -5976.781    -6012.199       35.418   281.0
2.0840        -5976.809    -6012.175       35.366   280.6
2.0845        -5976.793    -6012.158       35.365   280.6
2.0850        -5976.741    -6012.143       35.403   280.9
2.0855        -5976.681    -6012.134       35.453   281.3
2.0860        -5976.747    -6012.127       35.380   280.7
2.0865        -5976.599    -6012.124       35.525   281.9
2.0870        -5976.609    -6012.125       35.515   281.8
2.0875        -5976.539    -6012.128       35.589   282.4
2.0880        -5976.477    -6012.138       35.661   283.0
2.0885        -5976.479    -6012.152       35.673   283.1
2.0890        -5976.464    -6012.167       35.703   283.3
2.0895        -5976.508    -6012.184       35.676   283.1
2.0900        -5976.500    -6012.204       35.705   283.3
2.0905        -5976.493    -6012.225       35.732   283.5
2.0910        -5976.633    -6012.247       35.614   282.6
2.0915        -5976.700    -6012.269       35.569   282.2
2.0920        -5976.696    -6012.295       35.599   282.5
2.0925        -5976.685    -6012.321       35.636   282.8
2.0930        -5976.667    -6012.350       35.682   283.1
2.0935        -5976.635    -6012.379       35.744   283.6
2.0940        -5976.683    -6012.411       35.728   283.5
2.0945        -5976.624    -6012.445       35.822   284.2
2.0950        -5976.589    -6012.483       35.894   284.8
2.0955        -5976.535    -6012.523       35.987   285.5
2.0960        -5976.425    -6012.561       36.136   286.7
2.0965        -5976.448    -6012.599       36.151   286.8
2.0970        -5976.466    -6012.640       36.175   287.0
2.0975        -5976.545    -6012.682       36.137   286.7
2.0980        -5976.491    -6012.723       36.232   287.5
2.0985        -5976.605    -6012.767       36.162   286.9
2.0990        -5976.595    -6012.811       36.216   287.4
2.0995        -5976.645    -6012.853       36.208   287.3
2.1000        -5976.586    -6012.895       36.310   288.1
2.1005        -5976.626    -6012.935       36.309   288.1
2.1010        -5976.561    -6012.971       36.410   288.9
2.1015        -5976.551    -6013.006       36.456   289.3
2.1020        -5976.464    -6013.040       36.576   290.2
2.1025        -5976.423    -6013.071       36.648   290.8
2.1030        -5976.453    -6013.098       36.645   290.8
2.1035        -5976.417    -6013.121       36.704   291.2
2.1040        -5976.465    -6013.145       36.679   291.0
2.1045        -5976.464    -6013.166       36.701   291.2
2.1050        -5976.429    -6013.182       36.753   291.6
2.1055        -5976.421    -6013.194       36.772   291.8
2.1060        -5976.428    -6013.202       36.774   291.8
2.1065        -5976.522    -6013.206       36.684   291.1
2.1070        -5976.570    -6013.205       36.634   290.7
2.1075        -5976.554    -6013.200       36.645   290.8
2.1080        -5976.585    -6013.192       36.606   290.5
2.1085        -5976.594    -6013.178       36.584   290.3
2.1090        -5976.536    -6013.164       36.628   290.6
2.1095        -5976.486    -6013.147       36.661   290.9
2.1100        -5976.467    -6013.129       36.662   290.9
2.1105        -5976.382    -6013.107       36.725   291.4
2.1110        -5976.365    -6013.085       36.720   291.4
2.1115        -5976.403    -6013.060       36.657   290.9
2.1120        -5976.336    -6013.034       36.698   291.2
2.1125        -5976.398    -6013.006       36.607   290.5
2.1130        -5976.381    -6012.976       36.595   290.4
2.1135        -5976.252    -6012.944       36.691   291.1
2.1140        -5976.343    -6012.912       36.569   290.2
2.1145        -5976.337    -6012.881       36.543   290.0
2.1150        -5976.222    -6012.852       36.630   290.6
2.1155        -5976.157    -6012.824       36.667   290.9
2.1160        -5975.993    -6012.796       36.804   292.0
2.1165        -5976.010    -6012.771       36.761   291.7
2.1170        -5975.969    -6012.747       36.778   291.8
2.1175        -5976.001    -6012.726       36.725   291.4
2.1180        -5975.965    -6012.708       36.744   291.6
2.1185        -5976.045    -6012.695       36.650   290.8
2.1190        -5976.054    -6012.685       36.630   290.6
2.1195        -5976.052    -6012.677       36.625   290.6
2.1200        -5976.077    -6012.673       36.595   290.4
2.1205        -5975.976    -6012.670       36.694   291.2
2.1210        -5976.017    -6012.667       36.650   290.8
2.1215        -5976.097    -6012.666       36.569   290.2
2.1220        -5976.141    -6012.670       36.529   289.9
2.1225        -5976.259    -6012.677       36.418   289.0
2.1230        -5976.191    -6012.687       36.496   289.6
2.1235        -5976.160    -6012.701       36.541   289.9
2.1240        -5976.207    -6012.717       36.510   289.7
2.1245        -5976.014    -6012.736       36.722   291.4
2.1250        -5976.076    -6012.755       36.680   291.0
2.1255        -5976.195    -6012.775       36.580   290.3
2.1260        -5976.146    -6012.797       36.650   290.8
2.1265        -5976.075    -6012.819       36.744   291.6
2.1270        -5976.029    -6012.841       36.812   292.1
2.1275        -5976.066    -6012.864       36.798   292.0
2.1280        -5976.101    -6012.884       36.783   291.9
2.1285        -5975.985    -6012.902       36.917   292.9
2.1290        -5975.967    -6012.923       36.955   293.2
2.1295        -5975.951    -6012.943       36.991   293.5
2.1300        -5975.971    -6012.961       36.991   293.5
2.1305        -5975.912    -6012.980       37.068   294.1
2.1310        -5975.883    -6012.996       37.114   294.5
2.1315        -5975.813    -6013.013       37.200   295.2
2.1320        -5975.837    -6013.029       37.192   295.1
2.1325        -5975.769    -6013.042       37.273   295.8
2.1330        -5975.773    -6013.050       37.278   295.8
2.1335        -5975.716    -6013.056       37.340   296.3
2.1340        -5975.776    -6013.056       37.280   295.8
2.1345        -5975.810    -6013.053       37.243   295.5
2.1350        -5975.771    -6013.046       37.275   295.8
2.1355        -5975.756    -6013.033       37.277   295.8
2.1360        -5975.807    -6013.014       37.208   295.2
2.1365        -5975.858    -6012.988       37.130   294.6
2.1370        -5975.781    -6012.955       37.174   295.0
2.1375        -5975.793    -6012.916       37.123   294.6
2.1380        -5975.784    -6012.871       37.087   294.3
2.1385        -5975.841    -6012.821       36.981   293.4
2.1390        -5975.924    -6012.768       36.844   292.3
2.1395        -5975.982    -6012.711       36.729   291.4
2.1400        -5976.018    -6012.649       36.631   290.7
2.1405        -5976.054    -6012.586       36.532   289.9
2.1410        -5975.968    -6012.520       36.552   290.0
2.1415        -5975.934    -6012.451       36.517   289.8
2.1420        -5976.111    -6012.380       36.270   287.8
2.1425        -5976.172    -6012.308       36.136   286.7
2.1430        -5976.265    -6012.236       35.971   285.4
2.1435        -5976.279    -6012.166       35.887   284.8
2.1440        -5976.183    -6012.098       35.915   285.0
2.1445        -5976.238    -6012.031       35.793   284.0
2.1450        -5976.285    -6011.966       35.681   283.1
2.1455        -5976.305    -6011.904       35.599   282.5
2.1460        -5976.224    -6011.847       35.623   282.7
2.1465        -5976.256    -6011.793       35.537   282.0
2.1470        -5976.265    -6011.744       35.479   281.5
2.1475        -5976.198    -6011.701       35.503   281.7
2.1480        -5976.180    -6011.663       35.483   281.5
2.1485        -5976.191    -6011.631       35.440   281.2
2.1490        -5976.139    -6011.606       35.467   281.4
2.1495        -5976.172    -6011.590       35.418   281.0
2.1500        -5976.096    -6011.582       35.486   281.6
2.1505        -5976.132    -6011.580       35.448   281.3
2.1510        -5976.163    -6011.584       35.420   281.1
2.1515        -5976.235    -6011.596       35.361   280.6
2.1520        -5976.321    -6011.613       35.292   280.0
2.1525        -5976.355    -6011.636       35.280   279.9
2.1530        -5976.391    -6011.666       35.276   279.9
2.1535        -5976.401    -6011.706       35.305   280.1
2.1540        -5976.478    -6011.751       35.273   279.9
2.1545        -5976.501    -6011.801       35.300   280.1
2.1550        -5976.367    -6011.854       35.487   281.6
2.1555        -5976.381    -6011.911       35.531   281.9
2.1560        -5976.499    -6011.971       35.472   281.5
2.1565        -5976.496    -6012.033       35.537   282.0
2.1570        -5976.338    -6012.098       35.760   283.7
2.1575        -5976.292    -6012.163       35.871   284.6
2.1580        -5976.302    -6012.230       35.928   285.1
2.1585        -5976.256    -6012.297       36.040   286.0
2.1590        -5976.168    -6012.364       36.196   287.2
2.1595        -5976.220    -6012.429       36.209   287.3
2.1600        -5976.177    -6012.492       36.315   288.1
2.1605        -5976.235    -6012.552       36.317   288.2
2.1610        -5976.292    -6012.610       36.318   288.2
2.1615        -5976.258    -6012.665       36.407   288.9
2.1620        -5976.315    -6012.716       36.401   288.8
2.1625        -5976.333    -6012.763       36.431   289.1
2.1630        -5976.274    -6012.805       36.531   289.9
2.1635        -5976.267    -6012.840       36.573   290.2
2.1640        -5976.300    -6012.868       36.568   290.2
2.1645        -5976.319    -6012.890       36.571   290.2
2.1650        -5976.376    -6012.906       36.530   289.9
2.1655        -5976.211    -6012.919       36.708   291.3
2.1660        -5976.154    -6012.926       36.772   291.8
2.1665        -5976.119    -6012.929       36.810   292.1
2.1670        -5976.054    -6012.928       36.873   292.6
2.1675        -5976.139    -6012.924       36.785   291.9
2.1680        -5976.229    -6012.918       36.689   291.1
2.1685        -5976.276    -6012.909       36.633   290.7
2.1690        -5976.149    -6012.895       36.747   291.6
2.1695        -5976.235    -6012.879       36.644   290.8
2.1700        -5976.200    -6012.858       36.658   290.9
2.1705        -5976.185    -6012.836       36.651   290.8
2.1710        -5976.208    -6012.810       36.602   290.4
2.1715        -5976.267    -6012.782       36.516   289.7
2.1720        -5976.165    -6012.754       36.589   290.3
2.1725        -5976.080    -6012.725       36.645   290.8
2.1730        -5976.199    -6012.696       36.497   289.6
2.1735        -5976.255    -6012.667       36.412   288.9
2.1740        -5976.257    -6012.637       36.381   288.7
2.1745        -5976.216    -6012.608       36.392   288.8
2.1750        -5976.221    -6012.577       36.357   288.5
2.1755        -5976.232    -6012.548       36.316   288.2
2.1760        -5976.116    -6012.518       36.402   288.8
2.1765        -5976.076    -6012.487       36.412   288.9
2.1770        -5976.059    -6012.458       36.399   288.8
2.1775        -5976.068    -6012.430       36.362   288.5
2.1780        -5976.092    -6012.404       36.312   288.1
2.1785        -5976.096    -6012.380       36.284   287.9
2.1790        -5975.993    -6012.359       36.366   288.6
2.1795        -5975.909    -6012.342       36.433   289.1
2.1800        -5975.737    -6012.326       36.589   290.3
2.1805        -5975.802    -6012.312       36.510   289.7
2.1810        -5975.765    -6012.300       36.535   289.9
2.1815        -5975.860    -6012.290       36.430   289.1
2.1820        -5975.826    -6012.283       36.456   289.3
2.1825        -5975.798    -6012.277       36.480   289.5
2.1830        -5975.788    -6012.274       36.486   289.5
2.1835        -5975.809    -6012.272       36.463   289.3
2.1840        -5975.885    -6012.273       36.389   288.7
2.1845        -5975.903    -6012.279       36.376   288.6
2.1850        -5975.835    -6012.287       36.452   289.2
2.1855        -5975.904    -6012.298       36.393   288.8
2.1860        -5976.041    -6012.310       36.269   287.8
2.1865        -5976.105    -6012.323       36.218   287.4
2.1870        -5976.017    -6012.336       36.320   288.2
2.1875        -5976.043    -6012.351       36.308   288.1
2.1880        -5976.021    -6012.365       36.344   288.4
2.1885        -5976.080    -6012.380       36.300   288.0
2.1890        -5976.146    -6012.398       36.251   287.6
2.1895        -5976.181    -6012.418       36.237   287.5
2.1900        -5976.132    -6012.442       36.310   288.1
2.1905        -5976.238    -6012.466       36.228   287.5
2.1910        -5976.196    -6012.492       36.296   288.0
2.1915        -5976.133    -6012.519       36.386   288.7
2.1920        -5976.212    -6012.547       36.335   288.3
2.1925        -5976.266    -6012.574       36.308   288.1
2.1930        -5976.252    -6012.600       36.348   288.4
2.1935        -5976.199    -6012.623       36.423   289.0
2.1940        -5976.174    -6012.643       36.469   289.4
2.1945        -5976.195    -6012.660       36.465   289.3
2.1950        -5976.219    -6012.675       36.456   289.3
2.1955        -5976.274    -6012.688       36.414   288.9
2.1960        -5976.247    -6012.699       36.452   289.2
2.1965        -5976.181    -6012.709       36.528   289.8
2.1970        -5976.309    -6012.715       36.405   288.9
2.1975        -5976.309    -6012.718       36.409   288.9
2.1980        -5976.396    -6012.719       36.323   288.2
2.1985        -5976.459    -6012.718       36.259   287.7
2.1990        -5976.406    -6012.715       36.308   288.1
2.1995        -5976.337    -6012.708       36.372   288.6
2.2000        -5976.392    -6012.699       36.308   288.1
2.2005        -5976.361    -6012.689       36.328   288.3
2.2010        -5976.325    -6012.677       36.352   288.4
2.2015        -5976.352    -6012.662       36.310   288.1
2.2020        -5976.436    -6012.642       36.206   287.3
2.2025        -5976.419    -6012.623       36.204   287.3
2.2030        -5976.437    -6012.605       36.169   287.0
2.2035        -5976.488    -6012.589       36.100   286.4
2.2040        -5976.366    -6012.572       36.207   287.3
2.2045        -5976.398    -6012.559       36.161   286.9
2.2050        -5976.396    -6012.547       36.151   286.8
2.2055        -5976.483    -6012.535       36.052   286.1
2.2060        -5976.482    -6012.523       36.041   286.0
2.2065        -5976.537    -6012.514       35.977   285.5
2.2070        -5976.536    -6012.506       35.970   285.4
2.2075        -5976.601    -6012.498       35.897   284.8
2.2080        -5976.616    -6012.491       35.875   284.7
2.2085        -5976.610    -6012.485       35.875   284.7
2.2090        -5976.647    -6012.478       35.830   284.3
2.2095        -5976.610    -6012.473       35.864   284.6
2.2100        -5976.613    -6012.470       35.857   284.5
2.2105        -5976.565    -6012.466       35.901   284.9
2.2110        -5976.602    -6012.464       35.862   284.6
2.2115        -5976.602    -6012.463       35.861   284.5
2.2120        -5976.598    -6012.464       35.865   284.6
2.2125        -5976.527    -6012.467       35.940   285.2
2.2130        -5976.485    -6012.471       35.985   285.5
2.2135        -5976.615    -6012.477       35.862   284.6
2.2140        -5976.655    -6012.486       35.831   284.3
2.2145        -5976.771    -6012.498       35.727   283.5
2.2150        -5976.836    -6012.510       35.675   283.1
2.2155        -5976.889    -6012.523       35.633   282.7
2.2160        -5976.910    -6012.538       35.627   282.7
2.2165        -5976.902    -6012.555       35.654   282.9
2.2170        -5976.847    -6012.575       35.729   283.5
2.2175        -5976.858    -6012.597       35.740   283.6
2.2180        -5976.870    -6012.620       35.749   283.7
2.2185        -5976.972    -6012.645       35.673   283.1
2.2190        -5976.907    -6012.675       35.768   283.8
2.2195        -5976.767    -6012.707       35.939   285.2
2.2200        -5976.817    -6012.739       35.922   285.0
2.2205        -5976.841    -6012.773       35.932   285.1
2.2210        -5976.779    -6012.807       36.029   285.9
2.2215        -5976.767    -6012.843       36.077   286.3
2.2220        -5976.750    -6012.882       36.133   286.7
2.2225        -5976.762    -6012.920       36.158   286.9
2.2230        -5976.793    -6012.958       36.165   287.0
2.2235        -5976.719    -6012.998       36.279   287.9
2.2240        -5976.711    -6013.040       36.329   288.3
2.2245        -5976.672    -6013.082       36.410   288.9
2.2250        -5976.760    -6013.124       36.364   288.5
2.2255        -5976.677    -6013.163       36.486   289.5
2.2260        -5976.700    -6013.203       36.504   289.6
2.2265        -5976.624    -6013.245       36.621   290.6
2.2270        -5976.651    -6013.287       36.636   290.7
2.2275        -5976.751    -6013.329       36.578   290.2
2.2280        -5976.721    -6013.370       36.649   290.8
2.2285        -5976.780    -6013.411       36.631   290.7
2.2290        -5976.875    -6013.448       36.573   290.2
2.2295        -5976.759    -6013.483       36.723   291.4
2.2300        -5976.869    -6013.514       36.645   290.8
2.2305        -5976.871    -6013.546       36.675   291.0
2.2310        -5976.804    -6013.579       36.775   291.8
2.2315        -5976.849    -6013.610       36.762   291.7
2.2320        -5976.793    -6013.640       36.847   292.4
2.2325        -5976.664    -6013.666       37.002   293.6
2.2330        -5976.633    -6013.689       37.055   294.0
2.2335        -5976.684    -6013.707       37.023   293.8
2.2340        -5976.581    -6013.723       37.142   294.7
2.2345        -5976.487    -6013.736       37.249   295.6
2.2350        -5976.537    -6013.745       37.208   295.2
2.2355        -5976.571    -6013.750       37.179   295.0
2.2360        -5976.611    -6013.753       37.142   294.7
2.2365        -5976.629    -6013.750       37.121   294.5
2.2370        -5976.603    -6013.745       37.142   294.7
2.2375        -5976.584    -6013.736       37.151   294.8
2.2380        -5976.573    -6013.720       37.147   294.7
2.2385        -5976.663    -6013.699       37.036   293.9
2.2390        -5976.729    -6013.673       36.943   293.1
2.2395        -5976.725    -6013.643       36.918   292.9
2.2400        -5976.639    -6013.606       36.966   293.3
2.2405        -5976.572    -6013.566       36.994   293.5
2.2410        -5976.518    -6013.526       37.008   293.6
2.2415        -5976.397    -6013.482       37.085   294.3
2.2420        -5976.301    -6013.435       37.134   294.6
2.2425        -5976.288    -6013.384       37.097   294.4
2.2430        -5976.219    -6013.333       37.113   294.5
2.2435        -5976.203    -6013.279       37.076   294.2
2.2440        -5976.258    -6013.223       36.964   293.3
2.2445        -5976.249    -6013.166       36.917   292.9
2.2450        -5976.294    -6013.111       36.817   292.1
2.2455        -5976.244    -6013.055       36.811   292.1
2.2460        -5976.275    -6013.000       36.726   291.4
2.2465        -5976.189    -6012.948       36.759   291.7
2.2470        -5976.134    -6012.897       36.763   291.7
2.2475        -5975.998    -6012.848       36.851   292.4
2.2480        -5976.037    -6012.801       36.763   291.7
2.2485        -5976.107    -6012.753       36.647   290.8
2.2490        -5976.094    -6012.705       36.611   290.5
2.2495        -5976.090    -6012.660       36.570   290.2
2.2500        -5976.133    -6012.616       36.483   289.5
2.2505        -5976.180    -6012.576       36.396   288.8
2.2510        -5976.069    -6012.535       36.465   289.3
2.2515        -5976.134    -6012.497       36.364   288.5
2.2520        -5976.164    -6012.459       36.296   288.0
2.2525        -5976.100    -6012.424       36.324   288.2
2.2530        -5976.142    -6012.390       36.248   287.6
2.2535        -5976.072    -6012.355       36.283   287.9
2.2540        -5976.022    -6012.322       36.300   288.0
2.2545        -5975.981    -6012.289       36.308   288.1
2.2550        -5975.917    -6012.258       36.342   288.4
2.2555        -5975.838    -6012.231       36.393   288.8
2.2560        -5975.821    -6012.207       36.387   288.7
2.2565        -5975.877    -6012.186       36.309   288.1
2.2570        -5975.866    -6012.169       36.303   288.1
2.2575        -5975.955    -6012.150       36.195   287.2
2.2580        -5975.905    -6012.133       36.228   287.5
2.2585        -5975.797    -6012.116       36.319   288.2
2.2590        -5975.694    -6012.098       36.405   288.9
2.2595        -5975.626    -6012.083       36.457   289.3
2.2600        -5975.581    -6012.068       36.487   289.5
2.2605        -5975.498    -6012.052       36.554   290.0
2.2610        -5975.511    -6012.034       36.523   289.8
2.2615        -5975.462    -6012.016       36.554   290.0
2.2620        -5975.429    -6011.995       36.566   290.1
2.2625        -5975.505    -6011.970       36.465   289.3
2.2630        -5975.482    -6011.942       36.460   289.3
2.2635        -5975.402    -6011.913       36.512   289.7
2.2640        -5975.353    -6011.885       36.532   289.9
2.2645        -5975.448    -6011.852       36.404   288.9
2.2650        -5975.456    -6011.817       36.361   288.5
2.2655        -5975.397    -6011.779       36.381   288.7
2.2660        -5975.352    -6011.738       36.386   288.7
2.2665        -5975.411    -6011.696       36.285   287.9
2.2670        -5975.400    -6011.650       36.251   287.6
2.2675        -5975.371    -6011.600       36.228   287.5
2.2680        -5975.403    -6011.549       36.146   286.8
2.2685        -5975.477    -6011.501       36.024   285.8
2.2690        -5975.467    -6011.451       35.984   285.5
2.2695        -5975.417    -6011.401       35.984   285.5
2.2700        -5975.385    -6011.353       35.968   285.4
2.2705        -5975.372    -6011.306       35.934   285.1
2.2710        -5975.289    -6011.262       35.973   285.4
2.2715        -5975.382    -6011.222       35.839   284.4
2.2720        -5975.447    -6011.183       35.737   283.6
2.2725        -5975.371    -6011.149       35.778   283.9
2.2730        -5975.338    -6011.116       35.778   283.9
2.2735        -5975.341    -6011.088       35.747   283.6
2.2740        -5975.268    -6011.063       35.796   284.0
2.2745        -5975.245    -6011.043       35.798   284.0
2.2750        -5975.195    -6011.027       35.832   284.3
2.2755        -5975.158    -6011.014       35.856   284.5
2.2760        -5975.078    -6011.004       35.926   285.1
2.2765        -5975.086    -6010.999       35.912   285.0
2.2770        -5974.973    -6010.998       36.025   285.8
2.2775        -5974.945    -6011.000       36.055   286.1
2.2780        -5975.013    -6011.007       35.994   285.6
2.2785        -5975.077    -6011.017       35.941   285.2
2.2790        -5974.932    -6011.030       36.098   286.4
2.2795        -5974.950    -6011.042       36.092   286.4
2.2800        -5975.019    -6011.056       36.037   285.9
2.2805        -5975.059    -6011.070       36.011   285.7
2.2810        -5975.075    -6011.085       36.009   285.7
2.2815        -5975.118    -6011.103       35.984   285.5
2.2820        -5975.119    -6011.125       36.006   285.7
2.2825        -5975.021    -6011.148       36.127   286.7
2.2830        -5974.966    -6011.171       36.205   287.3
2.2835        -5975.015    -6011.194       36.179   287.1
2.2840        -5974.954    -6011.219       36.265   287.8
2.2845        -5974.941    -6011.244       36.303   288.1
2.2850        -5975.100    -6011.267       36.168   287.0
2.2855        -5975.215    -6011.291       36.076   286.3
2.2860        -5975.190    -6011.315       36.124   286.6
2.2865        -5975.151    -6011.337       36.187   287.1
2.2870        -5975.125    -6011.359       36.234   287.5
2.2875        -5975.213    -6011.379       36.166   287.0
2.2880        -5975.221    -6011.397       36.176   287.0
2.2885        -5975.181    -6011.413       36.233   287.5
2.2890        -5975.111    -6011.429       36.317   288.2
2.2895        -5975.108    -6011.443       36.335   288.3
2.2900        -5975.080    -6011.454       36.375   288.6
2.2905        -5975.064    -6011.462       36.398   288.8
2.2910        -5975.056    -6011.469       36.413   288.9
2.2915        -5974.995    -6011.472       36.477   289.4
2.2920        -5975.087    -6011.472       36.386   288.7
2.2925        -5975.077    -6011.470       36.393   288.8
2.2930        -5975.075    -6011.467       36.392   288.8
2.2935        -5974.933    -6011.460       36.527   289.8
2.2940        -5974.883    -6011.449       36.566   290.1
2.2945        -5974.929    -6011.437       36.508   289.7
2.2950        -5974.950    -6011.422       36.472   289.4
2.2955        -5974.882    -6011.409       36.527   289.8
2.2960        -5974.803    -6011.395       36.592   290.3
2.2965        -5974.795    -6011.381       36.586   290.3
2.2970        -5974.753    -6011.364       36.612   290.5
2.2975        -5974.860    -6011.347       36.487   289.5
2.2980        -5974.950    -6011.331       36.380   288.7
2.2985        -5974.962    -6011.314       36.351   288.4
2.2990        -5974.907    -6011.296       36.389   288.7
2.2995        -5974.997    -6011.279       36.282   287.9
2.3000        -5975.064    -6011.262       36.197   287.2
2.3005        -5975.083    -6011.247       36.164   287.0
2.3010        -5975.140    -6011.234       36.093   286.4
2.3015        -5975.123    -6011.221       36.098   286.4
2.3020        -5975.038    -6011.212       36.174   287.0
2.3025        -5975.134    -6011.210       36.076   286.3
2.3030        -5975.054    -6011.210       36.155   286.9
2.3035        -5975.054    -6011.211       36.157   286.9
2.3040        -5975.030    -6011.216       36.186   287.1
2.3045        -5975.012    -6011.226       36.214   287.3
2.3050        -5975.047    -6011.236       36.189   287.2
2.3055        -5975.083    -6011.248       36.164   287.0
2.3060        -5975.163    -6011.263       36.101   286.4
2.3065        -5975.089    -6011.284       36.195   287.2
2.3070        -5975.108    -6011.309       36.201   287.2
2.3075        -5975.142    -6011.339       36.197   287.2
2.3080        -5975.073    -6011.374       36.301   288.0
2.3085        -5975.094    -6011.413       36.320   288.2
2.3090        -5975.152    -6011.457       36.305   288.1
2.3095        -5975.261    -6011.503       36.242   287.6
2.3100        -5975.329    -6011.555       36.225   287.4
2.3105        -5975.342    -6011.611       36.269   287.8
2.3110        -5975.260    -6011.671       36.412   288.9
2.3115        -5975.300    -6011.735       36.435   289.1
2.3120        -5975.275    -6011.802       36.527   289.8
2.3125        -5975.220    -6011.871       36.650   290.8
2.3130        -5975.218    -6011.941       36.724   291.4
2.3135        -5975.291    -6012.011       36.720   291.4
2.3140        -5975.284    -6012.078       36.794   292.0
2.3145        -5975.261    -6012.147       36.886   292.7
2.3150        -5975.238    -6012.216       36.979   293.4
2.3155        -5975.285    -6012.286       37.001   293.6
2.3160        -5975.289    -6012.356       37.067   294.1
2.3165        -5975.300    -6012.424       37.124   294.6
2.3170        -5975.270    -6012.490       37.220   295.3
2.3175        -5975.186    -6012.552       37.366   296.5
2.3180        -5975.206    -6012.611       37.405   296.8
2.3185        -5975.226    -6012.664       37.439   297.1
2.3190        -5975.164    -6012.713       37.549   297.9
2.3195        -5975.182    -6012.757       37.575   298.1
2.3200        -5975.230    -6012.798       37.568   298.1
2.3205        -5975.294    -6012.833       37.539   297.9
2.3210        -5975.245    -6012.863       37.618   298.5
2.3215        -5975.207    -6012.887       37.679   299.0
2.3220        -5975.236    -6012.904       37.667   298.9
2.3225        -5975.287    -6012.913       37.625   298.5
2.3230        -5975.254    -6012.918       37.664   298.9
2.3235        -5975.293    -6012.919       37.627   298.6
2.3240        -5975.209    -6012.916       37.707   299.2
2.3245        -5975.228    -6012.909       37.681   299.0
2.3250        -5975.196    -6012.899       37.703   299.2
2.3255        -5975.215    -6012.885       37.670   298.9
2.3260        -5975.075    -6012.869       37.794   299.9
2.3265        -5975.034    -6012.850       37.815   300.1
2.3270        -5975.018    -6012.827       37.808   300.0
2.3275        -5975.182    -6012.801       37.620   298.5
2.3280        -5975.160    -6012.774       37.614   298.5
2.3285        -5975.213    -6012.744       37.532   297.8
2.3290        -5975.179    -6012.714       37.535   297.8
2.3295        -5975.257    -6012.684       37.427   297.0
2.3300        -5975.427    -6012.655       37.228   295.4
2.3305        -5975.419    -6012.623       37.204   295.2
2.3310        -5975.398    -6012.591       37.194   295.1
2.3315        -5975.376    -6012.557       37.181   295.0
2.3320        -5975.332    -6012.523       37.191   295.1
2.3325        -5975.308    -6012.493       37.185   295.1
2.3330        -5975.314    -6012.462       37.148   294.8
2.3335        -5975.293    -6012.433       37.140   294.7
2.3340        -5975.257    -6012.404       37.147   294.8
2.3345        -5975.352    -6012.379       37.027   293.8
2.3350        -5975.259    -6012.355       37.096   294.3
2.3355        -5975.238    -6012.329       37.090   294.3
2.3360        -5975.286    -6012.303       37.017   293.7
2.3365        -5975.326    -6012.277       36.952   293.2
2.3370        -5975.312    -6012.251       36.939   293.1
2.3375        -5975.321    -6012.224       36.902   292.8
2.3380        -5975.282    -6012.199       36.918   292.9
2.3385        -5975.353    -6012.182       36.828   292.2
2.3390        -5975.380    -6012.169       36.789   291.9
2.3395        -5975.403    -6012.157       36.754   291.6
2.3400        -5975.311    -6012.146       36.835   292.3
2.3405        -5975.302    -6012.137       36.835   292.3
2.3410        -5975.462    -6012.130       36.667   290.9
2.3415        -5975.562    -6012.125       36.563   290.1
2.3420        -5975.550    -6012.122       36.572   290.2
2.3425        -5975.607    -6012.123       36.516   289.7
2.3430        -5975.593    -6012.123       36.530   289.9
2.3435        -5975.595    -6012.126       36.531   289.9
2.3440        -5975.594    -6012.130       36.536   289.9
2.3445        -5975.589    -6012.134       36.546   290.0
2.3450        -5975.500    -6012.141       36.640   290.7
2.3455        -5975.542    -6012.147       36.605   290.4
2.3460        -5975.500    -6012.154       36.653   290.8
2.3465        -5975.432    -6012.159       36.727   291.4
2.3470        -5975.439    -6012.163       36.724   291.4
2.3475        -5975.341    -6012.164       36.823   292.2
2.3480        -5975.391    -6012.160       36.769   291.8
2.3485        -5975.376    -6012.154       36.778   291.8
2.3490        -5975.303    -6012.147       36.844   292.3
2.3495        -5975.215    -6012.141       36.926   293.0
2.3500        -5975.157    -6012.134       36.977   293.4
2.3505        -5975.197    -6012.126       36.928   293.0
2.3510        -5975.253    -6012.114       36.861   292.5
2.3515        -5975.241    -6012.101       36.860   292.5
2.3520        -5975.241    -6012.086       36.845   292.4
2.3525        -5975.181    -6012.071       36.890   292.7
2.3530        -5975.238    -6012.056       36.817   292.1
2.3535        -5975.264    -6012.037       36.773   291.8
2.3540        -5975.342    -6012.015       36.673   291.0
2.3545        -5975.334    -6011.987       36.653   290.8
2.3550        -5975.354    -6011.954       36.600   290.4
2.3555        -5975.336    -6011.918       36.582   290.3
2.3560        -5975.348    -6011.878       36.530   289.9
2.3565        -5975.301    -6011.836       36.535   289.9
2.3570        -5975.265    -6011.789       36.524   289.8
2.3575        -5975.302    -6011.738       36.436   289.1
2.3580        -5975.265    -6011.685       36.420   289.0
2.3585        -5975.315    -6011.631       36.316   288.2
2.3590        -5975.350    -6011.577       36.227   287.5
2.3595        -5975.292    -6011.526       36.234   287.5
2.3600        -5975.294    -6011.477       36.182   287.1
2.3605        -5975.342    -6011.428       36.087   286.3
2.3610        -5975.360    -6011.380       36.020   285.8
2.3615        -5975.287    -6011.332       36.045   286.0
2.3620        -5975.137    -6011.285       36.147   286.8
2.3625        -5975.141    -6011.238       36.097   286.4
2.3630        -5975.108    -6011.192       36.084   286.3
2.3635        -5975.159    -6011.151       35.992   285.6
2.3640        -5975.274    -6011.114       35.840   284.4
2.3645        -5975.267    -6011.081       35.814   284.2
2.3650        -5975.218    -6011.051       35.833   284.3
2.3655        -5975.230    -6011.024       35.794   284.0
2.3660        -5975.306    -6011.000       35.694   283.2
2.3665        -5975.206    -6010.983       35.777   283.9
2.3670        -5975.200    -6010.969       35.769   283.8
2.3675        -5975.089    -6010.961       35.871   284.6
2.3680        -5975.093    -6010.957       35.864   284.6
2.3685        -5975.055    -6010.956       35.901   284.9
2.3690        -5975.085    -6010.962       35.877   284.7
2.3695        -5975.122    -6010.972       35.850   284.5
2.3700        -5974.999    -6010.986       35.988   285.6
2.3705        -5975.164    -6011.004       35.840   284.4
2.3710        -5975.187    -6011.027       35.840   284.4
2.3715        -5975.127    -6011.056       35.928   285.1
2.3720        -5975.157    -6011.093       35.936   285.1
2.3725        -5975.167    -6011.139       35.972   285.4
2.3730        -5975.316    -6011.191       35.875   284.7
2.3735        -5975.320    -6011.251       35.931   285.1
2.3740        -5975.255    -6011.319       36.063   286.2
2.3745        -5975.223    -6011.394       36.171   287.0
2.3750        -5975.304    -6011.476       36.172   287.0
2.3755        -5975.423    -6011.564       36.141   286.8
2.3760        -5975.494    -6011.658       36.164   286.9
2.3765        -5975.482    -6011.755       36.274   287.8
2.3770        -5975.415    -6011.858       36.443   289.2
2.3775        -5975.490    -6011.966       36.476   289.4
2.3780        -5975.462    -6012.077       36.616   290.5
2.3785        -5975.492    -6012.191       36.699   291.2
2.3790        -5975.516    -6012.307       36.791   291.9
2.3795        -5975.416    -6012.425       37.010   293.7
2.3800        -5975.476    -6012.545       37.068   294.1
2.3805        -5975.478    -6012.665       37.187   295.1
2.3810        -5975.466    -6012.785       37.319   296.1
2.3815        -5975.517    -6012.905       37.388   296.7
2.3820        -5975.504    -6013.025       37.521   297.7
2.3825        -5975.556    -6013.140       37.584   298.2
2.3830        -5975.551    -6013.253       37.701   299.2
2.3835        -5975.631    -6013.362       37.731   299.4
2.3840        -5975.644    -6013.466       37.822   300.1
2.3845        -5975.803    -6013.568       37.765   299.7
2.3850        -5975.748    -6013.667       37.919   300.9
2.3855        -5975.754    -6013.762       38.008   301.6
2.3860        -5975.760    -6013.849       38.088   302.2
2.3865        -5975.583    -6013.929       38.346   304.3
2.3870        -5975.532    -6014.003       38.471   305.3
2.3875        -5975.641    -6014.069       38.428   304.9
2.3880        -5975.749    -6014.131       38.381   304.5
2.3885        -5975.651    -6014.187       38.536   305.8
2.3890        -5975.545    -6014.238       38.693   307.0
2.3895        -5975.532    -6014.281       38.749   307.5
2.3900        -5975.594    -6014.317       38.723   307.3
2.3905        -5975.620    -6014.343       38.723   307.3
2.3910        -5975.580    -6014.362       38.782   307.7
2.3915        -5975.511    -6014.372       38.861   308.3
2.3920        -5975.605    -6014.375       38.770   307.6
2.3925        -5975.658    -6014.371       38.712   307.2
2.3930        -5975.662    -6014.360       38.698   307.1
2.3935        -5975.611    -6014.344       38.734   307.3
2.3940        -5975.620    -6014.321       38.700   307.1
2.3945        -5975.671    -6014.291       38.621   306.4
2.3950        -5975.696    -6014.256       38.560   306.0
2.3955        -5975.810    -6014.212       38.403   304.7
2.3960        -5975.819    -6014.162       38.344   304.2
2.3965        -5975.813    -6014.107       38.294   303.8
2.3970        -5975.746    -6014.045       38.299   303.9
2.3975        -5975.739    -6013.977       38.238   303.4
2.3980        -5975.759    -6013.901       38.142   302.6
2.3985        -5975.786    -6013.820       38.034   301.8
2.3990        -5975.797    -6013.732       37.935   301.0
2.3995        -5975.814    -6013.639       37.825   300.1
2.4000        -5975.763    -6013.542       37.778   299.8
2.4005        -5975.751    -6013.440       37.690   299.1
2.4010        -5975.645    -6013.331       37.686   299.0
2.4015        -5975.635    -6013.217       37.582   298.2
2.4020        -5975.660    -6013.099       37.439   297.1
2.4025        -5975.779    -6012.978       37.199   295.2
2.4030        -5975.796    -6012.853       37.058   294.0
2.4035        -5975.800    -6012.727       36.927   293.0
2.4040        -5975.814    -6012.599       36.785   291.9
2.4045        -5975.885    -6012.471       36.586   290.3
2.4050        -5975.955    -6012.342       36.388   288.7
2.4055        -5975.964    -6012.216       36.251   287.6
2.4060        -5975.933    -6012.092       36.159   286.9
2.4065        -5975.949    -6011.972       36.024   285.8
2.4070        -5975.926    -6011.855       35.930   285.1
2.4075        -5975.892    -6011.743       35.851   284.5
2.4080        -5975.941    -6011.636       35.695   283.2
2.4085        -5975.888    -6011.534       35.646   282.8
2.4090        -5975.789    -6011.436       35.646   282.8
2.4095        -5975.741    -6011.344       35.603   282.5
2.4100        -5975.716    -6011.258       35.541   282.0
2.4105        -5975.716    -6011.177       35.461   281.4
2.4110        -5975.738    -6011.102       35.364   280.6
2.4115        -5975.708    -6011.035       35.327   280.3
2.4120        -5975.594    -6010.974       35.380   280.7
2.4125        -5975.523    -6010.919       35.396   280.9
2.4130        -5975.536    -6010.872       35.335   280.4
2.4135        -5975.558    -6010.834       35.275   279.9
2.4140        -5975.506    -6010.805       35.299   280.1
2.4145        -5975.546    -6010.785       35.239   279.6
2.4150        -5975.523    -6010.775       35.252   279.7
2.4155        -5975.568    -6010.773       35.204   279.3
2.4160        -5975.613    -6010.778       35.165   279.0
2.4165        -5975.530    -6010.793       35.263   279.8
2.4170        -5975.470    -6010.816       35.347   280.5
2.4175        -5975.477    -6010.845       35.369   280.6
2.4180        -5975.515    -6010.882       35.367   280.6
2.4185        -5975.656    -6010.926       35.270   279.9
2.4190        -5975.556    -6010.978       35.421   281.1
2.4195        -5975.525    -6011.037       35.512   281.8
2.4200        -5975.473    -6011.099       35.626   282.7
2.4205        -5975.452    -6011.164       35.712   283.4
2.4210        -5975.464    -6011.231       35.768   283.8
2.4215        -5975.465    -6011.304       35.839   284.4
2.4220        -5975.517    -6011.379       35.862   284.6
2.4225        -5975.527    -6011.457       35.930   285.1
2.4230        -5975.471    -6011.537       36.066   286.2
2.4235        -5975.435    -6011.618       36.183   287.1
2.4240        -5975.521    -6011.697       36.176   287.0
2.4245        -5975.540    -6011.778       36.238   287.5
2.4250        -5975.529    -6011.859       36.330   288.3
2.4255        -5975.516    -6011.941       36.424   289.0
2.4260        -5975.384    -6012.020       36.636   290.7
2.4265        -5975.347    -6012.098       36.751   291.6
2.4270        -5975.409    -6012.175       36.767   291.7
2.4275        -5975.448    -6012.250       36.802   292.0
2.4280        -5975.396    -6012.322       36.926   293.0
2.4285        -5975.418    -6012.390       36.972   293.4
2.4290        -5975.554    -6012.456       36.902   292.8
2.4295        -5975.559    -6012.517       36.958   293.3
2.4300        -5975.487    -6012.575       37.088   294.3
2.4305        -5975.470    -6012.631       37.161   294.9
2.4310        -5975.508    -6012.683       37.176   295.0
2.4315        -5975.501    -6012.731       37.230   295.4
2.4320        -5975.607    -6012.774       37.166   294.9
2.4325        -5975.710    -6012.813       37.103   294.4
2.4330        -5975.745    -6012.850       37.105   294.4
2.4335        -5975.827    -6012.882       37.055   294.0
2.4340        -5975.795    -6012.909       37.114   294.5
2.4345        -5975.833    -6012.931       37.098   294.4
2.4350        -5975.849    -6012.950       37.100   294.4
2.4355        -5975.899    -6012.964       37.065   294.1
2.4360        -5975.822    -6012.977       37.155   294.8
2.4365        -5975.906    -6012.988       37.082   294.2
2.4370        -5975.940    -6012.995       37.055   294.0
2.4375        -5976.116    -6013.001       36.885   292.7
2.4380        -5976.045    -6013.006       36.960   293.3
2.4385        -5975.990    -6013.008       37.018   293.7
2.4390        -5976.077    -6013.009       36.932   293.0
2.4395        -5976.127    -6013.008       36.881   292.6
2.4400        -5976.185    -6013.006       36.821   292.2
2.4405        -5976.234    -6013.003       36.769   291.8
2.4410        -5976.220    -6013.001       36.781   291.8
2.4415        -5976.125    -6012.998       36.872   292.6
2.4420        -5976.044    -6012.996       36.951   293.2
2.4425        -5976.062    -6012.996       36.934   293.1
2.4430        -5976.147    -6012.997       36.851   292.4
2.4435        -5976.174    -6012.999       36.824   292.2
2.4440        -5976.167    -6013.000       36.833   292.3
2.4445        -5976.189    -6013.005       36.816   292.1
2.4450        -5976.193    -6013.015       36.822   292.2
2.4455        -5976.200    -6013.028       36.828   292.2
2.4460        -5976.271    -6013.044       36.773   291.8
2.4465        -5976.203    -6013.062       36.859   292.5
2.4470        -5976.160    -6013.083       36.923   293.0
2.4475        -5976.227    -6013.107       36.880   292.6
2.4480        -5976.317    -6013.134       36.817   292.1
2.4485        -5976.330    -6013.162       36.832   292.3
2.4490        -5976.291    -6013.191       36.900   292.8
2.4495        -5976.302    -6013.221       36.919   292.9
2.4500        -5976.351    -6013.251       36.900   292.8
2.4505        -5976.239    -6013.281       37.042   293.9
2.4510        -5976.251    -6013.310       37.058   294.0
2.4515        -5976.327    -6013.339       37.012   293.7
2.4520        -5976.259    -6013.367       37.108   294.4
2.4525        -5976.249    -6013.395       37.146   294.7
2.4530        -5976.326    -6013.423       37.097   294.4
2.4535        -5976.345    -6013.450       37.105   294.4
2.4540        -5976.425    -6013.476       37.050   294.0
2.4545        -5976.439    -6013.499       37.060   294.1
2.4550        -5976.473    -6013.518       37.046   293.9
2.4555        -5976.430    -6013.535       37.106   294.4
2.4560        -5976.458    -6013.551       37.093   294.3
2.4565        -5976.471    -6013.563       37.092   294.3
2.4570        -5976.346    -6013.572       37.226   295.4
2.4575        -5976.290    -6013.579       37.289   295.9
2.4580        -5976.250    -6013.583       37.333   296.2
2.4585        -5976.142    -6013.583       37.440   297.1
2.4590        -5976.171    -6013.577       37.406   296.8
2.4595        -5976.080    -6013.569       37.489   297.5
2.4600        -5976.030    -6013.559       37.529   297.8
2.4605        -5976.051    -6013.546       37.495   297.5
2.4610        -5975.984    -6013.529       37.545   297.9
2.4615        -5975.912    -6013.507       37.595   298.3
2.4620        -5975.929    -6013.481       37.552   298.0
2.4625        -5975.975    -6013.451       37.476   297.4
2.4630        -5975.971    -6013.417       37.446   297.1
2.4635        -5975.945    -6013.379       37.434   297.0
2.4640        -5975.954    -6013.335       37.382   296.6
2.4645        -5975.996    -6013.289       37.293   295.9
2.4650        -5975.873    -6013.239       37.367   296.5
2.4655        -5975.864    -6013.187       37.323   296.1
2.4660        -5975.733    -6013.133       37.399   296.8
2.4665        -5975.790    -6013.077       37.287   295.9
2.4670        -5975.716    -6013.018       37.302   296.0
2.4675        -5975.834    -6012.956       37.122   294.6
2.4680        -5975.844    -6012.890       37.046   293.9
2.4685        -5975.904    -6012.824       36.919   292.9
2.4690        -5975.849    -6012.756       36.906   292.8
2.4695        -5975.880    -6012.686       36.806   292.0
2.4700        -5975.981    -6012.614       36.633   290.7
2.4705        -5975.992    -6012.539       36.547   290.0
2.4710        -5975.939    -6012.464       36.525   289.8
2.4715        -5975.969    -6012.389       36.420   289.0
2.4720        -5975.951    -6012.314       36.363   288.5
2.4725        -5976.015    -6012.241       36.226   287.4
2.4730        -5976.007    -6012.167       36.161   286.9
2.4735        -5975.986    -6012.095       36.110   286.5
2.4740        -5975.855    -6012.027       36.172   287.0
2.4745        -5975.834    -6011.960       36.125   286.6
2.4750        -5975.772    -6011.892       36.120   286.6
2.4755        -5975.738    -6011.826       36.088   286.3
2.4760        -5975.786    -6011.760       35.973   285.4
2.4765        -5975.920    -6011.696       35.776   283.9
2.4770        -5975.982    -6011.634       35.652   282.9
2.4775        -5976.127    -6011.576       35.449   281.3
2.4780        -5976.142    -6011.523       35.380   280.7
2.4785        -5976.100    -6011.473       35.373   280.7
2.4790        -5976.067    -6011.429       35.362   280.6
2.4795        -5976.056    -6011.388       35.331   280.3
2.4800        -5976.055    -6011.352       35.296   280.1
2.4805        -5976.042    -6011.323       35.281   279.9
2.4810        -5976.005    -6011.297       35.292   280.0
2.4815        -5975.996    -6011.276       35.280   279.9
2.4820        -5975.932    -6011.262       35.330   280.3
2.4825        -5975.899    -6011.254       35.355   280.5
2.4830        -5975.924    -6011.253       35.329   280.3
2.4835        -5975.854    -6011.257       35.404   280.9
2.4840        -5975.848    -6011.266       35.418   281.0
2.4845        -5975.826    -6011.281       35.455   281.3
2.4850        -5975.822    -6011.302       35.480   281.5
2.4855        -5975.820    -6011.330       35.510   281.8
2.4860        -5975.838    -6011.362       35.524   281.9
2.4865        -5975.842    -6011.401       35.560   282.2
2.4870        -5975.772    -6011.443       35.671   283.0
2.4875        -5975.834    -6011.486       35.653   282.9
2.4880        -5975.857    -6011.530       35.673   283.1
2.4885        -5975.881    -6011.576       35.695   283.2
2.4890        -5975.833    -6011.621       35.787   284.0
2.4895        -5975.782    -6011.665       35.884   284.7
2.4900        -5975.871    -6011.712       35.841   284.4
2.4905        -5975.920    -6011.761       35.841   284.4
2.4910        -5975.841    -6011.809       35.968   285.4
2.4915        -5975.854    -6011.857       36.003   285.7
2.4920        -5975.792    -6011.903       36.111   286.5
2.4925        -5975.788    -6011.948       36.161   286.9
2.4930        -5975.855    -6011.991       36.136   286.7
2.4935        -5975.941    -6012.032       36.092   286.4
2.4940        -5975.910    -6012.071       36.160   286.9
2.4945        -5975.820    -6012.106       36.286   287.9
2.4950        -5975.761    -6012.139       36.378   288.6
2.4955        -5975.689    -6012.167       36.478   289.4
2.4960        -5975.663    -6012.192       36.529   289.8
2.4965        -5975.717    -6012.213       36.497   289.6
2.4970        -5975.631    -6012.232       36.600   290.4
2.4975        -5975.726    -6012.247       36.521   289.8
2.4980        -5975.733    -6012.259       36.526   289.8
2.4985        -5975.682    -6012.269       36.587   290.3
2.4990        -5975.678    -6012.276       36.598   290.4
2.4995        -5975.758    -6012.281       36.523   289.8
2.5000        -5975.728    -6012.283       36.555   290.1
2.5005        -5975.815    -6012.280       36.465   289.3
2.5010        -5975.796    -6012.272       36.476   289.4
2.5015        -5975.804    -6012.261       36.457   289.3
2.5020        -5975.867    -6012.246       36.380   288.7
2.5025        -5975.832    -6012.229       36.397   288.8
2.5030        -5975.888    -6012.207       36.319   288.2
2.5035        -5975.835    -6012.180       36.345   288.4
2.5040        -5975.782    -6012.150       36.367   288.6
2.5045        -5975.906    -6012.117       36.211   287.3
2.5050        -5975.898    -6012.083       36.185   287.1
2.5055        -5975.846    -6012.050       36.205   287.3
2.5060        -5975.899    -6012.015       36.116   286.6
2.5065        -5975.883    -6011.976       36.094   286.4
2.5070        -5975.931    -6011.937       36.006   285.7
2.5075        -5975.928    -6011.899       35.971   285.4
2.5080        -5975.873    -6011.864       35.991   285.6
2.5085        -5975.888    -6011.831       35.943   285.2
2.5090        -5975.849    -6011.798       35.949   285.2
2.5095        -5975.908    -6011.767       35.858   284.5
2.5100        -5975.878    -6011.738       35.859   284.5
2.5105        -5975.849    -6011.715       35.865   284.6
2.5110        -5975.793    -6011.693       35.900   284.9
2.5115        -5975.761    -6011.673       35.912   285.0
2.5120        -5975.671    -6011.654       35.983   285.5
2.5125        -5975.736    -6011.639       35.903   284.9
2.5130        -5975.716    -6011.629       35.913   285.0
2.5135        -5975.758    -6011.622       35.864   284.6
2.5140        -5975.753    -6011.619       35.866   284.6
2.5145        -5975.730    -6011.620       35.890   284.8
2.5150        -5975.741    -6011.626       35.885   284.7
2.5155        -5975.667    -6011.636       35.970   285.4
2.5160        -5975.719    -6011.651       35.932   285.1
2.5165        -5975.735    -6011.673       35.938   285.2
2.5170        -5975.770    -6011.699       35.929   285.1
2.5175        -5975.772    -6011.731       35.959   285.3
2.5180        -5975.779    -6011.770       35.991   285.6
2.5185        -5975.802    -6011.813       36.011   285.7
2.5190        -5975.780    -6011.859       36.079   286.3
2.5195        -5975.714    -6011.906       36.192   287.2
2.5200        -5975.757    -6011.956       36.199   287.2
2.5205        -5975.741    -6012.006       36.265   287.8
2.5210        -5975.726    -6012.057       36.331   288.3
2.5215        -5975.740    -6012.109       36.369   288.6
2.5220        -5975.729    -6012.163       36.434   289.1
2.5225        -5975.826    -6012.218       36.391   288.8
2.5230        -5975.884    -6012.275       36.391   288.8
2.5235        -5975.895    -6012.332       36.436   289.1
2.5240        -5975.884    -6012.387       36.503   289.6
2.5245        -5975.886    -6012.442       36.555   290.1
2.5250        -5975.926    -6012.496       36.570   290.2
2.5255        -5975.936    -6012.546       36.610   290.5
2.5260        -5976.025    -6012.594       36.569   290.2
2.5265        -5975.879    -6012.638       36.759   291.7
2.5270        -5975.869    -6012.679       36.810   292.1
2.5275        -5975.923    -6012.717       36.795   292.0
2.5280        -5975.905    -6012.754       36.849   292.4
2.5285        -5975.850    -6012.787       36.937   293.1
2.5290        -5975.775    -6012.813       37.038   293.9
2.5295        -5975.765    -6012.836       37.072   294.2
2.5300        -5975.796    -6012.857       37.061   294.1
2.5305        -5975.874    -6012.878       37.005   293.6
2.5310        -5975.955    -6012.899       36.944   293.1
2.5315        -5975.904    -6012.916       37.012   293.7
2.5320        -5975.970    -6012.928       36.958   293.3
2.5325        -5976.020    -6012.936       36.916   292.9
2.5330        -5975.984    -6012.938       36.955   293.2
2.5335        -5976.028    -6012.936       36.908   292.9
2.5340        -5975.937    -6012.929       36.992   293.5
2.5345        -5976.021    -6012.918       36.897   292.8
2.5350        -5976.026    -6012.902       36.876   292.6
2.5355        -5976.037    -6012.883       36.846   292.4
2.5360        -5975.963    -6012.863       36.900   292.8
2.5365        -5976.055    -6012.841       36.787   291.9
2.5370        -5976.053    -6012.816       36.763   291.7
2.5375        -5976.060    -6012.787       36.727   291.4
2.5380        -5976.021    -6012.758       36.737   291.5
2.5385        -5975.978    -6012.727       36.749   291.6
2.5390        -5975.993    -6012.697       36.704   291.2
2.5395        -5975.994    -6012.668       36.674   291.0
2.5400        -5976.036    -6012.642       36.607   290.5
2.5405        -5975.997    -6012.617       36.620   290.6
2.5410        -5975.964    -6012.592       36.628   290.6
2.5415        -5976.011    -6012.567       36.556   290.1
2.5420        -5975.989    -6012.544       36.555   290.1
2.5425        -5975.911    -6012.524       36.613   290.5
2.5430        -5975.899    -6012.506       36.607   290.5
2.5435        -5976.067    -6012.487       36.420   289.0
2.5440        -5976.104    -6012.472       36.368   288.6
2.5445        -5976.187    -6012.458       36.271   287.8
2.5450        -5976.243    -6012.448       36.205   287.3
2.5455        -5976.091    -6012.440       36.349   288.4
2.5460        -5975.937    -6012.434       36.497   289.6
2.5465        -5975.914    -6012.428       36.514   289.7
2.5470        -5975.845    -6012.427       36.582   290.3
2.5475        -5975.777    -6012.427       36.650   290.8
2.5480        -5975.867    -6012.428       36.561   290.1
2.5485        -5975.879    -6012.429       36.551   290.0
2.5490        -5975.914    -6012.433       36.520   289.8
2.5495        -5975.900    -6012.438       36.538   289.9
2.5500        -5975.885    -6012.442       36.557   290.1
2.5505        -5975.901    -6012.446       36.545   290.0
2.5510        -5975.913    -6012.449       36.536   289.9
2.5515        -5975.956    -6012.451       36.494   289.6
2.5520        -5975.978    -6012.451       36.473   289.4
2.5525        -5976.061    -6012.452       36.391   288.7
2.5530        -5976.025    -6012.452       36.427   289.0
2.5535        -5976.041    -6012.450       36.409   288.9
2.5540        -5976.046    -6012.445       36.400   288.8
2.5545        -5976.063    -6012.440       36.377   288.6
2.5550        -5976.185    -6012.436       36.251   287.6
2.5555        -5976.113    -6012.431       36.318   288.2
2.5560        -5976.068    -6012.426       36.358   288.5
2.5565        -5976.157    -6012.421       36.263   287.7
2.5570        -5976.235    -6012.415       36.180   287.1
2.5575        -5976.220    -6012.408       36.189   287.1
2.5580        -5976.252    -6012.402       36.150   286.8
2.5585        -5976.161    -6012.394       36.234   287.5
2.5590        -5976.228    -6012.384       36.156   286.9
2.5595        -5976.099    -6012.371       36.272   287.8
2.5600        -5976.002    -6012.358       36.357   288.5
2.5605        -5975.948    -6012.345       36.397   288.8
2.5610        -5975.934    -6012.333       36.398   288.8
2.5615        -5975.899    -6012.319       36.420   289.0
2.5620        -5975.900    -6012.305       36.404   288.9
2.5625        -5975.888    -6012.289       36.401   288.8
2.5630        -5975.861    -6012.272       36.411   288.9
2.5635        -5975.802    -6012.253       36.452   289.2
2.5640        -5975.729    -6012.236       36.507   289.7
2.5645        -5975.792    -6012.220       36.428   289.0
2.5650        -5975.833    -6012.205       36.372   288.6
2.5655        -5975.841    -6012.190       36.349   288.4
2.5660        -5975.935    -6012.175       36.239   287.5
2.5665        -5975.973    -6012.161       36.188   287.1
2.5670        -5975.849    -6012.151       36.302   288.0
2.5675        -5975.846    -6012.143       36.297   288.0
2.5680        -5975.767    -6012.138       36.370   288.6
2.5685        -5975.810    -6012.132       36.322   288.2
2.5690        -5975.834    -6012.129       36.296   288.0
2.5695        -5975.809    -6012.128       36.319   288.2
2.5700        -5975.830    -6012.129       36.299   288.0
2.5705        -5975.861    -6012.128       36.268   287.8
2.5710        -5975.965    -6012.126       36.161   286.9
2.5715        -5975.898    -6012.125       36.227   287.5
2.5720        -5975.966    -6012.125       36.160   286.9
2.5725        -5975.878    -6012.125       36.247   287.6
2.5730        -5975.785    -6012.127       36.342   288.4
2.5735        -5975.821    -6012.134       36.313   288.1
2.5740        -5975.778    -6012.145       36.367   288.6
2.5745        -5975.736    -6012.158       36.422   289.0
2.5750        -5975.693    -6012.172       36.479   289.4
2.5755        -5975.578    -6012.186       36.607   290.5
2.5760        -5975.595    -6012.201       36.606   290.5
2.5765        -5975.553    -6012.217       36.664   290.9
2.5770        -5975.432    -6012.233       36.801   292.0
2.5775        -5975.445    -6012.249       36.804   292.0
2.5780        -5975.472    -6012.266       36.793   291.9
2.5785        -5975.490    -6012.280       36.790   291.9
2.5790        -5975.551    -6012.295       36.744   291.6
2.5795        -5975.629    -6012.310       36.680   291.0
2.5800        -5975.583    -6012.323       36.741   291.5
2.5805        -5975.560    -6012.334       36.775   291.8
2.5810        -5975.549    -6012.342       36.793   291.9
2.5815        -5975.563    -6012.348       36.785   291.9
2.5820        -5975.504    -6012.352       36.848   292.4
2.5825        -5975.574    -6012.356       36.782   291.9
2.5830        -5975.513    -6012.359       36.846   292.4
2.5835        -5975.426    -6012.358       36.931   293.0
2.5840        -5975.542    -6012.354       36.813   292.1
2.5845        -5975.509    -6012.349       36.840   292.3
2.5850        -5975.466    -6012.342       36.876   292.6
2.5855        -5975.577    -6012.332       36.754   291.6
2.5860        -5975.638    -6012.319       36.681   291.1
2.5865        -5975.646    -6012.305       36.659   290.9
2.5870        -5975.633    -6012.289       36.656   290.9
2.5875        -5975.549    -6012.272       36.722   291.4
2.5880        -5975.556    -6012.251       36.695   291.2
2.5885        -5975.585    -6012.229       36.643   290.8
2.5890        -5975.553    -6012.204       36.650   290.8
2.5895        -5975.457    -6012.178       36.721   291.4
2.5900        -5975.413    -6012.150       36.738   291.5
2.5905        -5975.361    -6012.119       36.758   291.7
2.5910        -5975.407    -6012.085       36.678   291.0
2.5915        -5975.393    -6012.048       36.655   290.8
2.5920        -5975.474    -6012.011       36.537   289.9
2.5925        -5975.408    -6011.974       36.566   290.1
2.5930        -5975.370    -6011.938       36.568   290.2
2.5935        -5975.402    -6011.901       36.499   289.6
2.5940        -5975.373    -6011.864       36.491   289.5
2.5945        -5975.335    -6011.827       36.492   289.6
2.5950        -5975.426    -6011.793       36.367   288.6
2.5955        -5975.389    -6011.762       36.373   288.6
2.5960        -5975.389    -6011.733       36.344   288.4
2.5965        -5975.373    -6011.707       36.334   288.3
2.5970        -5975.350    -6011.683       36.332   288.3
2.5975        -5975.276    -6011.662       36.385   288.7
2.5980        -5975.335    -6011.640       36.305   288.1
2.5985        -5975.311    -6011.619       36.308   288.1
2.5990        -5975.380    -6011.603       36.223   287.4
2.5995        -5975.430    -6011.588       36.158   286.9
2.6000        -5975.515    -6011.574       36.058   286.1
2.6005        -5975.505    -6011.563       36.058   286.1
2.6010        -5975.448    -6011.556       36.108   286.5
2.6015        -5975.404    -6011.550       36.147   286.8
2.6020        -5975.416    -6011.546       36.130   286.7
2.6025        -5975.402    -6011.543       36.141   286.8
2.6030        -5975.360    -6011.539       36.180   287.1
2.6035        -5975.351    -6011.538       36.188   287.1
2.6040        -5975.259    -6011.539       36.280   287.9
2.6045        -5975.181    -6011.542       36.362   288.5
2.6050        -5975.096    -6011.547       36.451   289.2
2.6055        -5975.164    -6011.554       36.390   288.7
2.6060        -5975.141    -6011.562       36.421   289.0
2.6065        -5975.121    -6011.574       36.453   289.2
2.6070        -5975.049    -6011.589       36.540   289.9
2.6075        -5974.964    -6011.606       36.642   290.7
2.6080        -5974.990    -6011.625       36.635   290.7
2.6085        -5975.049    -6011.646       36.597   290.4
2.6090        -5975.050    -6011.667       36.617   290.5
2.6095        -5975.048    -6011.690       36.642   290.7
2.6100        -5975.078    -6011.714       36.636   290.7
2.6105        -5975.102    -6011.738       36.636   290.7
2.6110        -5975.083    -6011.763       36.680   291.0
2.6115        -5975.081    -6011.786       36.705   291.2
2.6120        -5975.048    -6011.811       36.762   291.7
2.6125        -5974.978    -6011.836       36.858   292.5
2.6130        -5975.011    -6011.863       36.853   292.4
2.6135        -5974.931    -6011.894       36.963   293.3
2.6140        -5974.922    -6011.927       37.004   293.6
2.6145        -5974.997    -6011.959       36.962   293.3
2.6150        -5974.940    -6011.996       37.056   294.0
2.6155        -5974.885    -6012.037       37.151   294.8
2.6160        -5974.932    -6012.079       37.147   294.7
2.6165        -5974.841    -6012.120       37.279   295.8
2.6170        -5974.795    -6012.159       37.365   296.5
2.6175        -5974.767    -6012.197       37.430   297.0
2.6180        -5974.781    -6012.233       37.452   297.2
2.6185        -5974.765    -6012.267       37.502   297.6
2.6190        -5974.656    -6012.300       37.644   298.7
2.6195        -5974.696    -6012.329       37.633   298.6
2.6200        -5974.715    -6012.356       37.641   298.7
2.6205        -5974.691    -6012.381       37.690   299.1
2.6210        -5974.676    -6012.407       37.730   299.4
2.6215        -5974.825    -6012.429       37.604   298.4
2.6220        -5974.800    -6012.450       37.649   298.7
2.6225        -5974.681    -6012.471       37.790   299.9
2.6230        -5974.630    -6012.491       37.861   300.4
2.6235        -5974.635    -6012.508       37.873   300.5
2.6240        -5974.650    -6012.521       37.871   300.5
2.6245        -5974.675    -6012.532       37.857   300.4
2.6250        -5974.667    -6012.543       37.876   300.5
2.6255        -5974.600    -6012.554       37.954   301.2
2.6260        -5974.775    -6012.564       37.789   299.8
2.6265        -5974.709    -6012.573       37.864   300.4
2.6270        -5974.682    -6012.581       37.898   300.7
2.6275        -5974.693    -6012.585       37.892   300.7
2.6280        -5974.748    -6012.588       37.839   300.2
2.6285        -5974.709    -6012.589       37.880   300.6
2.6290        -5974.789    -6012.587       37.799   299.9
2.6295        -5974.849    -6012.586       37.737   299.4
2.6300        -5974.876    -6012.584       37.708   299.2
2.6305        -5974.806    -6012.579       37.773   299.7
2.6310        -5974.786    -6012.572       37.786   299.8
2.6315        -5974.835    -6012.562       37.728   299.4
2.6320        -5974.788    -6012.550       37.762   299.6
2.6325        -5974.791    -6012.536       37.745   299.5
2.6330        -5974.762    -6012.520       37.758   299.6
2.6335        -5974.665    -6012.505       37.839   300.2
2.6340        -5974.706    -6012.488       37.781   299.8
2.6345        -5974.674    -6012.468       37.794   299.9
2.6350        -5974.712    -6012.446       37.734   299.4
2.6355        -5974.630    -6012.423       37.793   299.9
2.6360        -5974.622    -6012.397       37.775   299.7
2.6365        -5974.492    -6012.368       37.876   300.5
2.6370        -5974.551    -6012.336       37.784   299.8
2.6375        -5974.427    -6012.301       37.874   300.5
2.6380        -5974.302    -6012.265       37.963   301.2
2.6385        -5974.268    -6012.227       37.959   301.2
2.6390        -5974.185    -6012.185       38.000   301.5
2.6395        -5974.053    -6012.140       38.086   302.2
2.6400        -5974.135    -6012.089       37.954   301.2
2.6405        -5974.102    -6012.036       37.934   301.0
2.6410        -5974.018    -6011.978       37.961   301.2
2.6415        -5974.264    -6011.919       37.655   298.8
2.6420        -5974.207    -6011.858       37.651   298.7
2.6425        -5974.286    -6011.794       37.508   297.6
2.6430        -5974.252    -6011.730       37.477   297.4
2.6435        -5974.263    -6011.662       37.399   296.7
2.6440        -5974.361    -6011.592       37.231   295.4
2.6445        -5974.385    -6011.526       37.141   294.7
2.6450        -5974.391    -6011.459       37.068   294.1
2.6455        -5974.375    -6011.393       37.018   293.7
2.6460        -5974.439    -6011.327       36.889   292.7
2.6465        -5974.332    -6011.262       36.929   293.0
2.6470        -5974.326    -6011.195       36.869   292.5
2.6475        -5974.279    -6011.129       36.850   292.4
2.6480        -5974.195    -6011.063       36.868   292.5
2.6485        -5974.123    -6011.000       36.878   292.6
2.6490        -5974.175    -6010.940       36.766   291.7
2.6495        -5974.038    -6010.883       36.844   292.3
2.6500        -5973.987    -6010.826       36.839   292.3
2.6505        -5973.927    -6010.773       36.846   292.4
2.6510        -5973.917    -6010.725       36.808   292.1
2.6515        -5973.936    -6010.681       36.745   291.6
2.6520        -5973.886    -6010.642       36.756   291.6
2.6525        -5973.912    -6010.605       36.693   291.2
2.6530        -5973.834    -6010.574       36.740   291.5
2.6535        -5973.765    -6010.551       36.786   291.9
2.6540        -5973.652    -6010.536       36.885   292.7
2.6545        -5973.601    -6010.529       36.928   293.0
2.6550        -5973.452    -6010.527       37.074   294.2
2.6555        -5973.600    -6010.533       36.933   293.1
2.6560        -5973.700    -6010.548       36.849   292.4
2.6565        -5973.656    -6010.570       36.914   292.9
2.6570        -5973.744    -6010.598       36.854   292.4
2.6575        -5973.906    -6010.631       36.726   291.4
2.6580        -5973.909    -6010.673       36.763   291.7
2.6585        -5973.844    -6010.721       36.877   292.6
2.6590        -5973.798    -6010.777       36.979   293.4
2.6595        -5973.761    -6010.843       37.082   294.2
2.6600        -5973.866    -6010.915       37.048   294.0
2.6605        -5973.811    -6010.990       37.179   295.0
2.6610        -5973.778    -6011.072       37.293   295.9
2.6615        -5973.826    -6011.159       37.333   296.2
2.6620        -5973.838    -6011.252       37.414   296.9
2.6625        -5973.869    -6011.349       37.479   297.4
2.6630        -5973.821    -6011.444       37.624   298.5
2.6635        -5973.787    -6011.542       37.755   299.6
2.6640        -5973.911    -6011.641       37.730   299.4
2.6645        -5973.897    -6011.742       37.845   300.3
2.6650        -5973.910    -6011.841       37.930   301.0
2.6655        -5973.956    -6011.938       37.982   301.4
2.6660        -5974.027    -6012.034       38.007   301.6
2.6665        -5974.016    -6012.126       38.109   302.4
2.6670        -5973.975    -6012.216       38.241   303.4
2.6675        -5973.971    -6012.301       38.330   304.1
2.6680        -5974.062    -6012.382       38.321   304.1
2.6685        -5974.043    -6012.457       38.414   304.8
2.6690        -5973.898    -6012.530       38.632   306.5
2.6695        -5973.898    -6012.597       38.699   307.1
2.6700        -5973.910    -6012.658       38.748   307.5
2.6705        -5973.925    -6012.713       38.788   307.8
2.6710        -5973.860    -6012.764       38.904   308.7
2.6715        -5973.826    -6012.809       38.984   309.3
2.6720        -5973.804    -6012.846       39.042   309.8
2.6725        -5973.789    -6012.875       39.086   310.1
2.6730        -5973.869    -6012.895       39.027   309.7
2.6735        -5973.787    -6012.907       39.120   310.4
2.6740        -5973.731    -6012.908       39.177   310.9
2.6745        -5973.769    -6012.898       39.129   310.5
2.6750        -5973.696    -6012.877       39.181   310.9
2.6755        -5973.743    -6012.850       39.107   310.3
2.6760        -5973.800    -6012.812       39.012   309.5
2.6765        -5973.775    -6012.764       38.989   309.4
2.6770        -5973.811    -6012.707       38.896   308.6
2.6775        -5973.878    -6012.642       38.764   307.6
2.6780        -5973.912    -6012.567       38.655   306.7
2.6785        -5974.050    -6012.486       38.436   305.0
2.6790        -5974.175    -6012.398       38.224   303.3
2.6795        -5974.121    -6012.301       38.180   302.9
2.6800        -5974.082    -6012.198       38.116   302.4
2.6805        -5974.047    -6012.090       38.043   301.9
2.6810        -5974.132    -6011.977       37.846   300.3
2.6815        -5974.119    -6011.859       37.740   299.5
2.6820        -5974.076    -6011.735       37.659   298.8
2.6825        -5974.038    -6011.606       37.567   298.1
2.6830        -5974.082    -6011.474       37.393   296.7
2.6835        -5974.080    -6011.344       37.264   295.7
2.6840        -5974.190    -6011.215       37.025   293.8
2.6845        -5974.219    -6011.091       36.872   292.6
2.6850        -5974.232    -6010.969       36.738   291.5
2.6855        -5974.313    -6010.855       36.542   289.9
2.6860        -5974.339    -6010.745       36.406   288.9
2.6865        -5974.236    -6010.644       36.407   288.9
2.6870        -5974.208    -6010.549       36.341   288.4
2.6875        -5974.347    -6010.460       36.113   286.5
2.6880        -5974.244    -6010.380       36.135   286.7
2.6885        -5974.194    -6010.307       36.113   286.5
2.6890        -5974.208    -6010.242       36.035   285.9
2.6895        -5974.406    -6010.186       35.780   283.9
2.6900        -5974.408    -6010.140       35.732   283.5
2.6905        -5974.507    -6010.103       35.596   282.4
2.6910        -5974.449    -6010.077       35.627   282.7
2.6915        -5974.504    -6010.060       35.555   282.1
2.6920        -5974.458    -6010.054       35.595   282.4
2.6925        -5974.369    -6010.059       35.690   283.2
2.6930        -5974.483    -6010.074       35.591   282.4
2.6935        -5974.607    -6010.101       35.495   281.6
2.6940        -5974.602    -6010.140       35.538   282.0
2.6945        -5974.679    -6010.186       35.507   281.7
2.6950        -5974.623    -6010.241       35.617   282.6
2.6955        -5974.543    -6010.304       35.761   283.8
2.6960        -5974.552    -6010.371       35.820   284.2
2.6965        -5974.536    -6010.446       35.910   284.9
2.6970        -5974.435    -6010.524       36.089   286.4
2.6975        -5974.324    -6010.608       36.283   287.9
2.6980        -5974.412    -6010.693       36.281   287.9
2.6985        -5974.576    -6010.782       36.206   287.3
2.6990        -5974.573    -6010.871       36.298   288.0
2.6995        -5974.593    -6010.960       36.367   288.6
2.7000        -5974.655    -6011.048       36.394   288.8
2.7005        -5974.593    -6011.137       36.544   290.0
2.7010        -5974.604    -6011.225       36.620   290.6
2.7015        -5974.577    -6011.309       36.732   291.5
2.7020        -5974.591    -6011.392       36.800   292.0
2.7025        -5974.520    -6011.469       36.949   293.2
2.7030        -5974.510    -6011.541       37.031   293.8
2.7035        -5974.470    -6011.609       37.139   294.7
2.7040        -5974.442    -6011.672       37.229   295.4
2.7045        -5974.333    -6011.730       37.397   296.7
2.7050        -5974.395    -6011.781       37.387   296.7
2.7055        -5974.440    -6011.827       37.387   296.7
2.7060        -5974.291    -6011.865       37.575   298.1
2.7065        -5974.287    -6011.895       37.608   298.4
2.7070        -5974.214    -6011.917       37.703   299.2
2.7075        -5974.268    -6011.929       37.661   298.8
2.7080        -5974.241    -6011.931       37.690   299.1
2.7085        -5974.320    -6011.927       37.607   298.4
2.7090        -5974.384    -6011.917       37.533   297.8
2.7095        -5974.324    -6011.901       37.577   298.2
2.7100        -5974.246    -6011.880       37.634   298.6
2.7105        -5974.193    -6011.852       37.659   298.8
2.7110        -5974.206    -6011.819       37.612   298.4
2.7115        -5974.160    -6011.784       37.624   298.5
2.7120        -5974.150    -6011.745       37.595   298.3
2.7125        -5974.158    -6011.702       37.544   297.9
2.7130        -5974.105    -6011.654       37.549   297.9
2.7135        -5974.174    -6011.604       37.430   297.0
2.7140        -5974.085    -6011.550       37.465   297.3
2.7145        -5974.165    -6011.491       37.327   296.2
2.7150        -5974.139    -6011.434       37.295   295.9
2.7155        -5974.084    -6011.377       37.294   295.9
2.7160        -5974.020    -6011.322       37.302   296.0
2.7165        -5974.049    -6011.270       37.221   295.3
2.7170        -5974.189    -6011.216       37.027   293.8
2.7175        -5974.257    -6011.162       36.905   292.8
2.7180        -5974.289    -6011.108       36.820   292.2
2.7185        -5974.313    -6011.054       36.741   291.5
2.7190        -5974.395    -6011.003       36.608   290.5
2.7195        -5974.412    -6010.953       36.542   289.9
2.7200        -5974.482    -6010.905       36.423   289.0
2.7205        -5974.511    -6010.862       36.351   288.4
2.7210        -5974.553    -6010.822       36.269   287.8
2.7215        -5974.605    -6010.787       36.181   287.1
2.7220        -5974.650    -6010.754       36.104   286.5
2.7225        -5974.620    -6010.724       36.105   286.5
2.7230        -5974.697    -6010.699       36.002   285.7
2.7235        -5974.653    -6010.676       36.023   285.8
2.7240        -5974.731    -6010.656       35.924   285.0
2.7245        -5974.731    -6010.640       35.909   284.9
2.7250        -5974.806    -6010.627       35.821   284.2
2.7255        -5974.763    -6010.620       35.857   284.5
2.7260        -5974.812    -6010.617       35.806   284.1
2.7265        -5974.807    -6010.620       35.812   284.2
2.7270        -5974.959    -6010.626       35.666   283.0
2.7275        -5974.950    -6010.636       35.685   283.2
2.7280        -5974.971    -6010.651       35.680   283.1
2.7285        -5974.829    -6010.671       35.842   284.4
2.7290        -5974.810    -6010.693       35.884   284.7
2.7295        -5974.853    -6010.720       35.867   284.6
2.7300        -5974.860    -6010.749       35.889   284.8
2.7305        -5974.890    -6010.779       35.890   284.8
2.7310        -5974.840    -6010.813       35.973   285.4
2.7315        -5974.739    -6010.851       36.113   286.5
2.7320        -5974.800    -6010.895       36.095   286.4
2.7325        -5974.828    -6010.940       36.112   286.5
2.7330        -5974.837    -6010.987       36.150   286.8
2.7335        -5974.761    -6011.039       36.278   287.9
2.7340        -5974.822    -6011.093       36.271   287.8
2.7345        -5974.899    -6011.149       36.250   287.6
2.7350        -5974.726    -6011.207       36.481   289.5
2.7355        -5974.753    -6011.264       36.511   289.7
2.7360        -5974.708    -6011.322       36.614   290.5
2.7365        -5974.793    -6011.382       36.589   290.3
2.7370        -5974.756    -6011.445       36.689   291.1
2.7375        -5974.694    -6011.508       36.814   292.1
2.7380        -5974.675    -6011.572       36.897   292.8
2.7385        -5974.694    -6011.636       36.942   293.1
2.7390        -5974.586    -6011.699       37.113   294.5
2.7395        -5974.612    -6011.762       37.150   294.8
2.7400        -5974.657    -6011.825       37.168   294.9
2.7405        -5974.685    -6011.889       37.204   295.2
2.7410        -5974.609    -6011.954       37.346   296.3
2.7415        -5974.572    -6012.018       37.446   297.1
2.7420        -5974.558    -6012.081       37.523   297.7
2.7425        -5974.543    -6012.143       37.600   298.3
2.7430        -5974.516    -6012.203       37.687   299.0
2.7435        -5974.418    -6012.262       37.845   300.3
2.7440        -5974.421    -6012.319       37.898   300.7
2.7445        -5974.487    -6012.371       37.885   300.6
2.7450        -5974.409    -6012.420       38.010   301.6
2.7455        -5974.318    -6012.466       38.148   302.7
2.7460        -5974.224    -6012.507       38.283   303.8
2.7465        -5974.163    -6012.542       38.379   304.5
2.7470        -5974.205    -6012.573       38.368   304.4
2.7475        -5974.149    -6012.603       38.454   305.1
2.7480        -5974.121    -6012.628       38.507   305.5
2.7485        -5974.112    -6012.649       38.537   305.8
2.7490        -5974.007    -6012.664       38.657   306.7
2.7495        -5974.035    -6012.673       38.639   306.6
2.7500        -5973.988    -6012.676       38.688   307.0
2.7505        -5973.915    -6012.674       38.759   307.5
2.7510        -5974.034    -6012.668       38.634   306.6
2.7515        -5974.187    -6012.659       38.472   305.3
2.7520        -5974.114    -6012.648       38.534   305.8
2.7525        -5974.134    -6012.633       38.500   305.5
2.7530        -5974.087    -6012.615       38.529   305.7
2.7535        -5973.975    -6012.592       38.617   306.4
2.7540        -5973.957    -6012.568       38.610   306.4
2.7545        -5973.940    -6012.542       38.602   306.3
2.7550        -5973.931    -6012.515       38.584   306.2
2.7555        -5973.937    -6012.486       38.549   305.9
2.7560        -5973.899    -6012.454       38.555   305.9
2.7565        -5973.952    -6012.422       38.470   305.2
2.7570        -5973.972    -6012.388       38.416   304.8
2.7575        -5973.898    -6012.353       38.455   305.1
2.7580        -5973.920    -6012.315       38.395   304.7
2.7585        -5973.923    -6012.275       38.353   304.3
2.7590        -5973.913    -6012.234       38.321   304.1
2.7595        -5973.929    -6012.191       38.262   303.6
2.7600        -5973.984    -6012.148       38.164   302.8
2.7605        -5974.161    -6012.104       37.943   301.1
2.7610        -5974.126    -6012.061       37.936   301.0
2.7615        -5974.134    -6012.018       37.885   300.6
2.7620        -5974.112    -6011.977       37.865   300.4
2.7625        -5974.101    -6011.937       37.837   300.2
2.7630        -5974.056    -6011.899       37.842   300.3
2.7635        -5974.094    -6011.857       37.763   299.6
2.7640        -5974.063    -6011.816       37.753   299.6
2.7645        -5973.994    -6011.776       37.782   299.8
2.7650        -5973.947    -6011.740       37.793   299.9
2.7655        -5973.919    -6011.707       37.788   299.8
2.7660        -5973.973    -6011.674       37.700   299.1
2.7665        -5973.890    -6011.641       37.751   299.5
2.7670        -5973.908    -6011.610       37.702   299.2
2.7675        -5973.928    -6011.580       37.652   298.8
2.7680        -5973.979    -6011.553       37.574   298.1
2.7685        -5974.065    -6011.527       37.462   297.3
2.7690        -5973.997    -6011.503       37.506   297.6
2.7695        -5974.004    -6011.477       37.473   297.3
2.7700        -5974.002    -6011.453       37.451   297.2
2.7705        -5973.951    -6011.433       37.481   297.4
2.7710        -5973.946    -6011.412       37.466   297.3
2.7715        -5973.919    -6011.391       37.472   297.3
2.7720        -5973.943    -6011.369       37.427   297.0
2.7725        -5974.025    -6011.347       37.322   296.1
2.7730        -5974.057    -6011.323       37.266   295.7
2.7735        -5973.904    -6011.299       37.394   296.7
2.7740        -5973.898    -6011.272       37.375   296.6
2.7745        -5973.778    -6011.245       37.467   297.3
2.7750        -5973.701    -6011.218       37.517   297.7
2.7755        -5973.643    -6011.190       37.547   297.9
2.7760        -5973.646    -6011.161       37.515   297.7
2.7765        -5973.651    -6011.131       37.480   297.4
2.7770        -5973.647    -6011.100       37.453   297.2
2.7775        -5973.724    -6011.069       37.345   296.3
2.7780        -5973.735    -6011.038       37.304   296.0
2.7785        -5973.663    -6011.008       37.345   296.3
2.7790        -5973.701    -6010.976       37.275   295.8
2.7795        -5973.635    -6010.942       37.307   296.0
2.7800        -5973.708    -6010.907       37.199   295.2
2.7805        -5973.628    -6010.873       37.245   295.5
2.7810        -5973.691    -6010.841       37.151   294.8
2.7815        -5973.705    -6010.814       37.109   294.4
2.7820        -5973.659    -6010.790       37.132   294.6
2.7825        -5973.639    -6010.773       37.134   294.6
2.7830        -5973.665    -6010.758       37.093   294.3
2.7835        -5973.624    -6010.746       37.123   294.6
2.7840        -5973.540    -6010.735       37.196   295.1
2.7845        -5973.564    -6010.726       37.162   294.9
2.7850        -5973.606    -6010.719       37.113   294.5
2.7855        -5973.620    -6010.715       37.095   294.3
2.7860        -5973.708    -6010.715       37.008   293.6
2.7865        -5973.772    -6010.721       36.948   293.2
2.7870        -5973.783    -6010.730       36.947   293.2
2.7875        -5973.731    -6010.745       37.014   293.7
2.7880        -5973.668    -6010.762       37.094   294.3
2.7885        -5973.651    -6010.776       37.125   294.6
2.7890        -5973.571    -6010.789       37.218   295.3
2.7895        -5973.656    -6010.802       37.147   294.7
2.7900        -5973.654    -6010.815       37.161   294.9
2.7905        -5973.668    -6010.828       37.159   294.8
2.7910        -5973.705    -6010.841       37.135   294.7
2.7915        -5973.785    -6010.852       37.068   294.1
2.7920        -5973.814    -6010.864       37.049   294.0
2.7925        -5973.811    -6010.874       37.064   294.1
2.7930        -5973.718    -6010.885       37.166   294.9
2.7935        -5973.725    -6010.894       37.170   294.9
2.7940        -5973.697    -6010.903       37.206   295.2
2.7945        -5973.657    -6010.912       37.255   295.6
2.7950        -5973.704    -6010.922       37.218   295.3
2.7955        -5973.675    -6010.932       37.257   295.6
2.7960        -5973.652    -6010.941       37.289   295.9
2.7965        -5973.648    -6010.952       37.304   296.0
2.7970        -5973.659    -6010.963       37.304   296.0
2.7975        -5973.646    -6010.975       37.329   296.2
2.7980        -5973.597    -6010.987       37.391   296.7
2.7985        -5973.608    -6011.000       37.392   296.7
2.7990        -5973.472    -6011.012       37.539   297.9
2.7995        -5973.383    -6011.024       37.641   298.7
2.8000        -5973.412    -6011.036       37.624   298.5
2.8005        -5973.349    -6011.048       37.699   299.1
2.8010        -5973.254    -6011.060       37.806   300.0
2.8015        -5973.307    -6011.071       37.764   299.6
2.8020        -5973.386    -6011.083       37.696   299.1
2.8025        -5973.454    -6011.096       37.641   298.7
2.8030        -5973.413    -6011.109       37.696   299.1
2.8035        -5973.430    -6011.122       37.692   299.1
2.8040        -5973.560    -6011.136       37.577   298.2
2.8045        -5973.549    -6011.154       37.606   298.4
2.8050        -5973.552    -6011.172       37.620   298.5
2.8055        -5973.594    -6011.191       37.597   298.3
2.8060        -5973.516    -6011.209       37.693   299.1
2.8065        -5973.493    -6011.228       37.735   299.4
2.8070        -5973.489    -6011.250       37.761   299.6
2.8075        -5973.399    -6011.271       37.871   300.5
2.8080        -5973.407    -6011.292       37.885   300.6
2.8085        -5973.307    -6011.315       38.007   301.6
2.8090        -5973.384    -6011.339       37.955   301.2
2.8095        -5973.464    -6011.364       37.900   300.7
2.8100        -5973.453    -6011.392       37.938   301.0
2.8105        -5973.487    -6011.421       37.934   301.0
2.8110        -5973.530    -6011.452       37.922   300.9
2.8115        -5973.567    -6011.485       37.918   300.9
2.8120        -5973.544    -6011.520       37.976   301.3
2.8125        -5973.669    -6011.556       37.887   300.6
2.8130        -5973.607    -6011.593       37.986   301.4
2.8135        -5973.595    -6011.629       38.035   301.8
2.8140        -5973.664    -6011.663       37.999   301.5
2.8145        -5973.627    -6011.698       38.071   302.1
2.8150        -5973.502    -6011.733       38.231   303.4
2.8155        -5973.534    -6011.766       38.232   303.4
2.8160        -5973.617    -6011.798       38.181   303.0
2.8165        -5973.660    -6011.827       38.168   302.8
2.8170        -5973.598    -6011.852       38.255   303.5
2.8175        -5973.793    -6011.875       38.082   302.2
2.8180        -5973.817    -6011.898       38.080   302.2
2.8185        -5973.826    -6011.920       38.094   302.3
2.8190        -5973.931    -6011.939       38.008   301.6
2.8195        -5974.073    -6011.957       37.884   300.6
2.8200        -5973.970    -6011.976       38.006   301.6
2.8205        -5973.999    -6011.995       37.996   301.5
2.8210        -5973.997    -6012.011       38.015   301.6
2.8215        -5973.946    -6012.026       38.080   302.2
2.8220        -5973.993    -6012.039       38.047   301.9
2.8225        -5974.020    -6012.052       38.032   301.8
2.8230        -5974.148    -6012.064       37.916   300.9
2.8235        -5974.122    -6012.073       37.951   301.1
2.8240        -5974.128    -6012.081       37.953   301.1
2.8245        -5974.142    -6012.088       37.946   301.1
2.8250        -5974.042    -6012.091       38.049   301.9
2.8255        -5974.034    -6012.090       38.056   302.0
2.8260        -5974.039    -6012.085       38.046   301.9
2.8265        -5974.034    -6012.077       38.044   301.9
2.8270        -5973.998    -6012.070       38.072   302.1
2.8275        -5973.982    -6012.059       38.077   302.1
2.8280        -5973.974    -6012.047       38.073   302.1
2.8285        -5974.010    -6012.033       38.023   301.7
2.8290        -5973.967    -6012.018       38.051   301.9
2.8295        -5974.004    -6012.002       37.998   301.5
2.8300        -5974.057    -6011.984       37.927   300.9
2.8305        -5974.107    -6011.966       37.859   300.4
2.8310        -5974.137    -6011.946       37.810   300.0
2.8315        -5974.135    -6011.925       37.791   299.9
2.8320        -5974.147    -6011.904       37.758   299.6
2.8325        -5974.123    -6011.883       37.760   299.6
2.8330        -5974.141    -6011.861       37.720   299.3
2.8335        -5974.109    -6011.838       37.729   299.4
2.8340        -5974.258    -6011.814       37.556   298.0
2.8345        -5974.260    -6011.790       37.530   297.8
2.8350        -5974.361    -6011.764       37.403   296.8
2.8355        -5974.376    -6011.735       37.359   296.4
2.8360        -5974.381    -6011.702       37.322   296.1
2.8365        -5974.248    -6011.669       37.420   296.9
2.8370        -5974.220    -6011.634       37.414   296.9
2.8375        -5974.183    -6011.599       37.416   296.9
2.8380        -5974.269    -6011.565       37.295   295.9
2.8385        -5974.331    -6011.528       37.197   295.1
2.8390        -5974.268    -6011.493       37.225   295.4
2.8395        -5974.312    -6011.457       37.144   294.7
2.8400        -5974.248    -6011.421       37.174   295.0
2.8405        -5974.294    -6011.387       37.093   294.3
2.8410        -5974.361    -6011.354       36.993   293.5
2.8415        -5974.282    -6011.323       37.040   293.9
2.8420        -5974.253    -6011.294       37.042   293.9
2.8425        -5974.277    -6011.271       36.994   293.5
2.8430        -5974.333    -6011.251       36.918   292.9
2.8435        -5974.211    -6011.234       37.024   293.8
2.8440        -5974.261    -6011.222       36.961   293.3
2.8445        -5974.286    -6011.210       36.924   293.0
2.8450        -5974.170    -6011.200       37.031   293.8
2.8455        -5974.098    -6011.191       37.092   294.3
2.8460        -5974.167    -6011.182       37.015   293.7
2.8465        -5974.265    -6011.174       36.909   292.9
2.8470        -5974.208    -6011.168       36.960   293.3
2.8475        -5974.215    -6011.165       36.950   293.2
2.8480        -5974.191    -6011.164       36.974   293.4
2.8485        -5974.222    -6011.169       36.947   293.2
2.8490        -5974.180    -6011.176       36.997   293.6
2.8495        -5974.226    -6011.185       36.959   293.3
2.8500        -5974.151    -6011.195       37.044   293.9
2.8505        -5974.106    -6011.205       37.099   294.4
2.8510        -5974.150    -6011.213       37.063   294.1
2.8515        -5974.066    -6011.221       37.155   294.8
2.8520        -5974.175    -6011.232       37.056   294.0
2.8525        -5974.125    -6011.243       37.119   294.5
2.8530        -5974.096    -6011.256       37.159   294.8
2.8535        -5974.142    -6011.270       37.128   294.6
2.8540        -5974.070    -6011.285       37.216   295.3
2.8545        -5974.002    -6011.306       37.304   296.0
2.8550        -5973.922    -6011.328       37.406   296.8
2.8555        -5974.011    -6011.350       37.339   296.3
2.8560        -5974.011    -6011.372       37.361   296.4
2.8565        -5974.043    -6011.396       37.353   296.4
2.8570        -5973.956    -6011.422       37.465   297.3
2.8575        -5973.991    -6011.449       37.458   297.2
2.8580        -5973.992    -6011.477       37.485   297.4
2.8585        -5974.012    -6011.505       37.494   297.5
2.8590        -5974.054    -6011.533       37.479   297.4
2.8595        -5974.074    -6011.564       37.490   297.5
2.8600        -5974.159    -6011.596       37.437   297.1
2.8605        -5974.080    -6011.628       37.549   297.9
2.8610        -5974.055    -6011.658       37.603   298.4
2.8615        -5973.971    -6011.687       37.716   299.3
2.8620        -5974.016    -6011.714       37.698   299.1
2.8625        -5974.049    -6011.739       37.690   299.1
2.8630        -5974.001    -6011.763       37.762   299.6
2.8635        -5974.098    -6011.785       37.687   299.0
2.8640        -5974.092    -6011.805       37.714   299.2
2.8645        -5974.215    -6011.825       37.610   298.4
2.8650        -5974.082    -6011.844       37.762   299.6
2.8655        -5974.068    -6011.860       37.791   299.9
2.8660        -5974.051    -6011.869       37.818   300.1
2.8665        -5974.104    -6011.874       37.770   299.7
2.8670        -5974.183    -6011.876       37.693   299.1
2.8675        -5974.127    -6011.874       37.748   299.5
2.8680        -5974.080    -6011.869       37.789   299.8
2.8685        -5974.114    -6011.859       37.746   299.5
2.8690        -5974.132    -6011.847       37.715   299.3
2.8695        -5974.153    -6011.832       37.679   299.0
2.8700        -5974.191    -6011.814       37.624   298.5
2.8705        -5974.341    -6011.796       37.455   297.2
2.8710        -5974.376    -6011.776       37.400   296.8
2.8715        -5974.388    -6011.754       37.367   296.5
2.8720        -5974.417    -6011.732       37.315   296.1
2.8725        -5974.515    -6011.706       37.191   295.1
2.8730        -5974.349    -6011.681       37.332   296.2
2.8735        -5974.363    -6011.656       37.293   295.9
2.8740        -5974.383    -6011.629       37.247   295.5
2.8745        -5974.380    -6011.602       37.222   295.3
2.8750        -5974.336    -6011.575       37.239   295.5
2.8755        -5974.291    -6011.546       37.255   295.6
2.8760        -5974.275    -6011.517       37.242   295.5
2.8765        -5974.227    -6011.489       37.262   295.7
2.8770        -5974.224    -6011.462       37.237   295.5
2.8775        -5974.310    -6011.438       37.128   294.6
2.8780        -5974.375    -6011.418       37.043   293.9
2.8785        -5974.389    -6011.399       37.010   293.7
2.8790        -5974.453    -6011.385       36.932   293.0
2.8795        -5974.464    -6011.373       36.910   292.9
2.8800        -5974.482    -6011.367       36.885   292.7
2.8805        -5974.460    -6011.367       36.907   292.8
2.8810        -5974.462    -6011.374       36.912   292.9
2.8815        -5974.642    -6011.384       36.743   291.5
2.8820        -5974.655    -6011.398       36.744   291.5
2.8825        -5974.627    -6011.415       36.788   291.9
2.8830        -5974.599    -6011.438       36.839   292.3
2.8835        -5974.609    -6011.467       36.858   292.5
2.8840        -5974.562    -6011.500       36.938   293.1
2.8845        -5974.555    -6011.537       36.982   293.4
2.8850        -5974.571    -6011.578       37.007   293.6
2.8855        -5974.481    -6011.621       37.140   294.7
2.8860        -5974.443    -6011.669       37.226   295.4
2.8865        -5974.509    -6011.719       37.211   295.3
2.8870        -5974.513    -6011.772       37.259   295.6
2.8875        -5974.536    -6011.825       37.289   295.9
2.8880        -5974.476    -6011.878       37.402   296.8
2.8885        -5974.431    -6011.934       37.503   297.6
2.8890        -5974.412    -6011.990       37.579   298.2
2.8895        -5974.360    -6012.046       37.686   299.0
2.8900        -5974.448    -6012.100       37.652   298.8
2.8905        -5974.461    -6012.151       37.690   299.1
2.8910        -5974.492    -6012.200       37.708   299.2
2.8915        -5974.491    -6012.248       37.757   299.6
2.8920        -5974.527    -6012.295       37.768   299.7
2.8925        -5974.503    -6012.340       37.837   300.2
2.8930        -5974.609    -6012.380       37.771   299.7
2.8935        -5974.684    -6012.416       37.731   299.4
2.8940        -5974.594    -6012.446       37.851   300.3
2.8945        -5974.629    -6012.471       37.842   300.3
2.8950        -5974.651    -6012.492       37.841   300.3
2.8955        -5974.520    -6012.509       37.989   301.4
2.8960        -5974.538    -6012.523       37.985   301.4
2.8965        -5974.593    -6012.531       37.938   301.0
2.8970        -5974.534    -6012.536       38.002   301.5
2.8975        -5974.533    -6012.538       38.005   301.6
2.8980        -5974.570    -6012.536       37.967   301.3
2.8985        -5974.567    -6012.532       37.966   301.2
2.8990        -5974.485    -6012.523       38.038   301.8
2.8995        -5974.456    -6012.511       38.055   302.0
2.9000        -5974.480    -6012.493       38.013   301.6
2.9005        -5974.497    -6012.470       37.973   301.3
2.9010        -5974.546    -6012.445       37.899   300.7
2.9015        -5974.513    -6012.416       37.903   300.8
2.9020        -5974.507    -6012.382       37.875   300.5
2.9025        -5974.450    -6012.347       37.897   300.7
2.9030        -5974.350    -6012.312       37.962   301.2
2.9035        -5974.336    -6012.275       37.939   301.0
2.9040        -5974.284    -6012.235       37.951   301.1
2.9045        -5974.315    -6012.194       37.878   300.6
2.9050        -5974.263    -6012.151       37.888   300.6
2.9055        -5974.212    -6012.103       37.892   300.7
2.9060        -5974.039    -6012.053       38.015   301.6
2.9065        -5974.001    -6012.000       37.999   301.5
2.9070        -5973.994    -6011.945       37.950   301.1
2.9075        -5974.009    -6011.888       37.879   300.6
2.9080        -5974.049    -6011.829       37.781   299.8
2.9085        -5973.965    -6011.770       37.805   300.0
2.9090        -5974.021    -6011.710       37.689   299.1
2.9095        -5974.102    -6011.654       37.552   298.0
2.9100        -5974.118    -6011.599       37.481   297.4
2.9105        -5974.065    -6011.543       37.478   297.4
2.9110        -5973.958    -6011.486       37.528   297.8
2.9115        -5974.042    -6011.432       37.390   296.7
2.9120        -5974.172    -6011.379       37.207   295.2
2.9125        -5974.156    -6011.329       37.173   295.0
2.9130        -5974.193    -6011.281       37.088   294.3
2.9135        -5974.234    -6011.237       37.003   293.6
2.9140        -5974.173    -6011.197       37.024   293.8
2.9145        -5974.203    -6011.159       36.956   293.2
2.9150        -5974.262    -6011.125       36.863   292.5
2.9155        -5974.125    -6011.094       36.969   293.3
2.9160        -5974.145    -6011.062       36.918   292.9
2.9165        -5974.290    -6011.034       36.744   291.6
2.9170        -5974.352    -6011.011       36.659   290.9
2.9175        -5974.364    -6010.991       36.626   290.6
2.9180        -5974.427    -6010.975       36.548   290.0
2.9185        -5974.518    -6010.965       36.447   289.2
2.9190        -5974.522    -6010.963       36.441   289.1
2.9195        -5974.527    -6010.967       36.440   289.1
2.9200        -5974.623    -6010.977       36.354   288.5
2.9205        -5974.590    -6010.993       36.403   288.9
2.9210        -5974.621    -6011.015       36.394   288.8
2.9215        -5974.609    -6011.041       36.432   289.1
2.9220        -5974.671    -6011.071       36.400   288.8
2.9225        -5974.636    -6011.107       36.471   289.4
2.9230        -5974.670    -6011.145       36.475   289.4
2.9235        -5974.769    -6011.187       36.418   289.0
2.9240        -5974.674    -6011.234       36.560   290.1
2.9245        -5974.732    -6011.287       36.555   290.1
2.9250        -5974.738    -6011.345       36.607   290.5
2.9255        -5974.801    -6011.407       36.606   290.5
2.9260        -5974.736    -6011.471       36.735   291.5
2.9265        -5974.716    -6011.540       36.824   292.2
2.9270        -5974.703    -6011.615       36.912   292.9
2.9275        -5974.671    -6011.691       37.020   293.7
2.9280        -5974.698    -6011.769       37.072   294.2
2.9285        -5974.627    -6011.849       37.221   295.3
2.9290        -5974.728    -6011.930       37.202   295.2
2.9295        -5974.781    -6012.012       37.231   295.4
2.9300        -5974.829    -6012.093       37.264   295.7
2.9305        -5974.841    -6012.176       37.335   296.2
2.9310        -5975.009    -6012.259       37.250   295.6
2.9315        -5974.888    -6012.342       37.454   297.2
2.9320        -5974.951    -6012.425       37.474   297.3
2.9325        -5974.938    -6012.508       37.570   298.1
2.9330        -5974.841    -6012.590       37.750   299.5
2.9335        -5974.876    -6012.671       37.795   299.9
2.9340        -5974.822    -6012.748       37.927   300.9
2.9345        -5974.963    -6012.820       37.857   300.4
2.9350        -5974.998    -6012.885       37.887   300.6
2.9355        -5974.933    -6012.945       38.013   301.6
2.9360        -5975.024    -6013.002       37.978   301.3
2.9365        -5975.101    -6013.056       37.955   301.2
2.9370        -5975.134    -6013.103       37.969   301.3
2.9375        -5975.122    -6013.146       38.024   301.7
2.9380        -5975.024    -6013.184       38.160   302.8
2.9385        -5975.055    -6013.215       38.160   302.8
2.9390        -5975.048    -6013.240       38.191   303.0
2.9395        -5974.990    -6013.257       38.267   303.6
2.9400        -5974.926    -6013.270       38.343   304.2
2.9405        -5974.866    -6013.276       38.410   304.8
2.9410        -5974.749    -6013.276       38.527   305.7
2.9415        -5974.624    -6013.269       38.644   306.6
2.9420        -5974.585    -6013.255       38.670   306.8
2.9425        -5974.584    -6013.236       38.653   306.7
2.9430        -5974.500    -6013.209       38.709   307.1
2.9435        -5974.546    -6013.175       38.629   306.5
2.9440        -5974.592    -6013.135       38.543   305.8
2.9445        -5974.663    -6013.091       38.428   304.9
2.9450        -5974.562    -6013.041       38.480   305.3
2.9455        -5974.436    -6012.988       38.552   305.9
2.9460        -5974.476    -6012.933       38.457   305.1
2.9465        -5974.629    -6012.875       38.246   303.5
2.9470        -5974.605    -6012.814       38.209   303.2
2.9475        -5974.602    -6012.750       38.148   302.7
2.9480        -5974.620    -6012.685       38.065   302.0
2.9485        -5974.692    -6012.615       37.924   300.9
2.9490        -5974.691    -6012.544       37.853   300.4
2.9495        -5974.691    -6012.472       37.781   299.8
2.9500        -5974.602    -6012.398       37.796   299.9
2.9505        -5974.692    -6012.320       37.628   298.6
2.9510        -5974.739    -6012.239       37.500   297.6
2.9515        -5974.667    -6012.157       37.490   297.5
2.9520        -5974.673    -6012.072       37.399   296.7
2.9525        -5974.536    -6011.989       37.453   297.2
2.9530        -5974.570    -6011.904       37.334   296.2
2.9535        -5974.577    -6011.820       37.243   295.5
2.9540        -5974.426    -6011.738       37.312   296.1
2.9545        -5974.317    -6011.658       37.341   296.3
2.9550        -5974.413    -6011.578       37.165   294.9
2.9555        -5974.464    -6011.499       37.035   293.9
2.9560        -5974.499    -6011.423       36.924   293.0
2.9565        -5974.521    -6011.349       36.828   292.2
2.9570        -5974.587    -6011.279       36.692   291.1
2.9575        -5974.588    -6011.213       36.625   290.6
2.9580        -5974.564    -6011.147       36.583   290.3
2.9585        -5974.584    -6011.084       36.500   289.6
2.9590        -5974.580    -6011.025       36.445   289.2
2.9595        -5974.572    -6010.968       36.397   288.8
2.9600        -5974.464    -6010.914       36.450   289.2
2.9605        -5974.448    -6010.863       36.415   288.9
2.9610        -5974.353    -6010.818       36.465   289.3
2.9615        -5974.411    -6010.777       36.366   288.6
2.9620        -5974.484    -6010.741       36.257   287.7
2.9625        -5974.515    -6010.710       36.195   287.2
2.9630        -5974.520    -6010.682       36.161   286.9
2.9635        -5974.518    -6010.657       36.139   286.8
2.9640        -5974.473    -6010.636       36.163   286.9
2.9645        -5974.313    -6010.618       36.305   288.1
2.9650        -5974.243    -6010.603       36.360   288.5
2.9655        -5974.262    -6010.594       36.333   288.3
2.9660        -5974.163    -6010.588       36.426   289.0
2.9665        -5974.145    -6010.585       36.441   289.1
2.9670        -5974.081    -6010.586       36.504   289.7
2.9675        -5974.089    -6010.591       36.503   289.6
2.9680        -5974.165    -6010.601       36.436   289.1
2.9685        -5974.138    -6010.616       36.478   289.4
2.9690        -5974.038    -6010.632       36.595   290.4
2.9695        -5974.067    -6010.649       36.582   290.3
2.9700        -5974.084    -6010.670       36.586   290.3
2.9705        -5974.115    -6010.696       36.581   290.3
2.9710        -5974.079    -6010.725       36.645   290.8
2.9715        -5974.003    -6010.756       36.753   291.6
2.9720        -5973.991    -6010.795       36.804   292.0
2.9725        -5973.952    -6010.840       36.888   292.7
2.9730        -5973.916    -6010.886       36.969   293.3
2.9735        -5974.027    -6010.930       36.903   292.8
2.9740        -5973.992    -6010.976       36.984   293.5
2.9745        -5974.114    -6011.023       36.909   292.9
2.9750        -5974.190    -6011.072       36.882   292.7
2.9755        -5974.208    -6011.123       36.915   292.9
2.9760        -5974.262    -6011.175       36.913   292.9
2.9765        -5974.372    -6011.229       36.857   292.5
2.9770        -5974.422    -6011.286       36.864   292.5
2.9775        -5974.353    -6011.342       36.988   293.5
2.9780        -5974.361    -6011.397       37.036   293.9
2.9785        -5974.437    -6011.455       37.018   293.7
2.9790        -5974.336    -6011.514       37.177   295.0
2.9795        -5974.275    -6011.574       37.299   296.0
2.9800        -5974.274    -6011.635       37.361   296.4
2.9805        -5974.249    -6011.695       37.446   297.1
2.9810        -5974.285    -6011.754       37.469   297.3
2.9815        -5974.326    -6011.810       37.484   297.4
2.9820        -5974.466    -6011.865       37.399   296.8
2.9825        -5974.387    -6011.920       37.533   297.8
2.9830        -5974.405    -6011.973       37.568   298.1
2.9835        -5974.415    -6012.023       37.608   298.4
2.9840        -5974.338    -6012.071       37.732   299.4
2.9845        -5974.355    -6012.117       37.762   299.6
2.9850        -5974.256    -6012.160       37.905   300.8
2.9855        -5974.228    -6012.200       37.972   301.3
2.9860        -5974.244    -6012.236       37.993   301.5
2.9865        -5974.204    -6012.269       38.065   302.0
2.9870        -5974.129    -6012.300       38.170   302.9
2.9875        -5974.056    -6012.327       38.270   303.7
2.9880        -5974.080    -6012.349       38.268   303.6
2.9885        -5974.226    -6012.365       38.139   302.6
2.9890        -5974.321    -6012.378       38.058   302.0
2.9895        -5974.346    -6012.387       38.042   301.9
2.9900        -5974.369    -6012.392       38.023   301.7
2.9905        -5974.309    -6012.392       38.082   302.2
2.9910        -5974.331    -6012.388       38.057   302.0
2.9915        -5974.369    -6012.380       38.011   301.6
2.9920        -5974.470    -6012.367       37.896   300.7
2.9925        -5974.368    -6012.347       37.979   301.4
2.9930        -5974.414    -6012.322       37.908   300.8
2.9935        -5974.473    -6012.293       37.820   300.1
2.9940        -5974.450    -6012.259       37.809   300.0
2.9945        -5974.509    -6012.221       37.711   299.2
2.9950        -5974.575    -6012.178       37.604   298.4
2.9955        -5974.593    -6012.133       37.540   297.9
2.9960        -5974.585    -6012.084       37.499   297.5
2.9965        -5974.602    -6012.031       37.429   297.0
2.9970        -5974.510    -6011.974       37.464   297.3
2.9975        -5974.562    -6011.911       37.349   296.4
2.9980        -5974.605    -6011.843       37.239   295.5
2.9985        -5974.682    -6011.774       37.091   294.3
2.9990        -5974.719    -6011.703       36.984   293.5
2.9995        -5974.661    -6011.630       36.968   293.3
3.0000        -5974.658    -6011.556       36.899   292.8
3.0005        -5974.518    -6011.481       36.963   293.3
3.0010        -5974.494    -6011.404       36.910   292.9
3.0015        -5974.471    -6011.326       36.855   292.4
3.0020        -5974.495    -6011.248       36.752   291.6
3.0025        -5974.557    -6011.166       36.609   290.5
3.0030        -5974.521    -6011.084       36.564   290.1
3.0035        -5974.536    -6011.003       36.467   289.4
3.0040        -5974.557    -6010.926       36.369   288.6
3.0045        -5974.492    -6010.850       36.358   288.5
3.0050        -5974.506    -6010.779       36.273   287.8
3.0055        -5974.440    -6010.709       36.269   287.8
3.0060        -5974.500    -6010.642       36.142   286.8
3.0065        -5974.586    -6010.578       35.993   285.6
3.0070        -5974.571    -6010.519       35.948   285.2
3.0075        -5974.467    -6010.465       35.998   285.6
3.0080        -5974.438    -6010.415       35.977   285.5
3.0085        -5974.460    -6010.367       35.907   284.9
3.0090        -5974.450    -6010.325       35.874   284.7
3.0095        -5974.481    -6010.288       35.807   284.1
3.0100        -5974.444    -6010.257       35.814   284.2
3.0105        -5974.460    -6010.232       35.772   283.8
3.0110        -5974.484    -6010.211       35.727   283.5
3.0115        -5974.552    -6010.195       35.643   282.8
3.0120        -5974.571    -6010.186       35.615   282.6
3.0125        -5974.567    -6010.184       35.617   282.6
3.0130        -5974.611    -6010.187       35.577   282.3
3.0135        -5974.638    -6010.197       35.559   282.2
3.0140        -5974.506    -6010.212       35.706   283.3
3.0145        -5974.563    -6010.232       35.669   283.0
3.0150        -5974.719    -6010.255       35.536   282.0
3.0155        -5974.729    -6010.279       35.550   282.1
3.0160        -5974.723    -6010.306       35.583   282.3
3.0165        -5974.732    -6010.333       35.602   282.5
3.0170        -5974.630    -6010.361       35.732   283.5
3.0175        -5974.743    -6010.389       35.646   282.8
3.0180        -5974.770    -6010.420       35.650   282.9
3.0185        -5974.813    -6010.456       35.643   282.8
3.0190        -5974.817    -6010.495       35.679   283.1
3.0195        -5974.800    -6010.537       35.737   283.6
3.0200        -5974.812    -6010.579       35.768   283.8
3.0205        -5974.740    -6010.621       35.881   284.7
3.0210        -5974.673    -6010.665       35.992   285.6
3.0215        -5974.664    -6010.707       36.044   286.0
3.0220        -5974.529    -6010.749       36.220   287.4
3.0225        -5974.439    -6010.791       36.352   288.4
3.0230        -5974.438    -6010.831       36.394   288.8
3.0235        -5974.399    -6010.871       36.472   289.4
3.0240        -5974.402    -6010.909       36.507   289.7
3.0245        -5974.447    -6010.946       36.499   289.6
3.0250        -5974.446    -6010.982       36.536   289.9
3.0255        -5974.350    -6011.016       36.666   290.9
3.0260        -5974.383    -6011.049       36.666   290.9
3.0265        -5974.468    -6011.081       36.612   290.5
3.0270        -5974.474    -6011.108       36.634   290.7
3.0275        -5974.497    -6011.132       36.635   290.7
3.0280        -5974.621    -6011.152       36.531   289.9
3.0285        -5974.645    -6011.168       36.523   289.8
3.0290        -5974.558    -6011.180       36.621   290.6
3.0295        -5974.637    -6011.189       36.552   290.0
3.0300        -5974.642    -6011.195       36.553   290.0
3.0305        -5974.566    -6011.198       36.632   290.7
3.0310        -5974.461    -6011.199       36.738   291.5
3.0315        -5974.408    -6011.199       36.791   291.9
3.0320        -5974.396    -6011.198       36.802   292.0
3.0325        -5974.443    -6011.195       36.753   291.6
3.0330        -5974.580    -6011.195       36.615   290.5
3.0335        -5974.574    -6011.194       36.621   290.6
3.0340        -5974.559    -6011.195       36.635   290.7
3.0345        -5974.611    -6011.197       36.586   290.3
3.0350        -5974.612    -6011.201       36.589   290.3
3.0355        -5974.540    -6011.208       36.668   290.9
3.0360        -5974.604    -6011.216       36.612   290.5
3.0365        -5974.497    -6011.226       36.729   291.4
3.0370        -5974.525    -6011.236       36.711   291.3
3.0375        -5974.525    -6011.250       36.725   291.4
3.0380        -5974.536    -6011.268       36.732   291.5
3.0385        -5974.499    -6011.289       36.790   291.9
3.0390        -5974.529    -6011.315       36.786   291.9
3.0395        -5974.631    -6011.342       36.711   291.3
3.0400        -5974.645    -6011.374       36.729   291.4
3.0405        -5974.615    -6011.409       36.794   291.9
3.0410        -5974.503    -6011.448       36.945   293.1
3.0415        -5974.469    -6011.488       37.020   293.7
3.0420        -5974.488    -6011.532       37.044   293.9
3.0425        -5974.593    -6011.579       36.986   293.5
3.0430        -5974.477    -6011.626       37.149   294.8
3.0435        -5974.440    -6011.674       37.234   295.4
3.0440        -5974.522    -6011.722       37.200   295.2
3.0445        -5974.473    -6011.769       37.296   295.9
3.0450        -5974.390    -6011.816       37.426   297.0
3.0455        -5974.477    -6011.861       37.384   296.6
3.0460        -5974.522    -6011.903       37.382   296.6
3.0465        -5974.450    -6011.941       37.491   297.5
3.0470        -5974.440    -6011.976       37.536   297.8
3.0475        -5974.376    -6012.006       37.630   298.6
3.0480        -5974.404    -6012.032       37.628   298.6
3.0485        -5974.347    -6012.052       37.705   299.2
3.0490        -5974.362    -6012.067       37.705   299.2
3.0495        -5974.472    -6012.078       37.606   298.4
3.0500        -5974.434    -6012.084       37.650   298.7
3.0505        -5974.430    -6012.086       37.657   298.8
3.0510        -5974.359    -6012.083       37.724   299.3
3.0515        -5974.402    -6012.076       37.674   298.9
3.0520        -5974.444    -6012.065       37.620   298.5
3.0525        -5974.398    -6012.047       37.649   298.7
3.0530        -5974.374    -6012.024       37.651   298.7
3.0535        -5974.429    -6011.998       37.569   298.1
3.0540        -5974.447    -6011.965       37.518   297.7
3.0545        -5974.515    -6011.928       37.413   296.9
3.0550        -5974.518    -6011.888       37.370   296.5
3.0555        -5974.595    -6011.845       37.250   295.6
3.0560        -5974.612    -6011.799       37.187   295.1
3.0565        -5974.539    -6011.751       37.212   295.3
3.0570        -5974.621    -6011.706       37.085   294.3
3.0575        -5974.513    -6011.660       37.147   294.8
3.0580        -5974.491    -6011.612       37.121   294.5
3.0585        -5974.443    -6011.562       37.119   294.5
3.0590        -5974.333    -6011.509       37.176   295.0
3.0595        -5974.419    -6011.455       37.036   293.9
3.0600        -5974.364    -6011.400       37.036   293.9
3.0605        -5974.318    -6011.345       37.027   293.8
3.0610        -5974.236    -6011.289       37.053   294.0
3.0615        -5974.253    -6011.234       36.981   293.4
3.0620        -5974.208    -6011.179       36.971   293.4
3.0625        -5974.267    -6011.126       36.859   292.5
3.0630        -5974.450    -6011.075       36.624   290.6
3.0635        -5974.386    -6011.025       36.639   290.7
3.0640        -5974.492    -6010.975       36.483   289.5
3.0645        -5974.458    -6010.926       36.467   289.4
3.0650        -5974.497    -6010.877       36.380   288.7
3.0655        -5974.489    -6010.830       36.341   288.4
3.0660        -5974.521    -6010.787       36.266   287.8
3.0665        -5974.483    -6010.749       36.266   287.8
3.0670        -5974.435    -6010.713       36.278   287.9
3.0675        -5974.517    -6010.682       36.164   287.0
3.0680        -5974.540    -6010.656       36.116   286.6
3.0685        -5974.488    -6010.634       36.146   286.8
3.0690        -5974.435    -6010.619       36.184   287.1
3.0695        -5974.404    -6010.611       36.207   287.3
3.0700        -5974.390    -6010.610       36.219   287.4
3.0705        -5974.457    -6010.616       36.159   286.9
3.0710        -5974.498    -6010.627       36.129   286.7
3.0715        -5974.490    -6010.644       36.154   286.9
3.0720        -5974.460    -6010.663       36.203   287.3
3.0725        -5974.470    -6010.685       36.215   287.4
3.0730        -5974.439    -6010.714       36.274   287.8
3.0735        -5974.401    -6010.748       36.347   288.4
3.0740        -5974.497    -6010.789       36.291   288.0
3.0745        -5974.428    -6010.833       36.405   288.9
3.0750        -5974.431    -6010.883       36.452   289.2
3.0755        -5974.349    -6010.937       36.589   290.3
3.0760        -5974.319    -6010.996       36.677   291.0
3.0765        -5974.240    -6011.059       36.820   292.2
3.0770        -5974.130    -6011.125       36.996   293.5
3.0775        -5974.173    -6011.194       37.021   293.8
3.0780        -5974.221    -6011.265       37.044   293.9
3.0785        -5974.160    -6011.337       37.177   295.0
3.0790        -5974.131    -6011.408       37.276   295.8
3.0795        -5974.181    -6011.478       37.297   295.9
3.0800        -5974.317    -6011.548       37.232   295.4
3.0805        -5974.202    -6011.620       37.418   296.9
3.0810        -5974.243    -6011.691       37.448   297.1
3.0815        -5974.144    -6011.760       37.616   298.5
3.0820        -5974.210    -6011.824       37.614   298.5
3.0825        -5974.197    -6011.885       37.689   299.0
3.0830        -5974.131    -6011.945       37.814   300.0
3.0835        -5974.082    -6012.004       37.922   300.9
3.0840        -5974.089    -6012.060       37.971   301.3
3.0845        -5974.071    -6012.113       38.042   301.9
3.0850        -5973.990    -6012.165       38.174   302.9
3.0855        -5974.008    -6012.215       38.206   303.2
3.0860        -5974.040    -6012.262       38.222   303.3
3.0865        -5974.035    -6012.307       38.272   303.7
3.0870        -5974.025    -6012.349       38.324   304.1
3.0875        -5974.020    -6012.387       38.368   304.4
3.0880        -5974.003    -6012.423       38.420   304.9
3.0885        -5973.989    -6012.456       38.467   305.2
3.0890        -5974.008    -6012.487       38.479   305.3
3.0895        -5974.125    -6012.516       38.391   304.6
3.0900        -5974.142    -6012.541       38.399   304.7
3.0905        -5974.154    -6012.562       38.408   304.8
3.0910        -5974.138    -6012.580       38.442   305.0
3.0915        -5974.158    -6012.597       38.439   305.0
3.0920        -5974.116    -6012.610       38.495   305.4
3.0925        -5974.155    -6012.621       38.465   305.2
3.0930        -5974.258    -6012.629       38.371   304.5
3.0935        -5974.286    -6012.635       38.350   304.3
3.0940        -5974.339    -6012.643       38.304   303.9
3.0945        -5974.328    -6012.647       38.319   304.1
3.0950        -5974.393    -6012.651       38.257   303.6
3.0955        -5974.438    -6012.654       38.216   303.2
3.0960        -5974.268    -6012.657       38.388   304.6
3.0965        -5974.282    -6012.658       38.376   304.5
3.0970        -5974.376    -6012.660       38.284   303.8
3.0975        -5974.378    -6012.659       38.281   303.8
3.0980        -5974.316    -6012.659       38.342   304.2
3.0985        -5974.337    -6012.658       38.321   304.1
3.0990        -5974.375    -6012.658       38.283   303.8
3.0995        -5974.373    -6012.656       38.283   303.8
3.1000        -5974.414    -6012.655       38.241   303.4
3.1005        -5974.394    -6012.654       38.261   303.6
3.1010        -5974.490    -6012.656       38.166   302.8
3.1015        -5974.444    -6012.658       38.214   303.2
3.1020        -5974.470    -6012.660       38.190   303.0
3.1025        -5974.494    -6012.659       38.165   302.8
3.1030        -5974.472    -6012.656       38.185   303.0
3.1035        -5974.477    -6012.652       38.175   302.9
3.1040        -5974.506    -6012.649       38.143   302.7
3.1045        -5974.469    -6012.648       38.179   302.9
3.1050        -5974.540    -6012.646       38.106   302.4
3.1055        -5974.623    -6012.641       38.018   301.7
3.1060        -5974.656    -6012.633       37.977   301.3
3.1065        -5974.637    -6012.621       37.984   301.4
3.1070        -5974.676    -6012.606       37.931   301.0
3.1075        -5974.539    -6012.589       38.050   301.9
3.1080        -5974.453    -6012.568       38.115   302.4
3.1085        -5974.385    -6012.544       38.158   302.8
3.1090        -5974.310    -6012.517       38.207   303.2
3.1095        -5974.344    -6012.487       38.143   302.7
3.1100        -5974.383    -6012.454       38.071   302.1
3.1105        -5974.316    -6012.420       38.104   302.3
3.1110        -5974.400    -6012.384       37.984   301.4
3.1115        -5974.399    -6012.347       37.948   301.1
3.1120        -5974.485    -6012.309       37.824   300.1
3.1125        -5974.525    -6012.272       37.747   299.5
3.1130        -5974.565    -6012.233       37.667   298.9
3.1135        -5974.562    -6012.191       37.629   298.6
3.1140        -5974.553    -6012.145       37.592   298.3
3.1145        -5974.552    -6012.100       37.548   297.9
3.1150        -5974.636    -6012.056       37.420   296.9
3.1155        -5974.658    -6012.012       37.354   296.4
3.1160        -5974.646    -6011.970       37.325   296.2
3.1165        -5974.695    -6011.928       37.233   295.4
3.1170        -5974.766    -6011.885       37.119   294.5
3.1175        -5974.750    -6011.844       37.093   294.3
3.1180        -5974.683    -6011.805       37.121   294.5
3.1185        -5974.678    -6011.767       37.089   294.3
3.1190        -5974.654    -6011.730       37.076   294.2
3.1195        -5974.608    -6011.696       37.088   294.3
3.1200        -5974.529    -6011.664       37.135   294.7
3.1205        -5974.603    -6011.634       37.031   293.8
3.1210        -5974.546    -6011.606       37.060   294.1
3.1215        -5974.518    -6011.581       37.063   294.1
3.1220        -5974.547    -6011.558       37.011   293.7
3.1225        -5974.543    -6011.535       36.992   293.5
3.1230        -5974.556    -6011.512       36.957   293.2
3.1235        -5974.501    -6011.490       36.989   293.5
3.1240        -5974.541    -6011.466       36.925   293.0
3.1245        -5974.564    -6011.440       36.876   292.6
3.1250        -5974.592    -6011.414       36.822   292.2
3.1255        -5974.665    -6011.390       36.725   291.4
3.1260        -5974.700    -6011.366       36.666   290.9
3.1265        -5974.690    -6011.342       36.652   290.8
3.1270        -5974.606    -6011.320       36.714   291.3
3.1275        -5974.606    -6011.298       36.692   291.1
3.1280        -5974.618    -6011.276       36.658   290.9
3.1285        -5974.777    -6011.255       36.478   289.4
3.1290        -5974.769    -6011.237       36.467   289.4
3.1295        -5974.670    -6011.221       36.551   290.0
3.1300        -5974.695    -6011.207       36.512   289.7
3.1305        -5974.722    -6011.196       36.474   289.4
3.1310        -5974.799    -6011.187       36.388   288.7
3.1315        -5974.805    -6011.179       36.375   288.6
3.1320        -5974.827    -6011.174       36.347   288.4
3.1325        -5974.742    -6011.173       36.431   289.1
3.1330        -5974.631    -6011.174       36.543   290.0
3.1335        -5974.578    -6011.181       36.603   290.4
3.1340        -5974.544    -6011.190       36.646   290.8
3.1345        -5974.498    -6011.202       36.704   291.2
3.1350        -5974.536    -6011.216       36.680   291.0
3.1355        -5974.538    -6011.235       36.697   291.2
3.1360        -5974.410    -6011.254       36.844   292.3
3.1365        -5974.460    -6011.275       36.814   292.1
3.1370        -5974.505    -6011.295       36.790   291.9
3.1375        -5974.598    -6011.319       36.720   291.4
3.1380        -5974.625    -6011.347       36.723   291.4
3.1385        -5974.778    -6011.379       36.602   290.4
3.1390        -5974.732    -6011.416       36.683   291.1
3.1395        -5974.814    -6011.453       36.638   290.7
3.1400        -5974.757    -6011.492       36.735   291.5
3.1405        -5974.721    -6011.535       36.814   292.1
3.1410        -5974.789    -6011.579       36.791   291.9
3.1415        -5974.823    -6011.624       36.801   292.0
3.1420        -5974.834    -6011.670       36.836   292.3
3.1425        -5974.817    -6011.721       36.904   292.8
3.1430        -5974.753    -6011.775       37.022   293.8
3.1435        -5974.768    -6011.831       37.064   294.1
3.1440        -5974.744    -6011.888       37.144   294.7
3.1445        -5974.662    -6011.946       37.284   295.8
3.1450        -5974.562    -6012.004       37.442   297.1
3.1455        -5974.627    -6012.062       37.436   297.0
3.1460        -5974.614    -6012.120       37.506   297.6
3.1465        -5974.735    -6012.175       37.440   297.1
3.1470        -5974.701    -6012.227       37.527   297.8
3.1475        -5974.764    -6012.276       37.512   297.6
3.1480        -5974.677    -6012.320       37.643   298.7
3.1485        -5974.583    -6012.358       37.776   299.7
3.1490        -5974.617    -6012.394       37.777   299.7
3.1495        -5974.612    -6012.427       37.815   300.1
3.1500        -5974.571    -6012.457       37.886   300.6
3.1505        -5974.546    -6012.484       37.938   301.0
3.1510        -5974.536    -6012.507       37.970   301.3
3.1515        -5974.454    -6012.524       38.070   302.1
3.1520        -5974.447    -6012.537       38.089   302.2
3.1525        -5974.457    -6012.545       38.089   302.2
3.1530        -5974.508    -6012.550       38.042   301.9
3.1535        -5974.474    -6012.551       38.077   302.1
3.1540        -5974.472    -6012.545       38.073   302.1
3.1545        -5974.449    -6012.536       38.087   302.2
3.1550        -5974.502    -6012.519       38.017   301.7
3.1555        -5974.524    -6012.498       37.974   301.3
3.1560        -5974.547    -6012.471       37.924   300.9
3.1565        -5974.635    -6012.441       37.806   300.0
3.1570        -5974.637    -6012.409       37.772   299.7
3.1575        -5974.685    -6012.373       37.688   299.0
3.1580        -5974.632    -6012.333       37.701   299.1
3.1585        -5974.637    -6012.290       37.653   298.8
3.1590        -5974.711    -6012.244       37.533   297.8
3.1595        -5974.686    -6012.197       37.511   297.6
3.1600        -5974.776    -6012.153       37.376   296.6
3.1605        -5974.808    -6012.110       37.302   296.0
3.1610        -5974.817    -6012.068       37.251   295.6
3.1615        -5974.877    -6012.027       37.151   294.8
3.1620        -5974.841    -6011.987       37.146   294.7
3.1625        -5974.880    -6011.950       37.070   294.1
3.1630        -5974.861    -6011.915       37.054   294.0
3.1635        -5974.928    -6011.883       36.955   293.2
3.1640        -5974.889    -6011.852       36.963   293.3
3.1645        -5974.937    -6011.823       36.886   292.7
3.1650        -5974.951    -6011.798       36.847   292.4
3.1655        -5974.804    -6011.776       36.972   293.4
3.1660        -5974.761    -6011.760       36.999   293.6
3.1665        -5974.847    -6011.747       36.900   292.8
3.1670        -5974.904    -6011.738       36.834   292.3
3.1675        -5974.852    -6011.736       36.884   292.7
3.1680        -5974.809    -6011.740       36.931   293.0
3.1685        -5974.738    -6011.744       37.005   293.6
3.1690        -5974.788    -6011.749       36.961   293.3
3.1695        -5974.878    -6011.758       36.879   292.6
3.1700        -5974.877    -6011.768       36.892   292.7
3.1705        -5974.931    -6011.782       36.851   292.4
3.1710        -5974.910    -6011.798       36.888   292.7
3.1715        -5974.998    -6011.817       36.819   292.1
3.1720        -5974.997    -6011.834       36.837   292.3
3.1725        -5974.994    -6011.849       36.855   292.4
3.1730        -5974.892    -6011.864       36.971   293.4
3.1735        -5974.787    -6011.879       37.092   294.3
3.1740        -5974.790    -6011.892       37.102   294.4
3.1745        -5974.733    -6011.905       37.172   294.9
3.1750        -5974.764    -6011.914       37.150   294.8
3.1755        -5974.742    -6011.917       37.176   295.0
3.1760        -5974.723    -6011.917       37.194   295.1
3.1765        -5974.764    -6011.913       37.149   294.8
3.1770        -5974.803    -6011.905       37.102   294.4
3.1775        -5974.786    -6011.892       37.107   294.4
3.1780        -5974.733    -6011.876       37.143   294.7
3.1785        -5974.777    -6011.858       37.082   294.2
3.1790        -5974.725    -6011.837       37.112   294.5
3.1795        -5974.706    -6011.814       37.108   294.4
3.1800        -5974.555    -6011.787       37.232   295.4
3.1805        -5974.574    -6011.757       37.182   295.0
3.1810        -5974.572    -6011.726       37.153   294.8
3.1815        -5974.584    -6011.693       37.110   294.5
3.1820        -5974.627    -6011.659       37.032   293.8
3.1825        -5974.555    -6011.621       37.066   294.1
3.1830        -5974.614    -6011.581       36.967   293.3
3.1835        -5974.618    -6011.541       36.923   293.0
3.1840        -5974.613    -6011.504       36.891   292.7
3.1845        -5974.543    -6011.467       36.923   293.0
3.1850        -5974.567    -6011.432       36.865   292.5
3.1855        -5974.514    -6011.400       36.886   292.7
3.1860        -5974.566    -6011.368       36.803   292.0
3.1865        -5974.540    -6011.338       36.798   292.0
3.1870        -5974.623    -6011.312       36.690   291.1
3.1875        -5974.667    -6011.289       36.622   290.6
3.1880        -5974.656    -6011.269       36.612   290.5
3.1885        -5974.706    -6011.252       36.546   290.0
3.1890        -5974.708    -6011.238       36.530   289.9
3.1895        -5974.769    -6011.229       36.460   289.3
3.1900        -5974.743    -6011.224       36.481   289.5
3.1905        -5974.666    -6011.228       36.562   290.1
3.1910        -5974.771    -6011.238       36.467   289.4
3.1915        -5974.885    -6011.255       36.370   288.6
3.1920        -5974.832    -6011.279       36.447   289.2
3.1925        -5974.816    -6011.308       36.492   289.6
3.1930        -5974.774    -6011.344       36.570   290.2
3.1935        -5974.674    -6011.384       36.711   291.3
3.1940        -5974.706    -6011.429       36.723   291.4
3.1945        -5974.699    -6011.477       36.777   291.8
3.1950        -5974.618    -6011.527       36.909   292.9
3.1955        -5974.653    -6011.584       36.931   293.0
3.1960        -5974.557    -6011.645       37.089   294.3
3.1965        -5974.622    -6011.711       37.089   294.3
3.1970        -5974.663    -6011.782       37.119   294.5
3.1975        -5974.662    -6011.858       37.196   295.1
3.1980        -5974.575    -6011.936       37.361   296.4
3.1985        -5974.544    -6012.017       37.473   297.3
3.1990        -5974.638    -6012.100       37.462   297.3
3.1995        -5974.634    -6012.185       37.551   298.0
3.2000        -5974.641    -6012.270       37.629   298.6
3.2005        -5974.534    -6012.353       37.820   300.1
3.2010        -5974.527    -6012.434       37.906   300.8
3.2015        -5974.524    -6012.512       37.988   301.4
3.2020        -5974.502    -6012.589       38.088   302.2
3.2025        -5974.588    -6012.664       38.076   302.1
3.2030        -5974.641    -6012.736       38.095   302.3
3.2035        -5974.707    -6012.806       38.099   302.3
3.2040        -5974.706    -6012.875       38.170   302.9
3.2045        -5974.747    -6012.940       38.193   303.1
3.2050        -5974.695    -6013.001       38.305   303.9
3.2055        -5974.673    -6013.060       38.387   304.6
3.2060        -5974.810    -6013.115       38.306   303.9
3.2065        -5974.829    -6013.169       38.340   304.2
3.2070        -5974.760    -6013.220       38.459   305.2
3.2075        -5974.819    -6013.267       38.448   305.1
3.2080        -5974.679    -6013.312       38.633   306.5
3.2085        -5974.693    -6013.352       38.659   306.7
3.2090        -5974.731    -6013.387       38.656   306.7
3.2095        -5974.694    -6013.419       38.725   307.3
3.2100        -5974.690    -6013.445       38.755   307.5
3.2105        -5974.759    -6013.463       38.705   307.1
3.2110        -5974.704    -6013.477       38.773   307.7
3.2115        -5974.687    -6013.486       38.799   307.9
3.2120        -5974.671    -6013.491       38.820   308.0
3.2125        -5974.659    -6013.493       38.834   308.1
3.2130        -5974.674    -6013.491       38.817   308.0
3.2135        -5974.614    -6013.486       38.871   308.4
3.2140        -5974.594    -6013.476       38.882   308.5
3.2145        -5974.539    -6013.464       38.925   308.9
3.2150        -5974.466    -6013.445       38.980   309.3
3.2155        -5974.432    -6013.422       38.990   309.4
3.2160        -5974.316    -6013.395       39.079   310.1
3.2165        -5974.366    -6013.362       38.996   309.4
3.2170        -5974.473    -6013.327       38.853   308.3
3.2175        -5974.407    -6013.289       38.882   308.5
3.2180        -5974.456    -6013.248       38.792   307.8
3.2185        -5974.325    -6013.203       38.878   308.5
3.2190        -5974.352    -6013.155       38.803   307.9
3.2195        -5974.206    -6013.105       38.898   308.6
3.2200        -5974.165    -6013.052       38.887   308.6
3.2205        -5974.180    -6012.997       38.818   308.0
3.2210        -5974.183    -6012.939       38.756   307.5
3.2215        -5974.140    -6012.877       38.737   307.4
3.2220        -5974.191    -6012.815       38.624   306.5
3.2225        -5974.200    -6012.752       38.552   305.9
3.2230        -5974.128    -6012.688       38.561   306.0
3.2235        -5974.161    -6012.625       38.464   305.2
3.2240        -5974.262    -6012.564       38.301   303.9
3.2245        -5974.322    -6012.503       38.181   303.0
3.2250        -5974.262    -6012.442       38.179   302.9
3.2255        -5974.266    -6012.383       38.116   302.4
3.2260        -5974.147    -6012.326       38.179   302.9
3.2265        -5974.076    -6012.268       38.192   303.0
3.2270        -5974.007    -6012.209       38.202   303.1
3.2275        -5973.980    -6012.153       38.173   302.9
3.2280        -5973.897    -6012.098       38.201   303.1
3.2285        -5973.983    -6012.045       38.063   302.0
3.2290        -5973.979    -6011.994       38.015   301.6
3.2295        -5974.038    -6011.944       37.906   300.8
3.2300        -5974.122    -6011.892       37.770   299.7
3.2305        -5974.111    -6011.839       37.728   299.4
3.2310        -5974.066    -6011.786       37.720   299.3
3.2315        -5974.063    -6011.733       37.670   298.9
3.2320        -5974.010    -6011.682       37.672   298.9
3.2325        -5974.015    -6011.632       37.616   298.5
3.2330        -5973.934    -6011.582       37.648   298.7
3.2335        -5973.976    -6011.537       37.561   298.0
3.2340        -5973.970    -6011.496       37.526   297.8
3.2345        -5974.010    -6011.457       37.447   297.1
3.2350        -5973.995    -6011.423       37.428   297.0
3.2355        -5974.010    -6011.391       37.381   296.6
3.2360        -5974.005    -6011.364       37.359   296.4
3.2365        -5974.046    -6011.343       37.297   295.9
3.2370        -5974.116    -6011.327       37.211   295.3
3.2375        -5973.990    -6011.318       37.328   296.2
3.2380        -5974.011    -6011.313       37.302   296.0
3.2385        -5974.075    -6011.312       37.237   295.5
3.2390        -5973.991    -6011.317       37.327   296.2
3.2395        -5974.016    -6011.329       37.313   296.1
3.2400        -5974.027    -6011.345       37.318   296.1
3.2405        -5974.046    -6011.362       37.316   296.1
3.2410        -5974.006    -6011.382       37.376   296.6
3.2415        -5974.005    -6011.406       37.401   296.8
3.2420        -5973.966    -6011.431       37.465   297.3
3.2425        -5973.951    -6011.458       37.508   297.6
3.2430        -5973.985    -6011.489       37.504   297.6
3.2435        -5974.011    -6011.523       37.512   297.6
3.2440        -5974.030    -6011.560       37.530   297.8
3.2445        -5973.921    -6011.598       37.677   299.0
3.2450        -5973.942    -6011.635       37.693   299.1
3.2455        -5974.009    -6011.671       37.662   298.8
3.2460        -5973.934    -6011.707       37.773   299.7
3.2465        -5973.971    -6011.741       37.770   299.7
3.2470        -5973.904    -6011.775       37.871   300.5
3.2475        -5973.754    -6011.805       38.051   301.9
3.2480        -5973.813    -6011.833       38.020   301.7
3.2485        -5973.808    -6011.862       38.054   302.0
3.2490        -5973.883    -6011.888       38.005   301.6
3.2495        -5973.821    -6011.911       38.090   302.2
3.2500        -5973.844    -6011.931       38.087   302.2
3.2505        -5973.872    -6011.949       38.078   302.1
3.2510        -5973.828    -6011.965       38.136   302.6
3.2515        -5973.853    -6011.978       38.125   302.5
3.2520        -5973.893    -6011.986       38.093   302.3
3.2525        -5973.775    -6011.989       38.214   303.2
3.2530        -5973.697    -6011.986       38.289   303.8
3.2535        -5973.509    -6011.979       38.470   305.2
3.2540        -5973.521    -6011.964       38.443   305.0
3.2545        -5973.558    -6011.943       38.385   304.6
3.2550        -5973.429    -6011.915       38.486   305.4
3.2555        -5973.470    -6011.881       38.411   304.8
3.2560        -5973.456    -6011.839       38.383   304.6
3.2565        -5973.456    -6011.790       38.334   304.2
3.2570        -5973.472    -6011.734       38.262   303.6
3.2575        -5973.513    -6011.671       38.158   302.8
3.2580        -5973.606    -6011.603       37.996   301.5
3.2585        -5973.599    -6011.530       37.931   301.0
3.2590        -5973.708    -6011.454       37.745   299.5
3.2595        -5973.774    -6011.374       37.599   298.3
3.2600        -5973.787    -6011.291       37.504   297.6
3.2605        -5973.806    -6011.206       37.400   296.8
3.2610        -5973.757    -6011.118       37.361   296.5
3.2615        -5973.691    -6011.029       37.338   296.3
3.2620        -5973.648    -6010.939       37.290   295.9
3.2625        -5973.657    -6010.847       37.190   295.1
3.2630        -5973.671    -6010.756       37.085   294.3
3.2635        -5973.574    -6010.665       37.091   294.3
3.2640        -5973.518    -6010.575       37.057   294.0
3.2645        -5973.437    -6010.488       37.050   294.0
3.2650        -5973.452    -6010.405       36.953   293.2
3.2655        -5973.567    -6010.329       36.761   291.7
3.2660        -5973.552    -6010.259       36.707   291.3
3.2665        -5973.597    -6010.194       36.597   290.4
3.2670        -5973.530    -6010.137       36.607   290.5
3.2675        -5973.603    -6010.085       36.482   289.5
3.2680        -5973.580    -6010.043       36.463   289.3
3.2685        -5973.637    -6010.008       36.371   288.6
3.2690        -5973.678    -6009.978       36.299   288.0
3.2695        -5973.741    -6009.956       36.215   287.4
3.2700        -5973.723    -6009.944       36.221   287.4
3.2705        -5973.753    -6009.945       36.192   287.2
3.2710        -5973.699    -6009.958       36.259   287.7
3.2715        -5973.695    -6009.982       36.287   287.9
3.2720        -5973.663    -6010.018       36.355   288.5
3.2725        -5973.696    -6010.064       36.368   288.6
3.2730        -5973.713    -6010.119       36.406   288.9
3.2735        -5973.791    -6010.184       36.393   288.8
3.2740        -5973.809    -6010.259       36.450   289.2
3.2745        -5973.860    -6010.342       36.483   289.5
3.2750        -5973.870    -6010.433       36.563   290.1
3.2755        -5973.795    -6010.532       36.737   291.5
3.2760        -5973.694    -6010.640       36.946   293.2
3.2765        -5973.726    -6010.754       37.028   293.8
3.2770        -5973.670    -6010.871       37.201   295.2
3.2775        -5973.754    -6010.990       37.236   295.5
3.2780        -5973.775    -6011.111       37.336   296.2
3.2785        -5973.842    -6011.233       37.391   296.7
3.2790        -5973.903    -6011.354       37.451   297.2
3.2795        -5973.845    -6011.475       37.630   298.6
3.2800        -5973.814    -6011.597       37.783   299.8
3.2805        -5973.745    -6011.718       37.973   301.3
3.2810        -5973.773    -6011.833       38.060   302.0
3.2815        -5973.774    -6011.941       38.167   302.8
3.2820        -5973.788    -6012.042       38.254   303.5
3.2825        -5973.731    -6012.138       38.407   304.7
3.2830        -5973.697    -6012.226       38.529   305.7
3.2835        -5973.711    -6012.305       38.594   306.2
3.2840        -5973.629    -6012.374       38.745   307.4
3.2845        -5973.543    -6012.436       38.893   308.6
3.2850        -5973.525    -6012.487       38.962   309.2
3.2855        -5973.462    -6012.528       39.067   310.0
3.2860        -5973.390    -6012.560       39.170   310.8
3.2865        -5973.320    -6012.578       39.258   311.5
3.2870        -5973.314    -6012.584       39.270   311.6
3.2875        -5973.341    -6012.576       39.235   311.3
3.2880        -5973.205    -6012.558       39.353   312.3
3.2885        -5973.202    -6012.530       39.328   312.1
3.2890        -5973.245    -6012.493       39.247   311.4
3.2895        -5973.201    -6012.447       39.247   311.4
3.2900        -5973.112    -6012.392       39.281   311.7
3.2905        -5973.246    -6012.328       39.082   310.1
3.2910        -5973.223    -6012.255       39.031   309.7
3.2915        -5973.200    -6012.173       38.973   309.2
3.2920        -5973.327    -6012.085       38.758   307.5
3.2925        -5973.411    -6011.990       38.579   306.1
3.2930        -5973.421    -6011.892       38.471   305.3
3.2935        -5973.342    -6011.793       38.451   305.1
3.2940        -5973.282    -6011.695       38.413   304.8
3.2945        -5973.219    -6011.598       38.379   304.5
3.2950        -5973.226    -6011.500       38.274   303.7
3.2955        -5973.258    -6011.401       38.143   302.7
3.2960        -5973.162    -6011.306       38.143   302.7
3.2965        -5973.026    -6011.215       38.189   303.0
3.2970        -5973.020    -6011.129       38.109   302.4
3.2975        -5973.018    -6011.048       38.030   301.8
3.2980        -5973.053    -6010.970       37.917   300.9
3.2985        -5973.045    -6010.895       37.850   300.3
3.2990        -5972.963    -6010.823       37.860   300.4
3.2995        -5972.968    -6010.755       37.786   299.8
3.3000        -5972.880    -6010.691       37.811   300.0
3.3005        -5972.812    -6010.631       37.819   300.1
3.3010        -5972.825    -6010.575       37.750   299.5
3.3015        -5972.703    -6010.523       37.820   300.1
3.3020        -5972.762    -6010.476       37.714   299.2
3.3025        -5972.706    -6010.433       37.726   299.3
3.3030        -5972.679    -6010.392       37.713   299.2
3.3035        -5972.661    -6010.352       37.691   299.1
3.3040        -5972.656    -6010.315       37.659   298.8
3.3045        -5972.637    -6010.280       37.643   298.7
3.3050        -5972.587    -6010.249       37.661   298.8
3.3055        -5972.604    -6010.220       37.616   298.5
3.3060        -5972.609    -6010.197       37.588   298.2
3.3065        -5972.481    -6010.176       37.695   299.1
3.3070        -5972.506    -6010.159       37.653   298.8
3.3075        -5972.461    -6010.150       37.689   299.0
3.3080        -5972.447    -6010.141       37.693   299.1
3.3085        -5972.506    -6010.134       37.628   298.6
3.3090        -5972.490    -6010.130       37.640   298.7
3.3095        -5972.504    -6010.131       37.627   298.6
3.3100        -5972.549    -6010.137       37.587   298.2
3.3105        -5972.663    -6010.145       37.482   297.4
3.3110        -5972.585    -6010.156       37.571   298.1
3.3115        -5972.496    -6010.171       37.675   298.9
3.3120        -5972.446    -6010.194       37.748   299.5
3.3125        -5972.494    -6010.220       37.726   299.3
3.3130        -5972.505    -6010.251       37.746   299.5
3.3135        -5972.433    -6010.284       37.851   300.3
3.3140        -5972.346    -6010.320       37.975   301.3
3.3145        -5972.310    -6010.359       38.049   301.9
3.3150        -5972.264    -6010.398       38.135   302.6
3.3155        -5972.083    -6010.437       38.354   304.3
3.3160        -5972.029    -6010.474       38.445   305.1
3.3165        -5971.958    -6010.513       38.555   305.9
3.3170        -5971.968    -6010.553       38.585   306.2
3.3175        -5971.931    -6010.593       38.662   306.8
3.3180        -5972.005    -6010.631       38.626   306.5
3.3185        -5971.913    -6010.668       38.755   307.5
3.3190        -5971.877    -6010.701       38.824   308.1
3.3195        -5971.961    -6010.730       38.769   307.6
3.3200        -5971.953    -6010.758       38.804   307.9
3.3205        -5971.999    -6010.785       38.786   307.8
3.3210        -5972.026    -6010.811       38.785   307.8
3.3215        -5972.050    -6010.833       38.784   307.7
3.3220        -5972.037    -6010.852       38.814   308.0
3.3225        -5971.981    -6010.868       38.888   308.6
3.3230        -5972.060    -6010.883       38.823   308.1
3.3235        -5971.951    -6010.895       38.944   309.0
3.3240        -5971.966    -6010.905       38.939   309.0
3.3245        -5971.980    -6010.914       38.934   308.9
3.3250        -5971.911    -6010.921       39.010   309.5
3.3255        -5971.913    -6010.927       39.014   309.6
3.3260        -5971.974    -6010.929       38.955   309.1
3.3265        -5971.926    -6010.929       39.003   309.5
3.3270        -5971.865    -6010.925       39.060   309.9
3.3275        -5971.860    -6010.916       39.056   309.9
3.3280        -5971.992    -6010.903       38.911   308.7
3.3285        -5972.041    -6010.889       38.848   308.2
3.3290        -5971.986    -6010.871       38.885   308.5
3.3295        -5971.977    -6010.850       38.873   308.4
3.3300        -5971.968    -6010.827       38.859   308.3
3.3305        -5971.968    -6010.803       38.834   308.1
3.3310        -5971.992    -6010.776       38.784   307.7
3.3315        -5971.961    -6010.746       38.784   307.7
3.3320        -5972.062    -6010.714       38.652   306.7
3.3325        -5972.079    -6010.685       38.606   306.3
3.3330        -5972.041    -6010.657       38.617   306.4
3.3335        -5972.108    -6010.632       38.524   305.7
3.3340        -5972.160    -6010.609       38.448   305.1
3.3345        -5972.105    -6010.588       38.483   305.4
3.3350        -5972.142    -6010.570       38.428   304.9
3.3355        -5972.112    -6010.555       38.443   305.0
3.3360        -5972.127    -6010.542       38.414   304.8
3.3365        -5972.048    -6010.533       38.485   305.4
3.3370        -5972.136    -6010.530       38.394   304.6
3.3375        -5972.117    -6010.529       38.413   304.8
3.3380        -5972.034    -6010.531       38.498   305.5
3.3385        -5971.991    -6010.537       38.546   305.9
3.3390        -5972.108    -6010.546       38.437   305.0
3.3395        -5972.119    -6010.559       38.440   305.0
3.3400        -5972.030    -6010.576       38.547   305.9
3.3405        -5972.085    -6010.597       38.513   305.6
3.3410        -5972.076    -6010.621       38.545   305.8
3.3415        -5972.006    -6010.650       38.644   306.6
3.3420        -5972.028    -6010.682       38.654   306.7
3.3425        -5972.013    -6010.718       38.705   307.1
3.3430        -5972.047    -6010.755       38.708   307.1
3.3435        -5972.008    -6010.794       38.787   307.8
3.3440        -5972.034    -6010.835       38.800   307.9
3.3445        -5971.932    -6010.877       38.945   309.0
3.3450        -5971.805    -6010.921       39.116   310.4
3.3455        -5971.892    -6010.963       39.072   310.0
3.3460        -5971.792    -6011.007       39.215   311.2
3.3465        -5971.709    -6011.052       39.343   312.2
3.3470        -5971.746    -6011.094       39.348   312.2
3.3475        -5971.730    -6011.135       39.405   312.7
3.3480        -5971.734    -6011.176       39.441   313.0
3.3485        -5971.749    -6011.212       39.464   313.1
3.3490        -5971.765    -6011.247       39.481   313.3
3.3495        -5971.811    -6011.278       39.467   313.2
3.3500        -5971.954    -6011.305       39.352   312.2
3.3505        -5971.799    -6011.330       39.531   313.7
3.3510        -5971.862    -6011.347       39.485   313.3
3.3515        -5971.720    -6011.361       39.641   314.5
3.3520        -5971.850    -6011.370       39.520   313.6
3.3525        -5971.830    -6011.372       39.542   313.8
3.3530        -5971.883    -6011.369       39.486   313.3
3.3535        -5971.882    -6011.359       39.477   313.2
3.3540        -5971.915    -6011.342       39.427   312.8
3.3545        -5972.036    -6011.318       39.282   311.7
3.3550        -5972.128    -6011.289       39.160   310.7
3.3555        -5972.012    -6011.253       39.241   311.4
3.3560        -5972.019    -6011.210       39.191   311.0
3.3565        -5972.060    -6011.158       39.098   310.2
3.3570        -5971.968    -6011.099       39.131   310.5
3.3575        -5971.881    -6011.036       39.156   310.7
3.3580        -5971.811    -6010.968       39.157   310.7
3.3585        -5971.817    -6010.896       39.078   310.1
3.3590        -5971.798    -6010.819       39.020   309.6
3.3595        -5971.808    -6010.740       38.932   308.9
3.3600        -5971.630    -6010.659       39.030   309.7
3.3605        -5971.600    -6010.575       38.976   309.3
3.3610        -5971.487    -6010.489       39.002   309.5
3.3615        -5971.426    -6010.399       38.973   309.2
3.3620        -5971.426    -6010.306       38.880   308.5
3.3625        -5971.374    -6010.211       38.836   308.2
3.3630        -5971.311    -6010.114       38.803   307.9
3.3635        -5971.318    -6010.016       38.698   307.1
3.3640        -5971.206    -6009.917       38.711   307.2
3.3645        -5971.328    -6009.816       38.489   305.4
3.3650        -5971.231    -6009.718       38.487   305.4
3.3655        -5971.181    -6009.623       38.442   305.0
3.3660        -5971.164    -6009.531       38.368   304.4
3.3665        -5971.310    -6009.444       38.134   302.6
3.3670        -5971.297    -6009.361       38.065   302.0
3.3675        -5971.273    -6009.285       38.012   301.6
3.3680        -5971.218    -6009.212       37.994   301.5
3.3685        -5971.277    -6009.146       37.869   300.5
3.3690        -5971.303    -6009.087       37.784   299.8
3.3695        -5971.411    -6009.038       37.627   298.6
3.3700        -5971.379    -6008.995       37.616   298.5
3.3705        -5971.296    -6008.961       37.665   298.9
3.3710        -5971.405    -6008.933       37.529   297.8
3.3715        -5971.349    -6008.912       37.563   298.1
3.3720        -5971.281    -6008.899       37.618   298.5
3.3725        -5971.255    -6008.893       37.638   298.6
3.3730        -5971.236    -6008.895       37.658   298.8
3.3735        -5971.295    -6008.902       37.607   298.4
3.3740        -5971.342    -6008.917       37.575   298.1
3.3745        -5971.345    -6008.942       37.596   298.3
3.3750        -5971.286    -6008.975       37.689   299.0
3.3755        -5971.227    -6009.015       37.788   299.8
3.3760        -5971.260    -6009.062       37.801   299.9
3.3765        -5971.281    -6009.113       37.832   300.2
3.3770        -5971.298    -6009.173       37.875   300.5
3.3775        -5971.215    -6009.236       38.021   301.7
3.3780        -5971.237    -6009.303       38.066   302.0
3.3785        -5971.300    -6009.374       38.074   302.1
3.3790        -5971.332    -6009.448       38.116   302.4
3.3795        -5971.281    -6009.522       38.241   303.4
3.3800        -5971.326    -6009.594       38.268   303.6
3.3805        -5971.265    -6009.661       38.396   304.7
3.3810        -5971.295    -6009.724       38.429   304.9
3.3815        -5971.251    -6009.781       38.530   305.7
3.3820        -5971.216    -6009.833       38.617   306.4
3.3825        -5971.173    -6009.879       38.706   307.1
3.3830        -5971.155    -6009.919       38.764   307.6
3.3835        -5971.023    -6009.951       38.928   308.9
3.3840        -5971.023    -6009.974       38.951   309.1
3.3845        -5970.962    -6009.992       39.030   309.7
3.3850        -5970.961    -6010.001       39.040   309.8
3.3855        -5970.920    -6010.002       39.082   310.1
3.3860        -5970.930    -6009.996       39.066   310.0
3.3865        -5970.912    -6009.983       39.070   310.0
3.3870        -5971.021    -6009.962       38.942   309.0
3.3875        -5970.960    -6009.937       38.977   309.3
3.3880        -5970.842    -6009.908       39.067   310.0
3.3885        -5970.759    -6009.874       39.115   310.4
3.3890        -5970.770    -6009.835       39.065   310.0
3.3895        -5970.806    -6009.795       38.989   309.4
3.3900        -5970.749    -6009.752       39.003   309.5
3.3905        -5970.814    -6009.704       38.890   308.6
3.3910        -5970.780    -6009.651       38.871   308.4
3.3915        -5970.815    -6009.596       38.781   307.7
3.3920        -5970.848    -6009.537       38.689   307.0
3.3925        -5970.835    -6009.477       38.643   306.6
3.3930        -5970.750    -6009.415       38.666   306.8
3.3935        -5970.761    -6009.355       38.594   306.2
3.3940        -5970.755    -6009.296       38.542   305.8
3.3945        -5970.763    -6009.237       38.474   305.3
3.3950        -5970.666    -6009.180       38.514   305.6
3.3955        -5970.686    -6009.126       38.439   305.0
3.3960        -5970.608    -6009.070       38.462   305.2
3.3965        -5970.697    -6009.017       38.320   304.1
3.3970        -5970.613    -6008.966       38.353   304.3
3.3975        -5970.593    -6008.920       38.327   304.1
3.3980        -5970.621    -6008.878       38.257   303.6
3.3985        -5970.570    -6008.842       38.272   303.7
3.3990        -5970.643    -6008.810       38.167   302.8
3.3995        -5970.648    -6008.785       38.136   302.6
3.4000        -5970.685    -6008.767       38.082   302.2
3.4005        -5970.887    -6008.756       37.870   300.5
3.4010        -5970.788    -6008.754       37.966   301.2
3.4015        -5970.752    -6008.760       38.009   301.6
3.4020        -5970.678    -6008.773       38.095   302.3
3.4025        -5970.639    -6008.793       38.154   302.7
3.4030        -5970.568    -6008.821       38.253   303.5
3.4035        -5970.600    -6008.856       38.256   303.5
3.4040        -5970.574    -6008.896       38.322   304.1
3.4045        -5970.578    -6008.942       38.364   304.4
3.4050        -5970.650    -6008.994       38.344   304.2
3.4055        -5970.636    -6009.052       38.416   304.8
3.4060        -5970.591    -6009.119       38.528   305.7
3.4065        -5970.657    -6009.191       38.533   305.8
3.4070        -5970.680    -6009.266       38.586   306.2
3.4075        -5970.613    -6009.348       38.736   307.4
3.4080        -5970.630    -6009.434       38.804   307.9
3.4085        -5970.661    -6009.522       38.861   308.4
3.4090        -5970.661    -6009.611       38.950   309.1
3.4095        -5970.596    -6009.701       39.106   310.3
3.4100        -5970.537    -6009.792       39.255   311.5
3.4105        -5970.493    -6009.884       39.391   312.6
3.4110        -5970.465    -6009.975       39.510   313.5
3.4115        -5970.479    -6010.065       39.586   314.1
3.4120        -5970.464    -6010.153       39.688   314.9
3.4125        -5970.470    -6010.237       39.767   315.5
3.4130        -5970.410    -6010.317       39.908   316.7
3.4135        -5970.482    -6010.390       39.908   316.7
3.4140        -5970.556    -6010.454       39.898   316.6
3.4145        -5970.617    -6010.509       39.892   316.5
3.4150        -5970.489    -6010.559       40.070   317.9
3.4155        -5970.553    -6010.600       40.047   317.8
3.4160        -5970.609    -6010.631       40.022   317.6
3.4165        -5970.691    -6010.654       39.964   317.1
3.4170        -5970.576    -6010.670       40.095   318.1
3.4175        -5970.625    -6010.678       40.053   317.8
3.4180        -5970.616    -6010.677       40.061   317.9
3.4185        -5970.646    -6010.667       40.022   317.6
3.4190        -5970.607    -6010.649       40.042   317.7
3.4195        -5970.595    -6010.622       40.027   317.6
3.4200        -5970.535    -6010.587       40.052   317.8
3.4205        -5970.441    -6010.541       40.100   318.2
3.4210        -5970.360    -6010.489       40.129   318.4
3.4215        -5970.407    -6010.429       40.022   317.6
3.4220        -5970.472    -6010.362       39.889   316.5
3.4225        -5970.584    -6010.285       39.701   315.0
3.4230        -5970.593    -6010.205       39.612   314.3
3.4235        -5970.554    -6010.121       39.568   314.0
3.4240        -5970.548    -6010.032       39.484   313.3
3.4245        -5970.556    -6009.940       39.384   312.5
3.4250        -5970.591    -6009.846       39.255   311.5
3.4255        -5970.655    -6009.749       39.094   310.2
3.4260        -5970.636    -6009.653       39.017   309.6
3.4265        -5970.529    -6009.557       39.028   309.7
3.4270        -5970.554    -6009.462       38.908   308.7
3.4275        -5970.614    -6009.371       38.758   307.5
3.4280        -5970.601    -6009.286       38.685   307.0
3.4285        -5970.698    -6009.206       38.508   305.5
3.4290        -5970.762    -6009.131       38.369   304.5
3.4295        -5970.740    -6009.066       38.326   304.1
3.4300        -5970.731    -6009.007       38.276   303.7
3.4305        -5970.767    -6008.956       38.189   303.0
3.4310        -5970.872    -6008.913       38.041   301.8
3.4315        -5970.906    -6008.880       37.974   301.3
3.4320        -5971.028    -6008.858       37.829   300.2
3.4325        -5970.897    -6008.844       37.947   301.1
3.4330        -5970.846    -6008.840       37.994   301.5
3.4335        -5970.841    -6008.843       38.003   301.5
3.4340        -5970.847    -6008.856       38.009   301.6
3.4345        -5970.897    -6008.877       37.980   301.4
3.4350        -5970.858    -6008.906       38.047   301.9
3.4355        -5970.857    -6008.939       38.081   302.2
3.4360        -5970.855    -6008.978       38.122   302.5
3.4365        -5970.890    -6009.024       38.134   302.6
3.4370        -5970.955    -6009.075       38.120   302.5
3.4375        -5971.008    -6009.131       38.124   302.5
3.4380        -5971.045    -6009.194       38.149   302.7
3.4385        -5970.962    -6009.261       38.299   303.9
3.4390        -5970.885    -6009.333       38.448   305.1
3.4395        -5970.880    -6009.408       38.527   305.7
3.4400        -5970.900    -6009.487       38.586   306.2
3.4405        -5970.984    -6009.568       38.584   306.2
3.4410        -5970.991    -6009.650       38.658   306.7
3.4415        -5971.067    -6009.733       38.666   306.8
3.4420        -5971.103    -6009.818       38.714   307.2
3.4425        -5971.112    -6009.903       38.790   307.8
3.4430        -5971.100    -6009.986       38.886   308.5
3.4435        -5971.019    -6010.069       39.050   309.8
3.4440        -5970.987    -6010.150       39.163   310.7
3.4445        -5971.059    -6010.228       39.169   310.8
3.4450        -5971.038    -6010.301       39.263   311.5
3.4455        -5971.038    -6010.372       39.334   312.1
3.4460        -5971.030    -6010.437       39.407   312.7
3.4465        -5971.070    -6010.496       39.425   312.8
3.4470        -5971.051    -6010.547       39.496   313.4
3.4475        -5971.142    -6010.593       39.451   313.0
3.4480        -5971.243    -6010.633       39.389   312.5
3.4485        -5971.126    -6010.667       39.541   313.7
3.4490        -5971.096    -6010.697       39.600   314.2
3.4495        -5971.052    -6010.720       39.668   314.8
3.4500        -5971.011    -6010.737       39.726   315.2
3.4505        -5971.094    -6010.747       39.653   314.6
3.4510        -5971.172    -6010.752       39.580   314.1
3.4515        -5971.255    -6010.749       39.495   313.4
3.4520        -5971.366    -6010.741       39.374   312.4
3.4525        -5971.432    -6010.725       39.293   311.8
3.4530        -5971.377    -6010.704       39.327   312.1
3.4535        -5971.451    -6010.677       39.226   311.2
3.4540        -5971.428    -6010.645       39.217   311.2
3.4545        -5971.434    -6010.607       39.173   310.8
3.4550        -5971.433    -6010.562       39.129   310.5
3.4555        -5971.443    -6010.513       39.070   310.0
3.4560        -5971.466    -6010.460       38.994   309.4
3.4565        -5971.536    -6010.401       38.865   308.4
3.4570        -5971.566    -6010.338       38.772   307.6
3.4575        -5971.539    -6010.273       38.734   307.3
3.4580        -5971.511    -6010.206       38.695   307.0
3.4585        -5971.628    -6010.137       38.509   305.6
3.4590        -5971.763    -6010.067       38.304   303.9
3.4595        -5971.792    -6009.996       38.204   303.1
3.4600        -5971.872    -6009.923       38.051   301.9
3.4605        -5971.872    -6009.849       37.978   301.3
3.4610        -5971.973    -6009.779       37.806   300.0
3.4615        -5971.966    -6009.710       37.744   299.5
3.4620        -5971.955    -6009.642       37.687   299.0
3.4625        -5971.967    -6009.577       37.610   298.4
3.4630        -5971.980    -6009.513       37.533   297.8
3.4635        -5971.981    -6009.450       37.469   297.3
3.4640        -5971.911    -6009.391       37.480   297.4
3.4645        -5971.914    -6009.337       37.422   296.9
3.4650        -5971.790    -6009.288       37.498   297.5
3.4655        -5971.810    -6009.243       37.433   297.0
3.4660        -5971.813    -6009.202       37.390   296.7
3.4665        -5971.763    -6009.165       37.403   296.8
3.4670        -5971.788    -6009.132       37.344   296.3
3.4675        -5971.920    -6009.106       37.186   295.1
3.4680        -5971.939    -6009.084       37.145   294.7
3.4685        -5971.941    -6009.069       37.128   294.6
3.4690        -5971.802    -6009.060       37.258   295.6
3.4695        -5971.703    -6009.055       37.352   296.4
3.4700        -5971.713    -6009.054       37.341   296.3
3.4705        -5971.852    -6009.057       37.206   295.2
3.4710        -5971.813    -6009.063       37.251   295.6
3.4715        -5971.742    -6009.074       37.333   296.2
3.4720        -5971.782    -6009.091       37.309   296.0
3.4725        -5971.828    -6009.113       37.285   295.8
3.4730        -5971.889    -6009.139       37.251   295.6
3.4735        -5971.792    -6009.168       37.376   296.6
3.4740        -5971.953    -6009.201       37.248   295.6
3.4745        -5971.989    -6009.237       37.248   295.6
3.4750        -5972.007    -6009.276       37.269   295.7
3.4755        -5972.056    -6009.320       37.264   295.7
3.4760        -5972.106    -6009.367       37.261   295.7
3.4765        -5972.199    -6009.416       37.218   295.3
3.4770        -5972.197    -6009.468       37.271   295.7
3.4775        -5972.213    -6009.525       37.312   296.1
3.4780        -5972.247    -6009.585       37.338   296.3
3.4785        -5972.237    -6009.647       37.410   296.8
3.4790        -5972.304    -6009.712       37.408   296.8
3.4795        -5972.263    -6009.776       37.513   297.7
3.4800        -5972.207    -6009.841       37.634   298.6
3.4805        -5972.112    -6009.904       37.792   299.9
3.4810        -5972.241    -6009.969       37.728   299.4
3.4815        -5972.225    -6010.032       37.807   300.0
3.4820        -5972.319    -6010.090       37.772   299.7
3.4825        -5972.328    -6010.147       37.819   300.1
3.4830        -5972.221    -6010.199       37.978   301.3
3.4835        -5972.115    -6010.244       38.129   302.5
3.4840        -5972.032    -6010.283       38.252   303.5
3.4845        -5972.029    -6010.318       38.290   303.8
3.4850        -5971.900    -6010.350       38.450   305.1
3.4855        -5971.927    -6010.374       38.447   305.1
3.4860        -5971.924    -6010.392       38.468   305.2
3.4865        -5971.885    -6010.404       38.519   305.6
3.4870        -5971.784    -6010.410       38.627   306.5
3.4875        -5971.771    -6010.412       38.640   306.6
3.4880        -5971.827    -6010.408       38.581   306.1
3.4885        -5971.825    -6010.400       38.575   306.1
3.4890        -5971.847    -6010.389       38.542   305.8
3.4895        -5971.861    -6010.374       38.513   305.6
3.4900        -5971.923    -6010.357       38.434   305.0
3.4905        -5971.899    -6010.336       38.437   305.0
3.4910        -5971.931    -6010.311       38.381   304.5
3.4915        -5971.853    -6010.283       38.430   304.9
3.4920        -5971.754    -6010.252       38.498   305.5
3.4925        -5971.716    -6010.215       38.499   305.5
3.4930        -5971.614    -6010.176       38.562   306.0
3.4935        -5971.529    -6010.137       38.607   306.3
3.4940        -5971.607    -6010.097       38.489   305.4
3.4945        -5971.592    -6010.054       38.462   305.2
3.4950        -5971.563    -6010.007       38.444   305.0
3.4955        -5971.547    -6009.961       38.414   304.8
3.4960        -5971.513    -6009.915       38.403   304.7
3.4965        -5971.450    -6009.870       38.420   304.9
3.4970        -5971.349    -6009.827       38.479   305.3
3.4975        -5971.337    -6009.784       38.448   305.1
3.4980        -5971.268    -6009.742       38.474   305.3
3.4985        -5971.406    -6009.702       38.296   303.9
3.4990        -5971.362    -6009.663       38.301   303.9
3.4995        -5971.402    -6009.625       38.223   303.3
3.5000        -5971.435    -6009.591       38.156   302.8
3.5005        -5971.370    -6009.559       38.189   303.0
3.5010        -5971.362    -6009.530       38.168   302.9
3.5015        -5971.408    -6009.506       38.098   302.3
3.5020        -5971.331    -6009.485       38.154   302.7
3.5025        -5971.340    -6009.470       38.130   302.5
3.5030        -5971.279    -6009.460       38.181   303.0
3.5035        -5971.195    -6009.455       38.260   303.6
3.5040        -5971.172    -6009.455       38.283   303.8
3.5045        -5971.296    -6009.460       38.164   302.8
3.5050        -5971.309    -6009.471       38.162   302.8
3.5055        -5971.352    -6009.489       38.137   302.6
3.5060        -5971.177    -6009.516       38.339   304.2
3.5065        -5971.225    -6009.553       38.327   304.1
3.5070        -5971.326    -6009.598       38.272   303.7
3.5075        -5971.300    -6009.651       38.350   304.3
3.5080        -5971.381    -6009.711       38.330   304.1
3.5085        -5971.382    -6009.781       38.399   304.7
3.5090        -5971.276    -6009.861       38.584   306.2
3.5095        -5971.190    -6009.947       38.756   307.5
3.5100        -5971.184    -6010.039       38.855   308.3
3.5105        -5971.196    -6010.134       38.938   309.0
3.5110        -5971.010    -6010.230       39.220   311.2
3.5115        -5971.119    -6010.325       39.206   311.1
3.5120        -5971.091    -6010.418       39.327   312.1
3.5125        -5971.248    -6010.511       39.263   311.5
3.5130        -5971.266    -6010.603       39.336   312.1
3.5135        -5971.196    -6010.696       39.500   313.4
3.5140        -5971.255    -6010.789       39.534   313.7
3.5145        -5971.171    -6010.881       39.710   315.1
3.5150        -5971.130    -6010.969       39.839   316.1
3.5155        -5971.168    -6011.053       39.885   316.5
3.5160        -5971.281    -6011.133       39.852   316.2
3.5165        -5971.204    -6011.207       40.003   317.4
3.5170        -5971.196    -6011.275       40.079   318.0
3.5175        -5971.221    -6011.336       40.116   318.3
3.5180        -5971.285    -6011.389       40.104   318.2
3.5185        -5971.209    -6011.437       40.228   319.2
3.5190        -5971.162    -6011.478       40.316   319.9
3.5195        -5971.184    -6011.512       40.328   320.0
3.5200        -5971.122    -6011.539       40.416   320.7
3.5205        -5971.167    -6011.560       40.394   320.5
3.5210        -5971.261    -6011.576       40.314   319.9
3.5215        -5971.149    -6011.585       40.436   320.8
3.5220        -5971.189    -6011.589       40.400   320.6
3.5225        -5971.243    -6011.588       40.345   320.1
3.5230        -5971.222    -6011.582       40.361   320.3
3.5235        -5971.346    -6011.569       40.223   319.2
3.5240        -5971.379    -6011.552       40.173   318.8
3.5245        -5971.500    -6011.531       40.031   317.6
3.5250        -5971.471    -6011.507       40.036   317.7
3.5255        -5971.417    -6011.480       40.062   317.9
3.5260        -5971.391    -6011.451       40.059   317.9
3.5265        -5971.349    -6011.422       40.073   318.0
3.5270        -5971.357    -6011.393       40.036   317.7
3.5275        -5971.308    -6011.364       40.056   317.8
3.5280        -5971.319    -6011.333       40.014   317.5
3.5285        -5971.348    -6011.301       39.952   317.0
3.5290        -5971.393    -6011.267       39.874   316.4
3.5295        -5971.411    -6011.231       39.820   316.0
3.5300        -5971.423    -6011.195       39.772   315.6
3.5305        -5971.450    -6011.160       39.710   315.1
3.5310        -5971.294    -6011.126       39.831   316.1
3.5315        -5971.316    -6011.091       39.775   315.6
3.5320        -5971.288    -6011.058       39.771   315.6
3.5325        -5971.309    -6011.027       39.718   315.1
3.5330        -5971.378    -6010.997       39.619   314.4
3.5335        -5971.372    -6010.971       39.599   314.2
3.5340        -5971.347    -6010.946       39.599   314.2
3.5345        -5971.344    -6010.922       39.578   314.0
3.5350        -5971.387    -6010.901       39.514   313.5
3.5355        -5971.487    -6010.880       39.393   312.6
3.5360        -5971.504    -6010.859       39.355   312.3
3.5365        -5971.432    -6010.841       39.409   312.7
3.5370        -5971.357    -6010.828       39.471   313.2
3.5375        -5971.280    -6010.819       39.540   313.7
3.5380        -5971.310    -6010.815       39.505   313.5
3.5385        -5971.269    -6010.815       39.545   313.8
3.5390        -5971.386    -6010.818       39.432   312.9
3.5395        -5971.327    -6010.824       39.497   313.4
3.5400        -5971.194    -6010.832       39.638   314.5
3.5405        -5971.136    -6010.843       39.707   315.1
3.5410        -5971.219    -6010.857       39.638   314.5
3.5415        -5971.339    -6010.875       39.536   313.7
3.5420        -5971.254    -6010.895       39.641   314.5
3.5425        -5971.268    -6010.917       39.649   314.6
3.5430        -5971.170    -6010.940       39.769   315.6
3.5435        -5971.255    -6010.965       39.711   315.1
3.5440        -5971.185    -6010.993       39.808   315.9
3.5445        -5971.131    -6011.020       39.888   316.5
3.5450        -5971.126    -6011.049       39.922   316.8
3.5455        -5971.133    -6011.078       39.944   316.9
3.5460        -5971.209    -6011.103       39.894   316.5
3.5465        -5971.210    -6011.126       39.916   316.7
3.5470        -5971.321    -6011.148       39.827   316.0
3.5475        -5971.351    -6011.168       39.817   315.9
3.5480        -5971.270    -6011.184       39.913   316.7
3.5485        -5971.379    -6011.199       39.821   316.0
3.5490        -5971.410    -6011.212       39.802   315.8
3.5495        -5971.328    -6011.223       39.894   316.6
3.5500        -5971.332    -6011.231       39.899   316.6
3.5505        -5971.325    -6011.239       39.914   316.7
3.5510        -5971.258    -6011.244       39.986   317.3
3.5515        -5971.342    -6011.247       39.905   316.6
3.5520        -5971.431    -6011.246       39.815   315.9
3.5525        -5971.424    -6011.241       39.818   315.9
3.5530        -5971.445    -6011.234       39.789   315.7
3.5535        -5971.382    -6011.224       39.841   316.1
3.5540        -5971.489    -6011.210       39.720   315.2
3.5545        -5971.569    -6011.193       39.624   314.4
3.5550        -5971.715    -6011.172       39.458   313.1
3.5555        -5971.689    -6011.149       39.460   313.1
3.5560        -5971.591    -6011.123       39.532   313.7
3.5565        -5971.656    -6011.094       39.438   312.9
3.5570        -5971.760    -6011.063       39.304   311.9
3.5575        -5971.695    -6011.031       39.336   312.1
3.5580        -5971.734    -6011.000       39.266   311.6
3.5585        -5971.699    -6010.970       39.271   311.6
3.5590        -5971.689    -6010.939       39.249   311.4
3.5595        -5971.751    -6010.904       39.153   310.7
3.5600        -5971.733    -6010.870       39.137   310.5
3.5605        -5971.704    -6010.840       39.136   310.5
3.5610        -5971.592    -6010.808       39.216   311.2
3.5615        -5971.622    -6010.776       39.154   310.7
3.5620        -5971.632    -6010.743       39.112   310.3
3.5625        -5971.476    -6010.711       39.235   311.3
3.5630        -5971.509    -6010.679       39.170   310.8
3.5635        -5971.408    -6010.646       39.237   311.3
3.5640        -5971.356    -6010.615       39.259   311.5
3.5645        -5971.329    -6010.589       39.260   311.5
3.5650        -5971.431    -6010.564       39.133   310.5
3.5655        -5971.427    -6010.539       39.111   310.3
3.5660        -5971.409    -6010.515       39.106   310.3
3.5665        -5971.458    -6010.494       39.035   309.7
3.5670        -5971.511    -6010.476       38.965   309.2
3.5675        -5971.623    -6010.460       38.837   308.2
3.5680        -5971.690    -6010.445       38.755   307.5
3.5685        -5971.721    -6010.429       38.708   307.1
3.5690        -5971.682    -6010.416       38.734   307.3
3.5695        -5971.745    -6010.406       38.661   306.8
3.5700        -5971.756    -6010.398       38.642   306.6
3.5705        -5971.772    -6010.391       38.620   306.4
3.5710        -5971.839    -6010.385       38.546   305.8
3.5715        -5971.777    -6010.380       38.603   306.3
3.5720        -5971.793    -6010.377       38.583   306.1
3.5725        -5971.843    -6010.375       38.532   305.7
3.5730        -5971.875    -6010.376       38.500   305.5
3.5735        -5971.821    -6010.376       38.555   305.9
3.5740        -5971.830    -6010.377       38.548   305.9
3.5745        -5971.855    -6010.383       38.527   305.7
3.5750        -5971.837    -6010.390       38.553   305.9
3.5755        -5971.817    -6010.399       38.583   306.1
3.5760        -5971.743    -6010.408       38.665   306.8
3.5765        -5971.750    -6010.418       38.669   306.8
3.5770        -5971.766    -6010.429       38.662   306.8
3.5775        -5971.810    -6010.440       38.630   306.5
3.5780        -5971.792    -6010.452       38.660   306.8
3.5785        -5971.833    -6010.464       38.631   306.5
3.5790        -5971.943    -6010.477       38.534   305.8
3.5795        -5971.847    -6010.492       38.646   306.6
3.5800        -5971.808    -6010.509       38.700   307.1
3.5805        -5971.803    -6010.523       38.720   307.2
3.5810        -5971.749    -6010.537       38.789   307.8
3.5815        -5971.686    -6010.551       38.864   308.4
3.5820        -5971.719    -6010.565       38.846   308.2
3.5825        -5971.653    -6010.580       38.928   308.9
3.5830        -5971.688    -6010.596       38.908   308.7
3.5835        -5971.658    -6010.610       38.952   309.1
3.5840        -5971.616    -6010.623       39.006   309.5
3.5845        -5971.678    -6010.632       38.954   309.1
3.5850        -5971.698    -6010.641       38.943   309.0
3.5855        -5971.706    -6010.652       38.945   309.0
3.5860        -5971.701    -6010.658       38.958   309.1
3.5865        -5971.724    -6010.661       38.937   309.0
3.5870        -5971.716    -6010.658       38.942   309.0
3.5875        -5971.704    -6010.651       38.947   309.0
3.5880        -5971.686    -6010.639       38.953   309.1
3.5885        -5971.815    -6010.621       38.807   307.9
3.5890        -5971.913    -6010.597       38.684   306.9
3.5895        -5971.946    -6010.566       38.620   306.4
3.5900        -5971.927    -6010.528       38.601   306.3
3.5905        -5971.871    -6010.484       38.613   306.4
3.5910        -5971.956    -6010.436       38.480   305.3
3.5915        -5971.902    -6010.382       38.480   305.3
3.5920        -5971.844    -6010.321       38.477   305.3
3.5925        -5971.964    -6010.256       38.293   303.8
3.5930        -5971.980    -6010.187       38.207   303.2
3.5935        -5972.081    -6010.115       38.033   301.8
3.5940        -5972.031    -6010.038       38.007   301.6
3.5945        -5971.982    -6009.959       37.977   301.3
3.5950        -5972.038    -6009.878       37.840   300.2
3.5955        -5972.035    -6009.795       37.761   299.6
3.5960        -5972.160    -6009.709       37.550   297.9
3.5965        -5972.074    -6009.623       37.549   297.9
3.5970        -5972.065    -6009.537       37.472   297.3
3.5975        -5971.941    -6009.451       37.511   297.6
3.5980        -5971.984    -6009.367       37.383   296.6
3.5985        -5971.903    -6009.285       37.382   296.6
3.5990        -5971.815    -6009.205       37.391   296.7
3.5995        -5971.752    -6009.131       37.379   296.6
3.6000        -5971.734    -6009.061       37.328   296.2
3.6005        -5971.671    -6008.998       37.327   296.2
3.6010        -5971.615    -6008.941       37.325   296.2
3.6015        -5971.645    -6008.888       37.243   295.5
3.6020        -5971.523    -6008.842       37.319   296.1
3.6025        -5971.523    -6008.804       37.280   295.8
3.6030        -5971.599    -6008.774       37.175   295.0
3.6035        -5971.492    -6008.749       37.257   295.6
3.6040        -5971.593    -6008.730       37.137   294.7
3.6045        -5971.556    -6008.719       37.163   294.9
3.6050        -5971.624    -6008.716       37.092   294.3
3.6055        -5971.775    -6008.721       36.946   293.2
3.6060        -5971.716    -6008.730       37.015   293.7
3.6065        -5971.659    -6008.744       37.085   294.3
3.6070        -5971.775    -6008.764       36.990   293.5
3.6075        -5971.741    -6008.789       37.049   294.0
3.6080        -5971.786    -6008.821       37.036   293.9
3.6085        -5971.754    -6008.864       37.110   294.5
3.6090        -5971.755    -6008.913       37.159   294.8
3.6095        -5971.773    -6008.966       37.192   295.1
3.6100        -5971.787    -6009.023       37.236   295.5
3.6105        -5971.760    -6009.084       37.324   296.2
3.6110        -5971.833    -6009.147       37.314   296.1
3.6115        -5971.800    -6009.212       37.413   296.9
3.6120        -5971.836    -6009.281       37.445   297.1
3.6125        -5971.725    -6009.352       37.627   298.6
3.6130        -5971.707    -6009.428       37.721   299.3
3.6135        -5971.854    -6009.506       37.652   298.8
3.6140        -5971.762    -6009.586       37.824   300.1
3.6145        -5971.879    -6009.666       37.787   299.8
3.6150        -5971.804    -6009.748       37.944   301.1
3.6155        -5971.821    -6009.829       38.008   301.6
3.6160        -5971.783    -6009.912       38.129   302.5
3.6165        -5971.805    -6009.995       38.190   303.0
3.6170        -5971.700    -6010.077       38.377   304.5
3.6175        -5971.718    -6010.157       38.439   305.0
3.6180        -5971.616    -6010.234       38.617   306.4
3.6185        -5971.641    -6010.308       38.667   306.8
3.6190        -5971.461    -6010.382       38.920   308.8
3.6195        -5971.555    -6010.453       38.898   308.6
3.6200        -5971.595    -6010.522       38.927   308.9
3.6205        -5971.642    -6010.588       38.946   309.0
3.6210        -5971.651    -6010.651       39.001   309.5
3.6215        -5971.680    -6010.713       39.033   309.7
3.6220        -5971.723    -6010.772       39.049   309.8
3.6225        -5971.703    -6010.827       39.123   310.4
3.6230        -5971.675    -6010.878       39.203   311.1
3.6235        -5971.645    -6010.924       39.280   311.7
3.6240        -5971.550    -6010.967       39.417   312.8
3.6245        -5971.514    -6011.004       39.490   313.3
3.6250        -5971.535    -6011.035       39.500   313.4
3.6255        -5971.479    -6011.059       39.581   314.1
3.6260        -5971.362    -6011.080       39.717   315.1
3.6265        -5971.396    -6011.095       39.699   315.0
3.6270        -5971.303    -6011.104       39.801   315.8
3.6275        -5971.337    -6011.108       39.772   315.6
3.6280        -5971.387    -6011.107       39.720   315.2
3.6285        -5971.410    -6011.104       39.694   315.0
3.6290        -5971.384    -6011.096       39.712   315.1
3.6295        -5971.420    -6011.081       39.661   314.7
3.6300        -5971.452    -6011.061       39.610   314.3
3.6305        -5971.446    -6011.037       39.592   314.1
3.6310        -5971.517    -6011.011       39.494   313.4
3.6315        -5971.511    -6010.984       39.473   313.2
3.6320        -5971.423    -6010.955       39.531   313.7
3.6325        -5971.323    -6010.924       39.602   314.2
3.6330        -5971.295    -6010.894       39.599   314.2
3.6335        -5971.280    -6010.863       39.583   314.1
3.6340        -5971.260    -6010.833       39.573   314.0
3.6345        -5971.196    -6010.802       39.606   314.3
3.6350        -5971.149    -6010.773       39.623   314.4
3.6355        -5971.117    -6010.744       39.627   314.4
3.6360        -5971.097    -6010.715       39.619   314.4
3.6365        -5971.092    -6010.686       39.594   314.2
3.6370        -5971.146    -6010.658       39.512   313.5
3.6375        -5971.117    -6010.629       39.512   313.5
3.6380        -5971.069    -6010.600       39.531   313.7
3.6385        -5971.104    -6010.572       39.468   313.2
3.6390        -5971.082    -6010.548       39.466   313.1
3.6395        -5971.005    -6010.525       39.519   313.6
3.6400        -5970.904    -6010.502       39.598   314.2
3.6405        -5970.861    -6010.478       39.618   314.4
3.6410        -5970.875    -6010.454       39.579   314.1
3.6415        -5970.962    -6010.428       39.466   313.2
3.6420        -5970.799    -6010.402       39.603   314.2
3.6425        -5970.898    -6010.374       39.476   313.2
3.6430        -5970.836    -6010.347       39.511   313.5
3.6435        -5970.782    -6010.317       39.535   313.7
3.6440        -5970.751    -6010.286       39.535   313.7
3.6445        -5970.765    -6010.253       39.488   313.3
3.6450        -5970.833    -6010.223       39.389   312.5
3.6455        -5970.751    -6010.196       39.445   313.0
3.6460        -5970.767    -6010.170       39.402   312.6
3.6465        -5970.813    -6010.143       39.330   312.1
3.6470        -5970.886    -6010.117       39.231   311.3
3.6475        -5970.867    -6010.092       39.224   311.2
3.6480        -5970.904    -6010.066       39.162   310.7
3.6485        -5970.965    -6010.043       39.078   310.1
3.6490        -5970.867    -6010.022       39.156   310.7
3.6495        -5970.910    -6010.003       39.093   310.2
3.6500        -5970.898    -6009.985       39.087   310.1
3.6505        -5970.869    -6009.971       39.102   310.3
3.6510        -5970.911    -6009.958       39.047   309.8
3.6515        -5970.924    -6009.945       39.021   309.6
3.6520        -5970.870    -6009.935       39.066   310.0
3.6525        -5970.924    -6009.928       39.004   309.5
3.6530        -5970.918    -6009.922       39.004   309.5
3.6535        -5970.892    -6009.920       39.028   309.7
3.6540        -5970.905    -6009.917       39.013   309.6
3.6545        -5970.916    -6009.916       39.001   309.5
3.6550        -5970.899    -6009.917       39.018   309.6
3.6555        -5970.854    -6009.921       39.067   310.0
3.6560        -5970.794    -6009.927       39.133   310.5
3.6565        -5970.853    -6009.934       39.081   310.1
3.6570        -5970.959    -6009.944       38.985   309.3
3.6575        -5970.896    -6009.959       39.064   310.0
3.6580        -5970.968    -6009.977       39.009   309.5
3.6585        -5970.981    -6009.995       39.015   309.6
3.6590        -5970.947    -6010.014       39.066   310.0
3.6595        -5971.073    -6010.034       38.961   309.1
3.6600        -5970.992    -6010.056       39.064   310.0
3.6605        -5971.002    -6010.079       39.077   310.1
3.6610        -5970.939    -6010.102       39.163   310.7
3.6615        -5970.995    -6010.126       39.131   310.5
3.6620        -5971.159    -6010.150       38.990   309.4
3.6625        -5971.224    -6010.175       38.951   309.1
3.6630        -5971.137    -6010.203       39.066   310.0
3.6635        -5971.099    -6010.232       39.132   310.5
3.6640        -5971.049    -6010.265       39.216   311.2
3.6645        -5971.024    -6010.301       39.276   311.6
3.6650        -5970.991    -6010.333       39.342   312.2
3.6655        -5970.966    -6010.368       39.402   312.6
3.6660        -5971.019    -6010.398       39.379   312.5
3.6665        -5971.065    -6010.426       39.361   312.3
3.6670        -5971.173    -6010.453       39.280   311.7
3.6675        -5971.166    -6010.479       39.312   311.9
3.6680        -5971.159    -6010.504       39.345   312.2
3.6685        -5971.256    -6010.527       39.272   311.6
3.6690        -5971.156    -6010.546       39.390   312.5
3.6695        -5971.091    -6010.561       39.470   313.2
3.6700        -5971.059    -6010.572       39.513   313.5
3.6705        -5971.015    -6010.579       39.563   313.9
3.6710        -5970.987    -6010.584       39.597   314.2
3.6715        -5971.030    -6010.587       39.557   313.9
3.6720        -5971.026    -6010.587       39.561   313.9
3.6725        -5971.186    -6010.581       39.396   312.6
3.6730        -5971.167    -6010.571       39.405   312.7
3.6735        -5971.250    -6010.556       39.307   311.9
3.6740        -5971.257    -6010.535       39.278   311.7
3.6745        -5971.269    -6010.511       39.242   311.4
3.6750        -5971.245    -6010.484       39.239   311.4
3.6755        -5971.327    -6010.455       39.129   310.5
3.6760        -5971.383    -6010.425       39.042   309.8
3.6765        -5971.400    -6010.394       38.994   309.4
3.6770        -5971.401    -6010.360       38.959   309.1
3.6775        -5971.446    -6010.325       38.878   308.5
3.6780        -5971.651    -6010.287       38.636   306.6
3.6785        -5971.539    -6010.251       38.711   307.2
3.6790        -5971.567    -6010.215       38.648   306.7
3.6795        -5971.550    -6010.178       38.628   306.5
3.6800        -5971.525    -6010.142       38.617   306.4
3.6805        -5971.467    -6010.103       38.636   306.6
3.6810        -5971.515    -6010.063       38.548   305.9
3.6815        -5971.409    -6010.023       38.614   306.4
3.6820        -5971.358    -6009.981       38.623   306.5
3.6825        -5971.301    -6009.940       38.639   306.6
3.6830        -5971.305    -6009.901       38.596   306.2
3.6835        -5971.264    -6009.864       38.599   306.3
3.6840        -5971.283    -6009.830       38.547   305.9
3.6845        -5971.274    -6009.799       38.525   305.7
3.6850        -5971.355    -6009.771       38.416   304.8
3.6855        -5971.312    -6009.746       38.434   305.0
3.6860        -5971.382    -6009.725       38.344   304.2
3.6865        -5971.392    -6009.707       38.316   304.0
3.6870        -5971.517    -6009.694       38.176   302.9
3.6875        -5971.445    -6009.683       38.238   303.4
3.6880        -5971.514    -6009.673       38.159   302.8
3.6885        -5971.487    -6009.665       38.178   302.9
3.6890        -5971.401    -6009.660       38.259   303.6
3.6895        -5971.374    -6009.660       38.285   303.8
3.6900        -5971.340    -6009.662       38.322   304.1
3.6905        -5971.382    -6009.669       38.287   303.8
3.6910        -5971.445    -6009.679       38.234   303.4
3.6915        -5971.507    -6009.690       38.183   303.0
3.6920        -5971.520    -6009.703       38.183   303.0
3.6925        -5971.520    -6009.718       38.198   303.1
3.6930        -5971.638    -6009.737       38.100   302.3
3.6935        -5971.641    -6009.756       38.115   302.4
3.6940        -5971.700    -6009.775       38.075   302.1
3.6945        -5971.748    -6009.792       38.044   301.9
3.6950        -5971.759    -6009.811       38.052   301.9
3.6955        -5971.649    -6009.832       38.183   303.0
3.6960        -5971.689    -6009.856       38.167   302.8
3.6965        -5971.707    -6009.880       38.173   302.9
3.6970        -5971.748    -6009.909       38.161   302.8
3.6975        -5971.656    -6009.940       38.285   303.8
3.6980        -5971.698    -6009.973       38.274   303.7
3.6985        -5971.665    -6010.005       38.340   304.2
3.6990        -5971.599    -6010.043       38.444   305.0
3.6995        -5971.636    -6010.082       38.446   305.1
3.7000        -5971.557    -6010.122       38.565   306.0
3.7005        -5971.666    -6010.162       38.496   305.5
3.7010        -5971.717    -6010.203       38.486   305.4
3.7015        -5971.664    -6010.243       38.579   306.1
3.7020        -5971.720    -6010.281       38.560   306.0
3.7025        -5971.683    -6010.317       38.633   306.5
3.7030        -5971.604    -6010.354       38.749   307.5
3.7035        -5971.653    -6010.390       38.737   307.4
3.7040        -5971.625    -6010.424       38.799   307.9
3.7045        -5971.696    -6010.455       38.759   307.5
3.7050        -5971.663    -6010.484       38.821   308.0
3.7055        -5971.760    -6010.515       38.755   307.5
3.7060        -5971.687    -6010.543       38.856   308.3
3.7065        -5971.679    -6010.568       38.889   308.6
3.7070        -5971.724    -6010.590       38.865   308.4
3.7075        -5971.839    -6010.607       38.769   307.6
3.7080        -5971.809    -6010.620       38.811   308.0
3.7085        -5971.800    -6010.628       38.828   308.1
3.7090        -5971.874    -6010.635       38.761   307.6
3.7095        -5971.725    -6010.640       38.915   308.8
3.7100        -5971.693    -6010.643       38.950   309.1
3.7105        -5971.654    -6010.644       38.990   309.4
3.7110        -5971.611    -6010.644       39.033   309.7
3.7115        -5971.682    -6010.644       38.962   309.2
3.7120        -5971.739    -6010.642       38.903   308.7
3.7125        -5971.875    -6010.641       38.766   307.6
3.7130        -5971.969    -6010.640       38.671   306.8
3.7135        -5972.033    -6010.638       38.605   306.3
3.7140        -5972.056    -6010.635       38.579   306.1
3.7145        -5972.081    -6010.633       38.552   305.9
3.7150        -5972.015    -6010.632       38.617   306.4
3.7155        -5972.087    -6010.631       38.544   305.8
3.7160        -5972.058    -6010.634       38.576   306.1
3.7165        -5972.057    -6010.634       38.577   306.1
3.7170        -5972.114    -6010.635       38.521   305.7
3.7175        -5972.204    -6010.635       38.431   304.9
3.7180        -5972.142    -6010.633       38.491   305.4
3.7185        -5972.139    -6010.629       38.490   305.4
3.7190        -5972.210    -6010.624       38.414   304.8
3.7195        -5972.164    -6010.618       38.454   305.1
3.7200        -5971.947    -6010.612       38.665   306.8
3.7205        -5972.051    -6010.604       38.553   305.9
3.7210        -5971.977    -6010.593       38.616   306.4
3.7215        -5972.090    -6010.579       38.489   305.4
3.7220        -5972.097    -6010.557       38.460   305.2
3.7225        -5972.120    -6010.529       38.409   304.8
3.7230        -5972.140    -6010.494       38.354   304.3
3.7235        -5971.994    -6010.453       38.459   305.2
3.7240        -5971.972    -6010.406       38.434   305.0
3.7245        -5971.927    -6010.351       38.424   304.9
3.7250        -5971.897    -6010.289       38.392   304.6
3.7255        -5971.905    -6010.222       38.317   304.0
3.7260        -5971.883    -6010.147       38.264   303.6
3.7265        -5971.988    -6010.066       38.078   302.1
3.7270        -5971.889    -6009.979       38.090   302.2
3.7275        -5971.842    -6009.890       38.048   301.9
3.7280        -5971.850    -6009.797       37.947   301.1
3.7285        -5971.810    -6009.702       37.892   300.7
3.7290        -5971.778    -6009.605       37.827   300.1
3.7295        -5971.738    -6009.506       37.768   299.7
3.7300        -5971.761    -6009.405       37.645   298.7
3.7305        -5971.798    -6009.304       37.505   297.6
3.7310        -5971.822    -6009.203       37.381   296.6
3.7315        -5971.887    -6009.105       37.218   295.3
3.7320        -5972.085    -6009.013       36.928   293.0
3.7325        -5972.070    -6008.926       36.856   292.4
3.7330        -5972.048    -6008.844       36.797   292.0
3.7335        -5972.045    -6008.769       36.724   291.4
3.7340        -5972.087    -6008.703       36.616   290.5
3.7345        -5972.021    -6008.645       36.623   290.6
3.7350        -5972.092    -6008.594       36.502   289.6
3.7355        -5972.091    -6008.551       36.459   289.3
3.7360        -5972.089    -6008.516       36.427   289.0
3.7365        -5972.141    -6008.491       36.350   288.4
3.7370        -5971.977    -6008.477       36.500   289.6
3.7375        -5971.900    -6008.472       36.571   290.2
3.7380        -5971.952    -6008.477       36.524   289.8
3.7385        -5971.948    -6008.494       36.546   290.0
3.7390        -5971.893    -6008.522       36.629   290.6
3.7395        -5971.893    -6008.558       36.665   290.9
3.7400        -5971.902    -6008.600       36.698   291.2
3.7405        -5971.876    -6008.648       36.772   291.8
3.7410        -5971.904    -6008.700       36.796   292.0
3.7415        -5971.887    -6008.759       36.872   292.6
3.7420        -5971.867    -6008.823       36.956   293.2
3.7425        -5971.949    -6008.888       36.938   293.1
3.7430        -5971.986    -6008.955       36.969   293.3
3.7435        -5972.085    -6009.023       36.938   293.1
3.7440        -5972.062    -6009.092       37.030   293.8
3.7445        -5972.048    -6009.163       37.115   294.5
3.7450        -5971.998    -6009.235       37.236   295.5
3.7455        -5972.005    -6009.308       37.303   296.0
3.7460        -5972.093    -6009.382       37.289   295.9
3.7465        -5972.082    -6009.455       37.373   296.5
3.7470        -5972.045    -6009.527       37.482   297.4
3.7475        -5972.101    -6009.599       37.498   297.5
3.7480        -5972.138    -6009.669       37.531   297.8
3.7485        -5972.191    -6009.738       37.547   297.9
3.7490        -5972.200    -6009.805       37.605   298.4
3.7495        -5972.140    -6009.873       37.732   299.4
3.7500        -5972.022    -6009.937       37.915   300.8
3.7505        -5972.024    -6009.997       37.973   301.3
3.7510        -5972.046    -6010.056       38.010   301.6
3.7515        -5972.045    -6010.115       38.069   302.1
3.7520        -5971.975    -6010.174       38.198   303.1
3.7525        -5971.936    -6010.228       38.292   303.8
3.7530        -5971.856    -6010.279       38.423   304.9
3.7535        -5971.812    -6010.328       38.516   305.6
3.7540        -5971.831    -6010.376       38.545   305.8
3.7545        -5971.856    -6010.420       38.564   306.0
3.7550        -5971.897    -6010.457       38.560   306.0
3.7555        -5971.817    -6010.488       38.672   306.8
3.7560        -5971.723    -6010.516       38.793   307.8
3.7565        -5971.681    -6010.537       38.856   308.3
3.7570        -5971.705    -6010.554       38.849   308.3
3.7575        -5971.721    -6010.569       38.849   308.3
3.7580        -5971.623    -6010.580       38.957   309.1
3.7585        -5971.655    -6010.588       38.933   308.9
3.7590        -5971.607    -6010.593       38.986   309.3
3.7595        -5971.733    -6010.598       38.865   308.4
3.7600        -5971.729    -6010.600       38.871   308.4
3.7605        -5971.553    -6010.599       39.046   309.8
3.7610        -5971.565    -6010.597       39.031   309.7
3.7615        -5971.532    -6010.595       39.063   310.0
3.7620        -5971.541    -6010.591       39.050   309.9
3.7625        -5971.561    -6010.586       39.026   309.7
3.7630        -5971.531    -6010.581       39.050   309.9
3.7635        -5971.491    -6010.576       39.085   310.1
3.7640        -5971.518    -6010.569       39.051   309.9
3.7645        -5971.533    -6010.563       39.030   309.7
3.7650        -5971.554    -6010.554       39.001   309.5
3.7655        -5971.590    -6010.544       38.954   309.1
3.7660        -5971.560    -6010.538       38.979   309.3
3.7665        -5971.579    -6010.534       38.955   309.1
3.7670        -5971.614    -6010.532       38.918   308.8
3.7675        -5971.681    -6010.530       38.849   308.3
3.7680        -5971.714    -6010.529       38.815   308.0
3.7685        -5971.610    -6010.531       38.921   308.8
3.7690        -5971.649    -6010.536       38.886   308.6
3.7695        -5971.779    -6010.542       38.763   307.6
3.7700        -5971.824    -6010.553       38.729   307.3
3.7705        -5971.740    -6010.569       38.829   308.1
3.7710        -5971.626    -6010.587       38.962   309.2
3.7715        -5971.663    -6010.609       38.946   309.0
3.7720        -5971.724    -6010.635       38.911   308.7
3.7725        -5971.781    -6010.663       38.882   308.5
3.7730        -5971.810    -6010.695       38.885   308.5
3.7735        -5971.734    -6010.730       38.996   309.4
3.7740        -5971.715    -6010.767       39.052   309.9
3.7745        -5971.768    -6010.804       39.037   309.7
3.7750        -5971.815    -6010.843       39.028   309.7
3.7755        -5971.908    -6010.882       38.973   309.2
3.7760        -5971.933    -6010.922       38.989   309.4
3.7765        -5971.964    -6010.960       38.996   309.4
3.7770        -5971.878    -6010.997       39.119   310.4
3.7775        -5971.905    -6011.034       39.129   310.5
3.7780        -5971.928    -6011.072       39.144   310.6
3.7785        -5972.109    -6011.108       38.999   309.4
3.7790        -5972.104    -6011.145       39.041   309.8
3.7795        -5972.068    -6011.182       39.114   310.4
3.7800        -5972.080    -6011.217       39.137   310.5
3.7805        -5972.068    -6011.252       39.184   310.9
3.7810        -5971.994    -6011.284       39.290   311.8
3.7815        -5971.930    -6011.314       39.384   312.5
3.7820        -5971.948    -6011.343       39.395   312.6
3.7825        -5971.949    -6011.370       39.422   312.8
3.7830        -5971.976    -6011.394       39.418   312.8
3.7835        -5971.997    -6011.414       39.417   312.8
3.7840        -5971.994    -6011.430       39.436   312.9
3.7845        -5972.055    -6011.445       39.390   312.5
3.7850        -5972.124    -6011.456       39.332   312.1
3.7855        -5972.097    -6011.461       39.364   312.3
3.7860        -5972.166    -6011.464       39.298   311.8
3.7865        -5972.267    -6011.463       39.196   311.0
3.7870        -5972.316    -6011.461       39.145   310.6
3.7875        -5972.379    -6011.458       39.079   310.1
3.7880        -5972.305    -6011.452       39.148   310.6
3.7885        -5972.351    -6011.447       39.095   310.2
3.7890        -5972.452    -6011.439       38.987   309.4
3.7895        -5972.543    -6011.429       38.886   308.5
3.7900        -5972.586    -6011.421       38.835   308.1
3.7905        -5972.707    -6011.409       38.703   307.1
3.7910        -5972.570    -6011.396       38.826   308.1
3.7915        -5972.596    -6011.380       38.785   307.7
3.7920        -5972.631    -6011.364       38.733   307.3
3.7925        -5972.587    -6011.347       38.760   307.5
3.7930        -5972.590    -6011.328       38.738   307.4
3.7935        -5972.529    -6011.308       38.779   307.7
3.7940        -5972.541    -6011.286       38.745   307.4
3.7945        -5972.477    -6011.266       38.789   307.8
3.7950        -5972.434    -6011.247       38.812   308.0
3.7955        -5972.393    -6011.228       38.836   308.2
3.7960        -5972.293    -6011.211       38.918   308.8
3.7965        -5972.348    -6011.193       38.845   308.2
3.7970        -5972.356    -6011.176       38.820   308.0
3.7975        -5972.398    -6011.160       38.761   307.6
3.7980        -5972.377    -6011.140       38.762   307.6
3.7985        -5972.380    -6011.117       38.737   307.4
3.7990        -5972.366    -6011.092       38.726   307.3
3.7995        -5972.452    -6011.068       38.616   306.4
3.8000        -5972.434    -6011.042       38.608   306.3
3.8005        -5972.398    -6011.013       38.615   306.4
3.8010        -5972.464    -6010.983       38.519   305.6
3.8015        -5972.473    -6010.952       38.479   305.3
3.8020        -5972.411    -6010.918       38.508   305.5
3.8025        -5972.381    -6010.883       38.502   305.5
3.8030        -5972.328    -6010.846       38.518   305.6
3.8035        -5972.340    -6010.809       38.470   305.2
3.8040        -5972.339    -6010.770       38.431   304.9
3.8045        -5972.367    -6010.727       38.361   304.4
3.8050        -5972.331    -6010.684       38.353   304.3
3.8055        -5972.453    -6010.640       38.187   303.0
3.8060        -5972.442    -6010.596       38.153   302.7
3.8065        -5972.519    -6010.552       38.033   301.8
3.8070        -5972.586    -6010.508       37.923   300.9
3.8075        -5972.610    -6010.467       37.857   300.4
3.8080        -5972.594    -6010.425       37.831   300.2
3.8085        -5972.664    -6010.381       37.717   299.3
3.8090        -5972.711    -6010.340       37.629   298.6
3.8095        -5972.693    -6010.304       37.611   298.4
3.8100        -5972.613    -6010.270       37.657   298.8
3.8105        -5972.641    -6010.239       37.598   298.3
3.8110        -5972.607    -6010.210       37.603   298.4
3.8115        -5972.740    -6010.187       37.447   297.1
3.8120        -5972.722    -6010.169       37.446   297.1
3.8125        -5972.688    -6010.154       37.466   297.3
3.8130        -5972.744    -6010.144       37.400   296.8
3.8135        -5972.690    -6010.137       37.447   297.1
3.8140        -5972.742    -6010.135       37.393   296.7
3.8145        -5972.676    -6010.136       37.459   297.2
3.8150        -5972.691    -6010.141       37.450   297.2
3.8155        -5972.699    -6010.148       37.449   297.1
3.8160        -5972.587    -6010.158       37.571   298.1
3.8165        -5972.687    -6010.170       37.483   297.4
3.8170        -5972.578    -6010.183       37.605   298.4
3.8175        -5972.662    -6010.199       37.537   297.8
3.8180        -5972.630    -6010.216       37.586   298.2
3.8185        -5972.534    -6010.237       37.703   299.2
3.8190        -5972.473    -6010.261       37.788   299.8
3.8195        -5972.406    -6010.287       37.881   300.6
3.8200        -5972.402    -6010.313       37.912   300.8
3.8205        -5972.436    -6010.338       37.902   300.7
3.8210        -5972.404    -6010.361       37.957   301.2
3.8215        -5972.439    -6010.383       37.944   301.1
3.8220        -5972.556    -6010.404       37.848   300.3
3.8225        -5972.557    -6010.424       37.867   300.5
3.8230        -5972.515    -6010.444       37.928   300.9
3.8235        -5972.444    -6010.465       38.021   301.7
3.8240        -5972.518    -6010.486       37.968   301.3
3.8245        -5972.387    -6010.505       38.118   302.5
3.8250        -5972.413    -6010.521       38.108   302.4
3.8255        -5972.320    -6010.535       38.215   303.2
3.8260        -5972.328    -6010.546       38.218   303.3
3.8265        -5972.388    -6010.556       38.168   302.8
3.8270        -5972.511    -6010.566       38.055   302.0
3.8275        -5972.558    -6010.578       38.020   301.7
3.8280        -5972.457    -6010.588       38.131   302.6
3.8285        -5972.433    -6010.593       38.160   302.8
3.8290        -5972.440    -6010.598       38.158   302.8
3.8295        -5972.445    -6010.604       38.160   302.8
3.8300        -5972.401    -6010.612       38.211   303.2
3.8305        -5972.426    -6010.619       38.192   303.0
3.8310        -5972.320    -6010.624       38.304   303.9
3.8315        -5972.343    -6010.631       38.288   303.8
3.8320        -5972.330    -6010.638       38.308   304.0
3.8325        -5972.269    -6010.647       38.378   304.5
3.8330        -5972.242    -6010.656       38.414   304.8
3.8335        -5972.372    -6010.669       38.296   303.9
3.8340        -5972.340    -6010.684       38.344   304.3
3.8345        -5972.321    -6010.704       38.383   304.6
3.8350        -5972.263    -6010.726       38.464   305.2
3.8355        -5972.318    -6010.752       38.434   305.0
3.8360        -5972.246    -6010.782       38.535   305.8
3.8365        -5972.249    -6010.815       38.566   306.0
3.8370        -5972.219    -6010.849       38.630   306.5
3.8375        -5972.310    -6010.886       38.577   306.1
3.8380        -5972.309    -6010.927       38.618   306.4
3.8385        -5972.245    -6010.973       38.728   307.3
3.8390        -5972.152    -6011.021       38.869   308.4
3.8395        -5972.061    -6011.071       39.010   309.5
3.8400        -5971.942    -6011.122       39.181   310.9
3.8405        -5971.824    -6011.175       39.350   312.2
3.8410        -5971.900    -6011.226       39.326   312.0
3.8415        -5971.829    -6011.277       39.449   313.0
3.8420        -5971.757    -6011.327       39.569   314.0
3.8425        -5971.743    -6011.373       39.630   314.5
3.8430        -5971.637    -6011.418       39.782   315.7
3.8435        -5971.638    -6011.461       39.824   316.0
3.8440        -5971.674    -6011.501       39.827   316.0
3.8445        -5971.694    -6011.536       39.842   316.1
3.8450        -5971.675    -6011.566       39.891   316.5
3.8455        -5971.751    -6011.589       39.838   316.1
3.8460        -5971.648    -6011.605       39.957   317.0
3.8465        -5971.543    -6011.614       40.071   318.0
3.8470        -5971.577    -6011.619       40.042   317.7
3.8475        -5971.562    -6011.615       40.053   317.8
3.8480        -5971.463    -6011.603       40.140   318.5
3.8485        -5971.578    -6011.586       40.008   317.5
3.8490        -5971.535    -6011.559       40.023   317.6
3.8495        -5971.563    -6011.524       39.961   317.1
3.8500        -5971.610    -6011.481       39.871   316.4
3.8505        -5971.561    -6011.431       39.871   316.4
3.8510        -5971.524    -6011.376       39.852   316.2
3.8515        -5971.554    -6011.316       39.762   315.5
3.8520        -5971.618    -6011.248       39.630   314.4
3.8525        -5971.657    -6011.176       39.519   313.6
3.8530        -5971.673    -6011.103       39.431   312.9
3.8535        -5971.720    -6011.028       39.308   311.9
3.8540        -5971.719    -6010.952       39.233   311.3
3.8545        -5971.699    -6010.878       39.178   310.9
3.8550        -5971.690    -6010.804       39.114   310.4
3.8555        -5971.693    -6010.731       39.038   309.8
3.8560        -5971.630    -6010.663       39.033   309.7
3.8565        -5971.750    -6010.599       38.849   308.3
3.8570        -5971.720    -6010.538       38.819   308.0
3.8575        -5971.755    -6010.481       38.726   307.3
3.8580        -5971.815    -6010.427       38.612   306.4
3.8585        -5971.822    -6010.377       38.555   305.9
3.8590        -5971.825    -6010.334       38.509   305.6
3.8595        -5971.819    -6010.296       38.477   305.3
3.8600        -5971.827    -6010.264       38.436   305.0
3.8605        -5971.882    -6010.235       38.353   304.3
3.8610        -5971.888    -6010.214       38.326   304.1
3.8615        -5971.805    -6010.200       38.395   304.7
3.8620        -5971.787    -6010.192       38.405   304.7
3.8625        -5971.862    -6010.188       38.326   304.1
3.8630        -5971.750    -6010.191       38.441   305.0
3.8635        -5971.759    -6010.199       38.441   305.0
3.8640        -5971.717    -6010.210       38.493   305.4
3.8645        -5971.745    -6010.227       38.482   305.3
3.8650        -5971.757    -6010.249       38.492   305.4
3.8655        -5971.791    -6010.276       38.485   305.4
3.8660        -5971.822    -6010.306       38.484   305.4
3.8665        -5971.786    -6010.339       38.552   305.9
3.8670        -5971.803    -6010.377       38.574   306.1
3.8675        -5971.855    -6010.416       38.561   306.0
3.8680        -5971.865    -6010.456       38.591   306.2
3.8685        -5971.862    -6010.499       38.638   306.6
3.8690        -5971.831    -6010.545       38.714   307.2
3.8695        -5971.927    -6010.587       38.660   306.8
3.8700        -5971.898    -6010.630       38.732   307.3
3.8705        -5971.936    -6010.675       38.739   307.4
3.8710        -5971.949    -6010.720       38.772   307.6
3.8715        -5971.899    -6010.765       38.866   308.4
3.8720        -5971.840    -6010.809       38.970   309.2
3.8725        -5971.684    -6010.853       39.170   310.8
3.8730        -5971.721    -6010.896       39.175   310.8
3.8735        -5971.835    -6010.938       39.102   310.3
3.8740        -5971.816    -6010.975       39.159   310.7
3.8745        -5971.792    -6011.007       39.215   311.2
3.8750        -5971.778    -6011.034       39.256   311.5
3.8755        -5971.781    -6011.058       39.277   311.7
3.8760        -5971.730    -6011.079       39.349   312.2
3.8765        -5971.706    -6011.097       39.391   312.6
3.8770        -5971.620    -6011.112       39.492   313.4
3.8775        -5971.578    -6011.126       39.548   313.8
3.8780        -5971.584    -6011.136       39.552   313.8
3.8785        -5971.578    -6011.143       39.564   313.9
3.8790        -5971.501    -6011.146       39.645   314.6
3.8795        -5971.430    -6011.144       39.714   315.1
3.8800        -5971.468    -6011.136       39.669   314.8
3.8805        -5971.493    -6011.125       39.632   314.5
3.8810        -5971.498    -6011.108       39.610   314.3
3.8815        -5971.448    -6011.088       39.640   314.5
3.8820        -5971.436    -6011.064       39.628   314.4
3.8825        -5971.415    -6011.037       39.622   314.4
3.8830        -5971.346    -6011.008       39.662   314.7
3.8835        -5971.395    -6010.978       39.583   314.1
3.8840        -5971.412    -6010.943       39.531   313.7
3.8845        -5971.417    -6010.904       39.487   313.3
3.8850        -5971.360    -6010.865       39.505   313.5
3.8855        -5971.372    -6010.823       39.450   313.0
3.8860        -5971.363    -6010.780       39.417   312.8
3.8865        -5971.310    -6010.739       39.429   312.9
3.8870        -5971.185    -6010.698       39.513   313.5
3.8875        -5971.216    -6010.653       39.437   312.9
3.8880        -5971.185    -6010.607       39.422   312.8
3.8885        -5971.204    -6010.561       39.358   312.3
3.8890        -5971.225    -6010.519       39.293   311.8
3.8895        -5971.198    -6010.478       39.280   311.7
3.8900        -5971.202    -6010.439       39.237   311.3
3.8905        -5971.272    -6010.402       39.129   310.5
3.8910        -5971.259    -6010.366       39.106   310.3
3.8915        -5971.183    -6010.332       39.149   310.6
3.8920        -5971.167    -6010.301       39.134   310.5
3.8925        -5971.214    -6010.273       39.058   309.9
3.8930        -5971.215    -6010.247       39.032   309.7
3.8935        -5971.274    -6010.221       38.947   309.0
3.8940        -5971.301    -6010.195       38.894   308.6
3.8945        -5971.249    -6010.167       38.918   308.8
3.8950        -5971.159    -6010.139       38.980   309.3
3.8955        -5971.179    -6010.110       38.931   308.9
3.8960        -5971.071    -6010.083       39.012   309.5
3.8965        -5970.954    -6010.056       39.102   310.3
3.8970        -5970.965    -6010.026       39.061   309.9
3.8975        -5970.935    -6009.995       39.060   309.9
3.8980        -5971.021    -6009.963       38.943   309.0
3.8985        -5971.092    -6009.931       38.839   308.2
3.8990        -5971.043    -6009.896       38.853   308.3
3.8995        -5970.992    -6009.859       38.867   308.4
3.9000        -5970.944    -6009.821       38.876   308.5
3.9005        -5970.999    -6009.783       38.784   307.7
3.9010        -5970.873    -6009.744       38.871   308.4
3.9015        -5970.877    -6009.703       38.826   308.1
3.9020        -5970.909    -6009.661       38.752   307.5
3.9025        -5970.885    -6009.618       38.733   307.3
3.9030        -5970.818    -6009.578       38.760   307.6
3.9035        -5970.908    -6009.542       38.634   306.5
3.9040        -5970.946    -6009.508       38.562   306.0
3.9045        -5970.985    -6009.473       38.488   305.4
3.9050        -5971.063    -6009.439       38.375   304.5
3.9055        -5971.071    -6009.408       38.337   304.2
3.9060        -5971.046    -6009.383       38.338   304.2
3.9065        -5970.930    -6009.361       38.431   304.9
3.9070        -5971.091    -6009.341       38.250   303.5
3.9075        -5971.063    -6009.326       38.263   303.6
3.9080        -5971.014    -6009.316       38.302   303.9
3.9085        -5970.932    -6009.307       38.375   304.5
3.9090        -5970.855    -6009.302       38.447   305.1
3.9095        -5970.857    -6009.304       38.447   305.1
3.9100        -5970.827    -6009.310       38.483   305.4
3.9105        -5970.816    -6009.321       38.505   305.5
3.9110        -5970.885    -6009.336       38.451   305.1
3.9115        -5970.780    -6009.353       38.573   306.1
3.9120        -5970.748    -6009.375       38.627   306.5
3.9125        -5970.711    -6009.399       38.688   307.0
3.9130        -5970.722    -6009.425       38.703   307.1
3.9135        -5970.632    -6009.453       38.821   308.0
3.9140        -5970.615    -6009.483       38.867   308.4
3.9145        -5970.649    -6009.514       38.865   308.4
3.9150        -5970.675    -6009.549       38.874   308.5
3.9155        -5970.672    -6009.583       38.911   308.7
3.9160        -5970.788    -6009.620       38.831   308.1
3.9165        -5970.749    -6009.655       38.906   308.7
3.9170        -5970.719    -6009.692       38.973   309.2
3.9175        -5970.809    -6009.731       38.922   308.8
3.9180        -5970.690    -6009.770       39.080   310.1
3.9185        -5970.703    -6009.808       39.105   310.3
3.9190        -5970.700    -6009.844       39.144   310.6
3.9195        -5970.776    -6009.879       39.103   310.3
3.9200        -5970.750    -6009.914       39.164   310.8
3.9205        -5970.653    -6009.946       39.293   311.8
3.9210        -5970.618    -6009.975       39.356   312.3
3.9215        -5970.704    -6010.003       39.299   311.8
3.9220        -5970.654    -6010.027       39.374   312.4
3.9225        -5970.737    -6010.045       39.308   311.9
3.9230        -5970.706    -6010.059       39.353   312.3
3.9235        -5970.766    -6010.068       39.302   311.9
3.9240        -5970.792    -6010.072       39.281   311.7
3.9245        -5970.773    -6010.074       39.302   311.8
3.9250        -5970.711    -6010.071       39.360   312.3
3.9255        -5970.808    -6010.062       39.254   311.5
3.9260        -5970.766    -6010.051       39.284   311.7
3.9265        -5970.670    -6010.034       39.364   312.3
3.9270        -5970.707    -6010.010       39.303   311.9
3.9275        -5970.619    -6009.980       39.361   312.3
3.9280        -5970.558    -6009.946       39.388   312.5
3.9285        -5970.493    -6009.908       39.415   312.7
3.9290        -5970.467    -6009.862       39.395   312.6
3.9295        -5970.400    -6009.809       39.408   312.7
3.9300        -5970.517    -6009.750       39.232   311.3
3.9305        -5970.474    -6009.686       39.213   311.1
3.9310        -5970.431    -6009.618       39.187   310.9
3.9315        -5970.372    -6009.547       39.176   310.8
3.9320        -5970.316    -6009.474       39.158   310.7
3.9325        -5970.371    -6009.401       39.031   309.7
3.9330        -5970.323    -6009.332       39.009   309.5
3.9335        -5970.255    -6009.263       39.009   309.5
3.9340        -5970.238    -6009.196       38.958   309.1
3.9345        -5970.226    -6009.130       38.904   308.7
3.9350        -5970.229    -6009.063       38.834   308.1
3.9355        -5970.168    -6008.998       38.831   308.1
3.9360        -5970.194    -6008.937       38.743   307.4
3.9365        -5970.229    -6008.880       38.652   306.7
3.9370        -5970.210    -6008.831       38.620   306.4
3.9375        -5970.169    -6008.787       38.618   306.4
3.9380        -5970.251    -6008.748       38.497   305.5
3.9385        -5970.422    -6008.715       38.293   303.8
3.9390        -5970.335    -6008.691       38.356   304.3
3.9395        -5970.356    -6008.672       38.316   304.0
3.9400        -5970.431    -6008.661       38.230   303.3
3.9405        -5970.383    -6008.659       38.277   303.7
3.9410        -5970.405    -6008.664       38.260   303.6
3.9415        -5970.468    -6008.677       38.209   303.2
3.9420        -5970.439    -6008.698       38.259   303.6
3.9425        -5970.396    -6008.723       38.327   304.1
3.9430        -5970.386    -6008.755       38.368   304.4
3.9435        -5970.412    -6008.794       38.382   304.5
3.9440        -5970.447    -6008.840       38.393   304.6
3.9445        -5970.439    -6008.891       38.452   305.1
3.9450        -5970.482    -6008.945       38.463   305.2
3.9455        -5970.485    -6009.002       38.517   305.6
3.9460        -5970.530    -6009.061       38.531   305.7
3.9465        -5970.527    -6009.124       38.597   306.3
3.9470        -5970.478    -6009.189       38.710   307.2
3.9475        -5970.472    -6009.255       38.783   307.7
3.9480        -5970.511    -6009.325       38.814   308.0
3.9485        -5970.553    -6009.396       38.842   308.2
3.9490        -5970.553    -6009.466       38.912   308.8
3.9495        -5970.621    -6009.534       38.912   308.8
3.9500        -5970.667    -6009.600       38.933   308.9
3.9505        -5970.788    -6009.662       38.873   308.4
3.9510        -5970.790    -6009.722       38.931   308.9
3.9515        -5970.744    -6009.780       39.037   309.7
3.9520        -5970.682    -6009.836       39.153   310.7
3.9525        -5970.702    -6009.890       39.188   310.9
3.9530        -5970.717    -6009.939       39.222   311.2
3.9535        -5970.637    -6009.985       39.348   312.2
3.9540        -5970.620    -6010.027       39.407   312.7
3.9545        -5970.597    -6010.064       39.467   313.2
3.9550        -5970.653    -6010.095       39.442   313.0
3.9555        -5970.693    -6010.121       39.428   312.8
3.9560        -5970.704    -6010.140       39.436   312.9
3.9565        -5970.671    -6010.153       39.482   313.3
3.9570        -5970.669    -6010.160       39.491   313.3
3.9575        -5970.652    -6010.160       39.507   313.5
3.9580        -5970.583    -6010.153       39.570   314.0
3.9585        -5970.666    -6010.140       39.474   313.2
3.9590        -5970.603    -6010.122       39.519   313.6
3.9595        -5970.553    -6010.100       39.547   313.8
3.9600        -5970.572    -6010.075       39.503   313.4
3.9605        -5970.484    -6010.045       39.562   313.9
3.9610        -5970.592    -6010.014       39.422   312.8
3.9615        -5970.715    -6009.981       39.266   311.6
3.9620        -5970.717    -6009.945       39.228   311.3
3.9625        -5970.746    -6009.907       39.161   310.7
3.9630        -5970.714    -6009.868       39.154   310.7
3.9635        -5970.703    -6009.828       39.125   310.4
3.9640        -5970.767    -6009.789       39.022   309.6
3.9645        -5970.665    -6009.750       39.085   310.1
3.9650        -5970.541    -6009.710       39.169   310.8
3.9655        -5970.567    -6009.671       39.104   310.3
3.9660        -5970.611    -6009.634       39.022   309.6
3.9665        -5970.636    -6009.600       38.964   309.2
3.9670        -5970.471    -6009.572       39.101   310.3
3.9675        -5970.388    -6009.551       39.163   310.7
3.9680        -5970.344    -6009.535       39.192   311.0
3.9685        -5970.342    -6009.524       39.182   310.9
3.9690        -5970.365    -6009.517       39.152   310.7
3.9695        -5970.415    -6009.515       39.099   310.2
3.9700        -5970.398    -6009.519       39.121   310.4
3.9705        -5970.452    -6009.530       39.078   310.1
3.9710        -5970.462    -6009.548       39.086   310.1
3.9715        -5970.554    -6009.575       39.021   309.6
3.9720        -5970.604    -6009.610       39.005   309.5
3.9725        -5970.687    -6009.650       38.963   309.2
3.9730        -5970.686    -6009.695       39.009   309.5
3.9735        -5970.742    -6009.746       39.004   309.5
3.9740        -5970.829    -6009.802       38.973   309.2
3.9745        -5970.879    -6009.864       38.985   309.3
3.9750        -5970.843    -6009.928       39.084   310.1
3.9755        -5970.955    -6009.992       39.037   309.8
3.9760        -5970.979    -6010.059       39.079   310.1
3.9765        -5970.999    -6010.128       39.129   310.5
3.9770        -5970.967    -6010.200       39.233   311.3
3.9775        -5970.970    -6010.272       39.302   311.9
3.9780        -5970.985    -6010.342       39.356   312.3
3.9785        -5971.011    -6010.410       39.399   312.6
3.9790        -5971.078    -6010.478       39.400   312.6
3.9795        -5971.024    -6010.544       39.520   313.6
3.9800        -5970.987    -6010.607       39.620   314.4
3.9805        -5970.917    -6010.666       39.749   315.4
3.9810        -5971.058    -6010.722       39.663   314.7
3.9815        -5971.080    -6010.774       39.694   315.0
3.9820        -5971.072    -6010.823       39.750   315.4
3.9825        -5971.036    -6010.864       39.828   316.0
3.9830        -5971.098    -6010.899       39.801   315.8
3.9835        -5970.978    -6010.928       39.950   317.0
3.9840        -5971.047    -6010.950       39.903   316.6
3.9845        -5971.013    -6010.967       39.954   317.0
3.9850        -5970.884    -6010.976       40.092   318.1
3.9855        -5970.933    -6010.979       40.046   317.8
3.9860        -5971.012    -6010.977       39.965   317.1
3.9865        -5971.010    -6010.970       39.960   317.1
3.9870        -5970.956    -6010.957       40.001   317.4
3.9875        -5970.979    -6010.938       39.960   317.1
3.9880        -5970.944    -6010.914       39.970   317.2
3.9885        -5970.959    -6010.884       39.925   316.8
3.9890        -5971.024    -6010.848       39.824   316.0
3.9895        -5971.037    -6010.808       39.771   315.6
3.9900        -5971.095    -6010.763       39.668   314.8
3.9905        -5971.017    -6010.714       39.697   315.0
3.9910        -5970.986    -6010.664       39.678   314.8
3.9915        -5970.917    -6010.611       39.694   315.0
3.9920        -5970.861    -6010.559       39.698   315.0
3.9925        -5970.989    -6010.507       39.517   313.6
3.9930        -5970.945    -6010.455       39.511   313.5
3.9935        -5970.854    -6010.404       39.550   313.8
3.9940        -5970.801    -6010.354       39.553   313.8
3.9945        -5970.721    -6010.303       39.582   314.1
3.9950        -5970.880    -6010.254       39.374   312.4
3.9955        -5970.915    -6010.203       39.288   311.7
3.9960        -5970.856    -6010.149       39.293   311.8
3.9965        -5970.846    -6010.095       39.249   311.4
3.9970        -5970.920    -6010.042       39.122   310.4
3.9975        -5970.978    -6009.987       39.009   309.5
3.9980        -5970.994    -6009.933       38.939   309.0
3.9985        -5971.052    -6009.881       38.829   308.1
3.9990        -5970.990    -6009.829       38.839   308.2
3.9995        -5970.989    -6009.779       38.790   307.8
4.0000        -5970.990    -6009.729       38.740   307.4
4.0005        -5970.992    -6009.682       38.690   307.0
4.0010        -5970.949    -6009.635       38.686   307.0
4.0015        -5970.958    -6009.587       38.629   306.5
4.0020        -5970.965    -6009.542       38.577   306.1
4.0025        -5970.887    -6009.503       38.616   306.4
4.0030        -5970.927    -6009.467       38.540   305.8
4.0035        -5970.847    -6009.436       38.589   306.2
4.0040        -5970.937    -6009.408       38.471   305.3
4.0045        -5970.935    -6009.384       38.449   305.1
4.0050        -5970.981    -6009.363       38.382   304.6
4.0055        -5970.952    -6009.346       38.394   304.6
4.0060        -5970.960    -6009.332       38.373   304.5
4.0065        -5970.812    -6009.324       38.511   305.6
4.0070        -5970.783    -6009.319       38.536   305.8
4.0075        -5970.647    -6009.314       38.666   306.8
4.0080        -5970.671    -6009.313       38.643   306.6
4.0085        -5970.697    -6009.316       38.619   306.4
4.0090        -5970.668    -6009.324       38.656   306.7
4.0095        -5970.589    -6009.334       38.745   307.4
4.0100        -5970.558    -6009.345       38.787   307.8
4.0105        -5970.563    -6009.359       38.795   307.8
4.0110        -5970.518    -6009.376       38.858   308.3
4.0115        -5970.432    -6009.397       38.965   309.2
4.0120        -5970.428    -6009.421       38.993   309.4
4.0125        -5970.394    -6009.447       39.053   309.9
4.0130        -5970.452    -6009.473       39.021   309.6
4.0135        -5970.297    -6009.499       39.202   311.1
4.0140        -5970.300    -6009.527       39.227   311.3
4.0145        -5970.346    -6009.556       39.210   311.1
4.0150        -5970.275    -6009.584       39.309   311.9
4.0155        -5970.287    -6009.611       39.324   312.0
4.0160        -5970.215    -6009.636       39.422   312.8
4.0165        -5970.254    -6009.661       39.407   312.7
4.0170        -5970.199    -6009.685       39.486   313.3
4.0175        -5970.125    -6009.708       39.583   314.1
4.0180        -5970.093    -6009.729       39.636   314.5
4.0185        -5970.063    -6009.749       39.686   314.9
4.0190        -5969.999    -6009.768       39.769   315.6
4.0195        -5969.932    -6009.788       39.856   316.2
4.0200        -5969.964    -6009.806       39.842   316.1
4.0205        -5969.831    -6009.822       39.991   317.3
4.0210        -5969.778    -6009.838       40.060   317.9
4.0215        -5969.901    -6009.850       39.949   317.0
4.0220        -5969.844    -6009.859       40.016   317.5
4.0225        -5969.829    -6009.867       40.038   317.7
4.0230        -5969.814    -6009.873       40.059   317.9
4.0235        -5969.827    -6009.878       40.051   317.8
4.0240        -5969.779    -6009.882       40.102   318.2
4.0245        -5969.847    -6009.884       40.036   317.7
4.0250        -5969.895    -6009.885       39.990   317.3
4.0255        -5969.853    -6009.886       40.033   317.7
4.0260        -5969.866    -6009.886       40.020   317.5
4.0265        -5969.741    -6009.883       40.142   318.5
4.0270        -5969.658    -6009.879       40.221   319.1
4.0275        -5969.555    -6009.875       40.320   319.9
4.0280        -5969.523    -6009.869       40.345   320.1
4.0285        -5969.485    -6009.859       40.374   320.4
4.0290        -5969.495    -6009.847       40.352   320.2
4.0295        -5969.448    -6009.836       40.389   320.5
4.0300        -5969.489    -6009.825       40.336   320.1
4.0305        -5969.419    -6009.816       40.396   320.5
4.0310        -5969.484    -6009.806       40.323   319.9
4.0315        -5969.601    -6009.797       40.196   318.9
4.0320        -5969.530    -6009.789       40.260   319.4
4.0325        -5969.545    -6009.783       40.238   319.3
4.0330        -5969.516    -6009.778       40.262   319.5
4.0335        -5969.431    -6009.775       40.344   320.1
4.0340        -5969.509    -6009.774       40.265   319.5
4.0345        -5969.591    -6009.773       40.181   318.8
4.0350        -5969.587    -6009.771       40.184   318.8
4.0355        -5969.578    -6009.769       40.190   318.9
4.0360        -5969.666    -6009.765       40.099   318.2
4.0365        -5969.649    -6009.761       40.112   318.3
4.0370        -5969.657    -6009.756       40.098   318.2
4.0375        -5969.480    -6009.746       40.266   319.5
4.0380        -5969.481    -6009.734       40.253   319.4
4.0385        -5969.510    -6009.718       40.208   319.0
4.0390        -5969.520    -6009.700       40.180   318.8
4.0395        -5969.476    -6009.678       40.202   319.0
4.0400        -5969.457    -6009.653       40.196   318.9
4.0405        -5969.406    -6009.622       40.216   319.1
4.0410        -5969.323    -6009.589       40.266   319.5
4.0415        -5969.366    -6009.555       40.190   318.9
4.0420        -5969.350    -6009.523       40.173   318.8
4.0425        -5969.277    -6009.491       40.214   319.1
4.0430        -5969.220    -6009.458       40.238   319.3
4.0435        -5969.153    -6009.423       40.271   319.5
4.0440        -5969.265    -6009.388       40.123   318.4
4.0445        -5969.221    -6009.352       40.131   318.4
4.0450        -5969.225    -6009.316       40.091   318.1
4.0455        -5969.192    -6009.282       40.090   318.1
4.0460        -5969.252    -6009.247       39.995   317.4
4.0465        -5969.249    -6009.212       39.963   317.1
4.0470        -5969.207    -6009.177       39.970   317.2
4.0475        -5969.189    -6009.142       39.953   317.0
4.0480        -5969.183    -6009.107       39.924   316.8
4.0485        -5969.228    -6009.073       39.845   316.2
4.0490        -5969.351    -6009.039       39.688   314.9
4.0495        -5969.369    -6009.004       39.635   314.5
4.0500        -5969.490    -6008.971       39.481   313.3
4.0505        -5969.434    -6008.939       39.505   313.5
4.0510        -5969.425    -6008.907       39.482   313.3
4.0515        -5969.479    -6008.874       39.396   312.6
4.0520        -5969.514    -6008.842       39.328   312.1
4.0525        -5969.557    -6008.811       39.254   311.5
4.0530        -5969.555    -6008.780       39.225   311.2
4.0535        -5969.396    -6008.751       39.355   312.3
4.0540        -5969.311    -6008.722       39.411   312.7
4.0545        -5969.157    -6008.692       39.536   313.7
4.0550        -5969.241    -6008.661       39.420   312.8
4.0555        -5969.275    -6008.628       39.354   312.3
4.0560        -5969.301    -6008.595       39.294   311.8
4.0565        -5969.358    -6008.559       39.202   311.1
4.0570        -5969.477    -6008.526       39.048   309.8
4.0575        -5969.396    -6008.493       39.097   310.2
4.0580        -5969.373    -6008.462       39.088   310.2
4.0585        -5969.312    -6008.433       39.121   310.4
4.0590        -5969.273    -6008.406       39.133   310.5
4.0595        -5969.283    -6008.379       39.096   310.2
4.0600        -5969.303    -6008.354       39.051   309.9
4.0605        -5969.254    -6008.329       39.075   310.1
4.0610        -5969.322    -6008.304       38.982   309.3
4.0615        -5969.295    -6008.279       38.984   309.3
4.0620        -5969.151    -6008.254       39.102   310.3
4.0625        -5969.156    -6008.230       39.073   310.0
4.0630        -5969.119    -6008.206       39.087   310.1
4.0635        -5969.192    -6008.183       38.991   309.4
4.0640        -5969.294    -6008.164       38.870   308.4
4.0645        -5969.195    -6008.149       38.954   309.1
4.0650        -5969.168    -6008.137       38.968   309.2
4.0655        -5969.138    -6008.129       38.991   309.4
4.0660        -5969.220    -6008.127       38.907   308.7
4.0665        -5969.318    -6008.131       38.813   308.0
4.0670        -5969.365    -6008.143       38.778   307.7
4.0675        -5969.289    -6008.159       38.869   308.4
4.0680        -5969.268    -6008.182       38.914   308.8
4.0685        -5969.337    -6008.214       38.877   308.5
4.0690        -5969.244    -6008.252       39.007   309.5
4.0695        -5969.211    -6008.292       39.081   310.1
4.0700        -5969.125    -6008.337       39.212   311.1
4.0705        -5969.171    -6008.386       39.214   311.2
4.0710        -5969.060    -6008.438       39.378   312.5
4.0715        -5969.155    -6008.495       39.339   312.1
4.0720        -5969.156    -6008.553       39.397   312.6
4.0725        -5969.265    -6008.612       39.347   312.2
4.0730        -5969.327    -6008.670       39.343   312.2
4.0735        -5969.348    -6008.728       39.380   312.5
4.0740        -5969.380    -6008.784       39.405   312.7
4.0745        -5969.375    -6008.842       39.467   313.2
4.0750        -5969.418    -6008.901       39.483   313.3
4.0755        -5969.467    -6008.959       39.492   313.4
4.0760        -5969.425    -6009.017       39.593   314.2
4.0765        -5969.506    -6009.074       39.568   314.0
4.0770        -5969.428    -6009.128       39.700   315.0
4.0775        -5969.403    -6009.180       39.776   315.6
4.0780        -5969.421    -6009.228       39.807   315.9
4.0785        -5969.483    -6009.274       39.791   315.7
4.0790        -5969.482    -6009.317       39.835   316.1
4.0795        -5969.418    -6009.358       39.940   316.9
4.0800        -5969.517    -6009.397       39.880   316.4
4.0805        -5969.529    -6009.433       39.903   316.6
4.0810        -5969.579    -6009.466       39.887   316.5
4.0815        -5969.561    -6009.496       39.935   316.9
4.0820        -5969.597    -6009.523       39.927   316.8
4.0825        -5969.623    -6009.546       39.922   316.8
4.0830        -5969.544    -6009.564       40.020   317.5
4.0835        -5969.410    -6009.580       40.170   318.7
4.0840        -5969.484    -6009.594       40.110   318.3
4.0845        -5969.473    -6009.605       40.132   318.4
4.0850        -5969.480    -6009.614       40.134   318.5
4.0855        -5969.506    -6009.621       40.115   318.3
4.0860        -5969.459    -6009.627       40.168   318.7
4.0865        -5969.347    -6009.632       40.285   319.6
4.0870        -5969.355    -6009.636       40.281   319.6
4.0875        -5969.392    -6009.637       40.245   319.3
4.0880        -5969.443    -6009.636       40.194   318.9
4.0885        -5969.478    -6009.634       40.156   318.6
4.0890        -5969.563    -6009.631       40.068   317.9
4.0895        -5969.502    -6009.627       40.124   318.4
4.0900        -5969.523    -6009.621       40.098   318.2
4.0905        -5969.448    -6009.615       40.167   318.7
4.0910        -5969.496    -6009.608       40.112   318.3
4.0915        -5969.542    -6009.602       40.060   317.9
4.0920        -5969.654    -6009.596       39.942   316.9
4.0925        -5969.678    -6009.592       39.914   316.7
4.0930        -5969.707    -6009.587       39.880   316.4
4.0935        -5969.675    -6009.580       39.905   316.6
4.0940        -5969.704    -6009.571       39.867   316.3
4.0945        -5969.667    -6009.561       39.894   316.5
4.0950        -5969.645    -6009.552       39.907   316.6
4.0955        -5969.569    -6009.541       39.972   317.2
4.0960        -5969.596    -6009.528       39.932   316.8
4.0965        -5969.560    -6009.512       39.952   317.0
4.0970        -5969.500    -6009.491       39.992   317.3
4.0975        -5969.471    -6009.467       39.996   317.4
4.0980        -5969.438    -6009.439       40.001   317.4
4.0985        -5969.454    -6009.409       39.955   317.0
4.0990        -5969.474    -6009.380       39.907   316.6
4.0995        -5969.490    -6009.351       39.861   316.3
4.1000        -5969.573    -6009.321       39.747   315.4
4.1005        -5969.506    -6009.289       39.783   315.7
4.1010        -5969.529    -6009.256       39.727   315.2
4.1015        -5969.624    -6009.224       39.600   314.2
4.1020        -5969.561    -6009.192       39.631   314.5
4.1025        -5969.471    -6009.161       39.689   314.9
4.1030        -5969.511    -6009.128       39.617   314.4
4.1035        -5969.596    -6009.093       39.498   313.4
4.1040        -5969.503    -6009.059       39.555   313.9
4.1045        -5969.529    -6009.023       39.494   313.4
4.1050        -5969.527    -6008.989       39.462   313.1
4.1055        -5969.422    -6008.953       39.532   313.7
4.1060        -5969.503    -6008.921       39.419   312.8
4.1065        -5969.436    -6008.892       39.456   313.1
4.1070        -5969.374    -6008.863       39.489   313.3
4.1075        -5969.344    -6008.835       39.491   313.3
4.1080        -5969.300    -6008.807       39.507   313.5
4.1085        -5969.328    -6008.778       39.451   313.0
4.1090        -5969.358    -6008.751       39.392   312.6
4.1095        -5969.407    -6008.724       39.317   312.0
4.1100        -5969.540    -6008.699       39.159   310.7
4.1105        -5969.553    -6008.676       39.124   310.4
4.1110        -5969.564    -6008.659       39.094   310.2
4.1115        -5969.613    -6008.643       39.030   309.7
4.1120        -5969.648    -6008.632       38.984   309.3
4.1125        -5969.562    -6008.626       39.064   310.0
4.1130        -5969.551    -6008.623       39.072   310.0
4.1135        -5969.595    -6008.625       39.030   309.7
4.1140        -5969.656    -6008.635       38.978   309.3
4.1145        -5969.652    -6008.650       38.998   309.4
4.1150        -5969.622    -6008.671       39.049   309.8
4.1155        -5969.765    -6008.697       38.931   308.9
4.1160        -5969.782    -6008.730       38.947   309.0
4.1165        -5969.835    -6008.768       38.933   308.9
4.1170        -5969.769    -6008.810       39.042   309.8
4.1175        -5969.835    -6008.856       39.021   309.6
4.1180        -5969.868    -6008.905       39.037   309.7
4.1185        -5969.771    -6008.955       39.184   310.9
4.1190        -5969.820    -6009.006       39.186   310.9
4.1195        -5969.789    -6009.057       39.267   311.6
4.1200        -5969.860    -6009.109       39.249   311.4
4.1205        -5969.883    -6009.164       39.281   311.7
4.1210        -5969.893    -6009.221       39.328   312.1
4.1215        -5969.907    -6009.278       39.371   312.4
4.1220        -5969.982    -6009.334       39.353   312.3
4.1225        -5970.031    -6009.391       39.360   312.3
4.1230        -5970.015    -6009.445       39.430   312.9
4.1235        -5970.041    -6009.499       39.458   313.1
4.1240        -5970.044    -6009.552       39.508   313.5
4.1245        -5970.020    -6009.605       39.585   314.1
4.1250        -5970.005    -6009.655       39.650   314.6
4.1255        -5970.042    -6009.698       39.656   314.7
4.1260        -5970.030    -6009.738       39.709   315.1
4.1265        -5969.977    -6009.776       39.799   315.8
4.1270        -5970.105    -6009.813       39.708   315.1
4.1275        -5970.120    -6009.849       39.730   315.2
4.1280        -5970.091    -6009.883       39.792   315.7
4.1285        -5970.162    -6009.917       39.755   315.4
4.1290        -5970.167    -6009.949       39.783   315.7
4.1295        -5970.206    -6009.981       39.775   315.6
4.1300        -5970.315    -6010.009       39.694   315.0
4.1305        -5970.320    -6010.036       39.717   315.1
4.1310        -5970.266    -6010.062       39.796   315.8
4.1315        -5970.318    -6010.085       39.767   315.5
4.1320        -5970.282    -6010.106       39.824   316.0
4.1325        -5970.299    -6010.125       39.825   316.0
4.1330        -5970.369    -6010.142       39.773   315.6
4.1335        -5970.436    -6010.159       39.723   315.2
4.1340        -5970.463    -6010.173       39.710   315.1
4.1345        -5970.365    -6010.184       39.819   315.9
4.1350        -5970.365    -6010.192       39.827   316.0
4.1355        -5970.389    -6010.198       39.809   315.9
4.1360        -5970.353    -6010.201       39.848   316.2
4.1365        -5970.356    -6010.201       39.845   316.2
4.1370        -5970.374    -6010.201       39.826   316.0
4.1375        -5970.426    -6010.198       39.772   315.6
4.1380        -5970.305    -6010.194       39.889   316.5
4.1385        -5970.294    -6010.187       39.893   316.5
4.1390        -5970.301    -6010.177       39.875   316.4
4.1395        -5970.252    -6010.164       39.912   316.7
4.1400        -5970.181    -6010.150       39.969   317.1
4.1405        -5970.142    -6010.134       39.992   317.3
4.1410        -5970.083    -6010.112       40.028   317.6
4.1415        -5970.066    -6010.086       40.020   317.5
4.1420        -5970.154    -6010.058       39.903   316.6
4.1425        -5970.166    -6010.025       39.860   316.3
4.1430        -5970.118    -6009.993       39.876   316.4
4.1435        -5969.990    -6009.961       39.971   317.2
4.1440        -5970.028    -6009.929       39.901   316.6
4.1445        -5969.937    -6009.895       39.958   317.1
4.1450        -5969.928    -6009.860       39.933   316.9
4.1455        -5969.946    -6009.822       39.877   316.4
4.1460        -5969.968    -6009.784       39.816   315.9
4.1465        -5969.917    -6009.744       39.826   316.0
4.1470        -5969.948    -6009.700       39.753   315.4
4.1475        -5969.919    -6009.656       39.737   315.3
4.1480        -5969.841    -6009.612       39.771   315.6
4.1485        -5969.799    -6009.564       39.765   315.5
4.1490        -5969.744    -6009.514       39.771   315.6
4.1495        -5969.693    -6009.466       39.773   315.6
4.1500        -5969.686    -6009.420       39.734   315.3
4.1505        -5969.644    -6009.374       39.731   315.3
4.1510        -5969.614    -6009.328       39.714   315.1
4.1515        -5969.582    -6009.285       39.703   315.0
4.1520        -5969.639    -6009.242       39.603   314.2
4.1525        -5969.642    -6009.201       39.560   313.9
4.1530        -5969.605    -6009.162       39.557   313.9
4.1535        -5969.557    -6009.125       39.568   314.0
4.1540        -5969.596    -6009.091       39.495   313.4
4.1545        -5969.521    -6009.059       39.537   313.7
4.1550        -5969.586    -6009.029       39.443   313.0
4.1555        -5969.656    -6009.000       39.344   312.2
4.1560        -5969.604    -6008.976       39.372   312.4
4.1565        -5969.585    -6008.957       39.372   312.4
4.1570        -5969.499    -6008.941       39.442   313.0
4.1575        -5969.565    -6008.925       39.360   312.3
4.1580        -5969.594    -6008.911       39.317   312.0
4.1585        -5969.568    -6008.900       39.332   312.1
4.1590        -5969.682    -6008.889       39.207   311.1
4.1595        -5969.765    -6008.882       39.118   310.4
4.1600        -5969.863    -6008.877       39.014   309.6
4.1605        -5969.877    -6008.877       39.001   309.5
4.1610        -5969.861    -6008.880       39.020   309.6
4.1615        -5969.849    -6008.885       39.037   309.7
4.1620        -5969.886    -6008.894       39.008   309.5
4.1625        -5969.945    -6008.908       38.963   309.2
4.1630        -5969.972    -6008.926       38.954   309.1
4.1635        -5969.928    -6008.948       39.020   309.6
4.1640        -5970.010    -6008.975       38.965   309.2
4.1645        -5969.996    -6009.009       39.013   309.6
4.1650        -5969.970    -6009.045       39.074   310.0
4.1655        -5969.989    -6009.084       39.095   310.2
4.1660        -5970.175    -6009.127       38.952   309.1
4.1665        -5970.143    -6009.175       39.032   309.7
4.1670        -5970.113    -6009.225       39.113   310.3
4.1675        -5970.283    -6009.277       38.994   309.4
4.1680        -5970.335    -6009.330       38.996   309.4
4.1685        -5970.355    -6009.390       39.035   309.7
4.1690        -5970.369    -6009.452       39.084   310.1
4.1695        -5970.264    -6009.515       39.251   311.4
4.1700        -5970.245    -6009.580       39.335   312.1
4.1705        -5970.312    -6009.645       39.333   312.1
4.1710        -5970.348    -6009.708       39.360   312.3
4.1715        -5970.258    -6009.770       39.512   313.5
4.1720        -5970.308    -6009.829       39.522   313.6
4.1725        -5970.320    -6009.889       39.569   314.0
4.1730        -5970.379    -6009.945       39.566   313.9
4.1735        -5970.418    -6009.997       39.579   314.0
4.1740        -5970.380    -6010.046       39.667   314.7
4.1745        -5970.403    -6010.091       39.688   314.9
4.1750        -5970.376    -6010.130       39.754   315.4
4.1755        -5970.417    -6010.166       39.749   315.4
4.1760        -5970.429    -6010.194       39.765   315.5
4.1765        -5970.441    -6010.219       39.778   315.6
4.1770        -5970.576    -6010.238       39.662   314.7
4.1775        -5970.528    -6010.252       39.724   315.2
4.1780        -5970.517    -6010.259       39.743   315.3
4.1785        -5970.503    -6010.260       39.758   315.5
4.1790        -5970.486    -6010.256       39.770   315.6
4.1795        -5970.480    -6010.241       39.761   315.5
4.1800        -5970.490    -6010.221       39.731   315.3
4.1805        -5970.401    -6010.197       39.796   315.8
4.1810        -5970.407    -6010.169       39.762   315.5
4.1815        -5970.484    -6010.134       39.650   314.6
4.1820        -5970.433    -6010.093       39.660   314.7
4.1825        -5970.583    -6010.050       39.467   313.2
4.1830        -5970.485    -6010.006       39.522   313.6
4.1835        -5970.442    -6009.960       39.518   313.6
4.1840        -5970.407    -6009.911       39.503   313.4
4.1845        -5970.353    -6009.858       39.506   313.5
4.1850        -5970.324    -6009.805       39.481   313.3
4.1855        -5970.289    -6009.750       39.461   313.1
4.1860        -5970.228    -6009.694       39.466   313.2
4.1865        -5970.291    -6009.640       39.349   312.2
4.1870        -5970.349    -6009.588       39.240   311.4
4.1875        -5970.349    -6009.540       39.191   311.0
4.1880        -5970.503    -6009.495       38.992   309.4
4.1885        -5970.546    -6009.451       38.905   308.7
4.1890        -5970.517    -6009.411       38.894   308.6
4.1895        -5970.514    -6009.372       38.857   308.3
4.1900        -5970.600    -6009.335       38.735   307.3
4.1905        -5970.563    -6009.301       38.739   307.4
4.1910        -5970.657    -6009.272       38.616   306.4
4.1915        -5970.535    -6009.249       38.714   307.2
4.1920        -5970.534    -6009.230       38.696   307.0
4.1925        -5970.398    -6009.216       38.818   308.0
4.1930        -5970.384    -6009.207       38.823   308.0
4.1935        -5970.297    -6009.205       38.908   308.7
4.1940        -5970.253    -6009.207       38.953   309.1
4.1945        -5970.267    -6009.214       38.948   309.0
4.1950        -5970.364    -6009.227       38.863   308.4
4.1955        -5970.313    -6009.245       38.931   308.9
4.1960        -5970.288    -6009.267       38.979   309.3
4.1965        -5970.383    -6009.290       38.907   308.7
4.1970        -5970.366    -6009.317       38.951   309.1
4.1975        -5970.402    -6009.347       38.945   309.0
4.1980        -5970.443    -6009.381       38.938   309.0
4.1985        -5970.447    -6009.422       38.975   309.3
4.1990        -5970.526    -6009.468       38.941   309.0
4.1995        -5970.729    -6009.516       38.787   307.8
4.2000        -5970.767    -6009.565       38.798   307.9
4.2005        -5970.760    -6009.615       38.855   308.3
4.2010        -5970.782    -6009.666       38.884   308.5
4.2015        -5970.850    -6009.718       38.868   308.4
4.2020        -5970.912    -6009.768       38.856   308.3
4.2025        -5971.129    -6009.818       38.689   307.0
4.2030        -5971.160    -6009.864       38.704   307.1
4.2035        -5971.053    -6009.907       38.853   308.3
4.2040        -5971.146    -6009.946       38.800   307.9
4.2045        -5971.113    -6009.983       38.870   308.4
4.2050        -5971.104    -6010.015       38.911   308.7
4.2055        -5971.134    -6010.046       38.912   308.8
4.2060        -5971.118    -6010.074       38.956   309.1
4.2065        -5971.118    -6010.101       38.983   309.3
4.2070        -5971.165    -6010.125       38.960   309.1
4.2075        -5971.132    -6010.147       39.015   309.6
4.2080        -5971.229    -6010.166       38.937   309.0
4.2085        -5971.292    -6010.183       38.891   308.6
4.2090        -5971.309    -6010.197       38.888   308.6
4.2095        -5971.343    -6010.208       38.864   308.4
4.2100        -5971.360    -6010.214       38.855   308.3
4.2105        -5971.303    -6010.216       38.913   308.8
4.2110        -5971.264    -6010.215       38.950   309.1
4.2115        -5971.192    -6010.209       39.017   309.6
4.2120        -5971.248    -6010.198       38.951   309.1
4.2125        -5971.242    -6010.180       38.938   309.0
4.2130        -5971.210    -6010.158       38.948   309.0
4.2135        -5971.151    -6010.131       38.980   309.3
4.2140        -5971.208    -6010.101       38.893   308.6
4.2145        -5971.148    -6010.068       38.920   308.8
4.2150        -5971.148    -6010.033       38.885   308.5
4.2155        -5971.171    -6009.995       38.824   308.1
4.2160        -5971.234    -6009.955       38.721   307.2
4.2165        -5971.174    -6009.913       38.738   307.4
4.2170        -5971.072    -6009.869       38.797   307.8
4.2175        -5971.115    -6009.826       38.711   307.2
4.2180        -5971.136    -6009.783       38.647   306.7
4.2185        -5971.160    -6009.742       38.582   306.1
4.2190        -5971.126    -6009.703       38.577   306.1
4.2195        -5971.129    -6009.666       38.537   305.8
4.2200        -5971.044    -6009.632       38.587   306.2
4.2205        -5971.092    -6009.598       38.506   305.5
4.2210        -5971.037    -6009.570       38.533   305.8
4.2215        -5971.032    -6009.548       38.516   305.6
4.2220        -5971.015    -6009.531       38.515   305.6
4.2225        -5970.867    -6009.516       38.649   306.7
4.2230        -5970.810    -6009.503       38.694   307.0
4.2235        -5970.800    -6009.494       38.693   307.0
4.2240        -5970.921    -6009.488       38.567   306.0
4.2245        -5970.898    -6009.484       38.586   306.2
4.2250        -5970.890    -6009.486       38.595   306.2
4.2255        -5970.854    -6009.494       38.639   306.6
4.2260        -5970.886    -6009.506       38.620   306.4
4.2265        -5970.958    -6009.523       38.565   306.0
4.2270        -5971.004    -6009.546       38.542   305.8
4.2275        -5970.961    -6009.573       38.612   306.4
4.2280        -5971.002    -6009.606       38.604   306.3
4.2285        -5971.024    -6009.643       38.618   306.4
4.2290        -5970.967    -6009.683       38.715   307.2
4.2295        -5970.974    -6009.726       38.752   307.5
4.2300        -5971.064    -6009.773       38.708   307.1
4.2305        -5970.989    -6009.823       38.834   308.1
4.2310        -5970.932    -6009.879       38.948   309.0
4.2315        -5971.046    -6009.938       38.892   308.6
4.2320        -5971.083    -6010.000       38.918   308.8
4.2325        -5971.118    -6010.066       38.949   309.0
4.2330        -5971.074    -6010.134       39.059   309.9
4.2335        -5971.007    -6010.202       39.195   311.0
4.2340        -5970.993    -6010.270       39.278   311.7
4.2345        -5970.915    -6010.338       39.423   312.8
4.2350        -5970.912    -6010.402       39.490   313.3
4.2355        -5971.076    -6010.462       39.386   312.5
4.2360        -5971.149    -6010.517       39.368   312.4
4.2365        -5971.079    -6010.570       39.490   313.3
4.2370        -5971.106    -6010.619       39.512   313.5
4.2375        -5971.076    -6010.663       39.587   314.1
4.2380        -5971.054    -6010.703       39.649   314.6
4.2385        -5971.058    -6010.740       39.682   314.9
4.2390        -5971.023    -6010.775       39.752   315.4
4.2395        -5971.069    -6010.805       39.735   315.3
4.2400        -5970.980    -6010.829       39.849   316.2
4.2405        -5970.987    -6010.847       39.860   316.3
4.2410        -5970.997    -6010.859       39.862   316.3
4.2415        -5971.068    -6010.863       39.795   315.8
4.2420        -5971.168    -6010.861       39.692   314.9
4.2425        -5971.214    -6010.853       39.639   314.5
4.2430        -5971.105    -6010.841       39.736   315.3
4.2435        -5971.133    -6010.827       39.694   315.0
4.2440        -5971.195    -6010.809       39.615   314.3
4.2445        -5971.141    -6010.788       39.648   314.6
4.2450        -5971.144    -6010.764       39.620   314.4
4.2455        -5971.188    -6010.740       39.551   313.8
4.2460        -5971.225    -6010.713       39.489   313.3
4.2465        -5971.207    -6010.687       39.480   313.3
4.2470        -5971.337    -6010.661       39.324   312.0
4.2475        -5971.419    -6010.636       39.217   311.2
4.2480        -5971.446    -6010.615       39.169   310.8
4.2485        -5971.358    -6010.596       39.238   311.3
4.2490        -5971.327    -6010.579       39.251   311.4
4.2495        -5971.373    -6010.565       39.192   311.0
4.2500        -5971.429    -6010.555       39.126   310.5
4.2505        -5971.340    -6010.549       39.208   311.1
4.2510        -5971.247    -6010.543       39.297   311.8
4.2515        -5971.271    -6010.542       39.271   311.6
4.2520        -5971.241    -6010.544       39.303   311.9
4.2525        -5971.261    -6010.549       39.288   311.7
4.2530        -5971.266    -6010.556       39.290   311.8
4.2535        -5971.220    -6010.565       39.345   312.2
4.2540        -5971.162    -6010.575       39.414   312.7
4.2545        -5971.175    -6010.589       39.414   312.7
4.2550        -5971.152    -6010.606       39.454   313.1
4.2555        -5971.318    -6010.625       39.307   311.9
4.2560        -5971.401    -6010.645       39.244   311.4
4.2565        -5971.368    -6010.669       39.301   311.8
4.2570        -5971.439    -6010.695       39.256   311.5
4.2575        -5971.519    -6010.722       39.203   311.1
4.2580        -5971.496    -6010.749       39.253   311.5
4.2585        -5971.530    -6010.777       39.247   311.4
4.2590        -5971.669    -6010.806       39.136   310.5
4.2595        -5971.640    -6010.831       39.191   311.0
4.2600        -5971.734    -6010.856       39.123   310.4
4.2605        -5971.701    -6010.881       39.181   310.9
4.2610        -5971.683    -6010.906       39.223   311.2
4.2615        -5971.729    -6010.930       39.201   311.0
4.2620        -5971.729    -6010.954       39.225   311.2
4.2625        -5971.697    -6010.976       39.278   311.7
4.2630        -5971.770    -6010.993       39.223   311.2
4.2635        -5971.781    -6011.005       39.224   311.2
4.2640        -5971.802    -6011.016       39.214   311.2
4.2645        -5971.787    -6011.026       39.239   311.3
4.2650        -5971.737    -6011.030       39.294   311.8
4.2655        -5971.880    -6011.032       39.152   310.7
4.2660        -5971.756    -6011.033       39.276   311.6
4.2665        -5971.712    -6011.031       39.318   312.0
4.2670        -5971.654    -6011.028       39.374   312.4
4.2675        -5971.501    -6011.025       39.524   313.6
4.2680        -5971.508    -6011.022       39.514   313.5
4.2685        -5971.486    -6011.019       39.533   313.7
4.2690        -5971.503    -6011.017       39.514   313.5
4.2695        -5971.606    -6011.017       39.411   312.7
4.2700        -5971.607    -6011.015       39.409   312.7
4.2705        -5971.589    -6011.013       39.424   312.8
4.2710        -5971.547    -6011.011       39.464   313.1
4.2715        -5971.534    -6011.009       39.475   313.2
4.2720        -5971.478    -6011.006       39.529   313.6
4.2725        -5971.405    -6011.002       39.596   314.2
4.2730        -5971.391    -6010.994       39.604   314.2
4.2735        -5971.492    -6010.985       39.493   313.4
4.2740        -5971.483    -6010.975       39.492   313.4
4.2745        -5971.381    -6010.962       39.581   314.1
4.2750        -5971.413    -6010.945       39.532   313.7
4.2755        -5971.313    -6010.925       39.612   314.3
4.2760        -5971.327    -6010.902       39.575   314.0
4.2765        -5971.229    -6010.873       39.644   314.6
4.2770        -5971.221    -6010.844       39.622   314.4
4.2775        -5971.293    -6010.811       39.518   313.6
4.2780        -5971.376    -6010.779       39.403   312.7
4.2785        -5971.367    -6010.748       39.381   312.5
4.2790        -5971.330    -6010.718       39.388   312.5
4.2795        -5971.342    -6010.688       39.347   312.2
4.2800        -5971.318    -6010.657       39.339   312.1
4.2805        -5971.244    -6010.625       39.381   312.5
4.2810        -5971.264    -6010.592       39.328   312.1
4.2815        -5971.320    -6010.559       39.238   311.3
4.2820        -5971.362    -6010.528       39.165   310.8
4.2825        -5971.511    -6010.498       38.987   309.4
4.2830        -5971.452    -6010.467       39.015   309.6
4.2835        -5971.449    -6010.436       38.987   309.3
4.2840        -5971.431    -6010.406       38.975   309.3
4.2845        -5971.400    -6010.377       38.976   309.3
4.2850        -5971.361    -6010.350       38.989   309.4
4.2855        -5971.468    -6010.326       38.858   308.3
4.2860        -5971.565    -6010.302       38.737   307.4
4.2865        -5971.595    -6010.281       38.686   307.0
4.2870        -5971.615    -6010.260       38.645   306.6
4.2875        -5971.647    -6010.240       38.593   306.2
4.2880        -5971.600    -6010.223       38.623   306.5
4.2885        -5971.629    -6010.205       38.576   306.1
4.2890        -5971.751    -6010.189       38.438   305.0
4.2895        -5971.756    -6010.174       38.418   304.8
4.2900        -5971.674    -6010.162       38.488   305.4
4.2905        -5971.730    -6010.151       38.421   304.9
4.2910        -5971.652    -6010.142       38.489   305.4
4.2915        -5971.688    -6010.134       38.447   305.1
4.2920        -5971.705    -6010.128       38.423   304.9
4.2925        -5971.682    -6010.124       38.441   305.0
4.2930        -5971.740    -6010.119       38.379   304.5
4.2935        -5971.644    -6010.115       38.471   305.3
4.2940        -5971.730    -6010.108       38.378   304.5
4.2945        -5971.730    -6010.099       38.369   304.4
4.2950        -5971.767    -6010.089       38.321   304.1
4.2955        -5971.654    -6010.076       38.422   304.9
4.2960        -5971.529    -6010.064       38.535   305.8
4.2965        -5971.572    -6010.051       38.479   305.3
4.2970        -5971.485    -6010.038       38.553   305.9
4.2975        -5971.627    -6010.026       38.399   304.7
4.2980        -5971.630    -6010.014       38.384   304.6
4.2985        -5971.672    -6010.002       38.330   304.1
4.2990        -5971.690    -6009.989       38.299   303.9
4.2995        -5971.578    -6009.974       38.397   304.7
4.3000        -5971.660    -6009.960       38.300   303.9
4.3005        -5971.696    -6009.945       38.250   303.5
4.3010        -5971.768    -6009.932       38.165   302.8
4.3015        -5971.706    -6009.921       38.215   303.2
4.3020        -5971.756    -6009.914       38.157   302.8
4.3025        -5971.661    -6009.909       38.248   303.5
4.3030        -5971.642    -6009.904       38.262   303.6
4.3035        -5971.625    -6009.902       38.277   303.7
4.3040        -5971.625    -6009.901       38.275   303.7
4.3045        -5971.623    -6009.899       38.277   303.7
4.3050        -5971.637    -6009.902       38.265   303.6
4.3055        -5971.643    -6009.906       38.263   303.6
4.3060        -5971.689    -6009.912       38.223   303.3
4.3065        -5971.821    -6009.920       38.099   302.3
4.3070        -5971.716    -6009.928       38.212   303.2
4.3075        -5971.708    -6009.936       38.228   303.3
4.3080        -5971.616    -6009.946       38.330   304.1
4.3085        -5971.706    -6009.959       38.254   303.5
4.3090        -5971.696    -6009.973       38.277   303.7
4.3095        -5971.789    -6009.986       38.197   303.1
4.3100        -5971.875    -6010.002       38.127   302.5
4.3105        -5971.887    -6010.021       38.134   302.6
4.3110        -5971.929    -6010.044       38.114   302.4
4.3115        -5972.048    -6010.069       38.021   301.7
4.3120        -5972.040    -6010.098       38.058   302.0
4.3125        -5971.954    -6010.128       38.174   302.9
4.3130        -5971.966    -6010.158       38.192   303.0
4.3135        -5971.962    -6010.188       38.226   303.3
4.3140        -5971.977    -6010.221       38.244   303.5
4.3145        -5972.073    -6010.255       38.182   303.0
4.3150        -5972.103    -6010.289       38.185   303.0
4.3155        -5972.032    -6010.324       38.292   303.8
4.3160        -5972.019    -6010.358       38.339   304.2
4.3165        -5972.117    -6010.392       38.276   303.7
4.3170        -5972.104    -6010.425       38.321   304.1
4.3175        -5972.050    -6010.456       38.405   304.7
4.3180        -5972.073    -6010.483       38.411   304.8
4.3185        -5972.009    -6010.507       38.498   305.5
4.3190        -5971.886    -6010.527       38.641   306.6
4.3195        -5971.864    -6010.544       38.680   306.9
4.3200        -5971.942    -6010.557       38.616   306.4
4.3205        -5971.990    -6010.570       38.580   306.1
4.3210        -5972.078    -6010.581       38.503   305.5
4.3215        -5972.052    -6010.591       38.539   305.8
4.3220        -5972.007    -6010.598       38.591   306.2
4.3225        -5972.060    -6010.604       38.545   305.8
4.3230        -5972.102    -6010.610       38.508   305.6
4.3235        -5972.082    -6010.616       38.534   305.8
4.3240        -5972.102    -6010.620       38.518   305.6
4.3245        -5972.112    -6010.623       38.511   305.6
4.3250        -5972.121    -6010.625       38.504   305.5
4.3255        -5972.130    -6010.626       38.496   305.5
4.3260        -5972.116    -6010.625       38.509   305.6
4.3265        -5972.311    -6010.621       38.310   304.0
4.3270        -5972.351    -6010.617       38.266   303.6
4.3275        -5972.335    -6010.613       38.279   303.7
4.3280        -5972.341    -6010.608       38.267   303.6
4.3285        -5972.292    -6010.602       38.310   304.0
4.3290        -5972.378    -6010.596       38.217   303.2
4.3295        -5972.429    -6010.588       38.159   302.8
4.3300        -5972.399    -6010.579       38.180   302.9
4.3305        -5972.354    -6010.571       38.216   303.2
4.3310        -5972.327    -6010.562       38.235   303.4
4.3315        -5972.340    -6010.555       38.215   303.2
4.3320        -5972.422    -6010.550       38.129   302.5
4.3325        -5972.348    -6010.548       38.200   303.1
4.3330        -5972.320    -6010.543       38.223   303.3
4.3335        -5972.132    -6010.539       38.407   304.7
4.3340        -5972.123    -6010.534       38.411   304.8
4.3345        -5972.161    -6010.528       38.367   304.4
4.3350        -5972.205    -6010.520       38.315   304.0
4.3355        -5972.236    -6010.511       38.275   303.7
4.3360        -5972.189    -6010.501       38.312   304.0
4.3365        -5972.238    -6010.489       38.250   303.5
4.3370        -5972.112    -6010.475       38.363   304.4
4.3375        -5972.129    -6010.463       38.335   304.2
4.3380        -5972.110    -6010.452       38.343   304.2
4.3385        -5972.067    -6010.441       38.375   304.5
4.3390        -5972.151    -6010.431       38.280   303.7
4.3395        -5972.180    -6010.419       38.239   303.4
4.3400        -5972.291    -6010.408       38.117   302.4
4.3405        -5972.210    -6010.396       38.187   303.0
4.3410        -5972.320    -6010.388       38.068   302.1
4.3415        -5972.360    -6010.382       38.022   301.7
4.3420        -5972.438    -6010.376       37.938   301.0
4.3425        -5972.321    -6010.371       38.049   301.9
4.3430        -5972.411    -6010.363       37.952   301.1
4.3435        -5972.416    -6010.355       37.940   301.0
4.3440        -5972.500    -6010.348       37.847   300.3
4.3445        -5972.592    -6010.338       37.747   299.5
4.3450        -5972.625    -6010.329       37.705   299.2
4.3455        -5972.650    -6010.321       37.671   298.9
4.3460        -5972.733    -6010.313       37.580   298.2
4.3465        -5972.683    -6010.306       37.624   298.5
4.3470        -5972.685    -6010.300       37.615   298.5
4.3475        -5972.657    -6010.297       37.640   298.7
4.3480        -5972.638    -6010.297       37.659   298.8
4.3485        -5972.807    -6010.301       37.493   297.5
4.3490        -5972.687    -6010.304       37.618   298.5
4.3495        -5972.695    -6010.312       37.617   298.5
4.3500        -5972.787    -6010.321       37.534   297.8
4.3505        -5972.804    -6010.331       37.527   297.8
4.3510        -5972.765    -6010.343       37.578   298.2
4.3515        -5972.790    -6010.359       37.569   298.1
4.3520        -5972.907    -6010.378       37.471   297.3
4.3525        -5972.851    -6010.399       37.548   297.9
4.3530        -5972.738    -6010.421       37.684   299.0
4.3535        -5972.844    -6010.445       37.600   298.3
4.3540        -5972.824    -6010.469       37.645   298.7
4.3545        -5972.817    -6010.496       37.678   299.0
4.3550        -5972.919    -6010.523       37.605   298.4
4.3555        -5972.891    -6010.552       37.661   298.8
4.3560        -5972.877    -6010.583       37.705   299.2
4.3565        -5972.926    -6010.616       37.689   299.1
4.3570        -5972.937    -6010.650       37.714   299.2
4.3575        -5973.072    -6010.686       37.614   298.5
4.3580        -5973.084    -6010.722       37.638   298.6
4.3585        -5973.126    -6010.758       37.632   298.6
4.3590        -5973.078    -6010.795       37.717   299.3
4.3595        -5973.103    -6010.834       37.732   299.4
4.3600        -5973.110    -6010.876       37.766   299.7
4.3605        -5973.037    -6010.918       37.881   300.6
4.3610        -5973.044    -6010.959       37.915   300.8
4.3615        -5972.950    -6011.000       38.050   301.9
4.3620        -5972.837    -6011.043       38.207   303.2
4.3625        -5972.769    -6011.088       38.320   304.1
4.3630        -5972.745    -6011.134       38.388   304.6
4.3635        -5972.796    -6011.180       38.383   304.6
4.3640        -5972.888    -6011.226       38.337   304.2
4.3645        -5972.917    -6011.270       38.354   304.3
4.3650        -5972.909    -6011.315       38.406   304.7
4.3655        -5972.876    -6011.361       38.486   305.4
4.3660        -5972.981    -6011.407       38.426   304.9
4.3665        -5972.940    -6011.452       38.512   305.6
4.3670        -5972.959    -6011.496       38.537   305.8
4.3675        -5973.039    -6011.538       38.500   305.5
4.3680        -5972.957    -6011.580       38.622   306.5
4.3685        -5972.980    -6011.621       38.642   306.6
4.3690        -5973.065    -6011.662       38.598   306.3
4.3695        -5972.996    -6011.704       38.708   307.1
4.3700        -5973.002    -6011.743       38.741   307.4
4.3705        -5973.011    -6011.780       38.769   307.6
4.3710        -5973.015    -6011.817       38.801   307.9
4.3715        -5972.995    -6011.853       38.858   308.3
4.3720        -5973.055    -6011.887       38.832   308.1
4.3725        -5973.041    -6011.921       38.879   308.5
4.3730        -5973.120    -6011.953       38.833   308.1
4.3735        -5973.200    -6011.984       38.784   307.7
4.3740        -5973.177    -6012.013       38.836   308.1
4.3745        -5973.261    -6012.041       38.779   307.7
4.3750        -5973.259    -6012.069       38.810   307.9
4.3755        -5973.322    -6012.095       38.773   307.7
4.3760        -5973.435    -6012.119       38.685   307.0
4.3765        -5973.385    -6012.141       38.756   307.5
4.3770        -5973.392    -6012.161       38.769   307.6
4.3775        -5973.332    -6012.177       38.845   308.2
4.3780        -5973.360    -6012.189       38.829   308.1
4.3785        -5973.392    -6012.199       38.807   307.9
4.3790        -5973.459    -6012.208       38.749   307.5
4.3795        -5973.551    -6012.215       38.664   306.8
4.3800        -5973.669    -6012.222       38.552   305.9
4.3805        -5973.677    -6012.227       38.550   305.9
4.3810        -5973.629    -6012.230       38.601   306.3
4.3815        -5973.678    -6012.227       38.549   305.9
4.3820        -5973.615    -6012.219       38.604   306.3
4.3825        -5973.539    -6012.208       38.668   306.8
4.3830        -5973.586    -6012.196       38.610   306.4
4.3835        -5973.478    -6012.183       38.704   307.1
4.3840        -5973.467    -6012.165       38.699   307.1
4.3845        -5973.646    -6012.143       38.498   305.5
4.3850        -5973.603    -6012.118       38.515   305.6
4.3855        -5973.555    -6012.090       38.535   305.8
4.3860        -5973.580    -6012.061       38.481   305.3
4.3865        -5973.620    -6012.032       38.412   304.8
4.3870        -5973.649    -6012.004       38.355   304.3
4.3875        -5973.671    -6011.974       38.303   303.9
4.3880        -5973.633    -6011.944       38.311   304.0
4.3885        -5973.647    -6011.911       38.264   303.6
4.3890        -5973.764    -6011.876       38.111   302.4
4.3895        -5973.757    -6011.838       38.081   302.2
4.3900        -5973.918    -6011.802       37.884   300.6
4.3905        -5973.809    -6011.765       37.956   301.2
4.3910        -5973.743    -6011.729       37.987   301.4
4.3915        -5973.879    -6011.693       37.815   300.0
4.3920        -5973.748    -6011.656       37.908   300.8
4.3925        -5973.695    -6011.617       37.921   300.9
4.3930        -5973.817    -6011.577       37.760   299.6
4.3935        -5973.818    -6011.537       37.719   299.3
4.3940        -5973.805    -6011.498       37.693   299.1
4.3945        -5973.955    -6011.459       37.504   297.6
4.3950        -5973.932    -6011.417       37.485   297.4
4.3955        -5973.950    -6011.373       37.423   296.9
4.3960        -5973.850    -6011.328       37.478   297.4
4.3965        -5973.825    -6011.281       37.456   297.2
4.3970        -5973.860    -6011.235       37.374   296.6
4.3975        -5973.864    -6011.191       37.326   296.2
4.3980        -5973.968    -6011.151       37.183   295.0
4.3985        -5974.001    -6011.115       37.113   294.5
4.3990        -5973.968    -6011.081       37.113   294.5
4.3995        -5973.985    -6011.051       37.065   294.1
4.4000        -5973.923    -6011.024       37.101   294.4
4.4005        -5973.814    -6010.999       37.185   295.1
4.4010        -5973.877    -6010.976       37.099   294.4
4.4015        -5973.872    -6010.954       37.082   294.2
4.4020        -5973.862    -6010.933       37.071   294.2
4.4025        -5973.829    -6010.915       37.086   294.3
4.4030        -5973.842    -6010.899       37.057   294.0
4.4035        -5973.824    -6010.885       37.062   294.1
4.4040        -5973.908    -6010.874       36.965   293.3
4.4045        -5973.887    -6010.863       36.976   293.4
4.4050        -5973.973    -6010.854       36.881   292.6
4.4055        -5973.992    -6010.845       36.854   292.4
4.4060        -5974.024    -6010.842       36.818   292.1
4.4065        -5974.120    -6010.842       36.723   291.4
4.4070        -5974.161    -6010.846       36.685   291.1
4.4075        -5974.113    -6010.854       36.741   291.5
4.4080        -5974.121    -6010.866       36.745   291.6
4.4085        -5974.117    -6010.882       36.765   291.7
4.4090        -5974.081    -6010.901       36.821   292.2
4.4095        -5974.151    -6010.923       36.772   291.8
4.4100        -5974.058    -6010.946       36.889   292.7
4.4105        -5974.165    -6010.970       36.806   292.0
4.4110        -5974.159    -6010.995       36.836   292.3
4.4115        -5974.131    -6011.017       36.886   292.7
4.4120        -5974.133    -6011.042       36.909   292.9
