Time[ps]      Etot[eV]     Epot[eV]     Ekin[eV]    T[K]
0.0000        -6052.199    -6052.199        0.000     0.0
0.0005        -6052.124    -6052.201        0.077     0.6
0.0010        -6052.045    -6052.207        0.162     1.3
0.0015        -6051.965    -6052.217        0.252     2.0
0.0020        -6051.886    -6052.230        0.344     2.7
0.0025        -6051.816    -6052.247        0.431     3.4
0.0030        -6051.744    -6052.266        0.523     4.1
0.0035        -6051.668    -6052.289        0.621     4.9
0.0040        -6051.594    -6052.315        0.721     5.7
0.0045        -6051.517    -6052.343        0.826     6.5
0.0050        -6051.445    -6052.374        0.930     7.4
0.0055        -6051.351    -6052.407        1.056     8.4
0.0060        -6051.272    -6052.441        1.169     9.3
0.0065        -6051.167    -6052.476        1.309    10.4
0.0070        -6051.125    -6052.512        1.388    11.0
0.0075        -6051.061    -6052.549        1.488    11.8
0.0080        -6050.963    -6052.586        1.622    12.9
0.0085        -6050.879    -6052.623        1.744    13.8
0.0090        -6050.812    -6052.659        1.847    14.6
0.0095        -6050.737    -6052.695        1.958    15.5
0.0100        -6050.651    -6052.730        2.079    16.5
0.0105        -6050.596    -6052.764        2.168    17.2
0.0110        -6050.559    -6052.797        2.238    17.7
0.0115        -6050.499    -6052.828        2.329    18.5
0.0120        -6050.412    -6052.858        2.446    19.4
0.0125        -6050.352    -6052.885        2.533    20.1
0.0130        -6050.285    -6052.910        2.625    20.8
0.0135        -6050.191    -6052.933        2.742    21.7
0.0140        -6050.146    -6052.953        2.807    22.3
0.0145        -6050.056    -6052.970        2.914    23.1
0.0150        -6050.000    -6052.985        2.985    23.7
0.0155        -6049.904    -6052.996        3.092    24.5
0.0160        -6049.847    -6053.004        3.157    25.0
0.0165        -6049.787    -6053.009        3.222    25.5
0.0170        -6049.718    -6053.011        3.293    26.1
0.0175        -6049.658    -6053.009        3.351    26.6
0.0180        -6049.593    -6053.003        3.410    27.0
0.0185        -6049.544    -6052.994        3.450    27.3
0.0190        -6049.465    -6052.982        3.517    27.9
0.0195        -6049.380    -6052.967        3.586    28.4
0.0200        -6049.313    -6052.948        3.635    28.8
0.0205        -6049.242    -6052.926        3.684    29.2
0.0210        -6049.194    -6052.900        3.707    29.4
0.0215        -6049.110    -6052.872        3.761    29.8
0.0220        -6049.042    -6052.841        3.799    30.1
0.0225        -6049.009    -6052.808        3.799    30.1
0.0230        -6048.956    -6052.773        3.816    30.2
0.0235        -6048.869    -6052.736        3.867    30.7
0.0240        -6048.803    -6052.697        3.894    30.9
0.0245        -6048.738    -6052.656        3.918    31.1
0.0250        -6048.656    -6052.614        3.958    31.4
0.0255        -6048.592    -6052.569        3.977    31.5
0.0260        -6048.568    -6052.523        3.955    31.3
0.0265        -6048.488    -6052.477        3.989    31.6
0.0270        -6048.416    -6052.429        4.013    31.8
0.0275        -6048.352    -6052.382        4.030    31.9
0.0280        -6048.304    -6052.333        4.029    31.9
0.0285        -6048.241    -6052.283        4.042    32.0
0.0290        -6048.133    -6052.232        4.098    32.5
0.0295        -6048.045    -6052.181        4.136    32.8
0.0300        -6047.982    -6052.129        4.148    32.9
0.0305        -6047.885    -6052.078        4.193    33.2
0.0310        -6047.825    -6052.027        4.202    33.3
0.0315        -6047.751    -6051.976        4.224    33.5
0.0320        -6047.702    -6051.925        4.223    33.5
0.0325        -6047.621    -6051.875        4.254    33.7
0.0330        -6047.562    -6051.824        4.262    33.8
0.0335        -6047.510    -6051.775        4.265    33.8
0.0340        -6047.433    -6051.727        4.294    34.0
0.0345        -6047.351    -6051.679        4.328    34.3
0.0350        -6047.311    -6051.632        4.321    34.3
0.0355        -6047.252    -6051.586        4.334    34.4
0.0360        -6047.184    -6051.541        4.356    34.5
0.0365        -6047.096    -6051.495        4.400    34.9
0.0370        -6047.003    -6051.451        4.448    35.3
0.0375        -6046.905    -6051.406        4.501    35.7
0.0380        -6046.844    -6051.362        4.518    35.8
0.0385        -6046.758    -6051.319        4.561    36.1
0.0390        -6046.701    -6051.277        4.577    36.3
0.0395        -6046.639    -6051.237        4.599    36.5
0.0400        -6046.531    -6051.199        4.668    37.0
0.0405        -6046.462    -6051.160        4.698    37.2
0.0410        -6046.411    -6051.124        4.713    37.4
0.0415        -6046.352    -6051.089        4.737    37.5
0.0420        -6046.303    -6051.056        4.753    37.7
0.0425        -6046.247    -6051.024        4.777    37.9
0.0430        -6046.239    -6050.994        4.755    37.7
0.0435        -6046.131    -6050.966        4.835    38.3
0.0440        -6046.055    -6050.940        4.885    38.7
0.0445        -6046.008    -6050.917        4.909    38.9
0.0450        -6045.935    -6050.895        4.960    39.3
0.0455        -6045.850    -6050.875        5.025    39.8
0.0460        -6045.790    -6050.854        5.064    40.1
0.0465        -6045.719    -6050.835        5.117    40.6
0.0470        -6045.618    -6050.817        5.199    41.2
0.0475        -6045.562    -6050.800        5.239    41.5
0.0480        -6045.516    -6050.784        5.268    41.8
0.0485        -6045.444    -6050.768        5.324    42.2
0.0490        -6045.381    -6050.753        5.372    42.6
0.0495        -6045.352    -6050.737        5.384    42.7
0.0500        -6045.271    -6050.721        5.450    43.2
0.0505        -6045.182    -6050.704        5.522    43.8
0.0510        -6045.121    -6050.686        5.565    44.1
0.0515        -6045.054    -6050.667        5.614    44.5
0.0520        -6044.968    -6050.648        5.680    45.0
0.0525        -6044.890    -6050.628        5.738    45.5
0.0530        -6044.796    -6050.607        5.812    46.1
0.0535        -6044.730    -6050.585        5.855    46.4
0.0540        -6044.662    -6050.562        5.900    46.8
0.0545        -6044.609    -6050.537        5.928    47.0
0.0550        -6044.520    -6050.510        5.991    47.5
0.0555        -6044.471    -6050.483        6.012    47.7
0.0560        -6044.411    -6050.454        6.043    47.9
0.0565        -6044.337    -6050.423        6.086    48.2
0.0570        -6044.271    -6050.391        6.119    48.5
0.0575        -6044.204    -6050.357        6.153    48.8
0.0580        -6044.140    -6050.323        6.183    49.0
0.0585        -6044.083    -6050.288        6.205    49.2
0.0590        -6043.997    -6050.251        6.255    49.6
0.0595        -6043.962    -6050.214        6.251    49.6
0.0600        -6043.920    -6050.174        6.255    49.6
0.0605        -6043.854    -6050.132        6.278    49.8
0.0610        -6043.786    -6050.089        6.303    50.0
0.0615        -6043.725    -6050.044        6.319    50.1
0.0620        -6043.690    -6049.997        6.307    50.0
0.0625        -6043.634    -6049.948        6.313    50.0
0.0630        -6043.525    -6049.896        6.372    50.5
0.0635        -6043.430    -6049.843        6.413    50.8
0.0640        -6043.340    -6049.789        6.448    51.1
0.0645        -6043.266    -6049.733        6.466    51.3
0.0650        -6043.189    -6049.676        6.487    51.4
0.0655        -6043.160    -6049.620        6.460    51.2
0.0660        -6043.111    -6049.563        6.452    51.1
0.0665        -6043.044    -6049.506        6.461    51.2
0.0670        -6042.985    -6049.450        6.466    51.2
0.0675        -6042.893    -6049.396        6.503    51.5
0.0680        -6042.857    -6049.342        6.485    51.4
0.0685        -6042.762    -6049.291        6.529    51.8
0.0690        -6042.722    -6049.241        6.519    51.7
0.0695        -6042.664    -6049.193        6.529    51.7
0.0700        -6042.572    -6049.147        6.574    52.1
0.0705        -6042.494    -6049.104        6.610    52.4
0.0710        -6042.443    -6049.063        6.619    52.5
0.0715        -6042.347    -6049.023        6.676    52.9
0.0720        -6042.285    -6048.987        6.702    53.1
0.0725        -6042.218    -6048.955        6.736    53.4
0.0730        -6042.161    -6048.925        6.764    53.6
0.0735        -6042.069    -6048.897        6.828    54.1
0.0740        -6042.019    -6048.871        6.852    54.3
0.0745        -6041.942    -6048.846        6.903    54.7
0.0750        -6041.859    -6048.822        6.963    55.2
0.0755        -6041.794    -6048.799        7.005    55.5
0.0760        -6041.740    -6048.778        7.038    55.8
0.0765        -6041.690    -6048.757        7.066    56.0
0.0770        -6041.574    -6048.736        7.162    56.8
0.0775        -6041.486    -6048.716        7.230    57.3
0.0780        -6041.391    -6048.696        7.305    57.9
0.0785        -6041.328    -6048.676        7.348    58.2
0.0790        -6041.273    -6048.657        7.384    58.5
0.0795        -6041.200    -6048.637        7.437    59.0
0.0800        -6041.104    -6048.616        7.512    59.5
0.0805        -6041.087    -6048.595        7.508    59.5
0.0810        -6041.003    -6048.574        7.571    60.0
0.0815        -6040.917    -6048.552        7.636    60.5
0.0820        -6040.889    -6048.529        7.640    60.6
0.0825        -6040.815    -6048.504        7.689    60.9
0.0830        -6040.809    -6048.478        7.669    60.8
0.0835        -6040.749    -6048.449        7.700    61.0
0.0840        -6040.698    -6048.420        7.722    61.2
0.0845        -6040.651    -6048.389        7.737    61.3
0.0850        -6040.593    -6048.355        7.763    61.5
0.0855        -6040.469    -6048.321        7.851    62.2
0.0860        -6040.395    -6048.285        7.890    62.5
0.0865        -6040.302    -6048.246        7.944    63.0
0.0870        -6040.248    -6048.206        7.958    63.1
0.0875        -6040.164    -6048.163        7.999    63.4
0.0880        -6040.078    -6048.120        8.042    63.7
0.0885        -6039.991    -6048.075        8.085    64.1
0.0890        -6039.897    -6048.028        8.131    64.4
0.0895        -6039.823    -6047.979        8.156    64.6
0.0900        -6039.796    -6047.928        8.132    64.5
0.0905        -6039.747    -6047.876        8.129    64.4
0.0910        -6039.653    -6047.823        8.170    64.8
0.0915        -6039.587    -6047.769        8.183    64.9
0.0920        -6039.547    -6047.715        8.168    64.7
0.0925        -6039.520    -6047.659        8.138    64.5
0.0930        -6039.464    -6047.601        8.137    64.5
0.0935        -6039.460    -6047.544        8.084    64.1
0.0940        -6039.417    -6047.487        8.069    64.0
0.0945        -6039.286    -6047.429        8.143    64.5
0.0950        -6039.230    -6047.371        8.141    64.5
0.0955        -6039.203    -6047.313        8.110    64.3
0.0960        -6039.111    -6047.254        8.143    64.5
0.0965        -6039.050    -6047.196        8.146    64.6
0.0970        -6038.995    -6047.137        8.142    64.5
0.0975        -6038.911    -6047.078        8.167    64.7
0.0980        -6038.867    -6047.018        8.152    64.6
0.0985        -6038.758    -6046.960        8.202    65.0
0.0990        -6038.714    -6046.902        8.187    64.9
0.0995        -6038.662    -6046.844        8.182    64.9
0.1000        -6038.587    -6046.787        8.200    65.0
0.1005        -6038.525    -6046.732        8.207    65.1
0.1010        -6038.475    -6046.677        8.202    65.0
0.1015        -6038.428    -6046.622        8.194    65.0
0.1020        -6038.358    -6046.568        8.210    65.1
0.1025        -6038.330    -6046.514        8.184    64.9
0.1030        -6038.253    -6046.461        8.208    65.1
0.1035        -6038.203    -6046.408        8.205    65.0
0.1040        -6038.123    -6046.356        8.234    65.3
0.1045        -6038.033    -6046.305        8.272    65.6
0.1050        -6037.926    -6046.255        8.328    66.0
0.1055        -6037.832    -6046.205        8.372    66.4
0.1060        -6037.771    -6046.155        8.384    66.5
0.1065        -6037.714    -6046.108        8.394    66.5
0.1070        -6037.633    -6046.062        8.428    66.8
0.1075        -6037.550    -6046.017        8.468    67.1
0.1080        -6037.489    -6045.974        8.485    67.3
0.1085        -6037.418    -6045.932        8.514    67.5
0.1090        -6037.403    -6045.890        8.487    67.3
0.1095        -6037.343    -6045.849        8.506    67.4
0.1100        -6037.301    -6045.810        8.510    67.5
0.1105        -6037.217    -6045.773        8.556    67.8
0.1110        -6037.165    -6045.737        8.572    67.9
0.1115        -6037.039    -6045.702        8.662    68.7
0.1120        -6036.934    -6045.667        8.732    69.2
0.1125        -6036.847    -6045.633        8.787    69.7
0.1130        -6036.764    -6045.601        8.837    70.0
0.1135        -6036.704    -6045.569        8.865    70.3
0.1140        -6036.648    -6045.538        8.890    70.5
0.1145        -6036.581    -6045.508        8.926    70.8
0.1150        -6036.518    -6045.477        8.959    71.0
0.1155        -6036.454    -6045.449        8.995    71.3
0.1160        -6036.416    -6045.421        9.005    71.4
0.1165        -6036.306    -6045.393        9.087    72.0
0.1170        -6036.251    -6045.366        9.114    72.2
0.1175        -6036.190    -6045.338        9.148    72.5
0.1180        -6036.092    -6045.310        9.218    73.1
0.1185        -6035.993    -6045.282        9.288    73.6
0.1190        -6035.955    -6045.252        9.297    73.7
0.1195        -6035.900    -6045.222        9.322    73.9
0.1200        -6035.794    -6045.190        9.396    74.5
0.1205        -6035.650    -6045.156        9.506    75.4
0.1210        -6035.586    -6045.122        9.536    75.6
0.1215        -6035.517    -6045.088        9.570    75.9
0.1220        -6035.465    -6045.052        9.588    76.0
0.1225        -6035.381    -6045.016        9.635    76.4
0.1230        -6035.334    -6044.977        9.644    76.4
0.1235        -6035.364    -6044.937        9.574    75.9
0.1240        -6035.336    -6044.898        9.562    75.8
0.1245        -6035.270    -6044.859        9.589    76.0
0.1250        -6035.205    -6044.818        9.613    76.2
0.1255        -6035.155    -6044.777        9.622    76.3
0.1260        -6035.103    -6044.735        9.632    76.4
0.1265        -6035.006    -6044.694        9.688    76.8
0.1270        -6034.983    -6044.653        9.670    76.7
0.1275        -6034.970    -6044.612        9.642    76.4
0.1280        -6034.900    -6044.571        9.671    76.7
0.1285        -6034.774    -6044.532        9.757    77.3
0.1290        -6034.719    -6044.495        9.776    77.5
0.1295        -6034.684    -6044.459        9.774    77.5
0.1300        -6034.637    -6044.424        9.787    77.6
0.1305        -6034.665    -6044.391        9.726    77.1
0.1310        -6034.547    -6044.357        9.810    77.8
0.1315        -6034.517    -6044.323        9.807    77.7
0.1320        -6034.448    -6044.291        9.843    78.0
0.1325        -6034.402    -6044.259        9.857    78.1
0.1330        -6034.364    -6044.229        9.865    78.2
0.1335        -6034.343    -6044.200        9.856    78.1
0.1340        -6034.283    -6044.173        9.890    78.4
0.1345        -6034.218    -6044.149        9.931    78.7
0.1350        -6034.157    -6044.126        9.969    79.0
0.1355        -6034.087    -6044.104       10.017    79.4
0.1360        -6034.011    -6044.083       10.072    79.8
0.1365        -6033.944    -6044.064       10.119    80.2
0.1370        -6033.912    -6044.045       10.133    80.3
0.1375        -6033.843    -6044.028       10.185    80.7
0.1380        -6033.745    -6044.010       10.265    81.4
0.1385        -6033.661    -6043.993       10.331    81.9
0.1390        -6033.588    -6043.976       10.388    82.3
0.1395        -6033.509    -6043.958       10.450    82.8
0.1400        -6033.463    -6043.941       10.478    83.1
0.1405        -6033.421    -6043.923       10.502    83.2
0.1410        -6033.363    -6043.905       10.542    83.6
0.1415        -6033.232    -6043.887       10.655    84.5
0.1420        -6033.191    -6043.870       10.679    84.6
0.1425        -6033.169    -6043.853       10.684    84.7
0.1430        -6033.114    -6043.836       10.722    85.0
0.1435        -6033.063    -6043.818       10.756    85.3
0.1440        -6032.999    -6043.799       10.800    85.6
0.1445        -6032.925    -6043.780       10.855    86.0
0.1450        -6032.808    -6043.760       10.951    86.8
0.1455        -6032.752    -6043.740       10.988    87.1
0.1460        -6032.772    -6043.719       10.946    86.8
0.1465        -6032.727    -6043.697       10.969    86.9
0.1470        -6032.711    -6043.673       10.962    86.9
0.1475        -6032.694    -6043.651       10.957    86.9
0.1480        -6032.683    -6043.630       10.946    86.8
0.1485        -6032.654    -6043.608       10.954    86.8
0.1490        -6032.591    -6043.585       10.993    87.1
0.1495        -6032.534    -6043.561       11.027    87.4
0.1500        -6032.492    -6043.535       11.043    87.5
0.1505        -6032.413    -6043.509       11.095    87.9
0.1510        -6032.375    -6043.481       11.106    88.0
0.1515        -6032.317    -6043.451       11.134    88.3
0.1520        -6032.235    -6043.422       11.187    88.7
0.1525        -6032.131    -6043.392       11.262    89.3
0.1530        -6032.052    -6043.362       11.310    89.7
0.1535        -6032.024    -6043.330       11.307    89.6
0.1540        -6032.006    -6043.299       11.293    89.5
0.1545        -6031.929    -6043.269       11.340    89.9
0.1550        -6031.868    -6043.240       11.372    90.1
0.1555        -6031.837    -6043.211       11.374    90.2
0.1560        -6031.817    -6043.183       11.366    90.1
0.1565        -6031.777    -6043.156       11.379    90.2
0.1570        -6031.777    -6043.129       11.352    90.0
0.1575        -6031.696    -6043.103       11.407    90.4
0.1580        -6031.687    -6043.076       11.390    90.3
0.1585        -6031.627    -6043.051       11.424    90.6
0.1590        -6031.528    -6043.027       11.499    91.1
0.1595        -6031.498    -6043.004       11.506    91.2
0.1600        -6031.416    -6042.981       11.565    91.7
0.1605        -6031.388    -6042.958       11.570    91.7
0.1610        -6031.327    -6042.937       11.610    92.0
0.1615        -6031.259    -6042.917       11.658    92.4
0.1620        -6031.233    -6042.897       11.665    92.5
0.1625        -6031.182    -6042.878       11.695    92.7
0.1630        -6031.074    -6042.859       11.785    93.4
0.1635        -6031.049    -6042.840       11.791    93.5
0.1640        -6031.010    -6042.822       11.813    93.6
0.1645        -6030.996    -6042.805       11.809    93.6
0.1650        -6030.934    -6042.789       11.855    94.0
0.1655        -6030.860    -6042.772       11.912    94.4
0.1660        -6030.839    -6042.757       11.918    94.5
0.1665        -6030.802    -6042.742       11.941    94.7
0.1670        -6030.772    -6042.727       11.955    94.8
0.1675        -6030.724    -6042.712       11.989    95.0
0.1680        -6030.650    -6042.698       12.048    95.5
0.1685        -6030.662    -6042.685       12.024    95.3
0.1690        -6030.623    -6042.672       12.049    95.5
0.1695        -6030.514    -6042.658       12.145    96.3
0.1700        -6030.494    -6042.644       12.151    96.3
0.1705        -6030.419    -6042.629       12.211    96.8
0.1710        -6030.326    -6042.614       12.288    97.4
0.1715        -6030.315    -6042.597       12.281    97.3
0.1720        -6030.290    -6042.578       12.288    97.4
0.1725        -6030.230    -6042.559       12.329    97.7
0.1730        -6030.170    -6042.541       12.371    98.1
0.1735        -6030.114    -6042.521       12.408    98.4
0.1740        -6030.067    -6042.501       12.435    98.6
0.1745        -6030.060    -6042.480       12.420    98.4
0.1750        -6029.991    -6042.458       12.467    98.8
0.1755        -6029.938    -6042.436       12.498    99.1
0.1760        -6029.963    -6042.413       12.449    98.7
0.1765        -6029.875    -6042.387       12.513    99.2
0.1770        -6029.825    -6042.359       12.534    99.4
0.1775        -6029.740    -6042.332       12.592    99.8
0.1780        -6029.656    -6042.304       12.647   100.3
0.1785        -6029.527    -6042.274       12.747   101.0
0.1790        -6029.455    -6042.243       12.788   101.4
0.1795        -6029.418    -6042.212       12.793   101.4
0.1800        -6029.315    -6042.178       12.862   102.0
0.1805        -6029.291    -6042.141       12.850   101.9
0.1810        -6029.267    -6042.104       12.837   101.8
0.1815        -6029.220    -6042.065       12.844   101.8
0.1820        -6029.195    -6042.024       12.830   101.7
0.1825        -6029.150    -6041.983       12.834   101.7
0.1830        -6029.086    -6041.942       12.855   101.9
0.1835        -6029.137    -6041.899       12.762   101.2
0.1840        -6029.126    -6041.856       12.730   100.9
0.1845        -6029.046    -6041.812       12.767   101.2
0.1850        -6028.992    -6041.771       12.779   101.3
0.1855        -6028.944    -6041.729       12.785   101.3
0.1860        -6028.819    -6041.688       12.869   102.0
0.1865        -6028.839    -6041.647       12.808   101.5
0.1870        -6028.760    -6041.606       12.846   101.8
0.1875        -6028.660    -6041.565       12.905   102.3
0.1880        -6028.635    -6041.522       12.888   102.2
0.1885        -6028.580    -6041.481       12.900   102.3
0.1890        -6028.479    -6041.440       12.960   102.7
0.1895        -6028.388    -6041.400       13.011   103.1
0.1900        -6028.346    -6041.361       13.015   103.2
0.1905        -6028.255    -6041.324       13.069   103.6
0.1910        -6028.204    -6041.289       13.085   103.7
0.1915        -6028.165    -6041.254       13.089   103.8
0.1920        -6028.083    -6041.220       13.138   104.1
0.1925        -6027.974    -6041.186       13.211   104.7
0.1930        -6027.934    -6041.151       13.218   104.8
0.1935        -6027.834    -6041.118       13.284   105.3
0.1940        -6027.732    -6041.084       13.352   105.8
0.1945        -6027.735    -6041.051       13.316   105.5
0.1950        -6027.681    -6041.017       13.336   105.7
0.1955        -6027.652    -6040.982       13.330   105.7
0.1960        -6027.638    -6040.946       13.308   105.5
0.1965        -6027.621    -6040.912       13.291   105.4
0.1970        -6027.520    -6040.879       13.359   105.9
0.1975        -6027.469    -6040.847       13.378   106.0
0.1980        -6027.392    -6040.814       13.423   106.4
0.1985        -6027.397    -6040.781       13.384   106.1
0.1990        -6027.381    -6040.747       13.367   106.0
0.1995        -6027.258    -6040.713       13.455   106.6
0.2000        -6027.173    -6040.678       13.505   107.0
0.2005        -6027.197    -6040.641       13.444   106.6
0.2010        -6027.140    -6040.604       13.464   106.7
0.2015        -6027.077    -6040.567       13.489   106.9
0.2020        -6026.951    -6040.530       13.579   107.6
0.2025        -6026.882    -6040.496       13.614   107.9
0.2030        -6026.867    -6040.461       13.594   107.8
0.2035        -6026.892    -6040.427       13.535   107.3
0.2040        -6026.820    -6040.393       13.573   107.6
0.2045        -6026.769    -6040.359       13.590   107.7
0.2050        -6026.739    -6040.326       13.587   107.7
0.2055        -6026.704    -6040.294       13.589   107.7
0.2060        -6026.658    -6040.261       13.602   107.8
0.2065        -6026.583    -6040.228       13.645   108.2
0.2070        -6026.584    -6040.197       13.613   107.9
0.2075        -6026.582    -6040.167       13.585   107.7
0.2080        -6026.534    -6040.140       13.606   107.9
0.2085        -6026.490    -6040.114       13.624   108.0
0.2090        -6026.402    -6040.090       13.688   108.5
0.2095        -6026.329    -6040.069       13.739   108.9
0.2100        -6026.273    -6040.048       13.775   109.2
0.2105        -6026.209    -6040.029       13.819   109.5
0.2110        -6026.172    -6040.011       13.839   109.7
0.2115        -6026.092    -6039.995       13.904   110.2
0.2120        -6026.109    -6039.981       13.872   110.0
0.2125        -6026.022    -6039.969       13.947   110.6
0.2130        -6025.931    -6039.958       14.027   111.2
0.2135        -6025.897    -6039.947       14.050   111.4
0.2140        -6025.876    -6039.939       14.063   111.5
0.2145        -6025.822    -6039.932       14.110   111.8
0.2150        -6025.753    -6039.929       14.176   112.4
0.2155        -6025.687    -6039.926       14.240   112.9
0.2160        -6025.611    -6039.927       14.316   113.5
0.2165        -6025.560    -6039.929       14.368   113.9
0.2170        -6025.518    -6039.931       14.413   114.2
0.2175        -6025.451    -6039.933       14.482   114.8
0.2180        -6025.427    -6039.936       14.509   115.0
0.2185        -6025.354    -6039.940       14.585   115.6
0.2190        -6025.280    -6039.943       14.663   116.2
0.2195        -6025.226    -6039.945       14.719   116.7
0.2200        -6025.221    -6039.946       14.726   116.7
0.2205        -6025.174    -6039.946       14.772   117.1
0.2210        -6025.183    -6039.944       14.761   117.0
0.2215        -6025.176    -6039.942       14.766   117.0
0.2220        -6025.163    -6039.938       14.775   117.1
0.2225        -6025.125    -6039.934       14.809   117.4
0.2230        -6025.124    -6039.929       14.805   117.4
0.2235        -6025.074    -6039.922       14.847   117.7
0.2240        -6025.051    -6039.914       14.862   117.8
0.2245        -6025.040    -6039.905       14.865   117.8
0.2250        -6025.003    -6039.895       14.892   118.0
0.2255        -6024.941    -6039.884       14.944   118.5
0.2260        -6024.908    -6039.873       14.965   118.6
0.2265        -6024.904    -6039.862       14.957   118.6
0.2270        -6024.832    -6039.850       15.018   119.0
0.2275        -6024.836    -6039.837       15.001   118.9
0.2280        -6024.771    -6039.822       15.051   119.3
0.2285        -6024.726    -6039.806       15.080   119.5
0.2290        -6024.653    -6039.790       15.137   120.0
0.2295        -6024.531    -6039.772       15.241   120.8
0.2300        -6024.431    -6039.752       15.321   121.4
0.2305        -6024.406    -6039.729       15.324   121.5
0.2310        -6024.389    -6039.705       15.316   121.4
0.2315        -6024.320    -6039.681       15.362   121.8
0.2320        -6024.202    -6039.656       15.454   122.5
0.2325        -6024.110    -6039.629       15.519   123.0
0.2330        -6024.080    -6039.603       15.523   123.0
0.2335        -6024.065    -6039.577       15.511   123.0
0.2340        -6024.073    -6039.550       15.477   122.7
0.2345        -6024.030    -6039.522       15.492   122.8
0.2350        -6023.995    -6039.492       15.497   122.8
0.2355        -6023.905    -6039.462       15.557   123.3
0.2360        -6023.955    -6039.432       15.477   122.7
0.2365        -6023.909    -6039.401       15.492   122.8
0.2370        -6023.868    -6039.372       15.505   122.9
0.2375        -6023.883    -6039.344       15.462   122.6
0.2380        -6023.805    -6039.318       15.514   123.0
0.2385        -6023.755    -6039.294       15.539   123.2
0.2390        -6023.728    -6039.269       15.541   123.2
0.2395        -6023.653    -6039.245       15.592   123.6
0.2400        -6023.679    -6039.220       15.542   123.2
0.2405        -6023.690    -6039.195       15.505   122.9
0.2410        -6023.670    -6039.171       15.501   122.9
0.2415        -6023.653    -6039.149       15.495   122.8
0.2420        -6023.689    -6039.128       15.438   122.4
0.2425        -6023.636    -6039.107       15.471   122.6
0.2430        -6023.580    -6039.087       15.507   122.9
0.2435        -6023.543    -6039.070       15.526   123.1
0.2440        -6023.478    -6039.054       15.576   123.5
0.2445        -6023.387    -6039.040       15.653   124.1
0.2450        -6023.360    -6039.025       15.665   124.2
0.2455        -6023.285    -6039.011       15.726   124.7
0.2460        -6023.283    -6039.000       15.717   124.6
0.2465        -6023.210    -6038.990       15.780   125.1
0.2470        -6023.167    -6038.983       15.816   125.4
0.2475        -6023.116    -6038.977       15.862   125.7
0.2480        -6023.119    -6038.973       15.854   125.7
0.2485        -6023.078    -6038.970       15.892   126.0
0.2490        -6023.018    -6038.968       15.950   126.4
0.2495        -6023.010    -6038.967       15.958   126.5
0.2500        -6022.949    -6038.967       16.018   127.0
0.2505        -6022.941    -6038.968       16.026   127.0
0.2510        -6022.912    -6038.968       16.056   127.3
0.2515        -6022.899    -6038.970       16.071   127.4
0.2520        -6022.864    -6038.972       16.109   127.7
0.2525        -6022.799    -6038.975       16.176   128.2
0.2530        -6022.786    -6038.976       16.190   128.3
0.2535        -6022.769    -6038.975       16.207   128.5
0.2540        -6022.746    -6038.972       16.226   128.6
0.2545        -6022.666    -6038.970       16.304   129.2
0.2550        -6022.662    -6038.968       16.305   129.2
0.2555        -6022.617    -6038.963       16.346   129.6
0.2560        -6022.601    -6038.958       16.357   129.7
0.2565        -6022.536    -6038.952       16.416   130.1
0.2570        -6022.500    -6038.945       16.444   130.3
0.2575        -6022.484    -6038.937       16.452   130.4
0.2580        -6022.404    -6038.929       16.525   131.0
0.2585        -6022.407    -6038.921       16.515   130.9
0.2590        -6022.437    -6038.913       16.476   130.6
0.2595        -6022.435    -6038.903       16.468   130.5
0.2600        -6022.355    -6038.895       16.540   131.1
0.2605        -6022.326    -6038.887       16.561   131.3
0.2610        -6022.267    -6038.878       16.610   131.7
0.2615        -6022.236    -6038.867       16.631   131.8
0.2620        -6022.149    -6038.855       16.705   132.4
0.2625        -6022.141    -6038.842       16.701   132.4
0.2630        -6022.079    -6038.828       16.749   132.8
0.2635        -6022.034    -6038.814       16.780   133.0
0.2640        -6022.021    -6038.798       16.777   133.0
0.2645        -6021.957    -6038.782       16.825   133.4
0.2650        -6021.933    -6038.763       16.830   133.4
0.2655        -6021.880    -6038.745       16.865   133.7
0.2660        -6021.855    -6038.726       16.872   133.7
0.2665        -6021.767    -6038.707       16.941   134.3
0.2670        -6021.824    -6038.687       16.863   133.7
0.2675        -6021.859    -6038.666       16.807   133.2
0.2680        -6021.838    -6038.642       16.803   133.2
0.2685        -6021.861    -6038.618       16.758   132.8
0.2690        -6021.829    -6038.595       16.766   132.9
0.2695        -6021.866    -6038.571       16.705   132.4
0.2700        -6021.843    -6038.546       16.703   132.4
0.2705        -6021.847    -6038.521       16.675   132.2
0.2710        -6021.763    -6038.498       16.735   132.7
0.2715        -6021.690    -6038.475       16.785   133.0
0.2720        -6021.603    -6038.452       16.849   133.6
0.2725        -6021.581    -6038.430       16.849   133.6
0.2730        -6021.614    -6038.408       16.794   133.1
0.2735        -6021.616    -6038.384       16.769   132.9
0.2740        -6021.552    -6038.362       16.810   133.2
0.2745        -6021.512    -6038.339       16.827   133.4
0.2750        -6021.466    -6038.317       16.851   133.6
0.2755        -6021.416    -6038.294       16.878   133.8
0.2760        -6021.338    -6038.274       16.936   134.2
0.2765        -6021.349    -6038.254       16.905   134.0
0.2770        -6021.272    -6038.235       16.963   134.5
0.2775        -6021.165    -6038.217       17.052   135.2
0.2780        -6021.063    -6038.200       17.137   135.8
0.2785        -6021.008    -6038.184       17.176   136.1
0.2790        -6020.942    -6038.165       17.223   136.5
0.2795        -6020.878    -6038.146       17.268   136.9
0.2800        -6020.801    -6038.127       17.326   137.3
0.2805        -6020.752    -6038.108       17.356   137.6
0.2810        -6020.700    -6038.090       17.390   137.8
0.2815        -6020.641    -6038.073       17.432   138.2
0.2820        -6020.527    -6038.055       17.529   138.9
0.2825        -6020.448    -6038.037       17.590   139.4
0.2830        -6020.406    -6038.019       17.614   139.6
0.2835        -6020.245    -6038.000       17.754   140.7
0.2840        -6020.285    -6037.980       17.695   140.3
0.2845        -6020.213    -6037.961       17.747   140.7
0.2850        -6020.159    -6037.941       17.781   140.9
0.2855        -6020.141    -6037.919       17.779   140.9
0.2860        -6020.059    -6037.899       17.840   141.4
0.2865        -6020.015    -6037.876       17.861   141.6
0.2870        -6019.930    -6037.850       17.921   142.1
0.2875        -6019.883    -6037.823       17.940   142.2
0.2880        -6019.857    -6037.794       17.937   142.2
0.2885        -6019.856    -6037.765       17.908   142.0
0.2890        -6019.829    -6037.734       17.905   141.9
0.2895        -6019.796    -6037.701       17.905   141.9
0.2900        -6019.807    -6037.665       17.859   141.6
0.2905        -6019.731    -6037.628       17.896   141.9
0.2910        -6019.634    -6037.589       17.954   142.3
0.2915        -6019.638    -6037.547       17.909   142.0
0.2920        -6019.602    -6037.503       17.901   141.9
0.2925        -6019.585    -6037.458       17.873   141.7
0.2930        -6019.567    -6037.413       17.846   141.5
0.2935        -6019.501    -6037.366       17.865   141.6
0.2940        -6019.383    -6037.319       17.936   142.2
0.2945        -6019.321    -6037.274       17.953   142.3
0.2950        -6019.290    -6037.230       17.940   142.2
0.2955        -6019.326    -6037.185       17.859   141.6
0.2960        -6019.303    -6037.140       17.837   141.4
0.2965        -6019.259    -6037.095       17.836   141.4
0.2970        -6019.153    -6037.052       17.899   141.9
0.2975        -6019.068    -6037.010       17.942   142.2
0.2980        -6019.084    -6036.969       17.885   141.8
0.2985        -6019.034    -6036.929       17.895   141.8
0.2990        -6019.001    -6036.891       17.890   141.8
0.2995        -6018.903    -6036.853       17.951   142.3
0.3000        -6018.801    -6036.816       18.016   142.8
0.3005        -6018.784    -6036.781       17.996   142.7
0.3010        -6018.746    -6036.748       18.003   142.7
0.3015        -6018.758    -6036.718       17.960   142.4
0.3020        -6018.740    -6036.687       17.948   142.3
0.3025        -6018.717    -6036.658       17.941   142.2
0.3030        -6018.605    -6036.631       18.026   142.9
0.3035        -6018.513    -6036.606       18.092   143.4
0.3040        -6018.477    -6036.582       18.105   143.5
0.3045        -6018.437    -6036.560       18.123   143.7
0.3050        -6018.458    -6036.539       18.080   143.3
0.3055        -6018.410    -6036.520       18.111   143.6
0.3060        -6018.366    -6036.503       18.137   143.8
0.3065        -6018.311    -6036.489       18.178   144.1
0.3070        -6018.301    -6036.476       18.175   144.1
0.3075        -6018.188    -6036.465       18.277   144.9
0.3080        -6018.135    -6036.454       18.319   145.2
0.3085        -6018.101    -6036.442       18.341   145.4
0.3090        -6018.058    -6036.430       18.372   145.6
0.3095        -6018.022    -6036.420       18.398   145.8
0.3100        -6017.971    -6036.409       18.438   146.2
0.3105        -6017.916    -6036.399       18.482   146.5
0.3110        -6017.858    -6036.387       18.529   146.9
0.3115        -6017.747    -6036.376       18.630   147.7
0.3120        -6017.670    -6036.362       18.692   148.2
0.3125        -6017.653    -6036.346       18.693   148.2
0.3130        -6017.580    -6036.328       18.748   148.6
0.3135        -6017.598    -6036.309       18.711   148.3
0.3140        -6017.506    -6036.288       18.782   148.9
0.3145        -6017.497    -6036.266       18.769   148.8
0.3150        -6017.518    -6036.243       18.724   148.4
0.3155        -6017.480    -6036.218       18.739   148.5
0.3160        -6017.455    -6036.192       18.738   148.5
0.3165        -6017.335    -6036.164       18.830   149.3
0.3170        -6017.246    -6036.137       18.890   149.7
0.3175        -6017.271    -6036.109       18.837   149.3
0.3180        -6017.261    -6036.081       18.820   149.2
0.3185        -6017.235    -6036.054       18.819   149.2
0.3190        -6017.138    -6036.025       18.887   149.7
0.3195        -6017.105    -6035.995       18.890   149.7
0.3200        -6017.105    -6035.962       18.858   149.5
0.3205        -6017.035    -6035.929       18.895   149.8
0.3210        -6016.981    -6035.897       18.915   149.9
0.3215        -6016.916    -6035.863       18.947   150.2
0.3220        -6016.965    -6035.829       18.864   149.5
0.3225        -6016.917    -6035.796       18.878   149.6
0.3230        -6016.840    -6035.763       18.923   150.0
0.3235        -6016.768    -6035.731       18.963   150.3
0.3240        -6016.640    -6035.701       19.062   151.1
0.3245        -6016.515    -6035.673       19.158   151.9
0.3250        -6016.498    -6035.645       19.146   151.8
0.3255        -6016.470    -6035.619       19.149   151.8
0.3260        -6016.400    -6035.594       19.194   152.1
0.3265        -6016.318    -6035.570       19.252   152.6
0.3270        -6016.276    -6035.545       19.269   152.7
0.3275        -6016.220    -6035.522       19.301   153.0
0.3280        -6016.209    -6035.500       19.291   152.9
0.3285        -6016.099    -6035.480       19.381   153.6
0.3290        -6016.084    -6035.462       19.378   153.6
0.3295        -6015.994    -6035.445       19.451   154.2
0.3300        -6015.902    -6035.428       19.526   154.8
0.3305        -6015.702    -6035.412       19.710   156.2
0.3310        -6015.680    -6035.397       19.717   156.3
0.3315        -6015.645    -6035.381       19.736   156.4
0.3320        -6015.600    -6035.366       19.766   156.7
0.3325        -6015.487    -6035.353       19.865   157.5
0.3330        -6015.547    -6035.341       19.794   156.9
0.3335        -6015.602    -6035.329       19.727   156.4
0.3340        -6015.563    -6035.318       19.755   156.6
0.3345        -6015.603    -6035.307       19.704   156.2
0.3350        -6015.534    -6035.297       19.763   156.7
0.3355        -6015.454    -6035.289       19.835   157.2
0.3360        -6015.399    -6035.282       19.883   157.6
0.3365        -6015.283    -6035.277       19.994   158.5
0.3370        -6015.246    -6035.272       20.027   158.7
0.3375        -6015.146    -6035.268       20.122   159.5
0.3380        -6015.136    -6035.265       20.129   159.6
0.3385        -6015.234    -6035.262       20.028   158.8
0.3390        -6015.154    -6035.258       20.104   159.4
0.3395        -6015.137    -6035.253       20.116   159.4
0.3400        -6015.073    -6035.249       20.177   159.9
0.3405        -6015.052    -6035.245       20.194   160.1
0.3410        -6015.073    -6035.238       20.165   159.8
0.3415        -6015.055    -6035.230       20.175   159.9
0.3420        -6015.081    -6035.221       20.140   159.6
0.3425        -6015.143    -6035.210       20.067   159.1
0.3430        -6015.062    -6035.195       20.133   159.6
0.3435        -6015.054    -6035.177       20.123   159.5
0.3440        -6014.933    -6035.156       20.224   160.3
0.3445        -6014.888    -6035.132       20.244   160.5
0.3450        -6014.868    -6035.104       20.236   160.4
0.3455        -6014.836    -6035.073       20.236   160.4
0.3460        -6014.870    -6035.040       20.169   159.9
0.3465        -6014.846    -6035.005       20.158   159.8
0.3470        -6014.787    -6034.967       20.180   160.0
0.3475        -6014.785    -6034.928       20.144   159.7
0.3480        -6014.767    -6034.886       20.119   159.5
0.3485        -6014.759    -6034.843       20.084   159.2
0.3490        -6014.687    -6034.797       20.110   159.4
0.3495        -6014.688    -6034.750       20.062   159.0
0.3500        -6014.643    -6034.700       20.058   159.0
0.3505        -6014.521    -6034.650       20.129   159.6
0.3510        -6014.558    -6034.597       20.039   158.8
0.3515        -6014.593    -6034.543       19.950   158.1
0.3520        -6014.571    -6034.488       19.917   157.9
0.3525        -6014.563    -6034.431       19.868   157.5
0.3530        -6014.509    -6034.376       19.866   157.5
0.3535        -6014.541    -6034.321       19.781   156.8
0.3540        -6014.513    -6034.268       19.755   156.6
0.3545        -6014.507    -6034.216       19.709   156.2
0.3550        -6014.497    -6034.166       19.670   155.9
0.3555        -6014.486    -6034.119       19.633   155.6
0.3560        -6014.436    -6034.073       19.638   155.7
0.3565        -6014.364    -6034.028       19.664   155.9
0.3570        -6014.347    -6033.984       19.637   155.7
0.3575        -6014.344    -6033.943       19.599   155.4
0.3580        -6014.351    -6033.903       19.552   155.0
0.3585        -6014.333    -6033.863       19.530   154.8
0.3590        -6014.292    -6033.827       19.534   154.8
0.3595        -6014.348    -6033.793       19.445   154.1
0.3600        -6014.287    -6033.763       19.476   154.4
0.3605        -6014.260    -6033.735       19.475   154.4
0.3610        -6014.144    -6033.710       19.566   155.1
0.3615        -6014.148    -6033.689       19.541   154.9
0.3620        -6014.131    -6033.670       19.540   154.9
0.3625        -6014.107    -6033.655       19.548   154.9
0.3630        -6014.067    -6033.643       19.576   155.2
0.3635        -6014.018    -6033.634       19.617   155.5
0.3640        -6013.978    -6033.631       19.653   155.8
0.3645        -6013.977    -6033.629       19.652   155.8
0.3650        -6013.874    -6033.632       19.757   156.6
0.3655        -6013.852    -6033.636       19.784   156.8
0.3660        -6013.879    -6033.644       19.764   156.7
0.3665        -6013.796    -6033.655       19.858   157.4
0.3670        -6013.724    -6033.670       19.945   158.1
0.3675        -6013.686    -6033.689       20.004   158.6
0.3680        -6013.617    -6033.709       20.092   159.3
0.3685        -6013.553    -6033.729       20.176   159.9
0.3690        -6013.517    -6033.750       20.233   160.4
0.3695        -6013.470    -6033.774       20.303   160.9
0.3700        -6013.430    -6033.799       20.369   161.5
0.3705        -6013.389    -6033.825       20.436   162.0
0.3710        -6013.432    -6033.850       20.419   161.8
0.3715        -6013.429    -6033.876       20.447   162.1
0.3720        -6013.438    -6033.900       20.462   162.2
0.3725        -6013.479    -6033.922       20.443   162.0
0.3730        -6013.414    -6033.945       20.531   162.7
0.3735        -6013.369    -6033.966       20.597   163.3
0.3740        -6013.323    -6033.988       20.665   163.8
0.3745        -6013.373    -6034.009       20.636   163.6
0.3750        -6013.412    -6034.030       20.618   163.4
0.3755        -6013.385    -6034.050       20.665   163.8
0.3760        -6013.311    -6034.069       20.757   164.5
0.3765        -6013.267    -6034.086       20.819   165.0
0.3770        -6013.208    -6034.101       20.893   165.6
0.3775        -6013.253    -6034.113       20.861   165.4
0.3780        -6013.201    -6034.124       20.922   165.8
0.3785        -6013.144    -6034.133       20.989   166.4
0.3790        -6013.110    -6034.141       21.031   166.7
0.3795        -6013.109    -6034.148       21.038   166.8
0.3800        -6013.015    -6034.150       21.135   167.5
0.3805        -6013.013    -6034.149       21.136   167.5
0.3810        -6013.000    -6034.146       21.146   167.6
0.3815        -6012.916    -6034.142       21.227   168.3
0.3820        -6012.867    -6034.137       21.270   168.6
0.3825        -6012.809    -6034.129       21.320   169.0
0.3830        -6012.710    -6034.118       21.408   169.7
0.3835        -6012.654    -6034.106       21.452   170.0
0.3840        -6012.610    -6034.093       21.482   170.3
0.3845        -6012.540    -6034.077       21.537   170.7
0.3850        -6012.436    -6034.061       21.625   171.4
0.3855        -6012.398    -6034.046       21.648   171.6
0.3860        -6012.370    -6034.029       21.659   171.7
0.3865        -6012.340    -6034.012       21.672   171.8
0.3870        -6012.335    -6033.992       21.657   171.7
0.3875        -6012.329    -6033.972       21.643   171.6
0.3880        -6012.267    -6033.952       21.685   171.9
0.3885        -6012.221    -6033.932       21.711   172.1
0.3890        -6012.141    -6033.915       21.773   172.6
0.3895        -6012.181    -6033.898       21.717   172.1
0.3900        -6012.141    -6033.883       21.742   172.3
0.3905        -6012.106    -6033.869       21.762   172.5
0.3910        -6012.126    -6033.854       21.728   172.2
0.3915        -6012.163    -6033.840       21.677   171.8
0.3920        -6012.093    -6033.825       21.732   172.3
0.3925        -6012.041    -6033.812       21.771   172.6
0.3930        -6012.031    -6033.800       21.769   172.6
0.3935        -6011.969    -6033.788       21.819   172.9
0.3940        -6011.910    -6033.779       21.868   173.3
0.3945        -6011.864    -6033.770       21.906   173.6
0.3950        -6011.778    -6033.763       21.985   174.3
0.3955        -6011.737    -6033.756       22.019   174.5
0.3960        -6011.717    -6033.751       22.034   174.7
0.3965        -6011.632    -6033.747       22.115   175.3
0.3970        -6011.665    -6033.747       22.082   175.0
0.3975        -6011.636    -6033.747       22.112   175.3
0.3980        -6011.603    -6033.748       22.145   175.5
0.3985        -6011.560    -6033.751       22.191   175.9
0.3990        -6011.425    -6033.753       22.328   177.0
0.3995        -6011.353    -6033.756       22.403   177.6
0.4000        -6011.376    -6033.760       22.384   177.4
0.4005        -6011.350    -6033.765       22.414   177.7
0.4010        -6011.278    -6033.771       22.492   178.3
0.4015        -6011.225    -6033.776       22.551   178.8
0.4020        -6011.223    -6033.781       22.558   178.8
0.4025        -6011.222    -6033.786       22.565   178.9
0.4030        -6011.212    -6033.791       22.579   179.0
0.4035        -6011.159    -6033.795       22.637   179.4
0.4040        -6011.134    -6033.799       22.664   179.7
0.4045        -6011.085    -6033.801       22.715   180.1
0.4050        -6011.006    -6033.803       22.797   180.7
0.4055        -6011.032    -6033.804       22.772   180.5
0.4060        -6010.973    -6033.803       22.830   181.0
0.4065        -6010.895    -6033.800       22.905   181.6
0.4070        -6010.994    -6033.795       22.802   180.7
0.4075        -6011.042    -6033.788       22.746   180.3
0.4080        -6010.975    -6033.779       22.805   180.8
0.4085        -6010.964    -6033.769       22.805   180.8
0.4090        -6010.953    -6033.756       22.803   180.7
0.4095        -6010.906    -6033.739       22.834   181.0
0.4100        -6010.896    -6033.721       22.825   180.9
0.4105        -6010.834    -6033.699       22.865   181.2
0.4110        -6010.787    -6033.677       22.890   181.4
0.4115        -6010.754    -6033.652       22.897   181.5
0.4120        -6010.666    -6033.623       22.957   182.0
0.4125        -6010.643    -6033.591       22.948   181.9
0.4130        -6010.479    -6033.555       23.076   182.9
0.4135        -6010.484    -6033.516       23.033   182.6
0.4140        -6010.503    -6033.475       22.972   182.1
0.4145        -6010.424    -6033.431       23.006   182.4
0.4150        -6010.406    -6033.383       22.976   182.1
0.4155        -6010.294    -6033.331       23.038   182.6
0.4160        -6010.184    -6033.278       23.094   183.1
0.4165        -6010.133    -6033.221       23.088   183.0
0.4170        -6010.060    -6033.160       23.099   183.1
0.4175        -6010.018    -6033.097       23.079   182.9
0.4180        -6009.928    -6033.032       23.104   183.1
0.4185        -6009.928    -6032.966       23.038   182.6
0.4190        -6009.920    -6032.899       22.979   182.1
0.4195        -6009.836    -6032.833       22.997   182.3
0.4200        -6009.848    -6032.764       22.916   181.6
0.4205        -6009.820    -6032.694       22.874   181.3
0.4210        -6009.714    -6032.623       22.909   181.6
0.4215        -6009.737    -6032.552       22.816   180.9
0.4220        -6009.805    -6032.482       22.678   179.8
0.4225        -6009.838    -6032.414       22.575   178.9
0.4230        -6009.807    -6032.345       22.538   178.6
0.4235        -6009.793    -6032.278       22.486   178.2
0.4240        -6009.837    -6032.215       22.378   177.4
0.4245        -6009.840    -6032.153       22.313   176.9
0.4250        -6009.797    -6032.094       22.297   176.7
0.4255        -6009.823    -6032.037       22.214   176.1
0.4260        -6009.823    -6031.984       22.161   175.7
0.4265        -6009.752    -6031.934       22.182   175.8
0.4270        -6009.660    -6031.889       22.229   176.2
0.4275        -6009.644    -6031.848       22.203   176.0
0.4280        -6009.611    -6031.809       22.199   176.0
0.4285        -6009.610    -6031.775       22.165   175.7
0.4290        -6009.605    -6031.745       22.139   175.5
0.4295        -6009.596    -6031.718       22.122   175.4
0.4300        -6009.557    -6031.696       22.139   175.5
0.4305        -6009.465    -6031.677       22.212   176.1
0.4310        -6009.382    -6031.662       22.279   176.6
0.4315        -6009.273    -6031.648       22.375   177.4
0.4320        -6009.278    -6031.639       22.360   177.2
0.4325        -6009.222    -6031.632       22.410   177.6
0.4330        -6009.224    -6031.628       22.404   177.6
0.4335        -6009.276    -6031.629       22.353   177.2
0.4340        -6009.191    -6031.632       22.441   177.9
0.4345        -6009.219    -6031.639       22.420   177.7
0.4350        -6009.234    -6031.646       22.412   177.6
0.4355        -6009.244    -6031.655       22.411   177.6
0.4360        -6009.215    -6031.668       22.454   178.0
0.4365        -6009.227    -6031.685       22.457   178.0
0.4370        -6009.170    -6031.703       22.533   178.6
0.4375        -6009.203    -6031.723       22.520   178.5
0.4380        -6009.164    -6031.744       22.580   179.0
0.4385        -6009.196    -6031.765       22.569   178.9
0.4390        -6009.188    -6031.787       22.599   179.1
0.4395        -6009.162    -6031.809       22.646   179.5
0.4400        -6009.109    -6031.829       22.720   180.1
0.4405        -6009.081    -6031.850       22.769   180.5
0.4410        -6009.000    -6031.870       22.871   181.3
0.4415        -6008.913    -6031.889       22.977   182.1
0.4420        -6008.868    -6031.905       23.037   182.6
0.4425        -6008.850    -6031.921       23.071   182.9
0.4430        -6008.807    -6031.933       23.125   183.3
0.4435        -6008.682    -6031.942       23.260   184.4
0.4440        -6008.718    -6031.949       23.232   184.1
0.4445        -6008.718    -6031.953       23.236   184.2
0.4450        -6008.738    -6031.953       23.215   184.0
0.4455        -6008.705    -6031.948       23.243   184.2
0.4460        -6008.700    -6031.941       23.240   184.2
0.4465        -6008.754    -6031.929       23.176   183.7
0.4470        -6008.666    -6031.915       23.249   184.3
0.4475        -6008.738    -6031.896       23.158   183.6
0.4480        -6008.758    -6031.873       23.115   183.2
0.4485        -6008.725    -6031.847       23.121   183.3
0.4490        -6008.701    -6031.818       23.117   183.2
0.4495        -6008.707    -6031.786       23.079   182.9
0.4500        -6008.581    -6031.753       23.172   183.7
0.4505        -6008.528    -6031.718       23.189   183.8
0.4510        -6008.574    -6031.679       23.105   183.1
0.4515        -6008.527    -6031.640       23.112   183.2
0.4520        -6008.475    -6031.600       23.125   183.3
0.4525        -6008.392    -6031.557       23.165   183.6
0.4530        -6008.441    -6031.512       23.072   182.9
0.4535        -6008.357    -6031.466       23.109   183.2
0.4540        -6008.251    -6031.419       23.168   183.6
0.4545        -6008.172    -6031.371       23.199   183.9
0.4550        -6008.147    -6031.323       23.176   183.7
0.4555        -6008.094    -6031.272       23.178   183.7
0.4560        -6008.028    -6031.221       23.193   183.8
0.4565        -6008.052    -6031.172       23.120   183.3
0.4570        -6007.965    -6031.127       23.162   183.6
0.4575        -6007.978    -6031.084       23.106   183.2
0.4580        -6007.937    -6031.044       23.107   183.2
0.4585        -6007.959    -6031.007       23.048   182.7
0.4590        -6007.865    -6030.973       23.108   183.2
0.4595        -6007.816    -6030.942       23.126   183.3
0.4600        -6007.819    -6030.915       23.096   183.1
0.4605        -6007.795    -6030.894       23.099   183.1
0.4610        -6007.742    -6030.877       23.134   183.4
0.4615        -6007.701    -6030.865       23.164   183.6
0.4620        -6007.673    -6030.859       23.186   183.8
0.4625        -6007.676    -6030.858       23.183   183.8
0.4630        -6007.689    -6030.864       23.174   183.7
0.4635        -6007.676    -6030.874       23.198   183.9
0.4640        -6007.627    -6030.891       23.263   184.4
0.4645        -6007.589    -6030.912       23.323   184.9
0.4650        -6007.513    -6030.937       23.424   185.7
0.4655        -6007.456    -6030.966       23.510   186.4
0.4660        -6007.490    -6030.998       23.508   186.3
0.4665        -6007.432    -6031.032       23.600   187.1
0.4670        -6007.417    -6031.068       23.651   187.5
0.4675        -6007.443    -6031.106       23.663   187.6
0.4680        -6007.307    -6031.147       23.840   189.0
0.4685        -6007.218    -6031.189       23.972   190.0
0.4690        -6007.156    -6031.232       24.076   190.8
0.4695        -6007.116    -6031.277       24.161   191.5
0.4700        -6007.017    -6031.322       24.305   192.7
0.4705        -6006.995    -6031.366       24.371   193.2
0.4710        -6006.943    -6031.409       24.465   193.9
0.4715        -6006.861    -6031.451       24.590   194.9
0.4720        -6006.888    -6031.488       24.600   195.0
0.4725        -6006.897    -6031.524       24.626   195.2
0.4730        -6006.918    -6031.557       24.638   195.3
0.4735        -6006.890    -6031.589       24.699   195.8
0.4740        -6006.901    -6031.619       24.718   195.9
0.4745        -6006.949    -6031.649       24.700   195.8
0.4750        -6006.887    -6031.675       24.788   196.5
0.4755        -6006.911    -6031.700       24.789   196.5
0.4760        -6006.936    -6031.721       24.785   196.5
0.4765        -6006.889    -6031.739       24.850   197.0
0.4770        -6006.866    -6031.757       24.891   197.3
0.4775        -6006.770    -6031.772       25.002   198.2
0.4780        -6006.729    -6031.783       25.054   198.6
0.4785        -6006.715    -6031.791       25.076   198.8
0.4790        -6006.803    -6031.797       24.993   198.1
0.4795        -6006.731    -6031.798       25.066   198.7
0.4800        -6006.690    -6031.796       25.106   199.0
0.4805        -6006.536    -6031.791       25.255   200.2
0.4810        -6006.493    -6031.782       25.290   200.5
0.4815        -6006.456    -6031.771       25.315   200.7
0.4820        -6006.351    -6031.757       25.407   201.4
0.4825        -6006.275    -6031.739       25.464   201.8
0.4830        -6006.233    -6031.715       25.482   202.0
0.4835        -6006.179    -6031.686       25.507   202.2
0.4840        -6006.126    -6031.653       25.527   202.3
0.4845        -6006.090    -6031.617       25.527   202.3
0.4850        -6006.092    -6031.577       25.485   202.0
0.4855        -6006.032    -6031.533       25.501   202.1
0.4860        -6005.978    -6031.485       25.507   202.2
0.4865        -6005.970    -6031.433       25.464   201.8
0.4870        -6005.873    -6031.377       25.504   202.2
0.4875        -6005.743    -6031.316       25.573   202.7
0.4880        -6005.708    -6031.250       25.542   202.5
0.4885        -6005.661    -6031.181       25.520   202.3
0.4890        -6005.629    -6031.110       25.480   202.0
0.4895        -6005.585    -6031.036       25.451   201.7
0.4900        -6005.582    -6030.959       25.377   201.2
0.4905        -6005.547    -6030.879       25.332   200.8
0.4910        -6005.567    -6030.797       25.230   200.0
0.4915        -6005.516    -6030.712       25.196   199.7
0.4920        -6005.562    -6030.625       25.063   198.7
0.4925        -6005.575    -6030.538       24.963   197.9
0.4930        -6005.592    -6030.452       24.860   197.1
0.4935        -6005.542    -6030.367       24.825   196.8
0.4940        -6005.560    -6030.284       24.724   196.0
0.4945        -6005.507    -6030.203       24.697   195.8
0.4950        -6005.480    -6030.125       24.645   195.3
0.4955        -6005.479    -6030.047       24.568   194.7
0.4960        -6005.445    -6029.970       24.525   194.4
0.4965        -6005.324    -6029.895       24.572   194.8
0.4970        -6005.313    -6029.821       24.507   194.3
0.4975        -6005.314    -6029.749       24.435   193.7
0.4980        -6005.308    -6029.680       24.372   193.2
0.4985        -6005.243    -6029.615       24.373   193.2
0.4990        -6005.192    -6029.554       24.363   193.1
0.4995        -6005.121    -6029.495       24.374   193.2
0.5000        -6005.037    -6029.438       24.401   193.4
0.5005        -6005.044    -6029.384       24.339   192.9
0.5010        -6005.016    -6029.333       24.317   192.8
0.5015        -6004.960    -6029.286       24.327   192.8
0.5020        -6004.929    -6029.245       24.315   192.7
0.5025        -6004.872    -6029.207       24.335   192.9
0.5030        -6004.766    -6029.172       24.406   193.5
0.5035        -6004.817    -6029.138       24.322   192.8
0.5040        -6004.883    -6029.106       24.223   192.0
0.5045        -6004.761    -6029.074       24.313   192.7
0.5050        -6004.727    -6029.045       24.317   192.8
0.5055        -6004.685    -6029.018       24.334   192.9
0.5060        -6004.659    -6028.997       24.338   192.9
0.5065        -6004.618    -6028.980       24.362   193.1
0.5070        -6004.623    -6028.966       24.343   193.0
0.5075        -6004.584    -6028.954       24.370   193.2
0.5080        -6004.488    -6028.944       24.456   193.9
0.5085        -6004.499    -6028.935       24.437   193.7
0.5090        -6004.343    -6028.926       24.583   194.9
0.5095        -6004.305    -6028.920       24.614   195.1
0.5100        -6004.236    -6028.913       24.677   195.6
0.5105        -6004.166    -6028.907       24.741   196.1
0.5110        -6004.154    -6028.901       24.747   196.2
0.5115        -6004.113    -6028.898       24.785   196.5
0.5120        -6004.128    -6028.895       24.767   196.3
0.5125        -6004.154    -6028.894       24.741   196.1
0.5130        -6004.078    -6028.895       24.817   196.7
0.5135        -6004.054    -6028.895       24.841   196.9
0.5140        -6004.052    -6028.896       24.844   196.9
0.5145        -6004.039    -6028.897       24.859   197.0
0.5150        -6004.029    -6028.900       24.871   197.1
0.5155        -6003.961    -6028.903       24.942   197.7
0.5160        -6004.015    -6028.907       24.892   197.3
0.5165        -6004.018    -6028.912       24.894   197.3
0.5170        -6004.018    -6028.918       24.900   197.4
0.5175        -6004.084    -6028.925       24.841   196.9
0.5180        -6004.174    -6028.932       24.758   196.2
0.5185        -6004.151    -6028.940       24.789   196.5
0.5190        -6004.173    -6028.949       24.776   196.4
0.5195        -6004.150    -6028.957       24.807   196.6
0.5200        -6004.144    -6028.965       24.820   196.7
0.5205        -6004.052    -6028.970       24.917   197.5
0.5210        -6004.006    -6028.976       24.970   197.9
0.5215        -6003.978    -6028.980       25.001   198.2
0.5220        -6004.002    -6028.983       24.981   198.0
0.5225        -6003.941    -6028.985       25.043   198.5
0.5230        -6003.894    -6028.984       25.091   198.9
0.5235        -6003.817    -6028.983       25.166   199.5
0.5240        -6003.774    -6028.980       25.206   199.8
0.5245        -6003.781    -6028.975       25.194   199.7
0.5250        -6003.686    -6028.970       25.284   200.4
0.5255        -6003.713    -6028.966       25.253   200.2
0.5260        -6003.782    -6028.964       25.182   199.6
0.5265        -6003.792    -6028.963       25.170   199.5
0.5270        -6003.737    -6028.962       25.225   199.9
0.5275        -6003.695    -6028.961       25.266   200.3
0.5280        -6003.694    -6028.958       25.264   200.3
0.5285        -6003.649    -6028.954       25.305   200.6
0.5290        -6003.512    -6028.949       25.436   201.6
0.5295        -6003.478    -6028.942       25.464   201.8
0.5300        -6003.434    -6028.937       25.503   202.2
0.5305        -6003.483    -6028.934       25.451   201.7
0.5310        -6003.414    -6028.931       25.516   202.3
0.5315        -6003.426    -6028.927       25.500   202.1
0.5320        -6003.429    -6028.921       25.493   202.1
0.5325        -6003.384    -6028.917       25.533   202.4
0.5330        -6003.405    -6028.912       25.507   202.2
0.5335        -6003.354    -6028.910       25.556   202.6
0.5340        -6003.296    -6028.908       25.612   203.0
0.5345        -6003.343    -6028.907       25.564   202.6
0.5350        -6003.297    -6028.905       25.608   203.0
0.5355        -6003.142    -6028.905       25.763   204.2
0.5360        -6003.114    -6028.905       25.791   204.4
0.5365        -6003.152    -6028.904       25.751   204.1
0.5370        -6003.135    -6028.902       25.767   204.2
0.5375        -6003.051    -6028.898       25.846   204.9
0.5380        -6003.118    -6028.893       25.775   204.3
0.5385        -6003.060    -6028.888       25.828   204.7
0.5390        -6002.988    -6028.883       25.896   205.3
0.5395        -6002.945    -6028.879       25.934   205.6
0.5400        -6002.917    -6028.874       25.957   205.7
0.5405        -6002.909    -6028.867       25.958   205.8
0.5410        -6002.833    -6028.859       26.026   206.3
0.5415        -6002.821    -6028.851       26.030   206.3
0.5420        -6002.710    -6028.843       26.133   207.1
0.5425        -6002.638    -6028.832       26.194   207.6
0.5430        -6002.576    -6028.822       26.246   208.0
0.5435        -6002.579    -6028.812       26.233   207.9
0.5440        -6002.565    -6028.802       26.236   208.0
0.5445        -6002.538    -6028.791       26.253   208.1
0.5450        -6002.512    -6028.780       26.268   208.2
0.5455        -6002.421    -6028.768       26.348   208.8
0.5460        -6002.375    -6028.757       26.382   209.1
0.5465        -6002.305    -6028.745       26.440   209.6
0.5470        -6002.268    -6028.732       26.464   209.8
0.5475        -6002.176    -6028.719       26.542   210.4
0.5480        -6002.163    -6028.706       26.543   210.4
0.5485        -6002.166    -6028.692       26.525   210.3
0.5490        -6002.101    -6028.677       26.577   210.7
0.5495        -6002.131    -6028.664       26.533   210.3
0.5500        -6002.222    -6028.650       26.428   209.5
0.5505        -6002.248    -6028.635       26.387   209.2
0.5510        -6002.334    -6028.621       26.286   208.4
0.5515        -6002.285    -6028.608       26.324   208.7
0.5520        -6002.274    -6028.596       26.322   208.6
0.5525        -6002.286    -6028.583       26.298   208.5
0.5530        -6002.270    -6028.571       26.301   208.5
0.5535        -6002.250    -6028.560       26.310   208.6
0.5540        -6002.204    -6028.551       26.347   208.8
0.5545        -6002.124    -6028.543       26.418   209.4
0.5550        -6002.217    -6028.536       26.319   208.6
0.5555        -6002.192    -6028.529       26.337   208.8
0.5560        -6002.070    -6028.524       26.454   209.7
0.5565        -6002.100    -6028.523       26.422   209.4
0.5570        -6002.178    -6028.522       26.344   208.8
0.5575        -6002.276    -6028.524       26.248   208.1
0.5580        -6002.212    -6028.529       26.316   208.6
0.5585        -6002.125    -6028.534       26.409   209.3
0.5590        -6002.049    -6028.538       26.489   210.0
0.5595        -6002.081    -6028.542       26.461   209.7
0.5600        -6002.115    -6028.547       26.432   209.5
0.5605        -6002.062    -6028.551       26.489   210.0
0.5610        -6002.061    -6028.555       26.494   210.0
0.5615        -6001.997    -6028.558       26.562   210.5
0.5620        -6001.935    -6028.562       26.627   211.1
0.5625        -6001.957    -6028.565       26.608   210.9
0.5630        -6001.848    -6028.569       26.721   211.8
0.5635        -6001.879    -6028.571       26.692   211.6
0.5640        -6001.748    -6028.573       26.825   212.6
0.5645        -6001.690    -6028.574       26.884   213.1
0.5650        -6001.689    -6028.572       26.884   213.1
0.5655        -6001.703    -6028.567       26.864   212.9
0.5660        -6001.740    -6028.558       26.818   212.6
0.5665        -6001.637    -6028.545       26.908   213.3
0.5670        -6001.584    -6028.531       26.947   213.6
0.5675        -6001.668    -6028.517       26.849   212.8
0.5680        -6001.664    -6028.502       26.838   212.7
0.5685        -6001.585    -6028.486       26.901   213.2
0.5690        -6001.626    -6028.470       26.844   212.8
0.5695        -6001.505    -6028.452       26.947   213.6
0.5700        -6001.461    -6028.435       26.974   213.8
0.5705        -6001.491    -6028.417       26.926   213.4
0.5710        -6001.401    -6028.402       27.000   214.0
0.5715        -6001.351    -6028.387       27.035   214.3
0.5720        -6001.230    -6028.371       27.141   215.1
0.5725        -6001.217    -6028.354       27.137   215.1
0.5730        -6001.314    -6028.338       27.024   214.2
0.5735        -6001.139    -6028.321       27.182   215.5
0.5740        -6001.130    -6028.303       27.173   215.4
0.5745        -6001.082    -6028.285       27.204   215.6
0.5750        -6001.097    -6028.267       27.170   215.4
0.5755        -6001.111    -6028.247       27.136   215.1
0.5760        -6001.089    -6028.229       27.140   215.1
0.5765        -6001.004    -6028.212       27.208   215.7
0.5770        -6000.943    -6028.196       27.253   216.0
0.5775        -6000.903    -6028.182       27.279   216.2
0.5780        -6000.871    -6028.169       27.297   216.4
0.5785        -6000.843    -6028.155       27.312   216.5
0.5790        -6000.844    -6028.142       27.297   216.4
0.5795        -6000.812    -6028.128       27.315   216.5
0.5800        -6000.795    -6028.113       27.318   216.5
0.5805        -6000.809    -6028.100       27.290   216.3
0.5810        -6000.775    -6028.086       27.312   216.5
0.5815        -6000.766    -6028.071       27.305   216.4
0.5820        -6000.815    -6028.054       27.240   215.9
0.5825        -6000.798    -6028.039       27.241   215.9
0.5830        -6000.814    -6028.025       27.211   215.7
0.5835        -6000.687    -6028.011       27.324   216.6
0.5840        -6000.735    -6027.996       27.261   216.1
0.5845        -6000.611    -6027.983       27.372   217.0
0.5850        -6000.616    -6027.972       27.356   216.8
0.5855        -6000.626    -6027.960       27.334   216.7
0.5860        -6000.636    -6027.947       27.310   216.5
0.5865        -6000.617    -6027.935       27.319   216.5
0.5870        -6000.649    -6027.926       27.277   216.2
0.5875        -6000.634    -6027.918       27.284   216.3
0.5880        -6000.592    -6027.910       27.318   216.5
0.5885        -6000.618    -6027.904       27.286   216.3
0.5890        -6000.658    -6027.897       27.240   215.9
0.5895        -6000.598    -6027.890       27.292   216.3
0.5900        -6000.523    -6027.884       27.361   216.9
0.5905        -6000.405    -6027.879       27.473   217.8
0.5910        -6000.330    -6027.872       27.542   218.3
0.5915        -6000.322    -6027.868       27.546   218.3
0.5920        -6000.181    -6027.867       27.686   219.5
0.5925        -6000.197    -6027.868       27.671   219.3
0.5930        -6000.268    -6027.870       27.601   218.8
0.5935        -6000.201    -6027.871       27.670   219.3
0.5940        -6000.160    -6027.875       27.715   219.7
0.5945        -6000.141    -6027.879       27.738   219.9
0.5950        -6000.060    -6027.885       27.824   220.6
0.5955        -5999.933    -6027.891       27.958   221.6
0.5960        -5999.963    -6027.898       27.934   221.4
0.5965        -5999.994    -6027.903       27.909   221.2
0.5970        -5999.986    -6027.910       27.924   221.3
0.5975        -5999.904    -6027.918       28.014   222.1
0.5980        -5999.883    -6027.925       28.043   222.3
0.5985        -5999.878    -6027.934       28.057   222.4
0.5990        -5999.816    -6027.946       28.130   223.0
0.5995        -5999.854    -6027.959       28.105   222.8
0.6000        -5999.849    -6027.972       28.123   222.9
0.6005        -5999.798    -6027.986       28.188   223.4
0.6010        -5999.765    -6028.000       28.235   223.8
0.6015        -5999.698    -6028.012       28.314   224.4
0.6020        -5999.649    -6028.023       28.374   224.9
0.6025        -5999.616    -6028.034       28.418   225.3
0.6030        -5999.640    -6028.044       28.403   225.1
0.6035        -5999.556    -6028.051       28.495   225.9
0.6040        -5999.600    -6028.057       28.457   225.6
0.6045        -5999.524    -6028.063       28.539   226.2
0.6050        -5999.608    -6028.069       28.462   225.6
0.6055        -5999.593    -6028.076       28.482   225.8
0.6060        -5999.517    -6028.081       28.563   226.4
0.6065        -5999.461    -6028.084       28.623   226.9
0.6070        -5999.571    -6028.088       28.517   226.0
0.6075        -5999.576    -6028.090       28.513   226.0
0.6080        -5999.560    -6028.091       28.531   226.2
0.6085        -5999.521    -6028.092       28.571   226.5
0.6090        -5999.538    -6028.092       28.554   226.3
0.6095        -5999.543    -6028.093       28.550   226.3
0.6100        -5999.534    -6028.094       28.560   226.4
0.6105        -5999.531    -6028.095       28.564   226.4
0.6110        -5999.453    -6028.094       28.640   227.0
0.6115        -5999.431    -6028.093       28.662   227.2
0.6120        -5999.301    -6028.092       28.791   228.2
0.6125        -5999.376    -6028.091       28.715   227.6
0.6130        -5999.421    -6028.089       28.668   227.2
0.6135        -5999.441    -6028.087       28.646   227.1
0.6140        -5999.409    -6028.083       28.675   227.3
0.6145        -5999.301    -6028.078       28.777   228.1
0.6150        -5999.204    -6028.072       28.868   228.8
0.6155        -5999.190    -6028.067       28.878   228.9
0.6160        -5999.232    -6028.062       28.830   228.5
0.6165        -5999.225    -6028.055       28.830   228.5
0.6170        -5999.246    -6028.047       28.801   228.3
0.6175        -5999.256    -6028.039       28.783   228.2
0.6180        -5999.229    -6028.030       28.800   228.3
0.6185        -5999.211    -6028.017       28.806   228.3
0.6190        -5999.190    -6028.004       28.813   228.4
0.6195        -5999.205    -6027.989       28.784   228.2
0.6200        -5999.191    -6027.976       28.785   228.2
0.6205        -5999.174    -6027.960       28.786   228.2
0.6210        -5999.209    -6027.944       28.734   227.8
0.6215        -5999.169    -6027.924       28.755   227.9
0.6220        -5999.116    -6027.905       28.789   228.2
0.6225        -5999.080    -6027.885       28.805   228.3
0.6230        -5999.112    -6027.863       28.751   227.9
0.6235        -5999.056    -6027.839       28.783   228.1
0.6240        -5999.024    -6027.813       28.789   228.2
0.6245        -5999.084    -6027.785       28.701   227.5
0.6250        -5999.061    -6027.755       28.694   227.4
0.6255        -5999.037    -6027.722       28.685   227.4
0.6260        -5998.975    -6027.685       28.711   227.6
0.6265        -5998.873    -6027.644       28.771   228.1
0.6270        -5998.805    -6027.602       28.797   228.3
0.6275        -5998.766    -6027.556       28.791   228.2
0.6280        -5998.700    -6027.508       28.808   228.3
0.6285        -5998.699    -6027.456       28.757   227.9
0.6290        -5998.617    -6027.401       28.785   228.2
0.6295        -5998.556    -6027.343       28.787   228.2
0.6300        -5998.541    -6027.282       28.740   227.8
0.6305        -5998.489    -6027.217       28.729   227.7
0.6310        -5998.563    -6027.151       28.588   226.6
0.6315        -5998.591    -6027.084       28.493   225.9
0.6320        -5998.536    -6027.017       28.481   225.8
0.6325        -5998.537    -6026.950       28.413   225.2
0.6330        -5998.601    -6026.881       28.280   224.2
0.6335        -5998.661    -6026.812       28.151   223.1
0.6340        -5998.630    -6026.740       28.110   222.8
0.6345        -5998.574    -6026.668       28.094   222.7
0.6350        -5998.642    -6026.598       27.956   221.6
0.6355        -5998.640    -6026.530       27.890   221.1
0.6360        -5998.638    -6026.463       27.826   220.6
0.6365        -5998.634    -6026.398       27.764   220.1
0.6370        -5998.626    -6026.336       27.710   219.6
0.6375        -5998.624    -6026.278       27.654   219.2
0.6380        -5998.501    -6026.224       27.723   219.7
0.6385        -5998.465    -6026.172       27.707   219.6
0.6390        -5998.402    -6026.123       27.721   219.7
0.6395        -5998.407    -6026.078       27.671   219.3
0.6400        -5998.474    -6026.034       27.560   218.5
0.6405        -5998.412    -6025.994       27.582   218.6
0.6410        -5998.457    -6025.957       27.500   218.0
0.6415        -5998.462    -6025.924       27.462   217.7
0.6420        -5998.546    -6025.895       27.349   216.8
0.6425        -5998.495    -6025.868       27.373   217.0
0.6430        -5998.447    -6025.843       27.397   217.2
0.6435        -5998.368    -6025.823       27.455   217.6
0.6440        -5998.455    -6025.809       27.354   216.8
0.6445        -5998.376    -6025.797       27.421   217.4
0.6450        -5998.308    -6025.788       27.480   217.8
0.6455        -5998.292    -6025.781       27.490   217.9
0.6460        -5998.197    -6025.779       27.581   218.6
0.6465        -5998.133    -6025.780       27.648   219.2
0.6470        -5998.102    -6025.785       27.683   219.4
0.6475        -5998.074    -6025.791       27.718   219.7
0.6480        -5998.099    -6025.799       27.701   219.6
0.6485        -5998.171    -6025.809       27.638   219.1
0.6490        -5998.203    -6025.821       27.618   218.9
0.6495        -5998.159    -6025.836       27.677   219.4
0.6500        -5998.106    -6025.855       27.749   220.0
0.6505        -5998.121    -6025.878       27.758   220.0
0.6510        -5998.145    -6025.905       27.760   220.0
0.6515        -5998.123    -6025.935       27.811   220.4
0.6520        -5998.172    -6025.967       27.795   220.3
0.6525        -5998.130    -6026.000       27.870   220.9
0.6530        -5998.082    -6026.033       27.951   221.6
0.6535        -5998.096    -6026.066       27.970   221.7
0.6540        -5998.094    -6026.102       28.007   222.0
0.6545        -5997.991    -6026.136       28.145   223.1
0.6550        -5997.988    -6026.170       28.182   223.4
0.6555        -5997.996    -6026.204       28.208   223.6
0.6560        -5997.961    -6026.237       28.276   224.1
0.6565        -5997.989    -6026.269       28.280   224.2
0.6570        -5998.001    -6026.300       28.299   224.3
0.6575        -5997.977    -6026.328       28.351   224.7
0.6580        -5997.983    -6026.352       28.369   224.9
0.6585        -5997.991    -6026.371       28.381   225.0
0.6590        -5997.919    -6026.387       28.468   225.7
0.6595        -5997.872    -6026.404       28.532   226.2
0.6600        -5997.995    -6026.421       28.426   225.3
0.6605        -5998.014    -6026.435       28.420   225.3
0.6610        -5997.927    -6026.445       28.518   226.1
0.6615        -5997.933    -6026.452       28.519   226.1
0.6620        -5997.910    -6026.456       28.545   226.3
0.6625        -5997.905    -6026.457       28.552   226.3
0.6630        -5997.875    -6026.457       28.582   226.6
0.6635        -5997.965    -6026.453       28.488   225.8
0.6640        -5997.934    -6026.447       28.513   226.0
0.6645        -5997.883    -6026.435       28.553   226.3
0.6650        -5997.909    -6026.422       28.513   226.0
0.6655        -5997.897    -6026.405       28.508   226.0
0.6660        -5997.876    -6026.385       28.509   226.0
0.6665        -5997.890    -6026.364       28.474   225.7
0.6670        -5997.843    -6026.341       28.497   225.9
0.6675        -5997.776    -6026.315       28.539   226.2
0.6680        -5997.749    -6026.290       28.541   226.2
0.6685        -5997.739    -6026.263       28.524   226.1
0.6690        -5997.777    -6026.235       28.458   225.6
0.6695        -5997.826    -6026.206       28.379   225.0
0.6700        -5997.804    -6026.175       28.372   224.9
0.6705        -5997.753    -6026.146       28.393   225.1
0.6710        -5997.751    -6026.118       28.367   224.9
0.6715        -5997.678    -6026.091       28.413   225.2
0.6720        -5997.691    -6026.066       28.375   224.9
0.6725        -5997.636    -6026.043       28.407   225.2
0.6730        -5997.546    -6026.023       28.477   225.7
0.6735        -5997.502    -6026.005       28.503   225.9
0.6740        -5997.436    -6025.987       28.551   226.3
0.6745        -5997.381    -6025.974       28.594   226.7
0.6750        -5997.401    -6025.963       28.561   226.4
0.6755        -5997.269    -6025.956       28.687   227.4
0.6760        -5997.298    -6025.951       28.653   227.1
0.6765        -5997.233    -6025.947       28.714   227.6
0.6770        -5997.210    -6025.943       28.733   227.8
0.6775        -5997.142    -6025.941       28.799   228.3
0.6780        -5997.127    -6025.940       28.813   228.4
0.6785        -5997.115    -6025.940       28.825   228.5
0.6790        -5997.159    -6025.943       28.783   228.2
0.6795        -5997.028    -6025.948       28.920   229.2
0.6800        -5996.941    -6025.955       29.014   230.0
0.6805        -5996.953    -6025.964       29.011   230.0
0.6810        -5997.021    -6025.973       28.952   229.5
0.6815        -5997.091    -6025.983       28.892   229.0
0.6820        -5997.063    -6025.995       28.932   229.3
0.6825        -5997.017    -6026.006       28.989   229.8
0.6830        -5997.014    -6026.019       29.006   229.9
0.6835        -5996.990    -6026.033       29.043   230.2
0.6840        -5996.997    -6026.046       29.049   230.3
0.6845        -5996.923    -6026.058       29.134   230.9
0.6850        -5996.939    -6026.071       29.132   230.9
0.6855        -5996.959    -6026.086       29.127   230.9
0.6860        -5996.971    -6026.100       29.129   230.9
0.6865        -5997.002    -6026.114       29.112   230.8
0.6870        -5997.006    -6026.128       29.122   230.8
0.6875        -5997.075    -6026.143       29.067   230.4
0.6880        -5997.007    -6026.157       29.150   231.1
0.6885        -5997.091    -6026.174       29.083   230.5
0.6890        -5997.121    -6026.193       29.073   230.4
0.6895        -5997.093    -6026.214       29.121   230.8
0.6900        -5997.030    -6026.235       29.205   231.5
0.6905        -5997.069    -6026.257       29.188   231.4
0.6910        -5997.018    -6026.280       29.262   231.9
0.6915        -5997.029    -6026.304       29.275   232.1
0.6920        -5997.046    -6026.330       29.283   232.1
0.6925        -5997.082    -6026.358       29.276   232.1
0.6930        -5997.079    -6026.387       29.308   232.3
0.6935        -5997.025    -6026.419       29.393   233.0
0.6940        -5997.034    -6026.449       29.415   233.2
0.6945        -5996.937    -6026.480       29.543   234.2
0.6950        -5996.922    -6026.513       29.591   234.6
0.6955        -5996.985    -6026.546       29.561   234.3
0.6960        -5997.010    -6026.578       29.568   234.4
0.6965        -5996.942    -6026.610       29.668   235.2
0.6970        -5996.894    -6026.640       29.746   235.8
0.6975        -5996.905    -6026.669       29.764   235.9
0.6980        -5996.784    -6026.697       29.913   237.1
0.6985        -5996.743    -6026.725       29.983   237.7
0.6990        -5996.764    -6026.754       29.990   237.7
0.6995        -5996.692    -6026.782       30.090   238.5
0.7000        -5996.547    -6026.809       30.263   239.9
0.7005        -5996.433    -6026.835       30.402   241.0
0.7010        -5996.483    -6026.858       30.375   240.8
0.7015        -5996.426    -6026.881       30.455   241.4
0.7020        -5996.450    -6026.903       30.453   241.4
0.7025        -5996.417    -6026.924       30.507   241.8
0.7030        -5996.415    -6026.943       30.528   242.0
0.7035        -5996.372    -6026.960       30.588   242.5
0.7040        -5996.330    -6026.976       30.646   242.9
0.7045        -5996.312    -6026.991       30.679   243.2
0.7050        -5996.211    -6027.003       30.792   244.1
0.7055        -5996.129    -6027.012       30.883   244.8
0.7060        -5996.080    -6027.017       30.938   245.2
0.7065        -5996.100    -6027.022       30.922   245.1
0.7070        -5996.014    -6027.027       31.013   245.8
0.7075        -5995.935    -6027.032       31.097   246.5
0.7080        -5995.890    -6027.037       31.147   246.9
0.7085        -5995.926    -6027.042       31.117   246.6
0.7090        -5995.859    -6027.045       31.185   247.2
0.7095        -5995.803    -6027.045       31.242   247.6
0.7100        -5995.770    -6027.044       31.275   247.9
0.7105        -5995.850    -6027.043       31.193   247.3
0.7110        -5995.846    -6027.041       31.195   247.3
0.7115        -5995.772    -6027.039       31.267   247.8
0.7120        -5995.815    -6027.036       31.221   247.5
0.7125        -5995.769    -6027.034       31.265   247.8
0.7130        -5995.779    -6027.034       31.255   247.7
0.7135        -5995.760    -6027.033       31.273   247.9
0.7140        -5995.747    -6027.032       31.285   248.0
0.7145        -5995.753    -6027.030       31.278   247.9
0.7150        -5995.803    -6027.030       31.227   247.5
0.7155        -5995.689    -6027.029       31.340   248.4
0.7160        -5995.663    -6027.026       31.363   248.6
0.7165        -5995.633    -6027.020       31.388   248.8
0.7170        -5995.687    -6027.014       31.326   248.3
0.7175        -5995.657    -6027.006       31.349   248.5
0.7180        -5995.695    -6026.997       31.302   248.1
0.7185        -5995.698    -6026.985       31.288   248.0
0.7190        -5995.695    -6026.973       31.279   247.9
0.7195        -5995.790    -6026.961       31.172   247.1
0.7200        -5995.810    -6026.948       31.139   246.8
0.7205        -5995.806    -6026.931       31.125   246.7
0.7210        -5995.769    -6026.910       31.141   246.8
0.7215        -5995.777    -6026.887       31.109   246.6
0.7220        -5995.749    -6026.861       31.113   246.6
0.7225        -5995.799    -6026.835       31.036   246.0
0.7230        -5995.734    -6026.807       31.073   246.3
0.7235        -5995.704    -6026.777       31.073   246.3
0.7240        -5995.731    -6026.743       31.012   245.8
0.7245        -5995.751    -6026.708       30.957   245.4
0.7250        -5995.725    -6026.671       30.945   245.3
0.7255        -5995.733    -6026.628       30.895   244.9
0.7260        -5995.728    -6026.582       30.854   244.6
0.7265        -5995.672    -6026.535       30.863   244.6
0.7270        -5995.681    -6026.485       30.804   244.2
0.7275        -5995.759    -6026.433       30.674   243.1
0.7280        -5995.794    -6026.379       30.585   242.4
0.7285        -5995.875    -6026.323       30.448   241.3
0.7290        -5995.865    -6026.266       30.401   241.0
0.7295        -5995.858    -6026.207       30.348   240.6
0.7300        -5995.891    -6026.144       30.253   239.8
0.7305        -5995.854    -6026.079       30.225   239.6
0.7310        -5995.865    -6026.010       30.145   238.9
0.7315        -5995.945    -6025.940       29.994   237.8
0.7320        -5995.958    -6025.868       29.910   237.1
0.7325        -5995.980    -6025.796       29.816   236.3
0.7330        -5996.000    -6025.724       29.724   235.6
0.7335        -5995.965    -6025.651       29.686   235.3
0.7340        -5995.871    -6025.579       29.709   235.5
0.7345        -5995.815    -6025.508       29.693   235.4
0.7350        -5995.838    -6025.439       29.601   234.6
0.7355        -5995.807    -6025.371       29.564   234.3
0.7360        -5995.763    -6025.304       29.541   234.2
0.7365        -5995.749    -6025.239       29.490   233.8
0.7370        -5995.773    -6025.177       29.404   233.1
0.7375        -5995.722    -6025.118       29.395   233.0
0.7380        -5995.719    -6025.060       29.341   232.6
0.7385        -5995.746    -6025.005       29.259   231.9
0.7390        -5995.667    -6024.951       29.284   232.1
0.7395        -5995.766    -6024.900       29.134   230.9
0.7400        -5995.763    -6024.853       29.090   230.6
0.7405        -5995.784    -6024.812       29.027   230.1
0.7410        -5995.737    -6024.772       29.035   230.1
0.7415        -5995.728    -6024.735       29.008   229.9
0.7420        -5995.715    -6024.704       28.990   229.8
0.7425        -5995.630    -6024.681       29.051   230.3
0.7430        -5995.503    -6024.664       29.161   231.1
0.7435        -5995.529    -6024.652       29.123   230.8
0.7440        -5995.511    -6024.642       29.131   230.9
0.7445        -5995.447    -6024.633       29.186   231.3
0.7450        -5995.380    -6024.628       29.248   231.8
0.7455        -5995.390    -6024.625       29.235   231.7
0.7460        -5995.364    -6024.626       29.262   231.9
0.7465        -5995.362    -6024.631       29.269   232.0
0.7470        -5995.395    -6024.636       29.241   231.8
0.7475        -5995.340    -6024.642       29.302   232.3
0.7480        -5995.439    -6024.652       29.213   231.6
0.7485        -5995.386    -6024.663       29.277   232.1
0.7490        -5995.346    -6024.675       29.329   232.5
0.7495        -5995.407    -6024.687       29.280   232.1
0.7500        -5995.420    -6024.701       29.281   232.1
0.7505        -5995.395    -6024.714       29.320   232.4
0.7510        -5995.385    -6024.727       29.341   232.6
0.7515        -5995.354    -6024.738       29.384   232.9
0.7520        -5995.257    -6024.748       29.491   233.8
0.7525        -5995.227    -6024.757       29.530   234.1
0.7530        -5995.129    -6024.765       29.636   234.9
0.7535        -5995.092    -6024.773       29.681   235.3
0.7540        -5995.033    -6024.782       29.749   235.8
0.7545        -5994.930    -6024.790       29.860   236.7
0.7550        -5994.891    -6024.799       29.907   237.1
0.7555        -5994.928    -6024.806       29.878   236.8
0.7560        -5994.952    -6024.810       29.859   236.7
0.7565        -5994.950    -6024.814       29.864   236.7
0.7570        -5994.960    -6024.816       29.856   236.7
0.7575        -5994.908    -6024.818       29.909   237.1
0.7580        -5994.935    -6024.819       29.884   236.9
0.7585        -5994.961    -6024.819       29.859   236.7
0.7590        -5994.911    -6024.819       29.908   237.1
0.7595        -5994.884    -6024.817       29.932   237.3
0.7600        -5994.862    -6024.813       29.951   237.4
0.7605        -5994.963    -6024.808       29.845   236.6
0.7610        -5994.898    -6024.801       29.903   237.0
0.7615        -5994.833    -6024.794       29.960   237.5
0.7620        -5994.761    -6024.786       30.025   238.0
0.7625        -5994.804    -6024.777       29.974   237.6
0.7630        -5994.729    -6024.767       30.038   238.1
0.7635        -5994.751    -6024.754       30.004   237.8
0.7640        -5994.716    -6024.738       30.022   238.0
0.7645        -5994.685    -6024.720       30.035   238.1
0.7650        -5994.635    -6024.700       30.066   238.3
0.7655        -5994.611    -6024.678       30.067   238.3
0.7660        -5994.556    -6024.655       30.100   238.6
0.7665        -5994.575    -6024.632       30.057   238.2
0.7670        -5994.560    -6024.608       30.048   238.2
0.7675        -5994.483    -6024.581       30.098   238.6
0.7680        -5994.403    -6024.553       30.150   239.0
0.7685        -5994.454    -6024.520       30.066   238.3
0.7690        -5994.480    -6024.486       30.006   237.8
0.7695        -5994.405    -6024.450       30.045   238.2
0.7700        -5994.384    -6024.413       30.029   238.0
0.7705        -5994.296    -6024.376       30.079   238.4
0.7710        -5994.259    -6024.337       30.079   238.4
0.7715        -5994.221    -6024.298       30.077   238.4
0.7720        -5994.103    -6024.258       30.155   239.0
0.7725        -5994.081    -6024.218       30.137   238.9
0.7730        -5994.057    -6024.178       30.122   238.8
0.7735        -5994.073    -6024.140       30.067   238.3
0.7740        -5993.980    -6024.100       30.120   238.7
0.7745        -5993.993    -6024.059       30.066   238.3
0.7750        -5994.042    -6024.018       29.976   237.6
0.7755        -5993.980    -6023.978       29.998   237.8
0.7760        -5993.972    -6023.939       29.967   237.5
0.7765        -5994.010    -6023.902       29.892   236.9
0.7770        -5993.948    -6023.865       29.918   237.1
0.7775        -5993.904    -6023.830       29.926   237.2
0.7780        -5993.889    -6023.794       29.905   237.0
0.7785        -5993.946    -6023.759       29.813   236.3
0.7790        -5993.902    -6023.728       29.826   236.4
0.7795        -5993.913    -6023.699       29.786   236.1
0.7800        -5994.030    -6023.673       29.642   235.0
0.7805        -5994.012    -6023.649       29.637   234.9
0.7810        -5994.044    -6023.628       29.584   234.5
0.7815        -5994.090    -6023.608       29.519   234.0
0.7820        -5993.917    -6023.592       29.675   235.2
0.7825        -5993.892    -6023.579       29.687   235.3
0.7830        -5993.751    -6023.569       29.818   236.4
0.7835        -5993.753    -6023.561       29.808   236.3
0.7840        -5993.636    -6023.556       29.920   237.2
0.7845        -5993.642    -6023.551       29.909   237.1
0.7850        -5993.745    -6023.548       29.803   236.2
0.7855        -5993.749    -6023.548       29.799   236.2
0.7860        -5993.684    -6023.549       29.866   236.7
0.7865        -5993.744    -6023.553       29.809   236.3
0.7870        -5993.689    -6023.558       29.869   236.8
0.7875        -5993.613    -6023.565       29.951   237.4
0.7880        -5993.569    -6023.575       30.006   237.8
0.7885        -5993.645    -6023.587       29.942   237.3
0.7890        -5993.610    -6023.601       29.991   237.7
0.7895        -5993.488    -6023.618       30.130   238.8
0.7900        -5993.385    -6023.637       30.252   239.8
0.7905        -5993.413    -6023.656       30.243   239.7
0.7910        -5993.368    -6023.677       30.309   240.2
0.7915        -5993.458    -6023.698       30.239   239.7
0.7920        -5993.425    -6023.718       30.293   240.1
0.7925        -5993.431    -6023.739       30.307   240.2
0.7930        -5993.420    -6023.759       30.339   240.5
0.7935        -5993.379    -6023.780       30.401   241.0
0.7940        -5993.318    -6023.801       30.483   241.6
0.7945        -5993.346    -6023.820       30.473   241.5
0.7950        -5993.360    -6023.838       30.478   241.6
0.7955        -5993.295    -6023.857       30.562   242.3
0.7960        -5993.163    -6023.876       30.714   243.5
0.7965        -5993.135    -6023.894       30.759   243.8
0.7970        -5993.166    -6023.910       30.744   243.7
0.7975        -5993.126    -6023.920       30.794   244.1
0.7980        -5993.109    -6023.930       30.820   244.3
0.7985        -5993.067    -6023.938       30.871   244.7
0.7990        -5993.063    -6023.943       30.879   244.8
0.7995        -5993.058    -6023.945       30.887   244.8
0.8000        -5993.023    -6023.945       30.921   245.1
0.8005        -5992.980    -6023.939       30.959   245.4
0.8010        -5992.924    -6023.930       31.006   245.8
0.8015        -5993.002    -6023.918       30.915   245.1
0.8020        -5992.977    -6023.901       30.924   245.1
0.8025        -5992.926    -6023.884       30.957   245.4
0.8030        -5992.855    -6023.864       31.009   245.8
0.8035        -5992.888    -6023.843       30.955   245.4
0.8040        -5992.810    -6023.821       31.011   245.8
0.8045        -5992.860    -6023.798       30.938   245.2
0.8050        -5992.786    -6023.775       30.989   245.6
0.8055        -5992.695    -6023.753       31.058   246.2
0.8060        -5992.721    -6023.730       31.009   245.8
0.8065        -5992.769    -6023.708       30.939   245.2
0.8070        -5992.660    -6023.687       31.026   245.9
0.8075        -5992.722    -6023.667       30.945   245.3
0.8080        -5992.730    -6023.649       30.919   245.1
0.8085        -5992.726    -6023.632       30.906   245.0
0.8090        -5992.585    -6023.616       31.030   246.0
0.8095        -5992.550    -6023.602       31.051   246.1
0.8100        -5992.506    -6023.590       31.084   246.4
0.8105        -5992.389    -6023.576       31.187   247.2
0.8110        -5992.492    -6023.562       31.070   246.3
0.8115        -5992.474    -6023.548       31.075   246.3
0.8120        -5992.520    -6023.536       31.015   245.8
0.8125        -5992.562    -6023.524       30.962   245.4
0.8130        -5992.644    -6023.513       30.869   244.7
0.8135        -5992.643    -6023.503       30.861   244.6
0.8140        -5992.644    -6023.496       30.852   244.5
0.8145        -5992.568    -6023.490       30.923   245.1
0.8150        -5992.522    -6023.485       30.963   245.4
0.8155        -5992.557    -6023.481       30.924   245.1
0.8160        -5992.620    -6023.477       30.857   244.6
0.8165        -5992.639    -6023.473       30.834   244.4
0.8170        -5992.631    -6023.471       30.840   244.5
0.8175        -5992.529    -6023.470       30.942   245.3
0.8180        -5992.590    -6023.468       30.878   244.8
0.8185        -5992.611    -6023.467       30.856   244.6
0.8190        -5992.675    -6023.466       30.792   244.1
0.8195        -5992.639    -6023.469       30.829   244.4
0.8200        -5992.616    -6023.472       30.855   244.6
0.8205        -5992.584    -6023.474       30.891   244.9
0.8210        -5992.498    -6023.477       30.979   245.6
0.8215        -5992.527    -6023.481       30.954   245.4
0.8220        -5992.493    -6023.485       30.992   245.7
0.8225        -5992.418    -6023.492       31.074   246.3
0.8230        -5992.434    -6023.502       31.067   246.3
0.8235        -5992.559    -6023.512       30.952   245.3
0.8240        -5992.468    -6023.524       31.057   246.2
0.8245        -5992.403    -6023.538       31.135   246.8
0.8250        -5992.352    -6023.552       31.200   247.3
0.8255        -5992.304    -6023.564       31.261   247.8
0.8260        -5992.295    -6023.576       31.281   247.9
0.8265        -5992.241    -6023.587       31.346   248.5
0.8270        -5992.179    -6023.596       31.418   249.0
0.8275        -5992.057    -6023.604       31.547   250.1
0.8280        -5992.018    -6023.613       31.595   250.4
0.8285        -5992.084    -6023.622       31.538   250.0
0.8290        -5992.044    -6023.633       31.589   250.4
0.8295        -5991.913    -6023.641       31.729   251.5
0.8300        -5991.989    -6023.651       31.662   251.0
0.8305        -5991.942    -6023.661       31.720   251.4
0.8310        -5991.833    -6023.671       31.838   252.4
0.8315        -5991.746    -6023.678       31.932   253.1
0.8320        -5991.678    -6023.684       32.006   253.7
0.8325        -5991.619    -6023.688       32.069   254.2
0.8330        -5991.563    -6023.690       32.127   254.7
0.8335        -5991.552    -6023.686       32.135   254.7
0.8340        -5991.570    -6023.680       32.110   254.5
0.8345        -5991.602    -6023.673       32.071   254.2
0.8350        -5991.547    -6023.665       32.119   254.6
0.8355        -5991.514    -6023.657       32.143   254.8
0.8360        -5991.504    -6023.647       32.143   254.8
0.8365        -5991.389    -6023.636       32.247   255.6
0.8370        -5991.374    -6023.621       32.247   255.6
0.8375        -5991.402    -6023.604       32.202   255.3
0.8380        -5991.364    -6023.584       32.221   255.4
0.8385        -5991.339    -6023.563       32.224   255.4
0.8390        -5991.369    -6023.540       32.171   255.0
0.8395        -5991.378    -6023.515       32.137   254.7
0.8400        -5991.269    -6023.491       32.223   255.4
0.8405        -5991.072    -6023.466       32.394   256.8
0.8410        -5991.046    -6023.439       32.393   256.8
0.8415        -5990.977    -6023.411       32.433   257.1
0.8420        -5990.928    -6023.382       32.454   257.2
0.8425        -5990.892    -6023.352       32.460   257.3
0.8430        -5990.859    -6023.320       32.461   257.3
0.8435        -5990.802    -6023.289       32.486   257.5
0.8440        -5990.806    -6023.257       32.451   257.2
0.8445        -5990.827    -6023.227       32.400   256.8
0.8450        -5990.780    -6023.197       32.417   257.0
0.8455        -5990.743    -6023.165       32.422   257.0
0.8460        -5990.716    -6023.133       32.417   257.0
0.8465        -5990.766    -6023.100       32.334   256.3
0.8470        -5990.868    -6023.069       32.200   255.2
0.8475        -5990.894    -6023.039       32.145   254.8
0.8480        -5990.872    -6023.008       32.136   254.7
0.8485        -5990.752    -6022.978       32.226   255.4
0.8490        -5990.672    -6022.951       32.279   255.9
0.8495        -5990.670    -6022.926       32.256   255.7
0.8500        -5990.707    -6022.902       32.195   255.2
0.8505        -5990.690    -6022.879       32.189   255.1
0.8510        -5990.550    -6022.853       32.303   256.1
0.8515        -5990.528    -6022.828       32.300   256.0
0.8520        -5990.545    -6022.805       32.260   255.7
0.8525        -5990.446    -6022.784       32.338   256.3
0.8530        -5990.438    -6022.765       32.327   256.2
0.8535        -5990.382    -6022.747       32.365   256.5
0.8540        -5990.420    -6022.731       32.312   256.1
0.8545        -5990.399    -6022.717       32.318   256.2
0.8550        -5990.364    -6022.704       32.340   256.3
0.8555        -5990.292    -6022.692       32.400   256.8
0.8560        -5990.276    -6022.680       32.405   256.9
0.8565        -5990.264    -6022.668       32.404   256.9
0.8570        -5990.307    -6022.658       32.351   256.4
0.8575        -5990.340    -6022.649       32.309   256.1
0.8580        -5990.389    -6022.642       32.253   255.7
0.8585        -5990.463    -6022.635       32.173   255.0
0.8590        -5990.390    -6022.629       32.239   255.5
0.8595        -5990.357    -6022.622       32.265   255.8
0.8600        -5990.248    -6022.612       32.365   256.5
0.8605        -5990.233    -6022.604       32.371   256.6
0.8610        -5990.241    -6022.594       32.353   256.5
0.8615        -5990.322    -6022.585       32.264   255.7
0.8620        -5990.475    -6022.577       32.102   254.5
0.8625        -5990.502    -6022.567       32.065   254.2
0.8630        -5990.526    -6022.558       32.032   253.9
0.8635        -5990.575    -6022.551       31.976   253.5
0.8640        -5990.611    -6022.546       31.935   253.1
0.8645        -5990.655    -6022.543       31.889   252.8
0.8650        -5990.615    -6022.544       31.929   253.1
0.8655        -5990.616    -6022.548       31.933   253.1
0.8660        -5990.540    -6022.554       32.014   253.8
0.8665        -5990.476    -6022.560       32.084   254.3
0.8670        -5990.589    -6022.563       31.974   253.4
0.8675        -5990.562    -6022.564       32.002   253.7
0.8680        -5990.566    -6022.568       32.002   253.7
0.8685        -5990.594    -6022.572       31.978   253.5
0.8690        -5990.579    -6022.579       31.999   253.6
0.8695        -5990.612    -6022.585       31.973   253.4
0.8700        -5990.541    -6022.592       32.050   254.1
0.8705        -5990.476    -6022.601       32.125   254.6
0.8710        -5990.409    -6022.610       32.201   255.2
0.8715        -5990.359    -6022.618       32.259   255.7
0.8720        -5990.366    -6022.624       32.259   255.7
0.8725        -5990.288    -6022.632       32.344   256.4
0.8730        -5990.308    -6022.639       32.331   256.3
0.8735        -5990.236    -6022.643       32.407   256.9
0.8740        -5990.223    -6022.647       32.424   257.0
0.8745        -5990.253    -6022.649       32.396   256.8
0.8750        -5990.207    -6022.650       32.443   257.2
0.8755        -5990.137    -6022.651       32.514   257.7
0.8760        -5990.017    -6022.650       32.632   258.7
0.8765        -5990.009    -6022.649       32.640   258.7
0.8770        -5989.966    -6022.645       32.678   259.0
0.8775        -5989.962    -6022.636       32.675   259.0
0.8780        -5989.979    -6022.626       32.647   258.8
0.8785        -5989.962    -6022.611       32.648   258.8
0.8790        -5989.948    -6022.592       32.644   258.8
0.8795        -5989.988    -6022.569       32.581   258.3
0.8800        -5989.964    -6022.541       32.577   258.2
0.8805        -5989.877    -6022.510       32.633   258.7
0.8810        -5989.822    -6022.478       32.655   258.8
0.8815        -5989.785    -6022.441       32.657   258.9
0.8820        -5989.705    -6022.401       32.695   259.2
0.8825        -5989.678    -6022.355       32.677   259.0
0.8830        -5989.617    -6022.309       32.692   259.1
0.8835        -5989.633    -6022.260       32.627   258.6
0.8840        -5989.546    -6022.208       32.662   258.9
0.8845        -5989.436    -6022.153       32.717   259.3
0.8850        -5989.362    -6022.097       32.735   259.5
0.8855        -5989.428    -6022.040       32.612   258.5
0.8860        -5989.439    -6021.981       32.541   257.9
0.8865        -5989.425    -6021.918       32.493   257.6
0.8870        -5989.499    -6021.854       32.355   256.5
0.8875        -5989.492    -6021.792       32.300   256.0
0.8880        -5989.495    -6021.729       32.234   255.5
0.8885        -5989.500    -6021.666       32.166   255.0
0.8890        -5989.535    -6021.606       32.071   254.2
0.8895        -5989.483    -6021.548       32.065   254.2
0.8900        -5989.447    -6021.491       32.044   254.0
0.8905        -5989.332    -6021.437       32.105   254.5
0.8910        -5989.251    -6021.382       32.131   254.7
0.8915        -5989.278    -6021.328       32.050   254.0
0.8920        -5989.311    -6021.275       31.965   253.4
0.8925        -5989.383    -6021.224       31.841   252.4
0.8930        -5989.445    -6021.175       31.730   251.5
0.8935        -5989.466    -6021.129       31.663   251.0
0.8940        -5989.475    -6021.087       31.612   250.6
0.8945        -5989.546    -6021.050       31.505   249.7
0.8950        -5989.503    -6021.016       31.513   249.8
0.8955        -5989.517    -6020.989       31.472   249.5
0.8960        -5989.485    -6020.966       31.481   249.5
0.8965        -5989.453    -6020.950       31.496   249.7
0.8970        -5989.473    -6020.937       31.464   249.4
0.8975        -5989.495    -6020.931       31.436   249.2
0.8980        -5989.447    -6020.929       31.483   249.5
0.8985        -5989.360    -6020.932       31.572   250.3
0.8990        -5989.371    -6020.941       31.571   250.2
0.8995        -5989.345    -6020.957       31.612   250.6
0.9000        -5989.322    -6020.976       31.654   250.9
0.9005        -5989.323    -6021.002       31.679   251.1
0.9010        -5989.362    -6021.033       31.671   251.0
0.9015        -5989.378    -6021.069       31.691   251.2
0.9020        -5989.390    -6021.109       31.719   251.4
0.9025        -5989.362    -6021.154       31.792   252.0
0.9030        -5989.417    -6021.203       31.786   252.0
0.9035        -5989.381    -6021.256       31.875   252.7
0.9040        -5989.405    -6021.312       31.908   252.9
0.9045        -5989.358    -6021.374       32.016   253.8
0.9050        -5989.369    -6021.439       32.069   254.2
0.9055        -5989.400    -6021.506       32.106   254.5
0.9060        -5989.435    -6021.576       32.141   254.8
0.9065        -5989.445    -6021.649       32.203   255.3
0.9070        -5989.506    -6021.725       32.219   255.4
0.9075        -5989.446    -6021.804       32.358   256.5
0.9080        -5989.275    -6021.885       32.610   258.5
0.9085        -5989.185    -6021.966       32.782   259.8
0.9090        -5989.173    -6022.049       32.875   260.6
0.9095        -5989.118    -6022.133       33.016   261.7
0.9100        -5989.118    -6022.220       33.101   262.4
0.9105        -5989.155    -6022.307       33.152   262.8
0.9110        -5989.149    -6022.392       33.244   263.5
0.9115        -5989.238    -6022.477       33.239   263.5
0.9120        -5989.176    -6022.562       33.386   264.6
0.9125        -5989.258    -6022.646       33.388   264.7
0.9130        -5989.212    -6022.729       33.517   265.7
0.9135        -5989.268    -6022.811       33.543   265.9
0.9140        -5989.211    -6022.888       33.677   266.9
0.9145        -5989.286    -6022.963       33.677   266.9
0.9150        -5989.300    -6023.035       33.735   267.4
0.9155        -5989.311    -6023.104       33.794   267.9
0.9160        -5989.350    -6023.167       33.817   268.1
0.9165        -5989.321    -6023.227       33.906   268.8
0.9170        -5989.285    -6023.281       33.996   269.5
0.9175        -5989.214    -6023.333       34.118   270.4
0.9180        -5989.221    -6023.380       34.160   270.8
0.9185        -5989.227    -6023.424       34.196   271.1
0.9190        -5989.379    -6023.463       34.084   270.2
0.9195        -5989.323    -6023.500       34.177   270.9
0.9200        -5989.236    -6023.533       34.297   271.9
0.9205        -5989.155    -6023.562       34.407   272.7
0.9210        -5989.151    -6023.588       34.438   273.0
0.9215        -5989.122    -6023.610       34.488   273.4
0.9220        -5989.176    -6023.623       34.447   273.0
0.9225        -5989.224    -6023.632       34.408   272.7
0.9230        -5989.251    -6023.639       34.388   272.6
0.9235        -5989.165    -6023.643       34.478   273.3
0.9240        -5989.093    -6023.646       34.553   273.9
0.9245        -5989.162    -6023.645       34.483   273.3
0.9250        -5989.220    -6023.640       34.419   272.8
0.9255        -5989.212    -6023.632       34.420   272.8
0.9260        -5989.164    -6023.621       34.457   273.1
0.9265        -5989.150    -6023.609       34.458   273.1
0.9270        -5989.076    -6023.593       34.517   273.6
0.9275        -5989.021    -6023.573       34.552   273.9
0.9280        -5988.987    -6023.548       34.562   274.0
0.9285        -5988.911    -6023.519       34.608   274.3
0.9290        -5988.995    -6023.488       34.492   273.4
0.9295        -5988.997    -6023.455       34.458   273.1
0.9300        -5989.100    -6023.421       34.322   272.1
0.9305        -5989.113    -6023.386       34.272   271.7
0.9310        -5989.052    -6023.350       34.298   271.9
0.9315        -5989.113    -6023.314       34.201   271.1
0.9320        -5989.163    -6023.278       34.115   270.4
0.9325        -5989.169    -6023.242       34.073   270.1
0.9330        -5989.179    -6023.206       34.027   269.7
0.9335        -5989.072    -6023.171       34.100   270.3
0.9340        -5989.076    -6023.138       34.062   270.0
0.9345        -5989.098    -6023.103       34.004   269.5
0.9350        -5989.212    -6023.069       33.857   268.4
0.9355        -5989.160    -6023.035       33.876   268.5
0.9360        -5989.119    -6023.003       33.883   268.6
0.9365        -5989.138    -6022.972       33.834   268.2
0.9370        -5989.168    -6022.942       33.774   267.7
0.9375        -5989.196    -6022.912       33.717   267.3
0.9380        -5989.158    -6022.884       33.726   267.3
0.9385        -5989.096    -6022.856       33.759   267.6
0.9390        -5989.004    -6022.827       33.823   268.1
0.9395        -5988.922    -6022.799       33.877   268.5
0.9400        -5988.945    -6022.773       33.828   268.1
0.9405        -5988.972    -6022.745       33.774   267.7
0.9410        -5988.937    -6022.718       33.781   267.8
0.9415        -5989.006    -6022.690       33.683   267.0
0.9420        -5989.046    -6022.662       33.616   266.5
0.9425        -5989.070    -6022.637       33.567   266.1
0.9430        -5989.207    -6022.615       33.408   264.8
0.9435        -5989.191    -6022.596       33.405   264.8
0.9440        -5989.187    -6022.579       33.392   264.7
0.9445        -5989.197    -6022.564       33.366   264.5
0.9450        -5989.168    -6022.552       33.384   264.6
0.9455        -5989.133    -6022.542       33.408   264.8
0.9460        -5989.159    -6022.532       33.373   264.5
0.9465        -5989.158    -6022.527       33.370   264.5
0.9470        -5989.162    -6022.526       33.365   264.5
0.9475        -5989.133    -6022.526       33.393   264.7
0.9480        -5989.007    -6022.529       33.522   265.7
0.9485        -5989.076    -6022.532       33.456   265.2
0.9490        -5989.009    -6022.536       33.527   265.8
0.9495        -5988.996    -6022.538       33.542   265.9
0.9500        -5988.882    -6022.539       33.657   266.8
0.9505        -5988.891    -6022.540       33.649   266.7
0.9510        -5988.844    -6022.539       33.695   267.1
0.9515        -5988.754    -6022.538       33.785   267.8
0.9520        -5988.797    -6022.535       33.739   267.4
0.9525        -5988.822    -6022.529       33.707   267.2
0.9530        -5988.910    -6022.522       33.611   266.4
0.9535        -5988.995    -6022.512       33.517   265.7
0.9540        -5988.999    -6022.500       33.501   265.5
0.9545        -5988.929    -6022.486       33.557   266.0
0.9550        -5988.831    -6022.468       33.637   266.6
0.9555        -5988.818    -6022.448       33.631   266.6
0.9560        -5988.721    -6022.423       33.703   267.1
0.9565        -5988.749    -6022.393       33.644   266.7
0.9570        -5988.700    -6022.362       33.662   266.8
0.9575        -5988.664    -6022.329       33.665   266.9
0.9580        -5988.569    -6022.295       33.726   267.3
0.9585        -5988.547    -6022.260       33.713   267.2
0.9590        -5988.598    -6022.225       33.627   266.5
0.9595        -5988.510    -6022.187       33.676   266.9
0.9600        -5988.532    -6022.147       33.616   266.5
0.9605        -5988.583    -6022.106       33.523   265.7
0.9610        -5988.547    -6022.062       33.514   265.7
0.9615        -5988.505    -6022.017       33.512   265.6
0.9620        -5988.544    -6021.971       33.427   265.0
0.9625        -5988.558    -6021.924       33.366   264.5
0.9630        -5988.574    -6021.874       33.301   264.0
0.9635        -5988.513    -6021.825       33.312   264.0
0.9640        -5988.644    -6021.777       33.133   262.6
0.9645        -5988.672    -6021.732       33.060   262.1
0.9650        -5988.586    -6021.688       33.102   262.4
0.9655        -5988.577    -6021.645       33.067   262.1
0.9660        -5988.634    -6021.603       32.969   261.3
0.9665        -5988.582    -6021.562       32.980   261.4
0.9670        -5988.569    -6021.523       32.954   261.2
0.9675        -5988.553    -6021.487       32.934   261.1
0.9680        -5988.444    -6021.452       33.009   261.6
0.9685        -5988.407    -6021.418       33.010   261.7
0.9690        -5988.366    -6021.383       33.017   261.7
0.9695        -5988.352    -6021.350       32.998   261.6
0.9700        -5988.283    -6021.320       33.037   261.9
0.9705        -5988.148    -6021.292       33.144   262.7
0.9710        -5988.098    -6021.267       33.169   262.9
0.9715        -5988.061    -6021.242       33.181   263.0
0.9720        -5987.976    -6021.219       33.243   263.5
0.9725        -5988.036    -6021.199       33.162   262.9
0.9730        -5988.016    -6021.180       33.164   262.9
0.9735        -5988.040    -6021.163       33.123   262.6
0.9740        -5988.023    -6021.145       33.122   262.5
0.9745        -5987.989    -6021.128       33.139   262.7
0.9750        -5988.071    -6021.111       33.040   261.9
0.9755        -5988.048    -6021.096       33.048   262.0
0.9760        -5987.984    -6021.081       33.096   262.3
0.9765        -5987.986    -6021.066       33.080   262.2
0.9770        -5987.965    -6021.054       33.090   262.3
0.9775        -5988.031    -6021.044       33.013   261.7
0.9780        -5987.973    -6021.037       33.063   262.1
0.9785        -5987.960    -6021.032       33.072   262.1
0.9790        -5987.858    -6021.028       33.170   262.9
0.9795        -5987.882    -6021.024       33.142   262.7
0.9800        -5987.860    -6021.024       33.164   262.9
0.9805        -5987.868    -6021.028       33.160   262.8
0.9810        -5987.893    -6021.035       33.142   262.7
0.9815        -5987.785    -6021.045       33.260   263.6
0.9820        -5987.780    -6021.058       33.277   263.8
0.9825        -5987.778    -6021.075       33.297   263.9
0.9830        -5987.772    -6021.097       33.325   264.2
0.9835        -5987.767    -6021.120       33.353   264.4
0.9840        -5987.809    -6021.146       33.338   264.3
0.9845        -5987.850    -6021.177       33.327   264.2
0.9850        -5987.816    -6021.211       33.396   264.7
0.9855        -5987.781    -6021.252       33.471   265.3
0.9860        -5987.814    -6021.295       33.481   265.4
0.9865        -5987.791    -6021.343       33.552   265.9
0.9870        -5987.793    -6021.393       33.600   266.3
0.9875        -5987.800    -6021.448       33.647   266.7
0.9880        -5987.869    -6021.505       33.636   266.6
0.9885        -5987.896    -6021.566       33.670   266.9
0.9890        -5987.929    -6021.629       33.700   267.1
0.9895        -5987.882    -6021.693       33.811   268.0
0.9900        -5987.767    -6021.757       33.990   269.4
0.9905        -5987.769    -6021.823       34.054   269.9
0.9910        -5987.748    -6021.890       34.142   270.6
0.9915        -5987.735    -6021.956       34.221   271.3
0.9920        -5987.727    -6022.022       34.296   271.8
0.9925        -5987.682    -6022.088       34.406   272.7
0.9930        -5987.706    -6022.154       34.447   273.0
0.9935        -5987.627    -6022.219       34.593   274.2
0.9940        -5987.656    -6022.285       34.629   274.5
0.9945        -5987.632    -6022.347       34.715   275.2
0.9950        -5987.680    -6022.407       34.727   275.3
0.9955        -5987.784    -6022.465       34.681   274.9
0.9960        -5987.801    -6022.520       34.719   275.2
0.9965        -5987.777    -6022.570       34.792   275.8
0.9970        -5987.818    -6022.615       34.796   275.8
0.9975        -5987.800    -6022.656       34.856   276.3
0.9980        -5987.731    -6022.694       34.962   277.1
0.9985        -5987.710    -6022.724       35.014   277.5
0.9990        -5987.656    -6022.747       35.091   278.2
0.9995        -5987.626    -6022.765       35.139   278.5
1.0000        -5987.529    -6022.777       35.248   279.4
1.0005        -5987.499    -6022.781       35.281   279.7
1.0010        -5987.504    -6022.776       35.272   279.6
1.0015        -5987.447    -6022.766       35.318   280.0
1.0020        -5987.437    -6022.749       35.313   279.9
1.0025        -5987.382    -6022.728       35.345   280.2
1.0030        -5987.294    -6022.699       35.405   280.6
1.0035        -5987.238    -6022.662       35.425   280.8
1.0040        -5987.086    -6022.618       35.533   281.7
1.0045        -5987.126    -6022.566       35.441   280.9
1.0050        -5986.989    -6022.509       35.520   281.6
1.0055        -5987.108    -6022.447       35.339   280.1
1.0060        -5987.129    -6022.379       35.250   279.4
1.0065        -5987.144    -6022.305       35.161   278.7
1.0070        -5987.111    -6022.224       35.113   278.3
1.0075        -5987.157    -6022.138       34.981   277.3
1.0080        -5987.109    -6022.047       34.938   276.9
1.0085        -5987.243    -6021.955       34.711   275.1
1.0090        -5987.386    -6021.862       34.476   273.3
1.0095        -5987.259    -6021.767       34.508   273.5
1.0100        -5987.212    -6021.672       34.461   273.2
1.0105        -5987.235    -6021.579       34.344   272.2
1.0110        -5987.209    -6021.484       34.276   271.7
1.0115        -5987.259    -6021.392       34.132   270.6
1.0120        -5987.429    -6021.302       33.873   268.5
1.0125        -5987.447    -6021.218       33.771   267.7
1.0130        -5987.431    -6021.140       33.708   267.2
1.0135        -5987.390    -6021.067       33.677   266.9
1.0140        -5987.396    -6020.997       33.601   266.3
1.0145        -5987.304    -6020.930       33.626   266.5
1.0150        -5987.346    -6020.870       33.523   265.7
1.0155        -5987.372    -6020.817       33.444   265.1
1.0160        -5987.384    -6020.771       33.387   264.6
1.0165        -5987.409    -6020.733       33.324   264.1
1.0170        -5987.337    -6020.701       33.364   264.5
1.0175        -5987.286    -6020.676       33.390   264.7
1.0180        -5987.306    -6020.656       33.350   264.4
1.0185        -5987.320    -6020.639       33.319   264.1
1.0190        -5987.205    -6020.630       33.424   264.9
1.0195        -5987.216    -6020.627       33.411   264.8
1.0200        -5987.291    -6020.628       33.338   264.3
1.0205        -5987.344    -6020.635       33.291   263.9
1.0210        -5987.406    -6020.647       33.241   263.5
1.0215        -5987.451    -6020.664       33.213   263.3
1.0220        -5987.467    -6020.685       33.218   263.3
1.0225        -5987.386    -6020.709       33.323   264.1
1.0230        -5987.317    -6020.737       33.420   264.9
1.0235        -5987.335    -6020.767       33.432   265.0
1.0240        -5987.304    -6020.798       33.494   265.5
1.0245        -5987.307    -6020.828       33.520   265.7
1.0250        -5987.289    -6020.858       33.569   266.1
1.0255        -5987.359    -6020.889       33.530   265.8
1.0260        -5987.419    -6020.918       33.499   265.5
1.0265        -5987.478    -6020.946       33.469   265.3
1.0270        -5987.445    -6020.975       33.530   265.8
1.0275        -5987.535    -6021.002       33.467   265.3
1.0280        -5987.538    -6021.026       33.488   265.4
1.0285        -5987.556    -6021.047       33.491   265.5
1.0290        -5987.572    -6021.065       33.493   265.5
1.0295        -5987.524    -6021.078       33.555   266.0
1.0300        -5987.410    -6021.087       33.677   266.9
1.0305        -5987.433    -6021.093       33.659   266.8
1.0310        -5987.468    -6021.094       33.626   266.5
1.0315        -5987.459    -6021.093       33.634   266.6
1.0320        -5987.467    -6021.086       33.620   266.5
1.0325        -5987.464    -6021.077       33.614   266.4
1.0330        -5987.481    -6021.068       33.587   266.2
1.0335        -5987.571    -6021.057       33.486   265.4
1.0340        -5987.567    -6021.045       33.478   265.4
1.0345        -5987.538    -6021.033       33.495   265.5
1.0350        -5987.439    -6021.020       33.581   266.2
1.0355        -5987.442    -6021.007       33.566   266.1
1.0360        -5987.551    -6020.994       33.443   265.1
1.0365        -5987.565    -6020.983       33.418   264.9
1.0370        -5987.607    -6020.973       33.366   264.5
1.0375        -5987.612    -6020.968       33.356   264.4
1.0380        -5987.632    -6020.964       33.332   264.2
1.0385        -5987.635    -6020.960       33.326   264.2
1.0390        -5987.671    -6020.959       33.289   263.9
1.0395        -5987.628    -6020.959       33.331   264.2
1.0400        -5987.602    -6020.958       33.356   264.4
1.0405        -5987.692    -6020.957       33.264   263.7
1.0410        -5987.612    -6020.956       33.344   264.3
1.0415        -5987.651    -6020.955       33.304   264.0
1.0420        -5987.655    -6020.953       33.298   263.9
1.0425        -5987.663    -6020.951       33.287   263.9
1.0430        -5987.650    -6020.948       33.298   263.9
1.0435        -5987.686    -6020.950       33.263   263.7
1.0440        -5987.733    -6020.953       33.221   263.3
1.0445        -5987.779    -6020.957       33.179   263.0
1.0450        -5987.764    -6020.963       33.199   263.2
1.0455        -5987.725    -6020.970       33.245   263.5
1.0460        -5987.844    -6020.977       33.133   262.6
1.0465        -5987.824    -6020.986       33.162   262.9
1.0470        -5987.912    -6020.997       33.085   262.3
1.0475        -5987.956    -6021.007       33.052   262.0
1.0480        -5988.005    -6021.017       33.013   261.7
1.0485        -5987.982    -6021.030       33.048   262.0
1.0490        -5987.990    -6021.044       33.054   262.0
1.0495        -5987.917    -6021.059       33.143   262.7
1.0500        -5987.871    -6021.076       33.204   263.2
1.0505        -5987.876    -6021.093       33.218   263.3
1.0510        -5987.823    -6021.113       33.290   263.9
1.0515        -5987.829    -6021.133       33.304   264.0
1.0520        -5987.699    -6021.154       33.455   265.2
1.0525        -5987.710    -6021.177       33.468   265.3
1.0530        -5987.716    -6021.200       33.484   265.4
1.0535        -5987.721    -6021.222       33.502   265.6
1.0540        -5987.617    -6021.245       33.628   266.6
1.0545        -5987.597    -6021.268       33.671   266.9
1.0550        -5987.614    -6021.291       33.677   266.9
1.0555        -5987.617    -6021.313       33.697   267.1
1.0560        -5987.690    -6021.336       33.646   266.7
1.0565        -5987.699    -6021.358       33.659   266.8
1.0570        -5987.614    -6021.377       33.764   267.6
1.0575        -5987.639    -6021.395       33.757   267.6
1.0580        -5987.661    -6021.411       33.750   267.5
1.0585        -5987.762    -6021.426       33.664   266.8
1.0590        -5987.770    -6021.440       33.670   266.9
1.0595        -5987.752    -6021.454       33.702   267.1
1.0600        -5987.748    -6021.467       33.718   267.3
1.0605        -5987.717    -6021.478       33.761   267.6
1.0610        -5987.680    -6021.488       33.808   268.0
1.0615        -5987.698    -6021.497       33.800   267.9
1.0620        -5987.674    -6021.506       33.831   268.2
1.0625        -5987.622    -6021.514       33.892   268.6
1.0630        -5987.589    -6021.521       33.932   269.0
1.0635        -5987.570    -6021.524       33.954   269.1
1.0640        -5987.573    -6021.523       33.950   269.1
1.0645        -5987.587    -6021.521       33.935   269.0
1.0650        -5987.597    -6021.519       33.921   268.9
1.0655        -5987.593    -6021.516       33.923   268.9
1.0660        -5987.529    -6021.514       33.985   269.4
1.0665        -5987.486    -6021.512       34.026   269.7
1.0670        -5987.445    -6021.510       34.065   270.0
1.0675        -5987.358    -6021.507       34.148   270.7
1.0680        -5987.323    -6021.501       34.177   270.9
1.0685        -5987.291    -6021.494       34.203   271.1
1.0690        -5987.250    -6021.486       34.236   271.4
1.0695        -5987.251    -6021.475       34.224   271.3
1.0700        -5987.201    -6021.460       34.259   271.6
1.0705        -5987.178    -6021.444       34.267   271.6
1.0710        -5987.161    -6021.427       34.266   271.6
1.0715        -5987.080    -6021.410       34.330   272.1
1.0720        -5986.943    -6021.396       34.453   273.1
1.0725        -5987.001    -6021.381       34.380   272.5
1.0730        -5986.999    -6021.365       34.365   272.4
1.0735        -5986.943    -6021.346       34.404   272.7
1.0740        -5986.936    -6021.327       34.391   272.6
1.0745        -5986.895    -6021.307       34.412   272.8
1.0750        -5986.945    -6021.287       34.342   272.2
1.0755        -5986.871    -6021.268       34.396   272.6
1.0760        -5986.865    -6021.247       34.382   272.5
1.0765        -5986.913    -6021.228       34.315   272.0
1.0770        -5986.902    -6021.209       34.306   271.9
1.0775        -5986.868    -6021.191       34.323   272.1
1.0780        -5986.835    -6021.174       34.340   272.2
1.0785        -5986.795    -6021.162       34.367   272.4
1.0790        -5986.746    -6021.152       34.406   272.7
1.0795        -5986.819    -6021.146       34.328   272.1
1.0800        -5986.753    -6021.142       34.389   272.6
1.0805        -5986.730    -6021.136       34.406   272.7
1.0810        -5986.712    -6021.131       34.419   272.8
1.0815        -5986.647    -6021.127       34.480   273.3
1.0820        -5986.590    -6021.123       34.532   273.7
1.0825        -5986.571    -6021.119       34.547   273.8
1.0830        -5986.591    -6021.117       34.526   273.7
1.0835        -5986.686    -6021.118       34.433   272.9
1.0840        -5986.679    -6021.120       34.442   273.0
1.0845        -5986.578    -6021.126       34.548   273.8
1.0850        -5986.578    -6021.136       34.558   273.9
1.0855        -5986.491    -6021.149       34.658   274.7
1.0860        -5986.540    -6021.164       34.624   274.5
1.0865        -5986.515    -6021.184       34.669   274.8
1.0870        -5986.548    -6021.209       34.662   274.7
1.0875        -5986.665    -6021.237       34.572   274.0
1.0880        -5986.721    -6021.269       34.548   273.8
1.0885        -5986.771    -6021.304       34.533   273.7
1.0890        -5986.734    -6021.341       34.607   274.3
1.0895        -5986.792    -6021.380       34.588   274.2
1.0900        -5986.856    -6021.422       34.566   274.0
1.0905        -5986.907    -6021.467       34.560   273.9
1.0910        -5986.947    -6021.514       34.566   274.0
1.0915        -5986.868    -6021.561       34.693   275.0
1.0920        -5986.976    -6021.608       34.632   274.5
1.0925        -5986.855    -6021.654       34.799   275.8
1.0930        -5986.874    -6021.699       34.825   276.0
1.0935        -5986.809    -6021.741       34.933   276.9
1.0940        -5986.827    -6021.782       34.955   277.1
1.0945        -5986.815    -6021.821       35.006   277.5
1.0950        -5986.766    -6021.858       35.092   278.2
1.0955        -5986.826    -6021.890       35.064   277.9
1.0960        -5986.767    -6021.920       35.154   278.6
1.0965        -5986.620    -6021.946       35.327   280.0
1.0970        -5986.688    -6021.970       35.282   279.7
1.0975        -5986.578    -6021.990       35.412   280.7
1.0980        -5986.613    -6022.007       35.394   280.5
1.0985        -5986.558    -6022.017       35.458   281.1
1.0990        -5986.599    -6022.023       35.424   280.8
1.0995        -5986.636    -6022.026       35.390   280.5
1.1000        -5986.688    -6022.024       35.336   280.1
1.1005        -5986.763    -6022.018       35.255   279.5
1.1010        -5986.777    -6022.009       35.232   279.3
1.1015        -5986.797    -6022.000       35.203   279.0
1.1020        -5986.839    -6021.988       35.150   278.6
1.1025        -5986.857    -6021.975       35.118   278.4
1.1030        -5986.902    -6021.959       35.057   277.9
1.1035        -5987.040    -6021.940       34.900   276.6
1.1040        -5986.969    -6021.916       34.948   277.0
1.1045        -5987.050    -6021.887       34.837   276.1
1.1050        -5987.071    -6021.855       34.784   275.7
1.1055        -5987.045    -6021.824       34.779   275.7
1.1060        -5986.945    -6021.793       34.848   276.2
1.1065        -5987.028    -6021.761       34.733   275.3
1.1070        -5986.968    -6021.726       34.758   275.5
1.1075        -5987.012    -6021.688       34.676   274.9
1.1080        -5987.030    -6021.647       34.618   274.4
1.1085        -5986.957    -6021.606       34.648   274.6
1.1090        -5986.918    -6021.563       34.645   274.6
1.1095        -5986.846    -6021.520       34.674   274.8
1.1100        -5986.895    -6021.477       34.582   274.1
1.1105        -5986.906    -6021.430       34.525   273.7
1.1110        -5986.946    -6021.384       34.438   273.0
1.1115        -5986.860    -6021.339       34.479   273.3
1.1120        -5986.989    -6021.296       34.307   271.9
1.1125        -5987.057    -6021.255       34.198   271.1
1.1130        -5987.163    -6021.216       34.053   269.9
1.1135        -5987.268    -6021.181       33.913   268.8
1.1140        -5987.216    -6021.150       33.934   269.0
1.1145        -5987.245    -6021.123       33.877   268.5
1.1150        -5987.224    -6021.099       33.875   268.5
1.1155        -5987.190    -6021.079       33.889   268.6
1.1160        -5987.167    -6021.063       33.896   268.7
1.1165        -5987.076    -6021.048       33.973   269.3
1.1170        -5987.183    -6021.037       33.854   268.3
1.1175        -5987.282    -6021.028       33.746   267.5
1.1180        -5987.277    -6021.020       33.742   267.5
1.1185        -5987.242    -6021.013       33.771   267.7
1.1190        -5987.196    -6021.009       33.813   268.0
1.1195        -5987.145    -6021.008       33.863   268.4
1.1200        -5987.150    -6021.008       33.858   268.4
1.1205        -5987.073    -6021.010       33.937   269.0
1.1210        -5987.097    -6021.012       33.915   268.8
1.1215        -5987.022    -6021.012       33.990   269.4
1.1220        -5986.998    -6021.011       34.013   269.6
1.1225        -5987.035    -6021.010       33.975   269.3
1.1230        -5986.984    -6021.009       34.025   269.7
1.1235        -5987.130    -6021.010       33.879   268.5
1.1240        -5987.148    -6021.009       33.861   268.4
1.1245        -5987.217    -6021.008       33.792   267.9
1.1250        -5987.174    -6021.009       33.835   268.2
1.1255        -5987.243    -6021.008       33.765   267.6
1.1260        -5987.297    -6021.008       33.711   267.2
1.1265        -5987.363    -6021.006       33.643   266.7
1.1270        -5987.280    -6021.006       33.725   267.3
1.1275        -5987.205    -6021.004       33.798   267.9
1.1280        -5987.149    -6021.003       33.854   268.3
1.1285        -5987.118    -6021.002       33.884   268.6
1.1290        -5987.131    -6021.000       33.869   268.5
1.1295        -5987.023    -6020.997       33.974   269.3
1.1300        -5986.985    -6020.994       34.008   269.6
1.1305        -5986.975    -6020.990       34.015   269.6
1.1310        -5987.035    -6020.985       33.950   269.1
1.1315        -5987.053    -6020.978       33.925   268.9
1.1320        -5986.974    -6020.971       33.997   269.5
1.1325        -5987.005    -6020.963       33.957   269.2
1.1330        -5986.995    -6020.954       33.959   269.2
1.1335        -5986.974    -6020.944       33.970   269.3
1.1340        -5986.954    -6020.936       33.981   269.4
1.1345        -5986.926    -6020.927       34.002   269.5
1.1350        -5986.839    -6020.920       34.081   270.1
1.1355        -5986.876    -6020.918       34.041   269.8
1.1360        -5986.905    -6020.917       34.012   269.6
1.1365        -5986.951    -6020.919       33.969   269.3
1.1370        -5987.032    -6020.926       33.894   268.7
1.1375        -5986.979    -6020.935       33.956   269.2
1.1380        -5986.928    -6020.947       34.019   269.7
1.1385        -5986.854    -6020.962       34.108   270.4
1.1390        -5986.942    -6020.978       34.035   269.8
1.1395        -5987.048    -6020.995       33.947   269.1
1.1400        -5986.993    -6021.014       34.021   269.7
1.1405        -5987.121    -6021.034       33.912   268.8
1.1410        -5987.175    -6021.054       33.880   268.6
1.1415        -5987.180    -6021.077       33.897   268.7
1.1420        -5987.104    -6021.101       33.997   269.5
1.1425        -5986.991    -6021.127       34.136   270.6
1.1430        -5987.012    -6021.153       34.141   270.6
1.1435        -5987.040    -6021.178       34.138   270.6
1.1440        -5987.007    -6021.202       34.195   271.1
1.1445        -5986.961    -6021.223       34.262   271.6
1.1450        -5986.886    -6021.239       34.353   272.3
1.1455        -5986.838    -6021.256       34.417   272.8
1.1460        -5986.834    -6021.270       34.436   273.0
1.1465        -5986.803    -6021.282       34.479   273.3
1.1470        -5986.764    -6021.289       34.525   273.7
1.1475        -5986.732    -6021.289       34.556   273.9
1.1480        -5986.729    -6021.283       34.554   273.9
1.1485        -5986.706    -6021.273       34.567   274.0
1.1490        -5986.680    -6021.259       34.579   274.1
1.1495        -5986.839    -6021.242       34.403   272.7
1.1500        -5986.837    -6021.221       34.384   272.5
1.1505        -5986.866    -6021.200       34.334   272.1
1.1510        -5986.831    -6021.175       34.344   272.2
1.1515        -5986.749    -6021.147       34.398   272.7
1.1520        -5986.757    -6021.116       34.359   272.4
1.1525        -5986.765    -6021.082       34.318   272.0
1.1530        -5986.809    -6021.047       34.237   271.4
1.1535        -5986.706    -6021.009       34.303   271.9
1.1540        -5986.630    -6020.969       34.339   272.2
1.1545        -5986.717    -6020.925       34.208   271.2
1.1550        -5986.692    -6020.881       34.189   271.0
1.1555        -5986.706    -6020.836       34.130   270.5
1.1560        -5986.684    -6020.792       34.108   270.4
1.1565        -5986.551    -6020.747       34.196   271.1
1.1570        -5986.485    -6020.699       34.214   271.2
1.1575        -5986.474    -6020.652       34.178   270.9
1.1580        -5986.419    -6020.606       34.187   271.0
1.1585        -5986.394    -6020.563       34.169   270.8
1.1590        -5986.412    -6020.523       34.110   270.4
1.1595        -5986.442    -6020.484       34.042   269.8
1.1600        -5986.506    -6020.449       33.943   269.0
1.1605        -5986.555    -6020.417       33.862   268.4
1.1610        -5986.575    -6020.388       33.813   268.0
1.1615        -5986.592    -6020.361       33.769   267.7
1.1620        -5986.626    -6020.336       33.711   267.2
1.1625        -5986.591    -6020.318       33.727   267.3
1.1630        -5986.534    -6020.303       33.770   267.7
1.1635        -5986.578    -6020.293       33.716   267.3
1.1640        -5986.591    -6020.288       33.698   267.1
1.1645        -5986.521    -6020.289       33.768   267.7
1.1650        -5986.462    -6020.295       33.834   268.2
1.1655        -5986.492    -6020.309       33.817   268.1
1.1660        -5986.490    -6020.330       33.840   268.2
1.1665        -5986.503    -6020.358       33.854   268.4
1.1670        -5986.563    -6020.391       33.829   268.1
1.1675        -5986.570    -6020.430       33.860   268.4
1.1680        -5986.539    -6020.477       33.937   269.0
1.1685        -5986.560    -6020.528       33.968   269.2
1.1690        -5986.552    -6020.584       34.033   269.8
1.1695        -5986.534    -6020.647       34.113   270.4
1.1700        -5986.464    -6020.715       34.251   271.5
1.1705        -5986.568    -6020.790       34.222   271.3
1.1710        -5986.571    -6020.867       34.296   271.8
1.1715        -5986.677    -6020.947       34.271   271.6
1.1720        -5986.686    -6021.031       34.344   272.2
1.1725        -5986.716    -6021.121       34.405   272.7
1.1730        -5986.762    -6021.217       34.454   273.1
1.1735        -5986.818    -6021.314       34.496   273.4
1.1740        -5986.780    -6021.415       34.635   274.5
1.1745        -5986.773    -6021.519       34.746   275.4
1.1750        -5986.756    -6021.625       34.869   276.4
1.1755        -5986.722    -6021.732       35.011   277.5
1.1760        -5986.715    -6021.840       35.125   278.4
1.1765        -5986.682    -6021.946       35.264   279.5
1.1770        -5986.640    -6022.051       35.410   280.7
1.1775        -5986.651    -6022.154       35.503   281.4
1.1780        -5986.686    -6022.254       35.568   281.9
1.1785        -5986.716    -6022.354       35.638   282.5
1.1790        -5986.717    -6022.452       35.734   283.3
1.1795        -5986.720    -6022.545       35.825   284.0
1.1800        -5986.728    -6022.634       35.907   284.6
1.1805        -5986.689    -6022.719       36.030   285.6
1.1810        -5986.644    -6022.798       36.154   286.6
1.1815        -5986.807    -6022.871       36.063   285.9
1.1820        -5986.784    -6022.935       36.151   286.6
1.1825        -5986.851    -6022.991       36.140   286.5
1.1830        -5986.862    -6023.038       36.176   286.8
1.1835        -5986.849    -6023.077       36.228   287.2
1.1840        -5986.857    -6023.107       36.250   287.3
1.1845        -5986.873    -6023.128       36.255   287.4
1.1850        -5986.858    -6023.139       36.281   287.6
1.1855        -5986.828    -6023.143       36.315   287.9
1.1860        -5986.829    -6023.137       36.308   287.8
1.1865        -5986.858    -6023.122       36.265   287.5
1.1870        -5986.906    -6023.098       36.191   286.9
1.1875        -5987.005    -6023.063       36.058   285.8
1.1880        -5987.040    -6023.020       35.980   285.2
1.1885        -5987.053    -6022.968       35.914   284.7
1.1890        -5986.960    -6022.907       35.947   284.9
1.1895        -5987.027    -6022.840       35.813   283.9
1.1900        -5987.060    -6022.766       35.706   283.0
1.1905        -5987.046    -6022.688       35.642   282.5
1.1910        -5986.964    -6022.603       35.639   282.5
1.1915        -5986.928    -6022.513       35.585   282.1
1.1920        -5986.875    -6022.421       35.546   281.8
1.1925        -5986.861    -6022.325       35.464   281.1
1.1930        -5986.762    -6022.223       35.461   281.1
1.1935        -5986.676    -6022.119       35.443   280.9
1.1940        -5986.631    -6022.012       35.381   280.5
1.1945        -5986.557    -6021.904       35.348   280.2
1.1950        -5986.602    -6021.798       35.196   279.0
1.1955        -5986.604    -6021.690       35.086   278.1
1.1960        -5986.719    -6021.581       34.862   276.3
1.1965        -5986.827    -6021.472       34.645   274.6
1.1970        -5986.943    -6021.366       34.423   272.9
1.1975        -5986.893    -6021.262       34.369   272.4
1.1980        -5986.853    -6021.162       34.308   271.9
1.1985        -5986.842    -6021.065       34.223   271.3
1.1990        -5986.776    -6020.970       34.194   271.0
1.1995        -5986.757    -6020.876       34.119   270.4
1.2000        -5986.788    -6020.786       33.998   269.5
1.2005        -5986.733    -6020.701       33.968   269.3
1.2010        -5986.671    -6020.620       33.949   269.1
1.2015        -5986.699    -6020.544       33.846   268.3
1.2020        -5986.715    -6020.473       33.759   267.6
1.2025        -5986.710    -6020.408       33.698   267.1
1.2030        -5986.740    -6020.348       33.608   266.4
1.2035        -5986.800    -6020.295       33.494   265.5
1.2040        -5986.690    -6020.248       33.559   266.0
1.2045        -5986.617    -6020.209       33.591   266.3
1.2050        -5986.598    -6020.178       33.580   266.2
1.2055        -5986.531    -6020.154       33.622   266.5
1.2060        -5986.581    -6020.135       33.554   266.0
1.2065        -5986.631    -6020.123       33.492   265.5
1.2070        -5986.599    -6020.119       33.520   265.7
1.2075        -5986.483    -6020.123       33.640   266.6
1.2080        -5986.439    -6020.134       33.695   267.1
1.2085        -5986.405    -6020.151       33.747   267.5
1.2090        -5986.450    -6020.175       33.724   267.3
1.2095        -5986.519    -6020.205       33.686   267.0
1.2100        -5986.489    -6020.241       33.752   267.5
1.2105        -5986.470    -6020.283       33.813   268.0
1.2110        -5986.469    -6020.328       33.860   268.4
1.2115        -5986.439    -6020.378       33.939   269.0
1.2120        -5986.319    -6020.430       34.111   270.4
1.2125        -5986.311    -6020.487       34.176   270.9
1.2130        -5986.313    -6020.547       34.235   271.4
1.2135        -5986.158    -6020.611       34.453   273.1
1.2140        -5986.213    -6020.674       34.461   273.2
1.2145        -5986.244    -6020.740       34.496   273.4
1.2150        -5986.279    -6020.807       34.528   273.7
1.2155        -5986.269    -6020.875       34.605   274.3
1.2160        -5986.278    -6020.942       34.664   274.8
1.2165        -5986.254    -6021.009       34.755   275.5
1.2170        -5986.268    -6021.075       34.806   275.9
1.2175        -5986.284    -6021.138       34.854   276.3
1.2180        -5986.330    -6021.198       34.868   276.4
1.2185        -5986.270    -6021.256       34.986   277.3
1.2190        -5986.279    -6021.308       35.029   277.7
1.2195        -5986.257    -6021.358       35.101   278.2
1.2200        -5986.165    -6021.404       35.239   279.3
1.2205        -5986.202    -6021.444       35.242   279.3
1.2210        -5986.218    -6021.479       35.261   279.5
1.2215        -5986.219    -6021.509       35.291   279.7
1.2220        -5986.302    -6021.533       35.231   279.3
1.2225        -5986.384    -6021.549       35.164   278.7
1.2230        -5986.338    -6021.560       35.222   279.2
1.2235        -5986.349    -6021.566       35.217   279.2
1.2240        -5986.249    -6021.567       35.318   279.9
1.2245        -5986.225    -6021.562       35.337   280.1
1.2250        -5986.197    -6021.553       35.356   280.3
1.2255        -5986.186    -6021.539       35.354   280.2
1.2260        -5986.192    -6021.521       35.329   280.0
1.2265        -5986.111    -6021.498       35.388   280.5
1.2270        -5986.084    -6021.473       35.389   280.5
1.2275        -5986.062    -6021.446       35.384   280.5
1.2280        -5986.034    -6021.415       35.381   280.5
1.2285        -5985.980    -6021.381       35.401   280.6
1.2290        -5985.933    -6021.343       35.410   280.7
1.2295        -5985.907    -6021.303       35.396   280.6
1.2300        -5985.865    -6021.259       35.394   280.6
1.2305        -5985.739    -6021.213       35.474   281.2
1.2310        -5985.709    -6021.166       35.456   281.0
1.2315        -5985.717    -6021.118       35.401   280.6
1.2320        -5985.756    -6021.065       35.309   279.9
1.2325        -5985.739    -6021.010       35.272   279.6
1.2330        -5985.758    -6020.953       35.195   279.0
1.2335        -5985.656    -6020.891       35.235   279.3
1.2340        -5985.732    -6020.824       35.092   278.2
1.2345        -5985.740    -6020.754       35.014   277.5
1.2350        -5985.681    -6020.682       35.001   277.4
1.2355        -5985.617    -6020.610       34.992   277.4
1.2360        -5985.646    -6020.536       34.890   276.6
1.2365        -5985.713    -6020.463       34.750   275.5
1.2370        -5985.689    -6020.391       34.701   275.1
1.2375        -5985.649    -6020.322       34.674   274.8
1.2380        -5985.703    -6020.258       34.555   273.9
1.2385        -5985.767    -6020.196       34.429   272.9
1.2390        -5985.780    -6020.139       34.359   272.3
1.2395        -5985.715    -6020.086       34.370   272.4
1.2400        -5985.632    -6020.038       34.406   272.7
1.2405        -5985.558    -6019.994       34.436   273.0
1.2410        -5985.505    -6019.953       34.448   273.1
1.2415        -5985.432    -6019.918       34.485   273.4
1.2420        -5985.473    -6019.885       34.412   272.8
1.2425        -5985.474    -6019.857       34.383   272.5
1.2430        -5985.402    -6019.835       34.433   272.9
1.2435        -5985.254    -6019.818       34.564   274.0
1.2440        -5985.223    -6019.806       34.583   274.1
1.2445        -5985.188    -6019.799       34.612   274.4
1.2450        -5985.274    -6019.796       34.522   273.6
1.2455        -5985.259    -6019.797       34.539   273.8
1.2460        -5985.255    -6019.804       34.548   273.9
1.2465        -5985.263    -6019.818       34.555   273.9
1.2470        -5985.201    -6019.838       34.637   274.6
1.2475        -5985.166    -6019.862       34.696   275.0
1.2480        -5985.125    -6019.889       34.764   275.6
1.2485        -5985.003    -6019.918       34.916   276.8
1.2490        -5985.019    -6019.952       34.933   276.9
1.2495        -5984.996    -6019.989       34.993   277.4
1.2500        -5985.080    -6020.027       34.947   277.0
1.2505        -5985.034    -6020.067       35.033   277.7
1.2510        -5985.002    -6020.108       35.107   278.3
1.2515        -5984.999    -6020.150       35.151   278.6
1.2520        -5984.867    -6020.192       35.325   280.0
1.2525        -5984.813    -6020.234       35.421   280.8
1.2530        -5984.745    -6020.276       35.531   281.6
1.2535        -5984.775    -6020.315       35.540   281.7
1.2540        -5984.796    -6020.350       35.554   281.8
1.2545        -5984.746    -6020.383       35.637   282.5
1.2550        -5984.824    -6020.414       35.590   282.1
1.2555        -5984.798    -6020.443       35.645   282.5
1.2560        -5984.654    -6020.469       35.814   283.9
1.2565        -5984.622    -6020.491       35.869   284.3
1.2570        -5984.639    -6020.509       35.870   284.3
1.2575        -5984.665    -6020.523       35.858   284.2
1.2580        -5984.777    -6020.531       35.755   283.4
1.2585        -5984.758    -6020.534       35.776   283.6
1.2590        -5984.794    -6020.533       35.739   283.3
1.2595        -5984.702    -6020.527       35.826   284.0
1.2600        -5984.585    -6020.517       35.933   284.8
1.2605        -5984.536    -6020.504       35.968   285.1
1.2610        -5984.557    -6020.488       35.931   284.8
1.2615        -5984.498    -6020.469       35.971   285.1
1.2620        -5984.655    -6020.447       35.792   283.7
1.2625        -5984.666    -6020.422       35.756   283.4
1.2630        -5984.648    -6020.395       35.747   283.3
1.2635        -5984.493    -6020.364       35.871   284.3
1.2640        -5984.465    -6020.334       35.869   284.3
1.2645        -5984.445    -6020.302       35.857   284.2
1.2650        -5984.388    -6020.267       35.880   284.4
1.2655        -5984.335    -6020.231       35.896   284.5
1.2660        -5984.350    -6020.193       35.843   284.1
1.2665        -5984.499    -6020.154       35.655   282.6
1.2670        -5984.456    -6020.115       35.659   282.7
1.2675        -5984.484    -6020.075       35.591   282.1
1.2680        -5984.463    -6020.034       35.571   282.0
1.2685        -5984.464    -6019.992       35.527   281.6
1.2690        -5984.490    -6019.951       35.461   281.1
1.2695        -5984.433    -6019.910       35.476   281.2
1.2700        -5984.412    -6019.869       35.457   281.0
1.2705        -5984.446    -6019.827       35.380   280.4
1.2710        -5984.505    -6019.785       35.279   279.6
1.2715        -5984.416    -6019.747       35.331   280.1
1.2720        -5984.536    -6019.714       35.178   278.8
1.2725        -5984.488    -6019.683       35.195   279.0
1.2730        -5984.507    -6019.656       35.150   278.6
1.2735        -5984.463    -6019.633       35.170   278.8
1.2740        -5984.410    -6019.613       35.203   279.0
1.2745        -5984.402    -6019.595       35.193   279.0
1.2750        -5984.371    -6019.576       35.205   279.1
1.2755        -5984.373    -6019.560       35.187   278.9
1.2760        -5984.340    -6019.548       35.209   279.1
1.2765        -5984.399    -6019.541       35.142   278.6
1.2770        -5984.397    -6019.538       35.141   278.6
1.2775        -5984.458    -6019.540       35.082   278.1
1.2780        -5984.482    -6019.548       35.066   278.0
1.2785        -5984.462    -6019.560       35.098   278.2
1.2790        -5984.438    -6019.574       35.136   278.5
1.2795        -5984.437    -6019.590       35.153   278.6
1.2800        -5984.445    -6019.610       35.165   278.7
1.2805        -5984.390    -6019.632       35.241   279.3
1.2810        -5984.390    -6019.658       35.268   279.6
1.2815        -5984.451    -6019.686       35.236   279.3
1.2820        -5984.487    -6019.716       35.229   279.2
1.2825        -5984.565    -6019.744       35.179   278.8
1.2830        -5984.566    -6019.774       35.208   279.1
1.2835        -5984.554    -6019.804       35.250   279.4
1.2840        -5984.497    -6019.832       35.335   280.1
1.2845        -5984.440    -6019.858       35.418   280.7
1.2850        -5984.453    -6019.882       35.429   280.8
1.2855        -5984.395    -6019.905       35.511   281.5
1.2860        -5984.248    -6019.928       35.680   282.8
1.2865        -5984.251    -6019.950       35.699   283.0
1.2870        -5984.244    -6019.972       35.728   283.2
1.2875        -5984.321    -6019.994       35.672   282.8
1.2880        -5984.329    -6020.014       35.684   282.9
1.2885        -5984.281    -6020.031       35.750   283.4
1.2890        -5984.351    -6020.044       35.693   282.9
1.2895        -5984.438    -6020.057       35.620   282.3
1.2900        -5984.393    -6020.067       35.675   282.8
1.2905        -5984.385    -6020.072       35.688   282.9
1.2910        -5984.371    -6020.075       35.704   283.0
1.2915        -5984.375    -6020.075       35.700   283.0
1.2920        -5984.351    -6020.073       35.722   283.2
1.2925        -5984.301    -6020.066       35.765   283.5
1.2930        -5984.222    -6020.058       35.835   284.1
1.2935        -5984.265    -6020.047       35.783   283.6
1.2940        -5984.300    -6020.034       35.734   283.2
1.2945        -5984.356    -6020.019       35.662   282.7
1.2950        -5984.269    -6020.000       35.731   283.2
1.2955        -5984.193    -6019.979       35.786   283.7
1.2960        -5984.203    -6019.957       35.754   283.4
1.2965        -5984.169    -6019.934       35.765   283.5
1.2970        -5984.191    -6019.909       35.718   283.1
1.2975        -5984.222    -6019.883       35.660   282.7
1.2980        -5984.165    -6019.858       35.693   282.9
1.2985        -5984.255    -6019.831       35.576   282.0
1.2990        -5984.302    -6019.804       35.503   281.4
1.2995        -5984.319    -6019.778       35.458   281.1
1.3000        -5984.427    -6019.751       35.324   280.0
1.3005        -5984.370    -6019.722       35.352   280.2
1.3010        -5984.361    -6019.693       35.332   280.1
1.3015        -5984.306    -6019.663       35.357   280.3
1.3020        -5984.287    -6019.632       35.345   280.2
1.3025        -5984.153    -6019.601       35.447   281.0
1.3030        -5984.186    -6019.567       35.382   280.5
1.3035        -5984.256    -6019.531       35.276   279.6
1.3040        -5984.203    -6019.495       35.292   279.7
1.3045        -5984.211    -6019.459       35.247   279.4
1.3050        -5984.212    -6019.422       35.210   279.1
1.3055        -5984.120    -6019.385       35.265   279.5
1.3060        -5984.112    -6019.350       35.238   279.3
1.3065        -5984.104    -6019.315       35.211   279.1
1.3070        -5984.114    -6019.278       35.164   278.7
1.3075        -5984.108    -6019.239       35.131   278.5
1.3080        -5984.130    -6019.197       35.067   278.0
1.3085        -5984.143    -6019.153       35.010   277.5
1.3090        -5984.104    -6019.107       35.003   277.5
1.3095        -5984.124    -6019.061       34.937   276.9
1.3100        -5984.145    -6019.017       34.872   276.4
1.3105        -5984.131    -6018.975       34.845   276.2
1.3110        -5984.135    -6018.935       34.800   275.8
1.3115        -5984.162    -6018.896       34.734   275.3
1.3120        -5984.094    -6018.860       34.767   275.6
1.3125        -5984.182    -6018.828       34.646   274.6
1.3130        -5984.073    -6018.800       34.727   275.3
1.3135        -5983.967    -6018.774       34.808   275.9
1.3140        -5983.969    -6018.753       34.783   275.7
1.3145        -5983.948    -6018.736       34.787   275.7
1.3150        -5983.887    -6018.720       34.833   276.1
1.3155        -5983.929    -6018.708       34.778   275.7
1.3160        -5983.888    -6018.700       34.812   275.9
1.3165        -5983.889    -6018.698       34.809   275.9
1.3170        -5983.863    -6018.702       34.838   276.1
1.3175        -5983.832    -6018.711       34.879   276.5
1.3180        -5983.856    -6018.723       34.868   276.4
1.3185        -5983.802    -6018.742       34.940   277.0
1.3190        -5983.716    -6018.763       35.046   277.8
1.3195        -5983.630    -6018.786       35.156   278.7
1.3200        -5983.656    -6018.812       35.156   278.7
1.3205        -5983.633    -6018.841       35.208   279.1
1.3210        -5983.666    -6018.872       35.206   279.1
1.3215        -5983.666    -6018.907       35.240   279.3
1.3220        -5983.661    -6018.942       35.281   279.7
1.3225        -5983.709    -6018.981       35.271   279.6
1.3230        -5983.714    -6019.019       35.306   279.9
1.3235        -5983.722    -6019.061       35.339   280.1
1.3240        -5983.733    -6019.106       35.373   280.4
1.3245        -5983.739    -6019.154       35.415   280.7
1.3250        -5983.712    -6019.203       35.491   281.3
1.3255        -5983.686    -6019.253       35.567   281.9
1.3260        -5983.683    -6019.305       35.622   282.4
1.3265        -5983.679    -6019.355       35.676   282.8
1.3270        -5983.726    -6019.407       35.682   282.8
1.3275        -5983.864    -6019.458       35.594   282.1
1.3280        -5983.872    -6019.511       35.639   282.5
1.3285        -5983.913    -6019.562       35.649   282.6
1.3290        -5983.994    -6019.612       35.618   282.3
1.3295        -5984.129    -6019.658       35.529   281.6
1.3300        -5984.175    -6019.703       35.528   281.6
1.3305        -5984.167    -6019.746       35.580   282.0
1.3310        -5984.172    -6019.787       35.615   282.3
1.3315        -5984.279    -6019.826       35.547   281.8
1.3320        -5984.272    -6019.862       35.589   282.1
1.3325        -5984.252    -6019.896       35.644   282.5
1.3330        -5984.177    -6019.927       35.750   283.4
1.3335        -5984.176    -6019.956       35.780   283.6
1.3340        -5984.116    -6019.981       35.864   284.3
1.3345        -5984.165    -6020.002       35.837   284.1
1.3350        -5984.107    -6020.019       35.912   284.7
1.3355        -5984.099    -6020.033       35.934   284.8
1.3360        -5984.179    -6020.043       35.865   284.3
1.3365        -5984.154    -6020.051       35.897   284.5
1.3370        -5984.250    -6020.055       35.806   283.8
1.3375        -5984.370    -6020.058       35.689   282.9
1.3380        -5984.352    -6020.060       35.708   283.0
1.3385        -5984.357    -6020.062       35.705   283.0
1.3390        -5984.465    -6020.065       35.600   282.2
1.3395        -5984.493    -6020.068       35.575   282.0
1.3400        -5984.516    -6020.068       35.552   281.8
1.3405        -5984.503    -6020.070       35.566   281.9
1.3410        -5984.452    -6020.071       35.618   282.3
1.3415        -5984.433    -6020.072       35.639   282.5
1.3420        -5984.342    -6020.072       35.730   283.2
1.3425        -5984.437    -6020.070       35.633   282.5
1.3430        -5984.393    -6020.067       35.674   282.8
1.3435        -5984.262    -6020.062       35.800   283.8
1.3440        -5984.168    -6020.055       35.887   284.5
1.3445        -5984.142    -6020.047       35.905   284.6
1.3450        -5984.174    -6020.040       35.866   284.3
1.3455        -5984.112    -6020.031       35.919   284.7
1.3460        -5984.028    -6020.020       35.993   285.3
1.3465        -5984.120    -6020.010       35.889   284.5
1.3470        -5984.090    -6020.000       35.910   284.6
1.3475        -5984.066    -6019.989       35.923   284.7
1.3480        -5984.019    -6019.978       35.959   285.0
1.3485        -5984.084    -6019.966       35.882   284.4
1.3490        -5984.137    -6019.954       35.817   283.9
1.3495        -5984.147    -6019.941       35.795   283.7
1.3500        -5984.106    -6019.929       35.822   283.9
1.3505        -5984.062    -6019.915       35.852   284.2
1.3510        -5983.986    -6019.899       35.913   284.7
1.3515        -5983.957    -6019.882       35.925   284.8
1.3520        -5983.905    -6019.864       35.959   285.0
1.3525        -5983.900    -6019.846       35.946   284.9
1.3530        -5983.869    -6019.826       35.958   285.0
1.3535        -5983.906    -6019.807       35.901   284.6
1.3540        -5983.954    -6019.789       35.835   284.0
1.3545        -5983.904    -6019.770       35.866   284.3
1.3550        -5983.920    -6019.748       35.828   284.0
1.3555        -5983.911    -6019.727       35.816   283.9
1.3560        -5983.911    -6019.706       35.795   283.7
1.3565        -5983.896    -6019.685       35.788   283.7
1.3570        -5983.861    -6019.662       35.801   283.8
1.3575        -5983.829    -6019.637       35.808   283.8
1.3580        -5983.859    -6019.613       35.755   283.4
1.3585        -5983.887    -6019.591       35.704   283.0
1.3590        -5983.864    -6019.568       35.704   283.0
1.3595        -5983.853    -6019.545       35.693   282.9
1.3600        -5983.898    -6019.522       35.624   282.4
1.3605        -5983.880    -6019.499       35.619   282.3
1.3610        -5983.923    -6019.476       35.553   281.8
1.3615        -5983.976    -6019.455       35.479   281.2
1.3620        -5983.989    -6019.436       35.447   281.0
1.3625        -5983.914    -6019.421       35.507   281.4
1.3630        -5983.920    -6019.409       35.490   281.3
1.3635        -5983.848    -6019.402       35.554   281.8
1.3640        -5983.802    -6019.396       35.594   282.1
1.3645        -5983.796    -6019.395       35.599   282.2
1.3650        -5983.799    -6019.397       35.599   282.2
1.3655        -5983.794    -6019.404       35.611   282.3
1.3660        -5983.721    -6019.416       35.695   282.9
1.3665        -5983.726    -6019.431       35.705   283.0
1.3670        -5983.702    -6019.454       35.753   283.4
1.3675        -5983.644    -6019.484       35.840   284.1
1.3680        -5983.681    -6019.519       35.838   284.1
1.3685        -5983.672    -6019.557       35.884   284.4
1.3690        -5983.718    -6019.601       35.883   284.4
1.3695        -5983.726    -6019.649       35.923   284.7
1.3700        -5983.735    -6019.704       35.969   285.1
1.3705        -5983.788    -6019.762       35.974   285.2
1.3710        -5983.647    -6019.822       36.175   286.7
1.3715        -5983.560    -6019.885       36.326   287.9
1.3720        -5983.617    -6019.947       36.329   288.0
1.3725        -5983.665    -6020.008       36.344   288.1
1.3730        -5983.723    -6020.071       36.348   288.1
1.3735        -5983.680    -6020.134       36.453   288.9
1.3740        -5983.663    -6020.196       36.533   289.6
1.3745        -5983.681    -6020.258       36.577   289.9
1.3750        -5983.575    -6020.317       36.742   291.2
1.3755        -5983.663    -6020.373       36.710   291.0
1.3760        -5983.751    -6020.426       36.675   290.7
1.3765        -5983.640    -6020.478       36.838   292.0
1.3770        -5983.714    -6020.528       36.815   291.8
1.3775        -5983.700    -6020.579       36.879   292.3
1.3780        -5983.708    -6020.626       36.918   292.6
1.3785        -5983.664    -6020.668       37.004   293.3
1.3790        -5983.625    -6020.709       37.084   294.0
1.3795        -5983.646    -6020.746       37.100   294.1
1.3800        -5983.619    -6020.782       37.163   294.6
1.3805        -5983.620    -6020.816       37.196   294.8
1.3810        -5983.480    -6020.847       37.367   296.2
1.3815        -5983.592    -6020.877       37.285   295.5
1.3820        -5983.551    -6020.904       37.353   296.1
1.3825        -5983.587    -6020.929       37.342   296.0
1.3830        -5983.657    -6020.952       37.295   295.6
1.3835        -5983.527    -6020.973       37.446   296.8
1.3840        -5983.533    -6020.990       37.456   296.9
1.3845        -5983.549    -6021.001       37.452   296.9
1.3850        -5983.576    -6021.006       37.431   296.7
1.3855        -5983.525    -6021.006       37.480   297.1
1.3860        -5983.545    -6021.001       37.456   296.9
1.3865        -5983.553    -6020.990       37.437   296.7
1.3870        -5983.677    -6020.975       37.299   295.6
1.3875        -5983.712    -6020.958       37.247   295.2
1.3880        -5983.785    -6020.940       37.154   294.5
1.3885        -5983.703    -6020.919       37.217   295.0
1.3890        -5983.766    -6020.896       37.130   294.3
1.3895        -5983.714    -6020.867       37.154   294.5
1.3900        -5983.607    -6020.836       37.229   295.1
1.3905        -5983.624    -6020.802       37.178   294.7
1.3910        -5983.725    -6020.767       37.043   293.6
1.3915        -5983.819    -6020.730       36.911   292.6
1.3920        -5983.826    -6020.690       36.864   292.2
1.3925        -5983.932    -6020.648       36.715   291.0
1.3930        -5983.956    -6020.604       36.648   290.5
1.3935        -5983.956    -6020.562       36.606   290.2
1.3940        -5984.060    -6020.523       36.463   289.0
1.3945        -5984.104    -6020.485       36.381   288.4
1.3950        -5984.153    -6020.446       36.292   287.7
1.3955        -5984.169    -6020.408       36.239   287.3
1.3960        -5984.251    -6020.371       36.121   286.3
1.3965        -5984.305    -6020.338       36.032   285.6
1.3970        -5984.304    -6020.305       36.001   285.4
1.3975        -5984.298    -6020.271       35.974   285.1
1.3980        -5984.229    -6020.240       36.010   285.4
1.3985        -5984.246    -6020.210       35.964   285.1
1.3990        -5984.215    -6020.183       35.968   285.1
1.3995        -5984.157    -6020.161       36.003   285.4
1.4000        -5984.180    -6020.143       35.963   285.1
1.4005        -5984.242    -6020.132       35.890   284.5
1.4010        -5984.264    -6020.127       35.863   284.3
1.4015        -5984.335    -6020.124       35.788   283.7
1.4020        -5984.433    -6020.122       35.689   282.9
1.4025        -5984.385    -6020.122       35.737   283.3
1.4030        -5984.397    -6020.127       35.729   283.2
1.4035        -5984.402    -6020.135       35.734   283.2
1.4040        -5984.375    -6020.147       35.772   283.5
1.4045        -5984.411    -6020.161       35.751   283.4
1.4050        -5984.460    -6020.177       35.717   283.1
1.4055        -5984.482    -6020.195       35.713   283.1
1.4060        -5984.532    -6020.213       35.681   282.8
1.4065        -5984.510    -6020.231       35.721   283.1
1.4070        -5984.620    -6020.249       35.629   282.4
1.4075        -5984.633    -6020.268       35.634   282.5
1.4080        -5984.585    -6020.285       35.700   283.0
1.4085        -5984.585    -6020.300       35.715   283.1
1.4090        -5984.590    -6020.315       35.725   283.2
1.4095        -5984.561    -6020.331       35.770   283.5
1.4100        -5984.553    -6020.347       35.795   283.7
1.4105        -5984.483    -6020.363       35.880   284.4
1.4110        -5984.514    -6020.377       35.863   284.3
1.4115        -5984.498    -6020.388       35.889   284.5
1.4120        -5984.412    -6020.395       35.983   285.2
1.4125        -5984.466    -6020.401       35.934   284.8
1.4130        -5984.514    -6020.408       35.894   284.5
1.4135        -5984.559    -6020.414       35.856   284.2
1.4140        -5984.593    -6020.419       35.826   284.0
1.4145        -5984.625    -6020.423       35.798   283.8
1.4150        -5984.682    -6020.425       35.743   283.3
1.4155        -5984.760    -6020.426       35.666   282.7
1.4160        -5984.759    -6020.427       35.668   282.7
1.4165        -5984.672    -6020.426       35.754   283.4
1.4170        -5984.762    -6020.421       35.659   282.7
1.4175        -5984.856    -6020.413       35.558   281.9
1.4180        -5984.824    -6020.403       35.578   282.0
1.4185        -5984.878    -6020.388       35.510   281.5
1.4190        -5984.849    -6020.369       35.520   281.6
1.4195        -5984.807    -6020.347       35.540   281.7
1.4200        -5984.735    -6020.322       35.587   282.1
1.4205        -5984.768    -6020.296       35.527   281.6
1.4210        -5984.738    -6020.266       35.528   281.6
1.4215        -5984.718    -6020.233       35.515   281.5
1.4220        -5984.739    -6020.194       35.455   281.0
1.4225        -5984.806    -6020.155       35.349   280.2
1.4230        -5984.853    -6020.112       35.259   279.5
1.4235        -5984.814    -6020.069       35.254   279.4
1.4240        -5984.787    -6020.024       35.237   279.3
1.4245        -5984.644    -6019.977       35.333   280.1
1.4250        -5984.704    -6019.930       35.226   279.2
1.4255        -5984.751    -6019.882       35.131   278.5
1.4260        -5984.731    -6019.833       35.102   278.2
1.4265        -5984.749    -6019.782       35.033   277.7
1.4270        -5984.833    -6019.733       34.900   276.6
1.4275        -5984.840    -6019.687       34.846   276.2
1.4280        -5984.726    -6019.644       34.917   276.8
1.4285        -5984.688    -6019.600       34.912   276.7
1.4290        -5984.676    -6019.560       34.884   276.5
1.4295        -5984.638    -6019.523       34.885   276.5
1.4300        -5984.557    -6019.492       34.934   276.9
1.4305        -5984.731    -6019.463       34.733   275.3
1.4310        -5984.755    -6019.440       34.685   274.9
1.4315        -5984.771    -6019.417       34.647   274.6
1.4320        -5984.762    -6019.399       34.637   274.6
1.4325        -5984.806    -6019.380       34.573   274.0
1.4330        -5984.732    -6019.361       34.628   274.5
1.4335        -5984.680    -6019.343       34.663   274.8
1.4340        -5984.642    -6019.331       34.689   275.0
1.4345        -5984.624    -6019.322       34.698   275.0
1.4350        -5984.612    -6019.314       34.702   275.1
1.4355        -5984.525    -6019.309       34.784   275.7
1.4360        -5984.579    -6019.304       34.725   275.3
1.4365        -5984.467    -6019.302       34.835   276.1
1.4370        -5984.457    -6019.303       34.846   276.2
1.4375        -5984.402    -6019.304       34.902   276.7
1.4380        -5984.359    -6019.307       34.948   277.0
1.4385        -5984.299    -6019.309       35.010   277.5
1.4390        -5984.314    -6019.312       34.998   277.4
1.4395        -5984.312    -6019.316       35.004   277.5
1.4400        -5984.312    -6019.320       35.008   277.5
1.4405        -5984.250    -6019.326       35.076   278.0
1.4410        -5984.275    -6019.333       35.058   277.9
1.4415        -5984.286    -6019.339       35.053   277.8
1.4420        -5984.207    -6019.345       35.139   278.5
1.4425        -5984.218    -6019.351       35.133   278.5
1.4430        -5984.164    -6019.358       35.193   279.0
1.4435        -5984.130    -6019.363       35.233   279.3
1.4440        -5984.090    -6019.367       35.277   279.6
1.4445        -5984.044    -6019.369       35.325   280.0
1.4450        -5984.104    -6019.369       35.265   279.5
1.4455        -5984.084    -6019.368       35.284   279.7
1.4460        -5983.967    -6019.368       35.401   280.6
1.4465        -5984.007    -6019.366       35.359   280.3
1.4470        -5983.988    -6019.365       35.377   280.4
1.4475        -5984.043    -6019.365       35.322   280.0
1.4480        -5984.058    -6019.360       35.302   279.8
1.4485        -5984.026    -6019.352       35.326   280.0
1.4490        -5984.034    -6019.341       35.307   279.9
1.4495        -5983.999    -6019.328       35.329   280.0
1.4500        -5984.050    -6019.313       35.263   279.5
1.4505        -5984.076    -6019.298       35.222   279.2
1.4510        -5984.076    -6019.280       35.204   279.0
1.4515        -5983.995    -6019.257       35.262   279.5
1.4520        -5983.977    -6019.231       35.254   279.4
1.4525        -5983.999    -6019.202       35.203   279.0
1.4530        -5984.010    -6019.172       35.162   278.7
1.4535        -5983.975    -6019.138       35.163   278.7
1.4540        -5983.980    -6019.102       35.122   278.4
1.4545        -5984.051    -6019.065       35.013   277.5
1.4550        -5984.028    -6019.026       34.998   277.4
1.4555        -5984.035    -6018.987       34.952   277.0
1.4560        -5984.075    -6018.947       34.872   276.4
1.4565        -5984.132    -6018.907       34.775   275.6
1.4570        -5984.076    -6018.866       34.790   275.8
1.4575        -5984.150    -6018.826       34.676   274.9
1.4580        -5984.158    -6018.788       34.630   274.5
1.4585        -5984.102    -6018.753       34.651   274.7
1.4590        -5984.096    -6018.719       34.623   274.4
1.4595        -5984.185    -6018.689       34.504   273.5
1.4600        -5984.122    -6018.661       34.539   273.8
1.4605        -5984.163    -6018.636       34.473   273.3
1.4610        -5984.174    -6018.612       34.439   273.0
1.4615        -5984.183    -6018.591       34.408   272.7
1.4620        -5984.199    -6018.571       34.372   272.5
1.4625        -5984.229    -6018.556       34.327   272.1
1.4630        -5984.164    -6018.543       34.379   272.5
1.4635        -5984.120    -6018.537       34.417   272.8
1.4640        -5983.992    -6018.535       34.543   273.8
1.4645        -5984.038    -6018.535       34.497   273.4
1.4650        -5983.953    -6018.536       34.583   274.1
1.4655        -5983.954    -6018.540       34.586   274.2
1.4660        -5983.969    -6018.549       34.581   274.1
1.4665        -5984.013    -6018.562       34.549   273.9
1.4670        -5983.956    -6018.575       34.619   274.4
1.4675        -5983.976    -6018.592       34.616   274.4
1.4680        -5984.003    -6018.613       34.610   274.3
1.4685        -5983.980    -6018.635       34.655   274.7
1.4690        -5983.900    -6018.660       34.760   275.5
1.4695        -5983.987    -6018.685       34.698   275.0
1.4700        -5983.998    -6018.710       34.712   275.1
1.4705        -5983.922    -6018.739       34.817   276.0
1.4710        -5983.793    -6018.771       34.977   277.3
1.4715        -5983.750    -6018.804       35.054   277.9
1.4720        -5983.922    -6018.836       34.914   276.8
1.4725        -5983.907    -6018.869       34.961   277.1
1.4730        -5983.878    -6018.900       35.022   277.6
1.4735        -5983.841    -6018.931       35.090   278.1
1.4740        -5983.765    -6018.962       35.196   279.0
1.4745        -5983.664    -6018.992       35.327   280.0
1.4750        -5983.683    -6019.019       35.336   280.1
1.4755        -5983.705    -6019.046       35.341   280.1
1.4760        -5983.706    -6019.070       35.364   280.3
1.4765        -5983.757    -6019.094       35.337   280.1
1.4770        -5983.780    -6019.114       35.334   280.1
1.4775        -5983.620    -6019.128       35.509   281.5
1.4780        -5983.615    -6019.137       35.522   281.6
1.4785        -5983.662    -6019.142       35.479   281.2
1.4790        -5983.693    -6019.144       35.451   281.0
1.4795        -5983.650    -6019.145       35.495   281.4
1.4800        -5983.636    -6019.144       35.507   281.5
1.4805        -5983.537    -6019.139       35.602   282.2
1.4810        -5983.477    -6019.134       35.657   282.6
1.4815        -5983.530    -6019.125       35.595   282.1
1.4820        -5983.470    -6019.114       35.644   282.5
1.4825        -5983.434    -6019.097       35.663   282.7
1.4830        -5983.461    -6019.078       35.617   282.3
1.4835        -5983.609    -6019.060       35.451   281.0
1.4840        -5983.584    -6019.038       35.454   281.0
1.4845        -5983.570    -6019.015       35.445   281.0
1.4850        -5983.627    -6018.990       35.363   280.3
1.4855        -5983.673    -6018.963       35.290   279.7
1.4860        -5983.820    -6018.935       35.115   278.3
1.4865        -5983.707    -6018.908       35.202   279.0
1.4870        -5983.762    -6018.881       35.119   278.4
1.4875        -5983.810    -6018.853       35.043   277.8
1.4880        -5983.771    -6018.828       35.057   277.9
1.4885        -5983.677    -6018.805       35.129   278.5
1.4890        -5983.643    -6018.786       35.142   278.6
1.4895        -5983.657    -6018.769       35.112   278.3
1.4900        -5983.577    -6018.757       35.180   278.9
1.4905        -5983.604    -6018.747       35.143   278.6
1.4910        -5983.586    -6018.742       35.156   278.7
1.4915        -5983.591    -6018.739       35.149   278.6
1.4920        -5983.551    -6018.742       35.191   278.9
1.4925        -5983.501    -6018.751       35.250   279.4
1.4930        -5983.308    -6018.767       35.459   281.1
1.4935        -5983.211    -6018.789       35.578   282.0
1.4940        -5983.166    -6018.815       35.649   282.6
1.4945        -5983.094    -6018.845       35.752   283.4
1.4950        -5983.116    -6018.880       35.764   283.5
1.4955        -5983.139    -6018.920       35.781   283.6
1.4960        -5983.167    -6018.966       35.800   283.8
1.4965        -5983.173    -6019.016       35.843   284.1
1.4970        -5983.152    -6019.071       35.919   284.7
1.4975        -5983.151    -6019.130       35.979   285.2
1.4980        -5983.084    -6019.194       36.110   286.2
1.4985        -5982.968    -6019.259       36.291   287.7
1.4990        -5982.885    -6019.327       36.442   288.9
1.4995        -5982.857    -6019.398       36.542   289.7
1.5000        -5982.833    -6019.474       36.642   290.4
1.5005        -5982.724    -6019.553       36.829   291.9
1.5010        -5982.726    -6019.632       36.907   292.5
1.5015        -5982.680    -6019.715       37.036   293.6
1.5020        -5982.673    -6019.799       37.126   294.3
1.5025        -5982.687    -6019.883       37.196   294.8
1.5030        -5982.624    -6019.966       37.342   296.0
1.5035        -5982.597    -6020.051       37.454   296.9
1.5040        -5982.620    -6020.135       37.514   297.4
1.5045        -5982.649    -6020.218       37.569   297.8
1.5050        -5982.712    -6020.298       37.587   297.9
1.5055        -5982.646    -6020.377       37.731   299.1
1.5060        -5982.661    -6020.453       37.791   299.6
1.5065        -5982.609    -6020.527       37.918   300.6
1.5070        -5982.637    -6020.598       37.961   300.9
1.5075        -5982.625    -6020.670       38.044   301.6
1.5080        -5982.626    -6020.739       38.113   302.1
1.5085        -5982.692    -6020.805       38.112   302.1
1.5090        -5982.668    -6020.867       38.199   302.8
1.5095        -5982.815    -6020.925       38.111   302.1
1.5100        -5982.805    -6020.980       38.175   302.6
1.5105        -5982.791    -6021.031       38.239   303.1
1.5110        -5982.761    -6021.076       38.315   303.7
1.5115        -5982.776    -6021.117       38.341   303.9
1.5120        -5982.811    -6021.155       38.344   303.9
1.5125        -5982.867    -6021.189       38.323   303.8
1.5130        -5982.934    -6021.217       38.283   303.5
1.5135        -5983.017    -6021.238       38.221   303.0
1.5140        -5983.001    -6021.256       38.254   303.2
1.5145        -5982.979    -6021.268       38.289   303.5
1.5150        -5982.909    -6021.277       38.369   304.1
1.5155        -5982.960    -6021.282       38.323   303.8
1.5160        -5983.023    -6021.283       38.261   303.3
1.5165        -5982.986    -6021.282       38.296   303.6
1.5170        -5982.991    -6021.275       38.284   303.5
1.5175        -5982.932    -6021.263       38.331   303.8
1.5180        -5982.929    -6021.249       38.320   303.7
1.5185        -5982.972    -6021.233       38.261   303.3
1.5190        -5982.932    -6021.213       38.280   303.4
1.5195        -5982.979    -6021.188       38.209   302.9
1.5200        -5982.928    -6021.156       38.228   303.0
1.5205        -5982.832    -6021.121       38.289   303.5
1.5210        -5982.849    -6021.082       38.233   303.1
1.5215        -5982.792    -6021.040       38.248   303.2
1.5220        -5982.710    -6020.998       38.288   303.5
1.5225        -5982.804    -6020.956       38.152   302.4
1.5230        -5982.891    -6020.914       38.023   301.4
1.5235        -5982.980    -6020.872       37.892   300.4
1.5240        -5983.049    -6020.828       37.779   299.5
1.5245        -5983.054    -6020.782       37.728   299.1
1.5250        -5983.117    -6020.735       37.618   298.2
1.5255        -5983.061    -6020.689       37.628   298.3
1.5260        -5983.120    -6020.644       37.524   297.4
1.5265        -5983.079    -6020.601       37.522   297.4
1.5270        -5982.900    -6020.558       37.658   298.5
1.5275        -5982.898    -6020.514       37.615   298.2
1.5280        -5982.849    -6020.470       37.621   298.2
1.5285        -5982.854    -6020.427       37.573   297.8
1.5290        -5982.850    -6020.385       37.535   297.5
1.5295        -5982.771    -6020.341       37.571   297.8
1.5300        -5982.671    -6020.300       37.629   298.3
1.5305        -5982.573    -6020.262       37.689   298.7
1.5310        -5982.524    -6020.226       37.701   298.8
1.5315        -5982.456    -6020.189       37.733   299.1
1.5320        -5982.581    -6020.152       37.571   297.8
1.5325        -5982.558    -6020.115       37.557   297.7
1.5330        -5982.548    -6020.078       37.530   297.5
1.5335        -5982.644    -6020.042       37.398   296.4
1.5340        -5982.588    -6020.007       37.420   296.6
1.5345        -5982.638    -6019.972       37.334   295.9
1.5350        -5982.607    -6019.937       37.330   295.9
1.5355        -5982.549    -6019.904       37.355   296.1
1.5360        -5982.561    -6019.872       37.311   295.8
1.5365        -5982.509    -6019.841       37.333   295.9
1.5370        -5982.511    -6019.811       37.300   295.7
1.5375        -5982.421    -6019.781       37.360   296.1
1.5380        -5982.421    -6019.752       37.332   295.9
1.5385        -5982.504    -6019.722       37.217   295.0
1.5390        -5982.503    -6019.689       37.186   294.8
1.5395        -5982.474    -6019.656       37.182   294.7
1.5400        -5982.445    -6019.620       37.175   294.7
1.5405        -5982.469    -6019.584       37.115   294.2
1.5410        -5982.414    -6019.549       37.134   294.3
1.5415        -5982.326    -6019.512       37.185   294.8
1.5420        -5982.328    -6019.473       37.145   294.4
1.5425        -5982.447    -6019.434       36.987   293.2
1.5430        -5982.476    -6019.393       36.917   292.6
1.5435        -5982.552    -6019.353       36.801   291.7
1.5440        -5982.549    -6019.314       36.765   291.4
1.5445        -5982.538    -6019.274       36.737   291.2
1.5450        -5982.542    -6019.235       36.692   290.8
1.5455        -5982.450    -6019.195       36.745   291.3
1.5460        -5982.426    -6019.157       36.731   291.1
1.5465        -5982.393    -6019.120       36.727   291.1
1.5470        -5982.318    -6019.086       36.768   291.4
1.5475        -5982.268    -6019.054       36.787   291.6
1.5480        -5982.267    -6019.025       36.759   291.4
1.5485        -5982.258    -6018.999       36.741   291.2
1.5490        -5982.236    -6018.976       36.740   291.2
1.5495        -5982.217    -6018.959       36.742   291.2
1.5500        -5982.313    -6018.945       36.632   290.4
1.5505        -5982.271    -6018.931       36.660   290.6
1.5510        -5982.363    -6018.920       36.557   289.8
1.5515        -5982.342    -6018.910       36.568   289.9
1.5520        -5982.372    -6018.902       36.530   289.6
1.5525        -5982.374    -6018.894       36.520   289.5
1.5530        -5982.325    -6018.888       36.563   289.8
1.5535        -5982.432    -6018.882       36.450   288.9
1.5540        -5982.466    -6018.877       36.411   288.6
1.5545        -5982.594    -6018.872       36.278   287.6
1.5550        -5982.525    -6018.870       36.345   288.1
1.5555        -5982.478    -6018.869       36.391   288.5
1.5560        -5982.493    -6018.867       36.375   288.3
1.5565        -5982.405    -6018.865       36.459   289.0
1.5570        -5982.439    -6018.861       36.422   288.7
1.5575        -5982.397    -6018.854       36.457   289.0
1.5580        -5982.378    -6018.847       36.469   289.1
1.5585        -5982.477    -6018.838       36.361   288.2
1.5590        -5982.467    -6018.829       36.362   288.2
1.5595        -5982.367    -6018.820       36.453   288.9
1.5600        -5982.253    -6018.808       36.555   289.8
1.5605        -5982.231    -6018.795       36.564   289.8
1.5610        -5982.258    -6018.781       36.523   289.5
1.5615        -5982.278    -6018.766       36.488   289.2
1.5620        -5982.352    -6018.749       36.397   288.5
1.5625        -5982.362    -6018.731       36.369   288.3
1.5630        -5982.346    -6018.713       36.366   288.3
1.5635        -5982.450    -6018.694       36.244   287.3
1.5640        -5982.388    -6018.676       36.288   287.6
1.5645        -5982.282    -6018.657       36.376   288.3
1.5650        -5982.269    -6018.638       36.369   288.3
1.5655        -5982.318    -6018.617       36.299   287.7
1.5660        -5982.240    -6018.597       36.357   288.2
1.5665        -5982.135    -6018.577       36.442   288.9
1.5670        -5982.025    -6018.556       36.531   289.6
1.5675        -5981.994    -6018.537       36.543   289.7
1.5680        -5982.020    -6018.517       36.497   289.3
1.5685        -5982.079    -6018.498       36.419   288.7
1.5690        -5982.147    -6018.478       36.331   288.0
1.5695        -5982.098    -6018.460       36.361   288.2
1.5700        -5982.202    -6018.440       36.238   287.2
1.5705        -5982.104    -6018.419       36.315   287.9
1.5710        -5982.036    -6018.397       36.361   288.2
1.5715        -5982.004    -6018.376       36.372   288.3
1.5720        -5982.048    -6018.352       36.304   287.8
1.5725        -5982.086    -6018.330       36.244   287.3
1.5730        -5982.193    -6018.308       36.115   286.3
1.5735        -5982.182    -6018.287       36.105   286.2
1.5740        -5982.194    -6018.266       36.072   285.9
1.5745        -5982.269    -6018.243       35.974   285.2
1.5750        -5982.185    -6018.218       36.033   285.6
1.5755        -5982.173    -6018.192       36.019   285.5
1.5760        -5982.082    -6018.167       36.085   286.0
1.5765        -5982.064    -6018.143       36.080   286.0
1.5770        -5982.050    -6018.121       36.071   285.9
1.5775        -5982.133    -6018.101       35.968   285.1
1.5780        -5982.124    -6018.083       35.959   285.0
1.5785        -5982.078    -6018.064       35.986   285.2
1.5790        -5982.226    -6018.045       35.820   283.9
1.5795        -5982.172    -6018.026       35.853   284.2
1.5800        -5982.197    -6018.007       35.809   283.8
1.5805        -5982.230    -6017.987       35.758   283.4
1.5810        -5982.216    -6017.967       35.751   283.4
1.5815        -5982.216    -6017.947       35.731   283.2
1.5820        -5982.185    -6017.926       35.740   283.3
1.5825        -5982.144    -6017.904       35.760   283.5
1.5830        -5982.081    -6017.881       35.800   283.8
1.5835        -5982.112    -6017.857       35.745   283.3
1.5840        -5982.051    -6017.833       35.782   283.6
1.5845        -5981.985    -6017.808       35.823   284.0
1.5850        -5981.909    -6017.783       35.874   284.4
1.5855        -5981.867    -6017.757       35.890   284.5
1.5860        -5981.874    -6017.735       35.861   284.3
1.5865        -5981.815    -6017.718       35.903   284.6
1.5870        -5981.831    -6017.703       35.872   284.3
1.5875        -5981.913    -6017.690       35.777   283.6
1.5880        -5981.904    -6017.682       35.778   283.6
1.5885        -5981.903    -6017.677       35.774   283.6
1.5890        -5981.910    -6017.674       35.764   283.5
1.5895        -5981.942    -6017.673       35.731   283.2
1.5900        -5981.925    -6017.674       35.748   283.4
1.5905        -5982.007    -6017.674       35.667   282.7
1.5910        -5981.959    -6017.677       35.718   283.1
1.5915        -5981.863    -6017.682       35.818   283.9
1.5920        -5981.867    -6017.688       35.821   283.9
1.5925        -5981.692    -6017.698       36.006   285.4
1.5930        -5981.621    -6017.710       36.089   286.1
1.5935        -5981.590    -6017.724       36.134   286.4
1.5940        -5981.669    -6017.739       36.071   285.9
1.5945        -5981.663    -6017.755       36.092   286.1
1.5950        -5981.634    -6017.772       36.138   286.4
1.5955        -5981.585    -6017.790       36.206   287.0
1.5960        -5981.536    -6017.807       36.271   287.5
1.5965        -5981.468    -6017.824       36.356   288.2
1.5970        -5981.538    -6017.839       36.302   287.7
1.5975        -5981.633    -6017.855       36.223   287.1
1.5980        -5981.652    -6017.868       36.216   287.1
1.5985        -5981.588    -6017.879       36.291   287.7
1.5990        -5981.514    -6017.889       36.374   288.3
1.5995        -5981.486    -6017.897       36.411   288.6
1.6000        -5981.481    -6017.903       36.422   288.7
1.6005        -5981.461    -6017.909       36.448   288.9
1.6010        -5981.507    -6017.917       36.410   288.6
1.6015        -5981.633    -6017.925       36.292   287.7
1.6020        -5981.543    -6017.933       36.390   288.4
1.6025        -5981.484    -6017.943       36.459   289.0
1.6030        -5981.438    -6017.954       36.515   289.4
1.6035        -5981.425    -6017.965       36.541   289.6
1.6040        -5981.423    -6017.980       36.557   289.8
1.6045        -5981.494    -6017.994       36.501   289.3
1.6050        -5981.489    -6018.009       36.520   289.5
1.6055        -5981.565    -6018.025       36.460   289.0
1.6060        -5981.589    -6018.040       36.451   288.9
1.6065        -5981.581    -6018.055       36.474   289.1
1.6070        -5981.561    -6018.071       36.510   289.4
1.6075        -5981.653    -6018.087       36.434   288.8
1.6080        -5981.687    -6018.103       36.416   288.7
1.6085        -5981.582    -6018.119       36.537   289.6
1.6090        -5981.577    -6018.139       36.562   289.8
1.6095        -5981.563    -6018.160       36.597   290.1
1.6100        -5981.546    -6018.185       36.639   290.4
1.6105        -5981.518    -6018.210       36.692   290.8
1.6110        -5981.505    -6018.238       36.733   291.2
1.6115        -5981.517    -6018.269       36.753   291.3
1.6120        -5981.439    -6018.300       36.862   292.2
1.6125        -5981.392    -6018.331       36.939   292.8
1.6130        -5981.392    -6018.362       36.970   293.0
1.6135        -5981.389    -6018.396       37.007   293.3
1.6140        -5981.375    -6018.430       37.056   293.7
1.6145        -5981.426    -6018.467       37.040   293.6
1.6150        -5981.426    -6018.502       37.077   293.9
1.6155        -5981.367    -6018.539       37.172   294.6
1.6160        -5981.319    -6018.580       37.261   295.4
1.6165        -5981.306    -6018.621       37.315   295.8
1.6170        -5981.327    -6018.665       37.337   296.0
1.6175        -5981.347    -6018.710       37.363   296.2
1.6180        -5981.443    -6018.757       37.313   295.8
1.6185        -5981.490    -6018.805       37.315   295.8
1.6190        -5981.430    -6018.853       37.424   296.6
1.6195        -5981.400    -6018.901       37.501   297.3
1.6200        -5981.448    -6018.948       37.501   297.3
1.6205        -5981.430    -6018.995       37.565   297.8
1.6210        -5981.462    -6019.040       37.578   297.9
1.6215        -5981.504    -6019.083       37.579   297.9
1.6220        -5981.582    -6019.125       37.543   297.6
1.6225        -5981.535    -6019.166       37.631   298.3
1.6230        -5981.460    -6019.208       37.748   299.2
1.6235        -5981.615    -6019.249       37.634   298.3
1.6240        -5981.608    -6019.290       37.683   298.7
1.6245        -5981.613    -6019.332       37.719   299.0
1.6250        -5981.660    -6019.371       37.711   298.9
1.6255        -5981.685    -6019.407       37.723   299.0
1.6260        -5981.654    -6019.441       37.787   299.5
1.6265        -5981.656    -6019.473       37.817   299.8
1.6270        -5981.743    -6019.503       37.760   299.3
1.6275        -5981.724    -6019.531       37.807   299.7
1.6280        -5981.831    -6019.559       37.728   299.1
1.6285        -5981.785    -6019.582       37.797   299.6
1.6290        -5981.781    -6019.599       37.818   299.8
1.6295        -5981.831    -6019.610       37.779   299.5
1.6300        -5981.817    -6019.621       37.805   299.7
1.6305        -5981.791    -6019.628       37.837   299.9
1.6310        -5981.641    -6019.632       37.990   301.1
1.6315        -5981.607    -6019.632       38.025   301.4
1.6320        -5981.482    -6019.627       38.146   302.4
1.6325        -5981.415    -6019.616       38.202   302.8
1.6330        -5981.525    -6019.600       38.075   301.8
1.6335        -5981.564    -6019.580       38.016   301.3
1.6340        -5981.480    -6019.556       38.077   301.8
1.6345        -5981.443    -6019.530       38.088   301.9
1.6350        -5981.459    -6019.501       38.042   301.5
1.6355        -5981.506    -6019.473       37.967   300.9
1.6360        -5981.502    -6019.439       37.937   300.7
1.6365        -5981.475    -6019.402       37.927   300.6
1.6370        -5981.441    -6019.362       37.921   300.6
1.6375        -5981.401    -6019.318       37.918   300.6
1.6380        -5981.422    -6019.273       37.851   300.0
1.6385        -5981.405    -6019.224       37.819   299.8
1.6390        -5981.294    -6019.174       37.880   300.3
1.6395        -5981.340    -6019.121       37.781   299.5
1.6400        -5981.515    -6019.067       37.552   297.7
1.6405        -5981.512    -6019.011       37.499   297.2
1.6410        -5981.539    -6018.952       37.413   296.6
1.6415        -5981.555    -6018.890       37.335   295.9
1.6420        -5981.460    -6018.828       37.368   296.2
1.6425        -5981.519    -6018.766       37.247   295.2
1.6430        -5981.505    -6018.706       37.200   294.9
1.6435        -5981.477    -6018.644       37.167   294.6
1.6440        -5981.531    -6018.582       37.051   293.7
1.6445        -5981.525    -6018.519       36.994   293.2
1.6450        -5981.499    -6018.455       36.956   292.9
1.6455        -5981.411    -6018.390       36.979   293.1
1.6460        -5981.392    -6018.325       36.933   292.8
1.6465        -5981.393    -6018.264       36.871   292.3
1.6470        -5981.529    -6018.203       36.674   290.7
1.6475        -5981.568    -6018.143       36.575   289.9
1.6480        -5981.512    -6018.083       36.571   289.9
1.6485        -5981.433    -6018.023       36.591   290.0
1.6490        -5981.518    -6017.965       36.447   288.9
1.6495        -5981.581    -6017.907       36.326   287.9
1.6500        -5981.489    -6017.853       36.364   288.2
1.6505        -5981.476    -6017.801       36.325   287.9
1.6510        -5981.480    -6017.750       36.270   287.5
1.6515        -5981.556    -6017.701       36.144   286.5
1.6520        -5981.552    -6017.653       36.101   286.2
1.6525        -5981.514    -6017.608       36.093   286.1
1.6530        -5981.497    -6017.565       36.068   285.9
1.6535        -5981.445    -6017.521       36.077   286.0
1.6540        -5981.402    -6017.480       36.079   286.0
1.6545        -5981.372    -6017.443       36.071   285.9
1.6550        -5981.425    -6017.409       35.983   285.2
1.6555        -5981.356    -6017.379       36.022   285.5
1.6560        -5981.472    -6017.353       35.881   284.4
1.6565        -5981.548    -6017.333       35.785   283.7
1.6570        -5981.553    -6017.318       35.764   283.5
1.6575        -5981.612    -6017.307       35.695   282.9
1.6580        -5981.621    -6017.299       35.677   282.8
1.6585        -5981.570    -6017.293       35.724   283.2
1.6590        -5981.507    -6017.291       35.783   283.6
1.6595        -5981.400    -6017.291       35.892   284.5
1.6600        -5981.453    -6017.295       35.843   284.1
1.6605        -5981.377    -6017.305       35.929   284.8
1.6610        -5981.337    -6017.319       35.982   285.2
1.6615        -5981.456    -6017.334       35.878   284.4
1.6620        -5981.398    -6017.352       35.955   285.0
1.6625        -5981.501    -6017.376       35.875   284.4
1.6630        -5981.421    -6017.403       35.982   285.2
1.6635        -5981.514    -6017.434       35.920   284.7
1.6640        -5981.542    -6017.466       35.925   284.8
1.6645        -5981.494    -6017.500       36.006   285.4
1.6650        -5981.378    -6017.534       36.156   286.6
1.6655        -5981.365    -6017.568       36.203   287.0
1.6660        -5981.304    -6017.602       36.297   287.7
1.6665        -5981.357    -6017.636       36.279   287.6
1.6670        -5981.332    -6017.671       36.339   288.0
1.6675        -5981.288    -6017.705       36.418   288.7
1.6680        -5981.273    -6017.740       36.466   289.1
1.6685        -5981.191    -6017.771       36.580   290.0
1.6690        -5981.271    -6017.799       36.527   289.5
1.6695        -5981.231    -6017.824       36.593   290.1
1.6700        -5981.275    -6017.846       36.571   289.9
1.6705        -5981.387    -6017.862       36.475   289.1
1.6710        -5981.431    -6017.872       36.441   288.8
1.6715        -5981.435    -6017.878       36.443   288.9
1.6720        -5981.458    -6017.881       36.422   288.7
1.6725        -5981.442    -6017.880       36.438   288.8
1.6730        -5981.494    -6017.876       36.382   288.4
1.6735        -5981.481    -6017.868       36.387   288.4
1.6740        -5981.531    -6017.857       36.326   287.9
1.6745        -5981.568    -6017.842       36.273   287.5
1.6750        -5981.572    -6017.824       36.253   287.4
1.6755        -5981.543    -6017.803       36.260   287.4
1.6760        -5981.518    -6017.781       36.263   287.4
1.6765        -5981.578    -6017.757       36.179   286.8
1.6770        -5981.526    -6017.733       36.207   287.0
1.6775        -5981.722    -6017.709       35.987   285.3
1.6780        -5981.670    -6017.684       36.014   285.5
1.6785        -5981.685    -6017.656       35.972   285.1
1.6790        -5981.713    -6017.626       35.912   284.7
1.6795        -5981.769    -6017.595       35.827   284.0
1.6800        -5981.818    -6017.569       35.751   283.4
1.6805        -5981.783    -6017.546       35.762   283.5
1.6810        -5981.822    -6017.522       35.700   283.0
1.6815        -5981.803    -6017.500       35.697   283.0
1.6820        -5981.863    -6017.478       35.615   282.3
1.6825        -5981.796    -6017.457       35.661   282.7
1.6830        -5981.875    -6017.437       35.563   281.9
1.6835        -5981.731    -6017.421       35.690   282.9
1.6840        -5981.549    -6017.406       35.857   284.2
1.6845        -5981.550    -6017.392       35.842   284.1
1.6850        -5981.546    -6017.381       35.835   284.1
1.6855        -5981.616    -6017.372       35.756   283.4
1.6860        -5981.666    -6017.363       35.697   283.0
1.6865        -5981.784    -6017.357       35.573   282.0
1.6870        -5981.814    -6017.356       35.542   281.7
1.6875        -5981.748    -6017.359       35.611   282.3
1.6880        -5981.736    -6017.364       35.627   282.4
1.6885        -5981.702    -6017.369       35.667   282.7
1.6890        -5981.719    -6017.374       35.656   282.6
1.6895        -5981.739    -6017.381       35.642   282.5
1.6900        -5981.734    -6017.390       35.656   282.6
1.6905        -5981.653    -6017.403       35.750   283.4
1.6910        -5981.675    -6017.419       35.744   283.3
1.6915        -5981.684    -6017.440       35.756   283.4
1.6920        -5981.637    -6017.466       35.829   284.0
1.6925        -5981.654    -6017.496       35.842   284.1
1.6930        -5981.665    -6017.529       35.863   284.3
1.6935        -5981.636    -6017.565       35.929   284.8
1.6940        -5981.633    -6017.605       35.971   285.1
1.6945        -5981.690    -6017.649       35.959   285.0
1.6950        -5981.621    -6017.696       36.075   286.0
1.6955        -5981.661    -6017.746       36.085   286.0
1.6960        -5981.626    -6017.799       36.172   286.7
1.6965        -5981.690    -6017.852       36.163   286.6
1.6970        -5981.675    -6017.908       36.233   287.2
1.6975        -5981.734    -6017.965       36.231   287.2
1.6980        -5981.841    -6018.024       36.184   286.8
1.6985        -5981.871    -6018.086       36.216   287.1
1.6990        -5981.933    -6018.149       36.216   287.1
1.6995        -5981.956    -6018.212       36.256   287.4
1.7000        -5981.840    -6018.273       36.432   288.8
1.7005        -5981.814    -6018.333       36.519   289.5
1.7010        -5981.796    -6018.391       36.595   290.1
1.7015        -5981.697    -6018.450       36.752   291.3
1.7020        -5981.802    -6018.509       36.708   291.0
1.7025        -5981.765    -6018.569       36.804   291.7
1.7030        -5981.818    -6018.627       36.809   291.8
1.7035        -5981.774    -6018.683       36.909   292.6
1.7040        -5981.726    -6018.737       37.011   293.4
1.7045        -5981.707    -6018.786       37.079   293.9
1.7050        -5981.668    -6018.830       37.163   294.6
1.7055        -5981.717    -6018.871       37.153   294.5
1.7060        -5981.822    -6018.906       37.084   294.0
1.7065        -5981.762    -6018.938       37.176   294.7
1.7070        -5981.763    -6018.964       37.201   294.9
1.7075        -5981.709    -6018.986       37.277   295.5
1.7080        -5981.721    -6019.004       37.284   295.5
1.7085        -5981.621    -6019.019       37.398   296.4
1.7090        -5981.603    -6019.027       37.425   296.7
1.7095        -5981.621    -6019.031       37.411   296.5
1.7100        -5981.599    -6019.033       37.434   296.7
1.7105        -5981.682    -6019.030       37.348   296.0
1.7110        -5981.728    -6019.024       37.296   295.6
1.7115        -5981.781    -6019.013       37.231   295.1
1.7120        -5981.857    -6018.999       37.142   294.4
1.7125        -5981.783    -6018.984       37.201   294.9
1.7130        -5981.686    -6018.966       37.280   295.5
1.7135        -5981.730    -6018.945       37.215   295.0
1.7140        -5981.781    -6018.922       37.141   294.4
1.7145        -5981.747    -6018.898       37.151   294.5
1.7150        -5981.831    -6018.872       37.040   293.6
1.7155        -5981.834    -6018.845       37.011   293.4
1.7160        -5981.853    -6018.822       36.969   293.0
1.7165        -5981.839    -6018.801       36.962   293.0
1.7170        -5981.873    -6018.780       36.907   292.5
1.7175        -5981.918    -6018.760       36.843   292.0
1.7180        -5981.876    -6018.743       36.867   292.2
1.7185        -5981.933    -6018.730       36.797   291.7
1.7190        -5981.931    -6018.719       36.788   291.6
1.7195        -5981.924    -6018.712       36.788   291.6
1.7200        -5981.824    -6018.707       36.883   292.4
1.7205        -5981.790    -6018.704       36.914   292.6
1.7210        -5981.842    -6018.705       36.862   292.2
1.7215        -5981.903    -6018.712       36.809   291.8
1.7220        -5981.871    -6018.723       36.853   292.1
1.7225        -5981.829    -6018.738       36.909   292.6
1.7230        -5981.743    -6018.754       37.010   293.4
1.7235        -5981.745    -6018.772       37.027   293.5
1.7240        -5981.811    -6018.795       36.984   293.2
1.7245        -5981.775    -6018.821       37.046   293.6
1.7250        -5981.879    -6018.851       36.972   293.1
1.7255        -5982.000    -6018.885       36.885   292.4
1.7260        -5982.057    -6018.923       36.866   292.2
1.7265        -5982.001    -6018.963       36.962   293.0
1.7270        -5982.095    -6019.004       36.909   292.6
1.7275        -5982.134    -6019.046       36.912   292.6
1.7280        -5982.083    -6019.090       37.007   293.3
1.7285        -5982.092    -6019.136       37.044   293.6
1.7290        -5982.102    -6019.183       37.081   293.9
1.7295        -5982.159    -6019.231       37.072   293.9
1.7300        -5982.159    -6019.278       37.119   294.2
1.7305        -5982.105    -6019.324       37.219   295.0
1.7310        -5982.188    -6019.367       37.179   294.7
1.7315        -5982.169    -6019.406       37.237   295.2
1.7320        -5982.274    -6019.442       37.167   294.6
1.7325        -5982.297    -6019.476       37.179   294.7
1.7330        -5982.285    -6019.507       37.222   295.0
1.7335        -5982.316    -6019.533       37.217   295.0
1.7340        -5982.262    -6019.557       37.296   295.6
1.7345        -5982.289    -6019.579       37.290   295.6
1.7350        -5982.394    -6019.597       37.203   294.9
1.7355        -5982.493    -6019.614       37.122   294.2
1.7360        -5982.639    -6019.630       36.991   293.2
1.7365        -5982.542    -6019.645       37.103   294.1
1.7370        -5982.630    -6019.658       37.028   293.5
1.7375        -5982.532    -6019.669       37.137   294.4
1.7380        -5982.513    -6019.678       37.164   294.6
1.7385        -5982.467    -6019.689       37.221   295.0
1.7390        -5982.489    -6019.700       37.211   295.0
1.7395        -5982.463    -6019.712       37.250   295.3
1.7400        -5982.421    -6019.724       37.303   295.7
1.7405        -5982.297    -6019.734       37.436   296.7
1.7410        -5982.227    -6019.744       37.517   297.4
1.7415        -5982.345    -6019.754       37.409   296.5
1.7420        -5982.355    -6019.764       37.409   296.5
1.7425        -5982.317    -6019.771       37.454   296.9
1.7430        -5982.264    -6019.776       37.513   297.3
1.7435        -5982.317    -6019.782       37.465   297.0
1.7440        -5982.281    -6019.786       37.505   297.3
1.7445        -5982.356    -6019.790       37.434   296.7
1.7450        -5982.319    -6019.794       37.475   297.0
1.7455        -5982.455    -6019.799       37.344   296.0
1.7460        -5982.537    -6019.804       37.267   295.4
1.7465        -5982.548    -6019.810       37.262   295.4
1.7470        -5982.463    -6019.813       37.350   296.1
1.7475        -5982.406    -6019.816       37.410   296.5
1.7480        -5982.415    -6019.818       37.403   296.5
1.7485        -5982.455    -6019.818       37.363   296.2
1.7490        -5982.393    -6019.819       37.427   296.7
1.7495        -5982.367    -6019.819       37.453   296.9
1.7500        -5982.456    -6019.819       37.363   296.2
1.7505        -5982.421    -6019.815       37.394   296.4
1.7510        -5982.449    -6019.811       37.362   296.2
1.7515        -5982.433    -6019.806       37.373   296.2
1.7520        -5982.517    -6019.802       37.285   295.5
1.7525        -5982.565    -6019.796       37.231   295.1
1.7530        -5982.627    -6019.791       37.164   294.6
1.7535        -5982.606    -6019.786       37.181   294.7
1.7540        -5982.642    -6019.780       37.138   294.4
1.7545        -5982.707    -6019.772       37.065   293.8
1.7550        -5982.666    -6019.762       37.096   294.0
1.7555        -5982.701    -6019.751       37.049   293.7
1.7560        -5982.656    -6019.740       37.084   293.9
1.7565        -5982.506    -6019.730       37.224   295.1
1.7570        -5982.425    -6019.721       37.296   295.6
1.7575        -5982.416    -6019.713       37.297   295.6
1.7580        -5982.353    -6019.703       37.350   296.1
1.7585        -5982.325    -6019.692       37.367   296.2
1.7590        -5982.410    -6019.681       37.270   295.4
1.7595        -5982.421    -6019.670       37.249   295.3
1.7600        -5982.468    -6019.656       37.188   294.8
1.7605        -5982.461    -6019.642       37.182   294.7
1.7610        -5982.495    -6019.628       37.133   294.3
1.7615        -5982.580    -6019.615       37.035   293.6
1.7620        -5982.589    -6019.602       37.013   293.4
1.7625        -5982.387    -6019.590       37.202   294.9
1.7630        -5982.363    -6019.577       37.214   295.0
1.7635        -5982.372    -6019.563       37.191   294.8
1.7640        -5982.356    -6019.545       37.189   294.8
1.7645        -5982.388    -6019.527       37.139   294.4
1.7650        -5982.501    -6019.509       37.007   293.3
1.7655        -5982.418    -6019.490       37.072   293.9
1.7660        -5982.446    -6019.473       37.027   293.5
1.7665        -5982.493    -6019.457       36.964   293.0
1.7670        -5982.414    -6019.444       37.031   293.5
1.7675        -5982.354    -6019.433       37.080   293.9
1.7680        -5982.391    -6019.423       37.031   293.5
1.7685        -5982.261    -6019.411       37.150   294.5
1.7690        -5982.213    -6019.398       37.185   294.8
1.7695        -5982.184    -6019.387       37.203   294.9
1.7700        -5982.188    -6019.376       37.188   294.8
1.7705        -5982.140    -6019.366       37.226   295.1
1.7710        -5982.141    -6019.356       37.215   295.0
1.7715        -5982.130    -6019.348       37.217   295.0
1.7720        -5982.126    -6019.339       37.213   295.0
1.7725        -5982.143    -6019.330       37.187   294.8
1.7730        -5982.164    -6019.323       37.159   294.5
1.7735        -5982.093    -6019.319       37.226   295.1
1.7740        -5982.110    -6019.315       37.205   294.9
1.7745        -5982.080    -6019.311       37.231   295.1
1.7750        -5982.095    -6019.307       37.213   295.0
1.7755        -5982.206    -6019.302       37.096   294.0
1.7760        -5982.214    -6019.300       37.086   294.0
1.7765        -5982.199    -6019.298       37.100   294.1
1.7770        -5982.074    -6019.297       37.223   295.1
1.7775        -5982.026    -6019.293       37.268   295.4
1.7780        -5982.048    -6019.291       37.243   295.2
1.7785        -5981.994    -6019.288       37.294   295.6
1.7790        -5981.932    -6019.282       37.351   296.1
1.7795        -5981.889    -6019.275       37.386   296.3
1.7800        -5981.850    -6019.265       37.416   296.6
1.7805        -5981.818    -6019.255       37.437   296.7
1.7810        -5981.843    -6019.241       37.398   296.4
1.7815        -5981.866    -6019.226       37.360   296.1
1.7820        -5981.779    -6019.211       37.433   296.7
1.7825        -5981.746    -6019.196       37.450   296.8
1.7830        -5981.790    -6019.179       37.388   296.4
1.7835        -5981.741    -6019.158       37.417   296.6
1.7840        -5981.734    -6019.134       37.400   296.5
1.7845        -5981.723    -6019.109       37.385   296.3
1.7850        -5981.656    -6019.081       37.424   296.6
1.7855        -5981.672    -6019.050       37.379   296.3
1.7860        -5981.740    -6019.020       37.279   295.5
1.7865        -5981.787    -6018.986       37.199   294.9
1.7870        -5981.765    -6018.949       37.184   294.7
1.7875        -5981.694    -6018.912       37.217   295.0
1.7880        -5981.832    -6018.874       37.042   293.6
1.7885        -5981.789    -6018.836       37.047   293.7
1.7890        -5981.875    -6018.797       36.923   292.7
1.7895        -5981.753    -6018.760       37.006   293.3
1.7900        -5981.750    -6018.723       36.973   293.1
1.7905        -5981.854    -6018.688       36.834   292.0
1.7910        -5981.924    -6018.653       36.729   291.1
1.7915        -5981.811    -6018.620       36.809   291.8
1.7920        -5981.860    -6018.587       36.727   291.1
1.7925        -5981.747    -6018.556       36.809   291.8
1.7930        -5981.774    -6018.526       36.752   291.3
1.7935        -5981.781    -6018.496       36.715   291.0
1.7940        -5981.731    -6018.469       36.739   291.2
1.7945        -5981.775    -6018.445       36.671   290.7
1.7950        -5981.771    -6018.425       36.654   290.5
1.7955        -5981.722    -6018.408       36.687   290.8
1.7960        -5981.713    -6018.394       36.682   290.8
1.7965        -5981.784    -6018.385       36.601   290.1
1.7970        -5981.648    -6018.380       36.732   291.2
1.7975        -5981.684    -6018.378       36.694   290.9
1.7980        -5981.679    -6018.380       36.701   290.9
1.7985        -5981.659    -6018.387       36.729   291.1
1.7990        -5981.608    -6018.398       36.789   291.6
1.7995        -5981.614    -6018.413       36.799   291.7
1.8000        -5981.549    -6018.431       36.882   292.3
1.8005        -5981.439    -6018.452       37.013   293.4
1.8010        -5981.442    -6018.475       37.034   293.5
1.8015        -5981.483    -6018.502       37.019   293.4
1.8020        -5981.527    -6018.534       37.007   293.3
1.8025        -5981.609    -6018.567       36.957   292.9
1.8030        -5981.701    -6018.599       36.898   292.5
1.8035        -5981.805    -6018.632       36.827   291.9
1.8040        -5981.868    -6018.664       36.796   291.7
1.8045        -5981.903    -6018.694       36.791   291.6
1.8050        -5981.975    -6018.722       36.748   291.3
1.8055        -5981.993    -6018.748       36.755   291.3
1.8060        -5982.011    -6018.773       36.762   291.4
1.8065        -5981.953    -6018.796       36.843   292.0
1.8070        -5982.020    -6018.816       36.795   291.7
1.8075        -5982.046    -6018.832       36.786   291.6
1.8080        -5981.973    -6018.844       36.871   292.3
1.8085        -5981.970    -6018.853       36.882   292.4
1.8090        -5982.001    -6018.857       36.855   292.1
1.8095        -5982.046    -6018.855       36.809   291.8
1.8100        -5981.888    -6018.848       36.960   293.0
1.8105        -5981.901    -6018.836       36.934   292.8
1.8110        -5981.884    -6018.818       36.934   292.8
1.8115        -5981.816    -6018.795       36.979   293.1
1.8120        -5981.864    -6018.768       36.905   292.5
1.8125        -5981.831    -6018.735       36.904   292.5
1.8130        -5981.802    -6018.699       36.897   292.5
1.8135        -5981.775    -6018.658       36.883   292.4
1.8140        -5981.829    -6018.614       36.785   291.6
1.8145        -5981.835    -6018.567       36.733   291.2
1.8150        -5981.922    -6018.517       36.595   290.1
1.8155        -5981.886    -6018.465       36.579   289.9
1.8160        -5981.801    -6018.412       36.611   290.2
1.8165        -5981.878    -6018.358       36.480   289.2
1.8170        -5981.948    -6018.301       36.353   288.2
1.8175        -5981.957    -6018.239       36.281   287.6
1.8180        -5981.924    -6018.174       36.251   287.3
1.8185        -5981.916    -6018.109       36.193   286.9
1.8190        -5981.986    -6018.044       36.057   285.8
1.8195        -5982.021    -6017.979       35.958   285.0
1.8200        -5981.989    -6017.914       35.925   284.8
1.8205        -5981.950    -6017.852       35.902   284.6
1.8210        -5981.988    -6017.791       35.803   283.8
1.8215        -5982.040    -6017.732       35.692   282.9
1.8220        -5982.040    -6017.679       35.639   282.5
1.8225        -5982.099    -6017.631       35.532   281.6
1.8230        -5982.178    -6017.588       35.410   280.7
1.8235        -5982.195    -6017.555       35.359   280.3
1.8240        -5982.253    -6017.526       35.273   279.6
1.8245        -5982.250    -6017.502       35.252   279.4
1.8250        -5982.196    -6017.483       35.287   279.7
1.8255        -5982.115    -6017.471       35.356   280.2
1.8260        -5982.188    -6017.466       35.278   279.6
1.8265        -5982.203    -6017.465       35.263   279.5
1.8270        -5982.197    -6017.472       35.275   279.6
1.8275        -5982.222    -6017.485       35.263   279.5
1.8280        -5982.263    -6017.506       35.243   279.4
1.8285        -5982.284    -6017.535       35.251   279.4
1.8290        -5982.294    -6017.572       35.278   279.6
1.8295        -5982.222    -6017.614       35.392   280.5
1.8300        -5982.175    -6017.661       35.486   281.3
1.8305        -5982.212    -6017.713       35.500   281.4
1.8310        -5982.253    -6017.769       35.516   281.5
1.8315        -5982.283    -6017.827       35.544   281.7
1.8320        -5982.281    -6017.888       35.607   282.2
1.8325        -5982.329    -6017.948       35.619   282.3
1.8330        -5982.233    -6018.010       35.776   283.6
1.8335        -5982.153    -6018.071       35.918   284.7
1.8340        -5982.131    -6018.134       36.003   285.4
1.8345        -5982.062    -6018.198       36.135   286.4
1.8350        -5982.148    -6018.262       36.114   286.3
1.8355        -5982.172    -6018.328       36.157   286.6
1.8360        -5982.131    -6018.394       36.264   287.4
1.8365        -5982.271    -6018.461       36.191   286.9
1.8370        -5982.302    -6018.528       36.225   287.1
1.8375        -5982.299    -6018.593       36.294   287.7
1.8380        -5982.367    -6018.656       36.289   287.6
1.8385        -5982.331    -6018.717       36.386   288.4
1.8390        -5982.343    -6018.776       36.433   288.8
1.8395        -5982.354    -6018.829       36.475   289.1
1.8400        -5982.377    -6018.880       36.503   289.3
1.8405        -5982.415    -6018.928       36.513   289.4
1.8410        -5982.383    -6018.974       36.591   290.0
1.8415        -5982.374    -6019.016       36.642   290.4
1.8420        -5982.405    -6019.056       36.651   290.5
1.8425        -5982.394    -6019.095       36.701   290.9
1.8430        -5982.215    -6019.132       36.917   292.6
1.8435        -5982.247    -6019.167       36.920   292.6
1.8440        -5982.212    -6019.196       36.984   293.2
1.8445        -5982.216    -6019.220       37.004   293.3
1.8450        -5982.225    -6019.240       37.014   293.4
1.8455        -5982.345    -6019.255       36.910   292.6
1.8460        -5982.402    -6019.268       36.866   292.2
1.8465        -5982.415    -6019.277       36.862   292.2
1.8470        -5982.374    -6019.284       36.910   292.6
1.8475        -5982.373    -6019.288       36.914   292.6
1.8480        -5982.372    -6019.286       36.913   292.6
1.8485        -5982.280    -6019.280       37.001   293.3
1.8490        -5982.299    -6019.273       36.975   293.1
1.8495        -5982.360    -6019.264       36.903   292.5
1.8500        -5982.454    -6019.252       36.798   291.7
1.8505        -5982.388    -6019.239       36.851   292.1
1.8510        -5982.359    -6019.221       36.862   292.2
1.8515        -5982.340    -6019.199       36.859   292.2
1.8520        -5982.374    -6019.175       36.801   291.7
1.8525        -5982.393    -6019.148       36.755   291.3
1.8530        -5982.309    -6019.119       36.810   291.8
1.8535        -5982.283    -6019.086       36.804   291.7
1.8540        -5982.398    -6019.051       36.654   290.5
1.8545        -5982.458    -6019.016       36.558   289.8
1.8550        -5982.446    -6018.981       36.534   289.6
1.8555        -5982.376    -6018.943       36.568   289.9
1.8560        -5982.389    -6018.906       36.517   289.5
1.8565        -5982.374    -6018.868       36.494   289.3
1.8570        -5982.391    -6018.833       36.442   288.9
1.8575        -5982.344    -6018.796       36.451   288.9
1.8580        -5982.312    -6018.758       36.447   288.9
1.8585        -5982.262    -6018.721       36.460   289.0
1.8590        -5982.211    -6018.685       36.473   289.1
1.8595        -5982.189    -6018.646       36.457   289.0
1.8600        -5982.255    -6018.608       36.353   288.2
1.8605        -5982.249    -6018.571       36.322   287.9
1.8610        -5982.299    -6018.533       36.234   287.2
1.8615        -5982.259    -6018.493       36.234   287.2
1.8620        -5982.323    -6018.454       36.132   286.4
1.8625        -5982.417    -6018.419       36.002   285.4
1.8630        -5982.359    -6018.386       36.027   285.6
1.8635        -5982.337    -6018.353       36.017   285.5
1.8640        -5982.389    -6018.325       35.936   284.8
1.8645        -5982.413    -6018.301       35.888   284.5
1.8650        -5982.380    -6018.279       35.898   284.6
1.8655        -5982.285    -6018.258       35.973   285.1
1.8660        -5982.223    -6018.240       36.017   285.5
1.8665        -5982.257    -6018.224       35.967   285.1
1.8670        -5982.254    -6018.210       35.956   285.0
1.8675        -5982.337    -6018.198       35.861   284.3
1.8680        -5982.292    -6018.189       35.897   284.5
1.8685        -5982.253    -6018.178       35.925   284.8
1.8690        -5982.252    -6018.170       35.918   284.7
1.8695        -5982.185    -6018.163       35.978   285.2
1.8700        -5982.121    -6018.159       36.037   285.7
1.8705        -5982.012    -6018.158       36.146   286.5
1.8710        -5981.982    -6018.160       36.178   286.8
1.8715        -5982.075    -6018.163       36.087   286.0
1.8720        -5982.169    -6018.167       35.997   285.3
1.8725        -5982.085    -6018.174       36.089   286.1
1.8730        -5982.136    -6018.184       36.048   285.7
1.8735        -5982.175    -6018.196       36.021   285.5
1.8740        -5982.253    -6018.211       35.958   285.0
1.8745        -5982.172    -6018.229       36.057   285.8
1.8750        -5982.237    -6018.251       36.014   285.5
1.8755        -5982.251    -6018.277       36.027   285.6
1.8760        -5982.333    -6018.305       35.972   285.1
1.8765        -5982.374    -6018.338       35.964   285.1
1.8770        -5982.427    -6018.372       35.945   284.9
1.8775        -5982.438    -6018.408       35.971   285.1
1.8780        -5982.479    -6018.446       35.968   285.1
1.8785        -5982.492    -6018.487       35.995   285.3
1.8790        -5982.497    -6018.529       36.032   285.6
1.8795        -5982.586    -6018.577       35.990   285.3
1.8800        -5982.532    -6018.627       36.095   286.1
1.8805        -5982.519    -6018.678       36.159   286.6
1.8810        -5982.496    -6018.730       36.234   287.2
1.8815        -5982.491    -6018.782       36.291   287.7
1.8820        -5982.478    -6018.832       36.354   288.2
1.8825        -5982.530    -6018.883       36.352   288.2
1.8830        -5982.569    -6018.932       36.364   288.2
1.8835        -5982.484    -6018.982       36.498   289.3
1.8840        -5982.539    -6019.031       36.491   289.3
1.8845        -5982.484    -6019.081       36.597   290.1
1.8850        -5982.451    -6019.130       36.678   290.7
1.8855        -5982.464    -6019.180       36.717   291.0
1.8860        -5982.548    -6019.229       36.681   290.8
1.8865        -5982.606    -6019.277       36.671   290.7
1.8870        -5982.691    -6019.322       36.631   290.4
1.8875        -5982.720    -6019.360       36.640   290.4
1.8880        -5982.835    -6019.395       36.560   289.8
1.8885        -5982.956    -6019.425       36.469   289.1
1.8890        -5982.896    -6019.450       36.554   289.7
1.8895        -5982.815    -6019.470       36.656   290.6
1.8900        -5982.803    -6019.487       36.684   290.8
1.8905        -5982.786    -6019.501       36.714   291.0
1.8910        -5982.754    -6019.511       36.757   291.4
1.8915        -5982.773    -6019.516       36.744   291.3
1.8920        -5982.932    -6019.517       36.585   290.0
1.8925        -5982.990    -6019.512       36.522   289.5
1.8930        -5982.978    -6019.504       36.526   289.5
1.8935        -5983.047    -6019.493       36.446   288.9
1.8940        -5983.162    -6019.479       36.317   287.9
1.8945        -5983.189    -6019.465       36.277   287.5
1.8950        -5983.216    -6019.450       36.234   287.2
1.8955        -5983.264    -6019.434       36.170   286.7
1.8960        -5983.262    -6019.415       36.153   286.6
1.8965        -5983.308    -6019.396       36.088   286.1
1.8970        -5983.317    -6019.376       36.059   285.8
1.8975        -5983.227    -6019.355       36.127   286.4
1.8980        -5983.144    -6019.331       36.187   286.8
1.8985        -5983.186    -6019.307       36.121   286.3
1.8990        -5983.122    -6019.283       36.160   286.6
1.8995        -5983.134    -6019.260       36.126   286.4
1.9000        -5983.163    -6019.237       36.074   285.9
1.9005        -5983.099    -6019.213       36.114   286.3
1.9010        -5983.009    -6019.192       36.183   286.8
1.9015        -5983.065    -6019.172       36.106   286.2
1.9020        -5983.000    -6019.152       36.152   286.6
1.9025        -5982.958    -6019.131       36.173   286.7
1.9030        -5983.062    -6019.111       36.050   285.8
1.9035        -5983.033    -6019.091       36.058   285.8
1.9040        -5982.999    -6019.074       36.075   285.9
1.9045        -5982.932    -6019.060       36.128   286.4
1.9050        -5982.921    -6019.049       36.128   286.4
1.9055        -5983.036    -6019.040       36.004   285.4
1.9060        -5983.043    -6019.031       35.988   285.3
1.9065        -5983.091    -6019.023       35.932   284.8
1.9070        -5983.056    -6019.015       35.959   285.0
1.9075        -5983.092    -6019.008       35.916   284.7
1.9080        -5983.092    -6019.003       35.912   284.7
1.9085        -5983.140    -6018.997       35.857   284.2
1.9090        -5983.093    -6018.991       35.898   284.5
1.9095        -5983.052    -6018.986       35.934   284.8
1.9100        -5982.947    -6018.981       36.035   285.6
1.9105        -5982.965    -6018.976       36.011   285.4
1.9110        -5982.983    -6018.972       35.989   285.3
1.9115        -5982.958    -6018.967       36.010   285.4
1.9120        -5982.967    -6018.961       35.994   285.3
1.9125        -5982.967    -6018.955       35.987   285.3
1.9130        -5983.013    -6018.948       35.935   284.8
1.9135        -5983.043    -6018.942       35.899   284.6
1.9140        -5983.075    -6018.937       35.862   284.3
1.9145        -5982.995    -6018.932       35.937   284.9
1.9150        -5982.905    -6018.927       36.023   285.5
1.9155        -5982.960    -6018.925       35.965   285.1
1.9160        -5982.885    -6018.925       36.040   285.7
1.9165        -5982.893    -6018.924       36.031   285.6
1.9170        -5982.961    -6018.922       35.961   285.0
1.9175        -5983.023    -6018.921       35.898   284.6
1.9180        -5983.183    -6018.922       35.738   283.3
1.9185        -5983.137    -6018.922       35.785   283.7
1.9190        -5983.235    -6018.923       35.688   282.9
1.9195        -5983.204    -6018.927       35.724   283.2
1.9200        -5983.199    -6018.932       35.733   283.2
1.9205        -5983.299    -6018.937       35.638   282.5
1.9210        -5983.288    -6018.942       35.654   282.6
1.9215        -5983.281    -6018.947       35.666   282.7
1.9220        -5983.295    -6018.953       35.658   282.6
1.9225        -5983.245    -6018.957       35.712   283.1
1.9230        -5983.310    -6018.961       35.651   282.6
1.9235        -5983.313    -6018.965       35.652   282.6
1.9240        -5983.266    -6018.966       35.700   283.0
1.9245        -5983.189    -6018.966       35.777   283.6
1.9250        -5983.167    -6018.965       35.798   283.8
1.9255        -5983.125    -6018.964       35.840   284.1
1.9260        -5983.056    -6018.962       35.906   284.6
1.9265        -5983.097    -6018.959       35.862   284.3
1.9270        -5983.219    -6018.954       35.734   283.3
1.9275        -5983.229    -6018.947       35.718   283.1
1.9280        -5983.292    -6018.942       35.650   282.6
1.9285        -5983.248    -6018.937       35.689   282.9
1.9290        -5983.325    -6018.932       35.607   282.2
1.9295        -5983.331    -6018.930       35.599   282.2
1.9300        -5983.326    -6018.928       35.602   282.2
1.9305        -5983.397    -6018.928       35.531   281.6
1.9310        -5983.417    -6018.931       35.514   281.5
1.9315        -5983.476    -6018.937       35.461   281.1
1.9320        -5983.561    -6018.946       35.386   280.5
1.9325        -5983.502    -6018.962       35.460   281.1
1.9330        -5983.578    -6018.980       35.402   280.6
1.9335        -5983.491    -6018.999       35.508   281.5
1.9340        -5983.473    -6019.018       35.545   281.8
1.9345        -5983.549    -6019.039       35.490   281.3
1.9350        -5983.539    -6019.059       35.520   281.6
1.9355        -5983.550    -6019.082       35.532   281.6
1.9360        -5983.502    -6019.107       35.605   282.2
1.9365        -5983.481    -6019.133       35.652   282.6
1.9370        -5983.498    -6019.160       35.662   282.7
1.9375        -5983.553    -6019.190       35.637   282.5
1.9380        -5983.425    -6019.220       35.795   283.7
1.9385        -5983.471    -6019.251       35.780   283.6
1.9390        -5983.521    -6019.282       35.761   283.5
1.9395        -5983.507    -6019.314       35.807   283.8
1.9400        -5983.497    -6019.348       35.851   284.2
1.9405        -5983.482    -6019.381       35.899   284.6
1.9410        -5983.481    -6019.414       35.933   284.8
1.9415        -5983.491    -6019.447       35.956   285.0
1.9420        -5983.531    -6019.479       35.948   284.9
1.9425        -5983.556    -6019.511       35.955   285.0
1.9430        -5983.517    -6019.542       36.025   285.6
1.9435        -5983.479    -6019.571       36.092   286.1
1.9440        -5983.505    -6019.600       36.095   286.1
1.9445        -5983.534    -6019.628       36.094   286.1
1.9450        -5983.498    -6019.655       36.157   286.6
1.9455        -5983.485    -6019.678       36.193   286.9
1.9460        -5983.514    -6019.697       36.183   286.8
1.9465        -5983.460    -6019.713       36.253   287.4
1.9470        -5983.492    -6019.729       36.236   287.2
1.9475        -5983.438    -6019.745       36.307   287.8
1.9480        -5983.475    -6019.760       36.285   287.6
1.9485        -5983.401    -6019.773       36.372   288.3
1.9490        -5983.373    -6019.783       36.409   288.6
1.9495        -5983.418    -6019.791       36.374   288.3
1.9500        -5983.385    -6019.798       36.413   288.6
1.9505        -5983.448    -6019.804       36.356   288.2
1.9510        -5983.470    -6019.811       36.341   288.1
1.9515        -5983.500    -6019.818       36.318   287.9
1.9520        -5983.585    -6019.825       36.239   287.3
1.9525        -5983.590    -6019.831       36.241   287.3
1.9530        -5983.611    -6019.837       36.226   287.1
1.9535        -5983.713    -6019.840       36.127   286.4
1.9540        -5983.750    -6019.842       36.092   286.1
1.9545        -5983.726    -6019.844       36.118   286.3
1.9550        -5983.840    -6019.845       36.005   285.4
1.9555        -5983.829    -6019.845       36.016   285.5
1.9560        -5983.702    -6019.845       36.143   286.5
1.9565        -5983.597    -6019.842       36.244   287.3
1.9570        -5983.634    -6019.837       36.202   287.0
1.9575        -5983.544    -6019.831       36.287   287.6
1.9580        -5983.578    -6019.825       36.246   287.3
1.9585        -5983.585    -6019.817       36.231   287.2
1.9590        -5983.606    -6019.810       36.204   287.0
1.9595        -5983.522    -6019.803       36.280   287.6
1.9600        -5983.515    -6019.794       36.279   287.6
1.9605        -5983.518    -6019.784       36.266   287.5
1.9610        -5983.584    -6019.775       36.192   286.9
1.9615        -5983.600    -6019.766       36.166   286.7
1.9620        -5983.736    -6019.756       36.020   285.5
1.9625        -5983.742    -6019.745       36.004   285.4
1.9630        -5983.694    -6019.737       36.044   285.7
1.9635        -5983.664    -6019.728       36.063   285.9
1.9640        -5983.752    -6019.717       35.965   285.1
1.9645        -5983.804    -6019.705       35.901   284.6
1.9650        -5983.790    -6019.693       35.903   284.6
1.9655        -5983.765    -6019.681       35.916   284.7
1.9660        -5983.776    -6019.670       35.895   284.5
1.9665        -5983.756    -6019.661       35.905   284.6
1.9670        -5983.851    -6019.653       35.802   283.8
1.9675        -5983.870    -6019.643       35.773   283.6
1.9680        -5983.862    -6019.634       35.772   283.5
1.9685        -5983.860    -6019.627       35.767   283.5
1.9690        -5983.771    -6019.619       35.847   284.1
1.9695        -5983.686    -6019.613       35.926   284.8
1.9700        -5983.700    -6019.609       35.909   284.6
1.9705        -5983.757    -6019.607       35.849   284.2
1.9710        -5983.652    -6019.607       35.955   285.0
1.9715        -5983.609    -6019.608       35.999   285.3
1.9720        -5983.586    -6019.608       36.021   285.5
1.9725        -5983.591    -6019.611       36.021   285.5
1.9730        -5983.549    -6019.617       36.068   285.9
1.9735        -5983.547    -6019.626       36.080   286.0
1.9740        -5983.581    -6019.641       36.059   285.8
1.9745        -5983.644    -6019.657       36.013   285.5
1.9750        -5983.611    -6019.673       36.062   285.8
1.9755        -5983.577    -6019.690       36.113   286.3
1.9760        -5983.594    -6019.710       36.116   286.3
1.9765        -5983.587    -6019.731       36.144   286.5
1.9770        -5983.698    -6019.755       36.057   285.8
1.9775        -5983.661    -6019.781       36.120   286.3
1.9780        -5983.693    -6019.806       36.114   286.3
1.9785        -5983.729    -6019.834       36.105   286.2
1.9790        -5983.761    -6019.866       36.105   286.2
1.9795        -5983.734    -6019.898       36.164   286.7
1.9800        -5983.741    -6019.930       36.189   286.9
1.9805        -5983.728    -6019.960       36.232   287.2
1.9810        -5983.751    -6019.988       36.237   287.2
1.9815        -5983.778    -6020.014       36.236   287.2
1.9820        -5983.736    -6020.037       36.301   287.7
1.9825        -5983.831    -6020.059       36.228   287.2
1.9830        -5983.877    -6020.080       36.202   287.0
1.9835        -5983.786    -6020.097       36.311   287.8
1.9840        -5983.821    -6020.110       36.289   287.7
1.9845        -5983.845    -6020.121       36.275   287.5
1.9850        -5983.856    -6020.129       36.273   287.5
1.9855        -5983.828    -6020.137       36.309   287.8
1.9860        -5983.787    -6020.146       36.359   288.2
1.9865        -5983.815    -6020.152       36.337   288.0
1.9870        -5983.892    -6020.156       36.264   287.5
1.9875        -5983.816    -6020.157       36.340   288.1
1.9880        -5983.803    -6020.153       36.350   288.1
1.9885        -5983.847    -6020.146       36.299   287.7
1.9890        -5983.810    -6020.137       36.327   287.9
1.9895        -5983.810    -6020.122       36.313   287.8
1.9900        -5983.736    -6020.105       36.369   288.3
1.9905        -5983.801    -6020.084       36.282   287.6
1.9910        -5983.800    -6020.058       36.257   287.4
1.9915        -5983.750    -6020.028       36.277   287.6
1.9920        -5983.731    -6019.995       36.264   287.4
1.9925        -5983.797    -6019.961       36.164   286.7
1.9930        -5983.796    -6019.925       36.129   286.4
1.9935        -5983.825    -6019.888       36.064   285.9
1.9940        -5983.771    -6019.852       36.081   286.0
1.9945        -5983.735    -6019.815       36.080   286.0
1.9950        -5983.762    -6019.779       36.016   285.5
1.9955        -5983.679    -6019.743       36.064   285.9
1.9960        -5983.541    -6019.708       36.167   286.7
1.9965        -5983.466    -6019.672       36.205   287.0
1.9970        -5983.434    -6019.637       36.202   287.0
1.9975        -5983.450    -6019.603       36.153   286.6
1.9980        -5983.441    -6019.573       36.132   286.4
1.9985        -5983.442    -6019.542       36.101   286.2
1.9990        -5983.425    -6019.515       36.089   286.1
1.9995        -5983.427    -6019.492       36.066   285.9
2.0000        -5983.341    -6019.476       36.135   286.4
2.0005        -5983.211    -6019.466       36.255   287.4
2.0010        -5983.232    -6019.463       36.231   287.2
2.0015        -5983.203    -6019.466       36.263   287.4
2.0020        -5983.311    -6019.474       36.162   286.6
2.0025        -5983.324    -6019.487       36.163   286.6
2.0030        -5983.398    -6019.508       36.110   286.2
2.0035        -5983.399    -6019.534       36.135   286.4
2.0040        -5983.514    -6019.566       36.052   285.8
2.0045        -5983.606    -6019.602       35.997   285.3
2.0050        -5983.623    -6019.642       36.019   285.5
2.0055        -5983.651    -6019.687       36.035   285.6
2.0060        -5983.580    -6019.736       36.156   286.6
2.0065        -5983.513    -6019.789       36.275   287.5
2.0070        -5983.564    -6019.847       36.283   287.6
2.0075        -5983.523    -6019.908       36.385   288.4
2.0080        -5983.604    -6019.972       36.369   288.3
2.0085        -5983.661    -6020.038       36.377   288.3
2.0090        -5983.643    -6020.106       36.463   289.0
2.0095        -5983.610    -6020.176       36.566   289.8
2.0100        -5983.657    -6020.248       36.591   290.0
2.0105        -5983.635    -6020.323       36.688   290.8
2.0110        -5983.614    -6020.400       36.786   291.6
2.0115        -5983.671    -6020.479       36.808   291.8
2.0120        -5983.673    -6020.558       36.885   292.4
2.0125        -5983.668    -6020.637       36.969   293.0
2.0130        -5983.675    -6020.717       37.042   293.6
2.0135        -5983.824    -6020.795       36.970   293.0
2.0140        -5983.719    -6020.869       37.151   294.5
2.0145        -5983.759    -6020.942       37.183   294.7
2.0150        -5983.787    -6021.008       37.220   295.0
2.0155        -5983.706    -6021.067       37.361   296.1
2.0160        -5983.796    -6021.122       37.326   295.9
2.0165        -5983.780    -6021.173       37.393   296.4
2.0170        -5983.682    -6021.219       37.537   297.5
2.0175        -5983.706    -6021.260       37.554   297.7
2.0180        -5983.728    -6021.294       37.566   297.8
2.0185        -5983.752    -6021.320       37.568   297.8
2.0190        -5983.685    -6021.338       37.652   298.5
2.0195        -5983.607    -6021.348       37.741   299.2
2.0200        -5983.525    -6021.352       37.828   299.8
2.0205        -5983.577    -6021.347       37.770   299.4
2.0210        -5983.593    -6021.333       37.740   299.1
2.0215        -5983.665    -6021.313       37.648   298.4
2.0220        -5983.525    -6021.287       37.762   299.3
2.0225        -5983.494    -6021.255       37.761   299.3
2.0230        -5983.498    -6021.216       37.718   299.0
2.0235        -5983.505    -6021.168       37.663   298.5
2.0240        -5983.575    -6021.117       37.542   297.6
2.0245        -5983.638    -6021.061       37.422   296.6
2.0250        -5983.546    -6021.000       37.453   296.9
2.0255        -5983.452    -6020.934       37.483   297.1
2.0260        -5983.460    -6020.866       37.406   296.5
2.0265        -5983.384    -6020.794       37.410   296.5
2.0270        -5983.343    -6020.718       37.375   296.3
2.0275        -5983.317    -6020.640       37.323   295.8
2.0280        -5983.391    -6020.558       37.167   294.6
2.0285        -5983.262    -6020.474       37.212   295.0
2.0290        -5983.384    -6020.386       37.003   293.3
2.0295        -5983.295    -6020.296       37.001   293.3
2.0300        -5983.344    -6020.203       36.859   292.2
2.0305        -5983.358    -6020.111       36.753   291.3
2.0310        -5983.354    -6020.020       36.666   290.6
2.0315        -5983.381    -6019.931       36.551   289.7
2.0320        -5983.421    -6019.846       36.424   288.7
2.0325        -5983.470    -6019.763       36.292   287.7
2.0330        -5983.481    -6019.685       36.204   287.0
2.0335        -5983.452    -6019.613       36.160   286.6
2.0340        -5983.454    -6019.547       36.093   286.1
2.0345        -5983.548    -6019.485       35.937   284.9
2.0350        -5983.471    -6019.428       35.957   285.0
2.0355        -5983.434    -6019.376       35.942   284.9
2.0360        -5983.406    -6019.329       35.923   284.7
2.0365        -5983.298    -6019.287       35.988   285.3
2.0370        -5983.339    -6019.250       35.912   284.7
2.0375        -5983.262    -6019.219       35.958   285.0
2.0380        -5983.307    -6019.193       35.886   284.5
2.0385        -5983.317    -6019.172       35.855   284.2
2.0390        -5983.255    -6019.155       35.900   284.6
2.0395        -5983.195    -6019.140       35.945   284.9
2.0400        -5983.286    -6019.128       35.842   284.1
2.0405        -5983.283    -6019.117       35.834   284.0
2.0410        -5983.333    -6019.105       35.772   283.6
2.0415        -5983.251    -6019.094       35.843   284.1
2.0420        -5983.252    -6019.084       35.831   284.0
2.0425        -5983.262    -6019.074       35.812   283.9
2.0430        -5983.316    -6019.066       35.749   283.4
2.0435        -5983.353    -6019.058       35.705   283.0
2.0440        -5983.295    -6019.050       35.755   283.4
2.0445        -5983.322    -6019.043       35.721   283.1
2.0450        -5983.357    -6019.033       35.676   282.8
2.0455        -5983.294    -6019.020       35.726   283.2
2.0460        -5983.334    -6019.004       35.670   282.7
2.0465        -5983.417    -6018.989       35.572   282.0
2.0470        -5983.446    -6018.973       35.528   281.6
2.0475        -5983.422    -6018.956       35.534   281.7
2.0480        -5983.507    -6018.939       35.432   280.9
2.0485        -5983.507    -6018.919       35.412   280.7
2.0490        -5983.530    -6018.896       35.366   280.3
2.0495        -5983.620    -6018.874       35.254   279.4
2.0500        -5983.498    -6018.850       35.352   280.2
2.0505        -5983.518    -6018.827       35.308   279.9
2.0510        -5983.474    -6018.804       35.330   280.0
2.0515        -5983.449    -6018.783       35.334   280.1
2.0520        -5983.393    -6018.762       35.369   280.4
2.0525        -5983.353    -6018.741       35.388   280.5
2.0530        -5983.379    -6018.720       35.341   280.1
2.0535        -5983.398    -6018.697       35.299   279.8
2.0540        -5983.400    -6018.676       35.275   279.6
2.0545        -5983.452    -6018.654       35.202   279.0
2.0550        -5983.320    -6018.633       35.312   279.9
2.0555        -5983.281    -6018.614       35.334   280.1
2.0560        -5983.291    -6018.596       35.305   279.8
2.0565        -5983.222    -6018.578       35.356   280.3
2.0570        -5983.195    -6018.559       35.364   280.3
2.0575        -5983.157    -6018.542       35.385   280.5
2.0580        -5983.112    -6018.529       35.417   280.7
2.0585        -5983.132    -6018.518       35.386   280.5
2.0590        -5983.165    -6018.509       35.344   280.2
2.0595        -5983.222    -6018.502       35.280   279.7
2.0600        -5983.352    -6018.494       35.143   278.6
2.0605        -5983.334    -6018.490       35.156   278.7
2.0610        -5983.338    -6018.490       35.152   278.6
2.0615        -5983.225    -6018.492       35.267   279.5
2.0620        -5983.196    -6018.496       35.299   279.8
2.0625        -5983.259    -6018.501       35.242   279.3
2.0630        -5983.267    -6018.511       35.244   279.4
2.0635        -5983.170    -6018.522       35.351   280.2
2.0640        -5983.185    -6018.534       35.349   280.2
2.0645        -5983.188    -6018.548       35.359   280.3
2.0650        -5983.121    -6018.564       35.442   280.9
2.0655        -5983.120    -6018.583       35.462   281.1
2.0660        -5983.197    -6018.603       35.407   280.7
2.0665        -5983.083    -6018.625       35.543   281.7
2.0670        -5983.072    -6018.648       35.575   282.0
2.0675        -5983.019    -6018.669       35.650   282.6
2.0680        -5983.103    -6018.692       35.589   282.1
2.0685        -5983.107    -6018.714       35.607   282.2
2.0690        -5983.048    -6018.734       35.686   282.9
2.0695        -5983.128    -6018.755       35.627   282.4
2.0700        -5982.961    -6018.775       35.814   283.9
2.0705        -5982.989    -6018.790       35.802   283.8
2.0710        -5983.017    -6018.804       35.787   283.7
2.0715        -5983.081    -6018.817       35.736   283.3
2.0720        -5983.087    -6018.831       35.744   283.3
2.0725        -5983.152    -6018.844       35.692   282.9
2.0730        -5983.172    -6018.855       35.683   282.8
2.0735        -5983.232    -6018.864       35.632   282.4
2.0740        -5983.283    -6018.869       35.586   282.1
2.0745        -5983.202    -6018.872       35.670   282.7
2.0750        -5983.230    -6018.874       35.643   282.5
2.0755        -5983.338    -6018.875       35.538   281.7
2.0760        -5983.409    -6018.878       35.469   281.1
2.0765        -5983.479    -6018.883       35.403   280.6
2.0770        -5983.439    -6018.887       35.448   281.0
2.0775        -5983.472    -6018.891       35.419   280.7
2.0780        -5983.325    -6018.895       35.570   281.9
2.0785        -5983.324    -6018.898       35.574   282.0
2.0790        -5983.290    -6018.902       35.613   282.3
2.0795        -5983.307    -6018.906       35.599   282.2
2.0800        -5983.218    -6018.911       35.694   282.9
2.0805        -5983.173    -6018.918       35.744   283.3
2.0810        -5983.127    -6018.922       35.796   283.7
2.0815        -5982.981    -6018.926       35.945   284.9
2.0820        -5982.928    -6018.928       36.000   285.4
2.0825        -5982.851    -6018.930       36.079   286.0
2.0830        -5982.854    -6018.930       36.076   286.0
2.0835        -5982.911    -6018.931       36.020   285.5
2.0840        -5982.887    -6018.932       36.044   285.7
2.0845        -5982.900    -6018.930       36.030   285.6
2.0850        -5982.971    -6018.928       35.956   285.0
2.0855        -5982.957    -6018.923       35.966   285.1
2.0860        -5983.086    -6018.916       35.831   284.0
2.0865        -5983.053    -6018.907       35.854   284.2
2.0870        -5983.042    -6018.895       35.853   284.2
2.0875        -5983.082    -6018.882       35.800   283.8
2.0880        -5983.148    -6018.869       35.721   283.1
2.0885        -5983.211    -6018.854       35.643   282.5
2.0890        -5983.223    -6018.839       35.616   282.3
2.0895        -5983.185    -6018.823       35.639   282.5
2.0900        -5983.067    -6018.808       35.741   283.3
2.0905        -5983.171    -6018.791       35.621   282.3
2.0910        -5983.165    -6018.775       35.610   282.3
2.0915        -5983.196    -6018.758       35.562   281.9
2.0920        -5983.203    -6018.743       35.540   281.7
2.0925        -5983.237    -6018.730       35.493   281.3
2.0930        -5983.247    -6018.719       35.472   281.2
2.0935        -5983.169    -6018.708       35.539   281.7
2.0940        -5983.110    -6018.698       35.588   282.1
2.0945        -5983.122    -6018.691       35.569   281.9
2.0950        -5983.019    -6018.685       35.667   282.7
2.0955        -5983.084    -6018.677       35.593   282.1
2.0960        -5983.093    -6018.667       35.574   282.0
2.0965        -5983.002    -6018.657       35.655   282.6
2.0970        -5983.029    -6018.647       35.618   282.3
2.0975        -5983.077    -6018.635       35.558   281.9
2.0980        -5983.068    -6018.625       35.557   281.8
2.0985        -5983.130    -6018.615       35.485   281.3
2.0990        -5983.154    -6018.607       35.453   281.0
2.0995        -5983.217    -6018.601       35.385   280.5
2.1000        -5983.100    -6018.597       35.497   281.4
2.1005        -5983.126    -6018.594       35.468   281.1
2.1010        -5983.067    -6018.592       35.526   281.6
2.1015        -5982.952    -6018.593       35.641   282.5
2.1020        -5982.883    -6018.596       35.713   283.1
2.1025        -5982.866    -6018.598       35.733   283.2
2.1030        -5982.878    -6018.602       35.724   283.2
2.1035        -5982.882    -6018.606       35.724   283.2
2.1040        -5982.908    -6018.610       35.703   283.0
2.1045        -5982.881    -6018.613       35.732   283.2
2.1050        -5982.798    -6018.617       35.818   283.9
2.1055        -5982.851    -6018.620       35.769   283.5
2.1060        -5982.835    -6018.623       35.789   283.7
2.1065        -5982.740    -6018.626       35.886   284.5
2.1070        -5982.678    -6018.630       35.953   285.0
2.1075        -5982.663    -6018.637       35.975   285.2
2.1080        -5982.536    -6018.646       36.111   286.2
2.1085        -5982.555    -6018.657       36.102   286.2
2.1090        -5982.505    -6018.671       36.166   286.7
2.1095        -5982.588    -6018.686       36.098   286.1
2.1100        -5982.589    -6018.704       36.115   286.3
2.1105        -5982.598    -6018.722       36.124   286.3
2.1110        -5982.698    -6018.741       36.043   285.7
2.1115        -5982.584    -6018.762       36.178   286.8
2.1120        -5982.649    -6018.783       36.134   286.4
2.1125        -5982.593    -6018.805       36.212   287.0
2.1130        -5982.731    -6018.825       36.094   286.1
2.1135        -5982.743    -6018.845       36.102   286.2
2.1140        -5982.631    -6018.866       36.235   287.2
2.1145        -5982.517    -6018.886       36.368   288.3
2.1150        -5982.388    -6018.905       36.517   289.5
2.1155        -5982.337    -6018.921       36.584   290.0
2.1160        -5982.336    -6018.935       36.600   290.1
2.1165        -5982.363    -6018.949       36.586   290.0
2.1170        -5982.478    -6018.959       36.481   289.2
2.1175        -5982.471    -6018.967       36.496   289.3
2.1180        -5982.540    -6018.972       36.431   288.8
2.1185        -5982.577    -6018.974       36.398   288.5
2.1190        -5982.712    -6018.973       36.261   287.4
2.1195        -5982.665    -6018.968       36.303   287.8
2.1200        -5982.592    -6018.962       36.370   288.3
2.1205        -5982.643    -6018.954       36.311   287.8
2.1210        -5982.648    -6018.942       36.295   287.7
2.1215        -5982.702    -6018.929       36.227   287.2
2.1220        -5982.792    -6018.914       36.122   286.3
2.1225        -5982.791    -6018.898       36.107   286.2
2.1230        -5982.833    -6018.882       36.049   285.7
2.1235        -5982.800    -6018.864       36.064   285.9
2.1240        -5982.739    -6018.844       36.105   286.2
2.1245        -5982.724    -6018.822       36.098   286.1
2.1250        -5982.741    -6018.799       36.058   285.8
2.1255        -5982.678    -6018.773       36.095   286.1
2.1260        -5982.680    -6018.745       36.065   285.9
2.1265        -5982.688    -6018.717       36.029   285.6
2.1270        -5982.708    -6018.690       35.982   285.2
2.1275        -5982.656    -6018.661       36.005   285.4
2.1280        -5982.600    -6018.633       36.034   285.6
2.1285        -5982.583    -6018.606       36.023   285.5
2.1290        -5982.573    -6018.577       36.004   285.4
2.1295        -5982.573    -6018.551       35.978   285.2
2.1300        -5982.618    -6018.526       35.907   284.6
2.1305        -5982.656    -6018.502       35.847   284.1
2.1310        -5982.756    -6018.481       35.725   283.2
2.1315        -5982.843    -6018.465       35.622   282.4
2.1320        -5982.798    -6018.453       35.656   282.6
2.1325        -5982.818    -6018.444       35.626   282.4
2.1330        -5982.821    -6018.439       35.619   282.3
2.1335        -5982.715    -6018.438       35.723   283.2
2.1340        -5982.768    -6018.440       35.671   282.8
2.1345        -5982.769    -6018.446       35.677   282.8
2.1350        -5982.866    -6018.456       35.590   282.1
2.1355        -5982.955    -6018.468       35.513   281.5
2.1360        -5982.878    -6018.485       35.607   282.2
2.1365        -5982.780    -6018.505       35.726   283.2
2.1370        -5982.772    -6018.529       35.756   283.4
2.1375        -5982.783    -6018.556       35.773   283.6
2.1380        -5982.872    -6018.584       35.712   283.1
2.1385        -5982.804    -6018.613       35.809   283.8
2.1390        -5982.806    -6018.641       35.835   284.0
2.1395        -5982.899    -6018.669       35.770   283.5
2.1400        -5982.929    -6018.700       35.771   283.5
2.1405        -5982.885    -6018.736       35.851   284.2
2.1410        -5982.927    -6018.775       35.847   284.1
2.1415        -5982.921    -6018.816       35.895   284.5
2.1420        -5982.854    -6018.860       36.006   285.4
2.1425        -5982.836    -6018.903       36.067   285.9
2.1430        -5982.905    -6018.950       36.045   285.7
2.1435        -5982.844    -6018.997       36.153   286.6
2.1440        -5982.910    -6019.045       36.135   286.4
2.1445        -5982.888    -6019.094       36.206   287.0
2.1450        -5982.995    -6019.142       36.147   286.5
2.1455        -5982.942    -6019.190       36.248   287.3
2.1460        -5982.959    -6019.238       36.278   287.6
2.1465        -5982.987    -6019.283       36.296   287.7
2.1470        -5982.961    -6019.329       36.368   288.3
2.1475        -5982.930    -6019.376       36.446   288.9
2.1480        -5982.921    -6019.424       36.503   289.3
2.1485        -5982.919    -6019.468       36.549   289.7
2.1490        -5982.834    -6019.511       36.677   290.7
2.1495        -5982.904    -6019.553       36.649   290.5
2.1500        -5982.916    -6019.593       36.677   290.7
2.1505        -5982.950    -6019.629       36.679   290.7
2.1510        -5982.926    -6019.663       36.738   291.2
2.1515        -5982.948    -6019.698       36.750   291.3
2.1520        -5982.985    -6019.732       36.747   291.3
2.1525        -5983.008    -6019.765       36.757   291.4
2.1530        -5982.940    -6019.793       36.853   292.1
2.1535        -5983.015    -6019.819       36.804   291.7
2.1540        -5982.903    -6019.842       36.938   292.8
2.1545        -5982.947    -6019.860       36.913   292.6
2.1550        -5982.872    -6019.878       37.006   293.3
2.1555        -5982.947    -6019.891       36.944   292.8
2.1560        -5982.898    -6019.903       37.005   293.3
2.1565        -5982.874    -6019.912       37.038   293.6
2.1570        -5982.892    -6019.918       37.026   293.5
2.1575        -5982.911    -6019.921       37.010   293.4
2.1580        -5982.907    -6019.919       37.012   293.4
2.1585        -5982.828    -6019.918       37.089   294.0
2.1590        -5982.705    -6019.915       37.210   294.9
2.1595        -5982.674    -6019.910       37.236   295.2
2.1600        -5982.643    -6019.905       37.262   295.4
2.1605        -5982.438    -6019.900       37.462   296.9
2.1610        -5982.445    -6019.895       37.450   296.9
2.1615        -5982.479    -6019.886       37.407   296.5
2.1620        -5982.421    -6019.877       37.456   296.9
2.1625        -5982.430    -6019.866       37.436   296.7
2.1630        -5982.380    -6019.853       37.473   297.0
2.1635        -5982.321    -6019.842       37.520   297.4
