Time[ps]      Etot[eV]     Epot[eV]     Ekin[eV]    T[K]
0.0000         -80.6576     -80.6576       0.0000     0.0
0.0100         -80.6502     -80.6587       0.0085     5.0
0.0200         -80.6433     -80.6577       0.0144     8.6
0.0300         -80.6396     -80.6546       0.0151     9.0
0.0400         -80.6301     -80.6546       0.0245    14.6
0.0500         -80.6174     -80.6520       0.0346    20.6
0.0600         -80.6097     -80.6476       0.0378    22.5
0.0700         -80.6068     -80.6495       0.0427    25.4
0.0800         -80.5919     -80.6408       0.0489    29.1
0.0900         -80.5937     -80.6300       0.0363    21.6
0.1000         -80.5942     -80.6301       0.0359    21.3
0.1100         -80.5881     -80.6323       0.0443    26.3
0.1200         -80.5841     -80.6338       0.0497    29.6
0.1300         -80.5817     -80.6330       0.0513    30.5
0.1400         -80.5684     -80.6189       0.0505    30.1
0.1500         -80.5548     -80.6054       0.0506    30.1
0.1600         -80.5580     -80.6102       0.0522    31.1
0.1700         -80.5622     -80.6058       0.0435    25.9
0.1800         -80.5600     -80.5991       0.0391    23.2
0.1900         -80.5576     -80.6165       0.0589    35.1
0.2000         -80.5630     -80.6217       0.0587    34.9
0.2100         -80.5601     -80.6196       0.0595    35.4
0.2200         -80.5570     -80.6339       0.0769    45.7
0.2300         -80.5576     -80.6327       0.0752    44.7
0.2400         -80.5636     -80.6074       0.0437    26.0
0.2500         -80.5621     -80.6069       0.0449    26.7
0.2600         -80.5684     -80.6166       0.0482    28.7
0.2700         -80.5718     -80.6201       0.0484    28.8
0.2800         -80.5602     -80.6240       0.0638    37.9
0.2900         -80.5493     -80.6228       0.0735    43.8
0.3000         -80.5487     -80.6121       0.0634    37.7
0.3100         -80.5466     -80.6142       0.0675    40.2
0.3200         -80.5367     -80.6223       0.0857    51.0
0.3300         -80.5590     -80.6014       0.0424    25.2
0.3400         -80.5575     -80.5981       0.0406    24.1
0.3500         -80.5578     -80.6190       0.0611    36.4
0.3600         -80.5631     -80.6135       0.0504    30.0
0.3700         -80.5647     -80.6068       0.0421    25.1
0.3800         -80.5681     -80.6207       0.0526    31.3
0.3900         -80.5660     -80.6260       0.0600    35.7
0.4000         -80.5715     -80.6164       0.0449    26.7
0.4100         -80.5685     -80.6165       0.0479    28.5
0.4200         -80.5699     -80.6199       0.0500    29.8
0.4300         -80.5760     -80.6194       0.0434    25.8
0.4400         -80.5603     -80.6254       0.0651    38.7
0.4500         -80.5638     -80.6194       0.0556    33.1
0.4600         -80.5699     -80.6120       0.0420    25.0
0.4700         -80.5669     -80.6161       0.0493    29.3
0.4800         -80.5688     -80.6251       0.0562    33.5
0.4900         -80.5740     -80.6261       0.0521    31.0
0.5000         -80.5632     -80.6237       0.0605    36.0
0.5100         -80.5738     -80.6223       0.0485    28.8
0.5200         -80.5595     -80.6189       0.0594    35.4
0.5300         -80.5485     -80.6231       0.0746    44.4
0.5400         -80.5495     -80.6201       0.0707    42.1
0.5500         -80.5558     -80.6131       0.0574    34.1
0.5600         -80.5584     -80.6175       0.0590    35.1
0.5700         -80.5618     -80.6181       0.0563    33.5
0.5800         -80.5625     -80.6204       0.0579    34.5
0.5900         -80.5726     -80.6262       0.0536    31.9
0.6000         -80.5653     -80.6232       0.0579    34.4
0.6100         -80.5713     -80.6191       0.0477    28.4
0.6200         -80.5777     -80.6253       0.0476    28.3
0.6300         -80.5659     -80.6282       0.0623    37.1
0.6400         -80.5641     -80.6230       0.0589    35.1
0.6500         -80.5615     -80.6129       0.0514    30.6
0.6600         -80.5672     -80.6029       0.0357    21.3
0.6700         -80.5625     -80.6101       0.0476    28.4
0.6800         -80.5575     -80.6144       0.0569    33.8
0.6900         -80.5502     -80.6106       0.0604    36.0
0.7000         -80.5643     -80.6052       0.0409    24.3
0.7100         -80.5746     -80.6140       0.0393    23.4
0.7200         -80.5695     -80.6240       0.0546    32.5
0.7300         -80.5698     -80.6191       0.0493    29.3
0.7400         -80.5621     -80.6120       0.0499    29.7
0.7500         -80.5481     -80.6105       0.0624    37.1
0.7600         -80.5462     -80.6057       0.0595    35.4
0.7700         -80.5316     -80.6067       0.0750    44.7
0.7800         -80.5330     -80.6109       0.0778    46.3
0.7900         -80.5281     -80.5945       0.0665    39.6
0.8000         -80.5195     -80.5828       0.0632    37.6
0.8100         -80.5311     -80.5912       0.0602    35.8
0.8200         -80.5240     -80.6079       0.0838    49.9
0.8300         -80.5371     -80.6089       0.0718    42.7
0.8400         -80.5541     -80.6112       0.0571    34.0
0.8500         -80.5548     -80.6154       0.0606    36.1
0.8600         -80.5403     -80.6030       0.0627    37.3
0.8700         -80.5419     -80.5959       0.0540    32.2
0.8800         -80.5446     -80.6007       0.0561    33.4
0.8900         -80.5506     -80.6025       0.0520    30.9
0.9000         -80.5568     -80.6111       0.0543    32.3
0.9100         -80.5595     -80.6095       0.0500    29.8
0.9200         -80.5757     -80.6081       0.0324    19.3
0.9300         -80.5704     -80.6211       0.0507    30.2
0.9400         -80.5600     -80.6258       0.0658    39.1
0.9500         -80.5624     -80.6256       0.0631    37.6
0.9600         -80.5770     -80.6290       0.0520    30.9
0.9700         -80.5715     -80.6318       0.0603    35.9
0.9800         -80.5610     -80.6237       0.0626    37.3
0.9900         -80.5617     -80.6080       0.0463    27.5
1.0000         -80.5602     -80.6076       0.0474    28.2
1.0100         -80.5477     -80.6142       0.0665    39.6
1.0200         -80.5537     -80.6010       0.0473    28.1
1.0300         -80.5462     -80.5992       0.0530    31.5
1.0400         -80.5450     -80.6203       0.0753    44.8
1.0500         -80.5510     -80.6218       0.0708    42.1
1.0600         -80.5449     -80.5961       0.0513    30.5
1.0700         -80.5471     -80.5961       0.0490    29.2
1.0800         -80.5613     -80.6073       0.0460    27.4
1.0900         -80.5553     -80.6060       0.0507    30.2
1.1000         -80.5593     -80.6096       0.0503    29.9
1.1100         -80.5635     -80.6190       0.0555    33.0
1.1200         -80.5637     -80.6193       0.0556    33.1
1.1300         -80.5662     -80.6171       0.0509    30.3
1.1400         -80.5590     -80.6146       0.0555    33.1
1.1500         -80.5510     -80.6147       0.0636    37.9
1.1600         -80.5421     -80.6109       0.0688    40.9
1.1700         -80.5482     -80.6092       0.0610    36.3
1.1800         -80.5347     -80.6106       0.0759    45.1
1.1900         -80.5384     -80.6027       0.0643    38.3
1.2000         -80.5397     -80.6131       0.0734    43.7
1.2100         -80.5280     -80.6247       0.0967    57.6
1.2200         -80.5290     -80.6235       0.0945    56.2
1.2300         -80.5186     -80.6102       0.0916    54.5
1.2400         -80.5161     -80.6025       0.0864    51.4
1.2500         -80.5299     -80.5950       0.0651    38.7
1.2600         -80.5249     -80.5930       0.0681    40.5
1.2700         -80.5302     -80.5976       0.0674    40.1
1.2800         -80.5216     -80.5997       0.0781    46.5
1.2900         -80.5207     -80.5855       0.0648    38.6
1.3000         -80.5257     -80.5673       0.0416    24.8
1.3100         -80.5157     -80.5717       0.0560    33.3
1.3200         -80.5180     -80.5949       0.0770    45.8
1.3300         -80.5266     -80.6027       0.0762    45.3
1.3400         -80.5356     -80.6065       0.0710    42.2
1.3500         -80.5433     -80.6056       0.0623    37.1
1.3600         -80.5410     -80.5977       0.0567    33.8
1.3700         -80.5543     -80.6073       0.0531    31.6
1.3800         -80.5540     -80.6263       0.0723    43.0
1.3900         -80.5580     -80.6285       0.0705    42.0
1.4000         -80.5559     -80.6142       0.0583    34.7
1.4100         -80.5601     -80.6111       0.0510    30.4
1.4200         -80.5673     -80.6194       0.0521    31.0
1.4300         -80.5680     -80.6248       0.0568    33.8
1.4400         -80.5637     -80.6180       0.0543    32.3
1.4500         -80.5693     -80.6188       0.0495    29.5
1.4600         -80.5673     -80.6252       0.0579    34.5
1.4700         -80.5826     -80.6196       0.0370    22.0
1.4800         -80.5733     -80.6109       0.0376    22.4
1.4900         -80.5788     -80.6090       0.0302    17.9
1.5000         -80.5611     -80.6201       0.0591    35.2
1.5100         -80.5658     -80.6302       0.0644    38.3
1.5200         -80.5602     -80.6281       0.0679    40.4
1.5300         -80.5647     -80.6132       0.0486    28.9
1.5400         -80.5759     -80.6092       0.0333    19.8
1.5500         -80.5739     -80.6224       0.0486    28.9
1.5600         -80.5779     -80.6402       0.0623    37.1
1.5700         -80.5780     -80.6430       0.0650    38.7
1.5800         -80.5872     -80.6308       0.0437    26.0
1.5900         -80.5783     -80.6186       0.0403    24.0
1.6000         -80.5675     -80.6094       0.0419    24.9
1.6100         -80.5687     -80.6063       0.0377    22.4
1.6200         -80.5710     -80.6186       0.0476    28.3
1.6300         -80.5591     -80.6224       0.0632    37.6
1.6400         -80.5552     -80.6096       0.0544    32.4
1.6500         -80.5511     -80.5987       0.0476    28.3
1.6600         -80.5476     -80.5967       0.0491    29.2
1.6700         -80.5404     -80.5939       0.0535    31.8
1.6800         -80.5185     -80.5958       0.0773    46.0
1.6900         -80.5249     -80.6082       0.0834    49.6
1.7000         -80.5456     -80.6085       0.0629    37.4
1.7100         -80.5552     -80.6081       0.0529    31.5
1.7200         -80.5536     -80.6231       0.0695    41.4
1.7300         -80.5481     -80.6342       0.0861    51.2
1.7400         -80.5579     -80.6253       0.0675    40.1
1.7500         -80.5618     -80.6178       0.0559    33.3
1.7600         -80.5652     -80.6164       0.0512    30.5
1.7700         -80.5664     -80.6230       0.0566    33.7
1.7800         -80.5694     -80.6275       0.0581    34.6
1.7900         -80.5769     -80.6167       0.0399    23.7
1.8000         -80.5785     -80.6061       0.0276    16.4
1.8100         -80.5674     -80.6186       0.0512    30.5
1.8200         -80.5647     -80.6269       0.0621    37.0
1.8300         -80.5755     -80.6231       0.0476    28.3
1.8400         -80.5694     -80.6197       0.0502    29.9
1.8500         -80.5670     -80.6179       0.0509    30.3
1.8600         -80.5655     -80.6220       0.0565    33.6
1.8700         -80.5754     -80.6276       0.0521    31.0
1.8800         -80.5806     -80.6322       0.0517    30.7
1.8900         -80.5772     -80.6377       0.0605    36.0
1.9000         -80.5771     -80.6325       0.0554    33.0
1.9100         -80.5792     -80.6198       0.0406    24.2
1.9200         -80.5778     -80.6208       0.0430    25.6
1.9300         -80.5802     -80.6284       0.0482    28.7
1.9400         -80.5878     -80.6271       0.0392    23.3
1.9500         -80.5947     -80.6236       0.0289    17.2
1.9600         -80.5881     -80.6311       0.0430    25.6
1.9700         -80.5937     -80.6354       0.0417    24.8
1.9800         -80.5886     -80.6363       0.0477    28.4
1.9900         -80.5761     -80.6317       0.0556    33.1
2.0000         -80.5753     -80.6275       0.0521    31.0
2.0100         -80.5698     -80.6222       0.0524    31.2
2.0200         -80.5757     -80.6203       0.0446    26.5
2.0300         -80.5711     -80.6295       0.0584    34.7
2.0400         -80.5792     -80.6370       0.0579    34.4
2.0500         -80.5804     -80.6350       0.0545    32.5
2.0600         -80.5775     -80.6283       0.0508    30.2
2.0700         -80.5588     -80.6141       0.0553    32.9
2.0800         -80.5462     -80.5934       0.0472    28.1
2.0900         -80.5382     -80.5748       0.0367    21.8
2.1000         -80.5374     -80.5771       0.0397    23.6
2.1100         -80.5471     -80.5977       0.0505    30.1
2.1200         -80.5499     -80.6162       0.0662    39.4
2.1300         -80.5534     -80.6130       0.0596    35.5
2.1400         -80.5558     -80.5978       0.0421    25.0
2.1500         -80.5586     -80.5998       0.0412    24.5
2.1600         -80.5540     -80.6155       0.0615    36.6
2.1700         -80.5640     -80.6237       0.0597    35.6
2.1800         -80.5664     -80.6301       0.0636    37.9
2.1900         -80.5632     -80.6321       0.0689    41.0
2.2000         -80.5662     -80.6185       0.0523    31.1
2.2100         -80.5801     -80.6124       0.0322    19.2
2.2200         -80.5712     -80.6288       0.0576    34.3
2.2300         -80.5694     -80.6354       0.0660    39.3
2.2400         -80.5690     -80.6214       0.0525    31.2
2.2500         -80.5641     -80.6066       0.0425    25.3
2.2600         -80.5632     -80.6060       0.0428    25.4
2.2700         -80.5606     -80.6168       0.0563    33.5
2.2800         -80.5755     -80.6272       0.0517    30.8
2.2900         -80.5795     -80.6273       0.0479    28.5
2.3000         -80.5788     -80.6171       0.0383    22.8
2.3100         -80.5880     -80.6181       0.0301    17.9
2.3200         -80.5923     -80.6267       0.0344    20.5
2.3300         -80.5937     -80.6350       0.0413    24.6
2.3400         -80.6007     -80.6372       0.0365    21.7
2.3500         -80.5930     -80.6378       0.0449    26.7
2.3600         -80.5943     -80.6387       0.0444    26.4
2.3700         -80.5902     -80.6369       0.0468    27.8
2.3800         -80.5920     -80.6344       0.0424    25.2
2.3900         -80.5924     -80.6354       0.0430    25.6
2.4000         -80.5941     -80.6296       0.0355    21.1
2.4100         -80.5971     -80.6253       0.0282    16.8
2.4200         -80.5880     -80.6316       0.0436    26.0
2.4300         -80.6018     -80.6406       0.0387    23.1
2.4400         -80.6117     -80.6426       0.0309    18.4
2.4500         -80.6012     -80.6376       0.0365    21.7
2.4600         -80.5930     -80.6339       0.0409    24.3
2.4700         -80.5839     -80.6390       0.0551    32.8
2.4800         -80.5836     -80.6363       0.0527    31.4
2.4900         -80.5805     -80.6269       0.0464    27.6
2.5000         -80.5846     -80.6207       0.0361    21.5
2.5100         -80.5806     -80.6105       0.0299    17.8
2.5200         -80.5890     -80.6119       0.0229    13.6
2.5300         -80.5886     -80.6217       0.0331    19.7
2.5400         -80.5865     -80.6265       0.0400    23.8
2.5500         -80.5780     -80.6252       0.0472    28.1
2.5600         -80.5701     -80.6202       0.0501    29.8
2.5700         -80.5715     -80.6229       0.0514    30.6
2.5800         -80.5684     -80.6231       0.0547    32.6
2.5900         -80.5825     -80.6177       0.0353    21.0
2.6000         -80.5852     -80.6137       0.0285    17.0
2.6100         -80.5803     -80.6226       0.0422    25.1
2.6200         -80.5794     -80.6388       0.0594    35.3
2.6300         -80.5789     -80.6432       0.0643    38.3
2.6400         -80.5794     -80.6349       0.0555    33.0
2.6500         -80.5853     -80.6269       0.0416    24.7
2.6600         -80.5886     -80.6228       0.0342    20.3
2.6700         -80.5797     -80.6248       0.0451    26.9
2.6800         -80.5850     -80.6302       0.0452    26.9
2.6900         -80.5866     -80.6315       0.0448    26.7
2.7000         -80.5891     -80.6283       0.0393    23.4
2.7100         -80.5896     -80.6250       0.0354    21.1
2.7200         -80.5882     -80.6233       0.0352    20.9
2.7300         -80.5953     -80.6229       0.0276    16.4
2.7400         -80.5912     -80.6212       0.0300    17.8
2.7500         -80.6003     -80.6181       0.0179    10.6
2.7600         -80.5980     -80.6194       0.0214    12.7
2.7700         -80.5977     -80.6242       0.0265    15.8
2.7800         -80.5934     -80.6355       0.0422    25.1
2.7900         -80.5845     -80.6400       0.0555    33.0
2.8000         -80.5963     -80.6406       0.0443    26.4
2.8100         -80.5863     -80.6466       0.0603    35.9
2.8200         -80.5907     -80.6406       0.0499    29.7
2.8300         -80.5876     -80.6238       0.0362    21.5
2.8400         -80.5756     -80.6207       0.0450    26.8
2.8500         -80.5821     -80.6336       0.0515    30.7
2.8600         -80.5882     -80.6322       0.0440    26.2
2.8700         -80.5710     -80.6261       0.0551    32.8
2.8800         -80.5603     -80.6203       0.0600    35.7
2.8900         -80.5630     -80.6157       0.0527    31.3
2.9000         -80.5629     -80.6195       0.0567    33.7
2.9100         -80.5611     -80.6137       0.0527    31.3
2.9200         -80.5674     -80.6033       0.0359    21.4
2.9300         -80.5635     -80.6047       0.0412    24.5
2.9400         -80.5639     -80.6186       0.0546    32.5
2.9500         -80.5635     -80.6296       0.0660    39.3
2.9600         -80.5643     -80.6263       0.0620    36.9
2.9700         -80.5742     -80.6149       0.0407    24.2
2.9800         -80.5742     -80.6125       0.0383    22.8
2.9900         -80.5770     -80.6281       0.0511    30.4
3.0000         -80.5878     -80.6298       0.0420    25.0
3.0100         -80.5885     -80.6221       0.0336    20.0
3.0200         -80.5954     -80.6300       0.0346    20.6
3.0300         -80.5895     -80.6374       0.0479    28.5
3.0400         -80.5869     -80.6303       0.0435    25.9
3.0500         -80.5833     -80.6219       0.0386    23.0
3.0600         -80.5783     -80.6264       0.0482    28.7
3.0700         -80.5834     -80.6342       0.0508    30.2
3.0800         -80.5878     -80.6378       0.0501    29.8
3.0900         -80.5799     -80.6361       0.0562    33.4
3.1000         -80.5716     -80.6278       0.0562    33.4
3.1100         -80.5613     -80.6097       0.0484    28.8
3.1200         -80.5447     -80.6004       0.0558    33.2
3.1300         -80.5624     -80.6165       0.0541    32.2
3.1400         -80.5584     -80.6196       0.0611    36.4
3.1500         -80.5497     -80.6026       0.0528    31.4
3.1600         -80.5417     -80.6016       0.0599    35.6
3.1700         -80.5482     -80.6115       0.0633    37.7
3.1800         -80.5514     -80.6159       0.0645    38.4
3.1900         -80.5408     -80.6173       0.0765    45.5
3.2000         -80.5441     -80.6181       0.0739    44.0
3.2100         -80.5340     -80.5961       0.0621    36.9
3.2200         -80.5386     -80.5902       0.0516    30.7
3.2300         -80.5540     -80.6121       0.0580    34.5
3.2400         -80.5572     -80.6258       0.0686    40.8
3.2500         -80.5562     -80.6165       0.0602    35.9
3.2600         -80.5595     -80.6192       0.0597    35.5
3.2700         -80.5511     -80.6258       0.0746    44.4
3.2800         -80.5524     -80.6171       0.0648    38.5
3.2900         -80.5652     -80.6163       0.0510    30.4
3.3000         -80.5630     -80.6212       0.0581    34.6
3.3100         -80.5640     -80.6036       0.0396    23.5
3.3200         -80.5572     -80.5865       0.0294    17.5
3.3300         -80.5492     -80.5972       0.0480    28.5
3.3400         -80.5591     -80.6027       0.0437    26.0
3.3500         -80.5653     -80.6006       0.0353    21.0
3.3600         -80.5666     -80.6170       0.0505    30.0
3.3700         -80.5754     -80.6299       0.0545    32.4
3.3800         -80.5683     -80.6262       0.0579    34.5
3.3900         -80.5623     -80.6202       0.0580    34.5
3.4000         -80.5651     -80.6179       0.0528    31.4
3.4100         -80.5585     -80.6113       0.0527    31.4
3.4200         -80.5486     -80.6043       0.0557    33.1
3.4300         -80.5465     -80.6022       0.0557    33.1
3.4400         -80.5421     -80.6087       0.0666    39.6
3.4500         -80.5355     -80.6150       0.0795    47.3
3.4600         -80.5380     -80.6112       0.0731    43.5
3.4700         -80.5378     -80.6059       0.0682    40.6
3.4800         -80.5324     -80.6001       0.0677    40.3
3.4900         -80.5158     -80.5948       0.0790    47.0
3.5000         -80.5181     -80.6075       0.0893    53.2
3.5100         -80.5325     -80.6155       0.0831    49.4
3.5200         -80.5342     -80.6106       0.0764    45.5
3.5300         -80.5269     -80.5903       0.0634    37.7
3.5400         -80.5258     -80.5846       0.0588    35.0
3.5500         -80.5274     -80.5913       0.0638    38.0
3.5600         -80.5323     -80.5930       0.0606    36.1
3.5700         -80.5440     -80.5917       0.0476    28.3
3.5800         -80.5486     -80.5987       0.0502    29.9
3.5900         -80.5453     -80.6055       0.0601    35.8
3.6000         -80.5595     -80.6160       0.0565    33.6
3.6100         -80.5666     -80.6290       0.0624    37.1
3.6200         -80.5568     -80.6237       0.0668    39.8
3.6300         -80.5548     -80.6092       0.0544    32.4
3.6400         -80.5667     -80.6090       0.0423    25.2
3.6500         -80.5671     -80.6156       0.0485    28.9
3.6600         -80.5499     -80.6187       0.0688    40.9
3.6700         -80.5610     -80.6185       0.0575    34.2
3.6800         -80.5522     -80.6079       0.0557    33.1
3.6900         -80.5466     -80.5984       0.0518    30.8
3.7000         -80.5433     -80.6078       0.0645    38.4
3.7100         -80.5358     -80.6134       0.0776    46.2
3.7200         -80.5445     -80.6034       0.0589    35.0
3.7300         -80.5435     -80.5981       0.0545    32.5
3.7400         -80.5388     -80.5992       0.0604    35.9
3.7500         -80.5330     -80.5973       0.0643    38.2
3.7600         -80.5428     -80.5892       0.0464    27.6
3.7700         -80.5369     -80.5969       0.0600    35.7
3.7800         -80.5467     -80.6105       0.0638    38.0
3.7900         -80.5359     -80.6148       0.0789    46.9
3.8000         -80.5466     -80.6135       0.0669    39.8
3.8100         -80.5494     -80.6126       0.0631    37.6
3.8200         -80.5350     -80.5964       0.0615    36.6
3.8300         -80.5180     -80.5839       0.0659    39.2
3.8400         -80.5266     -80.5975       0.0709    42.2
3.8500         -80.5134     -80.6141       0.1007    59.9
3.8600         -80.5178     -80.5961       0.0784    46.6
3.8700         -80.5203     -80.5806       0.0603    35.9
3.8800         -80.5022     -80.5925       0.0903    53.7
3.8900         -80.5162     -80.5842       0.0680    40.5
3.9000         -80.5138     -80.5750       0.0611    36.4
3.9100         -80.5106     -80.5830       0.0724    43.1
3.9200         -80.5184     -80.5919       0.0735    43.7
3.9300         -80.5236     -80.6062       0.0826    49.2
3.9400         -80.5251     -80.6161       0.0910    54.1
3.9500         -80.5268     -80.6093       0.0824    49.1
3.9600         -80.5389     -80.5946       0.0557    33.1
3.9700         -80.5321     -80.5899       0.0579    34.4
3.9800         -80.5426     -80.6028       0.0601    35.8
3.9900         -80.5486     -80.6130       0.0644    38.4
4.0000         -80.5530     -80.6043       0.0513    30.5
4.0100         -80.5471     -80.6019       0.0548    32.6
4.0200         -80.5586     -80.5995       0.0409    24.4
4.0300         -80.5462     -80.6012       0.0550    32.8
4.0400         -80.5573     -80.6107       0.0535    31.8
4.0500         -80.5627     -80.6215       0.0588    35.0
4.0600         -80.5600     -80.6191       0.0591    35.2
4.0700         -80.5452     -80.6200       0.0748    44.5
4.0800         -80.5459     -80.6193       0.0734    43.7
4.0900         -80.5488     -80.6115       0.0627    37.3
4.1000         -80.5519     -80.6051       0.0532    31.7
4.1100         -80.5438     -80.6114       0.0675    40.2
4.1200         -80.5461     -80.6126       0.0665    39.6
4.1300         -80.5459     -80.6053       0.0594    35.3
4.1400         -80.5573     -80.6084       0.0511    30.4
4.1500         -80.5639     -80.6095       0.0456    27.1
4.1600         -80.5606     -80.6065       0.0459    27.3
4.1700         -80.5555     -80.6204       0.0649    38.6
4.1800         -80.5665     -80.6189       0.0524    31.2
4.1900         -80.5559     -80.6137       0.0579    34.4
4.2000         -80.5538     -80.6269       0.0731    43.5
4.2100         -80.5586     -80.6282       0.0696    41.4
4.2200         -80.5727     -80.6219       0.0492    29.3
4.2300         -80.5850     -80.6271       0.0421    25.0
4.2400         -80.5904     -80.6363       0.0460    27.4
4.2500         -80.6003     -80.6409       0.0406    24.1
4.2600         -80.5849     -80.6445       0.0597    35.5
4.2700         -80.5878     -80.6430       0.0552    32.8
4.2800         -80.5856     -80.6374       0.0518    30.8
4.2900         -80.5732     -80.6242       0.0510    30.3
4.3000         -80.5702     -80.6118       0.0416    24.8
4.3100         -80.5723     -80.6118       0.0395    23.5
4.3200         -80.5794     -80.6204       0.0410    24.4
4.3300         -80.5850     -80.6181       0.0331    19.7
4.3400         -80.5787     -80.6191       0.0404    24.0
4.3500         -80.5745     -80.6296       0.0551    32.8
4.3600         -80.5526     -80.6393       0.0868    51.6
4.3700         -80.5438     -80.6342       0.0903    53.8
4.3800         -80.5612     -80.6168       0.0556    33.1
4.3900         -80.5640     -80.6060       0.0420    25.0
4.4000         -80.5619     -80.6056       0.0436    26.0
4.4100         -80.5739     -80.6127       0.0388    23.1
4.4200         -80.5732     -80.6177       0.0445    26.5
4.4300         -80.5724     -80.6191       0.0467    27.8
4.4400         -80.5724     -80.6184       0.0460    27.4
4.4500         -80.5763     -80.6261       0.0497    29.6
4.4600         -80.5768     -80.6260       0.0492    29.3
4.4700         -80.5739     -80.6210       0.0470    28.0
4.4800         -80.5669     -80.6097       0.0428    25.4
4.4900         -80.5612     -80.6021       0.0409    24.3
4.5000         -80.5610     -80.6011       0.0402    23.9
4.5100         -80.5657     -80.6154       0.0497    29.6
4.5200         -80.5492     -80.6266       0.0775    46.1
4.5300         -80.5421     -80.6133       0.0712    42.4
4.5400         -80.5227     -80.6087       0.0860    51.2
4.5500         -80.5222     -80.6124       0.0902    53.7
4.5600         -80.5164     -80.6002       0.0838    49.9
4.5700         -80.5309     -80.5879       0.0570    33.9
4.5800         -80.5348     -80.5997       0.0649    38.6
4.5900         -80.5241     -80.5974       0.0733    43.6
4.6000         -80.5292     -80.5738       0.0447    26.6
4.6100         -80.5353     -80.5808       0.0454    27.0
4.6200         -80.5336     -80.6147       0.0812    48.3
4.6300         -80.5569     -80.6188       0.0619    36.8
4.6400         -80.5511     -80.6040       0.0528    31.4
4.6500         -80.5462     -80.6001       0.0540    32.1
4.6600         -80.5511     -80.6123       0.0612    36.4
4.6700         -80.5568     -80.6126       0.0558    33.2
4.6800         -80.5532     -80.5999       0.0467    27.8
4.6900         -80.5519     -80.5999       0.0479    28.5
4.7000         -80.5455     -80.6153       0.0697    41.5
4.7100         -80.5547     -80.6203       0.0655    39.0
4.7200         -80.5614     -80.6231       0.0616    36.7
4.7300         -80.5680     -80.6299       0.0619    36.8
4.7400         -80.5673     -80.6305       0.0633    37.7
4.7500         -80.5615     -80.6093       0.0478    28.4
4.7600         -80.5677     -80.5905       0.0228    13.6
4.7700         -80.5666     -80.5984       0.0319    19.0
4.7800         -80.5736     -80.6121       0.0385    22.9
4.7900         -80.5674     -80.6234       0.0560    33.4
4.8000         -80.5704     -80.6208       0.0504    30.0
4.8100         -80.5714     -80.6205       0.0490    29.2
4.8200         -80.5828     -80.6334       0.0506    30.1
4.8300         -80.5751     -80.6391       0.0640    38.1
4.8400         -80.5885     -80.6245       0.0359    21.4
4.8500         -80.5984     -80.6297       0.0313    18.6
4.8600         -80.5924     -80.6421       0.0497    29.6
4.8700         -80.5849     -80.6346       0.0497    29.6
4.8800         -80.5906     -80.6235       0.0328    19.5
4.8900         -80.5916     -80.6342       0.0426    25.3
4.9000         -80.5870     -80.6322       0.0452    26.9
4.9100         -80.5758     -80.6246       0.0488    29.0
4.9200         -80.5618     -80.6241       0.0624    37.1
4.9300         -80.5640     -80.6319       0.0679    40.4
4.9400         -80.5728     -80.6316       0.0588    35.0
4.9500         -80.5498     -80.6169       0.0672    40.0
4.9600         -80.5403     -80.5877       0.0474    28.2
4.9700         -80.5385     -80.5923       0.0538    32.0
4.9800         -80.5539     -80.6230       0.0691    41.1
4.9900         -80.5642     -80.6305       0.0663    39.5
5.0000         -80.5655     -80.6226       0.0571    34.0
Time[ps]      Etot[eV]     Epot[eV]     Ekin[eV]    T[K]
0.0000        -6049.321    -6049.321        0.000     0.0
0.0100        -6048.640    -6049.369        0.729     5.8
0.0200        -6048.083    -6049.285        1.203     9.5
0.0300        -6047.576    -6049.009        1.433    11.4
0.0400        -6047.168    -6048.784        1.616    12.8
0.0500        -6046.746    -6048.673        1.927    15.3
0.0600        -6046.366    -6048.592        2.226    17.7
0.0700        -6046.062    -6048.444        2.382    18.9
0.0800        -6045.863    -6048.250        2.386    18.9
0.0900        -6045.591    -6048.103        2.512    19.9
0.1000        -6045.342    -6047.994        2.652    21.0
0.1100        -6045.082    -6047.837        2.755    21.9
0.1200        -6044.904    -6047.604        2.700    21.4
0.1300        -6044.795    -6047.451        2.656    21.1
0.1400        -6044.696    -6047.391        2.696    21.4
0.1500        -6044.449    -6047.374        2.925    23.2
0.1600        -6044.311    -6047.357        3.046    24.2
0.1700        -6044.204    -6047.279        3.075    24.4
0.1800        -6044.060    -6047.120        3.060    24.3
0.1900        -6043.982    -6047.065        3.083    24.5
0.2000        -6043.888    -6047.148        3.260    25.9
0.2100        -6043.827    -6047.145        3.318    26.3
0.2200        -6043.814    -6047.069        3.255    25.8
0.2300        -6043.630    -6047.081        3.451    27.4
0.2400        -6043.573    -6047.130        3.557    28.2
0.2500        -6043.596    -6047.059        3.463    27.5
0.2600        -6043.513    -6046.972        3.459    27.4
0.2700        -6043.311    -6046.908        3.597    28.5
0.2800        -6043.337    -6046.838        3.501    27.8
0.2900        -6043.192    -6046.745        3.553    28.2
0.3000        -6043.108    -6046.711        3.603    28.6
0.3100        -6043.110    -6046.671        3.561    28.3
0.3200        -6043.106    -6046.626        3.521    27.9
0.3300        -6043.049    -6046.664        3.615    28.7
0.3400        -6043.103    -6046.716        3.613    28.7
0.3500        -6043.079    -6046.739        3.660    29.0
0.3600        -6043.049    -6046.704        3.655    29.0
0.3700        -6043.095    -6046.668        3.572    28.3
0.3800        -6043.136    -6046.705        3.570    28.3
0.3900        -6043.189    -6046.745        3.556    28.2
0.4000        -6043.170    -6046.791        3.621    28.7
0.4100        -6043.237    -6046.806        3.570    28.3
0.4200        -6043.153    -6046.824        3.670    29.1
0.4300        -6043.061    -6046.778        3.717    29.5
0.4400        -6042.972    -6046.733        3.761    29.8
0.4500        -6042.966    -6046.745        3.778    30.0
0.4600        -6042.886    -6046.699        3.814    30.3
0.4700        -6042.790    -6046.605        3.815    30.3
0.4800        -6042.788    -6046.595        3.807    30.2
0.4900        -6042.913    -6046.620        3.707    29.4
0.5000        -6042.830    -6046.648        3.818    30.3
0.5100        -6042.828    -6046.640        3.812    30.2
0.5200        -6042.899    -6046.583        3.685    29.2
0.5300        -6042.826    -6046.551        3.725    29.6
0.5400        -6042.812    -6046.520        3.708    29.4
0.5500        -6042.864    -6046.551        3.687    29.3
0.5600        -6042.850    -6046.606        3.756    29.8
0.5700        -6042.794    -6046.595        3.801    30.2
0.5800        -6042.784    -6046.536        3.751    29.8
0.5900        -6042.804    -6046.543        3.739    29.7
0.6000        -6042.829    -6046.595        3.766    29.9
0.6100        -6042.894    -6046.713        3.818    30.3
0.6200        -6042.994    -6046.699        3.705    29.4
0.6300        -6043.039    -6046.712        3.672    29.1
0.6400        -6042.915    -6046.712        3.798    30.1
0.6500        -6042.914    -6046.633        3.719    29.5
0.6600        -6042.924    -6046.596        3.671    29.1
0.6700        -6042.915    -6046.643        3.728    29.6
0.6800        -6042.911    -6046.607        3.696    29.3
0.6900        -6042.984    -6046.486        3.502    27.8
0.7000        -6042.865    -6046.503        3.638    28.9
0.7100        -6042.784    -6046.639        3.855    30.6
0.7200        -6042.836    -6046.711        3.875    30.7
0.7300        -6042.877    -6046.657        3.780    30.0
0.7400        -6042.884    -6046.642        3.758    29.8
0.7500        -6042.946    -6046.692        3.746    29.7
0.7600        -6043.029    -6046.686        3.657    29.0
0.7700        -6043.024    -6046.696        3.672    29.1
0.7800        -6043.088    -6046.771        3.684    29.2
0.7900        -6043.033    -6046.766        3.733    29.6
0.8000        -6043.074    -6046.714        3.640    28.9
0.8100        -6042.914    -6046.692        3.778    30.0
0.8200        -6042.867    -6046.697        3.830    30.4
0.8300        -6042.795    -6046.661        3.866    30.7
0.8400        -6042.796    -6046.570        3.774    29.9
0.8500        -6042.873    -6046.543        3.670    29.1
0.8600        -6042.884    -6046.583        3.699    29.3
0.8700        -6042.906    -6046.529        3.623    28.7
0.8800        -6042.795    -6046.514        3.720    29.5
0.8900        -6042.825    -6046.554        3.729    29.6
0.9000        -6042.840    -6046.538        3.698    29.3
0.9100        -6042.847    -6046.514        3.667    29.1
0.9200        -6042.781    -6046.569        3.788    30.1
0.9300        -6042.813    -6046.585        3.772    29.9
0.9400        -6042.871    -6046.543        3.672    29.1
0.9500        -6042.863    -6046.547        3.684    29.2
0.9600        -6042.921    -6046.701        3.781    30.0
0.9700        -6042.870    -6046.754        3.884    30.8
0.9800        -6042.889    -6046.681        3.791    30.1
0.9900        -6042.867    -6046.658        3.791    30.1
1.0000        -6042.858    -6046.695        3.837    30.4
1.0100        -6042.942    -6046.733        3.792    30.1
1.0200        -6042.940    -6046.700        3.760    29.8
1.0300        -6043.024    -6046.633        3.610    28.6
1.0400        -6042.936    -6046.620        3.684    29.2
1.0500        -6042.847    -6046.609        3.762    29.9
1.0600        -6042.893    -6046.584        3.691    29.3
1.0700        -6042.888    -6046.680        3.793    30.1
1.0800        -6042.956    -6046.820        3.864    30.7
1.0900        -6042.932    -6046.778        3.847    30.5
1.1000        -6042.867    -6046.636        3.769    29.9
1.1100        -6042.817    -6046.544        3.727    29.6
1.1200        -6042.790    -6046.550        3.760    29.8
1.1300        -6042.800    -6046.645        3.846    30.5
1.1400        -6042.718    -6046.707        3.989    31.7
1.1500        -6042.741    -6046.609        3.869    30.7
1.1600        -6042.671    -6046.542        3.871    30.7
1.1700        -6042.654    -6046.514        3.859    30.6
1.1800        -6042.772    -6046.494        3.722    29.5
1.1900        -6042.791    -6046.521        3.731    29.6
1.2000        -6042.744    -6046.584        3.840    30.5
1.2100        -6042.752    -6046.597        3.845    30.5
1.2200        -6042.720    -6046.598        3.878    30.8
1.2300        -6042.790    -6046.569        3.779    30.0
1.2400        -6042.800    -6046.496        3.696    29.3
1.2500        -6042.932    -6046.510        3.578    28.4
1.2600        -6042.952    -6046.654        3.703    29.4
1.2700        -6042.931    -6046.786        3.855    30.6
1.2800        -6043.024    -6046.696        3.672    29.1
1.2900        -6043.050    -6046.655        3.605    28.6
1.3000        -6042.970    -6046.680        3.710    29.4
Time[ps]      Etot[eV]     Epot[eV]     Ekin[eV]    T[K]
0.0000         -80.6576     -80.6576       0.0000     0.0
0.0100         -80.6494     -80.6586       0.0092     5.5
0.0200         -80.6411     -80.6575       0.0164     9.8
0.0300         -80.6409     -80.6562       0.0153     9.1
0.0400         -80.6279     -80.6533       0.0254    15.1
0.0500         -80.6200     -80.6491       0.0292    17.4
0.0600         -80.6178     -80.6458       0.0280    16.7
0.0700         -80.6087     -80.6455       0.0368    21.9
0.0800         -80.5998     -80.6374       0.0376    22.4
0.0900         -80.5978     -80.6421       0.0443    26.4
0.1000         -80.6025     -80.6442       0.0418    24.8
0.1100         -80.6102     -80.6340       0.0238    14.2
0.1200         -80.6113     -80.6349       0.0237    14.1
0.1300         -80.6049     -80.6456       0.0406    24.2
0.1400         -80.6017     -80.6358       0.0341    20.3
0.1500         -80.6056     -80.6276       0.0220    13.1
0.1600         -80.5976     -80.6367       0.0391    23.3
0.1700         -80.5999     -80.6358       0.0359    21.4
0.1800         -80.5848     -80.6247       0.0399    23.8
0.1900         -80.5866     -80.6164       0.0298    17.7
0.2000         -80.5810     -80.6118       0.0308    18.4
0.2100         -80.5825     -80.6097       0.0272    16.2
0.2200         -80.5815     -80.6128       0.0313    18.6
0.2300         -80.5829     -80.6145       0.0316    18.8
0.2400         -80.5774     -80.6155       0.0381    22.7
0.2500         -80.5821     -80.6248       0.0427    25.4
0.2600         -80.5737     -80.6304       0.0567    33.8
0.2700         -80.5882     -80.6253       0.0371    22.1
0.2800         -80.5859     -80.6243       0.0384    22.9
0.2900         -80.5864     -80.6351       0.0487    29.0
0.3000         -80.5801     -80.6342       0.0541    32.2
0.3100         -80.5825     -80.6348       0.0523    31.1
0.3200         -80.5801     -80.6414       0.0613    36.5
0.3300         -80.5892     -80.6315       0.0423    25.2
0.3400         -80.5978     -80.6228       0.0250    14.9
0.3500         -80.5930     -80.6314       0.0384    22.9
0.3600         -80.6038     -80.6312       0.0274    16.3
0.3700         -80.5932     -80.6333       0.0401    23.9
0.3800         -80.5897     -80.6377       0.0480    28.6
0.3900         -80.5837     -80.6269       0.0432    25.7
0.4000         -80.5842     -80.6164       0.0322    19.2
0.4100         -80.5805     -80.6214       0.0409    24.3
0.4200         -80.5880     -80.6369       0.0489    29.1
0.4300         -80.5871     -80.6351       0.0480    28.6
0.4400         -80.5763     -80.6275       0.0512    30.4
0.4500         -80.5594     -80.6139       0.0545    32.4
0.4600         -80.5558     -80.6016       0.0458    27.2
0.4700         -80.5553     -80.6061       0.0509    30.3
0.4800         -80.5466     -80.6243       0.0777    46.3
0.4900         -80.5514     -80.6218       0.0704    41.9
0.5000         -80.5560     -80.6047       0.0487    29.0
0.5100         -80.5571     -80.6019       0.0447    26.6
0.5200         -80.5562     -80.6078       0.0515    30.7
0.5300         -80.5546     -80.6145       0.0599    35.7
0.5400         -80.5524     -80.6230       0.0706    42.0
0.5500         -80.5565     -80.6264       0.0699    41.6
0.5600         -80.5524     -80.6133       0.0609    36.3
0.5700         -80.5442     -80.5945       0.0503    29.9
0.5800         -80.5387     -80.5898       0.0511    30.4
0.5900         -80.5269     -80.5976       0.0708    42.1
0.6000         -80.5262     -80.5978       0.0716    42.6
0.6100         -80.5276     -80.6005       0.0729    43.4
0.6200         -80.5355     -80.5970       0.0615    36.6
0.6300         -80.5452     -80.5978       0.0526    31.3
0.6400         -80.5478     -80.6079       0.0601    35.8
0.6500         -80.5634     -80.6147       0.0514    30.6
0.6600         -80.5734     -80.6154       0.0420    25.0
0.6700         -80.5593     -80.6216       0.0622    37.0
0.6800         -80.5616     -80.6228       0.0613    36.5
0.6900         -80.5495     -80.6170       0.0675    40.2
0.7000         -80.5626     -80.6117       0.0491    29.2
0.7100         -80.5475     -80.6168       0.0693    41.2
0.7200         -80.5537     -80.6193       0.0656    39.0
0.7300         -80.5552     -80.6020       0.0468    27.9
0.7400         -80.5606     -80.5960       0.0354    21.0
0.7500         -80.5478     -80.6119       0.0641    38.2
0.7600         -80.5534     -80.6156       0.0622    37.0
0.7700         -80.5597     -80.6003       0.0406    24.2
0.7800         -80.5569     -80.5987       0.0418    24.9
0.7900         -80.5410     -80.6042       0.0632    37.6
0.8000         -80.5305     -80.5922       0.0617    36.7
0.8100         -80.5201     -80.5838       0.0638    38.0
0.8200         -80.5295     -80.5848       0.0553    32.9
0.8300         -80.5432     -80.5947       0.0515    30.7
0.8400         -80.5540     -80.6089       0.0548    32.6
0.8500         -80.5476     -80.6103       0.0627    37.3
0.8600         -80.5475     -80.6048       0.0573    34.1
0.8700         -80.5565     -80.6018       0.0453    27.0
0.8800         -80.5577     -80.6158       0.0582    34.6
0.8900         -80.5749     -80.6279       0.0530    31.6
0.9000         -80.5623     -80.6237       0.0614    36.5
0.9100         -80.5568     -80.6183       0.0615    36.6
0.9200         -80.5619     -80.6064       0.0445    26.5
0.9300         -80.5593     -80.6019       0.0427    25.4
0.9400         -80.5573     -80.6129       0.0556    33.1
0.9500         -80.5633     -80.6244       0.0611    36.4
0.9600         -80.5602     -80.6190       0.0588    35.0
0.9700         -80.5802     -80.6085       0.0283    16.9
0.9800         -80.5692     -80.6164       0.0473    28.1
0.9900         -80.5682     -80.6358       0.0676    40.2
1.0000         -80.5777     -80.6432       0.0656    39.0
1.0100         -80.5958     -80.6431       0.0473    28.2
1.0200         -80.5826     -80.6335       0.0509    30.3
1.0300         -80.5908     -80.6230       0.0322    19.2
1.0400         -80.5903     -80.6179       0.0275    16.4
1.0500         -80.5780     -80.6239       0.0459    27.3
1.0600         -80.5908     -80.6370       0.0463    27.5
1.0700         -80.5961     -80.6409       0.0448    26.7
1.0800         -80.5968     -80.6390       0.0422    25.1
1.0900         -80.5932     -80.6344       0.0412    24.5
1.1000         -80.5888     -80.6248       0.0359    21.4
1.1100         -80.5861     -80.6180       0.0319    19.0
1.1200         -80.5709     -80.6096       0.0388    23.1
1.1300         -80.5697     -80.5996       0.0299    17.8
1.1400         -80.5721     -80.6059       0.0339    20.2
1.1500         -80.5659     -80.6227       0.0568    33.8
1.1600         -80.5743     -80.6202       0.0458    27.3
1.1700         -80.5633     -80.6058       0.0425    25.3
1.1800         -80.5705     -80.6072       0.0367    21.8
1.1900         -80.5793     -80.6124       0.0332    19.7
1.2000         -80.5761     -80.6167       0.0406    24.2
1.2100         -80.5832     -80.6235       0.0403    24.0
1.2200         -80.5782     -80.6323       0.0541    32.2
1.2300         -80.5815     -80.6291       0.0476    28.3
1.2400         -80.5853     -80.6266       0.0414    24.6
1.2500         -80.5634     -80.6267       0.0633    37.7
1.2600         -80.5753     -80.6242       0.0489    29.1
1.2700         -80.5802     -80.6195       0.0393    23.4
1.2800         -80.5760     -80.6266       0.0506    30.1
1.2900         -80.5710     -80.6309       0.0600    35.7
1.3000         -80.5739     -80.6224       0.0486    28.9
1.3100         -80.5667     -80.6112       0.0445    26.5
1.3200         -80.5742     -80.6118       0.0377    22.4
1.3300         -80.5821     -80.6234       0.0413    24.6
1.3400         -80.5764     -80.6285       0.0521    31.0
1.3500         -80.5903     -80.6247       0.0344    20.5
1.3600         -80.5668     -80.6229       0.0561    33.4
1.3700         -80.5443     -80.6149       0.0707    42.1
1.3800         -80.5317     -80.6116       0.0799    47.6
1.3900         -80.5486     -80.6218       0.0733    43.6
1.4000         -80.5496     -80.6251       0.0755    44.9
1.4100         -80.5474     -80.6107       0.0632    37.6
1.4200         -80.5479     -80.5930       0.0451    26.9
1.4300         -80.5427     -80.5857       0.0430    25.6
1.4400         -80.5503     -80.5936       0.0433    25.8
1.4500         -80.5553     -80.6082       0.0529    31.5
1.4600         -80.5573     -80.6214       0.0641    38.1
1.4700         -80.5613     -80.6238       0.0625    37.2
1.4800         -80.5604     -80.6242       0.0638    37.9
1.4900         -80.5766     -80.6235       0.0469    27.9
1.5000         -80.5804     -80.6246       0.0442    26.3
1.5100         -80.5862     -80.6208       0.0346    20.6
1.5200         -80.5851     -80.6169       0.0318    19.0
1.5300         -80.5772     -80.6179       0.0407    24.2
1.5400         -80.5838     -80.6240       0.0402    23.9
1.5500         -80.5841     -80.6354       0.0513    30.5
1.5600         -80.5942     -80.6324       0.0382    22.7
1.5700         -80.5814     -80.6292       0.0478    28.4
1.5800         -80.5966     -80.6316       0.0350    20.8
1.5900         -80.5908     -80.6258       0.0351    20.9
1.6000         -80.5834     -80.6252       0.0417    24.8
1.6100         -80.5899     -80.6394       0.0494    29.4
1.6200         -80.6056     -80.6457       0.0401    23.9
1.6300         -80.6110     -80.6460       0.0349    20.8
1.6400         -80.6078     -80.6499       0.0421    25.1
1.6500         -80.6027     -80.6470       0.0443    26.4
1.6600         -80.5987     -80.6340       0.0353    21.0
1.6700         -80.5977     -80.6296       0.0319    19.0
1.6800         -80.5997     -80.6362       0.0366    21.8
1.6900         -80.5947     -80.6266       0.0319    19.0
1.7000         -80.5946     -80.6188       0.0242    14.4
1.7100         -80.5931     -80.6284       0.0353    21.0
1.7200         -80.5810     -80.6287       0.0477    28.4
1.7300         -80.5881     -80.6211       0.0330    19.6
1.7400         -80.5773     -80.6345       0.0571    34.0
1.7500         -80.5834     -80.6435       0.0600    35.7
1.7600         -80.5612     -80.6303       0.0692    41.2
1.7700         -80.5730     -80.6205       0.0474    28.2
1.7800         -80.5667     -80.6241       0.0574    34.2
1.7900         -80.5869     -80.6216       0.0347    20.7
1.8000         -80.5800     -80.6209       0.0409    24.4
1.8100         -80.5797     -80.6211       0.0414    24.7
1.8200         -80.5800     -80.6270       0.0470    28.0
1.8300         -80.5748     -80.6246       0.0498    29.7
1.8400         -80.5715     -80.6193       0.0477    28.4
1.8500         -80.5733     -80.6311       0.0578    34.4
1.8600         -80.5862     -80.6380       0.0518    30.9
1.8700         -80.5816     -80.6365       0.0549    32.7
1.8800         -80.5846     -80.6305       0.0459    27.3
1.8900         -80.5809     -80.6270       0.0461    27.4
1.9000         -80.5838     -80.6177       0.0339    20.2
1.9100         -80.5768     -80.6063       0.0296    17.6
1.9200         -80.5741     -80.6114       0.0372    22.1
1.9300         -80.5804     -80.6282       0.0479    28.5
1.9400         -80.5738     -80.6341       0.0603    35.9
1.9500         -80.5641     -80.6204       0.0562    33.5
1.9600         -80.5644     -80.6231       0.0587    34.9
1.9700         -80.5821     -80.6337       0.0517    30.7
1.9800         -80.5831     -80.6284       0.0453    26.9
1.9900         -80.5791     -80.6167       0.0376    22.4
2.0000         -80.5668     -80.6156       0.0489    29.1
2.0100         -80.5623     -80.6261       0.0637    37.9
2.0200         -80.5706     -80.6223       0.0518    30.8
2.0300         -80.5719     -80.6226       0.0507    30.2
2.0400         -80.5717     -80.6318       0.0602    35.8
2.0500         -80.5744     -80.6351       0.0607    36.1
2.0600         -80.5829     -80.6297       0.0468    27.9
2.0700         -80.5790     -80.6267       0.0477    28.4
2.0800         -80.5798     -80.6312       0.0513    30.5
2.0900         -80.5790     -80.6272       0.0482    28.7
2.1000         -80.5758     -80.6233       0.0475    28.3
2.1100         -80.5789     -80.6116       0.0327    19.4
2.1200         -80.5780     -80.6095       0.0315    18.7
2.1300         -80.5699     -80.6275       0.0576    34.3
2.1400         -80.5844     -80.6277       0.0432    25.7
2.1500         -80.5834     -80.6235       0.0401    23.9
2.1600         -80.5827     -80.6240       0.0413    24.6
2.1700         -80.5836     -80.6227       0.0391    23.2
2.1800         -80.5843     -80.6255       0.0412    24.5
2.1900         -80.5858     -80.6323       0.0465    27.7
2.2000         -80.5838     -80.6272       0.0434    25.8
2.2100         -80.5828     -80.6210       0.0382    22.7
2.2200         -80.5715     -80.6304       0.0590    35.1
2.2300         -80.5738     -80.6223       0.0485    28.9
2.2400         -80.5764     -80.6144       0.0380    22.6
2.2500         -80.5778     -80.6190       0.0412    24.5
2.2600         -80.5767     -80.6193       0.0426    25.4
2.2700         -80.5708     -80.6113       0.0405    24.1
2.2800         -80.5722     -80.6092       0.0370    22.0
2.2900         -80.5689     -80.6233       0.0544    32.4
2.3000         -80.5853     -80.6366       0.0514    30.6
2.3100         -80.5774     -80.6367       0.0592    35.3
2.3200         -80.5772     -80.6323       0.0551    32.8
2.3300         -80.5776     -80.6228       0.0452    26.9
2.3400         -80.5833     -80.6228       0.0395    23.5
2.3500         -80.5672     -80.6347       0.0675    40.2
2.3600         -80.5748     -80.6315       0.0567    33.8
2.3700         -80.5754     -80.6177       0.0423    25.2
2.3800         -80.5751     -80.6112       0.0361    21.5
2.3900         -80.5717     -80.6185       0.0467    27.8
2.4000         -80.5787     -80.6231       0.0445    26.5
2.4100         -80.5769     -80.6303       0.0533    31.7
2.4200         -80.5783     -80.6366       0.0583    34.7
2.4300         -80.5836     -80.6393       0.0557    33.2
2.4400         -80.5804     -80.6339       0.0535    31.9
2.4500         -80.5859     -80.6292       0.0433    25.8
2.4600         -80.5748     -80.6283       0.0535    31.8
2.4700         -80.5815     -80.6205       0.0391    23.2
2.4800         -80.5665     -80.6169       0.0505    30.0
2.4900         -80.5598     -80.6165       0.0568    33.8
2.5000         -80.5517     -80.6186       0.0669    39.8
2.5100         -80.5561     -80.6179       0.0618    36.8
2.5200         -80.5544     -80.6214       0.0670    39.9
2.5300         -80.5550     -80.6179       0.0628    37.4
2.5400         -80.5739     -80.6112       0.0373    22.2
2.5500         -80.5688     -80.6139       0.0451    26.8
2.5600         -80.5541     -80.6232       0.0691    41.1
2.5700         -80.5512     -80.6153       0.0641    38.2
2.5800         -80.5387     -80.5923       0.0535    31.8
2.5900         -80.5440     -80.5890       0.0450    26.8
2.6000         -80.5511     -80.6017       0.0506    30.1
2.6100         -80.5441     -80.6014       0.0572    34.1
2.6200         -80.5345     -80.5947       0.0602    35.8
2.6300         -80.5378     -80.5958       0.0580    34.5
2.6400         -80.5346     -80.6021       0.0675    40.1
2.6500         -80.5380     -80.6124       0.0745    44.3
2.6600         -80.5358     -80.6241       0.0883    52.5
2.6700         -80.5525     -80.6278       0.0753    44.8
2.6800         -80.5490     -80.6236       0.0746    44.4
2.6900         -80.5564     -80.6237       0.0673    40.0
2.7000         -80.5590     -80.6187       0.0597    35.5
2.7100         -80.5653     -80.6151       0.0499    29.7
2.7200         -80.5549     -80.6117       0.0568    33.8
2.7300         -80.5444     -80.6067       0.0622    37.0
2.7400         -80.5389     -80.6027       0.0639    38.0
2.7500         -80.5570     -80.5991       0.0420    25.0
2.7600         -80.5552     -80.6017       0.0465    27.7
2.7700         -80.5514     -80.6066       0.0552    32.9
2.7800         -80.5505     -80.6048       0.0542    32.3
2.7900         -80.5579     -80.6047       0.0468    27.9
2.8000         -80.5504     -80.6207       0.0703    41.8
2.8100         -80.5549     -80.6237       0.0687    40.9
2.8200         -80.5575     -80.6109       0.0534    31.8
2.8300         -80.5608     -80.6063       0.0455    27.1
2.8400         -80.5707     -80.6251       0.0544    32.4
2.8500         -80.5562     -80.6278       0.0716    42.6
2.8600         -80.5471     -80.6085       0.0614    36.5
2.8700         -80.5345     -80.5904       0.0559    33.3
2.8800         -80.5330     -80.5968       0.0638    38.0
2.8900         -80.5316     -80.5994       0.0679    40.4
2.9000         -80.5370     -80.5992       0.0622    37.0
2.9100         -80.5209     -80.6102       0.0893    53.1
2.9200         -80.5333     -80.6093       0.0759    45.2
2.9300         -80.5461     -80.5947       0.0486    28.9
2.9400         -80.5456     -80.5905       0.0449    26.7
2.9500         -80.5410     -80.6029       0.0620    36.9
2.9600         -80.5477     -80.6199       0.0723    43.0
2.9700         -80.5546     -80.6203       0.0657    39.1
2.9800         -80.5516     -80.6095       0.0579    34.5
2.9900         -80.5456     -80.6123       0.0667    39.7
3.0000         -80.5415     -80.6254       0.0839    49.9
3.0100         -80.5490     -80.6258       0.0768    45.7
3.0200         -80.5655     -80.6211       0.0556    33.1
3.0300         -80.5589     -80.6270       0.0681    40.5
3.0400         -80.5545     -80.6226       0.0681    40.5
3.0500         -80.5618     -80.6125       0.0507    30.2
3.0600         -80.5541     -80.6063       0.0521    31.0
3.0700         -80.5482     -80.6027       0.0545    32.4
3.0800         -80.5500     -80.6005       0.0505    30.0
3.0900         -80.5432     -80.6036       0.0603    35.9
3.1000         -80.5527     -80.6075       0.0548    32.6
3.1100         -80.5638     -80.6123       0.0485    28.9
3.1200         -80.5758     -80.6220       0.0462    27.5
3.1300         -80.5778     -80.6277       0.0499    29.7
3.1400         -80.5801     -80.6266       0.0464    27.6
3.1500         -80.5677     -80.6286       0.0609    36.2
3.1600         -80.5666     -80.6280       0.0615    36.6
3.1700         -80.5715     -80.6301       0.0585    34.8
3.1800         -80.5748     -80.6361       0.0614    36.5
3.1900         -80.5742     -80.6369       0.0627    37.3
3.2000         -80.5730     -80.6283       0.0553    32.9
3.2100         -80.5735     -80.6173       0.0437    26.0
3.2200         -80.5743     -80.6164       0.0421    25.1
3.2300         -80.5704     -80.6162       0.0458    27.2
3.2400         -80.5689     -80.6111       0.0423    25.2
3.2500         -80.5704     -80.6045       0.0341    20.3
3.2600         -80.5735     -80.6031       0.0296    17.6
3.2700         -80.5764     -80.6127       0.0363    21.6
3.2800         -80.5747     -80.6227       0.0480    28.6
3.2900         -80.5642     -80.6287       0.0645    38.4
3.3000         -80.5680     -80.6387       0.0707    42.1
3.3100         -80.5732     -80.6421       0.0688    41.0
3.3200         -80.5781     -80.6263       0.0482    28.7
3.3300         -80.5770     -80.6093       0.0323    19.2
3.3400         -80.5692     -80.6138       0.0446    26.5
3.3500         -80.5759     -80.6266       0.0507    30.2
3.3600         -80.5701     -80.6346       0.0646    38.4
3.3700         -80.5713     -80.6252       0.0539    32.1
3.3800         -80.5626     -80.6143       0.0517    30.8
3.3900         -80.5608     -80.6115       0.0507    30.2
3.4000         -80.5726     -80.6064       0.0338    20.1
3.4100         -80.5616     -80.6145       0.0529    31.5
3.4200         -80.5500     -80.6218       0.0718    42.7
3.4300         -80.5431     -80.6187       0.0756    45.0
3.4400         -80.5279     -80.6116       0.0837    49.8
3.4500         -80.5225     -80.5963       0.0738    43.9
3.4600         -80.5274     -80.5925       0.0651    38.8
3.4700         -80.5263     -80.6050       0.0787    46.9
3.4800         -80.5253     -80.6093       0.0840    50.0
3.4900         -80.5237     -80.5893       0.0656    39.0
3.5000         -80.5352     -80.5816       0.0464    27.6
3.5100         -80.5439     -80.5955       0.0516    30.7
3.5200         -80.5441     -80.5922       0.0481    28.6
3.5300         -80.5378     -80.5868       0.0490    29.1
3.5400         -80.5386     -80.5999       0.0613    36.5
3.5500         -80.5510     -80.6118       0.0608    36.2
3.5600         -80.5487     -80.6029       0.0542    32.2
3.5700         -80.5530     -80.6072       0.0542    32.2
3.5800         -80.5470     -80.6215       0.0744    44.3
3.5900         -80.5516     -80.6156       0.0641    38.1
3.6000         -80.5505     -80.6023       0.0518    30.8
3.6100         -80.5597     -80.6119       0.0522    31.1
3.6200         -80.5668     -80.6233       0.0565    33.6
3.6300         -80.5646     -80.6295       0.0649    38.6
3.6400         -80.5571     -80.6260       0.0689    41.0
3.6500         -80.5527     -80.6189       0.0662    39.4
3.6600         -80.5436     -80.6124       0.0688    40.9
3.6700         -80.5346     -80.6012       0.0666    39.7
3.6800         -80.5410     -80.5934       0.0524    31.2
3.6900         -80.5492     -80.5927       0.0435    25.9
3.7000         -80.5390     -80.5898       0.0508    30.2
3.7100         -80.5266     -80.5867       0.0600    35.7
3.7200         -80.5349     -80.5854       0.0506    30.1
3.7300         -80.5416     -80.6002       0.0586    34.9
3.7400         -80.5432     -80.6163       0.0730    43.5
3.7500         -80.5649     -80.6140       0.0490    29.2
3.7600         -80.5719     -80.6047       0.0328    19.5
3.7700         -80.5759     -80.6190       0.0431    25.7
3.7800         -80.5780     -80.6295       0.0515    30.7
3.7900         -80.5793     -80.6286       0.0493    29.3
3.8000         -80.5825     -80.6255       0.0431    25.6
3.8100         -80.5796     -80.6245       0.0449    26.7
3.8200         -80.5883     -80.6223       0.0340    20.2
3.8300         -80.5820     -80.6245       0.0424    25.3
3.8400         -80.5806     -80.6221       0.0415    24.7
3.8500         -80.5747     -80.6124       0.0377    22.4
3.8600         -80.5699     -80.6021       0.0322    19.2
3.8700         -80.5703     -80.6045       0.0342    20.3
3.8800         -80.5681     -80.6260       0.0578    34.4
3.8900         -80.5653     -80.6431       0.0778    46.3
3.9000         -80.5699     -80.6320       0.0621    36.9
3.9100         -80.5570     -80.6178       0.0609    36.2
3.9200         -80.5622     -80.6155       0.0533    31.7
3.9300         -80.5670     -80.6185       0.0515    30.6
3.9400         -80.5756     -80.6226       0.0469    27.9
3.9500         -80.5702     -80.6186       0.0484    28.8
3.9600         -80.5547     -80.6147       0.0600    35.7
3.9700         -80.5511     -80.6157       0.0646    38.4
3.9800         -80.5433     -80.6078       0.0645    38.4
3.9900         -80.5501     -80.6032       0.0530    31.6
4.0000         -80.5446     -80.6136       0.0690    41.1
4.0100         -80.5369     -80.6077       0.0708    42.1
4.0200         -80.5321     -80.5898       0.0578    34.4
4.0300         -80.5347     -80.5803       0.0455    27.1
4.0400         -80.5356     -80.6022       0.0666    39.6
4.0500         -80.5496     -80.6207       0.0711    42.3
4.0600         -80.5551     -80.6238       0.0686    40.8
4.0700         -80.5651     -80.6129       0.0478    28.5
4.0800         -80.5528     -80.6052       0.0524    31.2
4.0900         -80.5570     -80.6059       0.0489    29.1
4.1000         -80.5576     -80.6155       0.0579    34.5
4.1100         -80.5614     -80.6169       0.0555    33.0
4.1200         -80.5503     -80.6141       0.0638    38.0
4.1300         -80.5465     -80.6124       0.0659    39.2
4.1400         -80.5498     -80.6112       0.0613    36.5
4.1500         -80.5522     -80.6090       0.0568    33.8
4.1600         -80.5558     -80.6162       0.0604    35.9
4.1700         -80.5581     -80.6243       0.0661    39.4
4.1800         -80.5440     -80.6234       0.0794    47.3
4.1900         -80.5563     -80.6188       0.0624    37.2
4.2000         -80.5617     -80.6136       0.0519    30.9
4.2100         -80.5543     -80.6062       0.0519    30.9
4.2200         -80.5478     -80.6045       0.0567    33.7
4.2300         -80.5454     -80.6178       0.0724    43.1
4.2400         -80.5421     -80.6211       0.0790    47.0
4.2500         -80.5454     -80.6142       0.0688    41.0
4.2600         -80.5477     -80.6157       0.0680    40.5
4.2700         -80.5511     -80.6182       0.0670    39.9
4.2800         -80.5638     -80.6150       0.0512    30.5
4.2900         -80.5746     -80.6111       0.0365    21.7
4.3000         -80.5680     -80.6149       0.0468    27.9
4.3100         -80.5636     -80.6240       0.0604    35.9
4.3200         -80.5606     -80.6296       0.0690    41.0
4.3300         -80.5617     -80.6196       0.0579    34.5
4.3400         -80.5593     -80.6131       0.0538    32.0
4.3500         -80.5590     -80.6076       0.0485    28.9
4.3600         -80.5568     -80.6041       0.0473    28.1
4.3700         -80.5561     -80.6064       0.0503    29.9
4.3800         -80.5564     -80.6110       0.0546    32.5
4.3900         -80.5560     -80.6073       0.0513    30.5
4.4000         -80.5626     -80.6137       0.0511    30.4
4.4100         -80.5627     -80.6151       0.0524    31.2
4.4200         -80.5637     -80.6053       0.0416    24.7
4.4300         -80.5476     -80.6014       0.0538    32.0
4.4400         -80.5567     -80.6152       0.0585    34.8
4.4500         -80.5560     -80.6209       0.0648    38.6
4.4600         -80.5517     -80.6198       0.0681    40.5
4.4700         -80.5567     -80.6138       0.0572    34.0
4.4800         -80.5537     -80.6152       0.0615    36.6
4.4900         -80.5543     -80.6192       0.0649    38.6
4.5000         -80.5531     -80.6159       0.0629    37.4
4.5100         -80.5592     -80.6077       0.0485    28.8
4.5200         -80.5560     -80.6127       0.0566    33.7
4.5300         -80.5476     -80.6163       0.0687    40.9
4.5400         -80.5478     -80.6127       0.0649    38.6
4.5500         -80.5525     -80.6081       0.0556    33.1
4.5600         -80.5490     -80.6164       0.0674    40.1
4.5700         -80.5522     -80.6150       0.0628    37.4
4.5800         -80.5388     -80.6137       0.0749    44.6
4.5900         -80.5375     -80.6211       0.0836    49.7
4.6000         -80.5444     -80.6204       0.0760    45.2
4.6100         -80.5523     -80.6058       0.0535    31.9
4.6200         -80.5396     -80.5948       0.0552    32.9
4.6300         -80.5349     -80.5998       0.0650    38.7
4.6400         -80.5433     -80.6081       0.0647    38.5
4.6500         -80.5364     -80.6022       0.0657    39.1
4.6600         -80.5363     -80.5974       0.0611    36.4
4.6700         -80.5319     -80.5959       0.0640    38.1
4.6800         -80.5462     -80.6035       0.0573    34.1
4.6900         -80.5508     -80.6216       0.0709    42.2
4.7000         -80.5614     -80.6324       0.0709    42.2
4.7100         -80.5732     -80.6301       0.0569    33.9
4.7200         -80.5681     -80.6147       0.0466    27.7
4.7300         -80.5646     -80.5974       0.0328    19.5
4.7400         -80.5590     -80.6014       0.0425    25.3
4.7500         -80.5529     -80.6143       0.0614    36.5
4.7600         -80.5738     -80.6185       0.0446    26.6
4.7700         -80.5825     -80.6218       0.0393    23.4
4.7800         -80.5703     -80.6258       0.0555    33.1
4.7900         -80.5594     -80.6239       0.0646    38.4
4.8000         -80.5704     -80.6163       0.0459    27.3
4.8100         -80.5736     -80.6163       0.0427    25.4
4.8200         -80.5751     -80.6217       0.0465    27.7
4.8300         -80.5852     -80.6274       0.0423    25.2
4.8400         -80.5768     -80.6291       0.0524    31.2
4.8500         -80.5750     -80.6305       0.0555    33.0
4.8600         -80.5764     -80.6324       0.0560    33.3
4.8700         -80.5686     -80.6246       0.0561    33.4
4.8800         -80.5775     -80.6238       0.0462    27.5
4.8900         -80.5826     -80.6368       0.0542    32.2
4.9000         -80.5725     -80.6297       0.0572    34.1
4.9100         -80.5688     -80.6210       0.0521    31.0
4.9200         -80.5798     -80.6220       0.0421    25.1
4.9300         -80.5820     -80.6172       0.0352    21.0
4.9400         -80.5862     -80.6166       0.0305    18.1
4.9500         -80.5857     -80.6299       0.0442    26.3
4.9600         -80.5762     -80.6278       0.0516    30.7
4.9700         -80.5713     -80.6119       0.0406    24.2
4.9800         -80.5850     -80.6243       0.0393    23.4
4.9900         -80.5872     -80.6390       0.0518    30.8
5.0000         -80.5875     -80.6268       0.0393    23.4
Time[ps]      Etot[eV]     Epot[eV]     Ekin[eV]    T[K]
0.0000         -80.6576     -80.6576       0.0000     0.0
0.0050         -80.6564     -80.6580       0.0015     0.9
0.0100         -80.6553     -80.6588       0.0035     2.1
0.0150         -80.6544     -80.6598       0.0054     3.2
0.0200         -80.6529     -80.6608       0.0079     4.7
0.0250         -80.6508     -80.6617       0.0109     6.5
0.0300         -80.6494     -80.6619       0.0125     7.5
0.0350         -80.6492     -80.6615       0.0123     7.3
0.0400         -80.6486     -80.6607       0.0121     7.2
0.0450         -80.6478     -80.6602       0.0124     7.4
0.0500         -80.6457     -80.6606       0.0149     8.9
0.0550         -80.6437     -80.6618       0.0181    10.8
0.0600         -80.6446     -80.6631       0.0185    11.0
0.0650         -80.6443     -80.6642       0.0199    11.9
0.0700         -80.6445     -80.6644       0.0199    11.8
0.0750         -80.6465     -80.6632       0.0167    10.0
0.0800         -80.6460     -80.6615       0.0154     9.2
0.0850         -80.6453     -80.6602       0.0148     8.8
0.0900         -80.6434     -80.6593       0.0159     9.5
0.0950         -80.6422     -80.6587       0.0164     9.8
0.1000         -80.6377     -80.6578       0.0200    11.9
0.1050         -80.6391     -80.6563       0.0172    10.3
0.1100         -80.6371     -80.6546       0.0175    10.4
0.1150         -80.6358     -80.6527       0.0168    10.0
0.1200         -80.6352     -80.6513       0.0161     9.6
0.1250         -80.6342     -80.6501       0.0159     9.5
0.1300         -80.6306     -80.6488       0.0182    10.8
0.1350         -80.6313     -80.6471       0.0158     9.4
0.1400         -80.6303     -80.6455       0.0151     9.0
0.1450         -80.6289     -80.6452       0.0163     9.7
0.1500         -80.6272     -80.6470       0.0198    11.8
0.1550         -80.6285     -80.6496       0.0211    12.6
0.1600         -80.6250     -80.6522       0.0272    16.2
0.1650         -80.6240     -80.6537       0.0297    17.7
0.1700         -80.6224     -80.6531       0.0307    18.3
0.1750         -80.6238     -80.6509       0.0271    16.1
0.1800         -80.6239     -80.6489       0.0250    14.9
0.1850         -80.6239     -80.6480       0.0240    14.3
0.1900         -80.6231     -80.6484       0.0253    15.1
0.1950         -80.6208     -80.6488       0.0280    16.7
0.2000         -80.6194     -80.6478       0.0284    16.9
0.2050         -80.6197     -80.6461       0.0264    15.7
0.2100         -80.6199     -80.6452       0.0253    15.0
0.2150         -80.6219     -80.6460       0.0241    14.3
0.2200         -80.6239     -80.6484       0.0245    14.6
0.2250         -80.6261     -80.6507       0.0246    14.6
0.2300         -80.6254     -80.6525       0.0271    16.1
0.2350         -80.6257     -80.6527       0.0270    16.1
0.2400         -80.6258     -80.6508       0.0250    14.9
0.2450         -80.6291     -80.6480       0.0189    11.3
0.2500         -80.6277     -80.6462       0.0185    11.0
0.2550         -80.6263     -80.6457       0.0195    11.6
0.2600         -80.6246     -80.6458       0.0211    12.6
0.2650         -80.6253     -80.6458       0.0205    12.2
0.2700         -80.6253     -80.6454       0.0201    11.9
0.2750         -80.6224     -80.6453       0.0229    13.6
0.2800         -80.6256     -80.6449       0.0193    11.5
0.2850         -80.6260     -80.6453       0.0193    11.5
0.2900         -80.6255     -80.6461       0.0205    12.2
0.2950         -80.6252     -80.6470       0.0217    12.9
0.3000         -80.6254     -80.6470       0.0217    12.9
0.3050         -80.6269     -80.6463       0.0195    11.6
0.3100         -80.6244     -80.6455       0.0211    12.6
0.3150         -80.6232     -80.6452       0.0220    13.1
0.3200         -80.6232     -80.6453       0.0221    13.1
0.3250         -80.6234     -80.6449       0.0215    12.8
0.3300         -80.6208     -80.6450       0.0242    14.4
0.3350         -80.6190     -80.6455       0.0264    15.7
0.3400         -80.6142     -80.6457       0.0315    18.8
0.3450         -80.6125     -80.6456       0.0331    19.7
0.3500         -80.6089     -80.6462       0.0374    22.2
0.3550         -80.6071     -80.6479       0.0408    24.3
0.3600         -80.6083     -80.6485       0.0402    23.9
0.3650         -80.6074     -80.6466       0.0392    23.3
0.3700         -80.6081     -80.6428       0.0347    20.7
0.3750         -80.6070     -80.6387       0.0317    18.9
0.3800         -80.6071     -80.6353       0.0281    16.7
0.3850         -80.6095     -80.6345       0.0250    14.9
0.3900         -80.6090     -80.6359       0.0269    16.0
0.3950         -80.6071     -80.6378       0.0307    18.3
0.4000         -80.6076     -80.6383       0.0307    18.3
0.4050         -80.6063     -80.6382       0.0320    19.0
0.4100         -80.6038     -80.6379       0.0341    20.3
0.4150         -80.6025     -80.6371       0.0345    20.6
0.4200         -80.6018     -80.6360       0.0342    20.3
0.4250         -80.6053     -80.6343       0.0290    17.2
0.4300         -80.6035     -80.6327       0.0292    17.4
0.4350         -80.6049     -80.6316       0.0267    15.9
0.4400         -80.6044     -80.6328       0.0284    16.9
0.4450         -80.6030     -80.6366       0.0336    20.0
0.4500         -80.5990     -80.6416       0.0425    25.3
0.4550         -80.6033     -80.6445       0.0412    24.5
0.4600         -80.6041     -80.6455       0.0414    24.6
0.4650         -80.6078     -80.6448       0.0370    22.0
0.4700         -80.6075     -80.6426       0.0351    20.9
0.4750         -80.6086     -80.6398       0.0311    18.5
0.4800         -80.6096     -80.6383       0.0286    17.0
0.4850         -80.6107     -80.6383       0.0276    16.4
0.4900         -80.6080     -80.6387       0.0307    18.2
0.4950         -80.6062     -80.6385       0.0323    19.2
0.5000         -80.6046     -80.6367       0.0321    19.1
0.5050         -80.6016     -80.6334       0.0318    18.9
0.5100         -80.6014     -80.6306       0.0293    17.4
0.5150         -80.6004     -80.6295       0.0292    17.4
0.5200         -80.6009     -80.6314       0.0305    18.1
0.5250         -80.6001     -80.6361       0.0360    21.4
0.5300         -80.6009     -80.6411       0.0402    23.9
0.5350         -80.6017     -80.6433       0.0415    24.7
0.5400         -80.5972     -80.6424       0.0452    26.9
0.5450         -80.5949     -80.6397       0.0449    26.7
0.5500         -80.5929     -80.6364       0.0434    25.8
0.5550         -80.5911     -80.6346       0.0434    25.8
0.5600         -80.5960     -80.6347       0.0386    23.0
0.5650         -80.5952     -80.6363       0.0410    24.4
0.5700         -80.5958     -80.6376       0.0417    24.8
0.5750         -80.5896     -80.6376       0.0481    28.6
0.5800         -80.5908     -80.6355       0.0448    26.7
0.5850         -80.5880     -80.6324       0.0444    26.4
0.5900         -80.5887     -80.6293       0.0406    24.2
0.5950         -80.5928     -80.6269       0.0342    20.3
0.6000         -80.5945     -80.6264       0.0319    19.0
0.6050         -80.5939     -80.6258       0.0318    19.0
0.6100         -80.5942     -80.6248       0.0306    18.2
0.6150         -80.5919     -80.6234       0.0315    18.8
0.6200         -80.5913     -80.6225       0.0311    18.5
0.6250         -80.5893     -80.6244       0.0351    20.9
0.6300         -80.5907     -80.6284       0.0377    22.4
0.6350         -80.5948     -80.6322       0.0375    22.3
0.6400         -80.5918     -80.6351       0.0434    25.8
0.6450         -80.5932     -80.6367       0.0435    25.9
0.6500         -80.5903     -80.6341       0.0438    26.1
0.6550         -80.5944     -80.6284       0.0340    20.2
0.6600         -80.5925     -80.6218       0.0294    17.5
0.6650         -80.5886     -80.6188       0.0301    17.9
0.6700         -80.5888     -80.6211       0.0323    19.2
0.6750         -80.5922     -80.6264       0.0342    20.3
0.6800         -80.5934     -80.6319       0.0385    22.9
0.6850         -80.5957     -80.6335       0.0378    22.5
0.6900         -80.5970     -80.6312       0.0341    20.3
0.6950         -80.5948     -80.6287       0.0338    20.1
0.7000         -80.5954     -80.6290       0.0336    20.0
0.7050         -80.5901     -80.6344       0.0443    26.4
0.7100         -80.5917     -80.6418       0.0502    29.9
0.7150         -80.5897     -80.6473       0.0576    34.3
0.7200         -80.5883     -80.6471       0.0587    35.0
0.7250         -80.5879     -80.6409       0.0530    31.5
0.7300         -80.5858     -80.6324       0.0466    27.7
0.7350         -80.5850     -80.6267       0.0416    24.8
0.7400         -80.5824     -80.6265       0.0441    26.3
0.7450         -80.5807     -80.6295       0.0487    29.0
0.7500         -80.5837     -80.6332       0.0495    29.4
0.7550         -80.5795     -80.6340       0.0545    32.4
0.7600         -80.5763     -80.6319       0.0556    33.1
0.7650         -80.5743     -80.6290       0.0547    32.6
0.7700         -80.5770     -80.6251       0.0481    28.6
0.7750         -80.5761     -80.6231       0.0471    28.0
0.7800         -80.5790     -80.6253       0.0464    27.6
0.7850         -80.5821     -80.6290       0.0469    27.9
Time[ps]      Etot[eV]     Epot[eV]     Ekin[eV]    T[K]
0.0000        -6049.321    -6049.321        0.000     0.0
0.0050        -6049.249    -6049.350        0.101     0.8
0.0100        -6049.171    -6049.419        0.247     2.0
0.0150        -6049.103    -6049.489        0.386     3.1
0.0200        -6049.029    -6049.534        0.505     4.0
0.0250        -6048.952    -6049.547        0.595     4.7
0.0300        -6048.874    -6049.537        0.663     5.3
0.0350        -6048.817    -6049.524        0.707     5.6
0.0400        -6048.742    -6049.529        0.788     6.2
0.0450        -6048.699    -6049.567        0.868     6.9
0.0500        -6048.648    -6049.632        0.984     7.8
0.0550        -6048.592    -6049.708        1.116     8.9
0.0600        -6048.547    -6049.771        1.224     9.7
0.0650        -6048.453    -6049.803        1.349    10.7
0.0700        -6048.402    -6049.795        1.392    11.0
0.0750        -6048.347    -6049.755        1.408    11.2
0.0800        -6048.276    -6049.693        1.417    11.2
0.0850        -6048.236    -6049.627        1.391    11.0
0.0900        -6048.190    -6049.571        1.380    11.0
0.0950        -6048.139    -6049.525        1.386    11.0
0.1000        -6048.085    -6049.481        1.397    11.1
0.1050        -6048.031    -6049.424        1.393    11.1
0.1100        -6047.983    -6049.345        1.362    10.8
0.1150        -6047.936    -6049.247        1.311    10.4
0.1200        -6047.892    -6049.142        1.250     9.9
0.1250        -6047.846    -6049.037        1.190     9.4
0.1300        -6047.776    -6048.940        1.164     9.2
0.1350        -6047.720    -6048.856        1.136     9.0
0.1400        -6047.665    -6048.788        1.123     8.9
0.1450        -6047.600    -6048.735        1.135     9.0
0.1500        -6047.533    -6048.693        1.160     9.2
0.1550        -6047.485    -6048.660        1.174     9.3
0.1600        -6047.433    -6048.635        1.202     9.5
0.1650        -6047.375    -6048.617        1.242     9.9
0.1700        -6047.338    -6048.605        1.266    10.0
0.1750        -6047.309    -6048.593        1.284    10.2
0.1800        -6047.259    -6048.586        1.327    10.5
0.1850        -6047.191    -6048.583        1.393    11.0
0.1900        -6047.145    -6048.584        1.438    11.4
0.1950        -6047.106    -6048.591        1.485    11.8
0.2000        -6047.073    -6048.608        1.535    12.2
0.2050        -6047.023    -6048.630        1.607    12.8
0.2100        -6046.962    -6048.655        1.692    13.4
0.2150        -6046.906    -6048.679        1.773    14.1
0.2200        -6046.878    -6048.699        1.821    14.4
0.2250        -6046.859    -6048.711        1.853    14.7
0.2300        -6046.835    -6048.717        1.881    14.9
0.2350        -6046.771    -6048.730        1.958    15.5
0.2400        -6046.739    -6048.754        2.015    16.0
0.2450        -6046.708    -6048.778        2.070    16.4
0.2500        -6046.659    -6048.790        2.131    16.9
0.2550        -6046.641    -6048.776        2.135    16.9
0.2600        -6046.616    -6048.725        2.109    16.7
0.2650        -6046.598    -6048.651        2.053    16.3
0.2700        -6046.568    -6048.575        2.006    15.9
0.2750        -6046.534    -6048.514        1.980    15.7
0.2800        -6046.503    -6048.472        1.968    15.6
0.2850        -6046.484    -6048.447        1.963    15.6
0.2900        -6046.420    -6048.431        2.011    16.0
0.2950        -6046.374    -6048.407        2.033    16.1
0.3000        -6046.347    -6048.372        2.025    16.1
0.3050        -6046.311    -6048.320        2.009    15.9
0.3100        -6046.303    -6048.256        1.953    15.5
0.3150        -6046.265    -6048.184        1.919    15.2
0.3200        -6046.217    -6048.118        1.901    15.1
0.3250        -6046.168    -6048.067        1.899    15.1
0.3300        -6046.104    -6048.038        1.933    15.3
0.3350        -6046.057    -6048.028        1.971    15.6
0.3400        -6045.994    -6048.023        2.029    16.1
0.3450        -6045.951    -6048.005        2.054    16.3
0.3500        -6045.915    -6047.965        2.051    16.3
0.3550        -6045.903    -6047.920        2.018    16.0
0.3600        -6045.851    -6047.883        2.032    16.1
0.3650        -6045.834    -6047.868        2.034    16.1
0.3700        -6045.765    -6047.879        2.114    16.8
0.3750        -6045.763    -6047.907        2.145    17.0
0.3800        -6045.732    -6047.946        2.214    17.6
0.3850        -6045.675    -6047.988        2.313    18.4
0.3900        -6045.687    -6048.027        2.340    18.6
0.3950        -6045.661    -6048.069        2.409    19.1
0.4000        -6045.622    -6048.115        2.493    19.8
0.4050        -6045.587    -6048.150        2.563    20.3
0.4100        -6045.584    -6048.157        2.573    20.4
0.4150        -6045.530    -6048.134        2.604    20.7
0.4200        -6045.530    -6048.097        2.567    20.4
0.4250        -6045.488    -6048.067        2.579    20.5
0.4300        -6045.491    -6048.063        2.572    20.4
0.4350        -6045.470    -6048.081        2.611    20.7
0.4400        -6045.438    -6048.093        2.655    21.1
0.4450        -6045.397    -6048.074        2.677    21.2
0.4500        -6045.370    -6048.015        2.645    21.0
0.4550        -6045.354    -6047.933        2.579    20.5
0.4600        -6045.302    -6047.857        2.555    20.3
0.4650        -6045.277    -6047.808        2.530    20.1
0.4700        -6045.243    -6047.793        2.551    20.2
0.4750        -6045.204    -6047.798        2.595    20.6
0.4800        -6045.213    -6047.792        2.579    20.5
0.4850        -6045.228    -6047.758        2.529    20.1
0.4900        -6045.226    -6047.692        2.466    19.6
0.4950        -6045.189    -6047.619        2.429    19.3
0.5000        -6045.163    -6047.559        2.395    19.0
0.5050        -6045.130    -6047.525        2.395    19.0
0.5100        -6045.077    -6047.517        2.440    19.4
0.5150        -6045.051    -6047.525        2.473    19.6
0.5200        -6045.028    -6047.539        2.511    19.9
0.5250        -6045.014    -6047.556        2.542    20.2
0.5300        -6045.010    -6047.568        2.558    20.3
0.5350        -6044.985    -6047.564        2.579    20.5
0.5400        -6044.960    -6047.544        2.584    20.5
0.5450        -6044.927    -6047.526        2.599    20.6
0.5500        -6044.910    -6047.523        2.614    20.7
0.5550        -6044.887    -6047.545        2.658    21.1
0.5600        -6044.864    -6047.591        2.727    21.6
0.5650        -6044.809    -6047.642        2.833    22.5
0.5700        -6044.793    -6047.675        2.882    22.9
0.5750        -6044.773    -6047.679        2.906    23.1
0.5800        -6044.721    -6047.653        2.932    23.3
0.5850        -6044.695    -6047.618        2.923    23.2
0.5900        -6044.660    -6047.601        2.941    23.3
0.5950        -6044.614    -6047.607        2.992    23.7
0.6000        -6044.594    -6047.617        3.023    24.0
0.6050        -6044.578    -6047.619        3.041    24.1
0.6100        -6044.563    -6047.596        3.034    24.1
0.6150        -6044.526    -6047.554        3.028    24.0
0.6200        -6044.495    -6047.510        3.014    23.9
0.6250        -6044.473    -6047.479        3.006    23.9
0.6300        -6044.437    -6047.462        3.024    24.0
0.6350        -6044.390    -6047.445        3.055    24.2
0.6400        -6044.364    -6047.414        3.050    24.2
0.6450        -6044.378    -6047.362        2.984    23.7
0.6500        -6044.354    -6047.297        2.944    23.4
0.6550        -6044.318    -6047.241        2.923    23.2
0.6600        -6044.310    -6047.212        2.902    23.0
0.6650        -6044.268    -6047.220        2.952    23.4
0.6700        -6044.239    -6047.240        3.001    23.8
0.6750        -6044.220    -6047.246        3.026    24.0
0.6800        -6044.218    -6047.226        3.007    23.9
0.6850        -6044.199    -6047.185        2.987    23.7
0.6900        -6044.161    -6047.139        2.978    23.6
0.6950        -6044.163    -6047.114        2.951    23.4
0.7000        -6044.141    -6047.124        2.983    23.7
0.7050        -6044.103    -6047.157        3.054    24.2
0.7100        -6044.089    -6047.193        3.104    24.6
0.7150        -6044.094    -6047.216        3.122    24.8
0.7200        -6044.117    -6047.220        3.103    24.6
0.7250        -6044.117    -6047.205        3.087    24.5
0.7300        -6044.087    -6047.190        3.103    24.6
0.7350        -6044.088    -6047.182        3.094    24.6
0.7400        -6044.012    -6047.178        3.167    25.1
0.7450        -6044.000    -6047.184        3.184    25.3
0.7500        -6043.995    -6047.197        3.201    25.4
0.7550        -6043.958    -6047.209        3.251    25.8
0.7600        -6043.919    -6047.204        3.284    26.1
0.7650        -6043.925    -6047.173        3.248    25.8
0.7700        -6043.933    -6047.134        3.201    25.4
0.7750        -6043.922    -6047.112        3.190    25.3
0.7800        -6043.913    -6047.118        3.204    25.4
0.7850        -6043.891    -6047.149        3.258    25.9
0.7900        -6043.903    -6047.204        3.301    26.2
0.7950        -6043.907    -6047.252        3.344    26.5
0.8000        -6043.924    -6047.258        3.333    26.4
0.8050        -6043.919    -6047.226        3.307    26.2
0.8100        -6043.925    -6047.164        3.239    25.7
0.8150        -6043.908    -6047.094        3.186    25.3
0.8200        -6043.903    -6047.034        3.131    24.8
0.8250        -6043.885    -6047.006        3.121    24.8
0.8300        -6043.872    -6047.000        3.127    24.8
0.8350        -6043.856    -6047.020        3.164    25.1
0.8400        -6043.865    -6047.054        3.189    25.3
0.8450        -6043.851    -6047.080        3.229    25.6
0.8500        -6043.833    -6047.086        3.252    25.8
0.8550        -6043.830    -6047.066        3.236    25.7
0.8600        -6043.834    -6047.036        3.202    25.4
0.8650        -6043.809    -6047.010        3.201    25.4
0.8700        -6043.813    -6047.004        3.191    25.3
0.8750        -6043.799    -6047.026        3.227    25.6
0.8800        -6043.792    -6047.053        3.261    25.9
0.8850        -6043.778    -6047.064        3.286    26.1
0.8900        -6043.764    -6047.047        3.283    26.1
0.8950        -6043.758    -6047.020        3.261    25.9
0.9000        -6043.716    -6047.003        3.287    26.1
0.9050        -6043.690    -6047.004        3.314    26.3
0.9100        -6043.700    -6047.018        3.317    26.3
0.9150        -6043.682    -6047.028        3.346    26.6
0.9200        -6043.674    -6047.032        3.358    26.6
0.9250        -6043.652    -6047.030        3.378    26.8
0.9300        -6043.625    -6047.021        3.396    26.9
0.9350        -6043.649    -6047.007        3.358    26.6
0.9400        -6043.640    -6046.993        3.354    26.6
0.9450        -6043.632    -6046.986        3.355    26.6
0.9500        -6043.637    -6046.998        3.361    26.7
0.9550        -6043.626    -6047.025        3.399    27.0
0.9600        -6043.620    -6047.060        3.440    27.3
0.9650        -6043.650    -6047.095        3.445    27.3
0.9700        -6043.662    -6047.112        3.450    27.4
0.9750        -6043.661    -6047.104        3.442    27.3
0.9800        -6043.660    -6047.073        3.412    27.1
0.9850        -6043.631    -6047.028        3.396    26.9
0.9900        -6043.677    -6046.978        3.301    26.2
0.9950        -6043.676    -6046.951        3.275    26.0
1.0000        -6043.683    -6046.958        3.275    26.0
1.0050        -6043.684    -6046.993        3.309    26.3
1.0100        -6043.657    -6047.038        3.380    26.8
1.0150        -6043.676    -6047.067        3.391    26.9
1.0200        -6043.651    -6047.061        3.410    27.1
1.0250        -6043.652    -6047.030        3.378    26.8
1.0300        -6043.625    -6046.993        3.368    26.7
1.0350        -6043.607    -6046.961        3.354    26.6
1.0400        -6043.596    -6046.949        3.354    26.6
1.0450        -6043.569    -6046.953        3.384    26.8
1.0500        -6043.604    -6046.954        3.351    26.6
1.0550        -6043.596    -6046.944        3.348    26.6
1.0600        -6043.598    -6046.918        3.320    26.3
1.0650        -6043.564    -6046.893        3.329    26.4
1.0700        -6043.542    -6046.873        3.332    26.4
1.0750        -6043.495    -6046.846        3.351    26.6
1.0800        -6043.485    -6046.815        3.330    26.4
1.0850        -6043.441    -6046.789        3.348    26.6
1.0900        -6043.447    -6046.777        3.330    26.4
1.0950        -6043.437    -6046.789        3.352    26.6
1.1000        -6043.404    -6046.828        3.424    27.2
1.1050        -6043.396    -6046.883        3.487    27.7
1.1100        -6043.394    -6046.940        3.546    28.1
1.1150        -6043.378    -6046.992        3.614    28.7
1.1200        -6043.421    -6047.030        3.608    28.6
1.1250        -6043.387    -6047.039        3.652    29.0
1.1300        -6043.389    -6047.022        3.633    28.8
1.1350        -6043.431    -6046.987        3.555    28.2
1.1400        -6043.441    -6046.938        3.497    27.7
1.1450        -6043.453    -6046.899        3.446    27.3
1.1500        -6043.444    -6046.875        3.431    27.2
1.1550        -6043.414    -6046.857        3.443    27.3
1.1600        -6043.393    -6046.823        3.430    27.2
1.1650        -6043.391    -6046.777        3.386    26.9
1.1700        -6043.381    -6046.732        3.351    26.6
1.1750        -6043.362    -6046.713        3.351    26.6
1.1800        -6043.327    -6046.736        3.409    27.1
1.1850        -6043.304    -6046.800        3.496    27.7
1.1900        -6043.277    -6046.874        3.597    28.5
1.1950        -6043.244    -6046.916        3.672    29.1
1.2000        -6043.224    -6046.907        3.683    29.2
1.2050        -6043.226    -6046.856        3.630    28.8
1.2100        -6043.228    -6046.774        3.545    28.1
1.2150        -6043.221    -6046.697        3.476    27.6
1.2200        -6043.247    -6046.652        3.405    27.0
1.2250        -6043.234    -6046.658        3.423    27.2
1.2300        -6043.194    -6046.704        3.510    27.8
1.2350        -6043.186    -6046.760        3.574    28.4
1.2400        -6043.202    -6046.798        3.596    28.5
1.2450        -6043.205    -6046.812        3.607    28.6
1.2500        -6043.180    -6046.817        3.636    28.9
1.2550        -6043.162    -6046.832        3.670    29.1
1.2600        -6043.192    -6046.861        3.669    29.1
1.2650        -6043.201    -6046.891        3.690    29.3
1.2700        -6043.191    -6046.899        3.708    29.4
1.2750        -6043.193    -6046.871        3.678    29.2
1.2800        -6043.140    -6046.826        3.686    29.2
1.2850        -6043.143    -6046.796        3.653    29.0
1.2900        -6043.143    -6046.802        3.660    29.0
1.2950        -6043.145    -6046.841        3.696    29.3
1.3000        -6043.147    -6046.882        3.735    29.6
1.3050        -6043.161    -6046.890        3.729    29.6
1.3100        -6043.150    -6046.848        3.699    29.3
1.3150        -6043.131    -6046.767        3.636    28.8
1.3200        -6043.141    -6046.679        3.538    28.1
1.3250        -6043.126    -6046.624        3.498    27.8
1.3300        -6043.130    -6046.625        3.494    27.7
1.3350        -6043.088    -6046.671        3.583    28.4
1.3400        -6043.064    -6046.726        3.662    29.1
1.3450        -6043.076    -6046.758        3.682    29.2
1.3500        -6043.112    -6046.753        3.641    28.9
1.3550        -6043.110    -6046.721        3.611    28.6
1.3600        -6043.106    -6046.689        3.583    28.4
1.3650        -6043.126    -6046.685        3.559    28.2
1.3700        -6043.109    -6046.691        3.581    28.4
1.3750        -6043.089    -6046.693        3.604    28.6
1.3800        -6043.067    -6046.680        3.613    28.7
1.3850        -6043.088    -6046.660        3.572    28.3
1.3900        -6043.076    -6046.646        3.569    28.3
1.3950        -6043.093    -6046.636        3.542    28.1
1.4000        -6043.096    -6046.640        3.543    28.1
1.4050        -6043.085    -6046.654        3.569    28.3
1.4100        -6043.096    -6046.667        3.571    28.3
1.4150        -6043.121    -6046.681        3.560    28.2
1.4200        -6043.110    -6046.700        3.590    28.5
1.4250        -6043.118    -6046.743        3.624    28.8
1.4300        -6043.129    -6046.803        3.674    29.1
1.4350        -6043.100    -6046.859        3.759    29.8
1.4400        -6043.129    -6046.879        3.750    29.8
1.4450        -6043.147    -6046.848        3.701    29.4
1.4500        -6043.161    -6046.794        3.633    28.8
1.4550        -6043.155    -6046.754        3.599    28.6
1.4600        -6043.162    -6046.750        3.589    28.5
1.4650        -6043.136    -6046.792        3.656    29.0
1.4700        -6043.119    -6046.841        3.722    29.5
1.4750        -6043.108    -6046.872        3.764    29.9
1.4800        -6043.085    -6046.867        3.782    30.0
1.4850        -6043.100    -6046.833        3.733    29.6
1.4900        -6043.089    -6046.793        3.705    29.4
1.4950        -6043.084    -6046.756        3.672    29.1
1.5000        -6043.068    -6046.731        3.662    29.1
1.5050        -6043.090    -6046.712        3.622    28.7
1.5100        -6043.064    -6046.687        3.623    28.7
1.5150        -6043.050    -6046.643        3.593    28.5
1.5200        -6043.054    -6046.591        3.537    28.1
1.5250        -6043.059    -6046.562        3.503    27.8
1.5300        -6043.037    -6046.570        3.533    28.0
1.5350        -6043.025    -6046.608        3.584    28.4
1.5400        -6042.997    -6046.656        3.660    29.0
1.5450        -6043.015    -6046.685        3.670    29.1
1.5500        -6043.043    -6046.671        3.628    28.8
1.5550        -6043.055    -6046.638        3.583    28.4
1.5600        -6043.062    -6046.618        3.556    28.2
1.5650        -6043.058    -6046.629        3.571    28.3
1.5700        -6043.030    -6046.667        3.637    28.9
1.5750        -6043.020    -6046.711        3.691    29.3
1.5800        -6043.041    -6046.723        3.681    29.2
1.5850        -6043.046    -6046.692        3.646    28.9
1.5900        -6043.022    -6046.638        3.616    28.7
1.5950        -6042.994    -6046.591        3.598    28.5
1.6000        -6043.005    -6046.578        3.573    28.4
1.6050        -6043.042    -6046.615        3.573    28.4
1.6100        -6043.032    -6046.700        3.668    29.1
1.6150        -6043.068    -6046.793        3.725    29.6
1.6200        -6043.065    -6046.849        3.784    30.0
1.6250        -6043.046    -6046.838        3.792    30.1
1.6300        -6043.016    -6046.778        3.762    29.8
1.6350        -6043.013    -6046.713        3.700    29.4
1.6400        -6043.016    -6046.685        3.670    29.1
1.6450        -6043.038    -6046.709        3.672    29.1
1.6500        -6043.040    -6046.759        3.719    29.5
1.6550        -6043.086    -6046.798        3.712    29.5
1.6600        -6043.066    -6046.799        3.733    29.6
1.6650        -6043.060    -6046.761        3.701    29.4
1.6700        -6043.020    -6046.716        3.696    29.3
1.6750        -6042.985    -6046.677        3.692    29.3
1.6800        -6042.995    -6046.661        3.665    29.1
1.6850        -6042.971    -6046.664        3.693    29.3
1.6900        -6042.938    -6046.669        3.731    29.6
1.6950        -6042.974    -6046.660        3.686    29.2
1.7000        -6042.998    -6046.634        3.636    28.8
1.7050        -6042.989    -6046.610        3.620    28.7
1.7100        -6043.005    -6046.603        3.598    28.5
1.7150        -6043.030    -6046.615        3.585    28.4
1.7200        -6043.033    -6046.639        3.606    28.6
1.7250        -6043.026    -6046.666        3.641    28.9
1.7300        -6042.998    -6046.689        3.692    29.3
1.7350        -6043.003    -6046.708        3.705    29.4
1.7400        -6042.969    -6046.721        3.752    29.8
1.7450        -6042.940    -6046.716        3.777    30.0
1.7500        -6042.918    -6046.701        3.783    30.0
1.7550        -6042.909    -6046.672        3.764    29.9
1.7600        -6042.908    -6046.631        3.723    29.5
1.7650        -6042.911    -6046.592        3.681    29.2
1.7700        -6042.901    -6046.565        3.663    29.1
1.7750        -6042.929    -6046.555        3.627    28.8
1.7800        -6042.895    -6046.563        3.667    29.1
1.7850        -6042.930    -6046.569        3.639    28.9
1.7900        -6042.961    -6046.581        3.620    28.7
1.7950        -6042.968    -6046.601        3.633    28.8
1.8000        -6042.939    -6046.630        3.691    29.3
1.8050        -6042.909    -6046.657        3.748    29.7
1.8100        -6042.949    -6046.686        3.737    29.7
1.8150        -6042.965    -6046.718        3.753    29.8
1.8200        -6042.977    -6046.738        3.761    29.8
1.8250        -6042.977    -6046.736        3.759    29.8
1.8300        -6042.991    -6046.710        3.719    29.5
1.8350        -6042.992    -6046.679        3.687    29.3
1.8400        -6043.010    -6046.671        3.661    29.1
1.8450        -6043.024    -6046.702        3.678    29.2
1.8500        -6043.030    -6046.753        3.723    29.5
1.8550        -6042.989    -6046.798        3.809    30.2
1.8600        -6043.000    -6046.816        3.815    30.3
1.8650        -6043.035    -6046.796        3.761    29.8
1.8700        -6043.026    -6046.747        3.721    29.5
1.8750        -6043.013    -6046.680        3.667    29.1
1.8800        -6043.001    -6046.627        3.627    28.8
1.8850        -6042.985    -6046.612        3.627    28.8
1.8900        -6042.966    -6046.635        3.669    29.1
1.8950        -6042.958    -6046.667        3.709    29.4
1.9000        -6042.949    -6046.692        3.742    29.7
1.9050        -6042.998    -6046.688        3.690    29.3
1.9100        -6043.018    -6046.664        3.646    28.9
1.9150        -6043.031    -6046.629        3.597    28.5
1.9200        -6043.034    -6046.602        3.568    28.3
1.9250        -6043.041    -6046.599        3.557    28.2
1.9300        -6042.987    -6046.619        3.633    28.8
1.9350        -6042.955    -6046.639        3.684    29.2
1.9400        -6042.943    -6046.642        3.699    29.3
1.9450        -6042.933    -6046.626        3.693    29.3
1.9500        -6042.915    -6046.607        3.692    29.3
1.9550        -6042.962    -6046.596        3.634    28.8
1.9600        -6042.951    -6046.600        3.649    29.0
1.9650        -6042.943    -6046.609        3.665    29.1
1.9700        -6042.939    -6046.621        3.681    29.2
1.9750        -6042.970    -6046.630        3.660    29.0
1.9800        -6042.971    -6046.638        3.666    29.1
1.9850        -6042.974    -6046.635        3.661    29.0
1.9900        -6042.961    -6046.630        3.669    29.1
1.9950        -6042.978    -6046.635        3.657    29.0
2.0000        -6042.954    -6046.651        3.697    29.3
2.0050        -6042.930    -6046.668        3.737    29.7
2.0100        -6042.915    -6046.678        3.763    29.9
2.0150        -6042.919    -6046.665        3.745    29.7
2.0200        -6042.951    -6046.641        3.690    29.3
2.0250        -6042.917    -6046.617        3.700    29.4
2.0300        -6042.939    -6046.604        3.666    29.1
2.0350        -6042.915    -6046.600        3.684    29.2
2.0400        -6042.894    -6046.611        3.717    29.5
2.0450        -6042.923    -6046.632        3.709    29.4
2.0500        -6042.915    -6046.653        3.738    29.7
2.0550        -6042.912    -6046.673        3.761    29.8
2.0600        -6042.920    -6046.680        3.760    29.8
2.0650        -6042.922    -6046.669        3.747    29.7
2.0700        -6042.903    -6046.647        3.744    29.7
2.0750        -6042.907    -6046.632        3.724    29.6
2.0800        -6042.886    -6046.631        3.745    29.7
2.0850        -6042.846    -6046.648        3.802    30.2
2.0900        -6042.861    -6046.663        3.802    30.2
2.0950        -6042.871    -6046.661        3.790    30.1
2.1000        -6042.864    -6046.642        3.779    30.0
2.1050        -6042.862    -6046.610        3.748    29.7
2.1100        -6042.907    -6046.580        3.672    29.1
2.1150        -6042.928    -6046.558        3.630    28.8
2.1200        -6042.896    -6046.554        3.658    29.0
2.1250        -6042.901    -6046.557        3.656    29.0
2.1300        -6042.899    -6046.571        3.673    29.1
2.1350        -6042.886    -6046.593        3.708    29.4
2.1400        -6042.849    -6046.613        3.764    29.9
2.1450        -6042.832    -6046.625        3.793    30.1
2.1500        -6042.851    -6046.641        3.790    30.1
2.1550        -6042.848    -6046.662        3.815    30.3
2.1600        -6042.856    -6046.688        3.831    30.4
2.1650        -6042.859    -6046.706        3.847    30.5
2.1700        -6042.851    -6046.687        3.836    30.4
2.1750        -6042.822    -6046.631        3.810    30.2
2.1800        -6042.805    -6046.552        3.747    29.7
2.1850        -6042.792    -6046.487        3.694    29.3
2.1900        -6042.780    -6046.458        3.679    29.2
2.1950        -6042.817    -6046.477        3.660    29.0
2.2000        -6042.804    -6046.534        3.730    29.6
2.2050        -6042.778    -6046.601        3.823    30.3
2.2100        -6042.825    -6046.646        3.821    30.3
2.2150        -6042.823    -6046.658        3.835    30.4
2.2200        -6042.844    -6046.635        3.792    30.1
2.2250        -6042.858    -6046.610        3.752    29.8
2.2300        -6042.835    -6046.611        3.777    30.0
2.2350        -6042.850    -6046.630        3.781    30.0
2.2400        -6042.870    -6046.662        3.792    30.1
2.2450        -6042.852    -6046.688        3.836    30.4
2.2500        -6042.880    -6046.679        3.799    30.1
2.2550        -6042.877    -6046.628        3.751    29.8
2.2600        -6042.878    -6046.557        3.679    29.2
2.2650        -6042.896    -6046.497        3.600    28.6
2.2700        -6042.902    -6046.475        3.574    28.4
2.2750        -6042.953    -6046.498        3.545    28.1
2.2800        -6042.953    -6046.543        3.590    28.5
2.2850        -6042.933    -6046.590        3.657    29.0
2.2900        -6042.965    -6046.630        3.665    29.1
2.2950        -6042.932    -6046.657        3.725    29.6
2.3000        -6042.892    -6046.677        3.785    30.0
2.3050        -6042.895    -6046.682        3.787    30.0
2.3100        -6042.911    -6046.670        3.758    29.8
2.3150        -6042.899    -6046.634        3.735    29.6
2.3200        -6042.876    -6046.595        3.719    29.5
2.3250        -6042.890    -6046.570        3.680    29.2
2.3300        -6042.902    -6046.584        3.682    29.2
2.3350        -6042.923    -6046.628        3.705    29.4
2.3400        -6042.899    -6046.673        3.774    29.9
2.3450        -6042.890    -6046.684        3.793    30.1
2.3500        -6042.870    -6046.659        3.789    30.1
2.3550        -6042.844    -6046.617        3.773    29.9
2.3600        -6042.823    -6046.583        3.760    29.8
2.3650        -6042.835    -6046.579        3.744    29.7
2.3700        -6042.844    -6046.607        3.763    29.9
2.3750        -6042.868    -6046.651        3.783    30.0
2.3800        -6042.886    -6046.687        3.801    30.2
2.3850        -6042.846    -6046.690        3.843    30.5
2.3900        -6042.855    -6046.649        3.794    30.1
2.3950        -6042.839    -6046.576        3.737    29.6
2.4000        -6042.848    -6046.511        3.663    29.1
2.4050        -6042.808    -6046.474        3.667    29.1
2.4100        -6042.851    -6046.467        3.617    28.7
2.4150        -6042.840    -6046.496        3.657    29.0
2.4200        -6042.823    -6046.544        3.721    29.5
2.4250        -6042.770    -6046.579        3.809    30.2
2.4300        -6042.764    -6046.585        3.821    30.3
2.4350        -6042.747    -6046.564        3.817    30.3
2.4400        -6042.753    -6046.539        3.786    30.0
2.4450        -6042.757    -6046.534        3.777    30.0
2.4500        -6042.765    -6046.562        3.797    30.1
2.4550        -6042.777    -6046.601        3.824    30.3
2.4600        -6042.765    -6046.629        3.864    30.7
2.4650        -6042.789    -6046.627        3.839    30.5
2.4700        -6042.791    -6046.596        3.805    30.2
2.4750        -6042.778    -6046.550        3.772    29.9
2.4800        -6042.744    -6046.516        3.772    29.9
2.4850        -6042.759    -6046.507        3.748    29.7
2.4900        -6042.796    -6046.524        3.729    29.6
2.4950        -6042.808    -6046.561        3.754    29.8
2.5000        -6042.787    -6046.599        3.811    30.2
2.5050        -6042.783    -6046.617        3.833    30.4
2.5100        -6042.807    -6046.608        3.800    30.2
2.5150        -6042.792    -6046.574        3.782    30.0
2.5200        -6042.792    -6046.541        3.749    29.7
2.5250        -6042.774    -6046.535        3.760    29.8
2.5300        -6042.810    -6046.547        3.737    29.7
2.5350        -6042.842    -6046.563        3.721    29.5
2.5400        -6042.803    -6046.573        3.770    29.9
2.5450        -6042.785    -6046.569        3.784    30.0
2.5500        -6042.774    -6046.558        3.784    30.0
2.5550        -6042.769    -6046.555        3.786    30.0
2.5600        -6042.766    -6046.568        3.803    30.2
2.5650        -6042.755    -6046.597        3.842    30.5
2.5700        -6042.725    -6046.628        3.903    31.0
2.5750        -6042.725    -6046.646        3.921    31.1
2.5800        -6042.731    -6046.634        3.903    31.0
2.5850        -6042.706    -6046.593        3.887    30.8
2.5900        -6042.704    -6046.528        3.824    30.3
2.5950        -6042.695    -6046.466        3.771    29.9
2.6000        -6042.677    -6046.418        3.741    29.7
2.6050        -6042.693    -6046.408        3.715    29.5
2.6100        -6042.681    -6046.429        3.749    29.7
2.6150        -6042.660    -6046.445        3.784    30.0
2.6200        -6042.657    -6046.448        3.791    30.1
2.6250        -6042.677    -6046.436        3.759    29.8
2.6300        -6042.673    -6046.431        3.758    29.8
2.6350        -6042.691    -6046.457        3.766    29.9
2.6400        -6042.710    -6046.518        3.808    30.2
2.6450        -6042.683    -6046.607        3.924    31.1
2.6500        -6042.673    -6046.679        4.006    31.8
2.6550        -6042.704    -6046.706        4.002    31.8
2.6600        -6042.711    -6046.677        3.966    31.5
2.6650        -6042.730    -6046.616        3.886    30.8
2.6700        -6042.718    -6046.543        3.825    30.3
2.6750        -6042.723    -6046.473        3.750    29.8
2.6800        -6042.723    -6046.421        3.699    29.3
2.6850        -6042.718    -6046.390        3.672    29.1
2.6900        -6042.736    -6046.391        3.656    29.0
2.6950        -6042.740    -6046.427        3.687    29.3
2.7000        -6042.734    -6046.488        3.754    29.8
2.7050        -6042.740    -6046.556        3.816    30.3
2.7100        -6042.730    -6046.611        3.881    30.8
2.7150        -6042.715    -6046.649        3.934    31.2
2.7200        -6042.717    -6046.668        3.951    31.4
2.7250        -6042.726    -6046.674        3.949    31.3
2.7300        -6042.730    -6046.665        3.935    31.2
2.7350        -6042.720    -6046.638        3.918    31.1
2.7400        -6042.695    -6046.593        3.898    30.9
2.7450        -6042.701    -6046.532        3.831    30.4
2.7500        -6042.697    -6046.465        3.767    29.9
2.7550        -6042.685    -6046.415        3.730    29.6
2.7600        -6042.680    -6046.395        3.715    29.5
2.7650        -6042.722    -6046.405        3.683    29.2
2.7700        -6042.703    -6046.438        3.735    29.6
2.7750        -6042.720    -6046.478        3.758    29.8
2.7800        -6042.721    -6046.516        3.795    30.1
2.7850        -6042.712    -6046.533        3.821    30.3
2.7900        -6042.691    -6046.532        3.841    30.5
2.7950        -6042.655    -6046.514        3.859    30.6
2.8000        -6042.642    -6046.489        3.847    30.5
2.8050        -6042.681    -6046.456        3.775    30.0
2.8100        -6042.695    -6046.427        3.732    29.6
2.8150        -6042.697    -6046.416        3.719    29.5
2.8200        -6042.701    -6046.419        3.718    29.5
2.8250        -6042.726    -6046.432        3.706    29.4
2.8300        -6042.733    -6046.445        3.712    29.5
2.8350        -6042.701    -6046.466        3.765    29.9
2.8400        -6042.744    -6046.502        3.757    29.8
2.8450        -6042.768    -6046.554        3.786    30.0
2.8500        -6042.777    -6046.609        3.832    30.4
2.8550        -6042.784    -6046.657        3.873    30.7
2.8600        -6042.808    -6046.692        3.884    30.8
2.8650        -6042.821    -6046.711        3.890    30.9
2.8700        -6042.825    -6046.708        3.883    30.8
2.8750        -6042.824    -6046.687        3.863    30.7
2.8800        -6042.820    -6046.661        3.842    30.5
2.8850        -6042.826    -6046.642        3.817    30.3
2.8900        -6042.840    -6046.644        3.804    30.2
2.8950        -6042.806    -6046.646        3.839    30.5
2.9000        -6042.842    -6046.632        3.790    30.1
2.9050        -6042.837    -6046.585        3.748    29.7
2.9100        -6042.813    -6046.514        3.700    29.4
2.9150        -6042.825    -6046.436        3.611    28.7
2.9200        -6042.853    -6046.402        3.549    28.2
2.9250        -6042.851    -6046.439        3.588    28.5
2.9300        -6042.855    -6046.526        3.671    29.1
2.9350        -6042.860    -6046.624        3.764    29.9
2.9400        -6042.848    -6046.689        3.840    30.5
2.9450        -6042.866    -6046.695        3.829    30.4
2.9500        -6042.877    -6046.661        3.785    30.0
2.9550        -6042.884    -6046.612        3.728    29.6
2.9600        -6042.880    -6046.586        3.706    29.4
2.9650        -6042.847    -6046.587        3.740    29.7
2.9700        -6042.813    -6046.606        3.792    30.1
2.9750        -6042.812    -6046.618        3.806    30.2
2.9800        -6042.849    -6046.607        3.758    29.8
2.9850        -6042.809    -6046.574        3.765    29.9
2.9900        -6042.825    -6046.531        3.707    29.4
2.9950        -6042.839    -6046.513        3.674    29.2
3.0000        -6042.827    -6046.533        3.706    29.4
3.0050        -6042.847    -6046.588        3.741    29.7
3.0100        -6042.837    -6046.654        3.817    30.3
3.0150        -6042.864    -6046.693        3.829    30.4
3.0200        -6042.862    -6046.694        3.832    30.4
3.0250        -6042.858    -6046.662        3.804    30.2
3.0300        -6042.833    -6046.614        3.781    30.0
3.0350        -6042.824    -6046.580        3.756    29.8
3.0400        -6042.810    -6046.580        3.769    29.9
3.0450        -6042.816    -6046.610        3.794    30.1
3.0500        -6042.768    -6046.640        3.872    30.7
3.0550        -6042.747    -6046.635        3.889    30.9
3.0600        -6042.760    -6046.598        3.837    30.4
3.0650        -6042.765    -6046.545        3.780    30.0
3.0700        -6042.760    -6046.502        3.743    29.7
3.0750        -6042.734    -6046.484        3.751    29.8
3.0800        -6042.768    -6046.488        3.721    29.5
3.0850        -6042.805    -6046.507        3.702    29.4
3.0900        -6042.814    -6046.531        3.716    29.5
3.0950        -6042.806    -6046.541        3.735    29.6
3.1000        -6042.794    -6046.533        3.738    29.7
3.1050        -6042.797    -6046.513        3.717    29.5
3.1100        -6042.772    -6046.496        3.724    29.5
3.1150        -6042.737    -6046.485        3.748    29.7
3.1200        -6042.726    -6046.475        3.749    29.7
3.1250        -6042.718    -6046.474        3.757    29.8
3.1300        -6042.757    -6046.479        3.722    29.5
3.1350        -6042.738    -6046.478        3.740    29.7
3.1400        -6042.747    -6046.467        3.720    29.5
3.1450        -6042.787    -6046.459        3.672    29.1
3.1500        -6042.755    -6046.476        3.721    29.5
3.1550        -6042.755    -6046.518        3.763    29.9
3.1600        -6042.773    -6046.574        3.801    30.2
3.1650        -6042.783    -6046.611        3.828    30.4
3.1700        -6042.790    -6046.611        3.820    30.3
3.1750        -6042.749    -6046.578        3.829    30.4
3.1800        -6042.753    -6046.545        3.791    30.1
3.1850        -6042.755    -6046.537        3.782    30.0
3.1900        -6042.754    -6046.569        3.815    30.3
3.1950        -6042.750    -6046.629        3.879    30.8
3.2000        -6042.744    -6046.681        3.937    31.2
3.2050        -6042.739    -6046.702        3.962    31.4
3.2100        -6042.750    -6046.675        3.925    31.1
3.2150        -6042.738    -6046.626        3.888    30.9
3.2200        -6042.747    -6046.587        3.840    30.5
3.2250        -6042.746    -6046.588        3.842    30.5
3.2300        -6042.763    -6046.624        3.860    30.6
3.2350        -6042.763    -6046.656        3.894    30.9
3.2400        -6042.794    -6046.647        3.853    30.6
3.2450        -6042.806    -6046.605        3.799    30.1
3.2500        -6042.785    -6046.562        3.777    30.0
3.2550        -6042.782    -6046.541        3.758    29.8
3.2600        -6042.776    -6046.542        3.766    29.9
3.2650        -6042.751    -6046.546        3.795    30.1
3.2700        -6042.764    -6046.542        3.778    30.0
3.2750        -6042.746    -6046.532        3.786    30.0
3.2800        -6042.727    -6046.533        3.805    30.2
3.2850        -6042.742    -6046.546        3.804    30.2
3.2900        -6042.745    -6046.569        3.824    30.3
3.2950        -6042.763    -6046.595        3.833    30.4
3.3000        -6042.738    -6046.598        3.860    30.6
3.3050        -6042.733    -6046.570        3.837    30.4
3.3100        -6042.742    -6046.528        3.786    30.0
3.3150        -6042.702    -6046.481        3.779    30.0
3.3200        -6042.711    -6046.461        3.750    29.8
3.3250        -6042.714    -6046.487        3.773    29.9
3.3300        -6042.714    -6046.540        3.825    30.4
3.3350        -6042.717    -6046.583        3.866    30.7
3.3400        -6042.732    -6046.578        3.846    30.5
3.3450        -6042.730    -6046.521        3.791    30.1
3.3500        -6042.720    -6046.453        3.733    29.6
3.3550        -6042.714    -6046.419        3.705    29.4
3.3600        -6042.712    -6046.441        3.730    29.6
3.3650        -6042.727    -6046.491        3.764    29.9
3.3700        -6042.704    -6046.532        3.828    30.4
3.3750        -6042.717    -6046.546        3.830    30.4
3.3800        -6042.722    -6046.535        3.812    30.3
3.3850        -6042.701    -6046.516        3.816    30.3
3.3900        -6042.689    -6046.509        3.821    30.3
3.3950        -6042.695    -6046.525        3.830    30.4
3.4000        -6042.680    -6046.549        3.869    30.7
3.4050        -6042.668    -6046.562        3.893    30.9
3.4100        -6042.658    -6046.543        3.885    30.8
3.4150        -6042.685    -6046.497        3.812    30.2
3.4200        -6042.663    -6046.467        3.805    30.2
3.4250        -6042.662    -6046.475        3.813    30.3
3.4300        -6042.663    -6046.519        3.857    30.6
3.4350        -6042.678    -6046.573        3.895    30.9
3.4400        -6042.656    -6046.607        3.951    31.3
3.4450        -6042.628    -6046.602        3.974    31.5
3.4500        -6042.617    -6046.560        3.944    31.3
3.4550        -6042.632    -6046.503        3.871    30.7
3.4600        -6042.626    -6046.459        3.834    30.4
3.4650        -6042.645    -6046.441        3.796    30.1
3.4700        -6042.652    -6046.441        3.789    30.1
3.4750        -6042.633    -6046.452        3.818    30.3
3.4800        -6042.609    -6046.464        3.856    30.6
3.4850        -6042.595    -6046.473        3.878    30.8
3.4900        -6042.597    -6046.484        3.886    30.8
3.4950        -6042.581    -6046.501        3.920    31.1
3.5000        -6042.581    -6046.526        3.945    31.3
3.5050        -6042.605    -6046.548        3.943    31.3
3.5100        -6042.595    -6046.551        3.956    31.4
3.5150        -6042.598    -6046.529        3.931    31.2
3.5200        -6042.597    -6046.490        3.893    30.9
3.5250        -6042.598    -6046.459        3.861    30.6
3.5300        -6042.607    -6046.449        3.842    30.5
3.5350        -6042.600    -6046.459        3.859    30.6
3.5400        -6042.584    -6046.479        3.895    30.9
3.5450        -6042.612    -6046.493        3.881    30.8
3.5500        -6042.636    -6046.510        3.874    30.7
3.5550        -6042.639    -6046.522        3.884    30.8
3.5600        -6042.646    -6046.528        3.882    30.8
3.5650        -6042.679    -6046.523        3.844    30.5
3.5700        -6042.652    -6046.502        3.850    30.5
3.5750        -6042.630    -6046.475        3.845    30.5
3.5800        -6042.632    -6046.446        3.813    30.3
3.5850        -6042.627    -6046.420        3.793    30.1
3.5900        -6042.613    -6046.414        3.802    30.2
3.5950        -6042.606    -6046.430        3.824    30.3
3.6000        -6042.591    -6046.462        3.871    30.7
3.6050        -6042.591    -6046.502        3.911    31.0
3.6100        -6042.585    -6046.537        3.952    31.4
3.6150        -6042.619    -6046.552        3.933    31.2
3.6200        -6042.586    -6046.544        3.958    31.4
3.6250        -6042.613    -6046.512        3.899    30.9
3.6300        -6042.606    -6046.472        3.867    30.7
3.6350        -6042.606    -6046.436        3.831    30.4
3.6400        -6042.596    -6046.420        3.824    30.3
3.6450        -6042.623    -6046.429        3.806    30.2
3.6500        -6042.637    -6046.455        3.818    30.3
3.6550        -6042.644    -6046.494        3.850    30.5
3.6600        -6042.609    -6046.537        3.928    31.2
3.6650        -6042.575    -6046.567        3.991    31.7
3.6700        -6042.562    -6046.564        4.001    31.8
3.6750        -6042.564    -6046.529        3.965    31.5
3.6800        -6042.527    -6046.470        3.944    31.3
3.6850        -6042.488    -6046.406        3.918    31.1
3.6900        -6042.511    -6046.352        3.840    30.5
3.6950        -6042.515    -6046.319        3.804    30.2
3.7000        -6042.498    -6046.324        3.826    30.4
3.7050        -6042.492    -6046.340        3.847    30.5
3.7100        -6042.511    -6046.347        3.836    30.4
3.7150        -6042.518    -6046.334        3.817    30.3
3.7200        -6042.497    -6046.314        3.817    30.3
3.7250        -6042.447    -6046.297        3.850    30.5
3.7300        -6042.450    -6046.301        3.851    30.6
3.7350        -6042.468    -6046.328        3.860    30.6
3.7400        -6042.501    -6046.364        3.863    30.7
3.7450        -6042.501    -6046.387        3.886    30.8
3.7500        -6042.482    -6046.390        3.908    31.0
3.7550        -6042.460    -6046.390        3.930    31.2
3.7600        -6042.469    -6046.398        3.930    31.2
3.7650        -6042.459    -6046.417        3.958    31.4
3.7700        -6042.470    -6046.442        3.972    31.5
3.7750        -6042.500    -6046.469        3.970    31.5
3.7800        -6042.491    -6046.502        4.012    31.8
3.7850        -6042.498    -6046.527        4.029    32.0
3.7900        -6042.552    -6046.530        3.979    31.6
3.7950        -6042.534    -6046.506        3.972    31.5
3.8000        -6042.515    -6046.458        3.943    31.3
3.8050        -6042.508    -6046.419        3.912    31.0
3.8100        -6042.545    -6046.403        3.858    30.6
3.8150        -6042.526    -6046.430        3.903    31.0
3.8200        -6042.508    -6046.485        3.978    31.6
3.8250        -6042.499    -6046.540        4.042    32.1
3.8300        -6042.485    -6046.563        4.078    32.4
3.8350        -6042.500    -6046.549        4.049    32.1
3.8400        -6042.495    -6046.500        4.005    31.8
3.8450        -6042.516    -6046.447        3.931    31.2
3.8500        -6042.517    -6046.409        3.892    30.9
3.8550        -6042.532    -6046.377        3.845    30.5
3.8600        -6042.547    -6046.337        3.790    30.1
3.8650        -6042.549    -6046.295        3.745    29.7
3.8700        -6042.568    -6046.281        3.713    29.5
3.8750        -6042.568    -6046.299        3.732    29.6
3.8800        -6042.588    -6046.350        3.762    29.9
3.8850        -6042.607    -6046.411        3.804    30.2
3.8900        -6042.582    -6046.453        3.872    30.7
3.8950        -6042.582    -6046.465        3.882    30.8
3.9000        -6042.616    -6046.450        3.834    30.4
3.9050        -6042.624    -6046.432        3.809    30.2
3.9100        -6042.610    -6046.432        3.822    30.3
3.9150        -6042.599    -6046.448        3.850    30.5
3.9200        -6042.631    -6046.477        3.846    30.5
3.9250        -6042.621    -6046.513        3.892    30.9
3.9300        -6042.636    -6046.541        3.905    31.0
3.9350        -6042.648    -6046.545        3.897    30.9
3.9400        -6042.635    -6046.534        3.899    30.9
3.9450        -6042.621    -6046.529        3.909    31.0
3.9500        -6042.626    -6046.545        3.920    31.1
3.9550        -6042.621    -6046.578        3.957    31.4
3.9600        -6042.624    -6046.600        3.976    31.5
3.9650        -6042.638    -6046.592        3.954    31.4
3.9700        -6042.618    -6046.559        3.941    31.3
3.9750        -6042.651    -6046.515        3.864    30.7
3.9800        -6042.658    -6046.484        3.826    30.4
3.9850        -6042.654    -6046.489        3.835    30.4
3.9900        -6042.684    -6046.529        3.844    30.5
3.9950        -6042.699    -6046.577        3.878    30.8
4.0000        -6042.701    -6046.608        3.907    31.0
4.0050        -6042.706    -6046.602        3.896    30.9
4.0100        -6042.703    -6046.555        3.852    30.6
4.0150        -6042.707    -6046.491        3.784    30.0
4.0200        -6042.705    -6046.441        3.736    29.6
4.0250        -6042.699    -6046.422        3.723    29.5
4.0300        -6042.710    -6046.438        3.727    29.6
4.0350        -6042.692    -6046.477        3.786    30.0
4.0400        -6042.679    -6046.520        3.841    30.5
4.0450        -6042.686    -6046.531        3.845    30.5
4.0500        -6042.702    -6046.516        3.814    30.3
4.0550        -6042.681    -6046.495        3.814    30.3
4.0600        -6042.659    -6046.497        3.838    30.5
4.0650        -6042.621    -6046.520        3.899    30.9
4.0700        -6042.643    -6046.557        3.914    31.1
4.0750        -6042.603    -6046.565        3.962    31.4
4.0800        -6042.624    -6046.517        3.893    30.9
4.0850        -6042.601    -6046.431        3.830    30.4
4.0900        -6042.595    -6046.350        3.755    29.8
4.0950        -6042.602    -6046.323        3.721    29.5
4.1000        -6042.602    -6046.364        3.762    29.9
4.1050        -6042.595    -6046.447        3.852    30.6
4.1100        -6042.581    -6046.518        3.938    31.2
4.1150        -6042.590    -6046.553        3.962    31.4
4.1200        -6042.592    -6046.547        3.955    31.4
4.1250        -6042.617    -6046.507        3.890    30.9
4.1300        -6042.605    -6046.451        3.846    30.5
4.1350        -6042.605    -6046.405        3.800    30.2
4.1400        -6042.629    -6046.380        3.750    29.8
4.1450        -6042.636    -6046.383        3.747    29.7
4.1500        -6042.646    -6046.420        3.774    29.9
4.1550        -6042.635    -6046.481        3.846    30.5
4.1600        -6042.608    -6046.546        3.937    31.2
4.1650        -6042.626    -6046.587        3.961    31.4
4.1700        -6042.607    -6046.599        3.992    31.7
4.1750        -6042.620    -6046.578        3.958    31.4
4.1800        -6042.649    -6046.551        3.903    31.0
4.1850        -6042.655    -6046.537        3.882    30.8
4.1900        -6042.672    -6046.542        3.870    30.7
4.1950        -6042.651    -6046.569        3.918    31.1
4.2000        -6042.642    -6046.586        3.945    31.3
4.2050        -6042.650    -6046.571        3.921    31.1
4.2100        -6042.618    -6046.518        3.899    30.9
4.2150        -6042.610    -6046.442        3.832    30.4
4.2200        -6042.600    -6046.386        3.786    30.0
4.2250        -6042.605    -6046.386        3.781    30.0
4.2300        -6042.585    -6046.435        3.849    30.5
4.2350        -6042.567    -6046.501        3.934    31.2
4.2400        -6042.543    -6046.545        4.002    31.8
4.2450        -6042.529    -6046.535        4.006    31.8
4.2500        -6042.551    -6046.478        3.927    31.2
4.2550        -6042.578    -6046.394        3.816    30.3
4.2600        -6042.567    -6046.326        3.759    29.8
4.2650        -6042.544    -6046.327        3.783    30.0
4.2700        -6042.575    -6046.389        3.814    30.3
4.2750        -6042.532    -6046.469        3.937    31.2
4.2800        -6042.537    -6046.530        3.993    31.7
4.2850        -6042.542    -6046.547        4.005    31.8
4.2900        -6042.556    -6046.511        3.956    31.4
4.2950        -6042.576    -6046.440        3.865    30.7
4.3000        -6042.573    -6046.378        3.804    30.2
4.3050        -6042.568    -6046.347        3.779    30.0
4.3100        -6042.554    -6046.351        3.797    30.1
4.3150        -6042.536    -6046.373        3.836    30.4
4.3200        -6042.501    -6046.386        3.885    30.8
4.3250        -6042.507    -6046.386        3.879    30.8
4.3300        -6042.523    -6046.387        3.864    30.7
4.3350        -6042.516    -6046.397        3.881    30.8
4.3400        -6042.529    -6046.421        3.892    30.9
4.3450        -6042.506    -6046.447        3.941    31.3
4.3500        -6042.506    -6046.454        3.948    31.3
4.3550        -6042.491    -6046.452        3.961    31.4
4.3600        -6042.494    -6046.458        3.965    31.5
4.3650        -6042.487    -6046.481        3.994    31.7
4.3700        -6042.530    -6046.524        3.994    31.7
4.3750        -6042.519    -6046.557        4.038    32.0
4.3800        -6042.527    -6046.565        4.038    32.0
4.3850        -6042.536    -6046.542        4.006    31.8
4.3900        -6042.556    -6046.510        3.955    31.4
4.3950        -6042.549    -6046.497        3.947    31.3
4.4000        -6042.578    -6046.501        3.923    31.1
4.4050        -6042.595    -6046.514        3.919    31.1
4.4100        -6042.584    -6046.514        3.930    31.2
4.4150        -6042.577    -6046.490        3.914    31.1
4.4200        -6042.558    -6046.451        3.893    30.9
4.4250        -6042.526    -6046.416        3.890    30.9
4.4300        -6042.525    -6046.393        3.868    30.7
4.4350        -6042.532    -6046.390        3.858    30.6
4.4400        -6042.517    -6046.404        3.887    30.8
4.4450        -6042.556    -6046.430        3.874    30.7
4.4500        -6042.539    -6046.453        3.914    31.1
4.4550        -6042.560    -6046.450        3.891    30.9
4.4600        -6042.537    -6046.428        3.891    30.9
4.4650        -6042.505    -6046.415        3.910    31.0
4.4700        -6042.489    -6046.417        3.928    31.2
4.4750        -6042.469    -6046.429        3.960    31.4
4.4800        -6042.458    -6046.429        3.971    31.5
4.4850        -6042.475    -6046.402        3.927    31.2
4.4900        -6042.468    -6046.353        3.885    30.8
4.4950        -6042.468    -6046.306        3.838    30.5
4.5000        -6042.463    -6046.291        3.829    30.4
4.5050        -6042.450    -6046.329        3.878    30.8
4.5100        -6042.470    -6046.399        3.929    31.2
4.5150        -6042.479    -6046.471        3.992    31.7
4.5200        -6042.468    -6046.504        4.036    32.0
4.5250        -6042.490    -6046.480        3.990    31.7
4.5300        -6042.505    -6046.415        3.910    31.0
4.5350        -6042.502    -6046.354        3.852    30.6
4.5400        -6042.534    -6046.328        3.794    30.1
4.5450        -6042.528    -6046.343        3.816    30.3
4.5500        -6042.545    -6046.379        3.833    30.4
4.5550        -6042.521    -6046.410        3.889    30.9
4.5600        -6042.514    -6046.421        3.907    31.0
4.5650        -6042.544    -6046.416        3.872    30.7
4.5700        -6042.541    -6046.407        3.866    30.7
4.5750        -6042.569    -6046.414        3.845    30.5
4.5800        -6042.539    -6046.455        3.916    31.1
4.5850        -6042.549    -6046.519        3.970    31.5
4.5900        -6042.534    -6046.575        4.041    32.1
4.5950        -6042.526    -6046.583        4.057    32.2
4.6000        -6042.527    -6046.544        4.017    31.9
4.6050        -6042.543    -6046.487        3.944    31.3
4.6100        -6042.527    -6046.454        3.927    31.2
4.6150        -6042.563    -6046.476        3.913    31.1
4.6200        -6042.585    -6046.544        3.959    31.4
4.6250        -6042.583    -6046.606        4.022    31.9
4.6300        -6042.607    -6046.623        4.016    31.9
4.6350        -6042.558    -6046.584        4.026    31.9
4.6400        -6042.574    -6046.493        3.919    31.1
4.6450        -6042.603    -6046.386        3.783    30.0
4.6500        -6042.622    -6046.311        3.689    29.3
4.6550        -6042.604    -6046.290        3.687    29.3
4.6600        -6042.600    -6046.318        3.718    29.5
4.6650        -6042.621    -6046.375        3.754    29.8
4.6700        -6042.643    -6046.437        3.794    30.1
4.6750        -6042.630    -6046.487        3.857    30.6
4.6800        -6042.627    -6046.508        3.881    30.8
4.6850        -6042.619    -6046.498        3.879    30.8
4.6900        -6042.647    -6046.464        3.817    30.3
4.6950        -6042.611    -6046.428        3.816    30.3
4.7000        -6042.595    -6046.397        3.801    30.2
4.7050        -6042.581    -6046.390        3.808    30.2
4.7100        -6042.591    -6046.404        3.813    30.3
4.7150        -6042.597    -6046.429        3.833    30.4
4.7200        -6042.587    -6046.459        3.872    30.7
4.7250        -6042.593    -6046.485        3.891    30.9
4.7300        -6042.600    -6046.510        3.910    31.0
4.7350        -6042.571    -6046.532        3.961    31.4
4.7400        -6042.568    -6046.548        3.980    31.6
4.7450        -6042.532    -6046.539        4.007    31.8
4.7500        -6042.544    -6046.510        3.967    31.5
4.7550        -6042.532    -6046.475        3.944    31.3
4.7600        -6042.535    -6046.443        3.909    31.0
4.7650        -6042.529    -6046.417        3.888    30.8
4.7700        -6042.530    -6046.407        3.878    30.8
4.7750        -6042.544    -6046.418        3.874    30.7
4.7800        -6042.552    -6046.444        3.892    30.9
4.7850        -6042.547    -6046.469        3.922    31.1
4.7900        -6042.560    -6046.478        3.918    31.1
4.7950        -6042.564    -6046.461        3.897    30.9
4.8000        -6042.586    -6046.423        3.837    30.4
4.8050        -6042.584    -6046.383        3.799    30.1
4.8100        -6042.569    -6046.368        3.799    30.1
4.8150        -6042.601    -6046.393        3.793    30.1
4.8200        -6042.619    -6046.449        3.830    30.4
4.8250        -6042.589    -6046.495        3.906    31.0
4.8300        -6042.571    -6046.510        3.938    31.2
4.8350        -6042.595    -6046.490        3.895    30.9
4.8400        -6042.597    -6046.457        3.860    30.6
4.8450        -6042.597    -6046.433        3.835    30.4
4.8500        -6042.595    -6046.416        3.821    30.3
4.8550        -6042.592    -6046.401        3.810    30.2
4.8600        -6042.563    -6046.389        3.826    30.4
4.8650        -6042.564    -6046.387        3.824    30.3
4.8700        -6042.571    -6046.406        3.836    30.4
4.8750        -6042.569    -6046.430        3.862    30.6
4.8800        -6042.548    -6046.447        3.899    30.9
4.8850        -6042.536    -6046.450        3.914    31.1
4.8900        -6042.510    -6046.454        3.944    31.3
4.8950        -6042.491    -6046.463        3.972    31.5
4.9000        -6042.488    -6046.479        3.991    31.7
4.9050        -6042.524    -6046.498        3.974    31.5
4.9100        -6042.480    -6046.509        4.028    32.0
4.9150        -6042.479    -6046.500        4.021    31.9
4.9200        -6042.466    -6046.475        4.009    31.8
4.9250        -6042.426    -6046.437        4.011    31.8
4.9300        -6042.431    -6046.392        3.961    31.4
4.9350        -6042.450    -6046.353        3.903    31.0
4.9400        -6042.467    -6046.347        3.880    30.8
4.9450        -6042.449    -6046.373        3.925    31.1
4.9500        -6042.440    -6046.414        3.974    31.5
4.9550        -6042.438    -6046.445        4.007    31.8
4.9600        -6042.506    -6046.463        3.957    31.4
4.9650        -6042.512    -6046.464        3.953    31.4
4.9700        -6042.498    -6046.459        3.961    31.4
4.9750        -6042.512    -6046.443        3.932    31.2
4.9800        -6042.508    -6046.422        3.914    31.1
4.9850        -6042.489    -6046.396        3.906    31.0
4.9900        -6042.510    -6046.378        3.869    30.7
4.9950        -6042.517    -6046.388        3.871    30.7
5.0000        -6042.472    -6046.422        3.949    31.3
5.0050        -6042.464    -6046.456        3.993    31.7
5.0100        -6042.456    -6046.469        4.013    31.8
5.0150        -6042.495    -6046.456        3.961    31.4
5.0200        -6042.517    -6046.444        3.927    31.2
5.0250        -6042.482    -6046.452        3.970    31.5
5.0300        -6042.489    -6046.471        3.982    31.6
5.0350        -6042.483    -6046.483        4.000    31.7
5.0400        -6042.469    -6046.474        4.004    31.8
5.0450        -6042.457    -6046.445        3.988    31.6
5.0500        -6042.468    -6046.421        3.952    31.4
5.0550        -6042.483    -6046.410        3.927    31.2
5.0600        -6042.495    -6046.411        3.916    31.1
5.0650        -6042.467    -6046.413        3.946    31.3
5.0700        -6042.476    -6046.404        3.928    31.2
5.0750        -6042.453    -6046.387        3.935    31.2
5.0800        -6042.490    -6046.387        3.897    30.9
5.0850        -6042.492    -6046.407        3.916    31.1
5.0900        -6042.496    -6046.437        3.941    31.3
5.0950        -6042.507    -6046.470        3.963    31.4
5.1000        -6042.454    -6046.495        4.041    32.1
5.1050        -6042.517    -6046.490        3.973    31.5
5.1100        -6042.539    -6046.462        3.923    31.1
5.1150        -6042.551    -6046.425        3.874    30.7
5.1200        -6042.564    -6046.396        3.832    30.4
5.1250        -6042.517    -6046.379        3.863    30.6
5.1300        -6042.528    -6046.377        3.848    30.5
5.1350        -6042.504    -6046.378        3.875    30.7
5.1400        -6042.478    -6046.383        3.905    31.0
5.1450        -6042.474    -6046.384        3.910    31.0
5.1500        -6042.461    -6046.386        3.926    31.1
5.1550        -6042.462    -6046.400        3.939    31.3
5.1600        -6042.471    -6046.415        3.944    31.3
5.1650        -6042.468    -6046.434        3.965    31.5
5.1700        -6042.483    -6046.441        3.958    31.4
5.1750        -6042.478    -6046.432        3.954    31.4
5.1800        -6042.519    -6046.411        3.892    30.9
5.1850        -6042.489    -6046.395        3.906    31.0
5.1900        -6042.481    -6046.398        3.917    31.1
5.1950        -6042.487    -6046.410        3.923    31.1
5.2000        -6042.507    -6046.426        3.920    31.1
5.2050        -6042.494    -6046.444        3.950    31.3
5.2100        -6042.510    -6046.457        3.947    31.3
5.2150        -6042.482    -6046.471        3.989    31.6
5.2200        -6042.506    -6046.493        3.987    31.6
5.2250        -6042.478    -6046.513        4.034    32.0
5.2300        -6042.477    -6046.519        4.042    32.1
5.2350        -6042.459    -6046.496        4.037    32.0
5.2400        -6042.434    -6046.450        4.015    31.9
5.2450        -6042.445    -6046.404        3.959    31.4
5.2500        -6042.482    -6046.382        3.900    30.9
5.2550        -6042.510    -6046.394        3.884    30.8
5.2600        -6042.497    -6046.431        3.934    31.2
5.2650        -6042.512    -6046.472        3.960    31.4
5.2700        -6042.537    -6046.499        3.962    31.4
5.2750        -6042.545    -6046.501        3.956    31.4
5.2800        -6042.550    -6046.474        3.923    31.1
5.2850        -6042.550    -6046.427        3.878    30.8
5.2900        -6042.575    -6046.371        3.796    30.1
5.2950        -6042.630    -6046.325        3.695    29.3
5.3000        -6042.625    -6046.309        3.684    29.2
5.3050        -6042.614    -6046.333        3.719    29.5
5.3100        -6042.607    -6046.390        3.783    30.0
5.3150        -6042.571    -6046.459        3.888    30.8
5.3200        -6042.573    -6046.510        3.937    31.2
5.3250        -6042.547    -6046.531        3.984    31.6
5.3300        -6042.513    -6046.524        4.012    31.8
5.3350        -6042.523    -6046.494        3.971    31.5
5.3400        -6042.550    -6046.458        3.908    31.0
5.3450        -6042.536    -6046.431        3.895    30.9
5.3500        -6042.525    -6046.433        3.908    31.0
5.3550        -6042.521    -6046.466        3.945    31.3
5.3600        -6042.523    -6046.514        3.991    31.7
5.3650        -6042.525    -6046.544        4.019    31.9
5.3700        -6042.510    -6046.540        4.030    32.0
5.3750        -6042.500    -6046.507        4.007    31.8
5.3800        -6042.525    -6046.467        3.942    31.3
5.3850        -6042.531    -6046.439        3.908    31.0
5.3900        -6042.506    -6046.433        3.927    31.2
5.3950        -6042.484    -6046.431        3.947    31.3
5.4000        -6042.495    -6046.408        3.913    31.0
5.4050        -6042.515    -6046.377        3.862    30.6
5.4100        -6042.530    -6046.355        3.825    30.3
5.4150        -6042.508    -6046.354        3.846    30.5
5.4200        -6042.495    -6046.376        3.881    30.8
5.4250        -6042.506    -6046.418        3.912    31.0
5.4300        -6042.481    -6046.470        3.989    31.7
5.4350        -6042.490    -6046.516        4.027    32.0
5.4400        -6042.483    -6046.549        4.065    32.3
5.4450        -6042.511    -6046.554        4.043    32.1
5.4500        -6042.509    -6046.524        4.015    31.9
5.4550        -6042.532    -6046.456        3.924    31.1
5.4600        -6042.533    -6046.370        3.837    30.4
5.4650        -6042.518    -6046.292        3.775    30.0
5.4700        -6042.507    -6046.248        3.740    29.7
5.4750        -6042.494    -6046.251        3.757    29.8
5.4800        -6042.473    -6046.293        3.820    30.3
5.4850        -6042.462    -6046.348        3.886    30.8
5.4900        -6042.440    -6046.396        3.956    31.4
5.4950        -6042.487    -6046.428        3.941    31.3
5.5000        -6042.525    -6046.440        3.915    31.1
5.5050        -6042.520    -6046.438        3.918    31.1
5.5100        -6042.491    -6046.421        3.930    31.2
5.5150        -6042.473    -6046.401        3.928    31.2
5.5200        -6042.479    -6046.375        3.896    30.9
5.5250        -6042.508    -6046.349        3.840    30.5
5.5300        -6042.562    -6046.343        3.781    30.0
5.5350        -6042.585    -6046.373        3.787    30.0
5.5400        -6042.571    -6046.435        3.865    30.7
5.5450        -6042.591    -6046.501        3.909    31.0
5.5500        -6042.608    -6046.547        3.939    31.3
5.5550        -6042.573    -6046.562        3.989    31.7
5.5600        -6042.558    -6046.547        3.989    31.6
5.5650        -6042.552    -6046.519        3.967    31.5
5.5700        -6042.522    -6046.495        3.973    31.5
5.5750        -6042.524    -6046.467        3.944    31.3
5.5800        -6042.545    -6046.430        3.885    30.8
5.5850        -6042.543    -6046.406        3.863    30.7
5.5900        -6042.532    -6046.408        3.876    30.8
5.5950        -6042.555    -6046.432        3.878    30.8
5.6000        -6042.521    -6046.479        3.957    31.4
5.6050        -6042.527    -6046.522        3.995    31.7
5.6100        -6042.508    -6046.540        4.032    32.0
5.6150        -6042.545    -6046.518        3.972    31.5
5.6200        -6042.565    -6046.472        3.907    31.0
5.6250        -6042.575    -6046.427        3.852    30.6
5.6300        -6042.615    -6046.407        3.792    30.1
5.6350        -6042.606    -6046.426        3.820    30.3
5.6400        -6042.578    -6046.454        3.876    30.8
5.6450        -6042.570    -6046.468        3.898    30.9
5.6500        -6042.550    -6046.460        3.910    31.0
5.6550        -6042.585    -6046.437        3.851    30.6
5.6600        -6042.601    -6046.410        3.809    30.2
5.6650        -6042.630    -6046.395        3.766    29.9
5.6700        -6042.622    -6046.404        3.782    30.0
5.6750        -6042.606    -6046.430        3.824    30.3
5.6800        -6042.596    -6046.460        3.864    30.7
5.6850        -6042.596    -6046.480        3.884    30.8
5.6900        -6042.593    -6046.491        3.897    30.9
5.6950        -6042.616    -6046.500        3.883    30.8
5.7000        -6042.640    -6046.512        3.872    30.7
5.7050        -6042.612    -6046.527        3.914    31.1
5.7100        -6042.584    -6046.529        3.945    31.3
5.7150        -6042.583    -6046.507        3.924    31.1
5.7200        -6042.555    -6046.473        3.919    31.1
5.7250        -6042.591    -6046.433        3.843    30.5
5.7300        -6042.599    -6046.412        3.813    30.3
5.7350        -6042.569    -6046.422        3.853    30.6
5.7400        -6042.529    -6046.460        3.931    31.2
5.7450        -6042.532    -6046.508        3.977    31.6
5.7500        -6042.513    -6046.535        4.022    31.9
5.7550        -6042.516    -6046.532        4.016    31.9
5.7600        -6042.498    -6046.506        4.008    31.8
5.7650        -6042.454    -6046.462        4.007    31.8
5.7700        -6042.444    -6046.419        3.975    31.5
5.7750        -6042.437    -6046.398        3.961    31.4
5.7800        -6042.467    -6046.407        3.940    31.3
5.7850        -6042.449    -6046.438        3.989    31.6
5.7900        -6042.459    -6046.458        4.000    31.7
5.7950        -6042.489    -6046.445        3.956    31.4
5.8000        -6042.498    -6046.403        3.906    31.0
5.8050        -6042.465    -6046.360        3.895    30.9
5.8100        -6042.480    -6046.340        3.860    30.6
5.8150        -6042.497    -6046.357        3.860    30.6
5.8200        -6042.491    -6046.400        3.909    31.0
5.8250        -6042.478    -6046.436        3.957    31.4
5.8300        -6042.476    -6046.437        3.960    31.4
5.8350        -6042.470    -6046.395        3.925    31.1
5.8400        -6042.481    -6046.340        3.859    30.6
5.8450        -6042.461    -6046.298        3.837    30.4
5.8500        -6042.465    -6046.291        3.826    30.4
5.8550        -6042.463    -6046.323        3.860    30.6
5.8600        -6042.450    -6046.368        3.918    31.1
5.8650        -6042.444    -6046.395        3.951    31.4
5.8700        -6042.411    -6046.399        3.988    31.6
5.8750        -6042.394    -6046.393        3.999    31.7
5.8800        -6042.419    -6046.395        3.976    31.6
5.8850        -6042.435    -6046.415        3.980    31.6
5.8900        -6042.436    -6046.446        4.010    31.8
5.8950        -6042.434    -6046.470        4.036    32.0
5.9000        -6042.433    -6046.474        4.040    32.1
5.9050        -6042.397    -6046.460        4.063    32.2
5.9100        -6042.387    -6046.429        4.043    32.1
5.9150        -6042.404    -6046.389        3.985    31.6
5.9200        -6042.353    -6046.347        3.994    31.7
5.9250        -6042.385    -6046.323        3.938    31.2
5.9300        -6042.446    -6046.331        3.885    30.8
5.9350        -6042.429    -6046.369        3.940    31.3
5.9400        -6042.421    -6046.424        4.003    31.8
5.9450        -6042.418    -6046.456        4.038    32.0
5.9500        -6042.403    -6046.450        4.047    32.1
5.9550        -6042.387    -6046.419        4.031    32.0
5.9600        -6042.375    -6046.374        3.999    31.7
5.9650        -6042.369    -6046.338        3.969    31.5
5.9700        -6042.383    -6046.318        3.935    31.2
5.9750        -6042.415    -6046.315        3.900    30.9
5.9800        -6042.428    -6046.326        3.897    30.9
5.9850        -6042.421    -6046.339        3.918    31.1
5.9900        -6042.427    -6046.333        3.906    31.0
5.9950        -6042.427    -6046.305        3.878    30.8
6.0000        -6042.449    -6046.263        3.814    30.3
6.0050        -6042.477    -6046.236        3.759    29.8
6.0100        -6042.422    -6046.244        3.822    30.3
6.0150        -6042.445    -6046.296        3.851    30.6
6.0200        -6042.444    -6046.382        3.937    31.2
6.0250        -6042.432    -6046.465        4.032    32.0
6.0300        -6042.458    -6046.529        4.071    32.3
6.0350        -6042.479    -6046.564        4.084    32.4
6.0400        -6042.488    -6046.566        4.078    32.4
6.0450        -6042.489    -6046.538        4.049    32.1
6.0500        -6042.507    -6046.490        3.983    31.6
6.0550        -6042.496    -6046.445        3.949    31.3
6.0600        -6042.503    -6046.415        3.912    31.0
6.0650        -6042.528    -6046.410        3.882    30.8
6.0700        -6042.533    -6046.432        3.900    30.9
6.0750        -6042.511    -6046.463        3.953    31.4
6.0800        -6042.543    -6046.489        3.946    31.3
6.0850        -6042.544    -6046.498        3.953    31.4
6.0900        -6042.561    -6046.489        3.928    31.2
6.0950        -6042.546    -6046.473        3.927    31.2
6.1000        -6042.582    -6046.457        3.875    30.8
6.1050        -6042.577    -6046.453        3.876    30.8
6.1100        -6042.582    -6046.457        3.875    30.7
6.1150        -6042.588    -6046.468        3.881    30.8
6.1200        -6042.626    -6046.468        3.842    30.5
6.1250        -6042.651    -6046.460        3.809    30.2
6.1300        -6042.640    -6046.452        3.812    30.2
6.1350        -6042.628    -6046.455        3.827    30.4
6.1400        -6042.633    -6046.478        3.845    30.5
6.1450        -6042.628    -6046.511        3.883    30.8
6.1500        -6042.609    -6046.529        3.920    31.1
6.1550        -6042.598    -6046.526        3.928    31.2
6.1600        -6042.606    -6046.500        3.894    30.9
6.1650        -6042.611    -6046.475        3.864    30.7
6.1700        -6042.598    -6046.469        3.871    30.7
6.1750        -6042.616    -6046.462        3.846    30.5
6.1800        -6042.634    -6046.449        3.815    30.3
6.1850        -6042.604    -6046.436        3.832    30.4
6.1900        -6042.638    -6046.430        3.792    30.1
6.1950        -6042.663    -6046.450        3.786    30.0
6.2000        -6042.697    -6046.500        3.803    30.2
6.2050        -6042.711    -6046.559        3.848    30.5
6.2100        -6042.694    -6046.605        3.911    31.0
6.2150        -6042.693    -6046.623        3.930    31.2
6.2200        -6042.682    -6046.618        3.936    31.2
6.2250        -6042.699    -6046.594        3.894    30.9
6.2300        -6042.730    -6046.567        3.837    30.4
6.2350        -6042.731    -6046.543        3.812    30.3
6.2400        -6042.714    -6046.526        3.813    30.3
6.2450        -6042.749    -6046.520        3.770    29.9
6.2500        -6042.744    -6046.526        3.782    30.0
6.2550        -6042.742    -6046.537        3.794    30.1
6.2600        -6042.752    -6046.550        3.797    30.1
6.2650        -6042.750    -6046.558        3.808    30.2
6.2700        -6042.773    -6046.547        3.774    29.9
6.2750        -6042.758    -6046.524        3.766    29.9
6.2800        -6042.723    -6046.488        3.765    29.9
6.2850        -6042.747    -6046.452        3.705    29.4
6.2900        -6042.777    -6046.447        3.670    29.1
6.2950        -6042.824    -6046.480        3.656    29.0
6.3000        -6042.791    -6046.536        3.745    29.7
6.3050        -6042.803    -6046.582        3.779    30.0
6.3100        -6042.812    -6046.605        3.792    30.1
6.3150        -6042.813    -6046.607        3.794    30.1
6.3200        -6042.821    -6046.602        3.781    30.0
6.3250        -6042.864    -6046.603        3.739    29.7
6.3300        -6042.851    -6046.616        3.764    29.9
6.3350        -6042.838    -6046.623        3.785    30.0
6.3400        -6042.838    -6046.608        3.770    29.9
6.3450        -6042.846    -6046.576        3.730    29.6
6.3500        -6042.856    -6046.550        3.694    29.3
6.3550        -6042.892    -6046.555        3.664    29.1
6.3600        -6042.869    -6046.603        3.734    29.6
6.3650        -6042.864    -6046.666        3.802    30.2
6.3700        -6042.845    -6046.709        3.864    30.7
6.3750        -6042.836    -6046.699        3.864    30.7
6.3800        -6042.846    -6046.640        3.793    30.1
6.3850        -6042.845    -6046.568        3.722    29.5
6.3900        -6042.816    -6046.515        3.698    29.3
6.3950        -6042.828    -6046.496        3.668    29.1
6.4000        -6042.790    -6046.506        3.716    29.5
6.4050        -6042.780    -6046.540        3.760    29.8
6.4100        -6042.767    -6046.578        3.811    30.2
6.4150        -6042.773    -6046.609        3.836    30.4
6.4200        -6042.792    -6046.627        3.835    30.4
6.4250        -6042.775    -6046.620        3.845    30.5
6.4300        -6042.785    -6046.602        3.817    30.3
6.4350        -6042.782    -6046.584        3.803    30.2
6.4400        -6042.815    -6046.568        3.753    29.8
6.4450        -6042.792    -6046.564        3.772    29.9
6.4500        -6042.815    -6046.579        3.764    29.9
6.4550        -6042.806    -6046.596        3.790    30.1
6.4600        -6042.801    -6046.603        3.802    30.2
6.4650        -6042.824    -6046.593        3.769    29.9
6.4700        -6042.810    -6046.565        3.755    29.8
6.4750        -6042.821    -6046.544        3.723    29.5
6.4800        -6042.839    -6046.545        3.706    29.4
6.4850        -6042.819    -6046.562        3.742    29.7
6.4900        -6042.840    -6046.584        3.744    29.7
6.4950        -6042.864    -6046.600        3.736    29.6
6.5000        -6042.881    -6046.599        3.718    29.5
6.5050        -6042.885    -6046.587        3.702    29.4
6.5100        -6042.871    -6046.583        3.712    29.5
6.5150        -6042.855    -6046.606        3.751    29.8
6.5200        -6042.843    -6046.663        3.821    30.3
6.5250        -6042.870    -6046.727        3.857    30.6
6.5300        -6042.863    -6046.767        3.904    31.0
6.5350        -6042.855    -6046.754        3.899    30.9
6.5400        -6042.843    -6046.683        3.840    30.5
6.5450        -6042.849    -6046.586        3.738    29.7
6.5500        -6042.843    -6046.518        3.676    29.2
6.5550        -6042.791    -6046.504        3.713    29.5
6.5600        -6042.785    -6046.533        3.747    29.7
6.5650        -6042.754    -6046.571        3.817    30.3
6.5700        -6042.785    -6046.583        3.798    30.1
6.5750        -6042.752    -6046.572        3.820    30.3
6.5800        -6042.738    -6046.559        3.820    30.3
6.5850        -6042.734    -6046.556        3.822    30.3
6.5900        -6042.700    -6046.569        3.869    30.7
6.5950        -6042.682    -6046.590        3.907    31.0
6.6000        -6042.671    -6046.584        3.912    31.0
6.6050        -6042.713    -6046.530        3.817    30.3
6.6100        -6042.761    -6046.450        3.689    29.3
6.6150        -6042.736    -6046.386        3.650    29.0
6.6200        -6042.713    -6046.367        3.654    29.0
6.6250        -6042.710    -6046.402        3.692    29.3
6.6300        -6042.737    -6046.480        3.744    29.7
6.6350        -6042.731    -6046.562        3.831    30.4
6.6400        -6042.742    -6046.606        3.864    30.7
6.6450        -6042.748    -6046.602        3.854    30.6
6.6500        -6042.749    -6046.566        3.817    30.3
6.6550        -6042.726    -6046.515        3.789    30.1
6.6600        -6042.742    -6046.471        3.729    29.6
6.6650        -6042.736    -6046.454        3.718    29.5
6.6700        -6042.747    -6046.456        3.709    29.4
6.6750        -6042.745    -6046.468        3.723    29.5
6.6800        -6042.782    -6046.470        3.688    29.3
6.6850        -6042.756    -6046.478        3.722    29.5
6.6900        -6042.769    -6046.495        3.725    29.6
6.6950        -6042.760    -6046.513        3.753    29.8
6.7000        -6042.728    -6046.525        3.797    30.1
6.7050        -6042.709    -6046.518        3.809    30.2
6.7100        -6042.716    -6046.499        3.783    30.0
6.7150        -6042.702    -6046.487        3.785    30.0
6.7200        -6042.690    -6046.497        3.806    30.2
6.7250        -6042.725    -6046.524        3.799    30.1
6.7300        -6042.710    -6046.562        3.852    30.6
6.7350        -6042.732    -6046.602        3.870    30.7
6.7400        -6042.759    -6046.638        3.879    30.8
6.7450        -6042.766    -6046.660        3.894    30.9
6.7500        -6042.765    -6046.675        3.910    31.0
6.7550        -6042.779    -6046.694        3.915    31.1
6.7600        -6042.760    -6046.709        3.950    31.3
6.7650        -6042.775    -6046.705        3.930    31.2
6.7700        -6042.792    -6046.670        3.878    30.8
6.7750        -6042.810    -6046.618        3.808    30.2
6.7800        -6042.839    -6046.567        3.729    29.6
6.7850        -6042.791    -6046.537        3.745    29.7
6.7900        -6042.771    -6046.532        3.761    29.8
6.7950        -6042.763    -6046.539        3.776    30.0
6.8000        -6042.801    -6046.542        3.741    29.7
6.8050        -6042.777    -6046.527        3.750    29.8
6.8100        -6042.783    -6046.496        3.713    29.5
6.8150        -6042.798    -6046.477        3.680    29.2
6.8200        -6042.790    -6046.499        3.709    29.4
6.8250        -6042.805    -6046.568        3.763    29.9
6.8300        -6042.808    -6046.656        3.848    30.5
6.8350        -6042.763    -6046.713        3.950    31.3
6.8400        -6042.771    -6046.713        3.941    31.3
6.8450        -6042.794    -6046.658        3.864    30.7
6.8500        -6042.768    -6046.589        3.821    30.3
6.8550        -6042.779    -6046.538        3.760    29.8
6.8600        -6042.738    -6046.524        3.786    30.0
6.8650        -6042.711    -6046.533        3.822    30.3
6.8700        -6042.703    -6046.529        3.826    30.4
6.8750        -6042.711    -6046.501        3.790    30.1
6.8800        -6042.724    -6046.472        3.748    29.7
6.8850        -6042.724    -6046.457        3.733    29.6
6.8900        -6042.708    -6046.473        3.765    29.9
6.8950        -6042.691    -6046.518        3.827    30.4
6.9000        -6042.685    -6046.562        3.877    30.8
6.9050        -6042.674    -6046.584        3.910    31.0
6.9100        -6042.649    -6046.563        3.914    31.1
6.9150        -6042.672    -6046.496        3.824    30.3
6.9200        -6042.657    -6046.423        3.766    29.9
6.9250        -6042.655    -6046.382        3.728    29.6
6.9300        -6042.660    -6046.379        3.719    29.5
6.9350        -6042.659    -6046.397        3.738    29.7
6.9400        -6042.673    -6046.421        3.749    29.7
6.9450        -6042.692    -6046.450        3.758    29.8
6.9500        -6042.686    -6046.483        3.798    30.1
6.9550        -6042.687    -6046.526        3.839    30.5
6.9600        -6042.662    -6046.581        3.919    31.1
6.9650        -6042.735    -6046.627        3.892    30.9
6.9700        -6042.768    -6046.652        3.884    30.8
6.9750        -6042.831    -6046.651        3.820    30.3
6.9800        -6042.817    -6046.636        3.819    30.3
6.9850        -6042.835    -6046.627        3.792    30.1
6.9900        -6042.804    -6046.632        3.828    30.4
6.9950        -6042.786    -6046.637        3.851    30.6
7.0000        -6042.802    -6046.636        3.834    30.4
7.0050        -6042.777    -6046.642        3.865    30.7
7.0100        -6042.780    -6046.653        3.873    30.7
7.0150        -6042.789    -6046.662        3.872    30.7
7.0200        -6042.774    -6046.674        3.900    30.9
7.0250        -6042.782    -6046.681        3.899    30.9
7.0300        -6042.766    -6046.662        3.896    30.9
7.0350        -6042.763    -6046.615        3.851    30.6
7.0400        -6042.765    -6046.550        3.785    30.0
7.0450        -6042.751    -6046.488        3.737    29.7
7.0500        -6042.754    -6046.447        3.693    29.3
7.0550        -6042.771    -6046.430        3.659    29.0
7.0600        -6042.739    -6046.435        3.696    29.3
7.0650        -6042.738    -6046.443        3.705    29.4
7.0700        -6042.741    -6046.448        3.706    29.4
7.0750        -6042.761    -6046.463        3.702    29.4
7.0800        -6042.768    -6046.493        3.725    29.6
7.0850        -6042.785    -6046.528        3.743    29.7
7.0900        -6042.794    -6046.555        3.761    29.8
7.0950        -6042.813    -6046.560        3.747    29.7
7.1000        -6042.812    -6046.552        3.740    29.7
7.1050        -6042.790    -6046.533        3.742    29.7
7.1100        -6042.793    -6046.521        3.728    29.6
7.1150        -6042.801    -6046.524        3.723    29.5
7.1200        -6042.827    -6046.549        3.721    29.5
7.1250        -6042.851    -6046.586        3.735    29.6
7.1300        -6042.884    -6046.629        3.745    29.7
7.1350        -6042.888    -6046.676        3.788    30.1
7.1400        -6042.896    -6046.736        3.840    30.5
7.1450        -6042.898    -6046.790        3.892    30.9
7.1500        -6042.882    -6046.808        3.926    31.2
7.1550        -6042.898    -6046.791        3.893    30.9
7.1600        -6042.904    -6046.744        3.841    30.5
7.1650        -6042.924    -6046.681        3.757    29.8
7.1700        -6042.936    -6046.630        3.693    29.3
7.1750        -6042.930    -6046.607        3.677    29.2
7.1800        -6042.917    -6046.620        3.703    29.4
7.1850        -6042.968    -6046.643        3.674    29.2
7.1900        -6042.955    -6046.659        3.704    29.4
7.1950        -6042.944    -6046.664        3.720    29.5
7.2000        -6042.933    -6046.648        3.715    29.5
7.2050        -6042.926    -6046.613        3.687    29.3
7.2100        -6042.934    -6046.578        3.645    28.9
7.2150        -6042.940    -6046.553        3.614    28.7
7.2200        -6042.962    -6046.548        3.586    28.5
7.2250        -6042.997    -6046.561        3.564    28.3
7.2300        -6043.001    -6046.591        3.590    28.5
7.2350        -6042.991    -6046.625        3.634    28.8
7.2400        -6042.970    -6046.662        3.693    29.3
7.2450        -6042.971    -6046.695        3.724    29.5
7.2500        -6042.956    -6046.723        3.766    29.9
7.2550        -6042.937    -6046.744        3.806    30.2
7.2600        -6042.929    -6046.752        3.823    30.3
7.2650        -6042.939    -6046.730        3.790    30.1
7.2700        -6042.945    -6046.680        3.735    29.6
7.2750        -6042.961    -6046.636        3.675    29.2
7.2800        -6042.963    -6046.623        3.660    29.0
7.2850        -6042.985    -6046.637        3.653    29.0
7.2900        -6042.987    -6046.671        3.684    29.2
7.2950        -6042.991    -6046.704        3.713    29.5
7.3000        -6042.981    -6046.703        3.722    29.5
7.3050        -6042.936    -6046.670        3.735    29.6
7.3100        -6042.965    -6046.632        3.666    29.1
7.3150        -6042.947    -6046.608        3.662    29.1
7.3200        -6042.971    -6046.623        3.652    29.0
7.3250        -6042.999    -6046.663        3.663    29.1
7.3300        -6042.993    -6046.698        3.706    29.4
7.3350        -6042.968    -6046.702        3.734    29.6
7.3400        -6042.968    -6046.660        3.692    29.3
7.3450        -6042.964    -6046.604        3.639    28.9
7.3500        -6042.983    -6046.576        3.593    28.5
7.3550        -6042.977    -6046.603        3.626    28.8
7.3600        -6042.985    -6046.674        3.689    29.3
7.3650        -6043.024    -6046.730        3.706    29.4
7.3700        -6043.015    -6046.733        3.717    29.5
7.3750        -6043.020    -6046.682        3.662    29.1
7.3800        -6043.000    -6046.611        3.612    28.7
7.3850        -6042.960    -6046.570        3.611    28.6
7.3900        -6042.969    -6046.592        3.624    28.8
7.3950        -6042.986    -6046.670        3.684    29.2
7.4000        -6043.005    -6046.757        3.752    29.8
7.4050        -6042.982    -6046.808        3.826    30.4
7.4100        -6042.975    -6046.814        3.839    30.5
7.4150        -6042.974    -6046.786        3.812    30.2
7.4200        -6042.991    -6046.755        3.764    29.9
7.4250        -6042.999    -6046.736        3.737    29.7
7.4300        -6043.023    -6046.731        3.708    29.4
7.4350        -6043.004    -6046.721        3.718    29.5
7.4400        -6042.990    -6046.696        3.705    29.4
7.4450        -6042.947    -6046.650        3.703    29.4
7.4500        -6042.923    -6046.595        3.672    29.1
7.4550        -6042.905    -6046.564        3.659    29.0
7.4600        -6042.899    -6046.577        3.678    29.2
7.4650        -6042.915    -6046.615        3.700    29.4
7.4700        -6042.919    -6046.636        3.717    29.5
7.4750        -6042.935    -6046.605        3.670    29.1
7.4800        -6042.930    -6046.536        3.606    28.6
7.4850        -6042.903    -6046.466        3.563    28.3
7.4900        -6042.909    -6046.434        3.525    28.0
7.4950        -6042.862    -6046.458        3.596    28.5
7.5000        -6042.857    -6046.514        3.656    29.0
7.5050        -6042.865    -6046.565        3.699    29.4
7.5100        -6042.869    -6046.596        3.727    29.6
7.5150        -6042.863    -6046.608        3.745    29.7
7.5200        -6042.827    -6046.621        3.794    30.1
7.5250        -6042.812    -6046.637        3.825    30.3
7.5300        -6042.809    -6046.662        3.853    30.6
7.5350        -6042.788    -6046.678        3.889    30.9
7.5400        -6042.794    -6046.660        3.866    30.7
7.5450        -6042.803    -6046.617        3.813    30.3
7.5500        -6042.809    -6046.573        3.764    29.9
7.5550        -6042.820    -6046.559        3.739    29.7
7.5600        -6042.831    -6046.592        3.761    29.8
7.5650        -6042.820    -6046.649        3.829    30.4
7.5700        -6042.852    -6046.678        3.826    30.4
7.5750        -6042.841    -6046.653        3.813    30.3
7.5800        -6042.825    -6046.582        3.757    29.8
7.5850        -6042.804    -6046.525        3.722    29.5
7.5900        -6042.813    -6046.520        3.706    29.4
7.5950        -6042.817    -6046.571        3.753    29.8
7.6000        -6042.792    -6046.648        3.857    30.6
7.6050        -6042.797    -6046.705        3.908    31.0
7.6100        -6042.806    -6046.703        3.897    30.9
7.6150        -6042.793    -6046.648        3.856    30.6
7.6200        -6042.812    -6046.574        3.763    29.9
7.6250        -6042.825    -6046.528        3.703    29.4
7.6300        -6042.810    -6046.534        3.725    29.6
7.6350        -6042.782    -6046.569        3.787    30.1
7.6400        -6042.780    -6046.603        3.823    30.3
7.6450        -6042.782    -6046.611        3.829    30.4
7.6500        -6042.785    -6046.589        3.804    30.2
7.6550        -6042.776    -6046.555        3.778    30.0
7.6600        -6042.751    -6046.533        3.781    30.0
7.6650        -6042.739    -6046.527        3.788    30.1
7.6700        -6042.718    -6046.524        3.806    30.2
7.6750        -6042.727    -6046.506        3.778    30.0
7.6800        -6042.739    -6046.474        3.735    29.6
7.6850        -6042.767    -6046.450        3.683    29.2
7.6900        -6042.755    -6046.457        3.702    29.4
7.6950        -6042.755    -6046.494        3.739    29.7
7.7000        -6042.768    -6046.544        3.775    30.0
7.7050        -6042.754    -6046.581        3.827    30.4
7.7100        -6042.740    -6046.582        3.842    30.5
7.7150        -6042.735    -6046.534        3.800    30.2
7.7200        -6042.751    -6046.476        3.726    29.6
7.7250        -6042.778    -6046.438        3.660    29.0
7.7300        -6042.795    -6046.456        3.661    29.1
7.7350        -6042.794    -6046.508        3.714    29.5
7.7400        -6042.792    -6046.565        3.774    29.9
7.7450        -6042.745    -6046.588        3.843    30.5
7.7500        -6042.736    -6046.565        3.829    30.4
7.7550        -6042.744    -6046.523        3.779    30.0
7.7600        -6042.730    -6046.500        3.770    29.9
7.7650        -6042.695    -6046.512        3.817    30.3
7.7700        -6042.705    -6046.554        3.849    30.5
7.7750        -6042.718    -6046.594        3.876    30.8
7.7800        -6042.694    -6046.602        3.908    31.0
7.7850        -6042.708    -6046.581        3.873    30.7
7.7900        -6042.724    -6046.550        3.826    30.4
7.7950        -6042.716    -6046.548        3.832    30.4
7.8000        -6042.718    -6046.590        3.871    30.7
7.8050        -6042.715    -6046.651        3.936    31.2
7.8100        -6042.737    -6046.682        3.945    31.3
7.8150        -6042.748    -6046.666        3.918    31.1
7.8200        -6042.759    -6046.613        3.853    30.6
7.8250        -6042.783    -6046.549        3.766    29.9
7.8300        -6042.748    -6046.508        3.761    29.8
7.8350        -6042.753    -6046.500        3.747    29.7
7.8400        -6042.733    -6046.508        3.776    30.0
7.8450        -6042.705    -6046.509        3.803    30.2
7.8500        -6042.713    -6046.494        3.780    30.0
7.8550        -6042.725    -6046.479        3.754    29.8
7.8600        -6042.748    -6046.490        3.742    29.7
7.8650        -6042.688    -6046.536        3.848    30.5
7.8700        -6042.678    -6046.595        3.916    31.1
7.8750        -6042.698    -6046.633        3.935    31.2
7.8800        -6042.715    -6046.629        3.915    31.1
7.8850        -6042.718    -6046.586        3.868    30.7
7.8900        -6042.716    -6046.522        3.807    30.2
7.8950        -6042.704    -6046.463        3.759    29.8
7.9000        -6042.718    -6046.431        3.713    29.5
7.9050        -6042.718    -6046.428        3.710    29.4
7.9100        -6042.725    -6046.442        3.716    29.5
7.9150        -6042.709    -6046.458        3.749    29.7
7.9200        -6042.704    -6046.473        3.769    29.9
7.9250        -6042.709    -6046.478        3.769    29.9
7.9300        -6042.705    -6046.477        3.773    29.9
7.9350        -6042.715    -6046.482        3.767    29.9
7.9400        -6042.724    -6046.505        3.781    30.0
7.9450        -6042.724    -6046.529        3.804    30.2
7.9500        -6042.728    -6046.537        3.809    30.2
7.9550        -6042.725    -6046.540        3.814    30.3
7.9600        -6042.721    -6046.556        3.834    30.4
7.9650        -6042.709    -6046.604        3.895    30.9
7.9700        -6042.721    -6046.675        3.954    31.4
7.9750        -6042.748    -6046.733        3.984    31.6
7.9800        -6042.752    -6046.757        4.005    31.8
7.9850        -6042.795    -6046.730        3.936    31.2
7.9900        -6042.826    -6046.677        3.852    30.6
7.9950        -6042.796    -6046.618        3.822    30.3
8.0000        -6042.788    -6046.571        3.784    30.0
8.0050        -6042.792    -6046.544        3.752    29.8
8.0100        -6042.784    -6046.539        3.755    29.8
8.0150        -6042.795    -6046.547        3.751    29.8
8.0200        -6042.780    -6046.546        3.766    29.9
8.0250        -6042.777    -6046.536        3.759    29.8
8.0300        -6042.800    -6046.538        3.738    29.7
8.0350        -6042.822    -6046.559        3.737    29.7
8.0400        -6042.837    -6046.585        3.748    29.7
8.0450        -6042.855    -6046.612        3.757    29.8
8.0500        -6042.832    -6046.629        3.796    30.1
8.0550        -6042.844    -6046.635        3.791    30.1
8.0600        -6042.831    -6046.631        3.799    30.1
8.0650        -6042.825    -6046.625        3.800    30.2
8.0700        -6042.822    -6046.615        3.793    30.1
8.0750        -6042.802    -6046.609        3.807    30.2
8.0800        -6042.772    -6046.601        3.829    30.4
8.0850        -6042.787    -6046.590        3.803    30.2
8.0900        -6042.787    -6046.590        3.803    30.2
8.0950        -6042.781    -6046.598        3.817    30.3
8.1000        -6042.769    -6046.610        3.841    30.5
8.1050        -6042.761    -6046.615        3.854    30.6
8.1100        -6042.749    -6046.594        3.846    30.5
8.1150        -6042.714    -6046.549        3.835    30.4
8.1200        -6042.720    -6046.500        3.780    30.0
8.1250        -6042.713    -6046.474        3.761    29.8
8.1300        -6042.692    -6046.474        3.782    30.0
8.1350        -6042.688    -6046.490        3.802    30.2
8.1400        -6042.677    -6046.514        3.837    30.4
8.1450        -6042.662    -6046.519        3.856    30.6
8.1500        -6042.632    -6046.492        3.860    30.6
8.1550        -6042.606    -6046.437        3.831    30.4
8.1600        -6042.582    -6046.380        3.798    30.1
8.1650        -6042.546    -6046.344        3.798    30.1
8.1700        -6042.568    -6046.339        3.771    29.9
8.1750        -6042.566    -6046.352        3.786    30.0
8.1800        -6042.551    -6046.368        3.817    30.3
8.1850        -6042.549    -6046.384        3.835    30.4
8.1900        -6042.569    -6046.409        3.840    30.5
8.1950        -6042.578    -6046.448        3.870    30.7
8.2000        -6042.582    -6046.497        3.915    31.1
8.2050        -6042.600    -6046.548        3.949    31.3
8.2100        -6042.588    -6046.577        3.989    31.6
8.2150        -6042.566    -6046.567        4.001    31.7
8.2200        -6042.597    -6046.526        3.930    31.2
8.2250        -6042.620    -6046.475        3.855    30.6
8.2300        -6042.621    -6046.440        3.819    30.3
8.2350        -6042.627    -6046.430        3.803    30.2
8.2400        -6042.613    -6046.443        3.830    30.4
8.2450        -6042.610    -6046.480        3.871    30.7
8.2500        -6042.591    -6046.530        3.938    31.2
8.2550        -6042.590    -6046.574        3.984    31.6
8.2600        -6042.570    -6046.589        4.018    31.9
8.2650        -6042.572    -6046.574        4.002    31.8
8.2700        -6042.601    -6046.532        3.931    31.2
8.2750        -6042.645    -6046.487        3.842    30.5
8.2800        -6042.656    -6046.451        3.796    30.1
8.2850        -6042.660    -6046.440        3.780    30.0
8.2900        -6042.663    -6046.444        3.782    30.0
8.2950        -6042.667    -6046.455        3.789    30.1
8.3000        -6042.649    -6046.469        3.820    30.3
8.3050        -6042.645    -6046.482        3.837    30.4
8.3100        -6042.664    -6046.496        3.832    30.4
8.3150        -6042.672    -6046.501        3.829    30.4
8.3200        -6042.678    -6046.509        3.831    30.4
8.3250        -6042.690    -6046.505        3.815    30.3
8.3300        -6042.672    -6046.498        3.826    30.4
8.3350        -6042.667    -6046.496        3.829    30.4
8.3400        -6042.672    -6046.499        3.827    30.4
8.3450        -6042.670    -6046.503        3.833    30.4
8.3500        -6042.723    -6046.515        3.792    30.1
8.3550        -6042.761    -6046.536        3.775    30.0
8.3600        -6042.777    -6046.574        3.797    30.1
8.3650        -6042.793    -6046.611        3.818    30.3
8.3700        -6042.776    -6046.623        3.847    30.5
8.3750        -6042.791    -6046.610        3.819    30.3
8.3800        -6042.801    -6046.588        3.787    30.0
8.3850        -6042.807    -6046.588        3.781    30.0
8.3900        -6042.804    -6046.617        3.813    30.3
8.3950        -6042.792    -6046.656        3.864    30.7
8.4000        -6042.826    -6046.665        3.840    30.5
8.4050        -6042.835    -6046.633        3.798    30.1
8.4100        -6042.860    -6046.575        3.715    29.5
8.4150        -6042.920    -6046.535        3.615    28.7
8.4200        -6042.914    -6046.550        3.636    28.9
8.4250        -6042.893    -6046.620        3.728    29.6
8.4300        -6042.879    -6046.699        3.820    30.3
8.4350        -6042.855    -6046.740        3.885    30.8
8.4400        -6042.863    -6046.720        3.857    30.6
8.4450        -6042.848    -6046.654        3.805    30.2
8.4500        -6042.838    -6046.570        3.732    29.6
8.4550        -6042.832    -6046.512        3.679    29.2
8.4600        -6042.845    -6046.498        3.653    29.0
8.4650        -6042.880    -6046.529        3.649    29.0
8.4700        -6042.897    -6046.586        3.689    29.3
8.4750        -6042.892    -6046.647        3.754    29.8
8.4800        -6042.930    -6046.688        3.758    29.8
8.4850        -6042.962    -6046.697        3.735    29.6
8.4900        -6042.936    -6046.690        3.754    29.8
8.4950        -6042.930    -6046.674        3.743    29.7
8.5000        -6042.919    -6046.654        3.735    29.6
8.5050        -6042.921    -6046.632        3.712    29.5
8.5100        -6042.924    -6046.611        3.687    29.3
8.5150        -6042.928    -6046.587        3.659    29.0
8.5200        -6042.963    -6046.552        3.589    28.5
8.5250        -6042.966    -6046.525        3.559    28.2
8.5300        -6042.938    -6046.519        3.582    28.4
8.5350        -6042.945    -6046.537        3.591    28.5
8.5400        -6042.936    -6046.577        3.641    28.9
8.5450        -6042.881    -6046.623        3.742    29.7
8.5500        -6042.895    -6046.662        3.766    29.9
8.5550        -6042.917    -6046.682        3.765    29.9
8.5600        -6042.915    -6046.682        3.768    29.9
8.5650        -6042.906    -6046.678        3.772    29.9
8.5700        -6042.895    -6046.686        3.791    30.1
8.5750        -6042.874    -6046.702        3.828    30.4
8.5800        -6042.853    -6046.720        3.867    30.7
8.5850        -6042.838    -6046.718        3.880    30.8
8.5900        -6042.833    -6046.694        3.861    30.6
8.5950        -6042.829    -6046.651        3.822    30.3
8.6000        -6042.858    -6046.606        3.747    29.7
8.6050        -6042.857    -6046.575        3.717    29.5
8.6100        -6042.864    -6046.571        3.707    29.4
8.6150        -6042.876    -6046.603        3.727    29.6
8.6200        -6042.880    -6046.645        3.764    29.9
8.6250        -6042.870    -6046.664        3.793    30.1
8.6300        -6042.868    -6046.648        3.780    30.0
8.6350        -6042.851    -6046.598        3.747    29.7
8.6400        -6042.851    -6046.537        3.686    29.2
8.6450        -6042.848    -6046.500        3.653    29.0
8.6500        -6042.832    -6046.495        3.663    29.1
8.6550        -6042.824    -6046.501        3.677    29.2
8.6600        -6042.826    -6046.518        3.692    29.3
8.6650        -6042.835    -6046.533        3.698    29.3
8.6700        -6042.831    -6046.554        3.724    29.5
8.6750        -6042.809    -6046.582        3.774    29.9
8.6800        -6042.825    -6046.601        3.776    30.0
8.6850        -6042.806    -6046.617        3.812    30.2
8.6900        -6042.829    -6046.630        3.801    30.2
8.6950        -6042.862    -6046.633        3.771    29.9
8.7000        -6042.884    -6046.637        3.753    29.8
8.7050        -6042.874    -6046.645        3.771    29.9
8.7100        -6042.905    -6046.650        3.745    29.7
8.7150        -6042.928    -6046.659        3.731    29.6
8.7200        -6042.939    -6046.673        3.735    29.6
8.7250        -6042.940    -6046.681        3.741    29.7
8.7300        -6042.951    -6046.670        3.719    29.5
8.7350        -6042.978    -6046.647        3.669    29.1
8.7400        -6042.989    -6046.637        3.648    28.9
8.7450        -6042.966    -6046.649        3.683    29.2
8.7500        -6042.964    -6046.668        3.704    29.4
8.7550        -6042.940    -6046.676        3.736    29.6
8.7600        -6042.902    -6046.662        3.761    29.8
8.7650        -6042.904    -6046.635        3.731    29.6
8.7700        -6042.888    -6046.610        3.722    29.5
8.7750        -6042.872    -6046.602        3.730    29.6
8.7800        -6042.907    -6046.606        3.700    29.4
8.7850        -6042.878    -6046.617        3.739    29.7
8.7900        -6042.862    -6046.623        3.761    29.8
8.7950        -6042.864    -6046.621        3.757    29.8
8.8000        -6042.885    -6046.613        3.728    29.6
8.8050        -6042.871    -6046.601        3.730    29.6
8.8100        -6042.876    -6046.591        3.714    29.5
8.8150        -6042.889    -6046.588        3.699    29.3
8.8200        -6042.883    -6046.579        3.696    29.3
8.8250        -6042.872    -6046.560        3.688    29.3
8.8300        -6042.830    -6046.535        3.705    29.4
8.8350        -6042.808    -6046.513        3.705    29.4
8.8400        -6042.809    -6046.513        3.704    29.4
8.8450        -6042.781    -6046.552        3.771    29.9
8.8500        -6042.734    -6046.596        3.861    30.6
8.8550        -6042.742    -6046.619        3.877    30.8
8.8600        -6042.718    -6046.612        3.894    30.9
8.8650        -6042.739    -6046.584        3.845    30.5
8.8700        -6042.718    -6046.566        3.848    30.5
8.8750        -6042.737    -6046.569        3.832    30.4
8.8800        -6042.755    -6046.579        3.825    30.3
8.8850        -6042.786    -6046.592        3.806    30.2
8.8900        -6042.828    -6046.610        3.782    30.0
8.8950        -6042.838    -6046.634        3.795    30.1
8.9000        -6042.834    -6046.658        3.824    30.3
8.9050        -6042.865    -6046.669        3.803    30.2
8.9100        -6042.859    -6046.661        3.802    30.2
8.9150        -6042.848    -6046.636        3.788    30.1
8.9200        -6042.854    -6046.596        3.742    29.7
8.9250        -6042.846    -6046.551        3.705    29.4
8.9300        -6042.835    -6046.519        3.683    29.2
8.9350        -6042.821    -6046.504        3.683    29.2
8.9400        -6042.841    -6046.508        3.668    29.1
8.9450        -6042.866    -6046.519        3.652    29.0
8.9500        -6042.863    -6046.527        3.664    29.1
8.9550        -6042.848    -6046.534        3.686    29.3
8.9600        -6042.876    -6046.550        3.674    29.1
8.9650        -6042.878    -6046.580        3.702    29.4
8.9700        -6042.900    -6046.611        3.711    29.4
8.9750        -6042.900    -6046.639        3.739    29.7
8.9800        -6042.880    -6046.658        3.778    30.0
8.9850        -6042.852    -6046.678        3.826    30.4
8.9900        -6042.878    -6046.690        3.812    30.2
8.9950        -6042.889    -6046.690        3.802    30.2
9.0000        -6042.891    -6046.682        3.791    30.1
9.0050        -6042.889    -6046.680        3.790    30.1
9.0100        -6042.867    -6046.687        3.820    30.3
9.0150        -6042.867    -6046.700        3.833    30.4
9.0200        -6042.869    -6046.706        3.838    30.5
9.0250        -6042.862    -6046.711        3.849    30.5
9.0300        -6042.881    -6046.715        3.834    30.4
9.0350        -6042.868    -6046.723        3.855    30.6
9.0400        -6042.862    -6046.720        3.858    30.6
9.0450        -6042.895    -6046.700        3.804    30.2
9.0500        -6042.882    -6046.663        3.781    30.0
9.0550        -6042.872    -6046.620        3.748    29.7
9.0600        -6042.891    -6046.592        3.701    29.4
9.0650        -6042.898    -6046.585        3.687    29.3
9.0700        -6042.914    -6046.590        3.676    29.2
9.0750        -6042.918    -6046.596        3.678    29.2
9.0800        -6042.936    -6046.592        3.656    29.0
9.0850        -6042.937    -6046.576        3.639    28.9
9.0900        -6042.910    -6046.548        3.638    28.9
9.0950        -6042.924    -6046.515        3.591    28.5
9.1000        -6042.910    -6046.497        3.587    28.5
9.1050        -6042.879    -6046.515        3.636    28.9
9.1100        -6042.872    -6046.564        3.692    29.3
9.1150        -6042.908    -6046.619        3.711    29.4
9.1200        -6042.881    -6046.659        3.778    30.0
9.1250        -6042.862    -6046.669        3.807    30.2
9.1300        -6042.897    -6046.654        3.757    29.8
9.1350        -6042.909    -6046.626        3.717    29.5
9.1400        -6042.920    -6046.617        3.696    29.3
9.1450        -6042.915    -6046.629        3.714    29.5
9.1500        -6042.933    -6046.652        3.719    29.5
9.1550        -6042.943    -6046.673        3.730    29.6
9.1600        -6042.941    -6046.685        3.745    29.7
9.1650        -6042.925    -6046.685        3.760    29.8
9.1700        -6042.906    -6046.670        3.765    29.9
9.1750        -6042.952    -6046.656        3.703    29.4
9.1800        -6042.941    -6046.659        3.718    29.5
9.1850        -6042.949    -6046.680        3.730    29.6
9.1900        -6042.949    -6046.706        3.757    29.8
9.1950        -6042.916    -6046.715        3.799    30.1
9.2000        -6042.914    -6046.692        3.778    30.0
9.2050        -6042.925    -6046.641        3.717    29.5
9.2100        -6042.909    -6046.582        3.673    29.1
9.2150        -6042.921    -6046.549        3.628    28.8
9.2200        -6042.935    -6046.566        3.631    28.8
9.2250        -6042.913    -6046.635        3.721    29.5
9.2300        -6042.910    -6046.718        3.808    30.2
9.2350        -6042.928    -6046.778        3.850    30.5
9.2400        -6042.884    -6046.785        3.901    31.0
9.2450        -6042.903    -6046.737        3.834    30.4
9.2500        -6042.913    -6046.668        3.755    29.8
9.2550        -6042.904    -6046.614        3.711    29.4
9.2600        -6042.891    -6046.592        3.700    29.4
9.2650        -6042.899    -6046.585        3.685    29.2
9.2700        -6042.900    -6046.580        3.679    29.2
9.2750        -6042.860    -6046.572        3.712    29.5
9.2800        -6042.855    -6046.559        3.703    29.4
9.2850        -6042.838    -6046.558        3.720    29.5
9.2900        -6042.844    -6046.574        3.730    29.6
9.2950        -6042.818    -6046.593        3.775    30.0
9.3000        -6042.839    -6046.603        3.764    29.9
9.3050        -6042.869    -6046.596        3.727    29.6
9.3100        -6042.845    -6046.578        3.733    29.6
9.3150        -6042.847    -6046.565        3.718    29.5
9.3200        -6042.878    -6046.559        3.681    29.2
9.3250        -6042.888    -6046.566        3.678    29.2
9.3300        -6042.919    -6046.571        3.652    29.0
9.3350        -6042.946    -6046.568        3.622    28.7
9.3400        -6042.928    -6046.554        3.626    28.8
9.3450        -6042.912    -6046.536        3.624    28.8
9.3500        -6042.905    -6046.535        3.631    28.8
9.3550        -6042.913    -6046.565        3.651    29.0
9.3600        -6042.925    -6046.616        3.692    29.3
9.3650        -6042.904    -6046.676        3.772    29.9
9.3700        -6042.920    -6046.716        3.796    30.1
9.3750        -6042.902    -6046.720        3.818    30.3
9.3800        -6042.927    -6046.690        3.763    29.9
9.3850        -6042.957    -6046.649        3.692    29.3
9.3900        -6042.976    -6046.628        3.652    29.0
9.3950        -6043.002    -6046.641        3.639    28.9
9.4000        -6043.056    -6046.670        3.614    28.7
9.4050        -6043.049    -6046.698        3.649    29.0
9.4100        -6043.047    -6046.692        3.645    28.9
9.4150        -6043.047    -6046.670        3.623    28.7
9.4200        -6043.022    -6046.651        3.628    28.8
9.4250        -6043.007    -6046.649        3.642    28.9
9.4300        -6043.008    -6046.670        3.661    29.1
9.4350        -6042.997    -6046.701        3.703    29.4
9.4400        -6042.958    -6046.730        3.772    29.9
9.4450        -6042.952    -6046.739        3.786    30.0
9.4500        -6042.951    -6046.716        3.765    29.9
9.4550        -6042.939    -6046.670        3.732    29.6
9.4600        -6042.936    -6046.635        3.700    29.4
9.4650        -6042.914    -6046.630        3.716    29.5
9.4700        -6042.946    -6046.650        3.704    29.4
9.4750        -6042.923    -6046.681        3.758    29.8
9.4800        -6042.954    -6046.687        3.733    29.6
9.4850        -6042.949    -6046.658        3.709    29.4
9.4900        -6042.921    -6046.604        3.683    29.2
9.4950        -6042.934    -6046.546        3.612    28.7
9.5000        -6042.944    -6046.510        3.566    28.3
9.5050        -6042.918    -6046.504        3.587    28.5
9.5100        -6042.902    -6046.526        3.624    28.8
9.5150        -6042.882    -6046.554        3.672    29.1
9.5200        -6042.903    -6046.581        3.678    29.2
9.5250        -6042.906    -6046.611        3.705    29.4
9.5300        -6042.890    -6046.647        3.757    29.8
9.5350        -6042.912    -6046.684        3.771    29.9
9.5400        -6042.905    -6046.710        3.805    30.2
9.5450        -6042.926    -6046.695        3.769    29.9
9.5500        -6042.920    -6046.641        3.721    29.5
9.5550        -6042.933    -6046.563        3.630    28.8
9.5600        -6043.001    -6046.496        3.495    27.7
9.5650        -6043.005    -6046.479        3.474    27.6
9.5700        -6042.983    -6046.527        3.544    28.1
9.5750        -6042.967    -6046.617        3.650    29.0
9.5800        -6042.966    -6046.702        3.736    29.6
9.5850        -6042.956    -6046.753        3.797    30.1
9.5900        -6042.940    -6046.766        3.825    30.4
9.5950        -6042.958    -6046.756        3.797    30.1
9.6000        -6042.976    -6046.748        3.772    29.9
9.6050        -6043.004    -6046.747        3.742    29.7
9.6100        -6042.963    -6046.735        3.772    29.9
9.6150        -6042.951    -6046.706        3.755    29.8
9.6200        -6042.941    -6046.675        3.733    29.6
9.6250        -6042.915    -6046.648        3.733    29.6
9.6300        -6042.914    -6046.635        3.721    29.5
9.6350        -6042.900    -6046.629        3.728    29.6
9.6400        -6042.915    -6046.612        3.697    29.3
9.6450        -6042.928    -6046.580        3.652    29.0
9.6500        -6042.928    -6046.551        3.624    28.8
9.6550        -6042.942    -6046.545        3.603    28.6
9.6600        -6042.926    -6046.566        3.639    28.9
9.6650        -6042.922    -6046.623        3.701    29.4
9.6700        -6042.909    -6046.692        3.783    30.0
9.6750        -6042.909    -6046.735        3.826    30.4
9.6800        -6042.909    -6046.739        3.830    30.4
9.6850        -6042.860    -6046.711        3.851    30.6
9.6900        -6042.873    -6046.672        3.799    30.1
9.6950        -6042.884    -6046.648        3.764    29.9
9.7000        -6042.885    -6046.658        3.773    29.9
9.7050        -6042.895    -6046.683        3.788    30.1
9.7100        -6042.891    -6046.683        3.791    30.1
9.7150        -6042.906    -6046.649        3.743    29.7
9.7200        -6042.893    -6046.576        3.684    29.2
9.7250        -6042.897    -6046.505        3.608    28.6
9.7300        -6042.908    -6046.469        3.561    28.3
9.7350        -6042.926    -6046.484        3.558    28.2
9.7400        -6042.919    -6046.543        3.624    28.8
9.7450        -6042.944    -6046.621        3.676    29.2
9.7500        -6042.907    -6046.688        3.781    30.0
9.7550        -6042.915    -6046.729        3.814    30.3
9.7600        -6042.934    -6046.740        3.806    30.2
9.7650        -6042.922    -6046.728        3.806    30.2
9.7700        -6042.936    -6046.708        3.772    29.9
9.7750        -6042.968    -6046.697        3.729    29.6
9.7800        -6042.943    -6046.684        3.741    29.7
9.7850        -6042.942    -6046.650        3.708    29.4
9.7900        -6042.954    -6046.596        3.642    28.9
9.7950        -6042.943    -6046.545        3.602    28.6
9.8000        -6042.936    -6046.521        3.585    28.4
9.8050        -6042.942    -6046.530        3.588    28.5
9.8100        -6042.941    -6046.566        3.625    28.8
9.8150        -6042.928    -6046.598        3.670    29.1
9.8200        -6042.920    -6046.602        3.682    29.2
9.8250        -6042.893    -6046.589        3.696    29.3
9.8300        -6042.863    -6046.574        3.712    29.5
9.8350        -6042.851    -6046.580        3.729    29.6
9.8400        -6042.854    -6046.611        3.757    29.8
9.8450        -6042.844    -6046.650        3.806    30.2
9.8500        -6042.813    -6046.661        3.848    30.5
9.8550        -6042.794    -6046.633        3.839    30.5
9.8600        -6042.811    -6046.576        3.765    29.9
9.8650        -6042.787    -6046.538        3.751    29.8
9.8700        -6042.786    -6046.551        3.764    29.9
9.8750        -6042.807    -6046.599        3.792    30.1
9.8800        -6042.831    -6046.658        3.827    30.4
9.8850        -6042.843    -6046.694        3.850    30.6
9.8900        -6042.832    -6046.683        3.851    30.6
9.8950        -6042.824    -6046.640        3.816    30.3
9.9000        -6042.805    -6046.588        3.783    30.0
9.9050        -6042.804    -6046.551        3.746    29.7
9.9100        -6042.802    -6046.541        3.739    29.7
9.9150        -6042.810    -6046.547        3.737    29.7
9.9200        -6042.788    -6046.555        3.767    29.9
9.9250        -6042.779    -6046.569        3.790    30.1
9.9300        -6042.774    -6046.577        3.802    30.2
9.9350        -6042.770    -6046.571        3.801    30.2
9.9400        -6042.776    -6046.548        3.772    29.9
9.9450        -6042.763    -6046.527        3.765    29.9
9.9500        -6042.741    -6046.531        3.790    30.1
9.9550        -6042.736    -6046.557        3.821    30.3
9.9600        -6042.754    -6046.584        3.829    30.4
9.9650        -6042.756    -6046.609        3.853    30.6
9.9700        -6042.760    -6046.612        3.852    30.6
9.9750        -6042.779    -6046.590        3.810    30.2
9.9800        -6042.790    -6046.538        3.748    29.7
9.9850        -6042.770    -6046.473        3.703    29.4
9.9900        -6042.780    -6046.422        3.642    28.9
9.9950        -6042.796    -6046.411        3.615    28.7
10.0000       -6042.792    -6046.445        3.653    29.0
10.0050       -6042.806    -6046.516        3.709    29.4
10.0100       -6042.824    -6046.589        3.765    29.9
10.0150       -6042.796    -6046.630        3.834    30.4
10.0200       -6042.766    -6046.635        3.869    30.7
10.0250       -6042.732    -6046.615        3.883    30.8
10.0300       -6042.758    -6046.587        3.829    30.4
10.0350       -6042.764    -6046.568        3.804    30.2
10.0400       -6042.760    -6046.570        3.811    30.2
10.0450       -6042.759    -6046.593        3.834    30.4
10.0500       -6042.768    -6046.625        3.857    30.6
10.0550       -6042.746    -6046.650        3.904    31.0
10.0600       -6042.749    -6046.663        3.913    31.0
10.0650       -6042.712    -6046.648        3.936    31.2
10.0700       -6042.729    -6046.604        3.875    30.7
10.0750       -6042.721    -6046.560        3.839    30.5
10.0800       -6042.743    -6046.533        3.789    30.1
10.0850       -6042.753    -6046.524        3.771    29.9
10.0900       -6042.735    -6046.532        3.797    30.1
10.0950       -6042.742    -6046.527        3.785    30.0
10.1000       -6042.734    -6046.501        3.768    29.9
10.1050       -6042.762    -6046.465        3.703    29.4
10.1100       -6042.754    -6046.448        3.694    29.3
10.1150       -6042.727    -6046.455        3.727    29.6
10.1200       -6042.704    -6046.484        3.781    30.0
10.1250       -6042.679    -6046.517        3.838    30.5
10.1300       -6042.662    -6046.532        3.870    30.7
10.1350       -6042.683    -6046.530        3.846    30.5
10.1400       -6042.689    -6046.523        3.834    30.4
10.1450       -6042.713    -6046.515        3.803    30.2
10.1500       -6042.710    -6046.515        3.805    30.2
10.1550       -6042.717    -6046.512        3.795    30.1
10.1600       -6042.711    -6046.508        3.797    30.1
10.1650       -6042.730    -6046.504        3.774    29.9
10.1700       -6042.697    -6046.481        3.784    30.0
10.1750       -6042.716    -6046.445        3.729    29.6
10.1800       -6042.733    -6046.422        3.689    29.3
10.1850       -6042.750    -6046.445        3.696    29.3
10.1900       -6042.785    -6046.522        3.737    29.7
10.1950       -6042.782    -6046.620        3.839    30.5
10.2000       -6042.768    -6046.691        3.923    31.1
10.2050       -6042.771    -6046.703        3.932    31.2
10.2100       -6042.776    -6046.656        3.880    30.8
10.2150       -6042.774    -6046.591        3.817    30.3
10.2200       -6042.785    -6046.543        3.758    29.8
10.2250       -6042.774    -6046.542        3.768    29.9
10.2300       -6042.787    -6046.574        3.788    30.1
10.2350       -6042.768    -6046.602        3.834    30.4
10.2400       -6042.756    -6046.592        3.835    30.4
10.2450       -6042.799    -6046.548        3.749    29.7
10.2500       -6042.772    -6046.490        3.718    29.5
10.2550       -6042.803    -6046.455        3.651    29.0
10.2600       -6042.806    -6046.466        3.660    29.0
10.2650       -6042.834    -6046.510        3.676    29.2
10.2700       -6042.852    -6046.570        3.718    29.5
10.2750       -6042.823    -6046.614        3.791    30.1
10.2800       -6042.817    -6046.622        3.805    30.2
10.2850       -6042.792    -6046.591        3.799    30.1
10.2900       -6042.815    -6046.548        3.733    29.6
10.2950       -6042.823    -6046.538        3.715    29.5
10.3000       -6042.797    -6046.578        3.781    30.0
10.3050       -6042.805    -6046.651        3.847    30.5
10.3100       -6042.834    -6046.705        3.871    30.7
10.3150       -6042.850    -6046.728        3.878    30.8
10.3200       -6042.863    -6046.715        3.853    30.6
10.3250       -6042.871    -6046.688        3.817    30.3
10.3300       -6042.873    -6046.681        3.808    30.2
10.3350       -6042.861    -6046.700        3.839    30.5
10.3400       -6042.871    -6046.709        3.839    30.5
10.3450       -6042.852    -6046.680        3.828    30.4
10.3500       -6042.861    -6046.606        3.745    29.7
10.3550       -6042.854    -6046.529        3.675    29.2
10.3600       -6042.862    -6046.490        3.628    28.8
10.3650       -6042.868    -6046.500        3.631    28.8
10.3700       -6042.857    -6046.546        3.689    29.3
10.3750       -6042.869    -6046.574        3.705    29.4
10.3800       -6042.882    -6046.552        3.670    29.1
10.3850       -6042.870    -6046.499        3.629    28.8
10.3900       -6042.897    -6046.458        3.560    28.3
10.3950       -6042.889    -6046.466        3.577    28.4
10.4000       -6042.857    -6046.537        3.680    29.2
10.4050       -6042.856    -6046.637        3.781    30.0
10.4100       -6042.858    -6046.716        3.858    30.6
10.4150       -6042.853    -6046.740        3.887    30.8
10.4200       -6042.832    -6046.712        3.880    30.8
10.4250       -6042.853    -6046.649        3.796    30.1
10.4300       -6042.861    -6046.576        3.716    29.5
10.4350       -6042.848    -6046.516        3.669    29.1
10.4400       -6042.839    -6046.483        3.644    28.9
10.4450       -6042.819    -6046.478        3.658    29.0
10.4500       -6042.774    -6046.496        3.723    29.5
10.4550       -6042.786    -6046.524        3.738    29.7
10.4600       -6042.792    -6046.547        3.755    29.8
10.4650       -6042.789    -6046.565        3.776    30.0
10.4700       -6042.802    -6046.570        3.768    29.9
10.4750       -6042.816    -6046.569        3.753    29.8
10.4800       -6042.798    -6046.573        3.775    29.9
10.4850       -6042.800    -6046.576        3.777    30.0
10.4900       -6042.774    -6046.574        3.800    30.2
10.4950       -6042.738    -6046.561        3.823    30.3
10.5000       -6042.747    -6046.532        3.785    30.0
10.5050       -6042.721    -6046.501        3.780    30.0
10.5100       -6042.711    -6046.476        3.765    29.9
10.5150       -6042.703    -6046.470        3.767    29.9
10.5200       -6042.696    -6046.482        3.786    30.0
10.5250       -6042.674    -6046.504        3.830    30.4
10.5300       -6042.690    -6046.519        3.830    30.4
10.5350       -6042.707    -6046.530        3.823    30.3
10.5400       -6042.703    -6046.537        3.834    30.4
10.5450       -6042.714    -6046.544        3.830    30.4
10.5500       -6042.745    -6046.551        3.806    30.2
10.5550       -6042.744    -6046.550        3.806    30.2
10.5600       -6042.742    -6046.537        3.795    30.1
10.5650       -6042.726    -6046.524        3.798    30.1
10.5700       -6042.722    -6046.524        3.802    30.2
10.5750       -6042.702    -6046.549        3.847    30.5
10.5800       -6042.702    -6046.591        3.889    30.9
10.5850       -6042.725    -6046.632        3.907    31.0
10.5900       -6042.749    -6046.645        3.895    30.9
10.5950       -6042.741    -6046.632        3.891    30.9
10.6000       -6042.754    -6046.599        3.845    30.5
10.6050       -6042.743    -6046.556        3.813    30.3
10.6100       -6042.771    -6046.501        3.730    29.6
10.6150       -6042.780    -6046.452        3.672    29.1
10.6200       -6042.777    -6046.411        3.634    28.8
10.6250       -6042.765    -6046.390        3.625    28.8
10.6300       -6042.750    -6046.409        3.659    29.0
10.6350       -6042.733    -6046.469        3.736    29.6
10.6400       -6042.697    -6046.542        3.845    30.5
10.6450       -6042.707    -6046.605        3.898    30.9
10.6500       -6042.747    -6046.639        3.892    30.9
10.6550       -6042.745    -6046.642        3.897    30.9
10.6600       -6042.738    -6046.621        3.883    30.8
10.6650       -6042.755    -6046.584        3.829    30.4
10.6700       -6042.721    -6046.563        3.841    30.5
10.6750       -6042.737    -6046.578        3.840    30.5
10.6800       -6042.735    -6046.618        3.883    30.8
10.6850       -6042.745    -6046.667        3.922    31.1
10.6900       -6042.783    -6046.689        3.905    31.0
10.6950       -6042.789    -6046.667        3.878    30.8
10.7000       -6042.781    -6046.604        3.822    30.3
10.7050       -6042.786    -6046.529        3.744    29.7
10.7100       -6042.777    -6046.489        3.712    29.5
10.7150       -6042.744    -6046.497        3.753    29.8
10.7200       -6042.742    -6046.534        3.792    30.1
10.7250       -6042.732    -6046.553        3.822    30.3
10.7300       -6042.718    -6046.517        3.799    30.1
10.7350       -6042.692    -6046.428        3.736    29.6
10.7400       -6042.693    -6046.339        3.647    28.9
10.7450       -6042.699    -6046.298        3.598    28.6
10.7500       -6042.711    -6046.324        3.613    28.7
10.7550       -6042.701    -6046.393        3.693    29.3
10.7600       -6042.666    -6046.458        3.792    30.1
10.7650       -6042.666    -6046.484        3.818    30.3
10.7700       -6042.665    -6046.468        3.804    30.2
10.7750       -6042.686    -6046.427        3.742    29.7
10.7800       -6042.694    -6046.397        3.703    29.4
10.7850       -6042.673    -6046.422        3.749    29.7
10.7900       -6042.676    -6046.514        3.838    30.5
10.7950       -6042.692    -6046.628        3.936    31.2
10.8000       -6042.670    -6046.698        4.028    32.0
10.8050       -6042.690    -6046.694        4.004    31.8
10.8100       -6042.668    -6046.627        3.959    31.4
10.8150       -6042.682    -6046.538        3.857    30.6
10.8200       -6042.665    -6046.485        3.820    30.3
10.8250       -6042.629    -6046.494        3.865    30.7
10.8300       -6042.625    -6046.537        3.912    31.0
10.8350       -6042.629    -6046.580        3.950    31.3
10.8400       -6042.616    -6046.592        3.976    31.6
10.8450       -6042.615    -6046.571        3.955    31.4
10.8500       -6042.637    -6046.534        3.897    30.9
10.8550       -6042.592    -6046.496        3.904    31.0
10.8600       -6042.581    -6046.462        3.881    30.8
10.8650       -6042.572    -6046.447        3.875    30.7
10.8700       -6042.567    -6046.444        3.877    30.8
10.8750       -6042.562    -6046.451        3.889    30.9
10.8800       -6042.549    -6046.454        3.905    31.0
10.8850       -6042.554    -6046.452        3.897    30.9
10.8900       -6042.551    -6046.438        3.888    30.8
10.8950       -6042.570    -6046.416        3.846    30.5
10.9000       -6042.562    -6046.404        3.841    30.5
10.9050       -6042.551    -6046.407        3.856    30.6
10.9100       -6042.556    -6046.420        3.863    30.7
10.9150       -6042.527    -6046.440        3.913    31.0
10.9200       -6042.523    -6046.460        3.936    31.2
10.9250       -6042.508    -6046.462        3.954    31.4
10.9300       -6042.507    -6046.437        3.931    31.2
10.9350       -6042.520    -6046.390        3.869    30.7
10.9400       -6042.495    -6046.350        3.855    30.6
10.9450       -6042.468    -6046.337        3.870    30.7
10.9500       -6042.466    -6046.358        3.891    30.9
10.9550       -6042.497    -6046.388        3.891    30.9
10.9600       -6042.514    -6046.394        3.880    30.8
10.9650       -6042.530    -6046.377        3.847    30.5
10.9700       -6042.527    -6046.360        3.833    30.4
10.9750       -6042.486    -6046.363        3.878    30.8
10.9800       -6042.516    -6046.407        3.891    30.9
10.9850       -6042.530    -6046.471        3.940    31.3
10.9900       -6042.532    -6046.522        3.990    31.7
10.9950       -6042.550    -6046.551        4.001    31.7
11.0000       -6042.537    -6046.564        4.027    32.0
11.0050       -6042.534    -6046.569        4.035    32.0
11.0100       -6042.523    -6046.583        4.060    32.2
11.0150       -6042.517    -6046.593        4.076    32.3
11.0200       -6042.503    -6046.577        4.073    32.3
11.0250       -6042.493    -6046.517        4.025    31.9
11.0300       -6042.494    -6046.436        3.942    31.3
11.0350       -6042.509    -6046.372        3.863    30.7
11.0400       -6042.491    -6046.357        3.867    30.7
11.0450       -6042.509    -6046.390        3.881    30.8
11.0500       -6042.512    -6046.435        3.923    31.1
11.0550       -6042.525    -6046.452        3.926    31.2
11.0600       -6042.525    -6046.421        3.895    30.9
11.0650       -6042.516    -6046.364        3.848    30.5
11.0700       -6042.533    -6046.330        3.797    30.1
11.0750       -6042.544    -6046.356        3.812    30.2
11.0800       -6042.531    -6046.451        3.920    31.1
11.0850       -6042.535    -6046.559        4.025    31.9
11.0900       -6042.564    -6046.615        4.051    32.1
11.0950       -6042.567    -6046.600        4.034    32.0
11.1000       -6042.583    -6046.532        3.949    31.3
11.1050       -6042.585    -6046.450        3.864    30.7
11.1100       -6042.584    -6046.403        3.819    30.3
11.1150       -6042.550    -6046.406        3.856    30.6
11.1200       -6042.572    -6046.443        3.870    30.7
11.1250       -6042.601    -6046.485        3.884    30.8
11.1300       -6042.648    -6046.510        3.862    30.6
11.1350       -6042.628    -6046.510        3.882    30.8
11.1400       -6042.627    -6046.489        3.862    30.6
11.1450       -6042.625    -6046.457        3.832    30.4
11.1500       -6042.658    -6046.427        3.769    29.9
11.1550       -6042.638    -6046.409        3.771    29.9
11.1600       -6042.621    -6046.402        3.781    30.0
11.1650       -6042.629    -6046.404        3.776    30.0
11.1700       -6042.620    -6046.418        3.799    30.1
11.1750       -6042.651    -6046.437        3.786    30.0
11.1800       -6042.670    -6046.461        3.790    30.1
11.1850       -6042.656    -6046.480        3.824    30.3
11.1900       -6042.668    -6046.483        3.815    30.3
11.1950       -6042.703    -6046.469        3.766    29.9
11.2000       -6042.684    -6046.444        3.760    29.8
11.2050       -6042.689    -6046.413        3.724    29.5
11.2100       -6042.677    -6046.407        3.730    29.6
11.2150       -6042.641    -6046.447        3.806    30.2
11.2200       -6042.624    -6046.513        3.888    30.9
11.2250       -6042.636    -6046.583        3.947    31.3
11.2300       -6042.638    -6046.643        4.005    31.8
11.2350       -6042.651    -6046.682        4.031    32.0
11.2400       -6042.688    -6046.699        4.011    31.8
11.2450       -6042.694    -6046.692        3.998    31.7
11.2500       -6042.699    -6046.668        3.969    31.5
11.2550       -6042.662    -6046.634        3.972    31.5
11.2600       -6042.667    -6046.607        3.940    31.3
11.2650       -6042.683    -6046.601        3.918    31.1
11.2700       -6042.722    -6046.610        3.888    30.9
11.2750       -6042.720    -6046.627        3.907    31.0
11.2800       -6042.738    -6046.634        3.896    30.9
11.2850       -6042.727    -6046.615        3.889    30.9
11.2900       -6042.740    -6046.562        3.822    30.3
11.2950       -6042.785    -6046.505        3.720    29.5
11.3000       -6042.780    -6046.472        3.692    29.3
11.3050       -6042.766    -6046.467        3.701    29.4
11.3100       -6042.813    -6046.481        3.668    29.1
11.3150       -6042.847    -6046.515        3.668    29.1
11.3200       -6042.869    -6046.562        3.693    29.3
11.3250       -6042.871    -6046.593        3.721    29.5
11.3300       -6042.858    -6046.591        3.733    29.6
11.3350       -6042.865    -6046.558        3.693    29.3
11.3400       -6042.850    -6046.521        3.672    29.1
11.3450       -6042.841    -6046.513        3.671    29.1
11.3500       -6042.838    -6046.541        3.703    29.4
11.3550       -6042.834    -6046.587        3.753    29.8
11.3600       -6042.817    -6046.614        3.798    30.1
11.3650       -6042.853    -6046.605        3.752    29.8
11.3700       -6042.822    -6046.570        3.749    29.7
11.3750       -6042.840    -6046.533        3.694    29.3
11.3800       -6042.856    -6046.519        3.663    29.1
11.3850       -6042.873    -6046.531        3.658    29.0
11.3900       -6042.880    -6046.554        3.674    29.2
11.3950       -6042.865    -6046.576        3.711    29.4
11.4000       -6042.830    -6046.581        3.752    29.8
11.4050       -6042.856    -6046.569        3.712    29.5
11.4100       -6042.857    -6046.550        3.694    29.3
11.4150       -6042.863    -6046.555        3.692    29.3
11.4200       -6042.863    -6046.595        3.732    29.6
11.4250       -6042.863    -6046.659        3.796    30.1
11.4300       -6042.873    -6046.718        3.845    30.5
11.4350       -6042.877    -6046.741        3.864    30.7
11.4400       -6042.864    -6046.726        3.862    30.6
11.4450       -6042.838    -6046.687        3.849    30.5
11.4500       -6042.804    -6046.645        3.841    30.5
11.4550       -6042.827    -6046.606        3.780    30.0
11.4600       -6042.810    -6046.573        3.762    29.9
11.4650       -6042.822    -6046.541        3.719    29.5
11.4700       -6042.811    -6046.527        3.717    29.5
11.4750       -6042.817    -6046.545        3.727    29.6
11.4800       -6042.813    -6046.596        3.784    30.0
11.4850       -6042.834    -6046.657        3.823    30.3
11.4900       -6042.827    -6046.694        3.867    30.7
11.4950       -6042.813    -6046.676        3.864    30.7
11.5000       -6042.836    -6046.623        3.787    30.0
11.5050       -6042.860    -6046.568        3.707    29.4
11.5100       -6042.860    -6046.541        3.681    29.2
11.5150       -6042.869    -6046.545        3.676    29.2
11.5200       -6042.872    -6046.564        3.691    29.3
11.5250       -6042.898    -6046.590        3.691    29.3
11.5300       -6042.908    -6046.614        3.706    29.4
11.5350       -6042.908    -6046.636        3.728    29.6
11.5400       -6042.897    -6046.658        3.761    29.8
11.5450       -6042.890    -6046.672        3.782    30.0
11.5500       -6042.897    -6046.678        3.781    30.0
11.5550       -6042.898    -6046.669        3.770    29.9
11.5600       -6042.921    -6046.643        3.722    29.5
11.5650       -6042.910    -6046.608        3.697    29.3
11.5700       -6042.943    -6046.579        3.636    28.8
11.5750       -6042.937    -6046.571        3.634    28.8
11.5800       -6042.938    -6046.595        3.657    29.0
11.5850       -6042.886    -6046.628        3.742    29.7
11.5900       -6042.892    -6046.649        3.757    29.8
11.5950       -6042.880    -6046.648        3.768    29.9
11.6000       -6042.860    -6046.624        3.763    29.9
11.6050       -6042.866    -6046.591        3.725    29.6
11.6100       -6042.883    -6046.572        3.689    29.3
11.6150       -6042.892    -6046.570        3.678    29.2
11.6200       -6042.882    -6046.573        3.691    29.3
11.6250       -6042.870    -6046.578        3.709    29.4
11.6300       -6042.860    -6046.589        3.729    29.6
11.6350       -6042.899    -6046.603        3.704    29.4
11.6400       -6042.909    -6046.617        3.708    29.4
11.6450       -6042.883    -6046.635        3.751    29.8
11.6500       -6042.874    -6046.641        3.767    29.9
11.6550       -6042.846    -6046.633        3.787    30.0
11.6600       -6042.822    -6046.616        3.794    30.1
11.6650       -6042.816    -6046.610        3.794    30.1
11.6700       -6042.796    -6046.611        3.815    30.3
11.6750       -6042.806    -6046.594        3.788    30.1
11.6800       -6042.811    -6046.575        3.764    29.9
11.6850       -6042.804    -6046.563        3.759    29.8
11.6900       -6042.807    -6046.555        3.748    29.7
11.6950       -6042.801    -6046.556        3.755    29.8
11.7000       -6042.802    -6046.554        3.753    29.8
11.7050       -6042.814    -6046.548        3.734    29.6
11.7100       -6042.793    -6046.547        3.754    29.8
11.7150       -6042.804    -6046.546        3.742    29.7
11.7200       -6042.820    -6046.550        3.730    29.6
11.7250       -6042.845    -6046.559        3.714    29.5
11.7300       -6042.838    -6046.576        3.738    29.7
11.7350       -6042.853    -6046.603        3.750    29.8
11.7400       -6042.865    -6046.630        3.765    29.9
11.7450       -6042.858    -6046.654        3.796    30.1
11.7500       -6042.863    -6046.660        3.797    30.1
11.7550       -6042.865    -6046.637        3.771    29.9
11.7600       -6042.865    -6046.587        3.722    29.5
11.7650       -6042.877    -6046.533        3.656    29.0
11.7700       -6042.857    -6046.501        3.643    28.9
11.7750       -6042.857    -6046.496        3.639    28.9
11.7800       -6042.868    -6046.516        3.648    28.9
11.7850       -6042.896    -6046.553        3.657    29.0
11.7900       -6042.901    -6046.596        3.696    29.3
11.7950       -6042.921    -6046.645        3.724    29.5
11.8000       -6042.905    -6046.684        3.779    30.0
11.8050       -6042.888    -6046.702        3.815    30.3
11.8100       -6042.876    -6046.701        3.824    30.3
11.8150       -6042.914    -6046.694        3.780    30.0
11.8200       -6042.880    -6046.684        3.804    30.2
11.8250       -6042.908    -6046.665        3.757    29.8
11.8300       -6042.925    -6046.643        3.718    29.5
11.8350       -6042.888    -6046.622        3.734    29.6
11.8400       -6042.865    -6046.616        3.751    29.8
11.8450       -6042.864    -6046.613        3.749    29.8
11.8500       -6042.843    -6046.625        3.782    30.0
11.8550       -6042.858    -6046.653        3.796    30.1
11.8600       -6042.838    -6046.675        3.837    30.4
11.8650       -6042.818    -6046.668        3.850    30.6
11.8700       -6042.834    -6046.638        3.805    30.2
11.8750       -6042.822    -6046.610        3.787    30.1
11.8800       -6042.830    -6046.594        3.764    29.9
11.8850       -6042.852    -6046.597        3.745    29.7
11.8900       -6042.840    -6046.611        3.771    29.9
11.8950       -6042.799    -6046.624        3.825    30.3
11.9000       -6042.810    -6046.607        3.796    30.1
11.9050       -6042.826    -6046.566        3.740    29.7
11.9100       -6042.781    -6046.524        3.743    29.7
11.9150       -6042.769    -6046.486        3.716    29.5
11.9200       -6042.741    -6046.457        3.716    29.5
11.9250       -6042.762    -6046.444        3.683    29.2
11.9300       -6042.767    -6046.459        3.692    29.3
11.9350       -6042.737    -6046.490        3.753    29.8
11.9400       -6042.753    -6046.511        3.757    29.8
11.9450       -6042.772    -6046.510        3.738    29.7
11.9500       -6042.761    -6046.504        3.743    29.7
11.9550       -6042.761    -6046.498        3.737    29.7
11.9600       -6042.794    -6046.499        3.705    29.4
11.9650       -6042.798    -6046.518        3.719    29.5
11.9700       -6042.766    -6046.545        3.779    30.0
11.9750       -6042.786    -6046.575        3.788    30.1
11.9800       -6042.774    -6046.596        3.822    30.3
11.9850       -6042.766    -6046.595        3.829    30.4
11.9900       -6042.787    -6046.569        3.782    30.0
11.9950       -6042.776    -6046.531        3.755    29.8
12.0000       -6042.756    -6046.506        3.750    29.8
12.0050       -6042.771    -6046.513        3.742    29.7
12.0100       -6042.770    -6046.566        3.796    30.1
12.0150       -6042.816    -6046.642        3.827    30.4
12.0200       -6042.860    -6046.707        3.847    30.5
12.0250       -6042.850    -6046.739        3.889    30.9
12.0300       -6042.851    -6046.753        3.903    31.0
12.0350       -6042.873    -6046.762        3.888    30.9
12.0400       -6042.870    -6046.768        3.898    30.9
12.0450       -6042.885    -6046.757        3.872    30.7
12.0500       -6042.891    -6046.729        3.838    30.5
12.0550       -6042.910    -6046.687        3.777    30.0
12.0600       -6042.930    -6046.642        3.712    29.5
12.0650       -6042.934    -6046.607        3.673    29.1
12.0700       -6042.941    -6046.590        3.650    29.0
12.0750       -6042.914    -6046.586        3.672    29.1
12.0800       -6042.902    -6046.578        3.676    29.2
12.0850       -6042.853    -6046.549        3.695    29.3
12.0900       -6042.891    -6046.511        3.620    28.7
12.0950       -6042.903    -6046.496        3.593    28.5
12.1000       -6042.903    -6046.530        3.627    28.8
12.1050       -6042.881    -6046.590        3.709    29.4
12.1100       -6042.901    -6046.646        3.745    29.7
12.1150       -6042.905    -6046.676        3.771    29.9
12.1200       -6042.901    -6046.668        3.767    29.9
12.1250       -6042.897    -6046.634        3.737    29.7
12.1300       -6042.909    -6046.597        3.687    29.3
12.1350       -6042.926    -6046.590        3.664    29.1
12.1400       -6042.902    -6046.628        3.726    29.6
12.1450       -6042.883    -6046.678        3.795    30.1
12.1500       -6042.884    -6046.706        3.822    30.3
12.1550       -6042.869    -6046.701        3.831    30.4
12.1600       -6042.851    -6046.672        3.821    30.3
12.1650       -6042.843    -6046.639        3.796    30.1
12.1700       -6042.840    -6046.604        3.765    29.9
12.1750       -6042.870    -6046.587        3.717    29.5
12.1800       -6042.845    -6046.587        3.742    29.7
12.1850       -6042.865    -6046.591        3.726    29.6
12.1900       -6042.814    -6046.592        3.778    30.0
12.1950       -6042.843    -6046.597        3.754    29.8
12.2000       -6042.807    -6046.602        3.795    30.1
12.2050       -6042.794    -6046.608        3.814    30.3
12.2100       -6042.762    -6046.602        3.840    30.5
12.2150       -6042.728    -6046.572        3.843    30.5
12.2200       -6042.734    -6046.521        3.787    30.0
12.2250       -6042.750    -6046.471        3.721    29.5
12.2300       -6042.787    -6046.450        3.663    29.1
12.2350       -6042.811    -6046.474        3.662    29.1
12.2400       -6042.816    -6046.537        3.721    29.5
12.2450       -6042.800    -6046.603        3.804    30.2
12.2500       -6042.802    -6046.630        3.828    30.4
12.2550       -6042.786    -6046.602        3.816    30.3
12.2600       -6042.759    -6046.539        3.780    30.0
12.2650       -6042.774    -6046.479        3.704    29.4
12.2700       -6042.783    -6046.449        3.666    29.1
12.2750       -6042.789    -6046.447        3.659    29.0
12.2800       -6042.794    -6046.464        3.671    29.1
12.2850       -6042.777    -6046.484        3.707    29.4
12.2900       -6042.768    -6046.506        3.737    29.7
12.2950       -6042.772    -6046.522        3.750    29.8
12.3000       -6042.795    -6046.527        3.733    29.6
12.3050       -6042.777    -6046.525        3.748    29.7
12.3100       -6042.763    -6046.528        3.765    29.9
12.3150       -6042.751    -6046.535        3.784    30.0
12.3200       -6042.723    -6046.540        3.817    30.3
12.3250       -6042.740    -6046.543        3.803    30.2
12.3300       -6042.736    -6046.532        3.796    30.1
12.3350       -6042.733    -6046.525        3.792    30.1
12.3400       -6042.770    -6046.536        3.766    29.9
12.3450       -6042.794    -6046.566        3.772    29.9
12.3500       -6042.769    -6046.599        3.830    30.4
12.3550       -6042.794    -6046.629        3.835    30.4
12.3600       -6042.772    -6046.641        3.869    30.7
12.3650       -6042.766    -6046.638        3.872    30.7
12.3700       -6042.774    -6046.628        3.854    30.6
12.3750       -6042.784    -6046.630        3.847    30.5
12.3800       -6042.809    -6046.643        3.835    30.4
12.3850       -6042.784    -6046.648        3.864    30.7
12.3900       -6042.800    -6046.632        3.832    30.4
12.3950       -6042.835    -6046.604        3.769    29.9
12.4000       -6042.857    -6046.590        3.734    29.6
12.4050       -6042.839    -6046.602        3.763    29.9
12.4100       -6042.872    -6046.625        3.753    29.8
12.4150       -6042.891    -6046.633        3.742    29.7
12.4200       -6042.902    -6046.623        3.721    29.5
12.4250       -6042.891    -6046.600        3.710    29.4
12.4300       -6042.909    -6046.569        3.660    29.0
12.4350       -6042.904    -6046.552        3.648    28.9
12.4400       -6042.903    -6046.557        3.654    29.0
12.4450       -6042.890    -6046.582        3.692    29.3
12.4500       -6042.855    -6046.608        3.753    29.8
12.4550       -6042.844    -6046.627        3.783    30.0
12.4600       -6042.880    -6046.645        3.765    29.9
12.4650       -6042.861    -6046.664        3.803    30.2
12.4700       -6042.882    -6046.671        3.788    30.1
12.4750       -6042.876    -6046.667        3.791    30.1
12.4800       -6042.852    -6046.650        3.798    30.1
12.4850       -6042.871    -6046.623        3.752    29.8
12.4900       -6042.853    -6046.605        3.752    29.8
12.4950       -6042.852    -6046.597        3.745    29.7
12.5000       -6042.851    -6046.585        3.735    29.6
12.5050       -6042.813    -6046.567        3.754    29.8
12.5100       -6042.813    -6046.531        3.718    29.5
12.5150       -6042.787    -6046.496        3.709    29.4
12.5200       -6042.813    -6046.476        3.663    29.1
12.5250       -6042.827    -6046.486        3.659    29.0
12.5300       -6042.813    -6046.537        3.724    29.5
12.5350       -6042.811    -6046.603        3.792    30.1
12.5400       -6042.774    -6046.653        3.878    30.8
12.5450       -6042.739    -6046.657        3.917    31.1
12.5500       -6042.763    -6046.610        3.846    30.5
12.5550       -6042.745    -6046.541        3.796    30.1
12.5600       -6042.745    -6046.491        3.746    29.7
12.5650       -6042.741    -6046.496        3.754    29.8
12.5700       -6042.741    -6046.550        3.809    30.2
12.5750       -6042.741    -6046.612        3.871    30.7
12.5800       -6042.733    -6046.645        3.912    31.0
12.5850       -6042.738    -6046.636        3.898    30.9
12.5900       -6042.759    -6046.604        3.845    30.5
12.5950       -6042.776    -6046.578        3.803    30.2
12.6000       -6042.756    -6046.589        3.832    30.4
12.6050       -6042.744    -6046.620        3.876    30.8
12.6100       -6042.688    -6046.636        3.949    31.3
12.6150       -6042.670    -6046.615        3.945    31.3
12.6200       -6042.670    -6046.561        3.891    30.9
12.6250       -6042.693    -6046.496        3.803    30.2
12.6300       -6042.677    -6046.440        3.763    29.9
12.6350       -6042.705    -6046.402        3.696    29.3
12.6400       -6042.729    -6046.380        3.652    29.0
12.6450       -6042.731    -6046.361        3.629    28.8
12.6500       -6042.728    -6046.353        3.625    28.8
12.6550       -6042.708    -6046.370        3.662    29.1
12.6600       -6042.680    -6046.422        3.742    29.7
12.6650       -6042.679    -6046.485        3.806    30.2
12.6700       -6042.691    -6046.535        3.843    30.5
12.6750       -6042.721    -6046.555        3.835    30.4
12.6800       -6042.732    -6046.544        3.811    30.2
12.6850       -6042.724    -6046.528        3.804    30.2
12.6900       -6042.692    -6046.532        3.840    30.5
12.6950       -6042.671    -6046.559        3.888    30.8
12.7000       -6042.686    -6046.601        3.915    31.1
12.7050       -6042.665    -6046.632        3.967    31.5
12.7100       -6042.629    -6046.620        3.991    31.7
12.7150       -6042.642    -6046.562        3.920    31.1
12.7200       -6042.677    -6046.484        3.806    30.2
12.7250       -6042.667    -6046.422        3.755    29.8
12.7300       -6042.660    -6046.396        3.736    29.6
12.7350       -6042.617    -6046.406        3.789    30.1
12.7400       -6042.592    -6046.424        3.832    30.4
12.7450       -6042.535    -6046.441        3.906    31.0
12.7500       -6042.561    -6046.453        3.892    30.9
12.7550       -6042.542    -6046.470        3.928    31.2
12.7600       -6042.531    -6046.491        3.961    31.4
12.7650       -6042.532    -6046.507        3.974    31.5
12.7700       -6042.543    -6046.513        3.970    31.5
12.7750       -6042.548    -6046.505        3.957    31.4
12.7800       -6042.563    -6046.483        3.920    31.1
12.7850       -6042.586    -6046.451        3.864    30.7
12.7900       -6042.593    -6046.423        3.829    30.4
12.7950       -6042.561    -6046.405        3.844    30.5
12.8000       -6042.556    -6046.394        3.839    30.5
12.8050       -6042.551    -6046.389        3.838    30.5
12.8100       -6042.574    -6046.382        3.808    30.2
12.8150       -6042.589    -6046.368        3.779    30.0
12.8200       -6042.585    -6046.344        3.759    29.8
12.8250       -6042.613    -6046.321        3.708    29.4
12.8300       -6042.614    -6046.333        3.720    29.5
12.8350       -6042.629    -6046.394        3.765    29.9
12.8400       -6042.641    -6046.473        3.832    30.4
12.8450       -6042.647    -6046.537        3.891    30.9
12.8500       -6042.659    -6046.563        3.904    31.0
12.8550       -6042.691    -6046.560        3.869    30.7
12.8600       -6042.696    -6046.557        3.861    30.6
12.8650       -6042.700    -6046.572        3.872    30.7
12.8700       -6042.704    -6046.596        3.893    30.9
12.8750       -6042.676    -6046.630        3.955    31.4
12.8800       -6042.681    -6046.664        3.983    31.6
12.8850       -6042.681    -6046.677        3.996    31.7
12.8900       -6042.700    -6046.659        3.959    31.4
12.8950       -6042.711    -6046.613        3.902    31.0
12.9000       -6042.745    -6046.562        3.817    30.3
12.9050       -6042.720    -6046.527        3.807    30.2
12.9100       -6042.733    -6046.513        3.780    30.0
12.9150       -6042.748    -6046.510        3.763    29.9
12.9200       -6042.786    -6046.508        3.722    29.5
12.9250       -6042.800    -6046.504        3.704    29.4
12.9300       -6042.809    -6046.496        3.688    29.3
12.9350       -6042.796    -6046.491        3.694    29.3
12.9400       -6042.795    -6046.491        3.697    29.3
12.9450       -6042.813    -6046.497        3.685    29.2
12.9500       -6042.781    -6046.520        3.739    29.7
12.9550       -6042.746    -6046.546        3.800    30.2
12.9600       -6042.755    -6046.568        3.814    30.3
12.9650       -6042.751    -6046.575        3.824    30.3
12.9700       -6042.788    -6046.570        3.783    30.0
12.9750       -6042.766    -6046.561        3.795    30.1
12.9800       -6042.755    -6046.545        3.790    30.1
12.9850       -6042.777    -6046.523        3.747    29.7
12.9900       -6042.781    -6046.517        3.737    29.6
12.9950       -6042.790    -6046.533        3.742    29.7
13.0000       -6042.795    -6046.567        3.772    29.9
13.0050       -6042.814    -6046.589        3.775    30.0
13.0100       -6042.817    -6046.570        3.753    29.8
13.0150       -6042.834    -6046.505        3.671    29.1
13.0200       -6042.831    -6046.434        3.602    28.6
13.0250       -6042.810    -6046.406        3.596    28.5
13.0300       -6042.788    -6046.440        3.652    29.0
13.0350       -6042.761    -6046.519        3.758    29.8
13.0400       -6042.756    -6046.605        3.848    30.5
13.0450       -6042.755    -6046.663        3.909    31.0
13.0500       -6042.739    -6046.681        3.943    31.3
13.0550       -6042.738    -6046.672        3.934    31.2
13.0600       -6042.760    -6046.656        3.896    30.9
13.0650       -6042.769    -6046.652        3.884    30.8
13.0700       -6042.761    -6046.657        3.896    30.9
13.0750       -6042.788    -6046.664        3.877    30.8
13.0800       -6042.768    -6046.655        3.888    30.8
13.0850       -6042.771    -6046.628        3.858    30.6
13.0900       -6042.748    -6046.599        3.851    30.6
13.0950       -6042.766    -6046.581        3.815    30.3
13.1000       -6042.796    -6046.600        3.804    30.2
13.1050       -6042.772    -6046.646        3.874    30.7
13.1100       -6042.736    -6046.690        3.954    31.4
13.1150       -6042.766    -6046.698        3.932    31.2
13.1200       -6042.767    -6046.652        3.885    30.8
13.1250       -6042.740    -6046.565        3.825    30.3
13.1300       -6042.720    -6046.472        3.752    29.8
13.1350       -6042.738    -6046.413        3.674    29.2
13.1400       -6042.684    -6046.401        3.717    29.5
13.1450       -6042.697    -6046.403        3.706    29.4
13.1500       -6042.684    -6046.391        3.707    29.4
13.1550       -6042.679    -6046.347        3.668    29.1
13.1600       -6042.690    -6046.306        3.616    28.7
13.1650       -6042.657    -6046.300        3.643    28.9
13.1700       -6042.645    -6046.343        3.699    29.3
13.1750       -6042.632    -6046.412        3.780    30.0
13.1800       -6042.621    -6046.470        3.849    30.5
13.1850       -6042.609    -6046.484        3.875    30.7
13.1900       -6042.667    -6046.472        3.805    30.2
13.1950       -6042.631    -6046.463        3.832    30.4
13.2000       -6042.608    -6046.462        3.854    30.6
13.2050       -6042.629    -6046.471        3.842    30.5
13.2100       -6042.655    -6046.478        3.823    30.3
13.2150       -6042.632    -6046.478        3.846    30.5
13.2200       -6042.635    -6046.478        3.843    30.5
13.2250       -6042.637    -6046.484        3.847    30.5
13.2300       -6042.645    -6046.506        3.861    30.6
13.2350       -6042.632    -6046.546        3.914    31.1
13.2400       -6042.654    -6046.590        3.935    31.2
13.2450       -6042.647    -6046.618        3.971    31.5
13.2500       -6042.617    -6046.618        4.001    31.7
13.2550       -6042.649    -6046.599        3.950    31.3
13.2600       -6042.654    -6046.573        3.918    31.1
13.2650       -6042.687    -6046.559        3.872    30.7
13.2700       -6042.683    -6046.572        3.889    30.9
13.2750       -6042.712    -6046.608        3.896    30.9
13.2800       -6042.692    -6046.658        3.967    31.5
13.2850       -6042.703    -6046.695        3.993    31.7
13.2900       -6042.663    -6046.713        4.050    32.1
13.2950       -6042.659    -6046.709        4.050    32.1
13.3000       -6042.667    -6046.681        4.014    31.8
13.3050       -6042.689    -6046.638        3.949    31.3
13.3100       -6042.692    -6046.595        3.903    31.0
13.3150       -6042.656    -6046.553        3.897    30.9
13.3200       -6042.659    -6046.502        3.843    30.5
13.3250       -6042.632    -6046.434        3.802    30.2
13.3300       -6042.634    -6046.346        3.713    29.5
13.3350       -6042.610    -6046.277        3.667    29.1
13.3400       -6042.616    -6046.265        3.649    29.0
13.3450       -6042.601    -6046.311        3.710    29.4
13.3500       -6042.574    -6046.385        3.811    30.2
13.3550       -6042.600    -6046.442        3.842    30.5
13.3600       -6042.601    -6046.461        3.860    30.6
13.3650       -6042.617    -6046.432        3.816    30.3
13.3700       -6042.611    -6046.393        3.781    30.0
13.3750       -6042.601    -6046.382        3.781    30.0
13.3800       -6042.600    -6046.419        3.819    30.3
13.3850       -6042.596    -6046.488        3.893    30.9
13.3900       -6042.619    -6046.549        3.930    31.2
13.3950       -6042.637    -6046.580        3.942    31.3
13.4000       -6042.612    -6046.566        3.954    31.4
13.4050       -6042.594    -6046.517        3.923    31.1
13.4100       -6042.585    -6046.465        3.880    30.8
13.4150       -6042.606    -6046.442        3.836    30.4
13.4200       -6042.586    -6046.466        3.879    30.8
13.4250       -6042.605    -6046.512        3.906    31.0
13.4300       -6042.647    -6046.548        3.901    31.0
13.4350       -6042.627    -6046.550        3.923    31.1
13.4400       -6042.631    -6046.515        3.884    30.8
13.4450       -6042.636    -6046.471        3.835    30.4
13.4500       -6042.631    -6046.455        3.824    30.3
13.4550       -6042.615    -6046.460        3.846    30.5
13.4600       -6042.636    -6046.458        3.822    30.3
13.4650       -6042.599    -6046.444        3.845    30.5
13.4700       -6042.588    -6046.414        3.827    30.4
13.4750       -6042.619    -6046.381        3.762    29.8
13.4800       -6042.614    -6046.377        3.763    29.9
13.4850       -6042.624    -6046.421        3.797    30.1
13.4900       -6042.626    -6046.497        3.871    30.7
13.4950       -6042.640    -6046.566        3.927    31.2
13.5000       -6042.618    -6046.585        3.968    31.5
13.5050       -6042.608    -6046.542        3.934    31.2
13.5100       -6042.577    -6046.476        3.899    30.9
13.5150       -6042.592    -6046.421        3.830    30.4
13.5200       -6042.590    -6046.403        3.813    30.3
13.5250       -6042.641    -6046.435        3.794    30.1
13.5300       -6042.663    -6046.502        3.838    30.5
13.5350       -6042.639    -6046.576        3.937    31.2
13.5400       -6042.633    -6046.614        3.981    31.6
13.5450       -6042.618    -6046.584        3.966    31.5
13.5500       -6042.615    -6046.488        3.873    30.7
13.5550       -6042.635    -6046.378        3.743    29.7
13.5600       -6042.645    -6046.310        3.664    29.1
13.5650       -6042.642    -6046.306        3.663    29.1
13.5700       -6042.633    -6046.363        3.730    29.6
13.5750       -6042.617    -6046.457        3.840    30.5
13.5800       -6042.615    -6046.532        3.916    31.1
13.5850       -6042.593    -6046.553        3.960    31.4
13.5900       -6042.593    -6046.522        3.929    31.2
13.5950       -6042.645    -6046.468        3.823    30.3
13.6000       -6042.629    -6046.431        3.801    30.2
13.6050       -6042.633    -6046.435        3.802    30.2
13.6100       -6042.577    -6046.478        3.900    30.9
13.6150       -6042.537    -6046.536        3.999    31.7
13.6200       -6042.548    -6046.573        4.024    31.9
13.6250       -6042.523    -6046.567        4.044    32.1
13.6300       -6042.542    -6046.534        3.992    31.7
13.6350       -6042.572    -6046.485        3.913    31.0
13.6400       -6042.584    -6046.441        3.857    30.6
13.6450       -6042.566    -6046.416        3.849    30.5
13.6500       -6042.581    -6046.408        3.827    30.4
13.6550       -6042.587    -6046.412        3.825    30.3
13.6600       -6042.581    -6046.426        3.845    30.5
13.6650       -6042.558    -6046.437        3.880    30.8
13.6700       -6042.531    -6046.445        3.914    31.1
13.6750       -6042.525    -6046.468        3.943    31.3
13.6800       -6042.535    -6046.501        3.966    31.5
13.6850       -6042.518    -6046.521        4.004    31.8
13.6900       -6042.523    -6046.515        3.992    31.7
13.6950       -6042.558    -6046.490        3.932    31.2
13.7000       -6042.543    -6046.458        3.915    31.1
13.7050       -6042.553    -6046.434        3.881    30.8
13.7100       -6042.529    -6046.431        3.902    31.0
13.7150       -6042.543    -6046.441        3.898    30.9
13.7200       -6042.556    -6046.455        3.899    30.9
13.7250       -6042.559    -6046.464        3.905    31.0
13.7300       -6042.584    -6046.455        3.871    30.7
13.7350       -6042.598    -6046.438        3.840    30.5
13.7400       -6042.583    -6046.426        3.843    30.5
13.7450       -6042.572    -6046.425        3.853    30.6
13.7500       -6042.553    -6046.431        3.878    30.8
13.7550       -6042.558    -6046.425        3.867    30.7
13.7600       -6042.560    -6046.412        3.852    30.6
13.7650       -6042.527    -6046.404        3.877    30.8
13.7700       -6042.508    -6046.406        3.897    30.9
13.7750       -6042.499    -6046.411        3.912    31.0
13.7800       -6042.491    -6046.414        3.923    31.1
13.7850       -6042.479    -6046.419        3.941    31.3
13.7900       -6042.456    -6046.411        3.955    31.4
13.7950       -6042.476    -6046.397        3.922    31.1
13.8000       -6042.497    -6046.389        3.892    30.9
13.8050       -6042.514    -6046.397        3.883    30.8
13.8100       -6042.513    -6046.421        3.908    31.0
13.8150       -6042.505    -6046.439        3.934    31.2
13.8200       -6042.506    -6046.434        3.928    31.2
13.8250       -6042.479    -6046.420        3.942    31.3
13.8300       -6042.487    -6046.419        3.933    31.2
13.8350       -6042.499    -6046.453        3.954    31.4
13.8400       -6042.477    -6046.520        4.043    32.1
13.8450       -6042.451    -6046.579        4.129    32.8
13.8500       -6042.465    -6046.591        4.126    32.7
13.8550       -6042.478    -6046.534        4.056    32.2
13.8600       -6042.506    -6046.443        3.937    31.2
13.8650       -6042.527    -6046.374        3.847    30.5
13.8700       -6042.509    -6046.363        3.854    30.6
13.8750       -6042.515    -6046.410        3.896    30.9
13.8800       -6042.511    -6046.483        3.972    31.5
13.8850       -6042.532    -6046.534        4.002    31.8
13.8900       -6042.556    -6046.540        3.985    31.6
13.8950       -6042.555    -6046.507        3.952    31.4
13.9000       -6042.567    -6046.456        3.888    30.9
13.9050       -6042.572    -6046.414        3.842    30.5
13.9100       -6042.577    -6046.393        3.816    30.3
13.9150       -6042.570    -6046.398        3.828    30.4
13.9200       -6042.580    -6046.417        3.837    30.4
13.9250       -6042.573    -6046.442        3.869    30.7
13.9300       -6042.597    -6046.463        3.865    30.7
13.9350       -6042.595    -6046.484        3.889    30.9
13.9400       -6042.600    -6046.505        3.904    31.0
13.9450       -6042.599    -6046.522        3.923    31.1
13.9500       -6042.610    -6046.526        3.916    31.1
13.9550       -6042.593    -6046.512        3.919    31.1
13.9600       -6042.628    -6046.492        3.864    30.7
13.9650       -6042.641    -6046.475        3.835    30.4
13.9700       -6042.648    -6046.473        3.825    30.3
13.9750       -6042.644    -6046.472        3.827    30.4
13.9800       -6042.633    -6046.462        3.829    30.4
13.9850       -6042.631    -6046.442        3.811    30.2
13.9900       -6042.649    -6046.405        3.756    29.8
13.9950       -6042.660    -6046.379        3.719    29.5
14.0000       -6042.669    -6046.382        3.713    29.5
14.0050       -6042.678    -6046.424        3.745    29.7
14.0100       -6042.674    -6046.499        3.825    30.3
14.0150       -6042.638    -6046.569        3.930    31.2
14.0200       -6042.617    -6046.594        3.977    31.6
14.0250       -6042.634    -6046.558        3.924    31.1
14.0300       -6042.633    -6046.488        3.855    30.6
14.0350       -6042.627    -6046.415        3.788    30.1
14.0400       -6042.592    -6046.374        3.782    30.0
14.0450       -6042.584    -6046.382        3.798    30.1
14.0500       -6042.559    -6046.423        3.863    30.7
14.0550       -6042.545    -6046.464        3.919    31.1
14.0600       -6042.556    -6046.481        3.925    31.1
14.0650       -6042.526    -6046.468        3.942    31.3
14.0700       -6042.539    -6046.451        3.912    31.0
14.0750       -6042.529    -6046.458        3.929    31.2
14.0800       -6042.534    -6046.495        3.961    31.4
14.0850       -6042.543    -6046.537        3.993    31.7
14.0900       -6042.560    -6046.567        4.007    31.8
14.0950       -6042.578    -6046.577        3.998    31.7
14.1000       -6042.580    -6046.563        3.984    31.6
14.1050       -6042.556    -6046.540        3.985    31.6
14.1100       -6042.558    -6046.515        3.956    31.4
14.1150       -6042.554    -6046.491        3.937    31.2
14.1200       -6042.551    -6046.469        3.918    31.1
14.1250       -6042.558    -6046.444        3.886    30.8
14.1300       -6042.536    -6046.414        3.878    30.8
14.1350       -6042.532    -6046.387        3.855    30.6
14.1400       -6042.507    -6046.374        3.867    30.7
14.1450       -6042.484    -6046.391        3.906    31.0
14.1500       -6042.500    -6046.425        3.925    31.1
14.1550       -6042.516    -6046.449        3.933    31.2
14.1600       -6042.469    -6046.441        3.971    31.5
14.1650       -6042.475    -6046.401        3.926    31.1
14.1700       -6042.481    -6046.357        3.876    30.8
14.1750       -6042.477    -6046.343        3.866    30.7
14.1800       -6042.442    -6046.381        3.940    31.3
14.1850       -6042.442    -6046.451        4.009    31.8
14.1900       -6042.431    -6046.499        4.067    32.3
14.1950       -6042.411    -6046.478        4.067    32.3
14.2000       -6042.416    -6046.404        3.988    31.6
14.2050       -6042.431    -6046.318        3.887    30.8
14.2100       -6042.453    -6046.281        3.829    30.4
14.2150       -6042.458    -6046.309        3.850    30.6
14.2200       -6042.471    -6046.385        3.915    31.1
14.2250       -6042.479    -6046.466        3.987    31.6
14.2300       -6042.481    -6046.526        4.044    32.1
14.2350       -6042.501    -6046.545        4.044    32.1
14.2400       -6042.462    -6046.536        4.074    32.3
14.2450       -6042.469    -6046.508        4.038    32.0
14.2500       -6042.468    -6046.465        3.997    31.7
14.2550       -6042.487    -6046.413        3.926    31.1
14.2600       -6042.478    -6046.360        3.881    30.8
14.2650       -6042.501    -6046.314        3.813    30.3
14.2700       -6042.511    -6046.296        3.786    30.0
14.2750       -6042.484    -6046.303        3.819    30.3
14.2800       -6042.467    -6046.340        3.873    30.7
14.2850       -6042.515    -6046.395        3.880    30.8
14.2900       -6042.527    -6046.477        3.949    31.3
14.2950       -6042.523    -6046.549        4.026    31.9
14.3000       -6042.514    -6046.588        4.075    32.3
14.3050       -6042.483    -6046.584        4.101    32.5
14.3100       -6042.512    -6046.543        4.030    32.0
14.3150       -6042.511    -6046.486        3.974    31.5
14.3200       -6042.521    -6046.450        3.929    31.2
14.3250       -6042.538    -6046.450        3.912    31.0
14.3300       -6042.527    -6046.470        3.942    31.3
14.3350       -6042.516    -6046.476        3.959    31.4
14.3400       -6042.542    -6046.440        3.898    30.9
14.3450       -6042.557    -6046.378        3.821    30.3
14.3500       -6042.531    -6046.315        3.784    30.0
14.3550       -6042.536    -6046.280        3.744    29.7
14.3600       -6042.564    -6046.281        3.717    29.5
14.3650       -6042.560    -6046.319        3.759    29.8
14.3700       -6042.572    -6046.351        3.780    30.0
14.3750       -6042.587    -6046.360        3.773    29.9
14.3800       -6042.583    -6046.354        3.771    29.9
14.3850       -6042.620    -6046.370        3.749    29.8
14.3900       -6042.662    -6046.441        3.779    30.0
14.3950       -6042.663    -6046.547        3.883    30.8
14.4000       -6042.682    -6046.649        3.966    31.5
14.4050       -6042.717    -6046.696        3.980    31.6
14.4100       -6042.745    -6046.682        3.937    31.2
14.4150       -6042.772    -6046.619        3.847    30.5
14.4200       -6042.824    -6046.557        3.733    29.6
14.4250       -6042.796    -6046.530        3.734    29.6
14.4300       -6042.806    -6046.554        3.748    29.7
14.4350       -6042.807    -6046.610        3.803    30.2
14.4400       -6042.810    -6046.665        3.855    30.6
14.4450       -6042.813    -6046.680        3.867    30.7
14.4500       -6042.797    -6046.651        3.854    30.6
14.4550       -6042.783    -6046.606        3.824    30.3
14.4600       -6042.793    -6046.572        3.779    30.0
14.4650       -6042.779    -6046.572        3.793    30.1
14.4700       -6042.768    -6046.606        3.838    30.5
14.4750       -6042.784    -6046.645        3.861    30.6
14.4800       -6042.770    -6046.661        3.890    30.9
14.4850       -6042.803    -6046.637        3.834    30.4
14.4900       -6042.783    -6046.577        3.793    30.1
14.4950       -6042.781    -6046.500        3.719    29.5
14.5000       -6042.829    -6046.450        3.621    28.7
14.5050       -6042.801    -6046.448        3.647    28.9
14.5100       -6042.800    -6046.484        3.684    29.2
14.5150       -6042.817    -6046.542        3.725    29.6
14.5200       -6042.831    -6046.596        3.765    29.9
14.5250       -6042.823    -6046.620        3.797    30.1
14.5300       -6042.770    -6046.604        3.835    30.4
14.5350       -6042.740    -6046.557        3.817    30.3
14.5400       -6042.737    -6046.504        3.767    29.9
14.5450       -6042.731    -6046.481        3.750    29.8
14.5500       -6042.678    -6046.496        3.819    30.3
14.5550       -6042.686    -6046.535        3.849    30.5
14.5600       -6042.666    -6046.571        3.906    31.0
14.5650       -6042.694    -6046.588        3.894    30.9
14.5700       -6042.711    -6046.587        3.876    30.8
14.5750       -6042.694    -6046.564        3.870    30.7
14.5800       -6042.710    -6046.546        3.836    30.4
14.5850       -6042.718    -6046.532        3.814    30.3
14.5900       -6042.728    -6046.525        3.797    30.1
14.5950       -6042.746    -6046.519        3.773    29.9
14.6000       -6042.768    -6046.515        3.747    29.7
14.6050       -6042.768    -6046.509        3.741    29.7
14.6100       -6042.765    -6046.504        3.739    29.7
14.6150       -6042.785    -6046.505        3.720    29.5
14.6200       -6042.796    -6046.516        3.721    29.5
14.6250       -6042.813    -6046.543        3.730    29.6
14.6300       -6042.803    -6046.580        3.777    30.0
14.6350       -6042.803    -6046.617        3.814    30.3
14.6400       -6042.796    -6046.623        3.827    30.4
14.6450       -6042.825    -6046.592        3.766    29.9
14.6500       -6042.790    -6046.543        3.753    29.8
14.6550       -6042.818    -6046.503        3.685    29.2
14.6600       -6042.827    -6046.494        3.667    29.1
14.6650       -6042.839    -6046.524        3.685    29.2
14.6700       -6042.830    -6046.574        3.744    29.7
14.6750       -6042.885    -6046.624        3.739    29.7
14.6800       -6042.906    -6046.670        3.764    29.9
14.6850       -6042.921    -6046.694        3.773    29.9
14.6900       -6042.899    -6046.707        3.809    30.2
14.6950       -6042.919    -6046.709        3.790    30.1
14.7000       -6042.923    -6046.703        3.780    30.0
14.7050       -6042.955    -6046.697        3.742    29.7
14.7100       -6042.938    -6046.683        3.744    29.7
14.7150       -6042.952    -6046.661        3.708    29.4
14.7200       -6042.934    -6046.648        3.715    29.5
14.7250       -6042.946    -6046.638        3.692    29.3
14.7300       -6042.939    -6046.619        3.680    29.2
14.7350       -6042.932    -6046.608        3.676    29.2
14.7400       -6042.933    -6046.609        3.676    29.2
14.7450       -6042.938    -6046.625        3.687    29.3
14.7500       -6042.934    -6046.676        3.742    29.7
14.7550       -6042.941    -6046.745        3.804    30.2
14.7600       -6042.968    -6046.808        3.840    30.5
14.7650       -6042.979    -6046.835        3.856    30.6
14.7700       -6042.993    -6046.813        3.820    30.3
14.7750       -6042.975    -6046.745        3.770    29.9
14.7800       -6042.973    -6046.656        3.684    29.2
14.7850       -6042.960    -6046.582        3.622    28.7
14.7900       -6042.966    -6046.548        3.581    28.4
14.7950       -6042.945    -6046.554        3.609    28.6
14.8000       -6042.952    -6046.582        3.629    28.8
14.8050       -6042.947    -6046.616        3.669    29.1
14.8100       -6042.922    -6046.646        3.724    29.5
14.8150       -6042.925    -6046.664        3.739    29.7
14.8200       -6042.932    -6046.677        3.745    29.7
14.8250       -6042.940    -6046.682        3.742    29.7
14.8300       -6042.910    -6046.674        3.764    29.9
14.8350       -6042.873    -6046.654        3.781    30.0
14.8400       -6042.890    -6046.632        3.742    29.7
14.8450       -6042.898    -6046.621        3.722    29.5
14.8500       -6042.892    -6046.627        3.735    29.6
14.8550       -6042.897    -6046.632        3.735    29.6
14.8600       -6042.896    -6046.607        3.711    29.4
14.8650       -6042.869    -6046.558        3.689    29.3
14.8700       -6042.866    -6046.505        3.639    28.9
14.8750       -6042.833    -6046.473        3.639    28.9
14.8800       -6042.877    -6046.479        3.601    28.6
14.8850       -6042.842    -6046.521        3.679    29.2
14.8900       -6042.887    -6046.578        3.691    29.3
14.8950       -6042.874    -6046.633        3.759    29.8
14.9000       -6042.873    -6046.673        3.799    30.1
14.9050       -6042.843    -6046.686        3.843    30.5
14.9100       -6042.825    -6046.666        3.841    30.5
14.9150       -6042.836    -6046.632        3.796    30.1
14.9200       -6042.859    -6046.596        3.737    29.7
14.9250       -6042.858    -6046.568        3.710    29.4
14.9300       -6042.870    -6046.557        3.687    29.3
14.9350       -6042.867    -6046.559        3.691    29.3
14.9400       -6042.876    -6046.578        3.702    29.4
14.9450       -6042.896    -6046.596        3.700    29.4
14.9500       -6042.884    -6046.607        3.723    29.5
14.9550       -6042.894    -6046.615        3.721    29.5
14.9600       -6042.869    -6046.629        3.760    29.8
14.9650       -6042.871    -6046.646        3.774    29.9
14.9700       -6042.856    -6046.650        3.794    30.1
14.9750       -6042.859    -6046.627        3.768    29.9
14.9800       -6042.854    -6046.587        3.732    29.6
14.9850       -6042.850    -6046.562        3.712    29.5
14.9900       -6042.823    -6046.568        3.744    29.7
14.9950       -6042.833    -6046.611        3.778    30.0
15.0000       -6042.850    -6046.670        3.820    30.3
15.0050       -6042.865    -6046.716        3.851    30.6
15.0100       -6042.867    -6046.731        3.864    30.7
15.0150       -6042.874    -6046.704        3.830    30.4
15.0200       -6042.879    -6046.653        3.773    29.9
15.0250       -6042.872    -6046.608        3.736    29.6
15.0300       -6042.826    -6046.583        3.757    29.8
15.0350       -6042.821    -6046.564        3.743    29.7
15.0400       -6042.794    -6046.538        3.744    29.7
15.0450       -6042.827    -6046.510        3.683    29.2
15.0500       -6042.839    -6046.489        3.649    29.0
15.0550       -6042.827    -6046.486        3.659    29.0
15.0600       -6042.806    -6046.500        3.695    29.3
15.0650       -6042.792    -6046.529        3.737    29.7
15.0700       -6042.815    -6046.571        3.756    29.8
15.0750       -6042.795    -6046.625        3.830    30.4
15.0800       -6042.785    -6046.676        3.892    30.9
15.0850       -6042.791    -6046.706        3.915    31.1
15.0900       -6042.762    -6046.694        3.932    31.2
15.0950       -6042.747    -6046.649        3.902    31.0
15.1000       -6042.714    -6046.591        3.877    30.8
15.1050       -6042.721    -6046.536        3.815    30.3
15.1100       -6042.703    -6046.504        3.801    30.2
15.1150       -6042.691    -6046.494        3.803    30.2
15.1200       -6042.683    -6046.496        3.812    30.3
15.1250       -6042.663    -6046.497        3.834    30.4
15.1300       -6042.649    -6046.497        3.848    30.5
15.1350       -6042.672    -6046.499        3.827    30.4
15.1400       -6042.660    -6046.516        3.855    30.6
15.1450       -6042.629    -6046.540        3.911    31.0
15.1500       -6042.609    -6046.557        3.948    31.3
15.1550       -6042.593    -6046.547        3.954    31.4
15.1600       -6042.602    -6046.504        3.901    31.0
15.1650       -6042.636    -6046.433        3.797    30.1
15.1700       -6042.640    -6046.371        3.731    29.6
15.1750       -6042.670    -6046.346        3.676    29.2
15.1800       -6042.701    -6046.375        3.674    29.2
15.1850       -6042.723    -6046.443        3.721    29.5
15.1900       -6042.764    -6046.518        3.754    29.8
15.1950       -6042.772    -6046.569        3.797    30.1
15.2000       -6042.775    -6046.582        3.807    30.2
15.2050       -6042.782    -6046.568        3.786    30.0
15.2100       -6042.756    -6046.541        3.786    30.0
15.2150       -6042.734    -6046.505        3.771    29.9
15.2200       -6042.707    -6046.469        3.762    29.8
15.2250       -6042.700    -6046.438        3.738    29.7
15.2300       -6042.696    -6046.433        3.737    29.7
15.2350       -6042.681    -6046.455        3.775    30.0
15.2400       -6042.660    -6046.500        3.840    30.5
15.2450       -6042.616    -6046.541        3.925    31.1
15.2500       -6042.613    -6046.555        3.943    31.3
15.2550       -6042.610    -6046.544        3.934    31.2
15.2600       -6042.582    -6046.527        3.945    31.3
15.2650       -6042.569    -6046.518        3.949    31.3
15.2700       -6042.606    -6046.530        3.925    31.1
15.2750       -6042.636    -6046.549        3.913    31.0
15.2800       -6042.636    -6046.558        3.921    31.1
15.2850       -6042.640    -6046.545        3.905    31.0
15.2900       -6042.614    -6046.514        3.900    30.9
15.2950       -6042.649    -6046.473        3.824    30.3
15.3000       -6042.642    -6046.440        3.797    30.1
15.3050       -6042.665    -6046.435        3.770    29.9
15.3100       -6042.701    -6046.454        3.753    29.8
15.3150       -6042.673    -6046.491        3.818    30.3
15.3200       -6042.635    -6046.530        3.894    30.9
15.3250       -6042.621    -6046.548        3.927    31.2
15.3300       -6042.626    -6046.555        3.929    31.2
15.3350       -6042.623    -6046.549        3.926    31.2
15.3400       -6042.604    -6046.532        3.928    31.2
15.3450       -6042.613    -6046.502        3.889    30.9
15.3500       -6042.597    -6046.468        3.871    30.7
15.3550       -6042.618    -6046.442        3.824    30.3
15.3600       -6042.621    -6046.431        3.809    30.2
15.3650       -6042.643    -6046.447        3.803    30.2
15.3700       -6042.642    -6046.481        3.839    30.5
15.3750       -6042.615    -6046.513        3.898    30.9
15.3800       -6042.607    -6046.529        3.922    31.1
15.3850       -6042.577    -6046.525        3.949    31.3
15.3900       -6042.554    -6046.506        3.952    31.4
15.3950       -6042.550    -6046.479        3.929    31.2
15.4000       -6042.530    -6046.447        3.917    31.1
15.4050       -6042.574    -6046.418        3.844    30.5
15.4100       -6042.559    -6046.402        3.843    30.5
15.4150       -6042.586    -6046.402        3.816    30.3
15.4200       -6042.545    -6046.408        3.863    30.6
15.4250       -6042.572    -6046.409        3.837    30.4
15.4300       -6042.574    -6046.403        3.829    30.4
15.4350       -6042.554    -6046.395        3.842    30.5
15.4400       -6042.549    -6046.394        3.845    30.5
15.4450       -6042.555    -6046.398        3.843    30.5
15.4500       -6042.609    -6046.422        3.814    30.3
15.4550       -6042.597    -6046.460        3.863    30.7
15.4600       -6042.586    -6046.483        3.898    30.9
15.4650       -6042.598    -6046.488        3.889    30.9
15.4700       -6042.580    -6046.487        3.907    31.0
15.4750       -6042.577    -6046.486        3.909    31.0
15.4800       -6042.562    -6046.492        3.930    31.2
15.4850       -6042.538    -6046.495        3.957    31.4
15.4900       -6042.537    -6046.479        3.942    31.3
15.4950       -6042.561    -6046.439        3.878    30.8
15.5000       -6042.548    -6046.405        3.857    30.6
15.5050       -6042.568    -6046.408        3.840    30.5
15.5100       -6042.583    -6046.452        3.869    30.7
15.5150       -6042.587    -6046.523        3.936    31.2
15.5200       -6042.614    -6046.596        3.982    31.6
15.5250       -6042.665    -6046.639        3.974    31.5
15.5300       -6042.683    -6046.639        3.956    31.4
15.5350       -6042.694    -6046.607        3.914    31.1
15.5400       -6042.717    -6046.553        3.837    30.4
15.5450       -6042.711    -6046.511        3.800    30.2
15.5500       -6042.735    -6046.496        3.762    29.8
15.5550       -6042.732    -6046.509        3.776    30.0
15.5600       -6042.724    -6046.534        3.810    30.2
15.5650       -6042.731    -6046.551        3.821    30.3
15.5700       -6042.740    -6046.557        3.817    30.3
15.5750       -6042.752    -6046.571        3.819    30.3
15.5800       -6042.786    -6046.596        3.810    30.2
15.5850       -6042.832    -6046.619        3.787    30.0
15.5900       -6042.845    -6046.616        3.771    29.9
15.5950       -6042.821    -6046.588        3.767    29.9
15.6000       -6042.814    -6046.544        3.730    29.6
15.6050       -6042.804    -6046.521        3.717    29.5
15.6100       -6042.795    -6046.536        3.741    29.7
15.6150       -6042.748    -6046.572        3.824    30.3
15.6200       -6042.759    -6046.586        3.827    30.4
15.6250       -6042.737    -6046.556        3.819    30.3
15.6300       -6042.781    -6046.489        3.708    29.4
15.6350       -6042.791    -6046.429        3.638    28.9
15.6400       -6042.756    -6046.401        3.646    28.9
15.6450       -6042.764    -6046.420        3.656    29.0
15.6500       -6042.791    -6046.480        3.689    29.3
15.6550       -6042.787    -6046.559        3.772    29.9
15.6600       -6042.769    -6046.621        3.852    30.6
15.6650       -6042.788    -6046.650        3.862    30.6
15.6700       -6042.810    -6046.657        3.848    30.5
15.6750       -6042.823    -6046.654        3.831    30.4
15.6800       -6042.813    -6046.645        3.832    30.4
15.6850       -6042.786    -6046.627        3.841    30.5
15.6900       -6042.792    -6046.603        3.811    30.2
15.6950       -6042.796    -6046.589        3.793    30.1
15.7000       -6042.766    -6046.589        3.824    30.3
15.7050       -6042.741    -6046.602        3.860    30.6
15.7100       -6042.749    -6046.621        3.871    30.7
15.7150       -6042.733    -6046.643        3.910    31.0
15.7200       -6042.730    -6046.661        3.932    31.2
15.7250       -6042.736    -6046.673        3.936    31.2
15.7300       -6042.740    -6046.663        3.922    31.1
15.7350       -6042.709    -6046.622        3.912    31.0
15.7400       -6042.685    -6046.551        3.865    30.7
15.7450       -6042.680    -6046.474        3.793    30.1
15.7500       -6042.678    -6046.427        3.749    29.7
15.7550       -6042.660    -6046.429        3.769    29.9
15.7600       -6042.661    -6046.457        3.796    30.1
15.7650       -6042.646    -6046.492        3.845    30.5
15.7700       -6042.629    -6046.511        3.882    30.8
15.7750       -6042.645    -6046.497        3.852    30.6
15.7800       -6042.661    -6046.454        3.793    30.1
15.7850       -6042.665    -6046.399        3.734    29.6
15.7900       -6042.687    -6046.366        3.679    29.2
15.7950       -6042.689    -6046.372        3.682    29.2
15.8000       -6042.690    -6046.417        3.727    29.6
15.8050       -6042.668    -6046.471        3.803    30.2
15.8100       -6042.648    -6046.524        3.876    30.8
15.8150       -6042.650    -6046.548        3.898    30.9
15.8200       -6042.653    -6046.538        3.885    30.8
15.8250       -6042.653    -6046.516        3.864    30.7
15.8300       -6042.633    -6046.521        3.888    30.8
15.8350       -6042.643    -6046.550        3.907    31.0
15.8400       -6042.654    -6046.581        3.927    31.2
15.8450       -6042.648    -6046.587        3.939    31.3
15.8500       -6042.653    -6046.566        3.913    31.0
15.8550       -6042.635    -6046.530        3.895    30.9
15.8600       -6042.627    -6046.493        3.866    30.7
15.8650       -6042.675    -6046.468        3.793    30.1
15.8700       -6042.701    -6046.465        3.764    29.9
15.8750       -6042.679    -6046.485        3.806    30.2
15.8800       -6042.691    -6046.522        3.831    30.4
15.8850       -6042.677    -6046.548        3.872    30.7
15.8900       -6042.679    -6046.556        3.876    30.8
15.8950       -6042.710    -6046.554        3.845    30.5
15.9000       -6042.713    -6046.546        3.833    30.4
15.9050       -6042.751    -6046.549        3.798    30.1
15.9100       -6042.741    -6046.563        3.823    30.3
15.9150       -6042.739    -6046.574        3.835    30.4
15.9200       -6042.738    -6046.572        3.834    30.4
15.9250       -6042.750    -6046.555        3.805    30.2
15.9300       -6042.752    -6046.538        3.786    30.0
15.9350       -6042.738    -6046.530        3.792    30.1
15.9400       -6042.715    -6046.536        3.821    30.3
15.9450       -6042.730    -6046.546        3.816    30.3
15.9500       -6042.753    -6046.553        3.800    30.2
15.9550       -6042.734    -6046.567        3.833    30.4
15.9600       -6042.743    -6046.575        3.832    30.4
15.9650       -6042.705    -6046.582        3.877    30.8
15.9700       -6042.741    -6046.581        3.840    30.5
15.9750       -6042.751    -6046.571        3.820    30.3
15.9800       -6042.758    -6046.552        3.795    30.1
15.9850       -6042.741    -6046.517        3.776    30.0
15.9900       -6042.747    -6046.482        3.735    29.6
15.9950       -6042.761    -6046.470        3.710    29.4
16.0000       -6042.723    -6046.494        3.771    29.9
16.0050       -6042.707    -6046.534        3.826    30.4
16.0100       -6042.701    -6046.569        3.868    30.7
16.0150       -6042.688    -6046.583        3.895    30.9
16.0200       -6042.688    -6046.574        3.886    30.8
16.0250       -6042.688    -6046.554        3.866    30.7
16.0300       -6042.706    -6046.540        3.834    30.4
16.0350       -6042.758    -6046.551        3.793    30.1
16.0400       -6042.799    -6046.601        3.802    30.2
16.0450       -6042.821    -6046.655        3.834    30.4
16.0500       -6042.829    -6046.679        3.851    30.6
16.0550       -6042.836    -6046.648        3.812    30.2
16.0600       -6042.874    -6046.577        3.704    29.4
16.0650       -6042.887    -6046.510        3.623    28.7
16.0700       -6042.868    -6046.479        3.611    28.7
16.0750       -6042.884    -6046.504        3.620    28.7
16.0800       -6042.870    -6046.579        3.709    29.4
16.0850       -6042.901    -6046.667        3.766    29.9
16.0900       -6042.877    -6046.715        3.838    30.5
16.0950       -6042.875    -6046.699        3.825    30.3
16.1000       -6042.852    -6046.647        3.794    30.1
16.1050       -6042.848    -6046.602        3.754    29.8
16.1100       -6042.848    -6046.604        3.756    29.8
16.1150       -6042.839    -6046.651        3.811    30.2
16.1200       -6042.832    -6046.711        3.879    30.8
16.1250       -6042.840    -6046.737        3.896    30.9
16.1300       -6042.850    -6046.700        3.851    30.6
16.1350       -6042.837    -6046.619        3.783    30.0
16.1400       -6042.840    -6046.530        3.690    29.3
16.1450       -6042.849    -6046.472        3.623    28.7
16.1500       -6042.826    -6046.470        3.644    28.9
16.1550       -6042.822    -6046.516        3.694    29.3
16.1600       -6042.829    -6046.571        3.742    29.7
16.1650       -6042.790    -6046.604        3.814    30.3
16.1700       -6042.803    -6046.588        3.784    30.0
16.1750       -6042.807    -6046.528        3.720    29.5
16.1800       -6042.797    -6046.464        3.668    29.1
16.1850       -6042.775    -6046.436        3.662    29.1
16.1900       -6042.773    -6046.446        3.673    29.1
16.1950       -6042.779    -6046.479        3.700    29.4
16.2000       -6042.768    -6046.525        3.757    29.8
16.2050       -6042.753    -6046.552        3.800    30.1
16.2100       -6042.741    -6046.557        3.816    30.3
16.2150       -6042.748    -6046.550        3.802    30.2
16.2200       -6042.738    -6046.559        3.821    30.3
16.2250       -6042.724    -6046.589        3.866    30.7
16.2300       -6042.721    -6046.626        3.906    31.0
16.2350       -6042.705    -6046.648        3.944    31.3
16.2400       -6042.725    -6046.644        3.919    31.1
16.2450       -6042.743    -6046.630        3.887    30.8
16.2500       -6042.766    -6046.630        3.864    30.7
16.2550       -6042.772    -6046.637        3.865    30.7
16.2600       -6042.792    -6046.633        3.841    30.5
16.2650       -6042.780    -6046.609        3.829    30.4
16.2700       -6042.754    -6046.556        3.802    30.2
16.2750       -6042.766    -6046.495        3.728    29.6
16.2800       -6042.749    -6046.459        3.710    29.4
16.2850       -6042.772    -6046.466        3.694    29.3
16.2900       -6042.787    -6046.511        3.724    29.6
16.2950       -6042.780    -6046.566        3.786    30.0
16.3000       -6042.761    -6046.593        3.832    30.4
16.3050       -6042.762    -6046.573        3.812    30.2
16.3100       -6042.754    -6046.522        3.768    29.9
16.3150       -6042.757    -6046.471        3.715    29.5
16.3200       -6042.719    -6046.454        3.735    29.6
16.3250       -6042.711    -6046.474        3.763    29.9
16.3300       -6042.760    -6046.513        3.753    29.8
16.3350       -6042.773    -6046.557        3.785    30.0
16.3400       -6042.758    -6046.585        3.827    30.4
16.3450       -6042.765    -6046.590        3.825    30.3
16.3500       -6042.773    -6046.585        3.812    30.2
16.3550       -6042.743    -6046.582        3.840    30.5
16.3600       -6042.754    -6046.597        3.842    30.5
16.3650       -6042.735    -6046.625        3.889    30.9
16.3700       -6042.716    -6046.645        3.929    31.2
16.3750       -6042.736    -6046.629        3.892    30.9
16.3800       -6042.720    -6046.567        3.847    30.5
16.3850       -6042.687    -6046.472        3.786    30.0
16.3900       -6042.721    -6046.375        3.653    29.0
16.3950       -6042.704    -6046.311        3.607    28.6
16.4000       -6042.712    -6046.303        3.592    28.5
16.4050       -6042.705    -6046.348        3.644    28.9
16.4100       -6042.705    -6046.434        3.729    29.6
16.4150       -6042.689    -6046.546        3.856    30.6
16.4200       -6042.715    -6046.638        3.923    31.1
16.4250       -6042.699    -6046.675        3.977    31.6
16.4300       -6042.708    -6046.638        3.930    31.2
16.4350       -6042.694    -6046.545        3.850    30.6
16.4400       -6042.697    -6046.442        3.744    29.7
16.4450       -6042.713    -6046.382        3.670    29.1
16.4500       -6042.736    -6046.393        3.657    29.0
16.4550       -6042.736    -6046.466        3.729    29.6
16.4600       -6042.719    -6046.564        3.844    30.5
16.4650       -6042.722    -6046.645        3.923    31.1
16.4700       -6042.755    -6046.689        3.934    31.2
16.4750       -6042.751    -6046.706        3.955    31.4
16.4800       -6042.756    -6046.700        3.943    31.3
16.4850       -6042.741    -6046.679        3.938    31.2
16.4900       -6042.725    -6046.644        3.919    31.1
16.4950       -6042.696    -6046.599        3.903    31.0
16.5000       -6042.707    -6046.555        3.848    30.5
16.5050       -6042.725    -6046.522        3.797    30.1
16.5100       -6042.726    -6046.508        3.783    30.0
16.5150       -6042.724    -6046.515        3.791    30.1
16.5200       -6042.709    -6046.523        3.814    30.3
16.5250       -6042.713    -6046.530        3.816    30.3
16.5300       -6042.739    -6046.532        3.793    30.1
16.5350       -6042.763    -6046.547        3.784    30.0
16.5400       -6042.752    -6046.577        3.826    30.4
16.5450       -6042.723    -6046.611        3.888    30.9
16.5500       -6042.768    -6046.633        3.865    30.7
16.5550       -6042.786    -6046.631        3.845    30.5
16.5600       -6042.772    -6046.613        3.841    30.5
16.5650       -6042.797    -6046.576        3.779    30.0
16.5700       -6042.759    -6046.527        3.768    29.9
16.5750       -6042.726    -6046.488        3.761    29.8
16.5800       -6042.755    -6046.470        3.715    29.5
16.5850       -6042.791    -6046.485        3.694    29.3
16.5900       -6042.769    -6046.516        3.747    29.7
16.5950       -6042.758    -6046.536        3.778    30.0
16.6000       -6042.767    -6046.531        3.763    29.9
16.6050       -6042.750    -6046.514        3.764    29.9
16.6100       -6042.739    -6046.502        3.763    29.9
16.6150       -6042.694    -6046.497        3.803    30.2
16.6200       -6042.719    -6046.499        3.780    30.0
16.6250       -6042.723    -6046.501        3.778    30.0
16.6300       -6042.696    -6046.500        3.803    30.2
16.6350       -6042.693    -6046.492        3.798    30.1
16.6400       -6042.696    -6046.486        3.789    30.1
16.6450       -6042.717    -6046.489        3.772    29.9
16.6500       -6042.738    -6046.507        3.770    29.9
16.6550       -6042.754    -6046.536        3.782    30.0
16.6600       -6042.748    -6046.555        3.808    30.2
16.6650       -6042.752    -6046.553        3.801    30.2
16.6700       -6042.753    -6046.533        3.780    30.0
16.6750       -6042.792    -6046.519        3.727    29.6
16.6800       -6042.765    -6046.525        3.760    29.8
16.6850       -6042.821    -6046.550        3.729    29.6
16.6900       -6042.814    -6046.585        3.771    29.9
16.6950       -6042.802    -6046.613        3.811    30.2
16.7000       -6042.790    -6046.610        3.820    30.3
16.7050       -6042.804    -6046.583        3.780    30.0
16.7100       -6042.788    -6046.558        3.770    29.9
16.7150       -6042.813    -6046.548        3.734    29.6
16.7200       -6042.815    -6046.561        3.745    29.7
16.7250       -6042.788    -6046.597        3.809    30.2
16.7300       -6042.785    -6046.635        3.850    30.5
16.7350       -6042.777    -6046.658        3.882    30.8
16.7400       -6042.766    -6046.650        3.884    30.8
16.7450       -6042.776    -6046.623        3.847    30.5
16.7500       -6042.779    -6046.586        3.807    30.2
16.7550       -6042.774    -6046.560        3.786    30.0
16.7600       -6042.785    -6046.557        3.772    29.9
16.7650       -6042.773    -6046.574        3.801    30.2
16.7700       -6042.760    -6046.611        3.851    30.6
16.7750       -6042.745    -6046.643        3.899    30.9
16.7800       -6042.735    -6046.641        3.905    31.0
16.7850       -6042.770    -6046.602        3.832    30.4
16.7900       -6042.793    -6046.543        3.751    29.8
16.7950       -6042.806    -6046.494        3.689    29.3
16.8000       -6042.790    -6046.474        3.683    29.2
16.8050       -6042.776    -6046.482        3.706    29.4
16.8100       -6042.749    -6046.508        3.759    29.8
16.8150       -6042.753    -6046.529        3.776    30.0
16.8200       -6042.734    -6046.529        3.795    30.1
16.8250       -6042.751    -6046.514        3.763    29.9
16.8300       -6042.714    -6046.511        3.797    30.1
16.8350       -6042.735    -6046.525        3.790    30.1
16.8400       -6042.742    -6046.548        3.806    30.2
16.8450       -6042.740    -6046.577        3.837    30.4
16.8500       -6042.731    -6046.600        3.869    30.7
16.8550       -6042.733    -6046.605        3.872    30.7
16.8600       -6042.724    -6046.600        3.876    30.8
16.8650       -6042.713    -6046.585        3.872    30.7
16.8700       -6042.711    -6046.574        3.863    30.7
16.8750       -6042.699    -6046.567        3.868    30.7
16.8800       -6042.704    -6046.571        3.867    30.7
16.8850       -6042.692    -6046.567        3.876    30.8
16.8900       -6042.677    -6046.535        3.858    30.6
16.8950       -6042.666    -6046.479        3.813    30.3
16.9000       -6042.673    -6046.422        3.750    29.8
16.9050       -6042.669    -6046.408        3.739    29.7
16.9100       -6042.643    -6046.452        3.809    30.2
16.9150       -6042.634    -6046.543        3.909    31.0
16.9200       -6042.633    -6046.628        3.995    31.7
16.9250       -6042.628    -6046.659        4.031    32.0
16.9300       -6042.633    -6046.621        3.988    31.6
16.9350       -6042.648    -6046.539        3.891    30.9
16.9400       -6042.639    -6046.455        3.816    30.3
16.9450       -6042.638    -6046.412        3.774    29.9
16.9500       -6042.598    -6046.422        3.823    30.3
16.9550       -6042.627    -6046.466        3.840    30.5
16.9600       -6042.625    -6046.521        3.896    30.9
16.9650       -6042.647    -6046.549        3.902    31.0
16.9700       -6042.626    -6046.542        3.916    31.1
16.9750       -6042.632    -6046.508        3.876    30.8
16.9800       -6042.642    -6046.470        3.828    30.4
16.9850       -6042.671    -6046.454        3.784    30.0
16.9900       -6042.645    -6046.461        3.817    30.3
16.9950       -6042.640    -6046.495        3.855    30.6
17.0000       -6042.629    -6046.541        3.912    31.0
17.0050       -6042.648    -6046.581        3.932    31.2
17.0100       -6042.643    -6046.594        3.951    31.4
17.0150       -6042.639    -6046.569        3.930    31.2
17.0200       -6042.652    -6046.517        3.865    30.7
17.0250       -6042.665    -6046.472        3.807    30.2
17.0300       -6042.676    -6046.449        3.773    29.9
17.0350       -6042.674    -6046.454        3.780    30.0
17.0400       -6042.683    -6046.471        3.788    30.1
17.0450       -6042.670    -6046.493        3.823    30.3
17.0500       -6042.668    -6046.513        3.845    30.5
17.0550       -6042.702    -6046.530        3.828    30.4
17.0600       -6042.670    -6046.546        3.875    30.8
17.0650       -6042.669    -6046.558        3.889    30.9
17.0700       -6042.660    -6046.576        3.916    31.1
17.0750       -6042.609    -6046.591        3.982    31.6
17.0800       -6042.649    -6046.591        3.943    31.3
17.0850       -6042.672    -6046.572        3.900    30.9
17.0900       -6042.654    -6046.535        3.881    30.8
17.0950       -6042.656    -6046.484        3.827    30.4
17.1000       -6042.635    -6046.436        3.801    30.2
17.1050       -6042.638    -6046.413        3.775    30.0
17.1100       -6042.655    -6046.418        3.763    29.9
17.1150       -6042.658    -6046.437        3.780    30.0
17.1200       -6042.657    -6046.453        3.795    30.1
17.1250       -6042.625    -6046.464        3.838    30.5
17.1300       -6042.633    -6046.468        3.835    30.4
17.1350       -6042.639    -6046.483        3.844    30.5
17.1400       -6042.615    -6046.509        3.894    30.9
17.1450       -6042.634    -6046.527        3.893    30.9
17.1500       -6042.624    -6046.531        3.907    31.0
17.1550       -6042.603    -6046.512        3.910    31.0
17.1600       -6042.610    -6046.484        3.874    30.7
17.1650       -6042.597    -6046.458        3.861    30.6
17.1700       -6042.615    -6046.444        3.829    30.4
17.1750       -6042.615    -6046.452        3.838    30.5
17.1800       -6042.626    -6046.481        3.855    30.6
17.1850       -6042.622    -6046.519        3.897    30.9
17.1900       -6042.620    -6046.559        3.940    31.3
17.1950       -6042.624    -6046.595        3.971    31.5
17.2000       -6042.638    -6046.616        3.978    31.6
17.2050       -6042.667    -6046.623        3.957    31.4
17.2100       -6042.662    -6046.621        3.959    31.4
17.2150       -6042.659    -6046.609        3.950    31.3
17.2200       -6042.650    -6046.589        3.939    31.3
17.2250       -6042.647    -6046.559        3.912    31.0
17.2300       -6042.626    -6046.513        3.888    30.8
17.2350       -6042.634    -6046.461        3.827    30.4
17.2400       -6042.624    -6046.417        3.793    30.1
17.2450       -6042.621    -6046.403        3.782    30.0
17.2500       -6042.631    -6046.411        3.779    30.0
17.2550       -6042.623    -6046.427        3.804    30.2
17.2600       -6042.625    -6046.451        3.826    30.4
17.2650       -6042.644    -6046.465        3.821    30.3
17.2700       -6042.652    -6046.471        3.819    30.3
17.2750       -6042.666    -6046.478        3.812    30.2
17.2800       -6042.665    -6046.485        3.820    30.3
17.2850       -6042.681    -6046.482        3.801    30.2
17.2900       -6042.680    -6046.469        3.789    30.1
17.2950       -6042.665    -6046.458        3.793    30.1
17.3000       -6042.660    -6046.459        3.799    30.1
17.3050       -6042.685    -6046.467        3.782    30.0
17.3100       -6042.728    -6046.479        3.751    29.8
17.3150       -6042.697    -6046.489        3.792    30.1
17.3200       -6042.691    -6046.485        3.793    30.1
17.3250       -6042.654    -6046.464        3.811    30.2
17.3300       -6042.635    -6046.432        3.798    30.1
17.3350       -6042.635    -6046.407        3.772    29.9
17.3400       -6042.667    -6046.405        3.739    29.7
17.3450       -6042.688    -6046.436        3.748    29.7
17.3500       -6042.711    -6046.490        3.779    30.0
17.3550       -6042.701    -6046.547        3.846    30.5
17.3600       -6042.689    -6046.587        3.897    30.9
17.3650       -6042.700    -6046.600        3.900    30.9
17.3700       -6042.709    -6046.602        3.892    30.9
17.3750       -6042.713    -6046.601        3.887    30.8
17.3800       -6042.718    -6046.600        3.882    30.8
17.3850       -6042.728    -6046.594        3.867    30.7
17.3900       -6042.718    -6046.583        3.865    30.7
17.3950       -6042.690    -6046.558        3.868    30.7
17.4000       -6042.656    -6046.524        3.869    30.7
17.4050       -6042.631    -6046.489        3.858    30.6
17.4100       -6042.662    -6046.466        3.803    30.2
17.4150       -6042.639    -6046.460        3.820    30.3
17.4200       -6042.642    -6046.462        3.820    30.3
17.4250       -6042.645    -6046.458        3.812    30.3
17.4300       -6042.669    -6046.441        3.772    29.9
17.4350       -6042.662    -6046.429        3.768    29.9
17.4400       -6042.696    -6046.425        3.729    29.6
17.4450       -6042.701    -6046.434        3.733    29.6
17.4500       -6042.750    -6046.463        3.713    29.5
17.4550       -6042.768    -6046.508        3.740    29.7
17.4600       -6042.767    -6046.555        3.789    30.1
17.4650       -6042.791    -6046.591        3.799    30.1
17.4700       -6042.775    -6046.611        3.837    30.4
17.4750       -6042.760    -6046.624        3.864    30.7
17.4800       -6042.767    -6046.632        3.865    30.7
17.4850       -6042.776    -6046.624        3.848    30.5
17.4900       -6042.813    -6046.594        3.781    30.0
17.4950       -6042.817    -6046.567        3.749    29.7
17.5000       -6042.808    -6046.555        3.746    29.7
17.5050       -6042.781    -6046.563        3.782    30.0
17.5100       -6042.766    -6046.593        3.827    30.4
17.5150       -6042.754    -6046.637        3.883    30.8
17.5200       -6042.771    -6046.675        3.904    31.0
17.5250       -6042.788    -6046.684        3.896    30.9
17.5300       -6042.749    -6046.657        3.907    31.0
17.5350       -6042.761    -6046.605        3.844    30.5
17.5400       -6042.722    -6046.552        3.831    30.4
17.5450       -6042.710    -6046.522        3.812    30.2
17.5500       -6042.705    -6046.526        3.821    30.3
17.5550       -6042.722    -6046.548        3.826    30.4
17.5600       -6042.742    -6046.571        3.829    30.4
17.5650       -6042.735    -6046.575        3.840    30.5
17.5700       -6042.713    -6046.553        3.840    30.5
17.5750       -6042.713    -6046.506        3.793    30.1
17.5800       -6042.731    -6046.451        3.720    29.5
17.5850       -6042.715    -6046.407        3.692    29.3
17.5900       -6042.753    -6046.384        3.631    28.8
17.5950       -6042.762    -6046.392        3.630    28.8
17.6000       -6042.765    -6046.413        3.648    28.9
17.6050       -6042.764    -6046.453        3.690    29.3
17.6100       -6042.740    -6046.503        3.763    29.9
17.6150       -6042.761    -6046.553        3.792    30.1
17.6200       -6042.735    -6046.588        3.853    30.6
17.6250       -6042.726    -6046.595        3.869    30.7
17.6300       -6042.734    -6046.576        3.842    30.5
17.6350       -6042.712    -6046.539        3.827    30.4
17.6400       -6042.717    -6046.501        3.784    30.0
17.6450       -6042.688    -6046.472        3.784    30.0
17.6500       -6042.706    -6046.451        3.745    29.7
17.6550       -6042.711    -6046.449        3.738    29.7
17.6600       -6042.709    -6046.471        3.763    29.9
17.6650       -6042.691    -6046.509        3.818    30.3
17.6700       -6042.652    -6046.543        3.891    30.9
17.6750       -6042.675    -6046.553        3.878    30.8
17.6800       -6042.665    -6046.549        3.884    30.8
17.6850       -6042.685    -6046.539        3.854    30.6
17.6900       -6042.720    -6046.533        3.812    30.2
17.6950       -6042.727    -6046.543        3.816    30.3
17.7000       -6042.745    -6046.567        3.823    30.3
17.7050       -6042.730    -6046.582        3.853    30.6
17.7100       -6042.711    -6046.579        3.868    30.7
17.7150       -6042.689    -6046.559        3.870    30.7
17.7200       -6042.704    -6046.529        3.825    30.3
17.7250       -6042.661    -6046.509        3.848    30.5
17.7300       -6042.691    -6046.497        3.806    30.2
17.7350       -6042.688    -6046.489        3.801    30.2
17.7400       -6042.730    -6046.501        3.771    29.9
17.7450       -6042.731    -6046.535        3.804    30.2
17.7500       -6042.721    -6046.569        3.848    30.5
17.7550       -6042.693    -6046.594        3.901    30.9
17.7600       -6042.685    -6046.601        3.916    31.1
17.7650       -6042.677    -6046.583        3.905    31.0
17.7700       -6042.673    -6046.558        3.884    30.8
17.7750       -6042.650    -6046.541        3.891    30.9
17.7800       -6042.702    -6046.528        3.826    30.4
17.7850       -6042.670    -6046.528        3.858    30.6
17.7900       -6042.666    -6046.535        3.869    30.7
17.7950       -6042.697    -6046.548        3.851    30.6
17.8000       -6042.717    -6046.559        3.842    30.5
17.8050       -6042.736    -6046.578        3.842    30.5
17.8100       -6042.747    -6046.598        3.851    30.6
17.8150       -6042.757    -6046.607        3.851    30.6
17.8200       -6042.759    -6046.603        3.844    30.5
17.8250       -6042.776    -6046.585        3.809    30.2
17.8300       -6042.748    -6046.562        3.814    30.3
17.8350       -6042.751    -6046.538        3.786    30.0
17.8400       -6042.738    -6046.522        3.784    30.0
17.8450       -6042.737    -6046.513        3.776    30.0
17.8500       -6042.746    -6046.504        3.758    29.8
17.8550       -6042.738    -6046.482        3.743    29.7
17.8600       -6042.701    -6046.457        3.756    29.8
17.8650       -6042.680    -6046.435        3.754    29.8
17.8700       -6042.637    -6046.427        3.790    30.1
17.8750       -6042.623    -6046.427        3.804    30.2
17.8800       -6042.668    -6046.444        3.776    30.0
17.8850       -6042.677    -6046.482        3.806    30.2
17.8900       -6042.676    -6046.525        3.849    30.5
17.8950       -6042.667    -6046.574        3.908    31.0
17.9000       -6042.644    -6046.618        3.973    31.5
17.9050       -6042.653    -6046.636        3.983    31.6
17.9100       -6042.672    -6046.623        3.951    31.4
17.9150       -6042.655    -6046.581        3.926    31.2
17.9200       -6042.642    -6046.535        3.893    30.9
17.9250       -6042.615    -6046.506        3.891    30.9
17.9300       -6042.583    -6046.495        3.912    31.0
17.9350       -6042.591    -6046.506        3.915    31.1
17.9400       -6042.577    -6046.538        3.961    31.4
17.9450       -6042.593    -6046.570        3.977    31.6
17.9500       -6042.597    -6046.573        3.976    31.5
17.9550       -6042.575    -6046.528        3.952    31.4
17.9600       -6042.572    -6046.428        3.855    30.6
17.9650       -6042.567    -6046.311        3.744    29.7
17.9700       -6042.572    -6046.229        3.657    29.0
17.9750       -6042.563    -6046.215        3.652    29.0
17.9800       -6042.552    -6046.259        3.708    29.4
17.9850       -6042.558    -6046.338        3.780    30.0
17.9900       -6042.557    -6046.415        3.858    30.6
17.9950       -6042.552    -6046.458        3.905    31.0
18.0000       -6042.536    -6046.468        3.932    31.2
18.0050       -6042.552    -6046.454        3.902    31.0
18.0100       -6042.568    -6046.441        3.873    30.7
18.0150       -6042.587    -6046.436        3.849    30.5
18.0200       -6042.577    -6046.451        3.875    30.7
18.0250       -6042.592    -6046.482        3.890    30.9
18.0300       -6042.598    -6046.509        3.911    31.0
18.0350       -6042.607    -6046.513        3.906    31.0
18.0400       -6042.635    -6046.499        3.864    30.7
18.0450       -6042.629    -6046.486        3.857    30.6
18.0500       -6042.599    -6046.492        3.893    30.9
18.0550       -6042.615    -6046.509        3.894    30.9
18.0600       -6042.611    -6046.530        3.919    31.1
18.0650       -6042.616    -6046.551        3.935    31.2
18.0700       -6042.676    -6046.564        3.888    30.9
18.0750       -6042.670    -6046.570        3.900    30.9
18.0800       -6042.652    -6046.570        3.918    31.1
18.0850       -6042.680    -6046.566        3.886    30.8
18.0900       -6042.689    -6046.557        3.867    30.7
18.0950       -6042.701    -6046.537        3.836    30.4
18.1000       -6042.713    -6046.512        3.799    30.1
18.1050       -6042.748    -6046.482        3.734    29.6
18.1100       -6042.750    -6046.456        3.706    29.4
18.1150       -6042.732    -6046.443        3.711    29.4
18.1200       -6042.711    -6046.440        3.729    29.6
18.1250       -6042.713    -6046.444        3.731    29.6
18.1300       -6042.694    -6046.455        3.762    29.8
18.1350       -6042.702    -6046.474        3.772    29.9
18.1400       -6042.689    -6046.502        3.813    30.3
18.1450       -6042.708    -6046.547        3.839    30.5
18.1500       -6042.712    -6046.604        3.893    30.9
18.1550       -6042.689    -6046.665        3.975    31.5
18.1600       -6042.717    -6046.708        3.991    31.7
18.1650       -6042.733    -6046.717        3.983    31.6
18.1700       -6042.800    -6046.688        3.887    30.8
18.1750       -6042.797    -6046.623        3.826    30.4
18.1800       -6042.803    -6046.546        3.744    29.7
18.1850       -6042.763    -6046.480        3.717    29.5
18.1900       -6042.780    -6046.446        3.666    29.1
18.1950       -6042.809    -6046.456        3.647    28.9
18.2000       -6042.770    -6046.506        3.736    29.6
18.2050       -6042.766    -6046.569        3.804    30.2
18.2100       -6042.763    -6046.610        3.847    30.5
18.2150       -6042.759    -6046.604        3.846    30.5
18.2200       -6042.739    -6046.553        3.813    30.3
18.2250       -6042.714    -6046.474        3.760    29.8
18.2300       -6042.678    -6046.401        3.723    29.5
18.2350       -6042.663    -6046.349        3.686    29.2
18.2400       -6042.650    -6046.338        3.689    29.3
18.2450       -6042.612    -6046.365        3.753    29.8
18.2500       -6042.616    -6046.397        3.781    30.0
18.2550       -6042.615    -6046.418        3.803    30.2
18.2600       -6042.631    -6046.432        3.801    30.2
18.2650       -6042.619    -6046.439        3.820    30.3
18.2700       -6042.636    -6046.455        3.819    30.3
18.2750       -6042.618    -6046.484        3.867    30.7
18.2800       -6042.585    -6046.518        3.933    31.2
18.2850       -6042.628    -6046.565        3.937    31.2
18.2900       -6042.610    -6046.613        4.003    31.8
18.2950       -6042.642    -6046.639        3.997    31.7
18.3000       -6042.650    -6046.624        3.974    31.5
18.3050       -6042.649    -6046.567        3.918    31.1
18.3100       -6042.669    -6046.490        3.821    30.3
18.3150       -6042.649    -6046.413        3.764    29.9
18.3200       -6042.652    -6046.357        3.705    29.4
18.3250       -6042.690    -6046.341        3.651    29.0
18.3300       -6042.697    -6046.376        3.679    29.2
18.3350       -6042.695    -6046.438        3.742    29.7
18.3400       -6042.671    -6046.503        3.833    30.4
18.3450       -6042.675    -6046.539        3.864    30.7
18.3500       -6042.646    -6046.548        3.902    31.0
18.3550       -6042.627    -6046.544        3.917    31.1
18.3600       -6042.634    -6046.534        3.900    30.9
18.3650       -6042.653    -6046.534        3.880    30.8
18.3700       -6042.682    -6046.547        3.865    30.7
18.3750       -6042.694    -6046.560        3.867    30.7
18.3800       -6042.721    -6046.573        3.852    30.6
18.3850       -6042.701    -6046.587        3.885    30.8
18.3900       -6042.719    -6046.601        3.881    30.8
18.3950       -6042.705    -6046.617        3.912    31.0
18.4000       -6042.736    -6046.627        3.891    30.9
18.4050       -6042.758    -6046.612        3.854    30.6
18.4100       -6042.743    -6046.573        3.831    30.4
18.4150       -6042.760    -6046.529        3.770    29.9
18.4200       -6042.770    -6046.511        3.741    29.7
18.4250       -6042.758    -6046.542        3.783    30.0
18.4300       -6042.749    -6046.602        3.853    30.6
18.4350       -6042.752    -6046.653        3.901    31.0
18.4400       -6042.717    -6046.667        3.950    31.3
18.4450       -6042.697    -6046.642        3.945    31.3
18.4500       -6042.697    -6046.592        3.895    30.9
18.4550       -6042.712    -6046.536        3.825    30.3
18.4600       -6042.706    -6046.497        3.790    30.1
18.4650       -6042.710    -6046.486        3.776    30.0
18.4700       -6042.686    -6046.500        3.814    30.3
18.4750       -6042.667    -6046.526        3.859    30.6
18.4800       -6042.689    -6046.535        3.846    30.5
18.4850       -6042.672    -6046.515        3.843    30.5
18.4900       -6042.643    -6046.479        3.837    30.4
18.4950       -6042.646    -6046.448        3.802    30.2
18.5000       -6042.651    -6046.440        3.790    30.1
18.5050       -6042.626    -6046.450        3.825    30.3
18.5100       -6042.597    -6046.451        3.854    30.6
18.5150       -6042.607    -6046.429        3.822    30.3
18.5200       -6042.626    -6046.411        3.784    30.0
18.5250       -6042.615    -6046.416        3.801    30.2
18.5300       -6042.607    -6046.439        3.833    30.4
18.5350       -6042.626    -6046.469        3.843    30.5
18.5400       -6042.638    -6046.481        3.842    30.5
18.5450       -6042.639    -6046.469        3.830    30.4
18.5500       -6042.697    -6046.444        3.747    29.7
18.5550       -6042.698    -6046.414        3.716    29.5
18.5600       -6042.683    -6046.422        3.739    29.7
18.5650       -6042.733    -6046.471        3.738    29.7
18.5700       -6042.699    -6046.534        3.836    30.4
18.5750       -6042.711    -6046.575        3.864    30.7
18.5800       -6042.736    -6046.585        3.849    30.5
18.5850       -6042.724    -6046.571        3.847    30.5
18.5900       -6042.742    -6046.555        3.813    30.3
18.5950       -6042.747    -6046.556        3.810    30.2
18.6000       -6042.725    -6046.581        3.856    30.6
18.6050       -6042.728    -6046.602        3.874    30.7
18.6100       -6042.673    -6046.587        3.914    31.1
18.6150       -6042.672    -6046.525        3.853    30.6
18.6200       -6042.678    -6046.448        3.771    29.9
18.6250       -6042.678    -6046.423        3.745    29.7
18.6300       -6042.685    -6046.484        3.800    30.1
18.6350       -6042.725    -6046.606        3.882    30.8
18.6400       -6042.729    -6046.715        3.986    31.6
18.6450       -6042.740    -6046.745        4.005    31.8
18.6500       -6042.761    -6046.690        3.929    31.2
18.6550       -6042.749    -6046.597        3.848    30.5
18.6600       -6042.750    -6046.520        3.771    29.9
18.6650       -6042.762    -6046.484        3.722    29.5
18.6700       -6042.767    -6046.487        3.720    29.5
18.6750       -6042.783    -6046.507        3.724    29.5
18.6800       -6042.789    -6046.518        3.729    29.6
18.6850       -6042.819    -6046.510        3.692    29.3
18.6900       -6042.831    -6046.490        3.659    29.0
18.6950       -6042.828    -6046.482        3.654    29.0
18.7000       -6042.812    -6046.496        3.684    29.2
18.7050       -6042.802    -6046.529        3.728    29.6
18.7100       -6042.776    -6046.558        3.782    30.0
18.7150       -6042.799    -6046.568        3.769    29.9
18.7200       -6042.796    -6046.562        3.765    29.9
18.7250       -6042.800    -6046.541        3.741    29.7
18.7300       -6042.833    -6046.530        3.698    29.3
18.7350       -6042.815    -6046.549        3.734    29.6
18.7400       -6042.806    -6046.587        3.781    30.0
18.7450       -6042.782    -6046.631        3.849    30.5
18.7500       -6042.806    -6046.665        3.859    30.6
18.7550       -6042.788    -6046.673        3.885    30.8
18.7600       -6042.769    -6046.660        3.891    30.9
18.7650       -6042.784    -6046.632        3.847    30.5
18.7700       -6042.774    -6046.591        3.816    30.3
18.7750       -6042.789    -6046.551        3.762    29.9
18.7800       -6042.801    -6046.533        3.732    29.6
18.7850       -6042.821    -6046.535        3.715    29.5
18.7900       -6042.870    -6046.543        3.673    29.1
18.7950       -6042.865    -6046.551        3.687    29.3
18.8000       -6042.889    -6046.555        3.665    29.1
18.8050       -6042.890    -6046.560        3.671    29.1
18.8100       -6042.858    -6046.573        3.715    29.5
18.8150       -6042.859    -6046.605        3.746    29.7
18.8200       -6042.867    -6046.652        3.785    30.0
18.8250       -6042.862    -6046.688        3.826    30.4
18.8300       -6042.860    -6046.694        3.834    30.4
18.8350       -6042.891    -6046.667        3.775    30.0
18.8400       -6042.920    -6046.635        3.715    29.5
18.8450       -6042.935    -6046.610        3.674    29.2
18.8500       -6042.918    -6046.597        3.680    29.2
18.8550       -6042.927    -6046.591        3.664    29.1
18.8600       -6042.941    -6046.586        3.645    28.9
18.8650       -6042.939    -6046.587        3.648    28.9
18.8700       -6042.920    -6046.592        3.673    29.1
18.8750       -6042.911    -6046.593        3.682    29.2
18.8800       -6042.911    -6046.592        3.680    29.2
18.8850       -6042.902    -6046.616        3.714    29.5
18.8900       -6042.908    -6046.662        3.754    29.8
18.8950       -6042.898    -6046.713        3.815    30.3
18.9000       -6042.889    -6046.729        3.840    30.5
18.9050       -6042.915    -6046.700        3.785    30.0
18.9100       -6042.941    -6046.641        3.700    29.4
18.9150       -6042.929    -6046.583        3.654    29.0
18.9200       -6042.949    -6046.542        3.594    28.5
18.9250       -6042.957    -6046.535        3.578    28.4
18.9300       -6042.937    -6046.562        3.625    28.8
18.9350       -6042.918    -6046.602        3.684    29.2
18.9400       -6042.925    -6046.635        3.710    29.4
18.9450       -6042.932    -6046.672        3.740    29.7
18.9500       -6042.958    -6046.706        3.748    29.7
18.9550       -6042.959    -6046.730        3.771    29.9
18.9600       -6042.959    -6046.734        3.775    30.0
18.9650       -6042.956    -6046.700        3.744    29.7
18.9700       -6042.953    -6046.645        3.692    29.3
18.9750       -6042.948    -6046.589        3.641    28.9
18.9800       -6042.921    -6046.546        3.625    28.8
18.9850       -6042.873    -6046.522        3.649    29.0
18.9900       -6042.884    -6046.523        3.639    28.9
18.9950       -6042.919    -6046.542        3.623    28.7
19.0000       -6042.905    -6046.576        3.671    29.1
19.0050       -6042.914    -6046.610        3.696    29.3
19.0100       -6042.929    -6046.626        3.696    29.3
19.0150       -6042.957    -6046.620        3.663    29.1
19.0200       -6042.954    -6046.606        3.652    29.0
19.0250       -6042.998    -6046.610        3.612    28.7
19.0300       -6042.995    -6046.632        3.637    28.9
19.0350       -6042.988    -6046.665        3.678    29.2
19.0400       -6042.982    -6046.713        3.731    29.6
19.0450       -6042.988    -6046.770        3.782    30.0
19.0500       -6043.018    -6046.821        3.804    30.2
19.0550       -6042.992    -6046.846        3.854    30.6
19.0600       -6042.968    -6046.835        3.867    30.7
19.0650       -6042.970    -6046.794        3.824    30.3
19.0700       -6042.968    -6046.736        3.768    29.9
19.0750       -6043.003    -6046.683        3.679    29.2
19.0800       -6042.967    -6046.647        3.680    29.2
19.0850       -6042.935    -6046.630        3.694    29.3
19.0900       -6042.912    -6046.622        3.710    29.4
19.0950       -6042.952    -6046.625        3.672    29.1
19.1000       -6042.937    -6046.631        3.694    29.3
19.1050       -6042.920    -6046.636        3.716    29.5
19.1100       -6042.888    -6046.645        3.756    29.8
19.1150       -6042.887    -6046.653        3.766    29.9
19.1200       -6042.860    -6046.668        3.808    30.2
19.1250       -6042.860    -6046.676        3.816    30.3
19.1300       -6042.849    -6046.658        3.808    30.2
19.1350       -6042.858    -6046.608        3.750    29.8
19.1400       -6042.886    -6046.559        3.673    29.1
19.1450       -6042.848    -6046.532        3.684    29.2
19.1500       -6042.875    -6046.530        3.655    29.0
19.1550       -6042.849    -6046.544        3.694    29.3
19.1600       -6042.859    -6046.543        3.684    29.2
19.1650       -6042.873    -6046.516        3.643    28.9
19.1700       -6042.914    -6046.493        3.579    28.4
19.1750       -6042.887    -6046.516        3.628    28.8
19.1800       -6042.898    -6046.577        3.679    29.2
19.1850       -6042.923    -6046.663        3.740    29.7
19.1900       -6042.921    -6046.737        3.816    30.3
19.1950       -6042.888    -6046.763        3.875    30.7
19.2000       -6042.879    -6046.725        3.846    30.5
19.2050       -6042.873    -6046.642        3.769    29.9
19.2100       -6042.875    -6046.549        3.674    29.2
19.2150       -6042.846    -6046.495        3.649    29.0
19.2200       -6042.845    -6046.502        3.657    29.0
19.2250       -6042.798    -6046.550        3.752    29.8
19.2300       -6042.761    -6046.598        3.837    30.4
19.2350       -6042.778    -6046.621        3.843    30.5
19.2400       -6042.806    -6046.609        3.803    30.2
19.2450       -6042.800    -6046.579        3.779    30.0
19.2500       -6042.850    -6046.555        3.706    29.4
19.2550       -6042.837    -6046.562        3.725    29.6
19.2600       -6042.857    -6046.594        3.737    29.7
19.2650       -6042.822    -6046.622        3.800    30.2
19.2700       -6042.791    -6046.622        3.830    30.4
19.2750       -6042.814    -6046.580        3.767    29.9
19.2800       -6042.792    -6046.525        3.733    29.6
19.2850       -6042.787    -6046.478        3.691    29.3
19.2900       -6042.789    -6046.478        3.689    29.3
19.2950       -6042.783    -6046.521        3.738    29.7
19.3000       -6042.804    -6046.576        3.771    29.9
19.3050       -6042.778    -6046.608        3.830    30.4
19.3100       -6042.767    -6046.601        3.834    30.4
19.3150       -6042.787    -6046.561        3.774    29.9
19.3200       -6042.764    -6046.526        3.762    29.8
19.3250       -6042.760    -6046.518        3.758    29.8
19.3300       -6042.759    -6046.542        3.783    30.0
19.3350       -6042.766    -6046.582        3.816    30.3
19.3400       -6042.752    -6046.622        3.869    30.7
19.3450       -6042.756    -6046.652        3.896    30.9
19.3500       -6042.756    -6046.662        3.906    31.0
19.3550       -6042.789    -6046.639        3.850    30.5
19.3600       -6042.818    -6046.603        3.785    30.0
19.3650       -6042.867    -6046.584        3.717    29.5
19.3700       -6042.888    -6046.601        3.712    29.5
19.3750       -6042.882    -6046.652        3.770    29.9
19.3800       -6042.949    -6046.716        3.767    29.9
19.3850       -6042.968    -6046.763        3.795    30.1
19.3900       -6042.943    -6046.778        3.834    30.4
19.3950       -6042.937    -6046.751        3.814    30.3
19.4000       -6042.911    -6046.710        3.799    30.1
19.4050       -6042.890    -6046.653        3.763    29.9
19.4100       -6042.878    -6046.589        3.711    29.4
19.4150       -6042.900    -6046.543        3.643    28.9
19.4200       -6042.882    -6046.525        3.643    28.9
19.4250       -6042.860    -6046.534        3.674    29.2
19.4300       -6042.859    -6046.544        3.685    29.2
19.4350       -6042.850    -6046.540        3.690    29.3
19.4400       -6042.823    -6046.525        3.702    29.4
19.4450       -6042.815    -6046.506        3.691    29.3
19.4500       -6042.829    -6046.491        3.663    29.1
19.4550       -6042.822    -6046.486        3.665    29.1
19.4600       -6042.811    -6046.499        3.687    29.3
19.4650       -6042.825    -6046.520        3.695    29.3
19.4700       -6042.823    -6046.541        3.718    29.5
19.4750       -6042.813    -6046.558        3.745    29.7
19.4800       -6042.801    -6046.563        3.762    29.8
19.4850       -6042.789    -6046.563        3.774    29.9
19.4900       -6042.801    -6046.573        3.772    29.9
19.4950       -6042.789    -6046.613        3.824    30.3
19.5000       -6042.789    -6046.664        3.875    30.7
19.5050       -6042.791    -6046.688        3.897    30.9
19.5100       -6042.786    -6046.662        3.876    30.8
19.5150       -6042.781    -6046.601        3.821    30.3
19.5200       -6042.795    -6046.535        3.739    29.7
19.5250       -6042.784    -6046.492        3.708    29.4
19.5300       -6042.756    -6046.495        3.739    29.7
19.5350       -6042.759    -6046.539        3.780    30.0
19.5400       -6042.758    -6046.600        3.842    30.5
19.5450       -6042.780    -6046.640        3.860    30.6
19.5500       -6042.795    -6046.639        3.845    30.5
19.5550       -6042.750    -6046.607        3.857    30.6
19.5600       -6042.762    -6046.549        3.786    30.0
19.5650       -6042.778    -6046.494        3.716    29.5
19.5700       -6042.772    -6046.466        3.694    29.3
19.5750       -6042.772    -6046.472        3.700    29.4
19.5800       -6042.766    -6046.496        3.730    29.6
19.5850       -6042.757    -6046.504        3.747    29.7
19.5900       -6042.741    -6046.485        3.744    29.7
19.5950       -6042.726    -6046.462        3.736    29.6
19.6000       -6042.738    -6046.458        3.720    29.5
19.6050       -6042.753    -6046.490        3.737    29.6
19.6100       -6042.745    -6046.541        3.796    30.1
19.6150       -6042.728    -6046.580        3.852    30.6
19.6200       -6042.738    -6046.587        3.849    30.5
19.6250       -6042.736    -6046.548        3.812    30.2
19.6300       -6042.761    -6046.489        3.728    29.6
19.6350       -6042.765    -6046.449        3.684    29.2
19.6400       -6042.763    -6046.447        3.685    29.2
19.6450       -6042.775    -6046.481        3.706    29.4
19.6500       -6042.747    -6046.538        3.791    30.1
19.6550       -6042.711    -6046.582        3.871    30.7
19.6600       -6042.656    -6046.593        3.937    31.2
19.6650       -6042.687    -6046.566        3.879    30.8
19.6700       -6042.679    -6046.526        3.847    30.5
19.6750       -6042.711    -6046.500        3.790    30.1
19.6800       -6042.713    -6046.502        3.789    30.1
19.6850       -6042.741    -6046.530        3.789    30.1
19.6900       -6042.756    -6046.566        3.810    30.2
19.6950       -6042.772    -6046.587        3.816    30.3
19.7000       -6042.775    -6046.597        3.822    30.3
19.7050       -6042.748    -6046.596        3.848    30.5
19.7100       -6042.739    -6046.581        3.842    30.5
19.7150       -6042.756    -6046.557        3.801    30.2
19.7200       -6042.772    -6046.526        3.755    29.8
19.7250       -6042.772    -6046.492        3.720    29.5
19.7300       -6042.796    -6046.470        3.674    29.2
19.7350       -6042.787    -6046.482        3.695    29.3
19.7400       -6042.797    -6046.522        3.725    29.6
19.7450       -6042.820    -6046.575        3.755    29.8
19.7500       -6042.818    -6046.608        3.790    30.1
19.7550       -6042.821    -6046.604        3.783    30.0
19.7600       -6042.817    -6046.557        3.740    29.7
19.7650       -6042.820    -6046.498        3.678    29.2
19.7700       -6042.838    -6046.469        3.631    28.8
19.7750       -6042.836    -6046.494        3.658    29.0
19.7800       -6042.830    -6046.575        3.745    29.7
19.7850       -6042.814    -6046.673        3.859    30.6
19.7900       -6042.808    -6046.736        3.928    31.2
19.7950       -6042.789    -6046.730        3.940    31.3
19.8000       -6042.811    -6046.660        3.849    30.5
19.8050       -6042.865    -6046.565        3.700    29.4
19.8100       -6042.870    -6046.502        3.632    28.8
19.8150       -6042.867    -6046.501        3.635    28.8
19.8200       -6042.851    -6046.551        3.700    29.4
19.8250       -6042.856    -6046.613        3.757    29.8
19.8300       -6042.837    -6046.638        3.801    30.2
19.8350       -6042.843    -6046.614        3.771    29.9
19.8400       -6042.821    -6046.559        3.737    29.7
19.8450       -6042.814    -6046.506        3.692    29.3
19.8500       -6042.828    -6046.495        3.667    29.1
19.8550       -6042.825    -6046.527        3.702    29.4
19.8600       -6042.859    -6046.584        3.725    29.6
19.8650       -6042.849    -6046.626        3.777    30.0
19.8700       -6042.853    -6046.624        3.771    29.9
19.8750       -6042.890    -6046.585        3.694    29.3
19.8800       -6042.880    -6046.535        3.655    29.0
19.8850       -6042.869    -6046.506        3.638    28.9
19.8900       -6042.889    -6046.493        3.604    28.6
19.8950       -6042.876    -6046.492        3.616    28.7
19.9000       -6042.898    -6046.505        3.607    28.6
19.9050       -6042.882    -6046.538        3.656    29.0
19.9100       -6042.885    -6046.595        3.709    29.4
19.9150       -6042.878    -6046.660        3.782    30.0
19.9200       -6042.853    -6046.716        3.863    30.7
19.9250       -6042.825    -6046.750        3.925    31.1
19.9300       -6042.830    -6046.751        3.921    31.1
19.9350       -6042.822    -6046.727        3.905    31.0
19.9400       -6042.841    -6046.704        3.863    30.6
19.9450       -6042.829    -6046.697        3.868    30.7
19.9500       -6042.799    -6046.703        3.904    31.0
19.9550       -6042.798    -6046.705        3.907    31.0
19.9600       -6042.813    -6046.677        3.864    30.7
19.9650       -6042.813    -6046.619        3.806    30.2
19.9700       -6042.811    -6046.544        3.733    29.6
19.9750       -6042.836    -6046.490        3.654    29.0
19.9800       -6042.843    -6046.485        3.642    28.9
19.9850       -6042.817    -6046.537        3.720    29.5
19.9900       -6042.835    -6046.611        3.776    30.0
19.9950       -6042.837    -6046.662        3.825    30.3
20.0000       -6042.845    -6046.665        3.821    30.3
20.0050       -6042.859    -6046.636        3.777    30.0
20.0100       -6042.863    -6046.595        3.731    29.6
20.0150       -6042.890    -6046.571        3.680    29.2
20.0200       -6042.879    -6046.574        3.696    29.3
20.0250       -6042.891    -6046.602        3.711    29.4
20.0300       -6042.903    -6046.632        3.729    29.6
20.0350       -6042.864    -6046.640        3.776    30.0
20.0400       -6042.865    -6046.622        3.757    29.8
20.0450       -6042.819    -6046.583        3.765    29.9
20.0500       -6042.818    -6046.538        3.721    29.5
20.0550       -6042.799    -6046.498        3.698    29.3
20.0600       -6042.804    -6046.480        3.676    29.2
20.0650       -6042.788    -6046.482        3.694    29.3
20.0700       -6042.786    -6046.491        3.706    29.4
20.0750       -6042.785    -6046.504        3.719    29.5
20.0800       -6042.791    -6046.520        3.730    29.6
20.0850       -6042.810    -6046.541        3.730    29.6
20.0900       -6042.815    -6046.564        3.750    29.8
20.0950       -6042.821    -6046.596        3.775    30.0
20.1000       -6042.805    -6046.628        3.823    30.3
20.1050       -6042.796    -6046.657        3.861    30.6
20.1100       -6042.779    -6046.663        3.884    30.8
20.1150       -6042.753    -6046.638        3.886    30.8
20.1200       -6042.777    -6046.594        3.817    30.3
20.1250       -6042.757    -6046.553        3.796    30.1
20.1300       -6042.752    -6046.515        3.763    29.9
20.1350       -6042.797    -6046.481        3.684    29.2
20.1400       -6042.796    -6046.450        3.654    29.0
20.1450       -6042.789    -6046.425        3.636    28.9
20.1500       -6042.796    -6046.432        3.636    28.8
20.1550       -6042.790    -6046.483        3.693    29.3
20.1600       -6042.794    -6046.563        3.769    29.9
20.1650       -6042.817    -6046.639        3.822    30.3
20.1700       -6042.822    -6046.689        3.867    30.7
20.1750       -6042.837    -6046.707        3.870    30.7
20.1800       -6042.875    -6046.700        3.825    30.4
20.1850       -6042.876    -6046.681        3.804    30.2
20.1900       -6042.844    -6046.648        3.804    30.2
20.1950       -6042.843    -6046.609        3.767    29.9
20.2000       -6042.871    -6046.581        3.710    29.4
20.2050       -6042.840    -6046.571        3.730    29.6
20.2100       -6042.830    -6046.569        3.740    29.7
20.2150       -6042.866    -6046.572        3.706    29.4
20.2200       -6042.877    -6046.597        3.720    29.5
20.2250       -6042.857    -6046.645        3.788    30.1
20.2300       -6042.853    -6046.696        3.844    30.5
20.2350       -6042.849    -6046.719        3.870    30.7
20.2400       -6042.825    -6046.695        3.870    30.7
20.2450       -6042.817    -6046.631        3.815    30.3
20.2500       -6042.766    -6046.567        3.801    30.2
20.2550       -6042.765    -6046.540        3.774    29.9
20.2600       -6042.757    -6046.565        3.807    30.2
20.2650       -6042.769    -6046.623        3.854    30.6
20.2700       -6042.800    -6046.670        3.870    30.7
20.2750       -6042.811    -6046.676        3.865    30.7
20.2800       -6042.818    -6046.636        3.818    30.3
20.2850       -6042.843    -6046.564        3.721    29.5
20.2900       -6042.851    -6046.494        3.643    28.9
20.2950       -6042.831    -6046.458        3.626    28.8
20.3000       -6042.852    -6046.476        3.625    28.8
20.3050       -6042.856    -6046.528        3.672    29.1
20.3100       -6042.839    -6046.570        3.732    29.6
20.3150       -6042.831    -6046.578        3.746    29.7
20.3200       -6042.821    -6046.555        3.734    29.6
20.3250       -6042.829    -6046.519        3.690    29.3
20.3300       -6042.845    -6046.503        3.658    29.0
20.3350       -6042.828    -6046.523        3.695    29.3
20.3400       -6042.833    -6046.573        3.739    29.7
20.3450       -6042.846    -6046.613        3.767    29.9
20.3500       -6042.838    -6046.614        3.776    30.0
20.3550       -6042.837    -6046.576        3.739    29.7
20.3600       -6042.857    -6046.537        3.680    29.2
20.3650       -6042.839    -6046.527        3.687    29.3
20.3700       -6042.835    -6046.555        3.721    29.5
20.3750       -6042.840    -6046.605        3.765    29.9
20.3800       -6042.848    -6046.649        3.801    30.2
20.3850       -6042.802    -6046.664        3.861    30.6
20.3900       -6042.781    -6046.625        3.844    30.5
20.3950       -6042.768    -6046.568        3.801    30.2
20.4000       -6042.783    -6046.535        3.753    29.8
20.4050       -6042.794    -6046.544        3.750    29.8
20.4100       -6042.748    -6046.600        3.852    30.6
20.4150       -6042.725    -6046.676        3.951    31.3
20.4200       -6042.710    -6046.731        4.021    31.9
20.4250       -6042.728    -6046.738        4.010    31.8
20.4300       -6042.759    -6046.694        3.934    31.2
20.4350       -6042.756    -6046.622        3.866    30.7
20.4400       -6042.752    -6046.550        3.798    30.1
20.4450       -6042.736    -6046.499        3.762    29.9
20.4500       -6042.739    -6046.469        3.731    29.6
20.4550       -6042.751    -6046.459        3.708    29.4
20.4600       -6042.755    -6046.457        3.702    29.4
20.4650       -6042.768    -6046.466        3.699    29.3
20.4700       -6042.759    -6046.486        3.727    29.6
20.4750       -6042.739    -6046.514        3.776    30.0
20.4800       -6042.762    -6046.542        3.780    30.0
20.4850       -6042.758    -6046.557        3.799    30.1
20.4900       -6042.764    -6046.557        3.792    30.1
20.4950       -6042.774    -6046.555        3.781    30.0
20.5000       -6042.767    -6046.562        3.795    30.1
20.5050       -6042.743    -6046.579        3.836    30.4
20.5100       -6042.714    -6046.604        3.889    30.9
20.5150       -6042.712    -6046.623        3.912    31.0
20.5200       -6042.686    -6046.619        3.933    31.2
20.5250       -6042.694    -6046.580        3.887    30.8
20.5300       -6042.725    -6046.516        3.791    30.1
20.5350       -6042.728    -6046.463        3.735    29.6
20.5400       -6042.738    -6046.463        3.725    29.6
20.5450       -6042.728    -6046.507        3.779    30.0
20.5500       -6042.748    -6046.569        3.821    30.3
20.5550       -6042.735    -6046.628        3.893    30.9
20.5600       -6042.728    -6046.644        3.916    31.1
20.5650       -6042.728    -6046.611        3.884    30.8
20.5700       -6042.737    -6046.543        3.807    30.2
20.5750       -6042.740    -6046.474        3.734    29.6
20.5800       -6042.762    -6046.438        3.676    29.2
20.5850       -6042.750    -6046.455        3.704    29.4
20.5900       -6042.748    -6046.508        3.761    29.8
20.5950       -6042.746    -6046.564        3.818    30.3
20.6000       -6042.750    -6046.587        3.836    30.4
20.6050       -6042.752    -6046.574        3.822    30.3
20.6100       -6042.750    -6046.554        3.804    30.2
20.6150       -6042.736    -6046.552        3.816    30.3
20.6200       -6042.706    -6046.563        3.857    30.6
20.6250       -6042.687    -6046.575        3.889    30.9
20.6300       -6042.712    -6046.576        3.864    30.7
20.6350       -6042.723    -6046.563        3.840    30.5
20.6400       -6042.715    -6046.554        3.839    30.5
20.6450       -6042.721    -6046.559        3.838    30.5
20.6500       -6042.741    -6046.592        3.851    30.6
20.6550       -6042.734    -6046.653        3.919    31.1
20.6600       -6042.747    -6046.713        3.966    31.5
20.6650       -6042.749    -6046.733        3.985    31.6
20.6700       -6042.734    -6046.701        3.967    31.5
20.6750       -6042.700    -6046.622        3.922    31.1
20.6800       -6042.687    -6046.520        3.833    30.4
20.6850       -6042.656    -6046.443        3.787    30.1
20.6900       -6042.627    -6046.419        3.793    30.1
20.6950       -6042.637    -6046.441        3.804    30.2
20.7000       -6042.633    -6046.482        3.849    30.5
20.7050       -6042.630    -6046.512        3.881    30.8
20.7100       -6042.632    -6046.514        3.882    30.8
20.7150       -6042.618    -6046.488        3.870    30.7
20.7200       -6042.604    -6046.442        3.838    30.5
20.7250       -6042.612    -6046.376        3.763    29.9
20.7300       -6042.597    -6046.305        3.707    29.4
20.7350       -6042.524    -6046.250        3.726    29.6
20.7400       -6042.493    -6046.246        3.753    29.8
20.7450       -6042.479    -6046.308        3.829    30.4
20.7500       -6042.489    -6046.423        3.934    31.2
20.7550       -6042.489    -6046.539        4.050    32.1
20.7600       -6042.486    -6046.601        4.115    32.6
20.7650       -6042.496    -6046.586        4.090    32.5
20.7700       -6042.517    -6046.505        3.987    31.6
20.7750       -6042.511    -6046.403        3.891    30.9
20.7800       -6042.489    -6046.325        3.836    30.4
20.7850       -6042.525    -6046.302        3.777    30.0
20.7900       -6042.541    -6046.327        3.786    30.0
20.7950       -6042.553    -6046.368        3.815    30.3
20.8000       -6042.561    -6046.391        3.829    30.4
20.8050       -6042.574    -6046.387        3.813    30.3
20.8100       -6042.574    -6046.374        3.800    30.2
20.8150       -6042.564    -6046.378        3.814    30.3
20.8200       -6042.588    -6046.419        3.832    30.4
20.8250       -6042.561    -6046.491        3.930    31.2
20.8300       -6042.556    -6046.558        4.002    31.8
20.8350       -6042.581    -6046.579        3.999    31.7
20.8400       -6042.617    -6046.545        3.928    31.2
20.8450       -6042.634    -6046.478        3.844    30.5
20.8500       -6042.632    -6046.415        3.783    30.0
20.8550       -6042.606    -6046.400        3.793    30.1
20.8600       -6042.618    -6046.446        3.828    30.4
20.8650       -6042.597    -6046.527        3.930    31.2
20.8700       -6042.614    -6046.610        3.995    31.7
20.8750       -6042.646    -6046.660        4.014    31.9
20.8800       -6042.646    -6046.668        4.021    31.9
20.8850       -6042.669    -6046.643        3.974    31.5
20.8900       -6042.698    -6046.604        3.906    31.0
20.8950       -6042.705    -6046.569        3.864    30.7
20.9000       -6042.715    -6046.551        3.836    30.4
20.9050       -6042.719    -6046.544        3.825    30.3
20.9100       -6042.736    -6046.537        3.801    30.2
20.9150       -6042.693    -6046.517        3.823    30.3
20.9200       -6042.712    -6046.483        3.770    29.9
20.9250       -6042.699    -6046.449        3.750    29.8
20.9300       -6042.681    -6046.436        3.755    29.8
20.9350       -6042.693    -6046.431        3.738    29.7
20.9400       -6042.714    -6046.431        3.717    29.5
20.9450       -6042.703    -6046.438        3.735    29.6
20.9500       -6042.705    -6046.452        3.747    29.7
20.9550       -6042.700    -6046.473        3.773    29.9
20.9600       -6042.720    -6046.495        3.775    30.0
20.9650       -6042.711    -6046.511        3.799    30.1
20.9700       -6042.695    -6046.514        3.819    30.3
20.9750       -6042.685    -6046.509        3.824    30.3
20.9800       -6042.689    -6046.513        3.824    30.3
20.9850       -6042.696    -6046.519        3.823    30.3
20.9900       -6042.686    -6046.533        3.847    30.5
20.9950       -6042.695    -6046.535        3.840    30.5
21.0000       -6042.706    -6046.523        3.817    30.3
21.0050       -6042.689    -6046.512        3.823    30.3
21.0100       -6042.685    -6046.514        3.829    30.4
21.0150       -6042.691    -6046.527        3.836    30.4
21.0200       -6042.687    -6046.546        3.859    30.6
21.0250       -6042.690    -6046.547        3.856    30.6
21.0300       -6042.674    -6046.525        3.850    30.6
21.0350       -6042.668    -6046.477        3.809    30.2
21.0400       -6042.644    -6046.414        3.770    29.9
21.0450       -6042.669    -6046.364        3.695    29.3
21.0500       -6042.666    -6046.346        3.680    29.2
21.0550       -6042.638    -6046.369        3.732    29.6
21.0600       -6042.618    -6046.413        3.796    30.1
21.0650       -6042.632    -6046.458        3.826    30.4
21.0700       -6042.636    -6046.493        3.857    30.6
21.0750       -6042.655    -6046.518        3.863    30.7
21.0800       -6042.672    -6046.552        3.881    30.8
21.0850       -6042.685    -6046.604        3.919    31.1
21.0900       -6042.691    -6046.650        3.959    31.4
21.0950       -6042.698    -6046.654        3.955    31.4
21.1000       -6042.695    -6046.611        3.915    31.1
21.1050       -6042.699    -6046.539        3.840    30.5
21.1100       -6042.691    -6046.485        3.794    30.1
21.1150       -6042.705    -6046.486        3.781    30.0
21.1200       -6042.744    -6046.543        3.799    30.1
21.1250       -6042.734    -6046.629        3.895    30.9
21.1300       -6042.724    -6046.697        3.973    31.5
21.1350       -6042.708    -6046.701        3.992    31.7
21.1400       -6042.734    -6046.641        3.907    31.0
21.1450       -6042.705    -6046.557        3.852    30.6
21.1500       -6042.740    -6046.493        3.753    29.8
21.1550       -6042.724    -6046.485        3.760    29.8
21.1600       -6042.719    -6046.518        3.799    30.1
21.1650       -6042.739    -6046.546        3.806    30.2
21.1700       -6042.728    -6046.546        3.818    30.3
21.1750       -6042.708    -6046.514        3.806    30.2
21.1800       -6042.694    -6046.475        3.781    30.0
21.1850       -6042.715    -6046.461        3.745    29.7
21.1900       -6042.709    -6046.481        3.771    29.9
21.1950       -6042.685    -6046.513        3.828    30.4
21.2000       -6042.677    -6046.529        3.851    30.6
21.2050       -6042.677    -6046.506        3.830    30.4
21.2100       -6042.676    -6046.452        3.776    30.0
21.2150       -6042.662    -6046.391        3.729    29.6
21.2200       -6042.655    -6046.352        3.698    29.3
21.2250       -6042.651    -6046.353        3.702    29.4
21.2300       -6042.644    -6046.388        3.744    29.7
21.2350       -6042.659    -6046.445        3.787    30.0
21.2400       -6042.668    -6046.514        3.846    30.5
21.2450       -6042.688    -6046.566        3.877    30.8
21.2500       -6042.713    -6046.594        3.880    30.8
21.2550       -6042.702    -6046.601        3.899    30.9
21.2600       -6042.699    -6046.603        3.904    31.0
21.2650       -6042.736    -6046.608        3.872    30.7
21.2700       -6042.719    -6046.609        3.891    30.9
21.2750       -6042.719    -6046.607        3.888    30.9
21.2800       -6042.730    -6046.589        3.859    30.6
21.2850       -6042.725    -6046.549        3.825    30.3
21.2900       -6042.704    -6046.505        3.801    30.2
21.2950       -6042.697    -6046.469        3.772    29.9
21.3000       -6042.703    -6046.462        3.759    29.8
21.3050       -6042.720    -6046.481        3.761    29.8
21.3100       -6042.733    -6046.512        3.779    30.0
21.3150       -6042.736    -6046.531        3.795    30.1
21.3200       -6042.761    -6046.537        3.776    30.0
21.3250       -6042.770    -6046.534        3.764    29.9
21.3300       -6042.787    -6046.529        3.743    29.7
21.3350       -6042.760    -6046.527        3.767    29.9
21.3400       -6042.773    -6046.522        3.749    29.7
21.3450       -6042.786    -6046.513        3.727    29.6
21.3500       -6042.780    -6046.504        3.725    29.6
21.3550       -6042.770    -6046.523        3.753    29.8
21.3600       -6042.818    -6046.569        3.751    29.8
21.3650       -6042.834    -6046.630        3.796    30.1
21.3700       -6042.850    -6046.682        3.832    30.4
21.3750       -6042.894    -6046.706        3.812    30.2
21.3800       -6042.862    -6046.691        3.829    30.4
21.3850       -6042.859    -6046.652        3.792    30.1
21.3900       -6042.845    -6046.610        3.765    29.9
21.3950       -6042.834    -6046.594        3.761    29.8
21.4000       -6042.823    -6046.602        3.778    30.0
21.4050       -6042.814    -6046.617        3.803    30.2
21.4100       -6042.815    -6046.622        3.806    30.2
21.4150       -6042.884    -6046.602        3.719    29.5
21.4200       -6042.880    -6046.567        3.687    29.3
21.4250       -6042.844    -6046.527        3.682    29.2
21.4300       -6042.833    -6046.498        3.665    29.1
21.4350       -6042.839    -6046.494        3.655    29.0
21.4400       -6042.850    -6046.511        3.661    29.0
21.4450       -6042.836    -6046.535        3.699    29.4
21.4500       -6042.813    -6046.546        3.734    29.6
21.4550       -6042.795    -6046.539        3.743    29.7
21.4600       -6042.807    -6046.530        3.723    29.5
21.4650       -6042.786    -6046.535        3.749    29.7
21.4700       -6042.798    -6046.554        3.756    29.8
21.4750       -6042.790    -6046.569        3.779    30.0
21.4800       -6042.781    -6046.577        3.795    30.1
21.4850       -6042.781    -6046.565        3.784    30.0
21.4900       -6042.802    -6046.536        3.735    29.6
21.4950       -6042.814    -6046.513        3.699    29.3
21.5000       -6042.806    -6046.520        3.713    29.5
21.5050       -6042.807    -6046.564        3.757    29.8
21.5100       -6042.820    -6046.618        3.798    30.1
21.5150       -6042.831    -6046.665        3.833    30.4
21.5200       -6042.830    -6046.683        3.853    30.6
21.5250       -6042.861    -6046.673        3.812    30.2
21.5300       -6042.879    -6046.665        3.786    30.0
21.5350       -6042.847    -6046.666        3.818    30.3
21.5400       -6042.835    -6046.664        3.829    30.4
21.5450       -6042.848    -6046.647        3.799    30.1
21.5500       -6042.861    -6046.622        3.761    29.8
21.5550       -6042.896    -6046.598        3.702    29.4
21.5600       -6042.906    -6046.602        3.697    29.3
21.5650       -6042.892    -6046.626        3.734    29.6
21.5700       -6042.875    -6046.651        3.776    30.0
21.5750       -6042.887    -6046.663        3.776    30.0
21.5800       -6042.927    -6046.649        3.722    29.5
21.5850       -6042.931    -6046.623        3.692    29.3
21.5900       -6042.939    -6046.596        3.656    29.0
21.5950       -6042.943    -6046.586        3.643    28.9
21.6000       -6042.940    -6046.592        3.652    29.0
21.6050       -6042.920    -6046.590        3.671    29.1
21.6100       -6042.924    -6046.572        3.647    28.9
21.6150       -6042.906    -6046.541        3.635    28.8
21.6200       -6042.877    -6046.515        3.638    28.9
21.6250       -6042.876    -6046.512        3.636    28.8
21.6300       -6042.906    -6046.541        3.635    28.8
21.6350       -6042.910    -6046.600        3.690    29.3
21.6400       -6042.914    -6046.670        3.756    29.8
21.6450       -6042.875    -6046.721        3.846    30.5
21.6500       -6042.870    -6046.726        3.857    30.6
21.6550       -6042.860    -6046.692        3.832    30.4
21.6600       -6042.874    -6046.635        3.762    29.8
21.6650       -6042.854    -6046.593        3.739    29.7
21.6700       -6042.843    -6046.581        3.739    29.7
21.6750       -6042.837    -6046.609        3.772    29.9
21.6800       -6042.841    -6046.662        3.821    30.3
21.6850       -6042.893    -6046.717        3.824    30.3
21.6900       -6042.887    -6046.757        3.869    30.7
21.6950       -6042.903    -6046.767        3.864    30.7
21.7000       -6042.929    -6046.740        3.811    30.2
21.7050       -6042.898    -6046.687        3.789    30.1
21.7100       -6042.873    -6046.615        3.742    29.7
21.7150       -6042.896    -6046.549        3.653    29.0
21.7200       -6042.878    -6046.510        3.632    28.8
21.7250       -6042.862    -6046.504        3.642    28.9
21.7300       -6042.860    -6046.528        3.668    29.1
21.7350       -6042.891    -6046.566        3.674    29.2
21.7400       -6042.900    -6046.592        3.693    29.3
21.7450       -6042.904    -6046.611        3.708    29.4
21.7500       -6042.925    -6046.626        3.701    29.4
21.7550       -6042.929    -6046.641        3.711    29.4
21.7600       -6042.947    -6046.650        3.704    29.4
21.7650       -6042.943    -6046.649        3.706    29.4
21.7700       -6042.958    -6046.638        3.680    29.2
21.7750       -6042.931    -6046.620        3.689    29.3
21.7800       -6042.962    -6046.606        3.644    28.9
21.7850       -6042.964    -6046.596        3.632    28.8
21.7900       -6042.978    -6046.588        3.610    28.6
21.7950       -6042.970    -6046.586        3.616    28.7
21.8000       -6042.918    -6046.587        3.669    29.1
21.8050       -6042.945    -6046.598        3.653    29.0
21.8100       -6042.946    -6046.628        3.682    29.2
21.8150       -6042.936    -6046.672        3.736    29.6
21.8200       -6042.905    -6046.706        3.801    30.2
21.8250       -6042.879    -6046.698        3.819    30.3
21.8300       -6042.893    -6046.653        3.760    29.8
21.8350       -6042.912    -6046.608        3.697    29.3
21.8400       -6042.876    -6046.606        3.730    29.6
21.8450       -6042.839    -6046.654        3.815    30.3
21.8500       -6042.847    -6046.722        3.875    30.7
21.8550       -6042.890    -6046.772        3.882    30.8
21.8600       -6042.921    -6046.769        3.849    30.5
21.8650       -6042.904    -6046.715        3.811    30.2
21.8700       -6042.906    -6046.635        3.728    29.6
21.8750       -6042.904    -6046.567        3.664    29.1
21.8800       -6042.883    -6046.552        3.669    29.1
21.8850       -6042.904    -6046.588        3.684    29.2
21.8900       -6042.865    -6046.656        3.791    30.1
21.8950       -6042.838    -6046.715        3.878    30.8
21.9000       -6042.836    -6046.727        3.891    30.9
21.9050       -6042.835    -6046.694        3.859    30.6
21.9100       -6042.834    -6046.635        3.801    30.2
21.9150       -6042.818    -6046.584        3.766    29.9
21.9200       -6042.837    -6046.566        3.729    29.6
21.9250       -6042.842    -6046.572        3.730    29.6
21.9300       -6042.838    -6046.581        3.744    29.7
21.9350       -6042.828    -6046.565        3.738    29.7
21.9400       -6042.788    -6046.521        3.733    29.6
21.9450       -6042.771    -6046.470        3.699    29.3
21.9500       -6042.769    -6046.441        3.673    29.1
21.9550       -6042.787    -6046.452        3.665    29.1
21.9600       -6042.816    -6046.499        3.683    29.2
21.9650       -6042.806    -6046.548        3.742    29.7
21.9700       -6042.829    -6046.581        3.752    29.8
21.9750       -6042.830    -6046.579        3.750    29.8
21.9800       -6042.833    -6046.552        3.719    29.5
21.9850       -6042.837    -6046.532        3.694    29.3
21.9900       -6042.834    -6046.538        3.704    29.4
21.9950       -6042.848    -6046.587        3.739    29.7
22.0000       -6042.856    -6046.651        3.796    30.1
22.0050       -6042.830    -6046.692        3.863    30.6
22.0100       -6042.827    -6046.691        3.864    30.7
22.0150       -6042.848    -6046.649        3.801    30.2
22.0200       -6042.858    -6046.596        3.738    29.7
22.0250       -6042.816    -6046.566        3.750    29.8
22.0300       -6042.790    -6046.563        3.773    29.9
22.0350       -6042.786    -6046.576        3.790    30.1
22.0400       -6042.796    -6046.581        3.785    30.0
22.0450       -6042.800    -6046.572        3.772    29.9
22.0500       -6042.788    -6046.552        3.764    29.9
22.0550       -6042.786    -6046.534        3.748    29.7
22.0600       -6042.805    -6046.536        3.730    29.6
22.0650       -6042.820    -6046.555        3.735    29.6
22.0700       -6042.821    -6046.583        3.762    29.9
22.0750       -6042.789    -6046.600        3.810    30.2
22.0800       -6042.778    -6046.582        3.804    30.2
22.0850       -6042.753    -6046.534        3.782    30.0
22.0900       -6042.720    -6046.477        3.757    29.8
22.0950       -6042.717    -6046.440        3.724    29.5
22.1000       -6042.733    -6046.457        3.724    29.5
22.1050       -6042.747    -6046.523        3.776    30.0
22.1100       -6042.741    -6046.603        3.862    30.6
22.1150       -6042.762    -6046.644        3.882    30.8
22.1200       -6042.807    -6046.621        3.814    30.3
22.1250       -6042.819    -6046.555        3.737    29.7
22.1300       -6042.847    -6046.495        3.648    28.9
22.1350       -6042.862    -6046.474        3.612    28.7
22.1400       -6042.846    -6046.519        3.673    29.1
22.1450       -6042.866    -6046.595        3.729    29.6
22.1500       -6042.843    -6046.653        3.810    30.2
22.1550       -6042.852    -6046.656        3.804    30.2
22.1600       -6042.835    -6046.614        3.779    30.0
22.1650       -6042.843    -6046.559        3.717    29.5
22.1700       -6042.832    -6046.524        3.693    29.3
22.1750       -6042.835    -6046.535        3.700    29.4
22.1800       -6042.835    -6046.595        3.760    29.8
22.1850       -6042.806    -6046.680        3.874    30.7
22.1900       -6042.794    -6046.753        3.959    31.4
22.1950       -6042.794    -6046.769        3.975    31.5
22.2000       -6042.787    -6046.724        3.937    31.2
22.2050       -6042.836    -6046.645        3.809    30.2
22.2100       -6042.866    -6046.581        3.715    29.5
22.2150       -6042.870    -6046.556        3.686    29.2
22.2200       -6042.850    -6046.565        3.714    29.5
22.2250       -6042.827    -6046.589        3.762    29.9
22.2300       -6042.839    -6046.622        3.783    30.0
22.2350       -6042.839    -6046.658        3.820    30.3
22.2400       -6042.862    -6046.679        3.817    30.3
22.2450       -6042.888    -6046.679        3.791    30.1
22.2500       -6042.912    -6046.656        3.745    29.7
22.2550       -6042.920    -6046.633        3.713    29.5
22.2600       -6042.876    -6046.618        3.743    29.7
22.2650       -6042.869    -6046.613        3.744    29.7
22.2700       -6042.846    -6046.617        3.771    29.9
22.2750       -6042.843    -6046.627        3.784    30.0
22.2800       -6042.841    -6046.633        3.792    30.1
22.2850       -6042.851    -6046.627        3.776    30.0
22.2900       -6042.844    -6046.605        3.761    29.8
22.2950       -6042.841    -6046.558        3.717    29.5
22.3000       -6042.842    -6046.495        3.653    29.0
22.3050       -6042.822    -6046.443        3.621    28.7
22.3100       -6042.827    -6046.425        3.598    28.6
22.3150       -6042.804    -6046.439        3.635    28.8
22.3200       -6042.842    -6046.478        3.636    28.8
22.3250       -6042.884    -6046.538        3.653    29.0
22.3300       -6042.874    -6046.601        3.727    29.6
22.3350       -6042.857    -6046.648        3.791    30.1
22.3400       -6042.827    -6046.673        3.846    30.5
22.3450       -6042.844    -6046.667        3.823    30.3
22.3500       -6042.837    -6046.641        3.804    30.2
22.3550       -6042.840    -6046.609        3.769    29.9
22.3600       -6042.821    -6046.601        3.780    30.0
22.3650       -6042.834    -6046.605        3.772    29.9
22.3700       -6042.841    -6046.622        3.781    30.0
22.3750       -6042.815    -6046.642        3.826    30.4
22.3800       -6042.782    -6046.661        3.879    30.8
22.3850       -6042.775    -6046.675        3.901    31.0
22.3900       -6042.757    -6046.685        3.928    31.2
22.3950       -6042.813    -6046.690        3.877    30.8
22.4000       -6042.815    -6046.685        3.870    30.7
22.4050       -6042.794    -6046.672        3.878    30.8
22.4100       -6042.808    -6046.654        3.846    30.5
22.4150       -6042.825    -6046.630        3.804    30.2
22.4200       -6042.859    -6046.607        3.747    29.7
22.4250       -6042.869    -6046.595        3.726    29.6
22.4300       -6042.852    -6046.591        3.738    29.7
22.4350       -6042.881    -6046.580        3.699    29.3
22.4400       -6042.905    -6046.560        3.655    29.0
22.4450       -6042.898    -6046.539        3.641    28.9
22.4500       -6042.879    -6046.521        3.642    28.9
22.4550       -6042.886    -6046.523        3.636    28.9
22.4600       -6042.939    -6046.547        3.608    28.6
22.4650       -6042.922    -6046.584        3.661    29.1
22.4700       -6042.952    -6046.612        3.661    29.0
22.4750       -6042.942    -6046.622        3.679    29.2
22.4800       -6042.938    -6046.616        3.678    29.2
22.4850       -6042.924    -6046.612        3.689    29.3
22.4900       -6042.892    -6046.624        3.732    29.6
22.4950       -6042.898    -6046.656        3.758    29.8
22.5000       -6042.874    -6046.693        3.820    30.3
22.5050       -6042.857    -6046.717        3.860    30.6
22.5100       -6042.832    -6046.718        3.886    30.8
22.5150       -6042.861    -6046.684        3.823    30.3
22.5200       -6042.843    -6046.629        3.786    30.0
22.5250       -6042.856    -6046.574        3.719    29.5
22.5300       -6042.853    -6046.538        3.685    29.2
22.5350       -6042.871    -6046.524        3.653    29.0
22.5400       -6042.867    -6046.532        3.665    29.1
22.5450       -6042.887    -6046.547        3.661    29.0
22.5500       -6042.874    -6046.557        3.683    29.2
22.5550       -6042.852    -6046.548        3.696    29.3
22.5600       -6042.854    -6046.530        3.676    29.2
22.5650       -6042.812    -6046.529        3.717    29.5
22.5700       -6042.813    -6046.560        3.748    29.7
22.5750       -6042.807    -6046.624        3.817    30.3
22.5800       -6042.818    -6046.682        3.864    30.7
22.5850       -6042.845    -6046.703        3.858    30.6
22.5900       -6042.863    -6046.691        3.828    30.4
22.5950       -6042.917    -6046.657        3.740    29.7
22.6000       -6042.944    -6046.633        3.689    29.3
22.6050       -6042.961    -6046.646        3.685    29.2
22.6100       -6042.952    -6046.684        3.732    29.6
22.6150       -6042.923    -6046.726        3.804    30.2
22.6200       -6042.946    -6046.751        3.805    30.2
22.6250       -6042.922    -6046.752        3.830    30.4
22.6300       -6042.937    -6046.715        3.778    30.0
22.6350       -6042.962    -6046.643        3.681    29.2
22.6400       -6042.962    -6046.568        3.606    28.6
22.6450       -6042.941    -6046.516        3.575    28.4
22.6500       -6042.887    -6046.500        3.613    28.7
22.6550       -6042.895    -6046.542        3.647    28.9
22.6600       -6042.942    -6046.613        3.670    29.1
22.6650       -6042.920    -6046.680        3.761    29.8
22.6700       -6042.894    -6046.712        3.818    30.3
22.6750       -6042.864    -6046.694        3.829    30.4
22.6800       -6042.842    -6046.641        3.799    30.1
22.6850       -6042.862    -6046.587        3.725    29.6
22.6900       -6042.849    -6046.560        3.711    29.4
22.6950       -6042.848    -6046.561        3.713    29.5
22.7000       -6042.853    -6046.574        3.720    29.5
22.7050       -6042.868    -6046.592        3.724    29.5
22.7100       -6042.885    -6046.601        3.716    29.5
22.7150       -6042.902    -6046.587        3.685    29.2
22.7200       -6042.905    -6046.555        3.650    29.0
22.7250       -6042.901    -6046.532        3.631    28.8
22.7300       -6042.901    -6046.549        3.648    28.9
22.7350       -6042.911    -6046.606        3.695    29.3
22.7400       -6042.925    -6046.687        3.763    29.9
22.7450       -6042.908    -6046.755        3.847    30.5
22.7500       -6042.908    -6046.782        3.874    30.7
22.7550       -6042.946    -6046.760        3.815    30.3
22.7600       -6042.930    -6046.705        3.775    30.0
22.7650       -6042.914    -6046.649        3.735    29.6
22.7700       -6042.943    -6046.612        3.669    29.1
22.7750       -6042.939    -6046.610        3.672    29.1
22.7800       -6042.944    -6046.624        3.680    29.2
22.7850       -6042.927    -6046.640        3.713    29.5
22.7900       -6042.913    -6046.649        3.737    29.6
22.7950       -6042.907    -6046.645        3.738    29.7
22.8000       -6042.865    -6046.629        3.764    29.9
22.8050       -6042.871    -6046.610        3.739    29.7
22.8100       -6042.864    -6046.582        3.718    29.5
22.8150       -6042.844    -6046.556        3.712    29.5
22.8200       -6042.863    -6046.548        3.684    29.2
22.8250       -6042.879    -6046.566        3.688    29.3
22.8300       -6042.900    -6046.617        3.717    29.5
22.8350       -6042.925    -6046.683        3.758    29.8
22.8400       -6042.940    -6046.743        3.803    30.2
22.8450       -6042.941    -6046.769        3.828    30.4
22.8500       -6042.955    -6046.761        3.806    30.2
22.8550       -6042.922    -6046.723        3.800    30.2
22.8600       -6042.936    -6046.673        3.737    29.7
22.8650       -6042.946    -6046.623        3.676    29.2
22.8700       -6042.937    -6046.588        3.651    29.0
22.8750       -6042.945    -6046.576        3.631    28.8
22.8800       -6042.955    -6046.587        3.632    28.8
22.8850       -6042.948    -6046.615        3.666    29.1
22.8900       -6042.949    -6046.644        3.695    29.3
22.8950       -6042.951    -6046.674        3.723    29.5
22.9000       -6042.965    -6046.703        3.739    29.7
22.9050       -6042.945    -6046.720        3.775    30.0
22.9100       -6042.909    -6046.715        3.805    30.2
22.9150       -6042.881    -6046.680        3.799    30.1
22.9200       -6042.882    -6046.635        3.753    29.8
22.9250       -6042.892    -6046.592        3.700    29.4
22.9300       -6042.886    -6046.558        3.672    29.1
22.9350       -6042.909    -6046.532        3.623    28.8
22.9400       -6042.917    -6046.528        3.612    28.7
22.9450       -6042.902    -6046.529        3.627    28.8
22.9500       -6042.922    -6046.532        3.610    28.6
22.9550       -6042.927    -6046.541        3.613    28.7
22.9600       -6042.929    -6046.559        3.629    28.8
22.9650       -6042.921    -6046.574        3.653    29.0
22.9700       -6042.923    -6046.578        3.655    29.0
22.9750       -6042.901    -6046.570        3.669    29.1
22.9800       -6042.914    -6046.559        3.645    28.9
22.9850       -6042.911    -6046.550        3.639    28.9
22.9900       -6042.897    -6046.553        3.656    29.0
22.9950       -6042.906    -6046.570        3.664    29.1
23.0000       -6042.896    -6046.610        3.714    29.5
23.0050       -6042.907    -6046.667        3.760    29.8
23.0100       -6042.914    -6046.718        3.804    30.2
23.0150       -6042.960    -6046.747        3.787    30.0
23.0200       -6042.948    -6046.753        3.806    30.2
23.0250       -6042.965    -6046.744        3.779    30.0
23.0300       -6042.955    -6046.716        3.762    29.8
23.0350       -6042.955    -6046.686        3.731    29.6
23.0400       -6042.928    -6046.656        3.728    29.6
23.0450       -6042.940    -6046.631        3.691    29.3
23.0500       -6042.996    -6046.618        3.622    28.7
23.0550       -6042.991    -6046.637        3.646    28.9
23.0600       -6042.962    -6046.675        3.712    29.5
23.0650       -6042.948    -6046.705        3.758    29.8
23.0700       -6042.953    -6046.707        3.754    29.8
23.0750       -6042.944    -6046.670        3.727    29.6
23.0800       -6042.947    -6046.616        3.669    29.1
23.0850       -6042.937    -6046.577        3.640    28.9
23.0900       -6042.913    -6046.579        3.666    29.1
23.0950       -6042.915    -6046.627        3.712    29.5
23.1000       -6042.917    -6046.692        3.775    30.0
23.1050       -6042.917    -6046.725        3.808    30.2
23.1100       -6042.897    -6046.698        3.802    30.2
23.1150       -6042.891    -6046.626        3.735    29.6
23.1200       -6042.864    -6046.557        3.693    29.3
23.1250       -6042.839    -6046.534        3.695    29.3
23.1300       -6042.856    -6046.562        3.706    29.4
23.1350       -6042.855    -6046.619        3.764    29.9
23.1400       -6042.849    -6046.661        3.812    30.2
23.1450       -6042.831    -6046.644        3.813    30.3
23.1500       -6042.793    -6046.581        3.788    30.1
23.1550       -6042.815    -6046.505        3.690    29.3
23.1600       -6042.860    -6046.464        3.604    28.6
23.1650       -6042.833    -6046.495        3.662    29.1
23.1700       -6042.843    -6046.580        3.737    29.7
23.1750       -6042.853    -6046.667        3.814    30.3
23.1800       -6042.869    -6046.707        3.838    30.5
23.1850       -6042.830    -6046.681        3.851    30.6
23.1900       -6042.825    -6046.615        3.790    30.1
23.1950       -6042.811    -6046.552        3.741    29.7
23.2000       -6042.802    -6046.530        3.728    29.6
23.2050       -6042.801    -6046.546        3.744    29.7
23.2100       -6042.824    -6046.585        3.761    29.8
23.2150       -6042.829    -6046.615        3.785    30.0
23.2200       -6042.820    -6046.625        3.804    30.2
23.2250       -6042.799    -6046.620        3.821    30.3
23.2300       -6042.789    -6046.598        3.809    30.2
23.2350       -6042.780    -6046.572        3.792    30.1
23.2400       -6042.835    -6046.543        3.708    29.4
23.2450       -6042.805    -6046.519        3.714    29.5
23.2500       -6042.732    -6046.500        3.768    29.9
23.2550       -6042.730    -6046.478        3.748    29.7
23.2600       -6042.732    -6046.461        3.729    29.6
23.2650       -6042.709    -6046.461        3.752    29.8
23.2700       -6042.695    -6046.476        3.781    30.0
23.2750       -6042.730    -6046.492        3.761    29.8
23.2800       -6042.710    -6046.505        3.795    30.1
23.2850       -6042.687    -6046.514        3.827    30.4
23.2900       -6042.683    -6046.518        3.835    30.4
23.2950       -6042.677    -6046.527        3.850    30.6
23.3000       -6042.701    -6046.540        3.839    30.5
23.3050       -6042.712    -6046.554        3.842    30.5
23.3100       -6042.722    -6046.552        3.830    30.4
23.3150       -6042.717    -6046.544        3.826    30.4
23.3200       -6042.739    -6046.539        3.800    30.2
23.3250       -6042.681    -6046.560        3.879    30.8
23.3300       -6042.695    -6046.610        3.915    31.1
23.3350       -6042.679    -6046.673        3.994    31.7
23.3400       -6042.726    -6046.713        3.987    31.6
23.3450       -6042.715    -6046.714        3.998    31.7
23.3500       -6042.750    -6046.673        3.923    31.1
23.3550       -6042.735    -6046.612        3.877    30.8
23.3600       -6042.714    -6046.554        3.840    30.5
23.3650       -6042.717    -6046.508        3.791    30.1
23.3700       -6042.709    -6046.476        3.767    29.9
23.3750       -6042.734    -6046.460        3.726    29.6
23.3800       -6042.753    -6046.453        3.700    29.4
23.3850       -6042.714    -6046.450        3.736    29.6
23.3900       -6042.696    -6046.456        3.760    29.8
23.3950       -6042.685    -6046.467        3.782    30.0
23.4000       -6042.666    -6046.476        3.810    30.2
23.4050       -6042.687    -6046.494        3.807    30.2
23.4100       -6042.687    -6046.511        3.824    30.3
23.4150       -6042.681    -6046.511        3.830    30.4
23.4200       -6042.674    -6046.497        3.823    30.3
23.4250       -6042.687    -6046.472        3.786    30.0
23.4300       -6042.690    -6046.454        3.764    29.9
23.4350       -6042.687    -6046.453        3.766    29.9
23.4400       -6042.678    -6046.470        3.792    30.1
23.4450       -6042.682    -6046.501        3.819    30.3
23.4500       -6042.689    -6046.531        3.842    30.5
23.4550       -6042.673    -6046.549        3.876    30.8
23.4600       -6042.685    -6046.564        3.879    30.8
23.4650       -6042.685    -6046.575        3.890    30.9
23.4700       -6042.708    -6046.580        3.871    30.7
23.4750       -6042.700    -6046.581        3.881    30.8
23.4800       -6042.711    -6046.568        3.857    30.6
23.4850       -6042.734    -6046.552        3.818    30.3
23.4900       -6042.750    -6046.539        3.788    30.1
23.4950       -6042.753    -6046.547        3.794    30.1
23.5000       -6042.723    -6046.568        3.845    30.5
23.5050       -6042.735    -6046.577        3.842    30.5
23.5100       -6042.711    -6046.566        3.856    30.6
23.5150       -6042.720    -6046.536        3.816    30.3
23.5200       -6042.688    -6046.500        3.813    30.3
23.5250       -6042.717    -6046.471        3.753    29.8
23.5300       -6042.748    -6046.460        3.713    29.5
23.5350       -6042.709    -6046.474        3.765    29.9
23.5400       -6042.699    -6046.496        3.797    30.1
23.5450       -6042.679    -6046.520        3.841    30.5
23.5500       -6042.683    -6046.554        3.872    30.7
23.5550       -6042.665    -6046.594        3.929    31.2
23.5600       -6042.671    -6046.627        3.956    31.4
23.5650       -6042.716    -6046.638        3.922    31.1
23.5700       -6042.743    -6046.631        3.888    30.8
23.5750       -6042.736    -6046.603        3.867    30.7
23.5800       -6042.751    -6046.562        3.811    30.2
23.5850       -6042.737    -6046.524        3.788    30.1
23.5900       -6042.727    -6046.501        3.774    29.9
23.5950       -6042.722    -6046.508        3.786    30.0
23.6000       -6042.712    -6046.527        3.815    30.3
23.6050       -6042.722    -6046.539        3.817    30.3
23.6100       -6042.702    -6046.537        3.835    30.4
23.6150       -6042.696    -6046.523        3.827    30.4
23.6200       -6042.741    -6046.508        3.767    29.9
23.6250       -6042.728    -6046.535        3.807    30.2
23.6300       -6042.704    -6046.588        3.884    30.8
23.6350       -6042.701    -6046.644        3.943    31.3
23.6400       -6042.713    -6046.683        3.970    31.5
23.6450       -6042.727    -6046.677        3.950    31.3
23.6500       -6042.727    -6046.640        3.913    31.0
23.6550       -6042.713    -6046.592        3.879    30.8
23.6600       -6042.717    -6046.543        3.825    30.4
23.6650       -6042.724    -6046.506        3.783    30.0
23.6700       -6042.731    -6046.489        3.758    29.8
23.6750       -6042.790    -6046.493        3.703    29.4
23.6800       -6042.814    -6046.509        3.696    29.3
23.6850       -6042.798    -6046.514        3.716    29.5
23.6900       -6042.785    -6046.500        3.715    29.5
23.6950       -6042.792    -6046.483        3.692    29.3
23.7000       -6042.784    -6046.477        3.693    29.3
23.7050       -6042.818    -6046.500        3.682    29.2
23.7100       -6042.813    -6046.562        3.749    29.7
23.7150       -6042.804    -6046.639        3.834    30.4
23.7200       -6042.844    -6046.697        3.853    30.6
23.7250       -6042.868    -6046.718        3.850    30.6
23.7300       -6042.894    -6046.690        3.796    30.1
23.7350       -6042.874    -6046.621        3.747    29.7
23.7400       -6042.900    -6046.541        3.641    28.9
23.7450       -6042.913    -6046.495        3.583    28.4
23.7500       -6042.910    -6046.499        3.589    28.5
23.7550       -6042.942    -6046.531        3.590    28.5
23.7600       -6042.930    -6046.566        3.636    28.9
23.7650       -6042.888    -6046.591        3.703    29.4
23.7700       -6042.893    -6046.616        3.723    29.5
23.7750       -6042.919    -6046.636        3.717    29.5
23.7800       -6042.926    -6046.653        3.727    29.6
23.7850       -6042.923    -6046.664        3.741    29.7
23.7900       -6042.938    -6046.664        3.726    29.6
23.7950       -6042.999    -6046.656        3.657    29.0
23.8000       -6043.007    -6046.644        3.637    28.9
23.8050       -6043.015    -6046.641        3.626    28.8
23.8100       -6043.027    -6046.661        3.635    28.8
23.8150       -6043.022    -6046.715        3.694    29.3
23.8200       -6042.994    -6046.778        3.784    30.0
23.8250       -6042.992    -6046.812        3.820    30.3
23.8300       -6043.015    -6046.802        3.786    30.0
23.8350       -6042.996    -6046.739        3.743    29.7
23.8400       -6042.994    -6046.657        3.662    29.1
23.8450       -6043.018    -6046.596        3.578    28.4
23.8500       -6043.019    -6046.594        3.576    28.4
23.8550       -6043.021    -6046.651        3.630    28.8
23.8600       -6043.022    -6046.729        3.707    29.4
23.8650       -6043.012    -6046.783        3.771    29.9
23.8700       -6042.972    -6046.791        3.819    30.3
23.8750       -6042.983    -6046.760        3.776    30.0
23.8800       -6042.967    -6046.710        3.743    29.7
23.8850       -6042.949    -6046.668        3.719    29.5
23.8900       -6042.957    -6046.633        3.676    29.2
23.8950       -6042.977    -6046.606        3.629    28.8
23.9000       -6042.983    -6046.590        3.607    28.6
23.9050       -6042.964    -6046.591        3.627    28.8
23.9100       -6042.954    -6046.614        3.660    29.0
23.9150       -6042.959    -6046.644        3.685    29.2
23.9200       -6042.979    -6046.665        3.686    29.3
23.9250       -6042.970    -6046.667        3.697    29.3
23.9300       -6043.010    -6046.667        3.658    29.0
23.9350       -6043.040    -6046.673        3.633    28.8
23.9400       -6043.044    -6046.694        3.650    29.0
23.9450       -6043.055    -6046.728        3.673    29.1
23.9500       -6043.075    -6046.759        3.684    29.2
23.9550       -6043.100    -6046.778        3.677    29.2
23.9600       -6043.082    -6046.784        3.702    29.4
23.9650       -6043.085    -6046.774        3.688    29.3
23.9700       -6043.067    -6046.739        3.672    29.1
23.9750       -6043.064    -6046.695        3.631    28.8
23.9800       -6043.055    -6046.663        3.609    28.6
23.9850       -6043.079    -6046.659        3.580    28.4
23.9900       -6043.065    -6046.678        3.613    28.7
23.9950       -6043.063    -6046.705        3.642    28.9
24.0000       -6043.028    -6046.720        3.692    29.3
24.0050       -6043.024    -6046.702        3.678    29.2
24.0100       -6043.031    -6046.652        3.621    28.7
24.0150       -6043.030    -6046.594        3.564    28.3
24.0200       -6043.031    -6046.542        3.511    27.9
24.0250       -6043.002    -6046.519        3.517    27.9
24.0300       -6043.008    -6046.533        3.525    28.0
24.0350       -6043.031    -6046.581        3.550    28.2
24.0400       -6043.029    -6046.640        3.611    28.6
24.0450       -6043.014    -6046.695        3.681    29.2
24.0500       -6043.024    -6046.744        3.720    29.5
24.0550       -6043.011    -6046.777        3.766    29.9
24.0600       -6043.028    -6046.788        3.761    29.8
24.0650       -6043.000    -6046.772        3.772    29.9
24.0700       -6042.989    -6046.728        3.740    29.7
24.0750       -6043.011    -6046.668        3.657    29.0
24.0800       -6043.003    -6046.611        3.608    28.6
24.0850       -6042.989    -6046.592        3.603    28.6
24.0900       -6042.980    -6046.619        3.639    28.9
24.0950       -6042.969    -6046.660        3.691    29.3
24.1000       -6042.988    -6046.700        3.712    29.5
24.1050       -6042.992    -6046.712        3.720    29.5
24.1100       -6042.995    -6046.695        3.700    29.4
24.1150       -6042.995    -6046.658        3.663    29.1
24.1200       -6043.020    -6046.635        3.615    28.7
24.1250       -6043.009    -6046.640        3.631    28.8
24.1300       -6043.010    -6046.664        3.653    29.0
24.1350       -6043.003    -6046.693        3.689    29.3
24.1400       -6043.003    -6046.712        3.709    29.4
24.1450       -6042.994    -6046.720        3.726    29.6
24.1500       -6042.968    -6046.718        3.750    29.8
24.1550       -6042.950    -6046.701        3.752    29.8
24.1600       -6042.972    -6046.666        3.693    29.3
24.1650       -6042.958    -6046.628        3.669    29.1
24.1700       -6042.968    -6046.608        3.640    28.9
24.1750       -6043.000    -6046.611        3.611    28.7
24.1800       -6042.992    -6046.648        3.657    29.0
24.1850       -6042.975    -6046.701        3.726    29.6
24.1900       -6042.984    -6046.741        3.756    29.8
24.1950       -6042.979    -6046.746        3.767    29.9
24.2000       -6042.974    -6046.708        3.734    29.6
24.2050       -6042.933    -6046.658        3.724    29.6
24.2100       -6042.916    -6046.606        3.690    29.3
24.2150       -6042.919    -6046.560        3.641    28.9
24.2200       -6042.942    -6046.522        3.580    28.4
24.2250       -6042.935    -6046.504        3.570    28.3
24.2300       -6042.925    -6046.521        3.596    28.5
24.2350       -6042.924    -6046.564        3.639    28.9
24.2400       -6042.898    -6046.612        3.714    29.5
24.2450       -6042.914    -6046.647        3.732    29.6
24.2500       -6042.889    -6046.660        3.771    29.9
24.2550       -6042.896    -6046.660        3.763    29.9
24.2600       -6042.879    -6046.648        3.768    29.9
24.2650       -6042.893    -6046.634        3.741    29.7
24.2700       -6042.880    -6046.635        3.755    29.8
24.2750       -6042.836    -6046.638        3.802    30.2
24.2800       -6042.869    -6046.628        3.758    29.8
24.2850       -6042.893    -6046.605        3.712    29.5
24.2900       -6042.891    -6046.578        3.687    29.3
24.2950       -6042.908    -6046.550        3.642    28.9
24.3000       -6042.899    -6046.534        3.636    28.8
24.3050       -6042.918    -6046.547        3.629    28.8
24.3100       -6042.903    -6046.594        3.691    29.3
24.3150       -6042.926    -6046.648        3.722    29.5
24.3200       -6042.944    -6046.676        3.731    29.6
24.3250       -6042.964    -6046.662        3.697    29.3
24.3300       -6042.953    -6046.621        3.668    29.1
24.3350       -6042.953    -6046.584        3.632    28.8
24.3400       -6042.960    -6046.584        3.624    28.8
24.3450       -6042.960    -6046.622        3.661    29.1
24.3500       -6042.971    -6046.659        3.688    29.3
24.3550       -6042.942    -6046.676        3.734    29.6
24.3600       -6042.945    -6046.664        3.719    29.5
24.3650       -6042.936    -6046.626        3.690    29.3
24.3700       -6042.917    -6046.588        3.671    29.1
24.3750       -6042.924    -6046.582        3.657    29.0
24.3800       -6042.937    -6046.620        3.683    29.2
24.3850       -6042.947    -6046.678        3.731    29.6
24.3900       -6042.946    -6046.729        3.783    30.0
24.3950       -6042.920    -6046.756        3.835    30.4
24.4000       -6042.903    -6046.731        3.828    30.4
24.4050       -6042.923    -6046.678        3.755    29.8
24.4100       -6042.904    -6046.642        3.738    29.7
24.4150       -6042.917    -6046.640        3.723    29.5
24.4200       -6042.909    -6046.666        3.757    29.8
24.4250       -6042.874    -6046.693        3.819    30.3
24.4300       -6042.851    -6046.688        3.838    30.5
24.4350       -6042.828    -6046.653        3.826    30.4
24.4400       -6042.814    -6046.599        3.785    30.0
24.4450       -6042.825    -6046.550        3.725    29.6
24.4500       -6042.847    -6046.521        3.674    29.2
24.4550       -6042.875    -6046.520        3.644    28.9
24.4600       -6042.827    -6046.528        3.701    29.4
24.4650       -6042.828    -6046.532        3.703    29.4
24.4700       -6042.814    -6046.526        3.712    29.5
24.4750       -6042.841    -6046.516        3.674    29.2
24.4800       -6042.884    -6046.516        3.632    28.8
24.4850       -6042.904    -6046.531        3.627    28.8
24.4900       -6042.899    -6046.553        3.654    29.0
24.4950       -6042.887    -6046.569        3.683    29.2
24.5000       -6042.896    -6046.582        3.686    29.2
24.5050       -6042.917    -6046.600        3.683    29.2
24.5100       -6042.937    -6046.627        3.691    29.3
24.5150       -6042.918    -6046.655        3.737    29.6
24.5200       -6042.952    -6046.668        3.717    29.5
24.5250       -6042.931    -6046.656        3.725    29.6
24.5300       -6042.918    -6046.629        3.710    29.4
24.5350       -6042.925    -6046.600        3.675    29.2
24.5400       -6042.938    -6046.596        3.657    29.0
24.5450       -6042.933    -6046.608        3.675    29.2
24.5500       -6042.981    -6046.623        3.642    28.9
24.5550       -6042.971    -6046.627        3.656    29.0
24.5600       -6042.970    -6046.616        3.646    28.9
24.5650       -6042.967    -6046.606        3.639    28.9
24.5700       -6042.967    -6046.634        3.667    29.1
24.5750       -6042.997    -6046.707        3.710    29.4
24.5800       -6042.981    -6046.808        3.828    30.4
24.5850       -6042.966    -6046.905        3.940    31.3
24.5900       -6042.967    -6046.967        4.000    31.7
24.5950       -6042.983    -6046.968        3.986    31.6
24.6000       -6042.998    -6046.900        3.902    31.0
24.6050       -6043.038    -6046.794        3.756    29.8
24.6100       -6043.034    -6046.700        3.666    29.1
24.6150       -6043.029    -6046.655        3.626    28.8
24.6200       -6043.007    -6046.651        3.645    28.9
24.6250       -6043.000    -6046.667        3.667    29.1
24.6300       -6042.983    -6046.669        3.686    29.2
24.6350       -6042.958    -6046.652        3.694    29.3
24.6400       -6042.941    -6046.607        3.666    29.1
24.6450       -6042.970    -6046.554        3.583    28.4
24.6500       -6042.984    -6046.525        3.541    28.1
24.6550       -6043.005    -6046.545        3.540    28.1
24.6600       -6043.011    -6046.595        3.584    28.4
24.6650       -6042.982    -6046.656        3.674    29.2
24.6700       -6043.013    -6046.693        3.679    29.2
24.6750       -6042.983    -6046.698        3.716    29.5
24.6800       -6042.934    -6046.690        3.756    29.8
24.6850       -6042.945    -6046.677        3.732    29.6
24.6900       -6042.958    -6046.666        3.708    29.4
24.6950       -6042.903    -6046.654        3.752    29.8
24.7000       -6042.903    -6046.632        3.730    29.6
24.7050       -6042.884    -6046.604        3.720    29.5
24.7100       -6042.919    -6046.574        3.655    29.0
24.7150       -6042.918    -6046.548        3.630    28.8
24.7200       -6042.905    -6046.541        3.635    28.8
24.7250       -6042.901    -6046.558        3.657    29.0
24.7300       -6042.921    -6046.593        3.673    29.1
24.7350       -6042.935    -6046.641        3.706    29.4
24.7400       -6042.912    -6046.686        3.774    29.9
24.7450       -6042.907    -6046.707        3.800    30.2
24.7500       -6042.889    -6046.690        3.801    30.2
24.7550       -6042.896    -6046.656        3.760    29.8
24.7600       -6042.899    -6046.635        3.736    29.6
24.7650       -6042.891    -6046.624        3.733    29.6
24.7700       -6042.867    -6046.611        3.744    29.7
24.7750       -6042.890    -6046.592        3.702    29.4
24.7800       -6042.855    -6046.575        3.720    29.5
24.7850       -6042.886    -6046.572        3.686    29.3
24.7900       -6042.875    -6046.601        3.725    29.6
24.7950       -6042.864    -6046.647        3.783    30.0
24.8000       -6042.868    -6046.684        3.816    30.3
24.8050       -6042.877    -6046.689        3.812    30.3
24.8100       -6042.853    -6046.669        3.816    30.3
24.8150       -6042.859    -6046.637        3.779    30.0
24.8200       -6042.863    -6046.620        3.757    29.8
24.8250       -6042.898    -6046.628        3.730    29.6
24.8300       -6042.909    -6046.659        3.750    29.8
24.8350       -6042.893    -6046.698        3.805    30.2
24.8400       -6042.894    -6046.726        3.832    30.4
24.8450       -6042.919    -6046.727        3.807    30.2
24.8500       -6042.909    -6046.694        3.785    30.0
24.8550       -6042.916    -6046.643        3.727    29.6
24.8600       -6042.890    -6046.581        3.691    29.3
24.8650       -6042.883    -6046.539        3.655    29.0
24.8700       -6042.863    -6046.536        3.673    29.1
24.8750       -6042.876    -6046.570        3.694    29.3
24.8800       -6042.889    -6046.627        3.739    29.7
24.8850       -6042.847    -6046.676        3.829    30.4
24.8900       -6042.854    -6046.691        3.836    30.4
24.8950       -6042.822    -6046.679        3.857    30.6
24.9000       -6042.815    -6046.642        3.828    30.4
24.9050       -6042.789    -6046.587        3.798    30.1
24.9100       -6042.768    -6046.523        3.756    29.8
24.9150       -6042.774    -6046.477        3.703    29.4
24.9200       -6042.744    -6046.460        3.716    29.5
24.9250       -6042.745    -6046.481        3.736    29.6
24.9300       -6042.743    -6046.534        3.790    30.1
24.9350       -6042.757    -6046.579        3.822    30.3
24.9400       -6042.775    -6046.603        3.828    30.4
24.9450       -6042.772    -6046.604        3.832    30.4
24.9500       -6042.763    -6046.589        3.826    30.4
24.9550       -6042.777    -6046.573        3.795    30.1
24.9600       -6042.763    -6046.559        3.796    30.1
24.9650       -6042.728    -6046.536        3.808    30.2
24.9700       -6042.727    -6046.507        3.781    30.0
24.9750       -6042.736    -6046.489        3.753    29.8
24.9800       -6042.744    -6046.502        3.758    29.8
24.9850       -6042.705    -6046.538        3.834    30.4
24.9900       -6042.739    -6046.567        3.828    30.4
24.9950       -6042.759    -6046.573        3.813    30.3
25.0000       -6042.781    -6046.561        3.780    30.0
25.0050       -6042.789    -6046.537        3.747    29.7
25.0100       -6042.787    -6046.505        3.718    29.5
25.0150       -6042.803    -6046.480        3.677    29.2
25.0200       -6042.814    -6046.491        3.678    29.2
25.0250       -6042.827    -6046.539        3.712    29.5
25.0300       -6042.815    -6046.604        3.789    30.1
25.0350       -6042.819    -6046.649        3.830    30.4
25.0400       -6042.820    -6046.662        3.841    30.5
25.0450       -6042.840    -6046.657        3.818    30.3
25.0500       -6042.849    -6046.654        3.805    30.2
25.0550       -6042.842    -6046.654        3.812    30.2
25.0600       -6042.845    -6046.648        3.803    30.2
25.0650       -6042.884    -6046.617        3.733    29.6
25.0700       -6042.897    -6046.575        3.677    29.2
25.0750       -6042.879    -6046.547        3.668    29.1
25.0800       -6042.865    -6046.554        3.688    29.3
25.0850       -6042.851    -6046.596        3.745    29.7
25.0900       -6042.878    -6046.664        3.785    30.0
25.0950       -6042.870    -6046.722        3.852    30.6
25.1000       -6042.906    -6046.739        3.833    30.4
25.1050       -6042.906    -6046.714        3.808    30.2
25.1100       -6042.885    -6046.664        3.779    30.0
25.1150       -6042.899    -6046.605        3.707    29.4
25.1200       -6042.868    -6046.564        3.696    29.3
25.1250       -6042.848    -6046.548        3.700    29.4
25.1300       -6042.841    -6046.554        3.712    29.5
25.1350       -6042.828    -6046.566        3.738    29.7
25.1400       -6042.834    -6046.580        3.746    29.7
25.1450       -6042.827    -6046.592        3.764    29.9
25.1500       -6042.789    -6046.597        3.809    30.2
25.1550       -6042.797    -6046.592        3.795    30.1
25.1600       -6042.789    -6046.570        3.782    30.0
25.1650       -6042.794    -6046.536        3.742    29.7
25.1700       -6042.802    -6046.495        3.693    29.3
25.1750       -6042.762    -6046.459        3.697    29.3
25.1800       -6042.740    -6046.448        3.708    29.4
25.1850       -6042.759    -6046.466        3.707    29.4
25.1900       -6042.744    -6046.506        3.762    29.9
25.1950       -6042.753    -6046.554        3.801    30.2
25.2000       -6042.756    -6046.598        3.841    30.5
25.2050       -6042.789    -6046.631        3.842    30.5
25.2100       -6042.801    -6046.640        3.839    30.5
25.2150       -6042.812    -6046.624        3.812    30.2
25.2200       -6042.793    -6046.593        3.801    30.2
25.2250       -6042.807    -6046.559        3.752    29.8
25.2300       -6042.804    -6046.536        3.732    29.6
25.2350       -6042.803    -6046.530        3.728    29.6
25.2400       -6042.803    -6046.542        3.740    29.7
25.2450       -6042.794    -6046.567        3.772    29.9
25.2500       -6042.778    -6046.586        3.808    30.2
25.2550       -6042.756    -6046.597        3.841    30.5
25.2600       -6042.732    -6046.598        3.866    30.7
25.2650       -6042.717    -6046.576        3.859    30.6
25.2700       -6042.720    -6046.540        3.820    30.3
25.2750       -6042.726    -6046.506        3.780    30.0
25.2800       -6042.727    -6046.485        3.758    29.8
25.2850       -6042.747    -6046.485        3.738    29.7
25.2900       -6042.722    -6046.504        3.781    30.0
25.2950       -6042.721    -6046.531        3.810    30.2
25.3000       -6042.705    -6046.559        3.853    30.6
25.3050       -6042.694    -6046.580        3.886    30.8
25.3100       -6042.701    -6046.588        3.887    30.8
25.3150       -6042.676    -6046.587        3.911    31.0
25.3200       -6042.690    -6046.574        3.884    30.8
25.3250       -6042.694    -6046.563        3.870    30.7
25.3300       -6042.688    -6046.552        3.864    30.7
25.3350       -6042.672    -6046.531        3.859    30.6
25.3400       -6042.664    -6046.496        3.832    30.4
25.3450       -6042.649    -6046.438        3.789    30.1
25.3500       -6042.653    -6046.363        3.710    29.4
25.3550       -6042.653    -6046.297        3.644    28.9
25.3600       -6042.631    -6046.272        3.641    28.9
25.3650       -6042.593    -6046.304        3.711    29.4
25.3700       -6042.603    -6046.379        3.775    30.0
25.3750       -6042.572    -6046.463        3.890    30.9
25.3800       -6042.560    -6046.516        3.956    31.4
25.3850       -6042.572    -6046.510        3.938    31.2
25.3900       -6042.596    -6046.452        3.856    30.6
25.3950       -6042.588    -6046.384        3.796    30.1
25.4000       -6042.597    -6046.352        3.754    29.8
25.4050       -6042.607    -6046.386        3.779    30.0
25.4100       -6042.575    -6046.453        3.878    30.8
25.4150       -6042.564    -6046.515        3.951    31.4
25.4200       -6042.589    -6046.557        3.968    31.5
25.4250       -6042.595    -6046.573        3.978    31.6
25.4300       -6042.572    -6046.586        4.014    31.8
25.4350       -6042.563    -6046.591        4.028    32.0
25.4400       -6042.570    -6046.580        4.011    31.8
25.4450       -6042.599    -6046.553        3.954    31.4
25.4500       -6042.623    -6046.507        3.885    30.8
25.4550       -6042.654    -6046.453        3.799    30.1
25.4600       -6042.687    -6046.412        3.725    29.6
25.4650       -6042.683    -6046.403        3.720    29.5
25.4700       -6042.663    -6046.423        3.760    29.8
25.4750       -6042.661    -6046.451        3.790    30.1
25.4800       -6042.654    -6046.476        3.821    30.3
25.4850       -6042.657    -6046.489        3.832    30.4
25.4900       -6042.638    -6046.486        3.848    30.5
25.4950       -6042.631    -6046.476        3.845    30.5
25.5000       -6042.619    -6046.469        3.850    30.6
25.5050       -6042.621    -6046.471        3.850    30.6
25.5100       -6042.628    -6046.474        3.846    30.5
25.5150       -6042.612    -6046.484        3.872    30.7
25.5200       -6042.631    -6046.495        3.864    30.7
25.5250       -6042.626    -6046.511        3.884    30.8
25.5300       -6042.602    -6046.529        3.926    31.2
25.5350       -6042.606    -6046.547        3.941    31.3
25.5400       -6042.603    -6046.559        3.955    31.4
25.5450       -6042.598    -6046.568        3.971    31.5
25.5500       -6042.579    -6046.581        4.002    31.8
25.5550       -6042.605    -6046.579        3.974    31.5
25.5600       -6042.585    -6046.566        3.980    31.6
25.5650       -6042.592    -6046.539        3.947    31.3
25.5700       -6042.597    -6046.508        3.910    31.0
25.5750       -6042.572    -6046.483        3.911    31.0
25.5800       -6042.590    -6046.468        3.878    30.8
25.5850       -6042.595    -6046.455        3.859    30.6
25.5900       -6042.595    -6046.456        3.861    30.6
25.5950       -6042.588    -6046.464        3.875    30.8
25.6000       -6042.598    -6046.473        3.875    30.7
25.6050       -6042.603    -6046.478        3.875    30.7
25.6100       -6042.605    -6046.479        3.874    30.7
25.6150       -6042.615    -6046.487        3.872    30.7
25.6200       -6042.618    -6046.514        3.896    30.9
25.6250       -6042.625    -6046.545        3.920    31.1
25.6300       -6042.635    -6046.559        3.924    31.1
25.6350       -6042.636    -6046.550        3.915    31.1
25.6400       -6042.645    -6046.513        3.869    30.7
25.6450       -6042.613    -6046.456        3.843    30.5
25.6500       -6042.631    -6046.386        3.755    29.8
25.6550       -6042.618    -6046.330        3.712    29.5
25.6600       -6042.625    -6046.312        3.687    29.3
25.6650       -6042.628    -6046.331        3.703    29.4
25.6700       -6042.644    -6046.378        3.734    29.6
25.6750       -6042.668    -6046.437        3.769    29.9
25.6800       -6042.653    -6046.511        3.858    30.6
25.6850       -6042.611    -6046.590        3.979    31.6
25.6900       -6042.636    -6046.647        4.011    31.8
25.6950       -6042.613    -6046.659        4.046    32.1
25.7000       -6042.614    -6046.614        4.000    31.7
25.7050       -6042.590    -6046.528        3.938    31.2
25.7100       -6042.587    -6046.439        3.851    30.6
25.7150       -6042.591    -6046.390        3.799    30.1
25.7200       -6042.613    -6046.407        3.794    30.1
25.7250       -6042.599    -6046.473        3.875    30.7
25.7300       -6042.591    -6046.537        3.946    31.3
25.7350       -6042.609    -6046.553        3.944    31.3
25.7400       -6042.622    -6046.514        3.892    30.9
25.7450       -6042.652    -6046.454        3.802    30.2
25.7500       -6042.643    -6046.404        3.761    29.8
25.7550       -6042.654    -6046.380        3.726    29.6
25.7600       -6042.641    -6046.391        3.749    29.8
25.7650       -6042.647    -6046.410        3.762    29.9
25.7700       -6042.681    -6046.429        3.747    29.7
25.7750       -6042.696    -6046.441        3.745    29.7
25.7800       -6042.701    -6046.452        3.750    29.8
25.7850       -6042.653    -6046.473        3.820    30.3
25.7900       -6042.635    -6046.513        3.877    30.8
25.7950       -6042.626    -6046.561        3.936    31.2
25.8000       -6042.635    -6046.605        3.970    31.5
25.8050       -6042.650    -6046.611        3.961    31.4
25.8100       -6042.648    -6046.580        3.932    31.2
25.8150       -6042.655    -6046.523        3.868    30.7
25.8200       -6042.670    -6046.464        3.794    30.1
25.8250       -6042.684    -6046.425        3.741    29.7
25.8300       -6042.699    -6046.436        3.737    29.7
25.8350       -6042.749    -6046.487        3.738    29.7
25.8400       -6042.747    -6046.549        3.802    30.2
25.8450       -6042.756    -6046.595        3.839    30.5
25.8500       -6042.777    -6046.611        3.834    30.4
25.8550       -6042.800    -6046.599        3.798    30.1
25.8600       -6042.786    -6046.576        3.791    30.1
25.8650       -6042.753    -6046.553        3.800    30.2
25.8700       -6042.752    -6046.535        3.783    30.0
25.8750       -6042.764    -6046.539        3.775    30.0
25.8800       -6042.792    -6046.565        3.774    29.9
25.8850       -6042.787    -6046.606        3.819    30.3
25.8900       -6042.786    -6046.647        3.861    30.6
25.8950       -6042.761    -6046.669        3.908    31.0
25.9000       -6042.748    -6046.665        3.916    31.1
25.9050       -6042.739    -6046.632        3.893    30.9
25.9100       -6042.735    -6046.584        3.849    30.5
25.9150       -6042.740    -6046.533        3.792    30.1
25.9200       -6042.719    -6046.494        3.775    30.0
25.9250       -6042.678    -6046.476        3.797    30.1
25.9300       -6042.648    -6046.472        3.824    30.3
25.9350       -6042.646    -6046.472        3.826    30.4
25.9400       -6042.673    -6046.466        3.792    30.1
25.9450       -6042.683    -6046.457        3.774    29.9
25.9500       -6042.701    -6046.454        3.753    29.8
25.9550       -6042.703    -6046.476        3.773    29.9
25.9600       -6042.704    -6046.526        3.823    30.3
25.9650       -6042.719    -6046.571        3.852    30.6
25.9700       -6042.710    -6046.592        3.882    30.8
25.9750       -6042.731    -6046.572        3.841    30.5
25.9800       -6042.744    -6046.526        3.783    30.0
25.9850       -6042.755    -6046.478        3.723    29.5
25.9900       -6042.782    -6046.458        3.677    29.2
25.9950       -6042.757    -6046.484        3.727    29.6
26.0000       -6042.763    -6046.548        3.785    30.0
26.0050       -6042.753    -6046.611        3.859    30.6
26.0100       -6042.756    -6046.647        3.891    30.9
26.0150       -6042.771    -6046.641        3.870    30.7
26.0200       -6042.761    -6046.610        3.849    30.5
26.0250       -6042.745    -6046.575        3.830    30.4
26.0300       -6042.767    -6046.560        3.793    30.1
26.0350       -6042.771    -6046.581        3.810    30.2
26.0400       -6042.739    -6046.639        3.900    30.9
26.0450       -6042.734    -6046.699        3.965    31.5
26.0500       -6042.761    -6046.716        3.955    31.4
26.0550       -6042.784    -6046.686        3.903    31.0
26.0600       -6042.779    -6046.630        3.851    30.6
26.0650       -6042.768    -6046.577        3.808    30.2
26.0700       -6042.785    -6046.543        3.758    29.8
26.0750       -6042.793    -6046.540        3.747    29.7
26.0800       -6042.814    -6046.561        3.747    29.7
26.0850       -6042.816    -6046.595        3.779    30.0
26.0900       -6042.814    -6046.613        3.799    30.1
26.0950       -6042.812    -6046.597        3.785    30.0
26.1000       -6042.845    -6046.545        3.700    29.4
26.1050       -6042.853    -6046.482        3.630    28.8
26.1100       -6042.856    -6046.436        3.579    28.4
26.1150       -6042.854    -6046.423        3.569    28.3
26.1200       -6042.819    -6046.448        3.629    28.8
26.1250       -6042.831    -6046.491        3.659    29.0
26.1300       -6042.797    -6046.527        3.730    29.6
26.1350       -6042.794    -6046.546        3.752    29.8
26.1400       -6042.852    -6046.560        3.708    29.4
26.1450       -6042.860    -6046.581        3.721    29.5
26.1500       -6042.851    -6046.609        3.758    29.8
26.1550       -6042.878    -6046.640        3.762    29.9
26.1600       -6042.898    -6046.669        3.772    29.9
26.1650       -6042.886    -6046.687        3.801    30.2
26.1700       -6042.896    -6046.679        3.783    30.0
26.1750       -6042.915    -6046.646        3.731    29.6
26.1800       -6042.916    -6046.611        3.695    29.3
26.1850       -6042.902    -6046.602        3.699    29.4
26.1900       -6042.915    -6046.618        3.703    29.4
26.1950       -6042.923    -6046.663        3.739    29.7
26.2000       -6042.923    -6046.710        3.787    30.0
26.2050       -6042.951    -6046.726        3.775    30.0
26.2100       -6042.923    -6046.705        3.781    30.0
26.2150       -6042.896    -6046.663        3.767    29.9
26.2200       -6042.859    -6046.620        3.760    29.8
26.2250       -6042.856    -6046.600        3.744    29.7
26.2300       -6042.840    -6046.595        3.755    29.8
26.2350       -6042.841    -6046.591        3.750    29.8
26.2400       -6042.844    -6046.587        3.744    29.7
26.2450       -6042.876    -6046.581        3.706    29.4
26.2500       -6042.883    -6046.586        3.703    29.4
26.2550       -6042.883    -6046.597        3.714    29.5
26.2600       -6042.902    -6046.615        3.713    29.5
26.2650       -6042.910    -6046.624        3.715    29.5
26.2700       -6042.917    -6046.622        3.705    29.4
26.2750       -6042.916    -6046.616        3.700    29.4
26.2800       -6042.937    -6046.628        3.691    29.3
26.2850       -6042.962    -6046.662        3.700    29.4
26.2900       -6042.951    -6046.712        3.761    29.8
26.2950       -6042.937    -6046.756        3.819    30.3
26.3000       -6042.922    -6046.771        3.849    30.5
26.3050       -6042.921    -6046.749        3.828    30.4
26.3100       -6042.919    -6046.704        3.785    30.0
26.3150       -6042.926    -6046.668        3.743    29.7
26.3200       -6042.929    -6046.658        3.729    29.6
26.3250       -6042.939    -6046.675        3.737    29.6
26.3300       -6042.952    -6046.712        3.760    29.8
26.3350       -6042.939    -6046.726        3.787    30.1
26.3400       -6042.969    -6046.696        3.727    29.6
26.3450       -6042.961    -6046.630        3.670    29.1
26.3500       -6042.917    -6046.559        3.642    28.9
26.3550       -6042.915    -6046.520        3.605    28.6
26.3600       -6042.866    -6046.533        3.667    29.1
26.3650       -6042.843    -6046.584        3.742    29.7
26.3700       -6042.841    -6046.634        3.792    30.1
26.3750       -6042.837    -6046.639        3.802    30.2
26.3800       -6042.851    -6046.589        3.737    29.7
26.3850       -6042.815    -6046.508        3.694    29.3
26.3900       -6042.810    -6046.438        3.629    28.8
26.3950       -6042.840    -6046.427        3.587    28.5
26.4000       -6042.837    -6046.470        3.633    28.8
26.4050       -6042.813    -6046.540        3.727    29.6
26.4100       -6042.809    -6046.583        3.775    29.9
26.4150       -6042.828    -6046.588        3.760    29.8
26.4200       -6042.844    -6046.564        3.720    29.5
26.4250       -6042.839    -6046.544        3.706    29.4
26.4300       -6042.798    -6046.551        3.753    29.8
26.4350       -6042.795    -6046.572        3.778    30.0
26.4400       -6042.798    -6046.593        3.794    30.1
26.4450       -6042.793    -6046.605        3.812    30.2
26.4500       -6042.799    -6046.616        3.817    30.3
26.4550       -6042.764    -6046.630        3.865    30.7
26.4600       -6042.743    -6046.653        3.909    31.0
26.4650       -6042.741    -6046.679        3.938    31.2
26.4700       -6042.738    -6046.693        3.955    31.4
26.4750       -6042.740    -6046.674        3.934    31.2
26.4800       -6042.759    -6046.625        3.866    30.7
26.4850       -6042.778    -6046.565        3.787    30.0
26.4900       -6042.787    -6046.531        3.744    29.7
26.4950       -6042.776    -6046.532        3.755    29.8
26.5000       -6042.777    -6046.562        3.785    30.0
26.5050       -6042.758    -6046.595        3.837    30.4
26.5100       -6042.752    -6046.620        3.869    30.7
26.5150       -6042.743    -6046.618        3.875    30.7
26.5200       -6042.739    -6046.590        3.851    30.6
26.5250       -6042.750    -6046.550        3.799    30.1
26.5300       -6042.756    -6046.508        3.753    29.8
26.5350       -6042.742    -6046.483        3.741    29.7
26.5400       -6042.736    -6046.475        3.740    29.7
26.5450       -6042.740    -6046.475        3.735    29.6
26.5500       -6042.752    -6046.488        3.736    29.6
26.5550       -6042.765    -6046.516        3.751    29.8
26.5600       -6042.772    -6046.551        3.779    30.0
26.5650       -6042.764    -6046.580        3.816    30.3
26.5700       -6042.761    -6046.602        3.841    30.5
26.5750       -6042.761    -6046.610        3.850    30.5
26.5800       -6042.771    -6046.604        3.833    30.4
26.5850       -6042.781    -6046.592        3.811    30.2
26.5900       -6042.805    -6046.576        3.771    29.9
26.5950       -6042.814    -6046.556        3.741    29.7
26.6000       -6042.839    -6046.536        3.697    29.3
26.6050       -6042.826    -6046.520        3.694    29.3
26.6100       -6042.821    -6046.506        3.685    29.2
26.6150       -6042.808    -6046.504        3.696    29.3
26.6200       -6042.810    -6046.526        3.715    29.5
26.6250       -6042.808    -6046.561        3.753    29.8
26.6300       -6042.824    -6046.605        3.782    30.0
26.6350       -6042.806    -6046.646        3.841    30.5
26.6400       -6042.780    -6046.668        3.888    30.9
26.6450       -6042.786    -6046.670        3.884    30.8
26.6500       -6042.788    -6046.651        3.863    30.7
26.6550       -6042.773    -6046.628        3.855    30.6
26.6600       -6042.782    -6046.616        3.834    30.4
26.6650       -6042.760    -6046.620        3.860    30.6
26.6700       -6042.764    -6046.622        3.858    30.6
26.6750       -6042.756    -6046.601        3.845    30.5
26.6800       -6042.758    -6046.550        3.792    30.1
26.6850       -6042.750    -6046.482        3.732    29.6
26.6900       -6042.724    -6046.422        3.698    29.3
26.6950       -6042.691    -6046.391        3.700    29.4
26.7000       -6042.697    -6046.415        3.718    29.5
26.7050       -6042.669    -6046.490        3.821    30.3
26.7100       -6042.662    -6046.570        3.908    31.0
26.7150       -6042.657    -6046.612        3.956    31.4
26.7200       -6042.671    -6046.592        3.921    31.1
26.7250       -6042.678    -6046.522        3.845    30.5
26.7300       -6042.674    -6046.442        3.767    29.9
26.7350       -6042.633    -6046.405        3.772    29.9
26.7400       -6042.643    -6046.424        3.781    30.0
26.7450       -6042.627    -6046.481        3.855    30.6
26.7500       -6042.643    -6046.528        3.886    30.8
26.7550       -6042.643    -6046.520        3.877    30.8
26.7600       -6042.661    -6046.457        3.796    30.1
26.7650       -6042.671    -6046.377        3.706    29.4
26.7700       -6042.640    -6046.330        3.690    29.3
26.7750       -6042.655    -6046.352        3.697    29.3
26.7800       -6042.637    -6046.435        3.798    30.1
26.7850       -6042.596    -6046.541        3.946    31.3
26.7900       -6042.581    -6046.619        4.038    32.0
26.7950       -6042.605    -6046.637        4.032    32.0
26.8000       -6042.631    -6046.601        3.971    31.5
26.8050       -6042.624    -6046.543        3.919    31.1
26.8100       -6042.604    -6046.493        3.889    30.9
26.8150       -6042.604    -6046.463        3.858    30.6
26.8200       -6042.624    -6046.459        3.835    30.4
26.8250       -6042.657    -6046.473        3.815    30.3
26.8300       -6042.686    -6046.495        3.809    30.2
26.8350       -6042.711    -6046.517        3.805    30.2
26.8400       -6042.689    -6046.527        3.838    30.5
26.8450       -6042.692    -6046.530        3.838    30.5
26.8500       -6042.659    -6046.524        3.865    30.7
26.8550       -6042.672    -6046.507        3.835    30.4
26.8600       -6042.672    -6046.486        3.814    30.3
26.8650       -6042.681    -6046.475        3.794    30.1
26.8700       -6042.687    -6046.479        3.792    30.1
26.8750       -6042.685    -6046.494        3.809    30.2
26.8800       -6042.659    -6046.511        3.852    30.6
26.8850       -6042.661    -6046.519        3.857    30.6
26.8900       -6042.686    -6046.510        3.824    30.3
26.8950       -6042.671    -6046.501        3.830    30.4
26.9000       -6042.648    -6046.501        3.853    30.6
26.9050       -6042.669    -6046.506        3.837    30.4
26.9100       -6042.660    -6046.516        3.855    30.6
26.9150       -6042.672    -6046.522        3.849    30.5
26.9200       -6042.654    -6046.513        3.859    30.6
26.9250       -6042.670    -6046.486        3.816    30.3
26.9300       -6042.687    -6046.456        3.769    29.9
26.9350       -6042.709    -6046.432        3.724    29.5
26.9400       -6042.707    -6046.427        3.720    29.5
26.9450       -6042.690    -6046.446        3.756    29.8
26.9500       -6042.674    -6046.470        3.796    30.1
26.9550       -6042.691    -6046.484        3.793    30.1
26.9600       -6042.664    -6046.483        3.819    30.3
26.9650       -6042.683    -6046.468        3.785    30.0
26.9700       -6042.693    -6046.453        3.760    29.8
26.9750       -6042.699    -6046.450        3.752    29.8
26.9800       -6042.707    -6046.466        3.758    29.8
26.9850       -6042.723    -6046.498        3.776    30.0
26.9900       -6042.747    -6046.547        3.800    30.2
26.9950       -6042.759    -6046.596        3.836    30.4
27.0000       -6042.737    -6046.642        3.905    31.0
27.0050       -6042.735    -6046.670        3.936    31.2
27.0100       -6042.713    -6046.683        3.970    31.5
27.0150       -6042.685    -6046.693        4.007    31.8
27.0200       -6042.699    -6046.697        3.998    31.7
27.0250       -6042.712    -6046.682        3.971    31.5
27.0300       -6042.740    -6046.643        3.903    31.0
27.0350       -6042.728    -6046.585        3.857    30.6
27.0400       -6042.719    -6046.524        3.805    30.2
27.0450       -6042.720    -6046.470        3.750    29.8
27.0500       -6042.703    -6046.435        3.732    29.6
27.0550       -6042.685    -6046.419        3.734    29.6
27.0600       -6042.684    -6046.419        3.735    29.6
27.0650       -6042.654    -6046.430        3.776    30.0
27.0700       -6042.651    -6046.458        3.807    30.2
27.0750       -6042.638    -6046.503        3.864    30.7
27.0800       -6042.588    -6046.549        3.961    31.4
27.0850       -6042.558    -6046.578        4.020    31.9
27.0900       -6042.552    -6046.573        4.020    31.9
27.0950       -6042.563    -6046.549        3.986    31.6
27.1000       -6042.582    -6046.514        3.932    31.2
27.1050       -6042.578    -6046.472        3.894    30.9
27.1100       -6042.591    -6046.429        3.839    30.5
27.1150       -6042.577    -6046.407        3.830    30.4
27.1200       -6042.575    -6046.406        3.831    30.4
27.1250       -6042.601    -6046.412        3.811    30.2
27.1300       -6042.619    -6046.415        3.796    30.1
27.1350       -6042.631    -6046.399        3.768    29.9
27.1400       -6042.632    -6046.369        3.737    29.6
27.1450       -6042.658    -6046.350        3.691    29.3
27.1500       -6042.653    -6046.344        3.691    29.3
27.1550       -6042.686    -6046.359        3.673    29.1
27.1600       -6042.665    -6046.397        3.732    29.6
27.1650       -6042.696    -6046.437        3.741    29.7
27.1700       -6042.715    -6046.475        3.759    29.8
27.1750       -6042.715    -6046.498        3.782    30.0
27.1800       -6042.696    -6046.505        3.809    30.2
27.1850       -6042.707    -6046.501        3.794    30.1
27.1900       -6042.718    -6046.505        3.787    30.1
27.1950       -6042.725    -6046.529        3.804    30.2
27.2000       -6042.693    -6046.566        3.873    30.7
27.2050       -6042.684    -6046.603        3.918    31.1
27.2100       -6042.711    -6046.607        3.896    30.9
27.2150       -6042.689    -6046.589        3.900    30.9
27.2200       -6042.688    -6046.572        3.884    30.8
27.2250       -6042.692    -6046.568        3.876    30.8
27.2300       -6042.692    -6046.585        3.893    30.9
27.2350       -6042.700    -6046.621        3.921    31.1
27.2400       -6042.712    -6046.654        3.942    31.3
27.2450       -6042.684    -6046.674        3.990    31.7
27.2500       -6042.721    -6046.665        3.944    31.3
27.2550       -6042.709    -6046.624        3.915    31.1
27.2600       -6042.757    -6046.572        3.815    30.3
27.2650       -6042.754    -6046.533        3.779    30.0
27.2700       -6042.759    -6046.523        3.764    29.9
27.2750       -6042.774    -6046.538        3.764    29.9
27.2800       -6042.788    -6046.570        3.783    30.0
27.2850       -6042.773    -6046.600        3.826    30.4
27.2900       -6042.755    -6046.614        3.859    30.6
27.2950       -6042.765    -6046.609        3.844    30.5
27.3000       -6042.772    -6046.577        3.805    30.2
27.3050       -6042.740    -6046.527        3.787    30.1
27.3100       -6042.745    -6046.481        3.735    29.6
27.3150       -6042.739    -6046.460        3.722    29.5
27.3200       -6042.722    -6046.475        3.753    29.8
27.3250       -6042.711    -6046.525        3.814    30.3
27.3300       -6042.731    -6046.583        3.852    30.6
27.3350       -6042.706    -6046.619        3.913    31.0
27.3400       -6042.710    -6046.607        3.896    30.9
27.3450       -6042.725    -6046.549        3.824    30.3
27.3500       -6042.732    -6046.474        3.741    29.7
27.3550       -6042.719    -6046.413        3.693    29.3
27.3600       -6042.708    -6046.393        3.685    29.2
27.3650       -6042.715    -6046.407        3.692    29.3
27.3700       -6042.720    -6046.440        3.720    29.5
27.3750       -6042.713    -6046.476        3.763    29.9
27.3800       -6042.685    -6046.506        3.822    30.3
27.3850       -6042.669    -6046.516        3.848    30.5
27.3900       -6042.690    -6046.505        3.815    30.3
27.3950       -6042.689    -6046.487        3.798    30.1
27.4000       -6042.691    -6046.483        3.792    30.1
27.4050       -6042.690    -6046.511        3.821    30.3
27.4100       -6042.687    -6046.557        3.870    30.7
27.4150       -6042.710    -6046.606        3.896    30.9
27.4200       -6042.698    -6046.640        3.943    31.3
27.4250       -6042.707    -6046.652        3.945    31.3
27.4300       -6042.695    -6046.650        3.954    31.4
27.4350       -6042.736    -6046.630        3.893    30.9
27.4400       -6042.766    -6046.603        3.837    30.4
27.4450       -6042.756    -6046.572        3.816    30.3
27.4500       -6042.739    -6046.540        3.801    30.2
27.4550       -6042.733    -6046.528        3.795    30.1
27.4600       -6042.704    -6046.531        3.827    30.4
27.4650       -6042.720    -6046.534        3.813    30.3
27.4700       -6042.707    -6046.521        3.814    30.3
27.4750       -6042.688    -6046.498        3.811    30.2
27.4800       -6042.675    -6046.475        3.800    30.2
27.4850       -6042.652    -6046.456        3.804    30.2
27.4900       -6042.651    -6046.461        3.810    30.2
27.4950       -6042.671    -6046.486        3.815    30.3
27.5000       -6042.637    -6046.506        3.869    30.7
27.5050       -6042.642    -6046.498        3.857    30.6
27.5100       -6042.646    -6046.452        3.806    30.2
27.5150       -6042.649    -6046.381        3.732    29.6
27.5200       -6042.620    -6046.333        3.713    29.5
27.5250       -6042.591    -6046.356        3.765    29.9
27.5300       -6042.570    -6046.442        3.872    30.7
27.5350       -6042.558    -6046.547        3.989    31.7
27.5400       -6042.544    -6046.604        4.060    32.2
27.5450       -6042.526    -6046.590        4.063    32.2
27.5500       -6042.560    -6046.513        3.953    31.4
27.5550       -6042.567    -6046.424        3.857    30.6
27.5600       -6042.572    -6046.381        3.809    30.2
27.5650       -6042.581    -6046.401        3.820    30.3
27.5700       -6042.578    -6046.465        3.887    30.8
27.5750       -6042.556    -6046.530        3.974    31.5
27.5800       -6042.567    -6046.555        3.988    31.6
27.5850       -6042.581    -6046.529        3.948    31.3
27.5900       -6042.588    -6046.465        3.877    30.8
27.5950       -6042.616    -6046.401        3.785    30.0
27.6000       -6042.617    -6046.369        3.752    29.8
27.6050       -6042.597    -6046.381        3.784    30.0
27.6100       -6042.589    -6046.413        3.825    30.3
27.6150       -6042.597    -6046.446        3.848    30.5
27.6200       -6042.606    -6046.469        3.863    30.7
27.6250       -6042.585    -6046.485        3.900    30.9
27.6300       -6042.544    -6046.494        3.950    31.3
27.6350       -6042.558    -6046.503        3.944    31.3
27.6400       -6042.542    -6046.506        3.963    31.4
27.6450       -6042.560    -6046.495        3.936    31.2
27.6500       -6042.598    -6046.478        3.880    30.8
27.6550       -6042.567    -6046.473        3.906    31.0
27.6600       -6042.563    -6046.479        3.916    31.1
27.6650       -6042.574    -6046.487        3.913    31.0
27.6700       -6042.597    -6046.489        3.893    30.9
27.6750       -6042.606    -6046.488        3.882    30.8
27.6800       -6042.614    -6046.483        3.870    30.7
27.6850       -6042.612    -6046.485        3.873    30.7
27.6900       -6042.640    -6046.490        3.850    30.5
27.6950       -6042.654    -6046.495        3.840    30.5
27.7000       -6042.649    -6046.487        3.839    30.5
27.7050       -6042.612    -6046.460        3.848    30.5
27.7100       -6042.603    -6046.405        3.802    30.2
27.7150       -6042.617    -6046.354        3.737    29.6
27.7200       -6042.606    -6046.347        3.741    29.7
27.7250       -6042.611    -6046.397        3.786    30.0
27.7300       -6042.618    -6046.490        3.872    30.7
27.7350       -6042.605    -6046.577        3.972    31.5
27.7400       -6042.610    -6046.609        3.999    31.7
27.7450       -6042.612    -6046.579        3.966    31.5
27.7500       -6042.616    -6046.508        3.891    30.9
27.7550       -6042.651    -6046.448        3.797    30.1
27.7600       -6042.646    -6046.435        3.789    30.1
27.7650       -6042.632    -6046.461        3.829    30.4
27.7700       -6042.635    -6046.492        3.857    30.6
27.7750       -6042.641    -6046.505        3.864    30.7
27.7800       -6042.643    -6046.498        3.855    30.6
27.7850       -6042.619    -6046.488        3.869    30.7
27.7900       -6042.624    -6046.494        3.869    30.7
27.7950       -6042.626    -6046.510        3.884    30.8
27.8000       -6042.629    -6046.515        3.886    30.8
27.8050       -6042.626    -6046.486        3.860    30.6
27.8100       -6042.613    -6046.432        3.818    30.3
27.8150       -6042.635    -6046.380        3.745    29.7
27.8200       -6042.629    -6046.366        3.737    29.7
27.8250       -6042.643    -6046.399        3.756    29.8
27.8300       -6042.654    -6046.464        3.809    30.2
27.8350       -6042.648    -6046.533        3.885    30.8
27.8400       -6042.702    -6046.584        3.882    30.8
27.8450       -6042.685    -6046.615        3.930    31.2
27.8500       -6042.682    -6046.621        3.939    31.3
27.8550       -6042.660    -6046.603        3.943    31.3
27.8600       -6042.645    -6046.574        3.929    31.2
27.8650       -6042.637    -6046.544        3.907    31.0
27.8700       -6042.624    -6046.515        3.891    30.9
27.8750       -6042.628    -6046.486        3.858    30.6
27.8800       -6042.657    -6046.461        3.804    30.2
27.8850       -6042.684    -6046.449        3.765    29.9
27.8900       -6042.715    -6046.465        3.750    29.8
27.8950       -6042.684    -6046.502        3.819    30.3
27.9000       -6042.656    -6046.529        3.873    30.7
27.9050       -6042.654    -6046.516        3.862    30.6
27.9100       -6042.656    -6046.467        3.811    30.2
27.9150       -6042.632    -6046.408        3.776    30.0
27.9200       -6042.631    -6046.376        3.745    29.7
27.9250       -6042.634    -6046.394        3.760    29.8
27.9300       -6042.639    -6046.447        3.808    30.2
27.9350       -6042.646    -6046.510        3.864    30.7
27.9400       -6042.692    -6046.559        3.867    30.7
27.9450       -6042.671    -6046.578        3.907    31.0
27.9500       -6042.687    -6046.562        3.875    30.7
27.9550       -6042.698    -6046.514        3.816    30.3
27.9600       -6042.674    -6046.457        3.783    30.0
27.9650       -6042.676    -6046.422        3.746    29.7
27.9700       -6042.704    -6046.435        3.731    29.6
27.9750       -6042.691    -6046.493        3.801    30.2
27.9800       -6042.668    -6046.563        3.895    30.9
27.9850       -6042.670    -6046.607        3.937    31.2
27.9900       -6042.637    -6046.614        3.977    31.6
27.9950       -6042.641    -6046.592        3.952    31.4
28.0000       -6042.603    -6046.564        3.961    31.4
28.0050       -6042.574    -6046.542        3.969    31.5
28.0100       -6042.571    -6046.518        3.947    31.3
28.0150       -6042.578    -6046.482        3.904    31.0
28.0200       -6042.579    -6046.441        3.862    30.6
28.0250       -6042.602    -6046.409        3.807    30.2
28.0300       -6042.609    -6046.389        3.780    30.0
28.0350       -6042.609    -6046.386        3.777    30.0
28.0400       -6042.572    -6046.407        3.834    30.4
28.0450       -6042.596    -6046.452        3.856    30.6
28.0500       -6042.593    -6046.516        3.922    31.1
28.0550       -6042.603    -6046.567        3.964    31.5
28.0600       -6042.598    -6046.588        3.991    31.7
28.0650       -6042.618    -6046.570        3.951    31.4
28.0700       -6042.621    -6046.522        3.901    31.0
28.0750       -6042.598    -6046.478        3.881    30.8
28.0800       -6042.610    -6046.472        3.862    30.6
28.0850       -6042.608    -6046.485        3.878    30.8
28.0900       -6042.640    -6046.495        3.855    30.6
28.0950       -6042.610    -6046.485        3.875    30.7
28.1000       -6042.609    -6046.469        3.860    30.6
28.1050       -6042.576    -6046.449        3.873    30.7
28.1100       -6042.584    -6046.445        3.861    30.6
28.1150       -6042.612    -6046.454        3.842    30.5
28.1200       -6042.619    -6046.470        3.851    30.6
28.1250       -6042.650    -6046.475        3.825    30.4
28.1300       -6042.625    -6046.459        3.835    30.4
28.1350       -6042.609    -6046.426        3.817    30.3
28.1400       -6042.629    -6046.387        3.757    29.8
28.1450       -6042.641    -6046.364        3.724    29.5
28.1500       -6042.668    -6046.374        3.706    29.4
28.1550       -6042.666    -6046.411        3.745    29.7
28.1600       -6042.665    -6046.472        3.807    30.2
28.1650       -6042.674    -6046.532        3.858    30.6
28.1700       -6042.725    -6046.576        3.851    30.6
28.1750       -6042.774    -6046.596        3.822    30.3
28.1800       -6042.772    -6046.592        3.820    30.3
28.1850       -6042.779    -6046.574        3.794    30.1
28.1900       -6042.772    -6046.549        3.776    30.0
28.1950       -6042.753    -6046.531        3.778    30.0
28.2000       -6042.740    -6046.539        3.799    30.1
28.2050       -6042.732    -6046.576        3.844    30.5
28.2100       -6042.702    -6046.628        3.926    31.2
28.2150       -6042.667    -6046.655        3.989    31.6
28.2200       -6042.655    -6046.630        3.974    31.5
28.2250       -6042.680    -6046.564        3.883    30.8
28.2300       -6042.692    -6046.496        3.804    30.2
28.2350       -6042.674    -6046.463        3.789    30.1
28.2400       -6042.666    -6046.487        3.821    30.3
28.2450       -6042.632    -6046.549        3.917    31.1
28.2500       -6042.657    -6046.604        3.948    31.3
28.2550       -6042.616    -6046.625        4.008    31.8
28.2600       -6042.610    -6046.592        3.982    31.6
28.2650       -6042.579    -6046.526        3.948    31.3
28.2700       -6042.576    -6046.466        3.891    30.9
28.2750       -6042.546    -6046.434        3.888    30.9
28.2800       -6042.564    -6046.431        3.867    30.7
28.2850       -6042.583    -6046.435        3.852    30.6
28.2900       -6042.588    -6046.416        3.828    30.4
28.2950       -6042.577    -6046.359        3.781    30.0
28.3000       -6042.566    -6046.292        3.726    29.6
28.3050       -6042.551    -6046.259        3.707    29.4
28.3100       -6042.561    -6046.284        3.723    29.5
28.3150       -6042.568    -6046.352        3.783    30.0
28.3200       -6042.571    -6046.432        3.861    30.6
28.3250       -6042.584    -6046.485        3.901    31.0
28.3300       -6042.584    -6046.497        3.913    31.1
28.3350       -6042.573    -6046.486        3.913    31.1
28.3400       -6042.598    -6046.478        3.881    30.8
28.3450       -6042.631    -6046.493        3.862    30.6
28.3500       -6042.637    -6046.533        3.896    30.9
28.3550       -6042.648    -6046.564        3.916    31.1
28.3600       -6042.620    -6046.554        3.934    31.2
28.3650       -6042.604    -6046.499        3.896    30.9
28.3700       -6042.588    -6046.432        3.844    30.5
28.3750       -6042.617    -6046.390        3.773    29.9
28.3800       -6042.608    -6046.403        3.795    30.1
28.3850       -6042.620    -6046.461        3.841    30.5
28.3900       -6042.633    -6046.530        3.897    30.9
28.3950       -6042.633    -6046.584        3.951    31.4
28.4000       -6042.633    -6046.592        3.959    31.4
28.4050       -6042.647    -6046.564        3.917    31.1
28.4100       -6042.678    -6046.542        3.865    30.7
28.4150       -6042.667    -6046.551        3.883    30.8
28.4200       -6042.677    -6046.576        3.899    30.9
28.4250       -6042.666    -6046.600        3.934    31.2
28.4300       -6042.651    -6046.593        3.942    31.3
28.4350       -6042.674    -6046.548        3.874    30.7
28.4400       -6042.683    -6046.481        3.798    30.1
28.4450       -6042.676    -6046.432        3.756    29.8
28.4500       -6042.681    -6046.412        3.731    29.6
28.4550       -6042.684    -6046.428        3.743    29.7
28.4600       -6042.688    -6046.471        3.783    30.0
28.4650       -6042.670    -6046.525        3.855    30.6
28.4700       -6042.683    -6046.570        3.887    30.8
28.4750       -6042.657    -6046.578        3.920    31.1
28.4800       -6042.665    -6046.532        3.867    30.7
28.4850       -6042.681    -6046.455        3.774    29.9
28.4900       -6042.722    -6046.377        3.655    29.0
28.4950       -6042.665    -6046.348        3.683    29.2
28.5000       -6042.662    -6046.380        3.718    29.5
28.5050       -6042.628    -6046.457        3.829    30.4
28.5100       -6042.585    -6046.544        3.959    31.4
28.5150       -6042.588    -6046.602        4.014    31.9
28.5200       -6042.576    -6046.606        4.030    32.0
28.5250       -6042.584    -6046.556        3.972    31.5
28.5300       -6042.547    -6046.478        3.931    31.2
28.5350       -6042.572    -6046.403        3.831    30.4
28.5400       -6042.565    -6046.371        3.806    30.2
28.5450       -6042.559    -6046.395        3.836    30.4
28.5500       -6042.563    -6046.460        3.896    30.9
28.5550       -6042.547    -6046.533        3.986    31.6
28.5600       -6042.563    -6046.580        4.016    31.9
28.5650       -6042.571    -6046.584        4.013    31.8
28.5700       -6042.574    -6046.557        3.983    31.6
28.5750       -6042.587    -6046.521        3.933    31.2
28.5800       -6042.577    -6046.493        3.916    31.1
28.5850       -6042.578    -6046.479        3.901    31.0
28.5900       -6042.580    -6046.467        3.887    30.8
28.5950       -6042.586    -6046.440        3.854    30.6
28.6000       -6042.566    -6046.403        3.837    30.4
28.6050       -6042.564    -6046.377        3.813    30.3
28.6100       -6042.561    -6046.374        3.813    30.3
28.6150       -6042.542    -6046.406        3.864    30.7
28.6200       -6042.540    -6046.455        3.915    31.1
28.6250       -6042.535    -6046.494        3.959    31.4
28.6300       -6042.552    -6046.496        3.944    31.3
28.6350       -6042.564    -6046.467        3.904    31.0
28.6400       -6042.559    -6046.448        3.889    30.9
28.6450       -6042.584    -6046.454        3.869    30.7
28.6500       -6042.611    -6046.493        3.882    30.8
28.6550       -6042.597    -6046.544        3.947    31.3
28.6600       -6042.594    -6046.573        3.979    31.6
28.6650       -6042.602    -6046.565        3.963    31.4
28.6700       -6042.615    -6046.526        3.911    31.0
28.6750       -6042.604    -6046.477        3.873    30.7
28.6800       -6042.576    -6046.442        3.866    30.7
28.6850       -6042.554    -6046.412        3.858    30.6
28.6900       -6042.549    -6046.391        3.842    30.5
28.6950       -6042.569    -6046.384        3.815    30.3
28.7000       -6042.583    -6046.393        3.810    30.2
28.7050       -6042.578    -6046.417        3.839    30.5
28.7100       -6042.592    -6046.447        3.855    30.6
28.7150       -6042.610    -6046.473        3.862    30.6
28.7200       -6042.615    -6046.496        3.881    30.8
28.7250       -6042.619    -6046.518        3.899    30.9
28.7300       -6042.651    -6046.546        3.895    30.9
28.7350       -6042.655    -6046.569        3.915    31.1
28.7400       -6042.629    -6046.572        3.943    31.3
28.7450       -6042.636    -6046.545        3.909    31.0
28.7500       -6042.624    -6046.484        3.860    30.6
28.7550       -6042.602    -6046.406        3.804    30.2
28.7600       -6042.612    -6046.346        3.734    29.6
28.7650       -6042.619    -6046.334        3.715    29.5
28.7700       -6042.600    -6046.395        3.795    30.1
28.7750       -6042.618    -6046.504        3.886    30.8
28.7800       -6042.629    -6046.609        3.980    31.6
28.7850       -6042.618    -6046.664        4.046    32.1
28.7900       -6042.610    -6046.657        4.048    32.1
28.7950       -6042.625    -6046.604        3.979    31.6
28.8000       -6042.624    -6046.543        3.920    31.1
28.8050       -6042.621    -6046.504        3.883    30.8
28.8100       -6042.647    -6046.484        3.837    30.4
28.8150       -6042.649    -6046.453        3.804    30.2
28.8200       -6042.634    -6046.396        3.762    29.9
28.8250       -6042.643    -6046.342        3.699    29.3
28.8300       -6042.649    -6046.337        3.688    29.3
28.8350       -6042.629    -6046.396        3.767    29.9
28.8400       -6042.645    -6046.493        3.848    30.5
28.8450       -6042.658    -6046.583        3.925    31.1
28.8500       -6042.667    -6046.634        3.967    31.5
28.8550       -6042.633    -6046.640        4.007    31.8
28.8600       -6042.659    -6046.613        3.954    31.4
28.8650       -6042.663    -6046.566        3.902    31.0
28.8700       -6042.661    -6046.513        3.852    30.6
28.8750       -6042.629    -6046.478        3.849    30.5
28.8800       -6042.610    -6046.470        3.860    30.6
28.8850       -6042.631    -6046.478        3.848    30.5
28.8900       -6042.560    -6046.487        3.927    31.2
28.8950       -6042.548    -6046.478        3.930    31.2
28.9000       -6042.543    -6046.460        3.917    31.1
28.9050       -6042.541    -6046.448        3.907    31.0
28.9100       -6042.567    -6046.443        3.876    30.8
28.9150       -6042.571    -6046.442        3.871    30.7
28.9200       -6042.590    -6046.445        3.855    30.6
28.9250       -6042.622    -6046.438        3.816    30.3
28.9300       -6042.632    -6046.418        3.786    30.0
28.9350       -6042.628    -6046.393        3.764    29.9
28.9400       -6042.649    -6046.365        3.716    29.5
28.9450       -6042.629    -6046.337        3.708    29.4
28.9500       -6042.625    -6046.323        3.698    29.3
28.9550       -6042.630    -6046.330        3.700    29.4
28.9600       -6042.611    -6046.359        3.748    29.7
28.9650       -6042.607    -6046.408        3.801    30.2
28.9700       -6042.590    -6046.462        3.872    30.7
28.9750       -6042.572    -6046.519        3.947    31.3
28.9800       -6042.554    -6046.555        4.001    31.8
28.9850       -6042.565    -6046.569        4.004    31.8
28.9900       -6042.549    -6046.569        4.020    31.9
28.9950       -6042.556    -6046.545        3.988    31.6
29.0000       -6042.521    -6046.511        3.991    31.7
29.0050       -6042.502    -6046.456        3.954    31.4
29.0100       -6042.491    -6046.390        3.899    30.9
29.0150       -6042.509    -6046.340        3.831    30.4
29.0200       -6042.497    -6046.336        3.839    30.5
29.0250       -6042.517    -6046.390        3.872    30.7
29.0300       -6042.513    -6046.484        3.971    31.5
29.0350       -6042.519    -6046.579        4.060    32.2
29.0400       -6042.513    -6046.641        4.129    32.8
29.0450       -6042.519    -6046.657        4.138    32.8
29.0500       -6042.539    -6046.625        4.086    32.4
29.0550       -6042.504    -6046.564        4.060    32.2
29.0600       -6042.524    -6046.485        3.961    31.4
29.0650       -6042.489    -6046.400        3.911    31.0
29.0700       -6042.459    -6046.330        3.871    30.7
29.0750       -6042.434    -6046.282        3.847    30.5
29.0800       -6042.430    -6046.265        3.836    30.4
29.0850       -6042.429    -6046.272        3.843    30.5
29.0900       -6042.458    -6046.286        3.828    30.4
29.0950       -6042.448    -6046.297        3.849    30.5
29.1000       -6042.469    -6046.315        3.846    30.5
29.1050       -6042.485    -6046.339        3.854    30.6
29.1100       -6042.459    -6046.377        3.919    31.1
29.1150       -6042.468    -6046.419        3.951    31.3
29.1200       -6042.489    -6046.457        3.968    31.5
29.1250       -6042.507    -6046.494        3.988    31.6
29.1300       -6042.486    -6046.514        4.027    32.0
29.1350       -6042.449    -6046.500        4.051    32.1
29.1400       -6042.423    -6046.447        4.024    31.9
29.1450       -6042.416    -6046.374        3.958    31.4
29.1500       -6042.438    -6046.307        3.869    30.7
29.1550       -6042.436    -6046.273        3.837    30.4
29.1600       -6042.423    -6046.279        3.856    30.6
29.1650       -6042.427    -6046.311        3.884    30.8
29.1700       -6042.412    -6046.335        3.923    31.1
29.1750       -6042.401    -6046.342        3.941    31.3
29.1800       -6042.421    -6046.340        3.919    31.1
29.1850       -6042.415    -6046.342        3.927    31.2
29.1900       -6042.431    -6046.354        3.923    31.1
29.1950       -6042.430    -6046.379        3.948    31.3
29.2000       -6042.432    -6046.412        3.980    31.6
29.2050       -6042.441    -6046.443        4.002    31.8
29.2100       -6042.449    -6046.478        4.030    32.0
29.2150       -6042.458    -6046.509        4.052    32.1
29.2200       -6042.488    -6046.539        4.051    32.1
29.2250       -6042.499    -6046.565        4.066    32.3
29.2300       -6042.523    -6046.579        4.056    32.2
29.2350       -6042.558    -6046.583        4.025    31.9
29.2400       -6042.538    -6046.563        4.026    31.9
29.2450       -6042.530    -6046.517        3.986    31.6
29.2500       -6042.504    -6046.466        3.962    31.4
29.2550       -6042.474    -6046.426        3.952    31.4
29.2600       -6042.462    -6046.411        3.949    31.3
29.2650       -6042.442    -6046.420        3.979    31.6
29.2700       -6042.453    -6046.436        3.984    31.6
29.2750       -6042.425    -6046.449        4.024    31.9
29.2800       -6042.455    -6046.446        3.991    31.7
29.2850       -6042.442    -6046.422        3.980    31.6
29.2900       -6042.431    -6046.385        3.954    31.4
29.2950       -6042.447    -6046.343        3.895    30.9
29.3000       -6042.452    -6046.296        3.844    30.5
29.3050       -6042.431    -6046.256        3.825    30.4
29.3100       -6042.453    -6046.218        3.765    29.9
29.3150       -6042.457    -6046.190        3.732    29.6
29.3200       -6042.485    -6046.189        3.704    29.4
29.3250       -6042.484    -6046.229        3.745    29.7
29.3300       -6042.460    -6046.314        3.855    30.6
29.3350       -6042.486    -6046.419        3.933    31.2
29.3400       -6042.492    -6046.514        4.022    31.9
29.3450       -6042.507    -6046.572        4.065    32.3
29.3500       -6042.501    -6046.578        4.077    32.3
29.3550       -6042.481    -6046.539        4.057    32.2
29.3600       -6042.507    -6046.476        3.969    31.5
29.3650       -6042.517    -6046.432        3.915    31.1
29.3700       -6042.520    -6046.416        3.896    30.9
29.3750       -6042.516    -6046.428        3.912    31.0
29.3800       -6042.510    -6046.449        3.939    31.3
29.3850       -6042.516    -6046.476        3.960    31.4
29.3900       -6042.511    -6046.497        3.986    31.6
29.3950       -6042.491    -6046.507        4.016    31.9
29.4000       -6042.500    -6046.503        4.003    31.8
29.4050       -6042.491    -6046.492        4.001    31.7
29.4100       -6042.510    -6046.480        3.970    31.5
29.4150       -6042.497    -6046.462        3.964    31.5
29.4200       -6042.506    -6046.439        3.933    31.2
29.4250       -6042.519    -6046.433        3.914    31.1
29.4300       -6042.529    -6046.451        3.922    31.1
29.4350       -6042.528    -6046.482        3.954    31.4
29.4400       -6042.546    -6046.497        3.951    31.4
29.4450       -6042.555    -6046.492        3.937    31.2
29.4500       -6042.557    -6046.474        3.917    31.1
29.4550       -6042.539    -6046.464        3.926    31.1
29.4600       -6042.545    -6046.469        3.924    31.1
29.4650       -6042.518    -6046.487        3.968    31.5
29.4700       -6042.489    -6046.497        4.009    31.8
29.4750       -6042.485    -6046.483        3.997    31.7
29.4800       -6042.497    -6046.445        3.948    31.3
29.4850       -6042.495    -6046.398        3.903    31.0
29.4900       -6042.505    -6046.361        3.856    30.6
29.4950       -6042.491    -6046.359        3.868    30.7
29.5000       -6042.502    -6046.387        3.885    30.8
29.5050       -6042.508    -6046.420        3.911    31.0
29.5100       -6042.514    -6046.428        3.913    31.0
29.5150       -6042.554    -6046.398        3.845    30.5
29.5200       -6042.561    -6046.341        3.779    30.0
29.5250       -6042.559    -6046.287        3.729    29.6
29.5300       -6042.535    -6046.279        3.744    29.7
29.5350       -6042.554    -6046.327        3.774    29.9
29.5400       -6042.548    -6046.418        3.871    30.7
29.5450       -6042.556    -6046.523        3.967    31.5
29.5500       -6042.562    -6046.602        4.040    32.1
29.5550       -6042.566    -6046.641        4.075    32.3
29.5600       -6042.593    -6046.648        4.055    32.2
29.5650       -6042.612    -6046.636        4.024    31.9
29.5700       -6042.615    -6046.613        3.998    31.7
29.5750       -6042.614    -6046.581        3.967    31.5
29.5800       -6042.647    -6046.535        3.888    30.9
29.5850       -6042.672    -6046.497        3.825    30.3
29.5900       -6042.648    -6046.491        3.843    30.5
29.5950       -6042.627    -6046.519        3.892    30.9
29.6000       -6042.623    -6046.562        3.939    31.3
29.6050       -6042.637    -6046.583        3.946    31.3
29.6100       -6042.673    -6046.550        3.877    30.8
29.6150       -6042.670    -6046.477        3.808    30.2
29.6200       -6042.672    -6046.402        3.730    29.6
29.6250       -6042.668    -6046.362        3.694    29.3
29.6300       -6042.683    -6046.362        3.679    29.2
29.6350       -6042.687    -6046.396        3.709    29.4
29.6400       -6042.685    -6046.439        3.754    29.8
29.6450       -6042.732    -6046.473        3.741    29.7
29.6500       -6042.726    -6046.485        3.760    29.8
29.6550       -6042.719    -6046.480        3.762    29.8
29.6600       -6042.730    -6046.490        3.760    29.8
29.6650       -6042.752    -6046.529        3.777    30.0
29.6700       -6042.760    -6046.582        3.822    30.3
29.6750       -6042.791    -6046.632        3.841    30.5
29.6800       -6042.792    -6046.659        3.867    30.7
29.6850       -6042.813    -6046.651        3.838    30.5
29.6900       -6042.799    -6046.629        3.830    30.4
29.6950       -6042.819    -6046.630        3.812    30.2
29.7000       -6042.876    -6046.663        3.787    30.0
29.7050       -6042.875    -6046.715        3.840    30.5
29.7100       -6042.897    -6046.756        3.859    30.6
29.7150       -6042.937    -6046.757        3.819    30.3
29.7200       -6042.923    -6046.726        3.802    30.2
29.7250       -6042.931    -6046.680        3.749    29.7
29.7300       -6042.909    -6046.643        3.734    29.6
29.7350       -6042.879    -6046.625        3.746    29.7
29.7400       -6042.835    -6046.625        3.790    30.1
29.7450       -6042.833    -6046.632        3.799    30.1
29.7500       -6042.851    -6046.643        3.792    30.1
29.7550       -6042.837    -6046.655        3.819    30.3
29.7600       -6042.817    -6046.661        3.845    30.5
29.7650       -6042.798    -6046.647        3.849    30.5
29.7700       -6042.788    -6046.613        3.825    30.4
29.7750       -6042.793    -6046.571        3.778    30.0
29.7800       -6042.804    -6046.535        3.731    29.6
29.7850       -6042.802    -6046.503        3.701    29.4
29.7900       -6042.812    -6046.489        3.677    29.2
29.7950       -6042.789    -6046.491        3.702    29.4
29.8000       -6042.788    -6046.495        3.707    29.4
29.8050       -6042.769    -6046.496        3.727    29.6
29.8100       -6042.748    -6046.490        3.742    29.7
29.8150       -6042.766    -6046.485        3.719    29.5
29.8200       -6042.775    -6046.500        3.725    29.6
29.8250       -6042.779    -6046.543        3.764    29.9
29.8300       -6042.791    -6046.595        3.804    30.2
29.8350       -6042.819    -6046.628        3.808    30.2
29.8400       -6042.801    -6046.616        3.815    30.3
29.8450       -6042.808    -6046.562        3.754    29.8
29.8500       -6042.843    -6046.505        3.661    29.1
29.8550       -6042.853    -6046.475        3.622    28.7
29.8600       -6042.854    -6046.500        3.646    28.9
29.8650       -6042.823    -6046.576        3.753    29.8
29.8700       -6042.824    -6046.662        3.839    30.5
29.8750       -6042.815    -6046.712        3.897    30.9
29.8800       -6042.847    -6046.705        3.858    30.6
29.8850       -6042.865    -6046.651        3.786    30.0
29.8900       -6042.806    -6046.578        3.772    29.9
29.8950       -6042.808    -6046.514        3.705    29.4
29.9000       -6042.797    -6046.484        3.688    29.3
29.9050       -6042.795    -6046.492        3.697    29.3
29.9100       -6042.765    -6046.523        3.757    29.8
29.9150       -6042.779    -6046.559        3.780    30.0
29.9200       -6042.746    -6046.594        3.849    30.5
29.9250       -6042.728    -6046.624        3.896    30.9
29.9300       -6042.751    -6046.639        3.888    30.9
29.9350       -6042.758    -6046.632        3.874    30.7
29.9400       -6042.757    -6046.605        3.848    30.5
29.9450       -6042.772    -6046.579        3.808    30.2
29.9500       -6042.744    -6046.566        3.822    30.3
29.9550       -6042.736    -6046.565        3.829    30.4
29.9600       -6042.724    -6046.567        3.843    30.5
29.9650       -6042.703    -6046.563        3.860    30.6
29.9700       -6042.680    -6046.556        3.876    30.8
29.9750       -6042.684    -6046.554        3.869    30.7
29.9800       -6042.656    -6046.557        3.902    31.0
29.9850       -6042.668    -6046.557        3.889    30.9
29.9900       -6042.668    -6046.558        3.890    30.9
29.9950       -6042.657    -6046.561        3.904    31.0
30.0000       -6042.674    -6046.549        3.875    30.7
30.0050       -6042.701    -6046.511        3.811    30.2
30.0100       -6042.717    -6046.444        3.727    29.6
30.0150       -6042.699    -6046.367        3.668    29.1
30.0200       -6042.698    -6046.319        3.621    28.7
30.0250       -6042.708    -6046.318        3.611    28.7
30.0300       -6042.704    -6046.370        3.666    29.1
30.0350       -6042.683    -6046.439        3.756    29.8
30.0400       -6042.688    -6046.502        3.815    30.3
30.0450       -6042.714    -6046.528        3.813    30.3
30.0500       -6042.730    -6046.501        3.771    29.9
30.0550       -6042.735    -6046.456        3.722    29.5
30.0600       -6042.725    -6046.437        3.713    29.5
30.0650       -6042.688    -6046.464        3.776    30.0
30.0700       -6042.697    -6046.519        3.822    30.3
30.0750       -6042.690    -6046.577        3.888    30.8
30.0800       -6042.745    -6046.617        3.872    30.7
30.0850       -6042.742    -6046.638        3.895    30.9
30.0900       -6042.742    -6046.645        3.903    31.0
30.0950       -6042.756    -6046.640        3.884    30.8
30.1000       -6042.767    -6046.633        3.866    30.7
30.1050       -6042.761    -6046.631        3.870    30.7
30.1100       -6042.762    -6046.635        3.873    30.7
30.1150       -6042.761    -6046.636        3.875    30.8
30.1200       -6042.751    -6046.616        3.865    30.7
30.1250       -6042.756    -6046.568        3.812    30.2
30.1300       -6042.742    -6046.515        3.774    29.9
30.1350       -6042.736    -6046.487        3.751    29.8
30.1400       -6042.725    -6046.495        3.770    29.9
30.1450       -6042.745    -6046.527        3.782    30.0
30.1500       -6042.769    -6046.564        3.795    30.1
30.1550       -6042.767    -6046.586        3.820    30.3
30.1600       -6042.775    -6046.577        3.802    30.2
30.1650       -6042.781    -6046.545        3.763    29.9
30.1700       -6042.811    -6046.512        3.701    29.4
30.1750       -6042.821    -6046.509        3.688    29.3
30.1800       -6042.830    -6046.536        3.705    29.4
30.1850       -6042.790    -6046.579        3.790    30.1
30.1900       -6042.802    -6046.611        3.809    30.2
30.1950       -6042.818    -6046.612        3.794    30.1
30.2000       -6042.822    -6046.590        3.768    29.9
30.2050       -6042.808    -6046.561        3.753    29.8
30.2100       -6042.822    -6046.542        3.721    29.5
30.2150       -6042.811    -6046.540        3.730    29.6
30.2200       -6042.849    -6046.554        3.705    29.4
30.2250       -6042.825    -6046.571        3.746    29.7
30.2300       -6042.822    -6046.579        3.758    29.8
30.2350       -6042.818    -6046.571        3.753    29.8
30.2400       -6042.836    -6046.552        3.716    29.5
30.2450       -6042.818    -6046.539        3.721    29.5
30.2500       -6042.794    -6046.542        3.748    29.7
30.2550       -6042.785    -6046.560        3.775    30.0
30.2600       -6042.798    -6046.585        3.787    30.0
30.2650       -6042.808    -6046.605        3.797    30.1
30.2700       -6042.830    -6046.614        3.784    30.0
30.2750       -6042.838    -6046.613        3.775    30.0
30.2800       -6042.866    -6046.599        3.733    29.6
30.2850       -6042.877    -6046.582        3.705    29.4
30.2900       -6042.847    -6046.569        3.722    29.5
30.2950       -6042.824    -6046.563        3.739    29.7
30.3000       -6042.822    -6046.552        3.730    29.6
30.3050       -6042.856    -6046.549        3.694    29.3
30.3100       -6042.829    -6046.571        3.742    29.7
30.3150       -6042.842    -6046.603        3.761    29.8
30.3200       -6042.826    -6046.642        3.816    30.3
30.3250       -6042.820    -6046.678        3.858    30.6
30.3300       -6042.833    -6046.706        3.873    30.7
30.3350       -6042.833    -6046.716        3.882    30.8
30.3400       -6042.808    -6046.687        3.879    30.8
30.3450       -6042.800    -6046.623        3.823    30.3
30.3500       -6042.797    -6046.538        3.741    29.7
30.3550       -6042.774    -6046.461        3.688    29.3
30.3600       -6042.730    -6046.422        3.693    29.3
30.3650       -6042.742    -6046.434        3.692    29.3
30.3700       -6042.746    -6046.484        3.738    29.7
30.3750       -6042.753    -6046.552        3.799    30.1
30.3800       -6042.757    -6046.621        3.864    30.7
30.3850       -6042.739    -6046.672        3.933    31.2
30.3900       -6042.742    -6046.679        3.938    31.2
30.3950       -6042.771    -6046.645        3.873    30.7
30.4000       -6042.718    -6046.590        3.873    30.7
30.4050       -6042.731    -6046.546        3.815    30.3
30.4100       -6042.735    -6046.532        3.797    30.1
30.4150       -6042.739    -6046.549        3.811    30.2
30.4200       -6042.736    -6046.568        3.832    30.4
30.4250       -6042.758    -6046.565        3.807    30.2
30.4300       -6042.745    -6046.534        3.788    30.1
30.4350       -6042.758    -6046.499        3.741    29.7
30.4400       -6042.762    -6046.480        3.718    29.5
30.4450       -6042.758    -6046.490        3.732    29.6
30.4500       -6042.738    -6046.526        3.789    30.1
30.4550       -6042.733    -6046.564        3.830    30.4
30.4600       -6042.726    -6046.576        3.850    30.5
30.4650       -6042.727    -6046.558        3.831    30.4
30.4700       -6042.730    -6046.533        3.803    30.2
30.4750       -6042.749    -6046.526        3.777    30.0
30.4800       -6042.730    -6046.559        3.829    30.4
30.4850       -6042.776    -6046.600        3.823    30.3
30.4900       -6042.787    -6046.624        3.837    30.4
30.4950       -6042.790    -6046.618        3.828    30.4
30.5000       -6042.795    -6046.579        3.783    30.0
30.5050       -6042.805    -6046.524        3.719    29.5
30.5100       -6042.814    -6046.484        3.670    29.1
30.5150       -6042.826    -6046.478        3.652    29.0
30.5200       -6042.809    -6046.508        3.699    29.3
30.5250       -6042.786    -6046.554        3.768    29.9
30.5300       -6042.806    -6046.591        3.785    30.0
30.5350       -6042.794    -6046.613        3.819    30.3
30.5400       -6042.790    -6046.631        3.842    30.5
30.5450       -6042.778    -6046.649        3.871    30.7
30.5500       -6042.775    -6046.660        3.885    30.8
30.5550       -6042.781    -6046.649        3.868    30.7
30.5600       -6042.782    -6046.606        3.824    30.3
30.5650       -6042.731    -6046.538        3.807    30.2
30.5700       -6042.726    -6046.473        3.747    29.7
30.5750       -6042.715    -6046.441        3.726    29.6
30.5800       -6042.688    -6046.455        3.767    29.9
30.5850       -6042.721    -6046.497        3.776    30.0
30.5900       -6042.709    -6046.537        3.828    30.4
30.5950       -6042.721    -6046.545        3.825    30.3
30.6000       -6042.725    -6046.517        3.792    30.1
30.6050       -6042.711    -6046.472        3.761    29.8
30.6100       -6042.698    -6046.437        3.740    29.7
30.6150       -6042.668    -6046.447        3.779    30.0
30.6200       -6042.671    -6046.500        3.829    30.4
30.6250       -6042.691    -6046.571        3.880    30.8
30.6300       -6042.691    -6046.626        3.935    31.2
30.6350       -6042.687    -6046.630        3.943    31.3
30.6400       -6042.679    -6046.583        3.904    31.0
30.6450       -6042.723    -6046.518        3.795    30.1
30.6500       -6042.707    -6046.466        3.759    29.8
30.6550       -6042.723    -6046.444        3.721    29.5
30.6600       -6042.696    -6046.451        3.755    29.8
30.6650       -6042.687    -6046.476        3.789    30.1
30.6700       -6042.704    -6046.508        3.804    30.2
30.6750       -6042.674    -6046.544        3.869    30.7
30.6800       -6042.650    -6046.565        3.915    31.1
30.6850       -6042.665    -6046.563        3.898    30.9
30.6900       -6042.660    -6046.544        3.883    30.8
30.6950       -6042.669    -6046.505        3.836    30.4
30.7000       -6042.682    -6046.459        3.776    30.0
30.7050       -6042.700    -6046.434        3.734    29.6
30.7100       -6042.706    -6046.442        3.736    29.6
30.7150       -6042.703    -6046.484        3.782    30.0
30.7200       -6042.717    -6046.543        3.826    30.4
30.7250       -6042.729    -6046.587        3.858    30.6
30.7300       -6042.750    -6046.595        3.845    30.5
30.7350       -6042.716    -6046.580        3.864    30.7
30.7400       -6042.719    -6046.560        3.841    30.5
30.7450       -6042.686    -6046.561        3.875    30.7
30.7500       -6042.701    -6046.579        3.878    30.8
30.7550       -6042.692    -6046.599        3.906    31.0
30.7600       -6042.668    -6046.603        3.935    31.2
30.7650       -6042.662    -6046.577        3.916    31.1
30.7700       -6042.703    -6046.523        3.820    30.3
30.7750       -6042.697    -6046.466        3.769    29.9
30.7800       -6042.694    -6046.430        3.736    29.6
30.7850       -6042.693    -6046.435        3.742    29.7
30.7900       -6042.708    -6046.471        3.764    29.9
30.7950       -6042.713    -6046.504        3.790    30.1
30.8000       -6042.716    -6046.518        3.801    30.2
30.8050       -6042.709    -6046.511        3.801    30.2
30.8100       -6042.725    -6046.500        3.775    30.0
30.8150       -6042.743    -6046.509        3.766    29.9
30.8200       -6042.757    -6046.534        3.777    30.0
30.8250       -6042.730    -6046.559        3.829    30.4
30.8300       -6042.721    -6046.564        3.843    30.5
30.8350       -6042.739    -6046.565        3.826    30.4
30.8400       -6042.739    -6046.565        3.826    30.4
30.8450       -6042.721    -6046.564        3.843    30.5
30.8500       -6042.750    -6046.554        3.804    30.2
30.8550       -6042.758    -6046.541        3.783    30.0
30.8600       -6042.765    -6046.521        3.756    29.8
30.8650       -6042.743    -6046.506        3.764    29.9
30.8700       -6042.758    -6046.507        3.750    29.8
30.8750       -6042.796    -6046.530        3.733    29.6
30.8800       -6042.749    -6046.577        3.828    30.4
30.8850       -6042.739    -6046.627        3.888    30.8
30.8900       -6042.767    -6046.660        3.893    30.9
30.8950       -6042.771    -6046.668        3.897    30.9
30.9000       -6042.760    -6046.651        3.891    30.9
30.9050       -6042.745    -6046.612        3.867    30.7
30.9100       -6042.758    -6046.567        3.809    30.2
30.9150       -6042.740    -6046.538        3.798    30.1
30.9200       -6042.697    -6046.528        3.831    30.4
30.9250       -6042.684    -6046.523        3.839    30.5
30.9300       -6042.685    -6046.516        3.830    30.4
30.9350       -6042.697    -6046.506        3.808    30.2
30.9400       -6042.734    -6046.492        3.758    29.8
30.9450       -6042.732    -6046.480        3.748    29.7
30.9500       -6042.735    -6046.465        3.730    29.6
30.9550       -6042.702    -6046.441        3.739    29.7
30.9600       -6042.682    -6046.429        3.747    29.7
30.9650       -6042.705    -6046.450        3.745    29.7
30.9700       -6042.682    -6046.515        3.834    30.4
30.9750       -6042.668    -6046.609        3.941    31.3
30.9800       -6042.695    -6046.689        3.995    31.7
30.9850       -6042.722    -6046.720        3.998    31.7
30.9900       -6042.746    -6046.689        3.943    31.3
30.9950       -6042.746    -6046.611        3.865    30.7
31.0000       -6042.725    -6046.519        3.794    30.1
31.0050       -6042.719    -6046.448        3.728    29.6
31.0100       -6042.709    -6046.424        3.716    29.5
31.0150       -6042.716    -6046.444        3.728    29.6
31.0200       -6042.734    -6046.482        3.748    29.7
31.0250       -6042.740    -6046.512        3.772    29.9
31.0300       -6042.709    -6046.530        3.822    30.3
31.0350       -6042.697    -6046.540        3.843    30.5
31.0400       -6042.676    -6046.538        3.862    30.6
31.0450       -6042.656    -6046.518        3.862    30.6
31.0500       -6042.668    -6046.486        3.818    30.3
31.0550       -6042.688    -6046.453        3.765    29.9
31.0600       -6042.693    -6046.429        3.736    29.6
31.0650       -6042.692    -6046.420        3.729    29.6
31.0700       -6042.708    -6046.435        3.727    29.6
31.0750       -6042.733    -6046.475        3.742    29.7
31.0800       -6042.706    -6046.528        3.822    30.3
31.0850       -6042.719    -6046.555        3.836    30.4
31.0900       -6042.706    -6046.553        3.847    30.5
31.0950       -6042.697    -6046.527        3.830    30.4
31.1000       -6042.715    -6046.501        3.787    30.0
31.1050       -6042.702    -6046.503        3.801    30.2
31.1100       -6042.709    -6046.532        3.823    30.3
31.1150       -6042.746    -6046.564        3.819    30.3
31.1200       -6042.752    -6046.579        3.827    30.4
31.1250       -6042.754    -6046.567        3.813    30.3
31.1300       -6042.717    -6046.545        3.828    30.4
31.1350       -6042.721    -6046.528        3.806    30.2
31.1400       -6042.703    -6046.531        3.828    30.4
31.1450       -6042.728    -6046.559        3.831    30.4
31.1500       -6042.690    -6046.588        3.898    30.9
31.1550       -6042.677    -6046.582        3.905    31.0
31.1600       -6042.702    -6046.550        3.848    30.5
31.1650       -6042.727    -6046.508        3.781    30.0
31.1700       -6042.764    -6046.488        3.723    29.5
31.1750       -6042.771    -6046.522        3.751    29.8
31.1800       -6042.756    -6046.590        3.833    30.4
31.1850       -6042.783    -6046.656        3.874    30.7
31.1900       -6042.787    -6046.678        3.891    30.9
31.1950       -6042.819    -6046.642        3.823    30.3
31.2000       -6042.816    -6046.570        3.755    29.8
31.2050       -6042.787    -6046.516        3.729    29.6
31.2100       -6042.791    -6046.518        3.727    29.6
31.2150       -6042.780    -6046.575        3.795    30.1
31.2200       -6042.794    -6046.655        3.861    30.6
31.2250       -6042.774    -6046.703        3.929    31.2
31.2300       -6042.768    -6046.684        3.916    31.1
31.2350       -6042.764    -6046.606        3.842    30.5
31.2400       -6042.736    -6046.517        3.781    30.0
31.2450       -6042.716    -6046.476        3.760    29.8
31.2500       -6042.727    -6046.496        3.769    29.9
31.2550       -6042.696    -6046.551        3.856    30.6
31.2600       -6042.695    -6046.584        3.888    30.9
31.2650       -6042.699    -6046.556        3.857    30.6
31.2700       -6042.713    -6046.477        3.764    29.9
31.2750       -6042.737    -6046.395        3.658    29.0
31.2800       -6042.760    -6046.356        3.596    28.5
31.2850       -6042.737    -6046.385        3.648    28.9
31.2900       -6042.716    -6046.455        3.739    29.7
31.2950       -6042.731    -6046.520        3.789    30.1
31.3000       -6042.770    -6046.548        3.778    30.0
31.3050       -6042.720    -6046.537        3.817    30.3
31.3100       -6042.707    -6046.519        3.812    30.2
31.3150       -6042.714    -6046.521        3.807    30.2
31.3200       -6042.725    -6046.542        3.817    30.3
31.3250       -6042.715    -6046.567        3.853    30.6
31.3300       -6042.703    -6046.569        3.866    30.7
31.3350       -6042.725    -6046.546        3.821    30.3
31.3400       -6042.740    -6046.513        3.773    29.9
31.3450       -6042.698    -6046.488        3.790    30.1
31.3500       -6042.695    -6046.484        3.789    30.1
31.3550       -6042.714    -6046.512        3.798    30.1
31.3600       -6042.708    -6046.561        3.853    30.6
31.3650       -6042.693    -6046.612        3.918    31.1
31.3700       -6042.684    -6046.643        3.959    31.4
31.3750       -6042.694    -6046.638        3.944    31.3
31.3800       -6042.691    -6046.598        3.908    31.0
31.3850       -6042.680    -6046.527        3.847    30.5
31.3900       -6042.688    -6046.465        3.777    30.0
31.3950       -6042.688    -6046.423        3.735    29.6
31.4000       -6042.694    -6046.404        3.710    29.4
31.4050       -6042.722    -6046.419        3.697    29.3
31.4100       -6042.714    -6046.464        3.751    29.8
31.4150       -6042.726    -6046.521        3.795    30.1
31.4200       -6042.683    -6046.572        3.889    30.9
31.4250       -6042.688    -6046.601        3.913    31.0
31.4300       -6042.705    -6046.602        3.897    30.9
31.4350       -6042.699    -6046.581        3.881    30.8
31.4400       -6042.695    -6046.557        3.862    30.6
31.4450       -6042.723    -6046.530        3.807    30.2
31.4500       -6042.705    -6046.513        3.808    30.2
31.4550       -6042.687    -6046.511        3.824    30.3
31.4600       -6042.674    -6046.528        3.855    30.6
31.4650       -6042.683    -6046.555        3.872    30.7
31.4700       -6042.692    -6046.586        3.893    30.9
31.4750       -6042.716    -6046.611        3.895    30.9
31.4800       -6042.738    -6046.627        3.889    30.9
31.4850       -6042.749    -6046.629        3.880    30.8
31.4900       -6042.752    -6046.609        3.856    30.6
31.4950       -6042.748    -6046.564        3.816    30.3
31.5000       -6042.761    -6046.516        3.755    29.8
31.5050       -6042.774    -6046.489        3.715    29.5
31.5100       -6042.798    -6046.505        3.707    29.4
31.5150       -6042.804    -6046.561        3.757    29.8
31.5200       -6042.802    -6046.625        3.823    30.3
31.5250       -6042.781    -6046.642        3.861    30.6
31.5300       -6042.772    -6046.592        3.820    30.3
31.5350       -6042.784    -6046.494        3.710    29.4
31.5400       -6042.797    -6046.398        3.601    28.6
31.5450       -6042.792    -6046.361        3.569    28.3
31.5500       -6042.776    -6046.389        3.613    28.7
31.5550       -6042.789    -6046.459        3.670    29.1
31.5600       -6042.817    -6046.531        3.713    29.5
31.5650       -6042.829    -6046.574        3.745    29.7
31.5700       -6042.852    -6046.589        3.736    29.6
31.5750       -6042.842    -6046.585        3.743    29.7
31.5800       -6042.860    -6046.581        3.721    29.5
31.5850       -6042.891    -6046.596        3.705    29.4
31.5900       -6042.883    -6046.627        3.744    29.7
31.5950       -6042.880    -6046.661        3.781    30.0
31.6000       -6042.900    -6046.688        3.787    30.1
31.6050       -6042.905    -6046.689        3.784    30.0
31.6100       -6042.914    -6046.674        3.759    29.8
31.6150       -6042.916    -6046.669        3.753    29.8
31.6200       -6042.966    -6046.681        3.715    29.5
31.6250       -6042.942    -6046.702        3.760    29.8
31.6300       -6042.962    -6046.711        3.749    29.7
31.6350       -6042.948    -6046.680        3.732    29.6
31.6400       -6042.945    -6046.614        3.669    29.1
31.6450       -6042.943    -6046.534        3.591    28.5
31.6500       -6042.933    -6046.491        3.558    28.2
31.6550       -6042.909    -6046.516        3.607    28.6
31.6600       -6042.905    -6046.582        3.677    29.2
31.6650       -6042.903    -6046.640        3.737    29.7
31.6700       -6042.909    -6046.660        3.751    29.8
31.6750       -6042.898    -6046.643        3.745    29.7
31.6800       -6042.868    -6046.618        3.749    29.8
31.6850       -6042.899    -6046.605        3.706    29.4
31.6900       -6042.873    -6046.618        3.745    29.7
31.6950       -6042.904    -6046.644        3.741    29.7
31.7000       -6042.923    -6046.659        3.736    29.6
31.7050       -6042.954    -6046.661        3.708    29.4
31.7100       -6042.960    -6046.639        3.678    29.2
31.7150       -6042.942    -6046.606        3.664    29.1
31.7200       -6042.952    -6046.582        3.630    28.8
31.7250       -6042.964    -6046.592        3.628    28.8
31.7300       -6042.944    -6046.626        3.682    29.2
31.7350       -6042.937    -6046.666        3.729    29.6
31.7400       -6042.955    -6046.695        3.740    29.7
31.7450       -6042.960    -6046.718        3.758    29.8
31.7500       -6042.962    -6046.741        3.780    30.0
31.7550       -6042.934    -6046.765        3.832    30.4
31.7600       -6042.951    -6046.772        3.822    30.3
31.7650       -6042.975    -6046.748        3.773    29.9
31.7700       -6042.998    -6046.696        3.698    29.3
31.7750       -6042.959    -6046.625        3.666    29.1
31.7800       -6042.981    -6046.569        3.588    28.5
31.7850       -6042.992    -6046.559        3.566    28.3
31.7900       -6042.982    -6046.596        3.614    28.7
31.7950       -6042.991    -6046.665        3.674    29.2
31.8000       -6042.979    -6046.737        3.759    29.8
31.8050       -6043.017    -6046.785        3.768    29.9
31.8100       -6043.006    -6046.790        3.784    30.0
31.8150       -6043.013    -6046.756        3.744    29.7
31.8200       -6043.016    -6046.706        3.690    29.3
31.8250       -6042.996    -6046.653        3.657    29.0
31.8300       -6043.009    -6046.616        3.607    28.6
31.8350       -6043.035    -6046.609        3.574    28.4
31.8400       -6043.019    -6046.633        3.614    28.7
31.8450       -6043.039    -6046.661        3.622    28.7
31.8500       -6043.034    -6046.683        3.648    28.9
31.8550       -6043.035    -6046.687        3.652    29.0
31.8600       -6043.026    -6046.685        3.659    29.0
31.8650       -6042.988    -6046.695        3.706    29.4
31.8700       -6043.003    -6046.714        3.710    29.4
31.8750       -6043.038    -6046.725        3.686    29.3
31.8800       -6043.031    -6046.728        3.697    29.3
31.8850       -6043.003    -6046.710        3.706    29.4
31.8900       -6042.965    -6046.671        3.706    29.4
31.8950       -6042.943    -6046.628        3.685    29.2
31.9000       -6042.948    -6046.599        3.650    29.0
31.9050       -6042.974    -6046.593        3.618    28.7
31.9100       -6042.993    -6046.604        3.611    28.7
31.9150       -6042.987    -6046.629        3.642    28.9
31.9200       -6042.984    -6046.656        3.672    29.1
31.9250       -6042.971    -6046.677        3.706    29.4
31.9300       -6042.971    -6046.678        3.707    29.4
31.9350       -6043.000    -6046.664        3.664    29.1
31.9400       -6042.981    -6046.650        3.670    29.1
31.9450       -6042.973    -6046.640        3.667    29.1
31.9500       -6042.992    -6046.642        3.650    29.0
31.9550       -6042.989    -6046.655        3.666    29.1
31.9600       -6042.994    -6046.670        3.676    29.2
31.9650       -6042.965    -6046.677        3.712    29.5
31.9700       -6042.985    -6046.671        3.687    29.3
31.9750       -6042.984    -6046.663        3.679    29.2
31.9800       -6042.989    -6046.675        3.686    29.3
31.9850       -6042.966    -6046.711        3.745    29.7
31.9900       -6042.933    -6046.748        3.815    30.3
31.9950       -6042.953    -6046.759        3.806    30.2
32.0000       -6042.964    -6046.731        3.767    29.9
32.0050       -6042.947    -6046.674        3.726    29.6
32.0100       -6042.928    -6046.624        3.696    29.3
32.0150       -6042.915    -6046.605        3.690    29.3
32.0200       -6042.937    -6046.628        3.691    29.3
32.0250       -6042.941    -6046.667        3.726    29.6
32.0300       -6042.930    -6046.687        3.758    29.8
32.0350       -6042.947    -6046.666        3.719    29.5
32.0400       -6042.941    -6046.608        3.667    29.1
32.0450       -6042.933    -6046.545        3.611    28.7
32.0500       -6042.944    -6046.516        3.572    28.3
32.0550       -6042.958    -6046.538        3.580    28.4
32.0600       -6042.941    -6046.602        3.661    29.1
32.0650       -6042.939    -6046.676        3.737    29.7
32.0700       -6042.934    -6046.718        3.784    30.0
32.0750       -6042.926    -6046.696        3.769    29.9
32.0800       -6042.911    -6046.613        3.702    29.4
32.0850       -6042.920    -6046.522        3.602    28.6
32.0900       -6042.875    -6046.484        3.609    28.6
32.0950       -6042.904    -6046.508        3.605    28.6
32.1000       -6042.883    -6046.577        3.695    29.3
32.1050       -6042.880    -6046.639        3.759    29.8
32.1100       -6042.863    -6046.667        3.803    30.2
32.1150       -6042.816    -6046.640        3.824    30.3
32.1200       -6042.835    -6046.589        3.754    29.8
32.1250       -6042.820    -6046.568        3.748    29.7
32.1300       -6042.830    -6046.612        3.782    30.0
32.1350       -6042.843    -6046.696        3.853    30.6
32.1400       -6042.850    -6046.773        3.923    31.1
32.1450       -6042.844    -6046.793        3.950    31.3
32.1500       -6042.876    -6046.736        3.861    30.6
32.1550       -6042.903    -6046.629        3.726    29.6
32.1600       -6042.900    -6046.531        3.631    28.8
32.1650       -6042.899    -6046.487        3.587    28.5
32.1700       -6042.897    -6046.506        3.608    28.6
32.1750       -6042.890    -6046.566        3.676    29.2
32.1800       -6042.886    -6046.628        3.742    29.7
32.1850       -6042.876    -6046.657        3.781    30.0
32.1900       -6042.892    -6046.654        3.762    29.8
32.1950       -6042.869    -6046.652        3.783    30.0
32.2000       -6042.881    -6046.669        3.788    30.1
32.2050       -6042.899    -6046.703        3.804    30.2
32.2100       -6042.901    -6046.720        3.819    30.3
32.2150       -6042.897    -6046.696        3.799    30.1
32.2200       -6042.899    -6046.631        3.732    29.6
32.2250       -6042.885    -6046.567        3.682    29.2
32.2300       -6042.880    -6046.536        3.656    29.0
32.2350       -6042.862    -6046.553        3.691    29.3
32.2400       -6042.864    -6046.601        3.736    29.6
32.2450       -6042.878    -6046.638        3.760    29.8
32.2500       -6042.847    -6046.630        3.784    30.0
32.2550       -6042.866    -6046.588        3.722    29.5
32.2600       -6042.856    -6046.540        3.684    29.2
32.2650       -6042.834    -6046.522        3.688    29.3
32.2700       -6042.821    -6046.543        3.722    29.5
32.2750       -6042.847    -6046.584        3.737    29.7
32.2800       -6042.864    -6046.620        3.756    29.8
32.2850       -6042.870    -6046.628        3.758    29.8
32.2900       -6042.852    -6046.613        3.761    29.8
32.2950       -6042.868    -6046.595        3.727    29.6
32.3000       -6042.836    -6046.596        3.760    29.8
32.3050       -6042.875    -6046.610        3.734    29.6
32.3100       -6042.866    -6046.632        3.766    29.9
32.3150       -6042.857    -6046.669        3.812    30.2
32.3200       -6042.895    -6046.695        3.800    30.2
32.3250       -6042.896    -6046.688        3.791    30.1
32.3300       -6042.906    -6046.649        3.743    29.7
32.3350       -6042.874    -6046.595        3.721    29.5
32.3400       -6042.872    -6046.546        3.674    29.1
32.3450       -6042.837    -6046.515        3.678    29.2
32.3500       -6042.826    -6046.509        3.682    29.2
32.3550       -6042.821    -6046.526        3.705    29.4
32.3600       -6042.814    -6046.557        3.742    29.7
32.3650       -6042.812    -6046.579        3.766    29.9
32.3700       -6042.827    -6046.584        3.757    29.8
32.3750       -6042.837    -6046.571        3.734    29.6
32.3800       -6042.831    -6046.551        3.720    29.5
32.3850       -6042.834    -6046.541        3.707    29.4
32.3900       -6042.821    -6046.551        3.731    29.6
32.3950       -6042.844    -6046.593        3.749    29.7
32.4000       -6042.880    -6046.655        3.775    29.9
32.4050       -6042.908    -6046.715        3.807    30.2
32.4100       -6042.900    -6046.750        3.850    30.5
32.4150       -6042.925    -6046.742        3.817    30.3
32.4200       -6042.935    -6046.694        3.758    29.8
32.4250       -6042.896    -6046.627        3.732    29.6
32.4300       -6042.869    -6046.574        3.706    29.4
32.4350       -6042.895    -6046.555        3.659    29.0
32.4400       -6042.944    -6046.571        3.626    28.8
32.4450       -6042.953    -6046.604        3.651    29.0
32.4500       -6042.960    -6046.632        3.673    29.1
32.4550       -6042.958    -6046.639        3.681    29.2
32.4600       -6042.935    -6046.627        3.693    29.3
32.4650       -6042.946    -6046.612        3.667    29.1
32.4700       -6042.921    -6046.615        3.694    29.3
32.4750       -6042.923    -6046.639        3.716    29.5
32.4800       -6042.902    -6046.670        3.767    29.9
32.4850       -6042.911    -6046.683        3.772    29.9
32.4900       -6042.907    -6046.665        3.758    29.8
32.4950       -6042.895    -6046.624        3.729    29.6
32.5000       -6042.883    -6046.589        3.706    29.4
32.5050       -6042.900    -6046.582        3.682    29.2
32.5100       -6042.903    -6046.607        3.704    29.4
32.5150       -6042.895    -6046.646        3.751    29.8
32.5200       -6042.868    -6046.675        3.806    30.2
32.5250       -6042.845    -6046.673        3.829    30.4
32.5300       -6042.826    -6046.645        3.819    30.3
32.5350       -6042.849    -6046.609        3.760    29.8
32.5400       -6042.800    -6046.587        3.786    30.0
32.5450       -6042.803    -6046.585        3.781    30.0
32.5500       -6042.793    -6046.590        3.797    30.1
32.5550       -6042.812    -6046.590        3.778    30.0
32.5600       -6042.805    -6046.579        3.773    29.9
32.5650       -6042.793    -6046.557        3.764    29.9
32.5700       -6042.781    -6046.532        3.752    29.8
32.5750       -6042.797    -6046.519        3.721    29.5
32.5800       -6042.766    -6046.521        3.755    29.8
32.5850       -6042.733    -6046.535        3.802    30.2
32.5900       -6042.745    -6046.556        3.810    30.2
32.5950       -6042.714    -6046.575        3.862    30.6
32.6000       -6042.695    -6046.572        3.877    30.8
32.6050       -6042.695    -6046.545        3.850    30.5
32.6100       -6042.705    -6046.519        3.814    30.3
32.6150       -6042.689    -6046.507        3.818    30.3
32.6200       -6042.683    -6046.509        3.826    30.4
32.6250       -6042.669    -6046.519        3.850    30.5
32.6300       -6042.669    -6046.515        3.846    30.5
32.6350       -6042.684    -6046.496        3.813    30.3
32.6400       -6042.692    -6046.465        3.774    29.9
32.6450       -6042.687    -6046.432        3.745    29.7
32.6500       -6042.686    -6046.418        3.732    29.6
32.6550       -6042.671    -6046.422        3.752    29.8
32.6600       -6042.661    -6046.435        3.774    29.9
32.6650       -6042.697    -6046.460        3.763    29.9
32.6700       -6042.697    -6046.484        3.786    30.0
32.6750       -6042.693    -6046.497        3.804    30.2
32.6800       -6042.692    -6046.509        3.816    30.3
32.6850       -6042.714    -6046.517        3.803    30.2
32.6900       -6042.694    -6046.524        3.830    30.4
32.6950       -6042.725    -6046.537        3.812    30.3
32.7000       -6042.733    -6046.568        3.835    30.4
32.7050       -6042.718    -6046.613        3.894    30.9
32.7100       -6042.692    -6046.646        3.954    31.4
32.7150       -6042.699    -6046.646        3.948    31.3
32.7200       -6042.714    -6046.606        3.892    30.9
32.7250       -6042.710    -6046.549        3.840    30.5
32.7300       -6042.716    -6046.509        3.793    30.1
32.7350       -6042.720    -6046.500        3.780    30.0
32.7400       -6042.707    -6046.524        3.817    30.3
32.7450       -6042.746    -6046.558        3.812    30.3
32.7500       -6042.752    -6046.587        3.835    30.4
32.7550       -6042.753    -6046.599        3.846    30.5
32.7600       -6042.738    -6046.585        3.847    30.5
32.7650       -6042.758    -6046.555        3.797    30.1
32.7700       -6042.765    -6046.525        3.760    29.8
32.7750       -6042.764    -6046.512        3.748    29.7
32.7800       -6042.738    -6046.523        3.785    30.0
32.7850       -6042.731    -6046.548        3.817    30.3
32.7900       -6042.713    -6046.567        3.854    30.6
32.7950       -6042.757    -6046.575        3.819    30.3
32.8000       -6042.740    -6046.575        3.835    30.4
32.8050       -6042.770    -6046.567        3.797    30.1
32.8100       -6042.768    -6046.542        3.773    29.9
32.8150       -6042.747    -6046.527        3.780    30.0
32.8200       -6042.741    -6046.526        3.785    30.0
32.8250       -6042.697    -6046.539        3.843    30.5
32.8300       -6042.706    -6046.554        3.848    30.5
32.8350       -6042.728    -6046.562        3.834    30.4
32.8400       -6042.733    -6046.557        3.823    30.3
32.8450       -6042.754    -6046.532        3.778    30.0
32.8500       -6042.745    -6046.488        3.742    29.7
32.8550       -6042.737    -6046.443        3.707    29.4
32.8600       -6042.742    -6046.418        3.676    29.2
32.8650       -6042.766    -6046.418        3.652    29.0
32.8700       -6042.800    -6046.426        3.626    28.8
32.8750       -6042.821    -6046.449        3.628    28.8
32.8800       -6042.802    -6046.487        3.685    29.2
32.8850       -6042.783    -6046.522        3.739    29.7
32.8900       -6042.771    -6046.551        3.780    30.0
32.8950       -6042.779    -6046.574        3.795    30.1
32.9000       -6042.752    -6046.586        3.834    30.4
32.9050       -6042.779    -6046.576        3.797    30.1
32.9100       -6042.800    -6046.565        3.765    29.9
32.9150       -6042.777    -6046.570        3.793    30.1
32.9200       -6042.769    -6046.593        3.823    30.3
32.9250       -6042.756    -6046.618        3.862    30.6
32.9300       -6042.741    -6046.631        3.889    30.9
32.9350       -6042.767    -6046.631        3.863    30.7
32.9400       -6042.792    -6046.627        3.835    30.4
32.9450       -6042.824    -6046.624        3.800    30.2
32.9500       -6042.823    -6046.628        3.806    30.2
32.9550       -6042.837    -6046.637        3.800    30.2
32.9600       -6042.851    -6046.636        3.784    30.0
32.9650       -6042.866    -6046.614        3.748    29.7
32.9700       -6042.863    -6046.577        3.714    29.5
32.9750       -6042.828    -6046.555        3.727    29.6
32.9800       -6042.808    -6046.556        3.748    29.7
32.9850       -6042.822    -6046.569        3.747    29.7
32.9900       -6042.843    -6046.584        3.742    29.7
32.9950       -6042.814    -6046.591        3.778    30.0
33.0000       -6042.836    -6046.579        3.743    29.7
33.0050       -6042.831    -6046.560        3.729    29.6
33.0100       -6042.778    -6046.559        3.781    30.0
33.0150       -6042.777    -6046.580        3.802    30.2
33.0200       -6042.803    -6046.619        3.816    30.3
33.0250       -6042.793    -6046.652        3.859    30.6
33.0300       -6042.808    -6046.645        3.837    30.4
33.0350       -6042.800    -6046.602        3.802    30.2
33.0400       -6042.781    -6046.540        3.759    29.8
33.0450       -6042.772    -6046.486        3.714    29.5
33.0500       -6042.773    -6046.480        3.707    29.4
33.0550       -6042.777    -6046.530        3.753    29.8
33.0600       -6042.771    -6046.608        3.838    30.5
33.0650       -6042.747    -6046.674        3.926    31.2
33.0700       -6042.721    -6046.679        3.958    31.4
33.0750       -6042.721    -6046.609        3.888    30.9
33.0800       -6042.735    -6046.504        3.769    29.9
33.0850       -6042.746    -6046.430        3.684    29.2
33.0900       -6042.751    -6046.439        3.688    29.3
33.0950       -6042.717    -6046.517        3.800    30.2
33.1000       -6042.694    -6046.602        3.908    31.0
33.1050       -6042.677    -6046.634        3.958    31.4
33.1100       -6042.678    -6046.595        3.917    31.1
33.1150       -6042.643    -6046.503        3.860    30.6
33.1200       -6042.655    -6046.410        3.755    29.8
33.1250       -6042.661    -6046.358        3.697    29.3
33.1300       -6042.674    -6046.360        3.686    29.2
33.1350       -6042.678    -6046.409        3.732    29.6
33.1400       -6042.663    -6046.476        3.813    30.3
33.1450       -6042.675    -6046.537        3.862    30.6
33.1500       -6042.702    -6046.578        3.876    30.8
33.1550       -6042.694    -6046.595        3.901    31.0
33.1600       -6042.736    -6046.587        3.851    30.6
33.1650       -6042.720    -6046.570        3.850    30.5
33.1700       -6042.720    -6046.546        3.827    30.4
33.1750       -6042.741    -6046.529        3.789    30.1
33.1800       -6042.730    -6046.524        3.794    30.1
33.1850       -6042.741    -6046.531        3.790    30.1
33.1900       -6042.761    -6046.540        3.779    30.0
33.1950       -6042.770    -6046.538        3.768    29.9
33.2000       -6042.744    -6046.524        3.780    30.0
33.2050       -6042.749    -6046.501        3.753    29.8
33.2100       -6042.754    -6046.504        3.750    29.8
33.2150       -6042.744    -6046.548        3.804    30.2
33.2200       -6042.739    -6046.618        3.879    30.8
33.2250       -6042.738    -6046.675        3.937    31.2
33.2300       -6042.742    -6046.681        3.939    31.3
33.2350       -6042.774    -6046.624        3.850    30.5
33.2400       -6042.774    -6046.529        3.756    29.8
33.2450       -6042.762    -6046.443        3.681    29.2
33.2500       -6042.749    -6046.411        3.661    29.1
33.2550       -6042.712    -6046.444        3.731    29.6
33.2600       -6042.697    -6046.505        3.808    30.2
33.2650       -6042.688    -6046.548        3.859    30.6
33.2700       -6042.691    -6046.554        3.863    30.7
33.2750       -6042.724    -6046.528        3.804    30.2
33.2800       -6042.777    -6046.488        3.711    29.4
33.2850       -6042.803    -6046.478        3.676    29.2
33.2900       -6042.815    -6046.508        3.694    29.3
33.2950       -6042.797    -6046.554        3.757    29.8
33.3000       -6042.794    -6046.580        3.785    30.0
33.3050       -6042.786    -6046.574        3.789    30.1
33.3100       -6042.780    -6046.555        3.775    30.0
33.3150       -6042.801    -6046.540        3.739    29.7
33.3200       -6042.813    -6046.552        3.740    29.7
33.3250       -6042.820    -6046.588        3.768    29.9
33.3300       -6042.808    -6046.627        3.819    30.3
33.3350       -6042.808    -6046.648        3.840    30.5
33.3400       -6042.826    -6046.658        3.832    30.4
33.3450       -6042.827    -6046.669        3.843    30.5
33.3500       -6042.856    -6046.687        3.830    30.4
33.3550       -6042.835    -6046.688        3.853    30.6
33.3600       -6042.852    -6046.653        3.801    30.2
33.3650       -6042.871    -6046.597        3.726    29.6
33.3700       -6042.856    -6046.547        3.691    29.3
33.3750       -6042.852    -6046.550        3.697    29.3
33.3800       -6042.880    -6046.606        3.726    29.6
33.3850       -6042.889    -6046.689        3.800    30.2
33.3900       -6042.877    -6046.749        3.872    30.7
33.3950       -6042.869    -6046.754        3.885    30.8
33.4000       -6042.888    -6046.710        3.822    30.3
33.4050       -6042.896    -6046.647        3.752    29.8
33.4100       -6042.861    -6046.599        3.738    29.7
33.4150       -6042.865    -6046.590        3.725    29.6
33.4200       -6042.837    -6046.620        3.783    30.0
33.4250       -6042.784    -6046.662        3.879    30.8
33.4300       -6042.792    -6046.677        3.885    30.8
33.4350       -6042.785    -6046.642        3.857    30.6
33.4400       -6042.750    -6046.573        3.824    30.3
33.4450       -6042.746    -6046.498        3.752    29.8
33.4500       -6042.730    -6046.448        3.717    29.5
33.4550       -6042.697    -6046.425        3.728    29.6
33.4600       -6042.702    -6046.419        3.716    29.5
33.4650       -6042.712    -6046.425        3.714    29.5
33.4700       -6042.717    -6046.444        3.727    29.6
33.4750       -6042.748    -6046.477        3.729    29.6
33.4800       -6042.755    -6046.527        3.773    29.9
33.4850       -6042.747    -6046.573        3.825    30.4
33.4900       -6042.763    -6046.601        3.838    30.5
33.4950       -6042.801    -6046.596        3.795    30.1
33.5000       -6042.840    -6046.562        3.722    29.5
33.5050       -6042.865    -6046.532        3.666    29.1
33.5100       -6042.854    -6046.526        3.672    29.1
33.5150       -6042.861    -6046.543        3.682    29.2
33.5200       -6042.858    -6046.568        3.710    29.4
33.5250       -6042.890    -6046.591        3.701    29.4
33.5300       -6042.887    -6046.613        3.726    29.6
33.5350       -6042.873    -6046.635        3.762    29.8
33.5400       -6042.860    -6046.651        3.791    30.1
33.5450       -6042.870    -6046.656        3.786    30.0
33.5500       -6042.839    -6046.655        3.817    30.3
33.5550       -6042.865    -6046.628        3.764    29.9
33.5600       -6042.855    -6046.583        3.728    29.6
33.5650       -6042.840    -6046.524        3.684    29.2
33.5700       -6042.851    -6046.480        3.629    28.8
33.5750       -6042.848    -6046.477        3.628    28.8
33.5800       -6042.869    -6046.516        3.647    28.9
33.5850       -6042.871    -6046.572        3.701    29.4
33.5900       -6042.883    -6046.613        3.731    29.6
33.5950       -6042.849    -6046.627        3.778    30.0
33.6000       -6042.840    -6046.603        3.763    29.9
33.6050       -6042.834    -6046.567        3.733    29.6
33.6100       -6042.857    -6046.548        3.691    29.3
33.6150       -6042.843    -6046.556        3.714    29.5
33.6200       -6042.836    -6046.586        3.750    29.8
33.6250       -6042.828    -6046.628        3.800    30.2
33.6300       -6042.850    -6046.666        3.816    30.3
33.6350       -6042.829    -6046.680        3.851    30.6
33.6400       -6042.834    -6046.667        3.833    30.4
33.6450       -6042.809    -6046.632        3.823    30.3
33.6500       -6042.792    -6046.591        3.798    30.1
33.6550       -6042.807    -6046.549        3.742    29.7
33.6600       -6042.799    -6046.527        3.728    29.6
33.6650       -6042.784    -6046.536        3.752    29.8
33.6700       -6042.825    -6046.578        3.753    29.8
33.6750       -6042.816    -6046.639        3.823    30.3
33.6800       -6042.815    -6046.689        3.874    30.7
33.6850       -6042.836    -6046.715        3.879    30.8
33.6900       -6042.821    -6046.718        3.897    30.9
33.6950       -6042.823    -6046.698        3.874    30.7
33.7000       -6042.808    -6046.664        3.856    30.6
33.7050       -6042.791    -6046.621        3.830    30.4
33.7100       -6042.805    -6046.581        3.776    30.0
33.7150       -6042.770    -6046.562        3.792    30.1
33.7200       -6042.784    -6046.568        3.784    30.0
33.7250       -6042.781    -6046.579        3.798    30.1
33.7300       -6042.775    -6046.588        3.814    30.3
33.7350       -6042.781    -6046.585        3.805    30.2
33.7400       -6042.815    -6046.569        3.754    29.8
33.7450       -6042.814    -6046.539        3.725    29.6
33.7500       -6042.783    -6046.496        3.713    29.5
33.7550       -6042.777    -6046.467        3.691    29.3
33.7600       -6042.751    -6046.455        3.705    29.4
33.7650       -6042.760    -6046.469        3.709    29.4
33.7700       -6042.759    -6046.498        3.739    29.7
33.7750       -6042.742    -6046.531        3.789    30.1
33.7800       -6042.772    -6046.553        3.781    30.0
33.7850       -6042.821    -6046.566        3.745    29.7
33.7900       -6042.843    -6046.573        3.730    29.6
33.7950       -6042.813    -6046.579        3.766    29.9
33.8000       -6042.869    -6046.585        3.716    29.5
33.8050       -6042.873    -6046.603        3.730    29.6
33.8100       -6042.870    -6046.619        3.748    29.7
33.8150       -6042.842    -6046.616        3.774    29.9
33.8200       -6042.822    -6046.594        3.772    29.9
33.8250       -6042.845    -6046.570        3.725    29.6
33.8300       -6042.845    -6046.557        3.711    29.4
33.8350       -6042.836    -6046.545        3.709    29.4
33.8400       -6042.882    -6046.530        3.649    29.0
33.8450       -6042.889    -6046.513        3.624    28.8
33.8500       -6042.914    -6046.494        3.579    28.4
33.8550       -6042.878    -6046.483        3.606    28.6
33.8600       -6042.855    -6046.499        3.644    28.9
33.8650       -6042.878    -6046.537        3.659    29.0
33.8700       -6042.868    -6046.598        3.730    29.6
33.8750       -6042.887    -6046.669        3.782    30.0
33.8800       -6042.873    -6046.721        3.848    30.5
33.8850       -6042.884    -6046.715        3.831    30.4
33.8900       -6042.867    -6046.664        3.797    30.1
33.8950       -6042.854    -6046.605        3.750    29.8
33.9000       -6042.845    -6046.582        3.737    29.7
33.9050       -6042.828    -6046.604        3.777    30.0
33.9100       -6042.858    -6046.642        3.784    30.0
33.9150       -6042.849    -6046.659        3.810    30.2
33.9200       -6042.846    -6046.641        3.794    30.1
33.9250       -6042.887    -6046.589        3.702    29.4
33.9300       -6042.860    -6046.535        3.675    29.2
33.9350       -6042.878    -6046.505        3.627    28.8
33.9400       -6042.894    -6046.517        3.623    28.7
33.9450       -6042.919    -6046.560        3.641    28.9
33.9500       -6042.929    -6046.604        3.675    29.2
33.9550       -6042.943    -6046.631        3.688    29.3
33.9600       -6042.951    -6046.642        3.691    29.3
33.9650       -6042.937    -6046.648        3.711    29.4
33.9700       -6042.965    -6046.649        3.684    29.2
33.9750       -6042.947    -6046.659        3.712    29.5
33.9800       -6042.922    -6046.674        3.752    29.8
33.9850       -6042.922    -6046.692        3.770    29.9
33.9900       -6042.916    -6046.691        3.776    30.0
33.9950       -6042.927    -6046.667        3.740    29.7
34.0000       -6042.962    -6046.642        3.681    29.2
34.0050       -6042.958    -6046.639        3.681    29.2
34.0100       -6042.938    -6046.655        3.716    29.5
34.0150       -6042.931    -6046.679        3.748    29.7
34.0200       -6042.900    -6046.693        3.793    30.1
34.0250       -6042.879    -6046.685        3.806    30.2
34.0300       -6042.872    -6046.656        3.783    30.0
34.0350       -6042.860    -6046.631        3.771    29.9
34.0400       -6042.852    -6046.620        3.768    29.9
34.0450       -6042.878    -6046.622        3.744    29.7
34.0500       -6042.871    -6046.610        3.739    29.7
34.0550       -6042.859    -6046.578        3.720    29.5
34.0600       -6042.867    -6046.537        3.670    29.1
34.0650       -6042.851    -6046.517        3.665    29.1
34.0700       -6042.861    -6046.534        3.673    29.1
34.0750       -6042.837    -6046.584        3.747    29.7
34.0800       -6042.837    -6046.642        3.805    30.2
34.0850       -6042.861    -6046.662        3.802    30.2
34.0900       -6042.850    -6046.623        3.773    29.9
34.0950       -6042.863    -6046.544        3.681    29.2
34.1000       -6042.840    -6046.471        3.632    28.8
34.1050       -6042.816    -6046.440        3.623    28.7
34.1100       -6042.813    -6046.461        3.648    28.9
34.1150       -6042.814    -6046.528        3.713    29.5
34.1200       -6042.828    -6046.605        3.777    30.0
34.1250       -6042.837    -6046.678        3.841    30.5
34.1300       -6042.849    -6046.728        3.879    30.8
34.1350       -6042.879    -6046.751        3.872    30.7
34.1400       -6042.898    -6046.746        3.848    30.5
34.1450       -6042.909    -6046.711        3.802    30.2
34.1500       -6042.941    -6046.652        3.711    29.4
34.1550       -6042.934    -6046.582        3.648    28.9
34.1600       -6042.965    -6046.514        3.549    28.2
34.1650       -6042.950    -6046.467        3.517    27.9
34.1700       -6042.954    -6046.465        3.511    27.9
34.1750       -6042.957    -6046.516        3.560    28.2
34.1800       -6042.967    -6046.599        3.632    28.8
34.1850       -6042.943    -6046.683        3.741    29.7
34.1900       -6042.937    -6046.738        3.801    30.2
34.1950       -6042.946    -6046.734        3.788    30.1
34.2000       -6042.982    -6046.683        3.701    29.4
34.2050       -6042.986    -6046.632        3.645    28.9
34.2100       -6042.969    -6046.611        3.643    28.9
34.2150       -6042.958    -6046.622        3.664    29.1
34.2200       -6042.959    -6046.635        3.676    29.2
34.2250       -6042.961    -6046.630        3.670    29.1
34.2300       -6043.008    -6046.619        3.611    28.7
34.2350       -6042.964    -6046.612        3.648    28.9
34.2400       -6042.977    -6046.621        3.644    28.9
34.2450       -6042.985    -6046.653        3.668    29.1
34.2500       -6042.971    -6046.695        3.724    29.5
34.2550       -6042.935    -6046.719        3.784    30.0
34.2600       -6042.970    -6046.711        3.740    29.7
34.2650       -6043.004    -6046.683        3.679    29.2
34.2700       -6043.011    -6046.660        3.649    29.0
34.2750       -6043.006    -6046.650        3.644    28.9
34.2800       -6042.995    -6046.642        3.647    28.9
34.2850       -6042.960    -6046.631        3.670    29.1
34.2900       -6042.963    -6046.628        3.665    29.1
34.2950       -6042.995    -6046.656        3.662    29.1
34.3000       -6042.999    -6046.724        3.726    29.6
34.3050       -6042.993    -6046.815        3.822    30.3
34.3100       -6042.954    -6046.882        3.928    31.2
34.3150       -6042.961    -6046.897        3.935    31.2
34.3200       -6042.988    -6046.857        3.868    30.7
34.3250       -6043.001    -6046.774        3.773    29.9
34.3300       -6043.012    -6046.680        3.669    29.1
34.3350       -6042.994    -6046.606        3.612    28.7
34.3400       -6042.986    -6046.576        3.590    28.5
34.3450       -6042.988    -6046.593        3.606    28.6
34.3500       -6042.974    -6046.644        3.670    29.1
34.3550       -6042.984    -6046.679        3.695    29.3
34.3600       -6042.978    -6046.677        3.699    29.4
34.3650       -6043.011    -6046.630        3.619    28.7
34.3700       -6043.024    -6046.571        3.546    28.1
34.3750       -6043.038    -6046.530        3.492    27.7
34.3800       -6043.011    -6046.530        3.519    27.9
34.3850       -6043.018    -6046.569        3.550    28.2
34.3900       -6043.010    -6046.630        3.619    28.7
34.3950       -6043.016    -6046.687        3.671    29.1
34.4000       -6042.996    -6046.724        3.728    29.6
34.4050       -6042.985    -6046.747        3.762    29.8
34.4100       -6043.011    -6046.763        3.752    29.8
34.4150       -6042.994    -6046.772        3.778    30.0
34.4200       -6042.973    -6046.763        3.790    30.1
34.4250       -6042.991    -6046.724        3.733    29.6
34.4300       -6043.001    -6046.676        3.676    29.2
34.4350       -6043.011    -6046.651        3.640    28.9
34.4400       -6043.029    -6046.661        3.632    28.8
34.4450       -6043.039    -6046.700        3.662    29.1
34.4500       -6043.011    -6046.744        3.733    29.6
34.4550       -6043.034    -6046.757        3.723    29.5
34.4600       -6043.041    -6046.724        3.683    29.2
34.4650       -6043.074    -6046.684        3.610    28.6
34.4700       -6043.058    -6046.665        3.607    28.6
34.4750       -6043.070    -6046.666        3.595    28.5
34.4800       -6043.051    -6046.683        3.632    28.8
34.4850       -6043.073    -6046.707        3.633    28.8
34.4900       -6043.083    -6046.723        3.640    28.9
34.4950       -6043.094    -6046.719        3.625    28.8
34.5000       -6043.113    -6046.697        3.584    28.4
34.5050       -6043.093    -6046.674        3.581    28.4
34.5100       -6043.115    -6046.672        3.558    28.2
34.5150       -6043.123    -6046.693        3.570    28.3
34.5200       -6043.116    -6046.727        3.612    28.7
34.5250       -6043.101    -6046.751        3.650    29.0
34.5300       -6043.111    -6046.754        3.643    28.9
34.5350       -6043.115    -6046.734        3.619    28.7
34.5400       -6043.138    -6046.713        3.575    28.4
34.5450       -6043.120    -6046.720        3.599    28.6
34.5500       -6043.095    -6046.760        3.665    29.1
34.5550       -6043.106    -6046.807        3.700    29.4
34.5600       -6043.097    -6046.828        3.731    29.6
34.5650       -6043.057    -6046.809        3.752    29.8
34.5700       -6043.053    -6046.754        3.701    29.4
34.5750       -6043.049    -6046.693        3.644    28.9
34.5800       -6043.030    -6046.646        3.616    28.7
34.5850       -6042.993    -6046.612        3.619    28.7
34.5900       -6042.983    -6046.583        3.600    28.6
34.5950       -6042.973    -6046.568        3.595    28.5
34.6000       -6042.924    -6046.575        3.652    29.0
34.6050       -6042.951    -6046.584        3.632    28.8
34.6100       -6042.953    -6046.593        3.639    28.9
34.6150       -6042.971    -6046.607        3.636    28.8
34.6200       -6042.946    -6046.619        3.673    29.1
34.6250       -6042.933    -6046.626        3.694    29.3
34.6300       -6042.904    -6046.628        3.724    29.5
34.6350       -6042.893    -6046.630        3.737    29.7
34.6400       -6042.876    -6046.620        3.744    29.7
34.6450       -6042.840    -6046.586        3.746    29.7
34.6500       -6042.853    -6046.542        3.689    29.3
34.6550       -6042.843    -6046.510        3.666    29.1
34.6600       -6042.853    -6046.511        3.659    29.0
34.6650       -6042.889    -6046.559        3.670    29.1
34.6700       -6042.895    -6046.631        3.736    29.6
34.6750       -6042.906    -6046.689        3.783    30.0
34.6800       -6042.883    -6046.706        3.824    30.3
34.6850       -6042.904    -6046.684        3.780    30.0
34.6900       -6042.919    -6046.654        3.736    29.6
34.6950       -6042.904    -6046.629        3.725    29.6
34.7000       -6042.917    -6046.629        3.713    29.5
34.7050       -6042.923    -6046.649        3.726    29.6
34.7100       -6042.906    -6046.664        3.758    29.8
34.7150       -6042.886    -6046.657        3.771    29.9
34.7200       -6042.877    -6046.634        3.758    29.8
34.7250       -6042.882    -6046.615        3.733    29.6
34.7300       -6042.864    -6046.619        3.755    29.8
34.7350       -6042.852    -6046.653        3.801    30.2
34.7400       -6042.854    -6046.709        3.855    30.6
34.7450       -6042.834    -6046.760        3.926    31.2
34.7500       -6042.821    -6046.771        3.950    31.3
34.7550       -6042.823    -6046.733        3.911    31.0
34.7600       -6042.820    -6046.671        3.851    30.6
34.7650       -6042.825    -6046.611        3.787    30.0
34.7700       -6042.834    -6046.571        3.737    29.7
34.7750       -6042.823    -6046.551        3.728    29.6
34.7800       -6042.828    -6046.552        3.723    29.5
34.7850       -6042.853    -6046.556        3.703    29.4
34.7900       -6042.874    -6046.553        3.679    29.2
34.7950       -6042.867    -6046.535        3.668    29.1
34.8000       -6042.832    -6046.501        3.669    29.1
34.8050       -6042.831    -6046.453        3.622    28.7
34.8100       -6042.844    -6046.412        3.568    28.3
34.8150       -6042.819    -6046.409        3.589    28.5
34.8200       -6042.803    -6046.443        3.640    28.9
34.8250       -6042.810    -6046.505        3.695    29.3
34.8300       -6042.814    -6046.578        3.764    29.9
34.8350       -6042.827    -6046.632        3.806    30.2
34.8400       -6042.845    -6046.655        3.810    30.2
34.8450       -6042.869    -6046.650        3.781    30.0
34.8500       -6042.854    -6046.625        3.771    29.9
34.8550       -6042.847    -6046.599        3.752    29.8
34.8600       -6042.843    -6046.596        3.753    29.8
34.8650       -6042.825    -6046.622        3.797    30.1
34.8700       -6042.818    -6046.654        3.836    30.4
34.8750       -6042.786    -6046.668        3.881    30.8
34.8800       -6042.783    -6046.657        3.874    30.7
34.8850       -6042.753    -6046.623        3.871    30.7
34.8900       -6042.750    -6046.589        3.839    30.5
34.8950       -6042.708    -6046.571        3.863    30.7
34.9000       -6042.718    -6046.573        3.855    30.6
34.9050       -6042.696    -6046.575        3.879    30.8
34.9100       -6042.670    -6046.566        3.895    30.9
34.9150       -6042.634    -6046.531        3.898    30.9
34.9200       -6042.622    -6046.482        3.859    30.6
34.9250       -6042.593    -6046.450        3.857    30.6
34.9300       -6042.574    -6046.453        3.879    30.8
34.9350       -6042.561    -6046.484        3.923    31.1
34.9400       -6042.568    -6046.516        3.948    31.3
34.9450       -6042.567    -6046.528        3.962    31.4
34.9500       -6042.614    -6046.506        3.892    30.9
34.9550       -6042.607    -6046.467        3.860    30.6
34.9600       -6042.656    -6046.431        3.775    30.0
34.9650       -6042.696    -6046.425        3.729    29.6
34.9700       -6042.714    -6046.454        3.740    29.7
34.9750       -6042.698    -6046.508        3.810    30.2
34.9800       -6042.659    -6046.561        3.902    31.0
34.9850       -6042.681    -6046.580        3.899    30.9
34.9900       -6042.659    -6046.571        3.912    31.0
34.9950       -6042.647    -6046.544        3.898    30.9
35.0000       -6042.622    -6046.520        3.898    30.9
35.0050       -6042.582    -6046.510        3.928    31.2
35.0100       -6042.602    -6046.513        3.911    31.0
35.0150       -6042.629    -6046.511        3.882    30.8
35.0200       -6042.630    -6046.485        3.854    30.6
35.0250       -6042.619    -6046.434        3.815    30.3
35.0300       -6042.591    -6046.384        3.792    30.1
35.0350       -6042.618    -6046.340        3.721    29.5
35.0400       -6042.635    -6046.316        3.680    29.2
35.0450       -6042.654    -6046.325        3.671    29.1
35.0500       -6042.653    -6046.366        3.713    29.5
35.0550       -6042.662    -6046.421        3.759    29.8
35.0600       -6042.668    -6046.465        3.796    30.1
35.0650       -6042.650    -6046.497        3.847    30.5
35.0700       -6042.659    -6046.523        3.864    30.7
35.0750       -6042.699    -6046.548        3.848    30.5
35.0800       -6042.709    -6046.577        3.868    30.7
35.0850       -6042.727    -6046.602        3.875    30.7
35.0900       -6042.742    -6046.606        3.864    30.7
35.0950       -6042.731    -6046.601        3.870    30.7
35.1000       -6042.723    -6046.577        3.854    30.6
35.1050       -6042.705    -6046.533        3.828    30.4
35.1100       -6042.679    -6046.496        3.817    30.3
35.1150       -6042.680    -6046.485        3.805    30.2
35.1200       -6042.672    -6046.498        3.826    30.4
35.1250       -6042.683    -6046.514        3.831    30.4
35.1300       -6042.680    -6046.503        3.824    30.3
35.1350       -6042.707    -6046.461        3.754    29.8
35.1400       -6042.705    -6046.410        3.705    29.4
35.1450       -6042.722    -6046.371        3.649    29.0
35.1500       -6042.702    -6046.372        3.670    29.1
35.1550       -6042.676    -6046.435        3.759    29.8
35.1600       -6042.686    -6046.538        3.852    30.6
35.1650       -6042.695    -6046.627        3.933    31.2
35.1700       -6042.691    -6046.676        3.984    31.6
35.1750       -6042.668    -6046.669        4.001    31.7
35.1800       -6042.683    -6046.617        3.934    31.2
35.1850       -6042.721    -6046.547        3.826    30.4
35.1900       -6042.730    -6046.489        3.759    29.8
35.1950       -6042.739    -6046.457        3.717    29.5
35.2000       -6042.745    -6046.438        3.692    29.3
35.2050       -6042.741    -6046.445        3.704    29.4
35.2100       -6042.732    -6046.467        3.735    29.6
35.2150       -6042.756    -6046.498        3.742    29.7
35.2200       -6042.722    -6046.549        3.827    30.4
35.2250       -6042.684    -6046.596        3.912    31.0
35.2300       -6042.711    -6046.624        3.913    31.1
35.2350       -6042.721    -6046.620        3.899    30.9
35.2400       -6042.728    -6046.588        3.860    30.6
35.2450       -6042.759    -6046.561        3.801    30.2
35.2500       -6042.746    -6046.575        3.829    30.4
35.2550       -6042.773    -6046.633        3.860    30.6
35.2600       -6042.803    -6046.701        3.898    30.9
35.2650       -6042.822    -6046.748        3.926    31.1
35.2700       -6042.839    -6046.747        3.908    31.0
35.2750       -6042.848    -6046.697        3.849    30.5
35.2800       -6042.836    -6046.618        3.782    30.0
35.2850       -6042.801    -6046.538        3.737    29.7
35.2900       -6042.808    -6046.481        3.673    29.1
35.2950       -6042.793    -6046.461        3.668    29.1
35.3000       -6042.790    -6046.467        3.677    29.2
35.3050       -6042.822    -6046.482        3.659    29.0
35.3100       -6042.802    -6046.495        3.693    29.3
35.3150       -6042.779    -6046.490        3.711    29.4
35.3200       -6042.768    -6046.487        3.719    29.5
35.3250       -6042.746    -6046.499        3.752    29.8
35.3300       -6042.741    -6046.520        3.779    30.0
35.3350       -6042.734    -6046.546        3.812    30.2
35.3400       -6042.716    -6046.562        3.846    30.5
35.3450       -6042.690    -6046.560        3.871    30.7
35.3500       -6042.665    -6046.550        3.885    30.8
35.3550       -6042.674    -6046.542        3.868    30.7
35.3600       -6042.646    -6046.546        3.900    30.9
35.3650       -6042.624    -6046.559        3.935    31.2
35.3700       -6042.616    -6046.572        3.956    31.4
35.3750       -6042.584    -6046.575        3.991    31.7
35.3800       -6042.566    -6046.573        4.007    31.8
35.3850       -6042.572    -6046.566        3.994    31.7
35.3900       -6042.580    -6046.549        3.968    31.5
35.3950       -6042.535    -6046.512        3.978    31.6
35.4000       -6042.559    -6046.445        3.886    30.8
35.4050       -6042.599    -6046.355        3.756    29.8
35.4100       -6042.564    -6046.276        3.712    29.5
35.4150       -6042.563    -6046.228        3.665    29.1
35.4200       -6042.554    -6046.230        3.676    29.2
35.4250       -6042.518    -6046.274        3.756    29.8
35.4300       -6042.552    -6046.347        3.794    30.1
35.4350       -6042.573    -6046.423        3.850    30.5
35.4400       -6042.568    -6046.479        3.911    31.0
35.4450       -6042.555    -6046.495        3.940    31.3
35.4500       -6042.596    -6046.480        3.884    30.8
35.4550       -6042.612    -6046.452        3.840    30.5
35.4600       -6042.645    -6046.434        3.788    30.1
35.4650       -6042.636    -6046.427        3.792    30.1
35.4700       -6042.662    -6046.450        3.788    30.1
35.4750       -6042.669    -6046.497        3.828    30.4
35.4800       -6042.642    -6046.548        3.906    31.0
35.4850       -6042.614    -6046.575        3.961    31.4
35.4900       -6042.556    -6046.555        3.999    31.7
35.4950       -6042.551    -6046.479        3.928    31.2
35.5000       -6042.563    -6046.388        3.825    30.3
35.5050       -6042.556    -6046.329        3.773    29.9
35.5100       -6042.567    -6046.336        3.768    29.9
35.5150       -6042.586    -6046.396        3.811    30.2
35.5200       -6042.567    -6046.469        3.902    31.0
35.5250       -6042.585    -6046.504        3.919    31.1
35.5300       -6042.579    -6046.482        3.903    31.0
35.5350       -6042.598    -6046.427        3.829    30.4
35.5400       -6042.592    -6046.381        3.789    30.1
35.5450       -6042.583    -6046.381        3.798    30.1
35.5500       -6042.550    -6046.440        3.890    30.9
35.5550       -6042.548    -6046.525        3.978    31.6
35.5600       -6042.526    -6046.598        4.071    32.3
35.5650       -6042.544    -6046.620        4.076    32.3
35.5700       -6042.558    -6046.581        4.023    31.9
35.5750       -6042.540    -6046.505        3.965    31.5
35.5800       -6042.533    -6046.437        3.904    31.0
35.5850       -6042.529    -6046.414        3.884    30.8
35.5900       -6042.550    -6046.443        3.893    30.9
35.5950       -6042.551    -6046.485        3.934    31.2
35.6000       -6042.547    -6046.501        3.953    31.4
35.6050       -6042.578    -6046.481        3.903    31.0
35.6100       -6042.593    -6046.443        3.850    30.6
35.6150       -6042.619    -6046.408        3.789    30.1
35.6200       -6042.614    -6046.398        3.785    30.0
35.6250       -6042.601    -6046.421        3.819    30.3
35.6300       -6042.607    -6046.462        3.855    30.6
35.6350       -6042.595    -6046.509        3.914    31.1
35.6400       -6042.576    -6046.538        3.962    31.4
35.6450       -6042.588    -6046.530        3.942    31.3
35.6500       -6042.588    -6046.490        3.902    31.0
35.6550       -6042.589    -6046.449        3.860    30.6
35.6600       -6042.594    -6046.424        3.829    30.4
35.6650       -6042.629    -6046.420        3.791    30.1
35.6700       -6042.660    -6046.435        3.775    30.0
35.6750       -6042.672    -6046.460        3.788    30.1
35.6800       -6042.671    -6046.490        3.818    30.3
35.6850       -6042.659    -6046.516        3.857    30.6
35.6900       -6042.686    -6046.544        3.858    30.6
35.6950       -6042.696    -6046.569        3.873    30.7
35.7000       -6042.681    -6046.568        3.886    30.8
35.7050       -6042.683    -6046.524        3.841    30.5
35.7100       -6042.680    -6046.445        3.765    29.9
35.7150       -6042.671    -6046.369        3.698    29.3
35.7200       -6042.687    -6046.337        3.650    29.0
35.7250       -6042.652    -6046.385        3.733    29.6
35.7300       -6042.654    -6046.488        3.834    30.4
35.7350       -6042.648    -6046.607        3.959    31.4
35.7400       -6042.641    -6046.674        4.033    32.0
35.7450       -6042.632    -6046.667        4.035    32.0
35.7500       -6042.646    -6046.604        3.958    31.4
35.7550       -6042.656    -6046.526        3.870    30.7
35.7600       -6042.645    -6046.478        3.833    30.4
35.7650       -6042.675    -6046.481        3.805    30.2
35.7700       -6042.685    -6046.515        3.831    30.4
35.7750       -6042.669    -6046.535        3.866    30.7
35.7800       -6042.648    -6046.524        3.876    30.8
35.7850       -6042.667    -6046.477        3.810    30.2
35.7900       -6042.660    -6046.428        3.768    29.9
35.7950       -6042.660    -6046.404        3.744    29.7
35.8000       -6042.663    -6046.404        3.741    29.7
35.8050       -6042.688    -6046.425        3.737    29.7
35.8100       -6042.674    -6046.447        3.772    29.9
35.8150       -6042.676    -6046.455        3.778    30.0
35.8200       -6042.677    -6046.455        3.779    30.0
35.8250       -6042.679    -6046.452        3.772    29.9
35.8300       -6042.697    -6046.461        3.764    29.9
35.8350       -6042.713    -6046.496        3.784    30.0
35.8400       -6042.713    -6046.558        3.845    30.5
35.8450       -6042.739    -6046.620        3.881    30.8
35.8500       -6042.753    -6046.641        3.888    30.9
35.8550       -6042.760    -6046.612        3.852    30.6
35.8600       -6042.781    -6046.553        3.772    29.9
35.8650       -6042.822    -6046.503        3.681    29.2
35.8700       -6042.821    -6046.502        3.681    29.2
35.8750       -6042.807    -6046.548        3.741    29.7
35.8800       -6042.821    -6046.615        3.794    30.1
35.8850       -6042.850    -6046.681        3.831    30.4
35.8900       -6042.835    -6046.719        3.884    30.8
35.8950       -6042.860    -6046.721        3.861    30.6
35.9000       -6042.855    -6046.705        3.850    30.5
35.9050       -6042.862    -6046.674        3.812    30.2
35.9100       -6042.869    -6046.629        3.761    29.8
35.9150       -6042.843    -6046.593        3.750    29.8
35.9200       -6042.839    -6046.575        3.736    29.6
35.9250       -6042.832    -6046.580        3.748    29.7
35.9300       -6042.826    -6046.596        3.769    29.9
35.9350       -6042.828    -6046.612        3.784    30.0
35.9400       -6042.840    -6046.632        3.792    30.1
35.9450       -6042.842    -6046.659        3.818    30.3
35.9500       -6042.844    -6046.681        3.837    30.4
35.9550       -6042.836    -6046.689        3.854    30.6
35.9600       -6042.867    -6046.682        3.816    30.3
35.9650       -6042.843    -6046.667        3.824    30.3
35.9700       -6042.837    -6046.651        3.814    30.3
35.9750       -6042.814    -6046.641        3.826    30.4
35.9800       -6042.796    -6046.634        3.838    30.5
35.9850       -6042.823    -6046.623        3.800    30.2
35.9900       -6042.832    -6046.603        3.771    29.9
35.9950       -6042.782    -6046.565        3.783    30.0
36.0000       -6042.808    -6046.519        3.711    29.4
36.0050       -6042.788    -6046.481        3.692    29.3
36.0100       -6042.769    -6046.471        3.702    29.4
36.0150       -6042.779    -6046.495        3.716    29.5
36.0200       -6042.775    -6046.535        3.760    29.8
36.0250       -6042.772    -6046.578        3.806    30.2
36.0300       -6042.786    -6046.602        3.816    30.3
36.0350       -6042.783    -6046.614        3.832    30.4
36.0400       -6042.775    -6046.623        3.849    30.5
36.0450       -6042.795    -6046.629        3.834    30.4
36.0500       -6042.772    -6046.633        3.861    30.6
36.0550       -6042.743    -6046.631        3.888    30.9
36.0600       -6042.712    -6046.624        3.912    31.0
36.0650       -6042.713    -6046.604        3.891    30.9
36.0700       -6042.690    -6046.573        3.883    30.8
36.0750       -6042.699    -6046.537        3.838    30.5
36.0800       -6042.714    -6046.508        3.794    30.1
36.0850       -6042.743    -6046.492        3.749    29.7
36.0900       -6042.749    -6046.495        3.746    29.7
36.0950       -6042.743    -6046.510        3.767    29.9
36.1000       -6042.723    -6046.520        3.797    30.1
36.1050       -6042.724    -6046.513        3.789    30.1
36.1100       -6042.686    -6046.493        3.808    30.2
36.1150       -6042.712    -6046.478        3.767    29.9
36.1200       -6042.736    -6046.495        3.758    29.8
36.1250       -6042.798    -6046.535        3.737    29.7
36.1300       -6042.801    -6046.578        3.777    30.0
36.1350       -6042.782    -6046.600        3.819    30.3
36.1400       -6042.769    -6046.595        3.826    30.4
36.1450       -6042.745    -6046.563        3.818    30.3
36.1500       -6042.755    -6046.530        3.775    30.0
36.1550       -6042.693    -6046.521        3.828    30.4
36.1600       -6042.652    -6046.532        3.880    30.8
36.1650       -6042.663    -6046.536        3.873    30.7
36.1700       -6042.662    -6046.525        3.863    30.7
36.1750       -6042.654    -6046.508        3.854    30.6
36.1800       -6042.659    -6046.500        3.841    30.5
36.1850       -6042.678    -6046.515        3.837    30.4
36.1900       -6042.687    -6046.546        3.859    30.6
36.1950       -6042.703    -6046.567        3.863    30.7
36.2000       -6042.682    -6046.565        3.882    30.8
36.2050       -6042.687    -6046.547        3.861    30.6
36.2100       -6042.669    -6046.524        3.855    30.6
36.2150       -6042.629    -6046.512        3.883    30.8
36.2200       -6042.632    -6046.514        3.883    30.8
36.2250       -6042.643    -6046.528        3.885    30.8
36.2300       -6042.627    -6046.533        3.906    31.0
36.2350       -6042.651    -6046.510        3.859    30.6
36.2400       -6042.616    -6046.469        3.853    30.6
36.2450       -6042.615    -6046.422        3.806    30.2
36.2500       -6042.651    -6046.399        3.747    29.7
36.2550       -6042.620    -6046.408        3.788    30.1
36.2600       -6042.622    -6046.430        3.808    30.2
36.2650       -6042.611    -6046.443        3.832    30.4
36.2700       -6042.636    -6046.455        3.819    30.3
36.2750       -6042.637    -6046.467        3.829    30.4
36.2800       -6042.635    -6046.490        3.855    30.6
36.2850       -6042.655    -6046.522        3.867    30.7
36.2900       -6042.663    -6046.545        3.882    30.8
36.2950       -6042.662    -6046.546        3.884    30.8
36.3000       -6042.643    -6046.534        3.891    30.9
36.3050       -6042.648    -6046.517        3.869    30.7
36.3100       -6042.626    -6046.521        3.896    30.9
36.3150       -6042.628    -6046.537        3.909    31.0
36.3200       -6042.645    -6046.551        3.906    31.0
36.3250       -6042.638    -6046.545        3.907    31.0
36.3300       -6042.627    -6046.522        3.895    30.9
36.3350       -6042.610    -6046.500        3.890    30.9
36.3400       -6042.609    -6046.486        3.877    30.8
36.3450       -6042.589    -6046.492        3.903    31.0
36.3500       -6042.607    -6046.511        3.903    31.0
36.3550       -6042.608    -6046.518        3.911    31.0
36.3600       -6042.640    -6046.509        3.869    30.7
36.3650       -6042.665    -6046.490        3.825    30.3
36.3700       -6042.700    -6046.472        3.772    29.9
36.3750       -6042.720    -6046.468        3.748    29.7
36.3800       -6042.739    -6046.477        3.737    29.7
36.3850       -6042.777    -6046.499        3.722    29.5
36.3900       -6042.771    -6046.527        3.756    29.8
36.3950       -6042.775    -6046.553        3.778    30.0
36.4000       -6042.766    -6046.582        3.816    30.3
36.4050       -6042.764    -6046.608        3.844    30.5
36.4100       -6042.765    -6046.632        3.868    30.7
36.4150       -6042.760    -6046.642        3.882    30.8
36.4200       -6042.770    -6046.631        3.862    30.6
36.4250       -6042.782    -6046.600        3.818    30.3
36.4300       -6042.783    -6046.551        3.768    29.9
36.4350       -6042.792    -6046.514        3.722    29.5
36.4400       -6042.794    -6046.504        3.710    29.4
36.4450       -6042.787    -6046.526        3.739    29.7
36.4500       -6042.775    -6046.578        3.803    30.2
36.4550       -6042.747    -6046.624        3.877    30.8
36.4600       -6042.739    -6046.629        3.890    30.9
36.4650       -6042.764    -6046.589        3.825    30.4
36.4700       -6042.756    -6046.527        3.771    29.9
36.4750       -6042.733    -6046.473        3.740    29.7
36.4800       -6042.746    -6046.450        3.704    29.4
36.4850       -6042.729    -6046.461        3.733    29.6
36.4900       -6042.703    -6046.487        3.785    30.0
36.4950       -6042.692    -6046.491        3.799    30.1
36.5000       -6042.720    -6046.473        3.753    29.8
36.5050       -6042.701    -6046.465        3.764    29.9
36.5100       -6042.701    -6046.481        3.780    30.0
36.5150       -6042.687    -6046.515        3.828    30.4
36.5200       -6042.680    -6046.557        3.877    30.8
36.5250       -6042.693    -6046.584        3.891    30.9
36.5300       -6042.711    -6046.583        3.872    30.7
36.5350       -6042.729    -6046.543        3.814    30.3
36.5400       -6042.727    -6046.479        3.752    29.8
36.5450       -6042.720    -6046.425        3.705    29.4
36.5500       -6042.698    -6046.403        3.705    29.4
36.5550       -6042.682    -6046.429        3.746    29.7
36.5600       -6042.678    -6046.491        3.813    30.3
36.5650       -6042.655    -6046.557        3.902    31.0
36.5700       -6042.657    -6046.586        3.929    31.2
36.5750       -6042.651    -6046.576        3.925    31.1
36.5800       -6042.634    -6046.548        3.914    31.1
36.5850       -6042.642    -6046.520        3.878    30.8
36.5900       -6042.645    -6046.511        3.867    30.7
36.5950       -6042.657    -6046.522        3.865    30.7
36.6000       -6042.647    -6046.542        3.895    30.9
36.6050       -6042.642    -6046.543        3.902    31.0
36.6100       -6042.661    -6046.512        3.851    30.6
36.6150       -6042.634    -6046.457        3.823    30.3
36.6200       -6042.613    -6046.399        3.786    30.0
36.6250       -6042.586    -6046.372        3.786    30.0
36.6300       -6042.566    -6046.393        3.827    30.4
36.6350       -6042.584    -6046.446        3.862    30.6
36.6400       -6042.617    -6046.494        3.877    30.8
36.6450       -6042.640    -6046.517        3.877    30.8
36.6500       -6042.638    -6046.520        3.881    30.8
36.6550       -6042.622    -6046.504        3.882    30.8
36.6600       -6042.617    -6046.496        3.879    30.8
36.6650       -6042.638    -6046.508        3.870    30.7
36.6700       -6042.632    -6046.542        3.910    31.0
36.6750       -6042.641    -6046.590        3.950    31.3
36.6800       -6042.647    -6046.637        3.990    31.7
36.6850       -6042.657    -6046.667        4.010    31.8
36.6900       -6042.622    -6046.667        4.045    32.1
36.6950       -6042.623    -6046.624        4.002    31.8
36.7000       -6042.635    -6046.550        3.915    31.1
36.7050       -6042.645    -6046.473        3.828    30.4
36.7100       -6042.685    -6046.420        3.735    29.6
36.7150       -6042.651    -6046.403        3.753    29.8
36.7200       -6042.641    -6046.412        3.771    29.9
36.7250       -6042.600    -6046.417        3.817    30.3
36.7300       -6042.576    -6046.394        3.818    30.3
36.7350       -6042.587    -6046.345        3.758    29.8
36.7400       -6042.596    -6046.300        3.704    29.4
36.7450       -6042.583    -6046.294        3.711    29.4
36.7500       -6042.571    -6046.330        3.759    29.8
36.7550       -6042.556    -6046.395        3.839    30.5
36.7600       -6042.543    -6046.466        3.923    31.1
36.7650       -6042.548    -6046.519        3.971    31.5
36.7700       -6042.537    -6046.536        4.000    31.7
36.7750       -6042.556    -6046.516        3.960    31.4
36.7800       -6042.557    -6046.477        3.920    31.1
36.7850       -6042.539    -6046.435        3.896    30.9
36.7900       -6042.551    -6046.415        3.864    30.7
36.7950       -6042.567    -6046.419        3.852    30.6
36.8000       -6042.559    -6046.435        3.876    30.8
36.8050       -6042.560    -6046.451        3.891    30.9
36.8100       -6042.568    -6046.456        3.888    30.8
36.8150       -6042.582    -6046.447        3.866    30.7
36.8200       -6042.561    -6046.428        3.867    30.7
36.8250       -6042.528    -6046.409        3.880    30.8
36.8300       -6042.557    -6046.410        3.853    30.6
36.8350       -6042.557    -6046.448        3.891    30.9
36.8400       -6042.538    -6046.495        3.957    31.4
36.8450       -6042.518    -6046.535        4.017    31.9
36.8500       -6042.547    -6046.551        4.004    31.8
36.8550       -6042.564    -6046.540        3.976    31.5
36.8600       -6042.574    -6046.509        3.935    31.2
36.8650       -6042.585    -6046.481        3.896    30.9
36.8700       -6042.555    -6046.470        3.915    31.1
36.8750       -6042.556    -6046.485        3.929    31.2
36.8800       -6042.542    -6046.511        3.969    31.5
36.8850       -6042.539    -6046.524        3.985    31.6
36.8900       -6042.529    -6046.522        3.994    31.7
36.8950       -6042.511    -6046.512        4.002    31.8
36.9000       -6042.512    -6046.503        3.992    31.7
36.9050       -6042.528    -6046.486        3.959    31.4
36.9100       -6042.510    -6046.470        3.960    31.4
36.9150       -6042.497    -6046.456        3.958    31.4
36.9200       -6042.524    -6046.447        3.923    31.1
36.9250       -6042.533    -6046.444        3.911    31.0
36.9300       -6042.552    -6046.437        3.885    30.8
36.9350       -6042.566    -6046.423        3.857    30.6
36.9400       -6042.569    -6046.409        3.840    30.5
36.9450       -6042.562    -6046.396        3.834    30.4
36.9500       -6042.549    -6046.391        3.842    30.5
36.9550       -6042.576    -6046.405        3.829    30.4
36.9600       -6042.565    -6046.426        3.861    30.6
36.9650       -6042.569    -6046.439        3.870    30.7
36.9700       -6042.582    -6046.437        3.856    30.6
36.9750       -6042.571    -6046.432        3.861    30.6
36.9800       -6042.546    -6046.434        3.888    30.9
36.9850       -6042.541    -6046.440        3.899    30.9
36.9900       -6042.556    -6046.445        3.890    30.9
36.9950       -6042.581    -6046.437        3.856    30.6
37.0000       -6042.546    -6046.408        3.863    30.6
37.0050       -6042.571    -6046.364        3.793    30.1
37.0100       -6042.585    -6046.327        3.742    29.7
37.0150       -6042.605    -6046.321        3.716    29.5
37.0200       -6042.621    -6046.363        3.742    29.7
37.0250       -6042.637    -6046.426        3.788    30.1
37.0300       -6042.664    -6046.492        3.827    30.4
37.0350       -6042.673    -6046.537        3.864    30.7
37.0400       -6042.681    -6046.566        3.885    30.8
37.0450       -6042.689    -6046.583        3.894    30.9
37.0500       -6042.683    -6046.594        3.911    31.0
37.0550       -6042.705    -6046.604        3.899    30.9
37.0600       -6042.733    -6046.600        3.867    30.7
37.0650       -6042.747    -6046.583        3.836    30.4
37.0700       -6042.732    -6046.553        3.821    30.3
37.0750       -6042.719    -6046.529        3.810    30.2
37.0800       -6042.698    -6046.527        3.829    30.4
37.0850       -6042.711    -6046.552        3.841    30.5
37.0900       -6042.690    -6046.602        3.913    31.0
37.0950       -6042.658    -6046.653        3.995    31.7
37.1000       -6042.681    -6046.671        3.989    31.7
37.1050       -6042.708    -6046.648        3.940    31.3
37.1100       -6042.734    -6046.600        3.866    30.7
37.1150       -6042.732    -6046.554        3.822    30.3
37.1200       -6042.740    -6046.547        3.807    30.2
37.1250       -6042.729    -6046.580        3.851    30.6
37.1300       -6042.722    -6046.623        3.900    30.9
37.1350       -6042.786    -6046.649        3.863    30.7
37.1400       -6042.773    -6046.641        3.867    30.7
37.1450       -6042.801    -6046.597        3.796    30.1
37.1500       -6042.792    -6046.530        3.738    29.7
37.1550       -6042.771    -6046.469        3.698    29.3
37.1600       -6042.782    -6046.437        3.655    29.0
37.1650       -6042.771    -6046.442        3.671    29.1
37.1700       -6042.732    -6046.467        3.735    29.6
37.1750       -6042.728    -6046.482        3.754    29.8
37.1800       -6042.764    -6046.458        3.694    29.3
37.1850       -6042.717    -6046.424        3.707    29.4
37.1900       -6042.685    -6046.414        3.729    29.6
37.1950       -6042.700    -6046.457        3.757    29.8
37.2000       -6042.699    -6046.542        3.844    30.5
37.2050       -6042.714    -6046.610        3.895    30.9
37.2100       -6042.747    -6046.619        3.872    30.7
37.2150       -6042.774    -6046.572        3.798    30.1
37.2200       -6042.780    -6046.498        3.719    29.5
37.2250       -6042.770    -6046.446        3.675    29.2
37.2300       -6042.761    -6046.441        3.681    29.2
37.2350       -6042.767    -6046.485        3.718    29.5
37.2400       -6042.764    -6046.536        3.772    29.9
37.2450       -6042.763    -6046.555        3.792    30.1
37.2500       -6042.761    -6046.528        3.766    29.9
37.2550       -6042.742    -6046.476        3.734    29.6
37.2600       -6042.727    -6046.441        3.715    29.5
37.2650       -6042.705    -6046.460        3.755    29.8
37.2700       -6042.656    -6046.526        3.870    30.7
37.2750       -6042.687    -6046.607        3.919    31.1
37.2800       -6042.662    -6046.673        4.012    31.8
37.2850       -6042.668    -6046.696        4.028    32.0
37.2900       -6042.677    -6046.680        4.004    31.8
37.2950       -6042.682    -6046.656        3.974    31.5
37.3000       -6042.697    -6046.641        3.944    31.3
37.3050       -6042.708    -6046.641        3.933    31.2
37.3100       -6042.707    -6046.644        3.937    31.2
37.3150       -6042.705    -6046.613        3.908    31.0
37.3200       -6042.705    -6046.543        3.838    30.5
37.3250       -6042.728    -6046.461        3.733    29.6
37.3300       -6042.752    -6046.415        3.663    29.1
37.3350       -6042.760    -6046.425        3.665    29.1
37.3400       -6042.755    -6046.477        3.721    29.5
37.3450       -6042.770    -6046.542        3.772    29.9
37.3500       -6042.768    -6046.594        3.826    30.4
37.3550       -6042.758    -6046.604        3.846    30.5
37.3600       -6042.761    -6046.573        3.813    30.3
37.3650       -6042.770    -6046.536        3.765    29.9
37.3700       -6042.762    -6046.512        3.750    29.8
37.3750       -6042.770    -6046.504        3.734    29.6
37.3800       -6042.759    -6046.509        3.751    29.8
37.3850       -6042.756    -6046.519        3.762    29.9
37.3900       -6042.760    -6046.530        3.770    29.9
37.3950       -6042.782    -6046.533        3.751    29.8
37.4000       -6042.812    -6046.547        3.736    29.6
37.4050       -6042.865    -6046.589        3.724    29.6
37.4100       -6042.881    -6046.645        3.764    29.9
37.4150       -6042.877    -6046.691        3.814    30.3
37.4200       -6042.886    -6046.702        3.816    30.3
37.4250       -6042.903    -6046.675        3.772    29.9
37.4300       -6042.909    -6046.635        3.726    29.6
37.4350       -6042.897    -6046.605        3.709    29.4
37.4400       -6042.883    -6046.598        3.715    29.5
37.4450       -6042.849    -6046.620        3.771    29.9
37.4500       -6042.877    -6046.641        3.764    29.9
37.4550       -6042.882    -6046.635        3.753    29.8
37.4600       -6042.906    -6046.615        3.709    29.4
37.4650       -6042.894    -6046.584        3.690    29.3
37.4700       -6042.910    -6046.567        3.657    29.0
37.4750       -6042.926    -6046.564        3.639    28.9
37.4800       -6042.890    -6046.572        3.683    29.2
37.4850       -6042.887    -6046.589        3.703    29.4
37.4900       -6042.861    -6046.594        3.733    29.6
37.4950       -6042.868    -6046.589        3.721    29.5
37.5000       -6042.851    -6046.580        3.728    29.6
37.5050       -6042.832    -6046.580        3.748    29.7
37.5100       -6042.862    -6046.602        3.739    29.7
37.5150       -6042.880    -6046.640        3.760    29.8
37.5200       -6042.889    -6046.690        3.801    30.2
37.5250       -6042.890    -6046.730        3.840    30.5
37.5300       -6042.880    -6046.738        3.859    30.6
37.5350       -6042.887    -6046.712        3.825    30.4
37.5400       -6042.895    -6046.672        3.777    30.0
37.5450       -6042.876    -6046.642        3.766    29.9
37.5500       -6042.866    -6046.623        3.757    29.8
37.5550       -6042.870    -6046.602        3.732    29.6
37.5600       -6042.841    -6046.579        3.738    29.7
37.5650       -6042.834    -6046.555        3.721    29.5
37.5700       -6042.847    -6046.538        3.691    29.3
37.5750       -6042.857    -6046.534        3.677    29.2
37.5800       -6042.833    -6046.549        3.716    29.5
37.5850       -6042.866    -6046.568        3.702    29.4
37.5900       -6042.877    -6046.581        3.704    29.4
37.5950       -6042.898    -6046.588        3.690    29.3
37.6000       -6042.890    -6046.584        3.695    29.3
37.6050       -6042.902    -6046.580        3.678    29.2
37.6100       -6042.882    -6046.590        3.708    29.4
37.6150       -6042.875    -6046.613        3.738    29.7
37.6200       -6042.887    -6046.647        3.760    29.8
37.6250       -6042.881    -6046.680        3.800    30.1
37.6300       -6042.913    -6046.692        3.778    30.0
37.6350       -6042.870    -6046.685        3.815    30.3
37.6400       -6042.859    -6046.663        3.804    30.2
37.6450       -6042.872    -6046.633        3.761    29.8
37.6500       -6042.856    -6046.601        3.744    29.7
37.6550       -6042.864    -6046.581        3.718    29.5
37.6600       -6042.853    -6046.574        3.721    29.5
37.6650       -6042.860    -6046.567        3.707    29.4
37.6700       -6042.867    -6046.556        3.690    29.3
37.6750       -6042.851    -6046.565        3.713    29.5
37.6800       -6042.850    -6046.594        3.744    29.7
37.6850       -6042.854    -6046.637        3.782    30.0
37.6900       -6042.830    -6046.665        3.835    30.4
37.6950       -6042.842    -6046.668        3.826    30.4
37.7000       -6042.829    -6046.651        3.822    30.3
37.7050       -6042.827    -6046.617        3.790    30.1
37.7100       -6042.849    -6046.589        3.740    29.7
37.7150       -6042.847    -6046.588        3.741    29.7
37.7200       -6042.847    -6046.610        3.762    29.9
37.7250       -6042.849    -6046.634        3.785    30.0
37.7300       -6042.880    -6046.645        3.765    29.9
37.7350       -6042.858    -6046.634        3.776    30.0
37.7400       -6042.822    -6046.597        3.775    30.0
37.7450       -6042.826    -6046.548        3.722    29.5
37.7500       -6042.801    -6046.520        3.719    29.5
37.7550       -6042.813    -6046.530        3.717    29.5
37.7600       -6042.785    -6046.571        3.785    30.0
37.7650       -6042.756    -6046.607        3.852    30.6
37.7700       -6042.764    -6046.608        3.844    30.5
37.7750       -6042.760    -6046.577        3.817    30.3
37.7800       -6042.785    -6046.533        3.748    29.7
37.7850       -6042.804    -6046.495        3.691    29.3
37.7900       -6042.803    -6046.488        3.685    29.2
37.7950       -6042.795    -6046.525        3.730    29.6
37.8000       -6042.794    -6046.583        3.789    30.1
37.8050       -6042.815    -6046.641        3.826    30.4
37.8100       -6042.799    -6046.671        3.872    30.7
37.8150       -6042.792    -6046.666        3.874    30.7
37.8200       -6042.756    -6046.631        3.874    30.7
37.8250       -6042.738    -6046.594        3.856    30.6
37.8300       -6042.726    -6046.568        3.842    30.5
37.8350       -6042.731    -6046.557        3.826    30.4
37.8400       -6042.713    -6046.562        3.849    30.5
37.8450       -6042.729    -6046.577        3.848    30.5
37.8500       -6042.739    -6046.589        3.849    30.5
37.8550       -6042.766    -6046.577        3.811    30.2
37.8600       -6042.744    -6046.535        3.791    30.1
37.8650       -6042.761    -6046.484        3.723    29.5
37.8700       -6042.771    -6046.452        3.682    29.2
37.8750       -6042.763    -6046.456        3.693    29.3
37.8800       -6042.775    -6046.486        3.711    29.4
37.8850       -6042.778    -6046.518        3.740    29.7
37.8900       -6042.780    -6046.530        3.750    29.8
37.8950       -6042.789    -6046.525        3.736    29.6
37.9000       -6042.778    -6046.516        3.737    29.7
37.9050       -6042.777    -6046.518        3.741    29.7
37.9100       -6042.768    -6046.536        3.768    29.9
37.9150       -6042.790    -6046.552        3.762    29.9
37.9200       -6042.770    -6046.552        3.782    30.0
37.9250       -6042.795    -6046.529        3.734    29.6
37.9300       -6042.783    -6046.506        3.723    29.5
37.9350       -6042.774    -6046.509        3.735    29.6
37.9400       -6042.776    -6046.542        3.765    29.9
37.9450       -6042.778    -6046.587        3.809    30.2
37.9500       -6042.761    -6046.630        3.869    30.7
37.9550       -6042.739    -6046.653        3.914    31.1
37.9600       -6042.753    -6046.651        3.898    30.9
37.9650       -6042.720    -6046.631        3.911    31.0
37.9700       -6042.736    -6046.607        3.871    30.7
37.9750       -6042.728    -6046.592        3.864    30.7
37.9800       -6042.731    -6046.590        3.859    30.6
37.9850       -6042.730    -6046.585        3.855    30.6
37.9900       -6042.748    -6046.560        3.812    30.2
37.9950       -6042.737    -6046.523        3.786    30.0
38.0000       -6042.718    -6046.485        3.766    29.9
38.0050       -6042.748    -6046.466        3.718    29.5
38.0100       -6042.744    -6046.490        3.747    29.7
38.0150       -6042.737    -6046.530        3.794    30.1
38.0200       -6042.733    -6046.556        3.823    30.3
38.0250       -6042.736    -6046.539        3.803    30.2
38.0300       -6042.749    -6046.484        3.735    29.6
38.0350       -6042.710    -6046.425        3.716    29.5
38.0400       -6042.700    -6046.409        3.708    29.4
38.0450       -6042.701    -6046.447        3.746    29.7
38.0500       -6042.656    -6046.528        3.873    30.7
38.0550       -6042.656    -6046.599        3.944    31.3
38.0600       -6042.611    -6046.623        4.012    31.8
38.0650       -6042.656    -6046.596        3.939    31.3
38.0700       -6042.683    -6046.543        3.860    30.6
38.0750       -6042.650    -6046.513        3.863    30.6
38.0800       -6042.634    -6046.513        3.879    30.8
38.0850       -6042.640    -6046.530        3.891    30.9
38.0900       -6042.634    -6046.547        3.912    31.0
38.0950       -6042.622    -6046.543        3.921    31.1
38.1000       -6042.616    -6046.525        3.909    31.0
38.1050       -6042.615    -6046.501        3.886    30.8
38.1100       -6042.634    -6046.493        3.859    30.6
38.1150       -6042.649    -6046.523        3.875    30.7
38.1200       -6042.667    -6046.565        3.898    30.9
38.1250       -6042.691    -6046.592        3.901    31.0
38.1300       -6042.671    -6046.584        3.913    31.0
38.1350       -6042.671    -6046.547        3.876    30.8
38.1400       -6042.676    -6046.495        3.819    30.3
38.1450       -6042.639    -6046.453        3.814    30.3
38.1500       -6042.650    -6046.413        3.763    29.9
38.1550       -6042.647    -6046.366        3.719    29.5
38.1600       -6042.665    -6046.315        3.650    29.0
38.1650       -6042.662    -6046.271        3.608    28.6
38.1700       -6042.636    -6046.266        3.630    28.8
38.1750       -6042.628    -6046.313        3.685    29.2
38.1800       -6042.615    -6046.391        3.776    30.0
38.1850       -6042.650    -6046.471        3.821    30.3
38.1900       -6042.651    -6046.523        3.872    30.7
38.1950       -6042.659    -6046.543        3.885    30.8
38.2000       -6042.647    -6046.547        3.900    30.9
38.2050       -6042.658    -6046.533        3.875    30.7
38.2100       -6042.661    -6046.525        3.864    30.7
38.2150       -6042.664    -6046.522        3.858    30.6
38.2200       -6042.681    -6046.527        3.845    30.5
38.2250       -6042.674    -6046.538        3.864    30.7
38.2300       -6042.690    -6046.546        3.856    30.6
38.2350       -6042.692    -6046.547        3.855    30.6
38.2400       -6042.704    -6046.545        3.841    30.5
38.2450       -6042.723    -6046.545        3.821    30.3
38.2500       -6042.739    -6046.543        3.804    30.2
38.2550       -6042.743    -6046.551        3.808    30.2
38.2600       -6042.718    -6046.551        3.833    30.4
38.2650       -6042.736    -6046.537        3.801    30.2
38.2700       -6042.734    -6046.510        3.777    30.0
38.2750       -6042.729    -6046.478        3.749    29.7
38.2800       -6042.722    -6046.460        3.737    29.7
38.2850       -6042.675    -6046.465        3.790    30.1
38.2900       -6042.665    -6046.485        3.820    30.3
38.2950       -6042.644    -6046.510        3.866    30.7
38.3000       -6042.643    -6046.539        3.895    30.9
38.3050       -6042.614    -6046.560        3.945    31.3
38.3100       -6042.609    -6046.569        3.960    31.4
38.3150       -6042.613    -6046.549        3.936    31.2
38.3200       -6042.621    -6046.505        3.884    30.8
38.3250       -6042.620    -6046.461        3.841    30.5
38.3300       -6042.631    -6046.434        3.803    30.2
38.3350       -6042.663    -6046.440        3.778    30.0
38.3400       -6042.659    -6046.472        3.813    30.3
38.3450       -6042.632    -6046.511        3.879    30.8
38.3500       -6042.641    -6046.534        3.893    30.9
38.3550       -6042.644    -6046.536        3.892    30.9
38.3600       -6042.612    -6046.532        3.919    31.1
38.3650       -6042.627    -6046.524        3.898    30.9
38.3700       -6042.619    -6046.525        3.906    31.0
38.3750       -6042.605    -6046.536        3.931    31.2
38.3800       -6042.610    -6046.548        3.938    31.2
38.3850       -6042.604    -6046.538        3.934    31.2
38.3900       -6042.609    -6046.509        3.900    30.9
38.3950       -6042.588    -6046.473        3.884    30.8
38.4000       -6042.569    -6046.444        3.875    30.7
38.4050       -6042.548    -6046.432        3.884    30.8
38.4100       -6042.558    -6046.438        3.880    30.8
38.4150       -6042.601    -6046.456        3.855    30.6
38.4200       -6042.597    -6046.476        3.880    30.8
38.4250       -6042.606    -6046.488        3.882    30.8
38.4300       -6042.609    -6046.483        3.873    30.7
38.4350       -6042.613    -6046.464        3.851    30.6
38.4400       -6042.607    -6046.450        3.844    30.5
38.4450       -6042.601    -6046.455        3.854    30.6
38.4500       -6042.576    -6046.483        3.907    31.0
38.4550       -6042.563    -6046.511        3.948    31.3
38.4600       -6042.563    -6046.526        3.964    31.4
38.4650       -6042.570    -6046.518        3.947    31.3
38.4700       -6042.570    -6046.488        3.918    31.1
38.4750       -6042.565    -6046.449        3.883    30.8
38.4800       -6042.554    -6046.409        3.855    30.6
38.4850       -6042.583    -6046.365        3.783    30.0
38.4900       -6042.571    -6046.324        3.753    29.8
38.4950       -6042.550    -6046.297        3.746    29.7
38.5000       -6042.525    -6046.305        3.780    30.0
38.5050       -6042.527    -6046.361        3.834    30.4
38.5100       -6042.524    -6046.449        3.925    31.1
38.5150       -6042.536    -6046.532        3.996    31.7
38.5200       -6042.548    -6046.571        4.024    31.9
38.5250       -6042.526    -6046.558        4.032    32.0
38.5300       -6042.546    -6046.502        3.956    31.4
38.5350       -6042.552    -6046.429        3.877    30.8
38.5400       -6042.581    -6046.377        3.797    30.1
38.5450       -6042.579    -6046.366        3.787    30.0
38.5500       -6042.580    -6046.383        3.803    30.2
38.5550       -6042.582    -6046.416        3.834    30.4
38.5600       -6042.563    -6046.442        3.879    30.8
38.5650       -6042.589    -6046.455        3.866    30.7
38.5700       -6042.561    -6046.465        3.904    31.0
38.5750       -6042.566    -6046.476        3.910    31.0
38.5800       -6042.557    -6046.483        3.926    31.2
38.5850       -6042.594    -6046.485        3.892    30.9
38.5900       -6042.615    -6046.490        3.876    30.8
38.5950       -6042.623    -6046.495        3.872    30.7
38.6000       -6042.629    -6046.490        3.861    30.6
38.6050       -6042.600    -6046.481        3.881    30.8
38.6100       -6042.593    -6046.492        3.899    30.9
38.6150       -6042.626    -6046.521        3.895    30.9
38.6200       -6042.663    -6046.555        3.891    30.9
38.6250       -6042.661    -6046.588        3.927    31.2
38.6300       -6042.652    -6046.588        3.936    31.2
38.6350       -6042.674    -6046.550        3.875    30.7
38.6400       -6042.689    -6046.488        3.799    30.1
38.6450       -6042.666    -6046.439        3.772    29.9
38.6500       -6042.642    -6046.435        3.793    30.1
38.6550       -6042.630    -6046.478        3.849    30.5
38.6600       -6042.607    -6046.535        3.928    31.2
38.6650       -6042.565    -6046.572        4.006    31.8
38.6700       -6042.547    -6046.562        4.015    31.9
38.6750       -6042.580    -6046.509        3.930    31.2
38.6800       -6042.569    -6046.451        3.883    30.8
38.6850       -6042.570    -6046.418        3.848    30.5
38.6900       -6042.558    -6046.424        3.866    30.7
38.6950       -6042.546    -6046.450        3.905    31.0
38.7000       -6042.571    -6046.472        3.901    31.0
38.7050       -6042.566    -6046.455        3.889    30.9
38.7100       -6042.561    -6046.406        3.845    30.5
38.7150       -6042.573    -6046.348        3.774    29.9
38.7200       -6042.618    -6046.317        3.698    29.3
38.7250       -6042.656    -6046.321        3.665    29.1
38.7300       -6042.684    -6046.360        3.676    29.2
38.7350       -6042.681    -6046.420        3.739    29.7
38.7400       -6042.694    -6046.476        3.782    30.0
38.7450       -6042.707    -6046.506        3.798    30.1
38.7500       -6042.713    -6046.508        3.796    30.1
38.7550       -6042.737    -6046.509        3.771    29.9
38.7600       -6042.768    -6046.517        3.749    29.7
38.7650       -6042.766    -6046.547        3.781    30.0
38.7700       -6042.767    -6046.592        3.825    30.3
38.7750       -6042.798    -6046.632        3.834    30.4
38.7800       -6042.771    -6046.657        3.886    30.8
38.7850       -6042.788    -6046.663        3.875    30.7
38.7900       -6042.784    -6046.652        3.868    30.7
38.7950       -6042.775    -6046.622        3.846    30.5
38.8000       -6042.789    -6046.587        3.797    30.1
38.8050       -6042.788    -6046.566        3.778    30.0
38.8100       -6042.766    -6046.580        3.814    30.3
38.8150       -6042.789    -6046.611        3.821    30.3
38.8200       -6042.787    -6046.649        3.862    30.6
38.8250       -6042.794    -6046.670        3.876    30.8
38.8300       -6042.779    -6046.661        3.882    30.8
38.8350       -6042.782    -6046.624        3.842    30.5
38.8400       -6042.835    -6046.583        3.747    29.7
38.8450       -6042.834    -6046.550        3.716    29.5
38.8500       -6042.838    -6046.527        3.690    29.3
38.8550       -6042.840    -6046.512        3.673    29.1
38.8600       -6042.836    -6046.496        3.660    29.0
38.8650       -6042.868    -6046.481        3.613    28.7
38.8700       -6042.868    -6046.466        3.597    28.5
38.8750       -6042.836    -6046.457        3.621    28.7
38.8800       -6042.790    -6046.460        3.670    29.1
38.8850       -6042.792    -6046.483        3.691    29.3
38.8900       -6042.815    -6046.523        3.708    29.4
38.8950       -6042.826    -6046.564        3.738    29.7
38.9000       -6042.813    -6046.591        3.778    30.0
38.9050       -6042.806    -6046.599        3.793    30.1
38.9100       -6042.840    -6046.596        3.756    29.8
38.9150       -6042.876    -6046.611        3.735    29.6
38.9200       -6042.889    -6046.643        3.753    29.8
38.9250       -6042.885    -6046.660        3.775    30.0
38.9300       -6042.894    -6046.643        3.749    29.7
38.9350       -6042.909    -6046.595        3.687    29.3
38.9400       -6042.894    -6046.535        3.642    28.9
38.9450       -6042.882    -6046.502        3.620    28.7
38.9500       -6042.883    -6046.518        3.635    28.8
38.9550       -6042.901    -6046.573        3.672    29.1
38.9600       -6042.878    -6046.649        3.771    29.9
38.9650       -6042.913    -6046.701        3.788    30.1
38.9700       -6042.908    -6046.711        3.803    30.2
38.9750       -6042.926    -6046.686        3.760    29.8
38.9800       -6042.933    -6046.653        3.721    29.5
38.9850       -6042.913    -6046.644        3.732    29.6
38.9900       -6042.918    -6046.654        3.736    29.6
38.9950       -6042.913    -6046.660        3.746    29.7
39.0000       -6042.905    -6046.647        3.742    29.7
39.0050       -6042.899    -6046.621        3.722    29.5
39.0100       -6042.889    -6046.597        3.708    29.4
39.0150       -6042.872    -6046.587        3.714    29.5
39.0200       -6042.872    -6046.597        3.725    29.6
39.0250       -6042.890    -6046.618        3.727    29.6
39.0300       -6042.871    -6046.630        3.759    29.8
39.0350       -6042.895    -6046.622        3.727    29.6
39.0400       -6042.878    -6046.605        3.727    29.6
39.0450       -6042.870    -6046.600        3.730    29.6
39.0500       -6042.870    -6046.623        3.753    29.8
39.0550       -6042.849    -6046.674        3.825    30.4
39.0600       -6042.875    -6046.729        3.854    30.6
39.0650       -6042.853    -6046.762        3.909    31.0
39.0700       -6042.862    -6046.756        3.894    30.9
39.0750       -6042.852    -6046.719        3.867    30.7
39.0800       -6042.841    -6046.664        3.823    30.3
39.0850       -6042.824    -6046.611        3.786    30.0
39.0900       -6042.841    -6046.577        3.736    29.6
39.0950       -6042.832    -6046.559        3.727    29.6
39.1000       -6042.860    -6046.553        3.694    29.3
39.1050       -6042.868    -6046.538        3.670    29.1
39.1100       -6042.885    -6046.503        3.618    28.7
39.1150       -6042.880    -6046.483        3.603    28.6
39.1200       -6042.887    -6046.499        3.612    28.7
39.1250       -6042.914    -6046.550        3.636    28.9
39.1300       -6042.915    -6046.611        3.695    29.3
39.1350       -6042.929    -6046.652        3.722    29.5
39.1400       -6042.918    -6046.641        3.723    29.5
39.1450       -6042.902    -6046.578        3.676    29.2
39.1500       -6042.894    -6046.510        3.616    28.7
39.1550       -6042.870    -6046.468        3.598    28.5
39.1600       -6042.873    -6046.457        3.584    28.4
39.1650       -6042.885    -6046.478        3.593    28.5
39.1700       -6042.864    -6046.524        3.660    29.0
39.1750       -6042.871    -6046.579        3.709    29.4
39.1800       -6042.866    -6046.632        3.765    29.9
39.1850       -6042.877    -6046.674        3.797    30.1
39.1900       -6042.857    -6046.693        3.836    30.4
39.1950       -6042.867    -6046.676        3.809    30.2
39.2000       -6042.868    -6046.634        3.766    29.9
39.2050       -6042.822    -6046.599        3.777    30.0
39.2100       -6042.796    -6046.576        3.781    30.0
39.2150       -6042.779    -6046.575        3.796    30.1
39.2200       -6042.780    -6046.589        3.808    30.2
39.2250       -6042.805    -6046.600        3.795    30.1
39.2300       -6042.796    -6046.607        3.811    30.2
39.2350       -6042.823    -6046.612        3.789    30.1
39.2400       -6042.800    -6046.603        3.803    30.2
39.2450       -6042.790    -6046.592        3.803    30.2
39.2500       -6042.775    -6046.590        3.815    30.3
39.2550       -6042.777    -6046.587        3.810    30.2
39.2600       -6042.790    -6046.584        3.794    30.1
39.2650       -6042.790    -6046.594        3.804    30.2
39.2700       -6042.788    -6046.613        3.826    30.4
39.2750       -6042.797    -6046.622        3.824    30.3
39.2800       -6042.809    -6046.607        3.799    30.1
39.2850       -6042.817    -6046.574        3.757    29.8
39.2900       -6042.793    -6046.543        3.750    29.8
39.2950       -6042.810    -6046.518        3.708    29.4
39.3000       -6042.847    -6046.500        3.653    29.0
39.3050       -6042.869    -6046.512        3.642    28.9
39.3100       -6042.816    -6046.555        3.739    29.7
39.3150       -6042.856    -6046.593        3.737    29.7
39.3200       -6042.879    -6046.609        3.730    29.6
39.3250       -6042.862    -6046.593        3.731    29.6
39.3300       -6042.864    -6046.565        3.701    29.4
39.3350       -6042.855    -6046.544        3.690    29.3
39.3400       -6042.854    -6046.537        3.683    29.2
39.3450       -6042.839    -6046.554        3.715    29.5
39.3500       -6042.825    -6046.591        3.766    29.9
39.3550       -6042.801    -6046.622        3.821    30.3
39.3600       -6042.797    -6046.631        3.834    30.4
39.3650       -6042.806    -6046.616        3.810    30.2
39.3700       -6042.790    -6046.604        3.814    30.3
39.3750       -6042.789    -6046.611        3.823    30.3
39.3800       -6042.812    -6046.645        3.833    30.4
39.3850       -6042.829    -6046.683        3.854    30.6
39.3900       -6042.800    -6046.711        3.911    31.0
39.3950       -6042.836    -6046.709        3.873    30.7
39.4000       -6042.837    -6046.670        3.833    30.4
39.4050       -6042.822    -6046.607        3.785    30.0
39.4100       -6042.806    -6046.548        3.742    29.7
39.4150       -6042.828    -6046.514        3.686    29.2
39.4200       -6042.815    -6046.520        3.705    29.4
39.4250       -6042.808    -6046.569        3.761    29.8
39.4300       -6042.798    -6046.627        3.829    30.4
39.4350       -6042.797    -6046.657        3.860    30.6
39.4400       -6042.802    -6046.644        3.843    30.5
39.4450       -6042.795    -6046.598        3.803    30.2
39.4500       -6042.839    -6046.551        3.712    29.5
39.4550       -6042.836    -6046.539        3.703    29.4
39.4600       -6042.827    -6046.564        3.737    29.7
39.4650       -6042.816    -6046.598        3.782    30.0
39.4700       -6042.814    -6046.611        3.797    30.1
39.4750       -6042.803    -6046.595        3.791    30.1
39.4800       -6042.820    -6046.562        3.742    29.7
39.4850       -6042.830    -6046.535        3.705    29.4
39.4900       -6042.868    -6046.528        3.660    29.0
39.4950       -6042.888    -6046.544        3.656    29.0
39.5000       -6042.895    -6046.563        3.668    29.1
39.5050       -6042.882    -6046.573        3.692    29.3
39.5100       -6042.883    -6046.578        3.695    29.3
39.5150       -6042.909    -6046.585        3.676    29.2
39.5200       -6042.899    -6046.620        3.721    29.5
39.5250       -6042.910    -6046.666        3.756    29.8
39.5300       -6042.923    -6046.694        3.771    29.9
39.5350       -6042.891    -6046.696        3.805    30.2
39.5400       -6042.892    -6046.667        3.775    30.0
39.5450       -6042.874    -6046.619        3.745    29.7
39.5500       -6042.861    -6046.578        3.717    29.5
39.5550       -6042.861    -6046.569        3.708    29.4
39.5600       -6042.858    -6046.597        3.740    29.7
39.5650       -6042.859    -6046.638        3.779    30.0
39.5700       -6042.826    -6046.663        3.837    30.4
39.5750       -6042.863    -6046.658        3.795    30.1
39.5800       -6042.875    -6046.615        3.740    29.7
39.5850       -6042.871    -6046.570        3.699    29.4
39.5900       -6042.849    -6046.557        3.709    29.4
39.5950       -6042.806    -6046.576        3.771    29.9
39.6000       -6042.828    -6046.611        3.782    30.0
39.6050       -6042.786    -6046.630        3.844    30.5
39.6100       -6042.763    -6046.606        3.843    30.5
39.6150       -6042.758    -6046.544        3.786    30.0
39.6200       -6042.789    -6046.474        3.685    29.2
39.6250       -6042.761    -6046.432        3.671    29.1
39.6300       -6042.754    -6046.429        3.675    29.2
39.6350       -6042.719    -6046.458        3.739    29.7
39.6400       -6042.739    -6046.488        3.749    29.8
39.6450       -6042.740    -6046.506        3.766    29.9
39.6500       -6042.751    -6046.510        3.759    29.8
39.6550       -6042.736    -6046.499        3.764    29.9
39.6600       -6042.789    -6046.485        3.696    29.3
39.6650       -6042.787    -6046.476        3.689    29.3
39.6700       -6042.803    -6046.477        3.674    29.2
39.6750       -6042.824    -6046.495        3.671    29.1
39.6800       -6042.819    -6046.534        3.715    29.5
39.6850       -6042.837    -6046.587        3.750    29.8
39.6900       -6042.862    -6046.652        3.790    30.1
39.6950       -6042.880    -6046.712        3.831    30.4
39.7000       -6042.885    -6046.751        3.866    30.7
39.7050       -6042.898    -6046.752        3.854    30.6
39.7100       -6042.907    -6046.715        3.809    30.2
39.7150       -6042.926    -6046.659        3.733    29.6
39.7200       -6042.930    -6046.613        3.683    29.2
39.7250       -6042.953    -6046.603        3.650    29.0
39.7300       -6042.952    -6046.652        3.700    29.4
39.7350       -6042.947    -6046.740        3.793    30.1
39.7400       -6042.931    -6046.817        3.887    30.8
39.7450       -6042.942    -6046.838        3.896    30.9
39.7500       -6042.885    -6046.778        3.893    30.9
39.7550       -6042.917    -6046.652        3.735    29.6
39.7600       -6042.918    -6046.525        3.607    28.6
39.7650       -6042.896    -6046.448        3.552    28.2
39.7700       -6042.891    -6046.435        3.544    28.1
39.7750       -6042.903    -6046.471        3.568    28.3
39.7800       -6042.888    -6046.521        3.633    28.8
39.7850       -6042.904    -6046.551        3.647    28.9
39.7900       -6042.916    -6046.555        3.639    28.9
39.7950       -6042.899    -6046.544        3.645    28.9
39.8000       -6042.898    -6046.542        3.645    28.9
39.8050       -6042.890    -6046.555        3.665    29.1
39.8100       -6042.870    -6046.577        3.707    29.4
39.8150       -6042.860    -6046.605        3.744    29.7
39.8200       -6042.859    -6046.637        3.778    30.0
39.8250       -6042.839    -6046.682        3.843    30.5
39.8300       -6042.856    -6046.736        3.880    30.8
39.8350       -6042.847    -6046.778        3.931    31.2
39.8400       -6042.841    -6046.780        3.939    31.3
39.8450       -6042.830    -6046.728        3.898    30.9
39.8500       -6042.841    -6046.636        3.795    30.1
39.8550       -6042.828    -6046.537        3.709    29.4
39.8600       -6042.815    -6046.471        3.656    29.0
39.8650       -6042.834    -6046.456        3.623    28.7
39.8700       -6042.795    -6046.485        3.689    29.3
39.8750       -6042.819    -6046.532        3.712    29.5
39.8800       -6042.818    -6046.572        3.754    29.8
39.8850       -6042.815    -6046.592        3.777    30.0
39.8900       -6042.803    -6046.600        3.797    30.1
39.8950       -6042.786    -6046.616        3.830    30.4
39.9000       -6042.772    -6046.639        3.867    30.7
39.9050       -6042.768    -6046.652        3.884    30.8
39.9100       -6042.720    -6046.633        3.913    31.0
39.9150       -6042.694    -6046.581        3.888    30.8
39.9200       -6042.668    -6046.520        3.852    30.6
39.9250       -6042.674    -6046.475        3.801    30.2
39.9300       -6042.683    -6046.483        3.799    30.1
39.9350       -6042.665    -6046.526        3.861    30.6
39.9400       -6042.644    -6046.576        3.931    31.2
39.9450       -6042.652    -6046.599        3.948    31.3
39.9500       -6042.660    -6046.582        3.923    31.1
39.9550       -6042.660    -6046.538        3.878    30.8
39.9600       -6042.658    -6046.501        3.843    30.5
39.9650       -6042.659    -6046.502        3.843    30.5
39.9700       -6042.657    -6046.533        3.876    30.8
39.9750       -6042.671    -6046.553        3.882    30.8
39.9800       -6042.687    -6046.533        3.846    30.5
39.9850       -6042.685    -6046.468        3.783    30.0
39.9900       -6042.674    -6046.388        3.714    29.5
39.9950       -6042.637    -6046.338        3.701    29.4
40.0000       -6042.632    -6046.339        3.707    29.4
40.0050       -6042.628    -6046.379        3.752    29.8
40.0100       -6042.645    -6046.433        3.787    30.1
40.0150       -6042.637    -6046.472        3.835    30.4
40.0200       -6042.616    -6046.498        3.882    30.8
40.0250       -6042.638    -6046.504        3.866    30.7
40.0300       -6042.635    -6046.496        3.861    30.6
40.0350       -6042.632    -6046.483        3.851    30.6
40.0400       -6042.651    -6046.469        3.819    30.3
40.0450       -6042.633    -6046.464        3.831    30.4
40.0500       -6042.643    -6046.469        3.826    30.4
40.0550       -6042.641    -6046.482        3.841    30.5
40.0600       -6042.638    -6046.488        3.850    30.6
40.0650       -6042.662    -6046.478        3.816    30.3
40.0700       -6042.653    -6046.450        3.797    30.1
40.0750       -6042.651    -6046.420        3.770    29.9
40.0800       -6042.624    -6046.406        3.782    30.0
40.0850       -6042.652    -6046.411        3.759    29.8
40.0900       -6042.627    -6046.443        3.816    30.3
40.0950       -6042.619    -6046.508        3.890    30.9
40.1000       -6042.649    -6046.591        3.942    31.3
40.1050       -6042.691    -6046.662        3.972    31.5
40.1100       -6042.681    -6046.695        4.014    31.8
40.1150       -6042.674    -6046.671        3.997    31.7
40.1200       -6042.671    -6046.593        3.922    31.1
40.1250       -6042.678    -6046.495        3.817    30.3
40.1300       -6042.654    -6046.417        3.763    29.9
40.1350       -6042.643    -6046.390        3.748    29.7
40.1400       -6042.608    -6046.409        3.800    30.2
40.1450       -6042.613    -6046.448        3.834    30.4
40.1500       -6042.655    -6046.477        3.823    30.3
40.1550       -6042.679    -6046.482        3.803    30.2
40.1600       -6042.690    -6046.463        3.773    29.9
40.1650       -6042.678    -6046.442        3.764    29.9
40.1700       -6042.699    -6046.455        3.756    29.8
40.1750       -6042.693    -6046.508        3.815    30.3
40.1800       -6042.689    -6046.581        3.892    30.9
40.1850       -6042.668    -6046.650        3.982    31.6
40.1900       -6042.687    -6046.687        4.000    31.7
40.1950       -6042.678    -6046.671        3.993    31.7
40.2000       -6042.664    -6046.614        3.949    31.3
40.2050       -6042.675    -6046.535        3.860    30.6
40.2100       -6042.675    -6046.468        3.792    30.1
40.2150       -6042.668    -6046.439        3.771    29.9
40.2200       -6042.649    -6046.458        3.809    30.2
40.2250       -6042.654    -6046.505        3.852    30.6
40.2300       -6042.660    -6046.562        3.902    31.0
40.2350       -6042.675    -6046.609        3.934    31.2
40.2400       -6042.664    -6046.620        3.956    31.4
40.2450       -6042.643    -6046.587        3.944    31.3
40.2500       -6042.662    -6046.527        3.865    30.7
40.2550       -6042.666    -6046.467        3.801    30.2
40.2600       -6042.652    -6046.435        3.783    30.0
40.2650       -6042.652    -6046.427        3.775    30.0
40.2700       -6042.628    -6046.429        3.801    30.2
40.2750       -6042.631    -6046.436        3.805    30.2
40.2800       -6042.622    -6046.436        3.814    30.3
40.2850       -6042.610    -6046.425        3.815    30.3
40.2900       -6042.622    -6046.418        3.796    30.1
40.2950       -6042.579    -6046.422        3.843    30.5
40.3000       -6042.581    -6046.426        3.846    30.5
40.3050       -6042.564    -6046.432        3.868    30.7
40.3100       -6042.547    -6046.440        3.893    30.9
40.3150       -6042.534    -6046.449        3.915    31.1
40.3200       -6042.532    -6046.452        3.920    31.1
40.3250       -6042.558    -6046.457        3.899    30.9
40.3300       -6042.581    -6046.467        3.886    30.8
40.3350       -6042.595    -6046.477        3.882    30.8
40.3400       -6042.575    -6046.482        3.907    31.0
40.3450       -6042.584    -6046.482        3.898    30.9
40.3500       -6042.598    -6046.470        3.872    30.7
40.3550       -6042.563    -6046.444        3.882    30.8
40.3600       -6042.565    -6046.421        3.856    30.6
40.3650       -6042.546    -6046.419        3.873    30.7
40.3700       -6042.555    -6046.439        3.884    30.8
40.3750       -6042.571    -6046.465        3.893    30.9
40.3800       -6042.549    -6046.480        3.931    31.2
40.3850       -6042.566    -6046.482        3.916    31.1
40.3900       -6042.576    -6046.474        3.898    30.9
40.3950       -6042.568    -6046.479        3.911    31.0
40.4000       -6042.576    -6046.491        3.915    31.1
40.4050       -6042.619    -6046.514        3.895    30.9
40.4100       -6042.615    -6046.539        3.923    31.1
40.4150       -6042.633    -6046.556        3.923    31.1
40.4200       -6042.650    -6046.542        3.891    30.9
40.4250       -6042.661    -6046.507        3.846    30.5
40.4300       -6042.669    -6046.466        3.797    30.1
40.4350       -6042.687    -6046.459        3.772    29.9
40.4400       -6042.675    -6046.494        3.819    30.3
40.4450       -6042.688    -6046.551        3.863    30.7
40.4500       -6042.689    -6046.595        3.906    31.0
40.4550       -6042.684    -6046.611        3.927    31.2
40.4600       -6042.690    -6046.583        3.894    30.9
40.4650       -6042.685    -6046.530        3.845    30.5
40.4700       -6042.711    -6046.482        3.771    29.9
40.4750       -6042.724    -6046.458        3.734    29.6
40.4800       -6042.755    -6046.464        3.709    29.4
40.4850       -6042.748    -6046.486        3.738    29.7
40.4900       -6042.749    -6046.503        3.754    29.8
40.4950       -6042.763    -6046.496        3.733    29.6
40.5000       -6042.727    -6046.473        3.746    29.7
40.5050       -6042.688    -6046.455        3.767    29.9
40.5100       -6042.667    -6046.456        3.790    30.1
40.5150       -6042.642    -6046.477        3.835    30.4
40.5200       -6042.656    -6046.505        3.849    30.5
40.5250       -6042.690    -6046.525        3.835    30.4
40.5300       -6042.656    -6046.524        3.868    30.7
40.5350       -6042.666    -6046.506        3.839    30.5
40.5400       -6042.648    -6046.497        3.849    30.5
40.5450       -6042.617    -6046.524        3.908    31.0
40.5500       -6042.619    -6046.586        3.966    31.5
40.5550       -6042.623    -6046.658        4.035    32.0
40.5600       -6042.640    -6046.720        4.080    32.4
40.5650       -6042.620    -6046.740        4.119    32.7
40.5700       -6042.621    -6046.705        4.084    32.4
40.5750       -6042.601    -6046.622        4.021    31.9
40.5800       -6042.596    -6046.522        3.926    31.1
40.5850       -6042.608    -6046.430        3.822    30.3
40.5900       -6042.569    -6046.368        3.799    30.1
40.5950       -6042.565    -6046.338        3.773    29.9
40.6000       -6042.525    -6046.329        3.804    30.2
40.6050       -6042.525    -6046.336        3.811    30.2
40.6100       -6042.518    -6046.358        3.840    30.5
40.6150       -6042.452    -6046.390        3.938    31.2
40.6200       -6042.460    -6046.413        3.953    31.4
40.6250       -6042.473    -6046.418        3.945    31.3
40.6300       -6042.475    -6046.413        3.938    31.2
40.6350       -6042.468    -6046.405        3.938    31.2
40.6400       -6042.454    -6046.401        3.947    31.3
40.6450       -6042.454    -6046.394        3.940    31.3
40.6500       -6042.459    -6046.381        3.921    31.1
40.6550       -6042.467    -6046.370        3.903    31.0
40.6600       -6042.493    -6046.364        3.871    30.7
40.6650       -6042.487    -6046.368        3.882    30.8
40.6700       -6042.497    -6046.385        3.888    30.8
40.6750       -6042.528    -6046.401        3.873    30.7
40.6800       -6042.547    -6046.403        3.855    30.6
40.6850       -6042.538    -6046.378        3.840    30.5
40.6900       -6042.523    -6046.348        3.825    30.3
40.6950       -6042.543    -6046.343        3.800    30.2
40.7000       -6042.540    -6046.376        3.836    30.4
40.7050       -6042.539    -6046.434        3.894    30.9
40.7100       -6042.520    -6046.491        3.971    31.5
40.7150       -6042.501    -6046.524        4.023    31.9
40.7200       -6042.481    -6046.525        4.044    32.1
40.7250       -6042.475    -6046.496        4.021    31.9
40.7300       -6042.479    -6046.457        3.979    31.6
40.7350       -6042.476    -6046.439        3.963    31.4
40.7400       -6042.505    -6046.444        3.938    31.3
40.7450       -6042.513    -6046.474        3.961    31.4
40.7500       -6042.535    -6046.509        3.974    31.5
40.7550       -6042.557    -6046.532        3.975    31.5
40.7600       -6042.572    -6046.530        3.959    31.4
40.7650       -6042.553    -6046.497        3.944    31.3
40.7700       -6042.562    -6046.452        3.889    30.9
40.7750       -6042.538    -6046.418        3.880    30.8
40.7800       -6042.574    -6046.403        3.830    30.4
40.7850       -6042.585    -6046.408        3.823    30.3
40.7900       -6042.566    -6046.425        3.860    30.6
40.7950       -6042.585    -6046.444        3.859    30.6
40.8000       -6042.579    -6046.464        3.885    30.8
40.8050       -6042.589    -6046.486        3.897    30.9
40.8100       -6042.568    -6046.503        3.936    31.2
40.8150       -6042.570    -6046.515        3.946    31.3
40.8200       -6042.539    -6046.515        3.975    31.5
40.8250       -6042.535    -6046.492        3.958    31.4
40.8300       -6042.527    -6046.453        3.925    31.1
40.8350       -6042.548    -6046.402        3.854    30.6
40.8400       -6042.546    -6046.360        3.814    30.3
40.8450       -6042.558    -6046.337        3.780    30.0
40.8500       -6042.578    -6046.345        3.767    29.9
40.8550       -6042.595    -6046.386        3.790    30.1
40.8600       -6042.596    -6046.435        3.838    30.5
40.8650       -6042.589    -6046.473        3.884    30.8
40.8700       -6042.612    -6046.489        3.877    30.8
40.8750       -6042.634    -6046.480        3.847    30.5
40.8800       -6042.665    -6046.460        3.795    30.1
40.8850       -6042.642    -6046.456        3.814    30.3
40.8900       -6042.658    -6046.482        3.824    30.3
40.8950       -6042.622    -6046.537        3.915    31.1
40.9000       -6042.639    -6046.585        3.946    31.3
40.9050       -6042.668    -6046.604        3.936    31.2
40.9100       -6042.680    -6046.594        3.914    31.1
40.9150       -6042.666    -6046.563        3.897    30.9
40.9200       -6042.629    -6046.536        3.907    31.0
40.9250       -6042.662    -6046.524        3.862    30.6
40.9300       -6042.678    -6046.531        3.853    30.6
40.9350       -6042.685    -6046.561        3.876    30.8
40.9400       -6042.667    -6046.589        3.922    31.1
40.9450       -6042.674    -6046.612        3.938    31.2
40.9500       -6042.651    -6046.617        3.966    31.5
40.9550       -6042.650    -6046.604        3.954    31.4
40.9600       -6042.672    -6046.579        3.907    31.0
40.9650       -6042.669    -6046.545        3.876    30.8
40.9700       -6042.659    -6046.506        3.847    30.5
40.9750       -6042.673    -6046.472        3.800    30.2
40.9800       -6042.695    -6046.456        3.761    29.8
40.9850       -6042.700    -6046.458        3.758    29.8
40.9900       -6042.693    -6046.479        3.786    30.0
40.9950       -6042.656    -6046.510        3.854    30.6
41.0000       -6042.645    -6046.536        3.891    30.9
41.0050       -6042.654    -6046.543        3.889    30.9
41.0100       -6042.628    -6046.529        3.900    30.9
41.0150       -6042.604    -6046.496        3.893    30.9
41.0200       -6042.600    -6046.454        3.855    30.6
41.0250       -6042.628    -6046.408        3.780    30.0
41.0300       -6042.670    -6046.381        3.710    29.4
41.0350       -6042.678    -6046.392        3.714    29.5
41.0400       -6042.701    -6046.439        3.737    29.7
41.0450       -6042.677    -6046.508        3.830    30.4
41.0500       -6042.662    -6046.567        3.905    31.0
41.0550       -6042.683    -6046.592        3.909    31.0
41.0600       -6042.675    -6046.582        3.907    31.0
41.0650       -6042.699    -6046.552        3.852    30.6
41.0700       -6042.707    -6046.523        3.815    30.3
41.0750       -6042.708    -6046.519        3.810    30.2
41.0800       -6042.673    -6046.540        3.867    30.7
41.0850       -6042.661    -6046.568        3.907    31.0
41.0900       -6042.689    -6046.584        3.895    30.9
41.0950       -6042.709    -6046.581        3.872    30.7
41.1000       -6042.705    -6046.557        3.852    30.6
41.1050       -6042.703    -6046.532        3.829    30.4
41.1100       -6042.696    -6046.514        3.818    30.3
41.1150       -6042.714    -6046.506        3.792    30.1
41.1200       -6042.719    -6046.509        3.790    30.1
41.1250       -6042.710    -6046.524        3.814    30.3
41.1300       -6042.705    -6046.546        3.841    30.5
41.1350       -6042.731    -6046.559        3.828    30.4
41.1400       -6042.745    -6046.562        3.818    30.3
41.1450       -6042.747    -6046.545        3.799    30.1
41.1500       -6042.750    -6046.507        3.758    29.8
41.1550       -6042.768    -6046.460        3.693    29.3
41.1600       -6042.753    -6046.435        3.682    29.2
41.1650       -6042.728    -6046.456        3.728    29.6
41.1700       -6042.740    -6046.518        3.778    30.0
41.1750       -6042.736    -6046.590        3.854    30.6
41.1800       -6042.760    -6046.637        3.877    30.8
41.1850       -6042.786    -6046.637        3.851    30.6
41.1900       -6042.773    -6046.583        3.810    30.2
41.1950       -6042.788    -6046.507        3.719    29.5
41.2000       -6042.815    -6046.462        3.647    28.9
41.2050       -6042.816    -6046.477        3.662    29.1
41.2100       -6042.811    -6046.540        3.728    29.6
41.2150       -6042.820    -6046.608        3.788    30.1
41.2200       -6042.807    -6046.656        3.849    30.5
41.2250       -6042.831    -6046.663        3.831    30.4
41.2300       -6042.846    -6046.639        3.794    30.1
41.2350       -6042.854    -6046.612        3.758    29.8
41.2400       -6042.836    -6046.611        3.775    30.0
41.2450       -6042.849    -6046.637        3.788    30.1
41.2500       -6042.844    -6046.666        3.823    30.3
41.2550       -6042.844    -6046.679        3.835    30.4
41.2600       -6042.865    -6046.673        3.808    30.2
41.2650       -6042.864    -6046.666        3.802    30.2
41.2700       -6042.853    -6046.674        3.821    30.3
41.2750       -6042.890    -6046.691        3.801    30.2
41.2800       -6042.854    -6046.710        3.856    30.6
41.2850       -6042.846    -6046.709        3.862    30.6
41.2900       -6042.857    -6046.672        3.815    30.3
41.2950       -6042.837    -6046.599        3.762    29.9
41.3000       -6042.823    -6046.526        3.703    29.4
41.3050       -6042.842    -6046.473        3.631    28.8
41.3100       -6042.860    -6046.461        3.602    28.6
41.3150       -6042.864    -6046.493        3.629    28.8
41.3200       -6042.893    -6046.549        3.657    29.0
41.3250       -6042.887    -6046.607        3.720    29.5
41.3300       -6042.934    -6046.645        3.710    29.4
41.3350       -6042.920    -6046.664        3.745    29.7
41.3400       -6042.872    -6046.664        3.792    30.1
41.3450       -6042.879    -6046.652        3.772    29.9
41.3500       -6042.919    -6046.634        3.715    29.5
41.3550       -6042.905    -6046.620        3.715    29.5
41.3600       -6042.907    -6046.605        3.698    29.3
41.3650       -6042.926    -6046.594        3.669    29.1
41.3700       -6042.901    -6046.600        3.699    29.3
41.3750       -6042.926    -6046.622        3.696    29.3
41.3800       -6042.925    -6046.631        3.706    29.4
41.3850       -6042.945    -6046.608        3.663    29.1
41.3900       -6042.968    -6046.560        3.593    28.5
41.3950       -6042.970    -6046.512        3.542    28.1
41.4000       -6042.963    -6046.512        3.549    28.2
41.4050       -6042.970    -6046.570        3.600    28.6
41.4100       -6042.950    -6046.673        3.723    29.5
41.4150       -6042.963    -6046.769        3.806    30.2
41.4200       -6043.002    -6046.803        3.802    30.2
41.4250       -6042.978    -6046.770        3.792    30.1
41.4300       -6043.017    -6046.696        3.679    29.2
41.4350       -6043.036    -6046.637        3.601    28.6
41.4400       -6043.035    -6046.641        3.606    28.6
41.4450       -6043.041    -6046.708        3.667    29.1
41.4500       -6043.061    -6046.797        3.736    29.6
41.4550       -6043.075    -6046.855        3.781    30.0
41.4600       -6043.051    -6046.853        3.802    30.2
41.4650       -6043.063    -6046.796        3.733    29.6
41.4700       -6043.072    -6046.734        3.661    29.1
41.4750       -6043.065    -6046.696        3.631    28.8
41.4800       -6043.080    -6046.691        3.611    28.6
41.4850       -6043.107    -6046.697        3.590    28.5
41.4900       -6043.114    -6046.687        3.573    28.4
41.4950       -6043.086    -6046.645        3.559    28.2
41.5000       -6043.091    -6046.583        3.492    27.7
41.5050       -6043.116    -6046.544        3.428    27.2
41.5100       -6043.117    -6046.559        3.442    27.3
41.5150       -6043.153    -6046.624        3.470    27.5
41.5200       -6043.140    -6046.704        3.564    28.3
41.5250       -6043.109    -6046.757        3.647    28.9
41.5300       -6043.118    -6046.757        3.640    28.9
41.5350       -6043.132    -6046.717        3.585    28.4
41.5400       -6043.138    -6046.684        3.546    28.1
41.5450       -6043.144    -6046.697        3.553    28.2
41.5500       -6043.148    -6046.772        3.624    28.8
41.5550       -6043.135    -6046.879        3.743    29.7
41.5600       -6043.121    -6046.957        3.837    30.4
41.5650       -6043.130    -6046.964        3.834    30.4
41.5700       -6043.124    -6046.905        3.780    30.0
41.5750       -6043.125    -6046.814        3.689    29.3
41.5800       -6043.115    -6046.750        3.635    28.8
41.5850       -6043.119    -6046.730        3.611    28.7
41.5900       -6043.109    -6046.751        3.642    28.9
41.5950       -6043.115    -6046.793        3.678    29.2
41.6000       -6043.113    -6046.828        3.714    29.5
41.6050       -6043.109    -6046.832        3.723    29.5
41.6100       -6043.112    -6046.808        3.696    29.3
41.6150       -6043.062    -6046.764        3.703    29.4
41.6200       -6043.055    -6046.723        3.668    29.1
41.6250       -6043.024    -6046.698        3.674    29.2
41.6300       -6043.024    -6046.688        3.663    29.1
41.6350       -6042.995    -6046.681        3.686    29.2
41.6400       -6043.006    -6046.658        3.653    29.0
41.6450       -6043.017    -6046.637        3.620    28.7
41.6500       -6042.997    -6046.627        3.630    28.8
41.6550       -6042.991    -6046.632        3.641    28.9
41.6600       -6042.968    -6046.647        3.679    29.2
41.6650       -6042.968    -6046.648        3.679    29.2
41.6700       -6042.941    -6046.620        3.679    29.2
41.6750       -6042.968    -6046.576        3.609    28.6
41.6800       -6042.970    -6046.530        3.560    28.2
41.6850       -6042.981    -6046.515        3.534    28.0
41.6900       -6042.945    -6046.539        3.594    28.5
41.6950       -6042.935    -6046.591        3.656    29.0
41.7000       -6042.948    -6046.648        3.700    29.4
41.7050       -6042.972    -6046.686        3.713    29.5
41.7100       -6042.982    -6046.694        3.712    29.5
41.7150       -6042.990    -6046.682        3.692    29.3
41.7200       -6043.021    -6046.662        3.641    28.9
41.7250       -6043.030    -6046.651        3.621    28.7
41.7300       -6043.032    -6046.657        3.624    28.8
41.7350       -6043.020    -6046.682        3.662    29.1
41.7400       -6043.006    -6046.723        3.717    29.5
41.7450       -6043.018    -6046.755        3.737    29.7
41.7500       -6043.045    -6046.765        3.719    29.5
41.7550       -6043.079    -6046.762        3.683    29.2
41.7600       -6043.056    -6046.757        3.700    29.4
41.7650       -6043.079    -6046.761        3.682    29.2
41.7700       -6043.082    -6046.772        3.690    29.3
41.7750       -6043.090    -6046.775        3.684    29.2
41.7800       -6043.086    -6046.774        3.689    29.3
41.7850       -6043.073    -6046.784        3.712    29.5
41.7900       -6043.077    -6046.807        3.730    29.6
41.7950       -6043.086    -6046.842        3.756    29.8
41.8000       -6043.081    -6046.866        3.785    30.0
41.8050       -6043.123    -6046.868        3.744    29.7
41.8100       -6043.150    -6046.842        3.692    29.3
41.8150       -6043.102    -6046.802        3.700    29.4
41.8200       -6043.063    -6046.751        3.688    29.3
41.8250       -6043.042    -6046.692        3.650    29.0
41.8300       -6043.016    -6046.629        3.613    28.7
41.8350       -6042.993    -6046.577        3.584    28.4
41.8400       -6043.000    -6046.538        3.538    28.1
41.8450       -6043.007    -6046.518        3.511    27.9
41.8500       -6043.024    -6046.517        3.494    27.7
41.8550       -6043.030    -6046.532        3.502    27.8
41.8600       -6043.065    -6046.563        3.498    27.8
41.8650       -6043.048    -6046.604        3.556    28.2
41.8700       -6043.041    -6046.633        3.591    28.5
41.8750       -6043.044    -6046.650        3.607    28.6
41.8800       -6043.018    -6046.666        3.648    28.9
41.8850       -6043.031    -6046.675        3.644    28.9
41.8900       -6043.018    -6046.684        3.666    29.1
41.8950       -6042.982    -6046.687        3.705    29.4
41.9000       -6042.959    -6046.676        3.717    29.5
41.9050       -6042.964    -6046.662        3.698    29.3
41.9100       -6042.984    -6046.652        3.668    29.1
41.9150       -6042.973    -6046.655        3.681    29.2
41.9200       -6042.995    -6046.681        3.686    29.2
41.9250       -6043.021    -6046.711        3.690    29.3
41.9300       -6043.034    -6046.727        3.693    29.3
41.9350       -6043.029    -6046.716        3.688    29.3
41.9400       -6043.033    -6046.695        3.661    29.1
41.9450       -6043.040    -6046.679        3.639    28.9
41.9500       -6043.012    -6046.688        3.676    29.2
41.9550       -6043.007    -6046.722        3.716    29.5
41.9600       -6043.001    -6046.758        3.757    29.8
41.9650       -6043.007    -6046.762        3.755    29.8
41.9700       -6043.002    -6046.717        3.715    29.5
41.9750       -6042.995    -6046.643        3.648    28.9
41.9800       -6043.019    -6046.572        3.553    28.2
41.9850       -6042.987    -6046.534        3.547    28.1
41.9900       -6042.979    -6046.531        3.552    28.2
41.9950       -6042.992    -6046.574        3.582    28.4
42.0000       -6042.994    -6046.637        3.643    28.9
42.0050       -6042.984    -6046.700        3.716    29.5
42.0100       -6042.980    -6046.738        3.757    29.8
42.0150       -6042.988    -6046.738        3.750    29.8
42.0200       -6042.954    -6046.710        3.755    29.8
42.0250       -6042.945    -6046.672        3.727    29.6
42.0300       -6042.957    -6046.641        3.684    29.2
42.0350       -6042.929    -6046.617        3.688    29.3
42.0400       -6042.938    -6046.599        3.660    29.0
42.0450       -6042.955    -6046.585        3.631    28.8
42.0500       -6042.959    -6046.585        3.627    28.8
42.0550       -6042.978    -6046.594        3.616    28.7
42.0600       -6042.982    -6046.605        3.623    28.7
42.0650       -6042.987    -6046.623        3.636    28.8
42.0700       -6043.007    -6046.653        3.646    28.9
42.0750       -6042.973    -6046.700        3.727    29.6
42.0800       -6042.959    -6046.760        3.801    30.2
42.0850       -6042.958    -6046.816        3.858    30.6
42.0900       -6042.997    -6046.846        3.848    30.5
42.0950       -6042.950    -6046.848        3.898    30.9
42.1000       -6042.998    -6046.815        3.817    30.3
42.1050       -6043.034    -6046.755        3.722    29.5
42.1100       -6043.025    -6046.690        3.665    29.1
42.1150       -6042.999    -6046.637        3.638    28.9
42.1200       -6043.010    -6046.609        3.599    28.6
42.1250       -6043.014    -6046.616        3.602    28.6
42.1300       -6042.994    -6046.643        3.648    28.9
42.1350       -6042.979    -6046.655        3.675    29.2
42.1400       -6042.964    -6046.636        3.672    29.1
42.1450       -6042.947    -6046.600        3.653    29.0
42.1500       -6042.969    -6046.567        3.598    28.5
42.1550       -6042.976    -6046.567        3.590    28.5
42.1600       -6042.929    -6046.610        3.681    29.2
42.1650       -6042.891    -6046.670        3.779    30.0
42.1700       -6042.862    -6046.702        3.840    30.5
42.1750       -6042.860    -6046.682        3.822    30.3
42.1800       -6042.867    -6046.612        3.745    29.7
42.1850       -6042.869    -6046.527        3.657    29.0
42.1900       -6042.855    -6046.482        3.627    28.8
42.1950       -6042.840    -6046.506        3.666    29.1
42.2000       -6042.828    -6046.575        3.747    29.7
42.2050       -6042.851    -6046.639        3.788    30.1
42.2100       -6042.834    -6046.662        3.828    30.4
42.2150       -6042.811    -6046.642        3.831    30.4
42.2200       -6042.772    -6046.597        3.825    30.3
42.2250       -6042.772    -6046.551        3.779    30.0
42.2300       -6042.763    -6046.521        3.757    29.8
42.2350       -6042.733    -6046.497        3.763    29.9
42.2400       -6042.746    -6046.484        3.737    29.7
42.2450       -6042.737    -6046.471        3.733    29.6
42.2500       -6042.724    -6046.450        3.726    29.6
42.2550       -6042.746    -6046.440        3.694    29.3
42.2600       -6042.745    -6046.465        3.720    29.5
42.2650       -6042.741    -6046.522        3.781    30.0
42.2700       -6042.725    -6046.569        3.845    30.5
42.2750       -6042.726    -6046.593        3.867    30.7
42.2800       -6042.733    -6046.589        3.856    30.6
42.2850       -6042.708    -6046.564        3.856    30.6
42.2900       -6042.698    -6046.539        3.842    30.5
42.2950       -6042.686    -6046.534        3.848    30.5
42.3000       -6042.709    -6046.553        3.844    30.5
42.3050       -6042.703    -6046.571        3.868    30.7
42.3100       -6042.693    -6046.579        3.886    30.8
42.3150       -6042.710    -6046.562        3.852    30.6
42.3200       -6042.751    -6046.537        3.787    30.0
42.3250       -6042.780    -6046.527        3.747    29.7
42.3300       -6042.761    -6046.542        3.781    30.0
42.3350       -6042.751    -6046.570        3.819    30.3
42.3400       -6042.735    -6046.594        3.859    30.6
42.3450       -6042.732    -6046.606        3.874    30.7
42.3500       -6042.727    -6046.609        3.883    30.8
42.3550       -6042.729    -6046.612        3.883    30.8
42.3600       -6042.741    -6046.619        3.879    30.8
42.3650       -6042.761    -6046.638        3.877    30.8
42.3700       -6042.741    -6046.654        3.912    31.0
42.3750       -6042.722    -6046.650        3.928    31.2
42.3800       -6042.727    -6046.617        3.890    30.9
42.3850       -6042.738    -6046.560        3.822    30.3
42.3900       -6042.726    -6046.505        3.779    30.0
42.3950       -6042.712    -6046.469        3.757    29.8
42.4000       -6042.728    -6046.455        3.727    29.6
42.4050       -6042.730    -6046.468        3.738    29.7
42.4100       -6042.732    -6046.487        3.755    29.8
42.4150       -6042.732    -6046.497        3.765    29.9
42.4200       -6042.747    -6046.506        3.759    29.8
42.4250       -6042.782    -6046.519        3.737    29.7
42.4300       -6042.776    -6046.544        3.768    29.9
42.4350       -6042.764    -6046.578        3.813    30.3
42.4400       -6042.765    -6046.606        3.841    30.5
42.4450       -6042.754    -6046.610        3.857    30.6
42.4500       -6042.743    -6046.576        3.833    30.4
42.4550       -6042.719    -6046.516        3.797    30.1
42.4600       -6042.701    -6046.464        3.763    29.9
42.4650       -6042.757    -6046.442        3.685    29.2
42.4700       -6042.765    -6046.468        3.702    29.4
42.4750       -6042.744    -6046.529        3.785    30.0
42.4800       -6042.747    -6046.580        3.833    30.4
42.4850       -6042.795    -6046.598        3.803    30.2
42.4900       -6042.752    -6046.595        3.843    30.5
42.4950       -6042.733    -6046.586        3.853    30.6
42.5000       -6042.740    -6046.587        3.847    30.5
42.5050       -6042.756    -6046.590        3.833    30.4
42.5100       -6042.762    -6046.588        3.826    30.4
42.5150       -6042.760    -6046.578        3.818    30.3
42.5200       -6042.786    -6046.566        3.780    30.0
42.5250       -6042.787    -6046.562        3.775    30.0
42.5300       -6042.789    -6046.579        3.790    30.1
42.5350       -6042.794    -6046.610        3.815    30.3
42.5400       -6042.767    -6046.646        3.879    30.8
42.5450       -6042.769    -6046.667        3.898    30.9
42.5500       -6042.802    -6046.663        3.861    30.6
42.5550       -6042.789    -6046.647        3.858    30.6
42.5600       -6042.769    -6046.620        3.851    30.6
42.5650       -6042.755    -6046.587        3.831    30.4
42.5700       -6042.771    -6046.546        3.775    30.0
42.5750       -6042.764    -6046.506        3.742    29.7
42.5800       -6042.765    -6046.473        3.709    29.4
42.5850       -6042.774    -6046.463        3.690    29.3
42.5900       -6042.773    -6046.487        3.714    29.5
42.5950       -6042.776    -6046.535        3.759    29.8
42.6000       -6042.796    -6046.589        3.794    30.1
42.6050       -6042.797    -6046.634        3.837    30.4
42.6100       -6042.778    -6046.654        3.876    30.8
42.6150       -6042.765    -6046.643        3.878    30.8
42.6200       -6042.775    -6046.607        3.832    30.4
42.6250       -6042.779    -6046.560        3.781    30.0
42.6300       -6042.789    -6046.510        3.721    29.5
42.6350       -6042.789    -6046.468        3.678    29.2
42.6400       -6042.810    -6046.444        3.634    28.8
42.6450       -6042.793    -6046.459        3.665    29.1
42.6500       -6042.807    -6046.509        3.703    29.4
42.6550       -6042.812    -6046.581        3.769    29.9
42.6600       -6042.812    -6046.650        3.838    30.5
42.6650       -6042.789    -6046.682        3.893    30.9
42.6700       -6042.831    -6046.664        3.833    30.4
42.6750       -6042.864    -6046.611        3.747    29.7
42.6800       -6042.878    -6046.551        3.672    29.1
42.6850       -6042.845    -6046.504        3.658    29.0
42.6900       -6042.880    -6046.479        3.599    28.6
42.6950       -6042.898    -6046.478        3.579    28.4
42.7000       -6042.880    -6046.485        3.605    28.6
42.7050       -6042.885    -6046.496        3.610    28.6
42.7100       -6042.850    -6046.513        3.663    29.1
42.7150       -6042.834    -6046.546        3.713    29.5
42.7200       -6042.852    -6046.585        3.733    29.6
42.7250       -6042.850    -6046.608        3.758    29.8
42.7300       -6042.828    -6046.609        3.782    30.0
42.7350       -6042.810    -6046.601        3.790    30.1
42.7400       -6042.791    -6046.609        3.818    30.3
42.7450       -6042.775    -6046.651        3.876    30.8
42.7500       -6042.781    -6046.726        3.945    31.3
42.7550       -6042.782    -6046.809        4.027    31.9
42.7600       -6042.788    -6046.844        4.056    32.2
42.7650       -6042.811    -6046.809        3.997    31.7
42.7700       -6042.827    -6046.707        3.880    30.8
42.7750       -6042.842    -6046.568        3.726    29.6
42.7800       -6042.846    -6046.456        3.610    28.6
42.7850       -6042.875    -6046.418        3.543    28.1
42.7900       -6042.836    -6046.470        3.634    28.8
42.7950       -6042.813    -6046.563        3.749    29.7
42.8000       -6042.817    -6046.636        3.820    30.3
42.8050       -6042.845    -6046.639        3.794    30.1
42.8100       -6042.845    -6046.578        3.733    29.6
42.8150       -6042.823    -6046.495        3.671    29.1
42.8200       -6042.856    -6046.447        3.591    28.5
42.8250       -6042.855    -6046.473        3.618    28.7
42.8300       -6042.866    -6046.555        3.689    29.3
42.8350       -6042.869    -6046.649        3.779    30.0
42.8400       -6042.902    -6046.711        3.810    30.2
42.8450       -6042.888    -6046.722        3.834    30.4
42.8500       -6042.900    -6046.699        3.800    30.1
42.8550       -6042.895    -6046.664        3.769    29.9
42.8600       -6042.917    -6046.633        3.716    29.5
42.8650       -6042.897    -6046.606        3.709    29.4
42.8700       -6042.883    -6046.585        3.702    29.4
42.8750       -6042.877    -6046.578        3.702    29.4
42.8800       -6042.886    -6046.588        3.703    29.4
42.8850       -6042.888    -6046.608        3.719    29.5
42.8900       -6042.894    -6046.625        3.732    29.6
42.8950       -6042.915    -6046.644        3.729    29.6
42.9000       -6042.901    -6046.654        3.753    29.8
42.9050       -6042.897    -6046.649        3.752    29.8
42.9100       -6042.937    -6046.637        3.700    29.4
42.9150       -6042.928    -6046.631        3.703    29.4
42.9200       -6042.918    -6046.628        3.710    29.4
42.9250       -6042.905    -6046.622        3.716    29.5
42.9300       -6042.931    -6046.621        3.690    29.3
42.9350       -6042.943    -6046.621        3.677    29.2
42.9400       -6042.931    -6046.612        3.680    29.2
42.9450       -6042.922    -6046.586        3.665    29.1
42.9500       -6042.915    -6046.573        3.658    29.0
42.9550       -6042.934    -6046.583        3.649    29.0
42.9600       -6042.932    -6046.613        3.681    29.2
42.9650       -6042.926    -6046.654        3.728    29.6
42.9700       -6042.912    -6046.682        3.770    29.9
42.9750       -6042.929    -6046.666        3.738    29.7
42.9800       -6042.893    -6046.624        3.731    29.6
42.9850       -6042.918    -6046.579        3.660    29.0
42.9900       -6042.897    -6046.554        3.657    29.0
42.9950       -6042.907    -6046.560        3.653    29.0
43.0000       -6042.920    -6046.593        3.673    29.1
43.0050       -6042.918    -6046.639        3.721    29.5
43.0100       -6042.916    -6046.675        3.759    29.8
43.0150       -6042.922    -6046.688        3.766    29.9
43.0200       -6042.921    -6046.683        3.762    29.8
43.0250       -6042.903    -6046.669        3.766    29.9
43.0300       -6042.905    -6046.651        3.746    29.7
43.0350       -6042.885    -6046.635        3.749    29.7
43.0400       -6042.865    -6046.615        3.750    29.8
43.0450       -6042.841    -6046.594        3.752    29.8
43.0500       -6042.854    -6046.592        3.738    29.7
43.0550       -6042.864    -6046.616        3.752    29.8
43.0600       -6042.843    -6046.654        3.812    30.2
43.0650       -6042.857    -6046.693        3.835    30.4
43.0700       -6042.860    -6046.709        3.849    30.5
43.0750       -6042.882    -6046.710        3.828    30.4
43.0800       -6042.879    -6046.696        3.817    30.3
43.0850       -6042.860    -6046.682        3.822    30.3
43.0900       -6042.865    -6046.669        3.804    30.2
43.0950       -6042.880    -6046.654        3.774    29.9
43.1000       -6042.888    -6046.632        3.744    29.7
43.1050       -6042.900    -6046.607        3.707    29.4
43.1100       -6042.918    -6046.576        3.658    29.0
43.1150       -6042.931    -6046.548        3.617    28.7
43.1200       -6042.930    -6046.536        3.606    28.6
43.1250       -6042.924    -6046.538        3.614    28.7
43.1300       -6042.929    -6046.555        3.626    28.8
43.1350       -6042.922    -6046.585        3.663    29.1
43.1400       -6042.899    -6046.616        3.717    29.5
43.1450       -6042.886    -6046.637        3.751    29.8
43.1500       -6042.936    -6046.655        3.719    29.5
43.1550       -6042.941    -6046.670        3.729    29.6
43.1600       -6042.956    -6046.677        3.722    29.5
43.1650       -6042.971    -6046.669        3.699    29.3
43.1700       -6042.987    -6046.644        3.657    29.0
43.1750       -6042.963    -6046.615        3.652    29.0
43.1800       -6042.977    -6046.590        3.612    28.7
43.1850       -6042.965    -6046.575        3.610    28.6
43.1900       -6042.976    -6046.572        3.595    28.5
43.1950       -6042.970    -6046.571        3.600    28.6
43.2000       -6042.948    -6046.580        3.632    28.8
43.2050       -6042.974    -6046.604        3.629    28.8
43.2100       -6042.948    -6046.636        3.688    29.3
43.2150       -6042.973    -6046.680        3.707    29.4
43.2200       -6042.939    -6046.711        3.772    29.9
43.2250       -6042.940    -6046.719        3.779    30.0
43.2300       -6042.972    -6046.711        3.740    29.7
43.2350       -6042.970    -6046.705        3.736    29.6
43.2400       -6042.949    -6046.710        3.762    29.8
43.2450       -6042.957    -6046.711        3.754    29.8
43.2500       -6042.939    -6046.694        3.756    29.8
43.2550       -6042.931    -6046.649        3.718    29.5
43.2600       -6042.932    -6046.594        3.662    29.1
43.2650       -6042.869    -6046.556        3.687    29.3
43.2700       -6042.864    -6046.554        3.691    29.3
43.2750       -6042.886    -6046.587        3.702    29.4
43.2800       -6042.868    -6046.628        3.760    29.8
43.2850       -6042.891    -6046.656        3.765    29.9
43.2900       -6042.894    -6046.665        3.771    29.9
43.2950       -6042.880    -6046.661        3.780    30.0
43.3000       -6042.864    -6046.662        3.799    30.1
43.3050       -6042.828    -6046.673        3.845    30.5
43.3100       -6042.804    -6046.690        3.886    30.8
43.3150       -6042.804    -6046.701        3.897    30.9
43.3200       -6042.800    -6046.687        3.887    30.8
43.3250       -6042.817    -6046.649        3.832    30.4
43.3300       -6042.787    -6046.591        3.805    30.2
43.3350       -6042.804    -6046.527        3.723    29.5
43.3400       -6042.827    -6046.484        3.657    29.0
43.3450       -6042.833    -6046.487        3.654    29.0
43.3500       -6042.828    -6046.536        3.708    29.4
43.3550       -6042.808    -6046.596        3.789    30.1
43.3600       -6042.754    -6046.637        3.883    30.8
43.3650       -6042.723    -6046.637        3.914    31.1
43.3700       -6042.751    -6046.602        3.851    30.6
43.3750       -6042.762    -6046.551        3.789    30.1
43.3800       -6042.785    -6046.496        3.712    29.5
43.3850       -6042.756    -6046.450        3.694    29.3
43.3900       -6042.756    -6046.410        3.654    29.0
43.3950       -6042.751    -6046.386        3.635    28.8
43.4000       -6042.756    -6046.380        3.624    28.8
43.4050       -6042.742    -6046.393        3.651    29.0
43.4100       -6042.749    -6046.422        3.673    29.1
43.4150       -6042.763    -6046.471        3.708    29.4
43.4200       -6042.763    -6046.522        3.759    29.8
43.4250       -6042.722    -6046.560        3.838    30.5
43.4300       -6042.753    -6046.589        3.835    30.4
43.4350       -6042.769    -6046.610        3.841    30.5
43.4400       -6042.775    -6046.629        3.854    30.6
43.4450       -6042.772    -6046.641        3.869    30.7
43.4500       -6042.744    -6046.623        3.879    30.8
43.4550       -6042.724    -6046.581        3.858    30.6
43.4600       -6042.725    -6046.544        3.819    30.3
43.4650       -6042.727    -6046.527        3.800    30.2
43.4700       -6042.717    -6046.540        3.823    30.3
43.4750       -6042.737    -6046.578        3.840    30.5
43.4800       -6042.694    -6046.616        3.922    31.1
43.4850       -6042.731    -6046.630        3.899    30.9
43.4900       -6042.720    -6046.614        3.894    30.9
43.4950       -6042.733    -6046.568        3.835    30.4
43.5000       -6042.740    -6046.518        3.778    30.0
43.5050       -6042.729    -6046.480        3.751    29.8
43.5100       -6042.712    -6046.464        3.752    29.8
43.5150       -6042.744    -6046.470        3.726    29.6
43.5200       -6042.749    -6046.482        3.733    29.6
43.5250       -6042.763    -6046.492        3.729    29.6
43.5300       -6042.757    -6046.486        3.729    29.6
43.5350       -6042.789    -6046.487        3.698    29.3
43.5400       -6042.745    -6046.506        3.761    29.8
43.5450       -6042.720    -6046.540        3.819    30.3
43.5500       -6042.698    -6046.583        3.885    30.8
43.5550       -6042.682    -6046.622        3.940    31.3
43.5600       -6042.684    -6046.620        3.936    31.2
43.5650       -6042.706    -6046.575        3.869    30.7
43.5700       -6042.727    -6046.516        3.789    30.1
43.5750       -6042.716    -6046.465        3.749    29.7
43.5800       -6042.704    -6046.437        3.733    29.6
43.5850       -6042.728    -6046.432        3.704    29.4
43.5900       -6042.731    -6046.447        3.716    29.5
43.5950       -6042.706    -6046.472        3.765    29.9
43.6000       -6042.718    -6046.496        3.778    30.0
43.6050       -6042.729    -6046.520        3.792    30.1
43.6100       -6042.731    -6046.546        3.815    30.3
43.6150       -6042.732    -6046.561        3.829    30.4
43.6200       -6042.711    -6046.567        3.856    30.6
43.6250       -6042.683    -6046.553        3.870    30.7
43.6300       -6042.679    -6046.523        3.844    30.5
43.6350       -6042.701    -6046.498        3.797    30.1
43.6400       -6042.682    -6046.492        3.810    30.2
43.6450       -6042.668    -6046.513        3.845    30.5
43.6500       -6042.688    -6046.550        3.862    30.6
43.6550       -6042.677    -6046.581        3.904    31.0
43.6600       -6042.738    -6046.598        3.860    30.6
43.6650       -6042.740    -6046.595        3.855    30.6
43.6700       -6042.725    -6046.579        3.854    30.6
43.6750       -6042.701    -6046.546        3.845    30.5
43.6800       -6042.713    -6046.501        3.789    30.1
43.6850       -6042.707    -6046.460        3.753    29.8
43.6900       -6042.670    -6046.440        3.770    29.9
43.6950       -6042.660    -6046.440        3.780    30.0
43.7000       -6042.658    -6046.448        3.790    30.1
43.7050       -6042.642    -6046.461        3.820    30.3
43.7100       -6042.615    -6046.479        3.865    30.7
43.7150       -6042.609    -6046.497        3.887    30.8
43.7200       -6042.638    -6046.514        3.876    30.8
43.7250       -6042.647    -6046.530        3.883    30.8
43.7300       -6042.638    -6046.540        3.902    31.0
43.7350       -6042.625    -6046.540        3.915    31.1
43.7400       -6042.621    -6046.525        3.904    31.0
43.7450       -6042.626    -6046.500        3.874    30.7
43.7500       -6042.626    -6046.474        3.848    30.5
43.7550       -6042.609    -6046.459        3.850    30.5
43.7600       -6042.607    -6046.447        3.840    30.5
43.7650       -6042.606    -6046.447        3.841    30.5
43.7700       -6042.614    -6046.457        3.843    30.5
43.7750       -6042.634    -6046.475        3.840    30.5
43.7800       -6042.634    -6046.515        3.881    30.8
43.7850       -6042.633    -6046.579        3.946    31.3
43.7900       -6042.640    -6046.638        3.997    31.7
43.7950       -6042.630    -6046.667        4.037    32.0
43.8000       -6042.620    -6046.650        4.029    32.0
43.8050       -6042.605    -6046.593        3.988    31.6
43.8100       -6042.599    -6046.515        3.915    31.1
43.8150       -6042.598    -6046.441        3.843    30.5
43.8200       -6042.608    -6046.395        3.787    30.1
43.8250       -6042.591    -6046.397        3.806    30.2
43.8300       -6042.581    -6046.430        3.849    30.5
43.8350       -6042.588    -6046.470        3.882    30.8
43.8400       -6042.600    -6046.494        3.894    30.9
43.8450       -6042.586    -6046.489        3.902    31.0
43.8500       -6042.613    -6046.467        3.854    30.6
43.8550       -6042.633    -6046.440        3.807    30.2
43.8600       -6042.621    -6046.416        3.795    30.1
43.8650       -6042.601    -6046.408        3.807    30.2
43.8700       -6042.570    -6046.408        3.837    30.4
43.8750       -6042.556    -6046.406        3.851    30.6
43.8800       -6042.563    -6046.417        3.853    30.6
43.8850       -6042.564    -6046.442        3.878    30.8
43.8900       -6042.545    -6046.463        3.918    31.1
43.8950       -6042.540    -6046.463        3.923    31.1
43.9000       -6042.560    -6046.439        3.880    30.8
43.9050       -6042.546    -6046.409        3.863    30.7
43.9100       -6042.571    -6046.379        3.808    30.2
43.9150       -6042.554    -6046.373        3.819    30.3
43.9200       -6042.557    -6046.391        3.834    30.4
43.9250       -6042.525    -6046.434        3.910    31.0
43.9300       -6042.526    -6046.480        3.954    31.4
43.9350       -6042.515    -6046.507        3.992    31.7
43.9400       -6042.509    -6046.508        3.999    31.7
43.9450       -6042.495    -6046.486        3.990    31.7
43.9500       -6042.534    -6046.470        3.936    31.2
43.9550       -6042.552    -6046.474        3.922    31.1
43.9600       -6042.533    -6046.495        3.962    31.4
43.9650       -6042.506    -6046.520        4.014    31.8
43.9700       -6042.526    -6046.524        3.998    31.7
43.9750       -6042.501    -6046.495        3.994    31.7
43.9800       -6042.512    -6046.442        3.930    31.2
43.9850       -6042.510    -6046.377        3.867    30.7
43.9900       -6042.514    -6046.334        3.819    30.3
43.9950       -6042.513    -6046.335        3.823    30.3
44.0000       -6042.496    -6046.378        3.882    30.8
44.0050       -6042.513    -6046.437        3.924    31.1
44.0100       -6042.508    -6046.485        3.977    31.6
44.0150       -6042.522    -6046.499        3.976    31.5
44.0200       -6042.534    -6046.474        3.940    31.3
44.0250       -6042.570    -6046.439        3.869    30.7
44.0300       -6042.597    -6046.419        3.822    30.3
44.0350       -6042.582    -6046.441        3.858    30.6
44.0400       -6042.612    -6046.497        3.885    30.8
44.0450       -6042.678    -6046.570        3.892    30.9
44.0500       -6042.661    -6046.619        3.958    31.4
44.0550       -6042.667    -6046.620        3.953    31.4
44.0600       -6042.678    -6046.577        3.899    30.9
44.0650       -6042.678    -6046.523        3.845    30.5
44.0700       -6042.676    -6046.482        3.807    30.2
44.0750       -6042.653    -6046.465        3.811    30.2
44.0800       -6042.675    -6046.472        3.796    30.1
44.0850       -6042.680    -6046.501        3.821    30.3
44.0900       -6042.686    -6046.525        3.838    30.5
44.0950       -6042.666    -6046.531        3.865    30.7
44.1000       -6042.657    -6046.524        3.867    30.7
44.1050       -6042.673    -6046.513        3.840    30.5
44.1100       -6042.662    -6046.510        3.849    30.5
44.1150       -6042.670    -6046.511        3.841    30.5
44.1200       -6042.696    -6046.511        3.815    30.3
44.1250       -6042.692    -6046.515        3.823    30.3
44.1300       -6042.656    -6046.513        3.857    30.6
44.1350       -6042.656    -6046.505        3.850    30.5
44.1400       -6042.654    -6046.507        3.854    30.6
44.1450       -6042.669    -6046.523        3.854    30.6
44.1500       -6042.659    -6046.542        3.883    30.8
44.1550       -6042.675    -6046.553        3.877    30.8
44.1600       -6042.698    -6046.549        3.851    30.6
44.1650       -6042.673    -6046.539        3.866    30.7
44.1700       -6042.683    -6046.534        3.851    30.6
44.1750       -6042.692    -6046.545        3.853    30.6
44.1800       -6042.707    -6046.571        3.864    30.7
44.1850       -6042.736    -6046.586        3.850    30.5
44.1900       -6042.739    -6046.575        3.836    30.4
44.1950       -6042.765    -6046.547        3.782    30.0
44.2000       -6042.726    -6046.518        3.792    30.1
44.2050       -6042.766    -6046.509        3.743    29.7
44.2100       -6042.761    -6046.527        3.766    29.9
44.2150       -6042.761    -6046.565        3.804    30.2
44.2200       -6042.772    -6046.602        3.830    30.4
44.2250       -6042.782    -6046.608        3.826    30.4
44.2300       -6042.798    -6046.567        3.768    29.9
44.2350       -6042.813    -6046.496        3.683    29.2
44.2400       -6042.822    -6046.451        3.629    28.8
44.2450       -6042.816    -6046.460        3.644    28.9
44.2500       -6042.803    -6046.515        3.712    29.5
44.2550       -6042.807    -6046.582        3.774    29.9
44.2600       -6042.784    -6046.622        3.837    30.4
44.2650       -6042.786    -6046.611        3.825    30.3
44.2700       -6042.814    -6046.563        3.749    29.7
44.2750       -6042.767    -6046.518        3.751    29.8
44.2800       -6042.759    -6046.493        3.734    29.6
44.2850       -6042.746    -6046.492        3.746    29.7
44.2900       -6042.729    -6046.505        3.776    30.0
44.2950       -6042.713    -6046.517        3.805    30.2
44.3000       -6042.722    -6046.505        3.783    30.0
44.3050       -6042.687    -6046.473        3.786    30.0
44.3100       -6042.734    -6046.445        3.711    29.4
44.3150       -6042.727    -6046.446        3.719    29.5
44.3200       -6042.728    -6046.494        3.766    29.9
44.3250       -6042.702    -6046.571        3.869    30.7
44.3300       -6042.698    -6046.638        3.940    31.3
44.3350       -6042.653    -6046.666        4.014    31.8
44.3400       -6042.686    -6046.653        3.967    31.5
44.3450       -6042.682    -6046.618        3.936    31.2
44.3500       -6042.695    -6046.573        3.878    30.8
44.3550       -6042.675    -6046.542        3.867    30.7
44.3600       -6042.693    -6046.527        3.833    30.4
44.3650       -6042.711    -6046.519        3.808    30.2
44.3700       -6042.749    -6046.506        3.757    29.8
44.3750       -6042.779    -6046.485        3.706    29.4
44.3800       -6042.734    -6046.474        3.741    29.7
44.3850       -6042.703    -6046.482        3.779    30.0
44.3900       -6042.704    -6046.508        3.805    30.2
44.3950       -6042.700    -6046.551        3.851    30.6
44.4000       -6042.695    -6046.593        3.898    30.9
44.4050       -6042.678    -6046.619        3.941    31.3
44.4100       -6042.683    -6046.614        3.930    31.2
44.4150       -6042.685    -6046.571        3.887    30.8
44.4200       -6042.680    -6046.512        3.832    30.4
44.4250       -6042.653    -6046.464        3.811    30.2
44.4300       -6042.647    -6046.430        3.783    30.0
44.4350       -6042.648    -6046.417        3.769    29.9
44.4400       -6042.643    -6046.442        3.799    30.1
44.4450       -6042.634    -6046.490        3.856    30.6
44.4500       -6042.651    -6046.528        3.878    30.8
44.4550       -6042.678    -6046.538        3.860    30.6
44.4600       -6042.661    -6046.515        3.855    30.6
44.4650       -6042.666    -6046.468        3.802    30.2
44.4700       -6042.674    -6046.423        3.749    29.7
44.4750       -6042.674    -6046.399        3.725    29.6
44.4800       -6042.646    -6046.410        3.764    29.9
44.4850       -6042.639    -6046.442        3.803    30.2
44.4900       -6042.634    -6046.476        3.841    30.5
44.4950       -6042.683    -6046.510        3.826    30.4
44.5000       -6042.671    -6046.540        3.869    30.7
44.5050       -6042.735    -6046.562        3.827    30.4
44.5100       -6042.759    -6046.583        3.824    30.3
44.5150       -6042.767    -6046.604        3.837    30.4
44.5200       -6042.768    -6046.619        3.851    30.6
44.5250       -6042.740    -6046.620        3.880    30.8
44.5300       -6042.736    -6046.603        3.866    30.7
44.5350       -6042.729    -6046.579        3.850    30.6
44.5400       -6042.726    -6046.559        3.833    30.4
44.5450       -6042.731    -6046.550        3.819    30.3
44.5500       -6042.707    -6046.549        3.841    30.5
44.5550       -6042.702    -6046.549        3.847    30.5
44.5600       -6042.711    -6046.563        3.852    30.6
44.5650       -6042.728    -6046.590        3.862    30.6
44.5700       -6042.739    -6046.616        3.877    30.8
44.5750       -6042.766    -6046.626        3.860    30.6
44.5800       -6042.761    -6046.606        3.844    30.5
44.5850       -6042.756    -6046.548        3.792    30.1
44.5900       -6042.746    -6046.484        3.738    29.7
44.5950       -6042.745    -6046.460        3.714    29.5
44.6000       -6042.770    -6046.499        3.729    29.6
44.6050       -6042.764    -6046.576        3.812    30.2
44.6100       -6042.771    -6046.651        3.880    30.8
44.6150       -6042.760    -6046.689        3.929    31.2
44.6200       -6042.737    -6046.673        3.936    31.2
44.6250       -6042.730    -6046.609        3.879    30.8
44.6300       -6042.700    -6046.529        3.829    30.4
44.6350       -6042.711    -6046.457        3.746    29.7
44.6400       -6042.719    -6046.420        3.701    29.4
44.6450       -6042.732    -6046.419        3.687    29.3
44.6500       -6042.742    -6046.443        3.701    29.4
44.6550       -6042.745    -6046.477        3.732    29.6
44.6600       -6042.744    -6046.499        3.755    29.8
44.6650       -6042.733    -6046.524        3.791    30.1
44.6700       -6042.722    -6046.551        3.829    30.4
44.6750       -6042.756    -6046.593        3.838    30.5
44.6800       -6042.797    -6046.648        3.851    30.6
44.6850       -6042.796    -6046.705        3.909    31.0
44.6900       -6042.813    -6046.743        3.930    31.2
44.6950       -6042.825    -6046.733        3.908    31.0
44.7000       -6042.821    -6046.685        3.864    30.7
44.7050       -6042.859    -6046.616        3.757    29.8
44.7100       -6042.888    -6046.550        3.661    29.1
44.7150       -6042.878    -6046.502        3.624    28.8
44.7200       -6042.867    -6046.478        3.612    28.7
44.7250       -6042.879    -6046.475        3.596    28.5
44.7300       -6042.879    -6046.493        3.614    28.7
44.7350       -6042.925    -6046.519        3.594    28.5
44.7400       -6042.955    -6046.542        3.587    28.5
44.7450       -6042.981    -6046.559        3.578    28.4
44.7500       -6043.001    -6046.576        3.575    28.4
44.7550       -6043.005    -6046.608        3.603    28.6
44.7600       -6043.014    -6046.658        3.644    28.9
44.7650       -6042.980    -6046.714        3.734    29.6
44.7700       -6043.006    -6046.777        3.770    29.9
44.7750       -6043.000    -6046.839        3.839    30.5
44.7800       -6042.980    -6046.872        3.892    30.9
44.7850       -6043.010    -6046.854        3.844    30.5
44.7900       -6042.990    -6046.797        3.806    30.2
44.7950       -6042.960    -6046.741        3.781    30.0
44.8000       -6042.940    -6046.719        3.779    30.0
44.8050       -6042.944    -6046.730        3.787    30.0
44.8100       -6042.923    -6046.755        3.832    30.4
44.8150       -6042.914    -6046.769        3.855    30.6
44.8200       -6042.908    -6046.754        3.846    30.5
44.8250       -6042.884    -6046.709        3.825    30.4
44.8300       -6042.896    -6046.655        3.758    29.8
44.8350       -6042.915    -6046.604        3.689    29.3
44.8400       -6042.898    -6046.569        3.671    29.1
44.8450       -6042.885    -6046.544        3.659    29.0
44.8500       -6042.871    -6046.536        3.665    29.1
44.8550       -6042.873    -6046.534        3.662    29.1
44.8600       -6042.863    -6046.538        3.675    29.2
44.8650       -6042.850    -6046.555        3.705    29.4
44.8700       -6042.863    -6046.578        3.715    29.5
44.8750       -6042.860    -6046.592        3.732    29.6
44.8800       -6042.853    -6046.586        3.733    29.6
44.8850       -6042.869    -6046.565        3.696    29.3
44.8900       -6042.846    -6046.551        3.706    29.4
44.8950       -6042.824    -6046.561        3.738    29.7
44.9000       -6042.825    -6046.598        3.773    29.9
44.9050       -6042.832    -6046.634        3.803    30.2
44.9100       -6042.816    -6046.647        3.831    30.4
44.9150       -6042.800    -6046.632        3.832    30.4
44.9200       -6042.807    -6046.593        3.786    30.0
44.9250       -6042.800    -6046.544        3.744    29.7
44.9300       -6042.799    -6046.498        3.699    29.4
44.9350       -6042.824    -6046.471        3.647    28.9
44.9400       -6042.830    -6046.472        3.643    28.9
44.9450       -6042.850    -6046.493        3.643    28.9
44.9500       -6042.820    -6046.533        3.712    29.5
44.9550       -6042.831    -6046.575        3.744    29.7
44.9600       -6042.843    -6046.622        3.779    30.0
44.9650       -6042.818    -6046.660        3.841    30.5
44.9700       -6042.835    -6046.676        3.842    30.5
44.9750       -6042.816    -6046.661        3.845    30.5
44.9800       -6042.860    -6046.628        3.768    29.9
44.9850       -6042.864    -6046.604        3.741    29.7
44.9900       -6042.835    -6046.599        3.764    29.9
44.9950       -6042.835    -6046.616        3.781    30.0
45.0000       -6042.876    -6046.641        3.765    29.9
45.0050       -6042.874    -6046.653        3.779    30.0
45.0100       -6042.882    -6046.647        3.765    29.9
45.0150       -6042.838    -6046.628        3.791    30.1
45.0200       -6042.833    -6046.618        3.785    30.0
45.0250       -6042.827    -6046.636        3.808    30.2
45.0300       -6042.828    -6046.688        3.860    30.6
45.0350       -6042.832    -6046.742        3.911    31.0
45.0400       -6042.820    -6046.749        3.929    31.2
45.0450       -6042.820    -6046.686        3.866    30.7
45.0500       -6042.805    -6046.582        3.776    30.0
45.0550       -6042.823    -6046.490        3.667    29.1
45.0600       -6042.815    -6046.454        3.639    28.9
45.0650       -6042.802    -6046.480        3.678    29.2
45.0700       -6042.756    -6046.548        3.792    30.1
45.0750       -6042.756    -6046.613        3.857    30.6
45.0800       -6042.787    -6046.645        3.858    30.6
45.0850       -6042.762    -6046.634        3.873    30.7
45.0900       -6042.781    -6046.597        3.815    30.3
45.0950       -6042.788    -6046.553        3.765    29.9
45.1000       -6042.770    -6046.529        3.759    29.8
45.1050       -6042.758    -6046.526        3.767    29.9
45.1100       -6042.761    -6046.534        3.772    29.9
45.1150       -6042.761    -6046.542        3.781    30.0
45.1200       -6042.772    -6046.553        3.781    30.0
45.1250       -6042.811    -6046.562        3.751    29.8
45.1300       -6042.819    -6046.569        3.750    29.8
45.1350       -6042.766    -6046.583        3.817    30.3
45.1400       -6042.763    -6046.599        3.836    30.4
45.1450       -6042.772    -6046.607        3.835    30.4
45.1500       -6042.777    -6046.608        3.831    30.4
45.1550       -6042.762    -6046.596        3.834    30.4
45.1600       -6042.788    -6046.568        3.780    30.0
45.1650       -6042.792    -6046.538        3.746    29.7
45.1700       -6042.780    -6046.496        3.717    29.5
45.1750       -6042.769    -6046.458        3.689    29.3
45.1800       -6042.801    -6046.447        3.646    28.9
45.1850       -6042.781    -6046.498        3.717    29.5
45.1900       -6042.768    -6046.583        3.815    30.3
45.1950       -6042.761    -6046.662        3.901    31.0
45.2000       -6042.756    -6046.709        3.953    31.4
45.2050       -6042.759    -6046.712        3.953    31.4
45.2100       -6042.740    -6046.676        3.936    31.2
45.2150       -6042.729    -6046.616        3.887    30.8
45.2200       -6042.730    -6046.559        3.829    30.4
45.2250       -6042.764    -6046.528        3.764    29.9
45.2300       -6042.753    -6046.540        3.787    30.1
45.2350       -6042.774    -6046.590        3.816    30.3
45.2400       -6042.782    -6046.652        3.870    30.7
45.2450       -6042.782    -6046.688        3.905    31.0
45.2500       -6042.787    -6046.674        3.886    30.8
45.2550       -6042.779    -6046.604        3.825    30.4
45.2600       -6042.783    -6046.511        3.728    29.6
45.2650       -6042.794    -6046.442        3.648    28.9
45.2700       -6042.811    -6046.423        3.613    28.7
45.2750       -6042.827    -6046.457        3.630    28.8
45.2800       -6042.827    -6046.533        3.706    29.4
45.2850       -6042.867    -6046.616        3.748    29.7
45.2900       -6042.888    -6046.676        3.787    30.1
45.2950       -6042.887    -6046.696        3.808    30.2
45.3000       -6042.891    -6046.672        3.781    30.0
45.3050       -6042.907    -6046.626        3.719    29.5
45.3100       -6042.911    -6046.582        3.671    29.1
45.3150       -6042.896    -6046.562        3.665    29.1
45.3200       -6042.874    -6046.559        3.685    29.2
45.3250       -6042.905    -6046.573        3.669    29.1
45.3300       -6042.914    -6046.592        3.679    29.2
45.3350       -6042.926    -6046.610        3.684    29.2
45.3400       -6042.924    -6046.611        3.686    29.3
45.3450       -6042.949    -6046.599        3.650    29.0
45.3500       -6042.958    -6046.585        3.627    28.8
45.3550       -6042.976    -6046.582        3.606    28.6
45.3600       -6042.989    -6046.597        3.608    28.6
45.3650       -6043.008    -6046.631        3.623    28.7
45.3700       -6043.037    -6046.675        3.638    28.9
45.3750       -6043.035    -6046.724        3.688    29.3
45.3800       -6043.011    -6046.767        3.756    29.8
45.3850       -6042.997    -6046.789        3.792    30.1
45.3900       -6043.006    -6046.777        3.771    29.9
45.3950       -6043.005    -6046.750        3.744    29.7
45.4000       -6043.019    -6046.723        3.704    29.4
45.4050       -6042.994    -6046.719        3.725    29.6
45.4100       -6042.995    -6046.731        3.736    29.6
45.4150       -6042.978    -6046.743        3.766    29.9
45.4200       -6042.922    -6046.756        3.833    30.4
45.4250       -6042.931    -6046.758        3.827    30.4
45.4300       -6042.903    -6046.741        3.838    30.4
45.4350       -6042.902    -6046.715        3.812    30.2
45.4400       -6042.875    -6046.676        3.800    30.2
45.4450       -6042.865    -6046.627        3.762    29.8
45.4500       -6042.843    -6046.588        3.745    29.7
45.4550       -6042.857    -6046.562        3.705    29.4
45.4600       -6042.877    -6046.555        3.678    29.2
45.4650       -6042.880    -6046.561        3.681    29.2
45.4700       -6042.853    -6046.562        3.709    29.4
45.4750       -6042.834    -6046.544        3.711    29.4
45.4800       -6042.812    -6046.512        3.700    29.4
45.4850       -6042.799    -6046.488        3.688    29.3
45.4900       -6042.783    -6046.482        3.700    29.4
45.4950       -6042.757    -6046.492        3.734    29.6
45.5000       -6042.738    -6046.504        3.766    29.9
45.5050       -6042.752    -6046.512        3.761    29.8
45.5100       -6042.747    -6046.504        3.757    29.8
45.5150       -6042.761    -6046.486        3.725    29.6
45.5200       -6042.763    -6046.470        3.707    29.4
45.5250       -6042.774    -6046.480        3.706    29.4
45.5300       -6042.793    -6046.536        3.742    29.7
45.5350       -6042.747    -6046.621        3.874    30.7
45.5400       -6042.755    -6046.700        3.945    31.3
45.5450       -6042.756    -6046.733        3.977    31.6
45.5500       -6042.734    -6046.709        3.976    31.5
45.5550       -6042.740    -6046.652        3.912    31.0
45.5600       -6042.730    -6046.602        3.872    30.7
45.5650       -6042.757    -6046.577        3.820    30.3
45.5700       -6042.733    -6046.575        3.843    30.5
45.5750       -6042.748    -6046.576        3.827    30.4
45.5800       -6042.759    -6046.577        3.818    30.3
45.5850       -6042.761    -6046.578        3.818    30.3
45.5900       -6042.727    -6046.576        3.848    30.5
45.5950       -6042.746    -6046.571        3.825    30.3
45.6000       -6042.764    -6046.565        3.802    30.2
45.6050       -6042.762    -6046.557        3.795    30.1
45.6100       -6042.786    -6046.539        3.753    29.8
45.6150       -6042.802    -6046.514        3.712    29.5
45.6200       -6042.795    -6046.487        3.692    29.3
45.6250       -6042.788    -6046.469        3.682    29.2
45.6300       -6042.784    -6046.484        3.700    29.4
45.6350       -6042.812    -6046.524        3.712    29.5
45.6400       -6042.809    -6046.575        3.766    29.9
45.6450       -6042.801    -6046.607        3.806    30.2
45.6500       -6042.813    -6046.607        3.794    30.1
45.6550       -6042.831    -6046.583        3.752    29.8
45.6600       -6042.808    -6046.549        3.741    29.7
45.6650       -6042.820    -6046.535        3.715    29.5
45.6700       -6042.823    -6046.544        3.720    29.5
45.6750       -6042.830    -6046.573        3.742    29.7
45.6800       -6042.802    -6046.605        3.803    30.2
45.6850       -6042.789    -6046.622        3.833    30.4
45.6900       -6042.775    -6046.605        3.831    30.4
45.6950       -6042.774    -6046.575        3.802    30.2
45.7000       -6042.815    -6046.550        3.735    29.6
45.7050       -6042.812    -6046.552        3.740    29.7
45.7100       -6042.788    -6046.579        3.791    30.1
45.7150       -6042.784    -6046.601        3.817    30.3
45.7200       -6042.793    -6046.603        3.810    30.2
45.7250       -6042.839    -6046.580        3.741    29.7
45.7300       -6042.850    -6046.552        3.702    29.4
45.7350       -6042.840    -6046.549        3.709    29.4
45.7400       -6042.821    -6046.574        3.753    29.8
45.7450       -6042.822    -6046.613        3.791    30.1
45.7500       -6042.818    -6046.639        3.822    30.3
45.7550       -6042.794    -6046.634        3.841    30.5
45.7600       -6042.802    -6046.609        3.808    30.2
45.7650       -6042.845    -6046.587        3.743    29.7
45.7700       -6042.840    -6046.583        3.743    29.7
45.7750       -6042.850    -6046.594        3.744    29.7
45.7800       -6042.856    -6046.611        3.754    29.8
45.7850       -6042.842    -6046.627        3.785    30.0
45.7900       -6042.841    -6046.642        3.801    30.2
45.7950       -6042.809    -6046.638        3.829    30.4
45.8000       -6042.808    -6046.621        3.813    30.3
45.8050       -6042.804    -6046.596        3.792    30.1
45.8100       -6042.792    -6046.570        3.778    30.0
45.8150       -6042.780    -6046.553        3.773    29.9
45.8200       -6042.769    -6046.543        3.773    29.9
45.8250       -6042.750    -6046.533        3.783    30.0
45.8300       -6042.783    -6046.524        3.741    29.7
45.8350       -6042.797    -6046.515        3.717    29.5
45.8400       -6042.789    -6046.518        3.730    29.6
45.8450       -6042.783    -6046.543        3.760    29.8
45.8500       -6042.798    -6046.571        3.773    29.9
45.8550       -6042.805    -6046.589        3.785    30.0
45.8600       -6042.796    -6046.600        3.805    30.2
45.8650       -6042.825    -6046.598        3.773    29.9
45.8700       -6042.838    -6046.583        3.745    29.7
45.8750       -6042.868    -6046.563        3.695    29.3
45.8800       -6042.864    -6046.552        3.688    29.3
45.8850       -6042.855    -6046.552        3.697    29.3
45.8900       -6042.857    -6046.563        3.706    29.4
45.8950       -6042.838    -6046.581        3.742    29.7
45.9000       -6042.841    -6046.600        3.759    29.8
45.9050       -6042.827    -6046.623        3.797    30.1
45.9100       -6042.809    -6046.635        3.826    30.4
45.9150       -6042.814    -6046.625        3.811    30.2
45.9200       -6042.835    -6046.596        3.761    29.8
45.9250       -6042.855    -6046.558        3.703    29.4
45.9300       -6042.866    -6046.528        3.662    29.1
45.9350       -6042.870    -6046.521        3.651    29.0
45.9400       -6042.861    -6046.538        3.678    29.2
45.9450       -6042.847    -6046.574        3.727    29.6
45.9500       -6042.857    -6046.617        3.760    29.8
45.9550       -6042.827    -6046.660        3.834    30.4
45.9600       -6042.803    -6046.685        3.882    30.8
45.9650       -6042.783    -6046.679        3.895    30.9
45.9700       -6042.790    -6046.640        3.850    30.5
45.9750       -6042.776    -6046.578        3.802    30.2
45.9800       -6042.774    -6046.516        3.741    29.7
45.9850       -6042.782    -6046.474        3.692    29.3
45.9900       -6042.787    -6046.471        3.683    29.2
45.9950       -6042.777    -6046.504        3.728    29.6
46.0000       -6042.746    -6046.563        3.817    30.3
46.0050       -6042.783    -6046.613        3.830    30.4
46.0100       -6042.844    -6046.634        3.790    30.1
46.0150       -6042.830    -6046.626        3.796    30.1
46.0200       -6042.849    -6046.597        3.748    29.7
46.0250       -6042.863    -6046.566        3.702    29.4
46.0300       -6042.878    -6046.551        3.673    29.1
46.0350       -6042.869    -6046.566        3.697    29.3
46.0400       -6042.851    -6046.600        3.749    29.8
46.0450       -6042.871    -6046.637        3.766    29.9
46.0500       -6042.869    -6046.680        3.811    30.2
46.0550       -6042.868    -6046.719        3.850    30.6
46.0600       -6042.877    -6046.734        3.856    30.6
46.0650       -6042.870    -6046.715        3.845    30.5
46.0700       -6042.876    -6046.676        3.800    30.2
46.0750       -6042.889    -6046.634        3.745    29.7
46.0800       -6042.859    -6046.615        3.756    29.8
46.0850       -6042.859    -6046.625        3.766    29.9
46.0900       -6042.857    -6046.661        3.804    30.2
46.0950       -6042.856    -6046.697        3.840    30.5
46.1000       -6042.855    -6046.697        3.842    30.5
46.1050       -6042.860    -6046.658        3.798    30.1
46.1100       -6042.879    -6046.594        3.715    29.5
46.1150       -6042.882    -6046.535        3.653    29.0
46.1200       -6042.884    -6046.504        3.621    28.7
46.1250       -6042.879    -6046.517        3.638    28.9
46.1300       -6042.877    -6046.561        3.684    29.2
46.1350       -6042.864    -6046.608        3.743    29.7
46.1400       -6042.867    -6046.638        3.771    29.9
46.1450       -6042.871    -6046.644        3.773    29.9
46.1500       -6042.865    -6046.633        3.767    29.9
46.1550       -6042.856    -6046.620        3.764    29.9
46.1600       -6042.848    -6046.628        3.781    30.0
46.1650       -6042.861    -6046.662        3.801    30.2
46.1700       -6042.875    -6046.707        3.831    30.4
46.1750       -6042.884    -6046.726        3.842    30.5
46.1800       -6042.903    -6046.707        3.804    30.2
46.1850       -6042.890    -6046.652        3.762    29.8
46.1900       -6042.901    -6046.581        3.680    29.2
46.1950       -6042.896    -6046.515        3.619    28.7
46.2000       -6042.940    -6046.494        3.554    28.2
46.2050       -6042.923    -6046.536        3.613    28.7
46.2100       -6042.926    -6046.612        3.687    29.3
46.2150       -6042.923    -6046.698        3.776    30.0
46.2200       -6042.916    -6046.763        3.847    30.5
46.2250       -6042.919    -6046.776        3.857    30.6
46.2300       -6042.929    -6046.734        3.806    30.2
46.2350       -6042.919    -6046.656        3.736    29.6
46.2400       -6042.919    -6046.575        3.655    29.0
46.2450       -6042.923    -6046.532        3.609    28.6
46.2500       -6042.898    -6046.535        3.637    28.9
46.2550       -6042.920    -6046.569        3.648    28.9
46.2600       -6042.925    -6046.602        3.677    29.2
46.2650       -6042.897    -6046.604        3.706    29.4
46.2700       -6042.878    -6046.572        3.695    29.3
46.2750       -6042.885    -6046.538        3.653    29.0
46.2800       -6042.888    -6046.532        3.644    28.9
46.2850       -6042.881    -6046.567        3.686    29.2
46.2900       -6042.910    -6046.620        3.710    29.4
46.2950       -6042.903    -6046.667        3.765    29.9
46.3000       -6042.890    -6046.687        3.797    30.1
46.3050       -6042.896    -6046.672        3.776    30.0
46.3100       -6042.908    -6046.642        3.734    29.6
46.3150       -6042.955    -6046.630        3.676    29.2
46.3200       -6042.976    -6046.646        3.670    29.1
46.3250       -6042.990    -6046.678        3.688    29.3
46.3300       -6042.977    -6046.706        3.729    29.6
46.3350       -6042.972    -6046.710        3.738    29.7
46.3400       -6042.997    -6046.684        3.688    29.3
46.3450       -6043.004    -6046.649        3.645    28.9
46.3500       -6043.027    -6046.628        3.601    28.6
46.3550       -6043.021    -6046.638        3.617    28.7
46.3600       -6043.048    -6046.670        3.621    28.7
46.3650       -6043.027    -6046.704        3.676    29.2
46.3700       -6042.988    -6046.714        3.726    29.6
46.3750       -6042.986    -6046.679        3.693    29.3
46.3800       -6042.993    -6046.624        3.631    28.8
46.3850       -6043.004    -6046.587        3.582    28.4
46.3900       -6043.004    -6046.595        3.591    28.5
46.3950       -6043.004    -6046.639        3.635    28.8
46.4000       -6043.014    -6046.676        3.661    29.1
46.4050       -6043.046    -6046.699        3.653    29.0
46.4100       -6043.032    -6046.704        3.672    29.1
46.4150       -6043.023    -6046.704        3.681    29.2
46.4200       -6043.015    -6046.715        3.700    29.4
46.4250       -6043.025    -6046.742        3.717    29.5
46.4300       -6043.052    -6046.759        3.707    29.4
46.4350       -6042.996    -6046.747        3.751    29.8
46.4400       -6043.014    -6046.708        3.694    29.3
46.4450       -6043.002    -6046.658        3.656    29.0
46.4500       -6043.013    -6046.628        3.615    28.7
46.4550       -6043.002    -6046.639        3.637    28.9
46.4600       -6042.998    -6046.678        3.680    29.2
46.4650       -6042.995    -6046.716        3.721    29.5
46.4700       -6042.991    -6046.718        3.727    29.6
46.4750       -6043.015    -6046.687        3.672    29.1
46.4800       -6043.024    -6046.650        3.627    28.8
46.4850       -6042.989    -6046.653        3.664    29.1
46.4900       -6042.977    -6046.699        3.722    29.5
46.4950       -6042.963    -6046.764        3.801    30.2
46.5000       -6042.978    -6046.808        3.829    30.4
46.5050       -6042.973    -6046.810        3.837    30.4
46.5100       -6042.986    -6046.772        3.786    30.0
46.5150       -6043.007    -6046.705        3.697    29.3
46.5200       -6043.031    -6046.632        3.601    28.6
46.5250       -6043.031    -6046.571        3.540    28.1
46.5300       -6042.994    -6046.544        3.550    28.2
46.5350       -6042.993    -6046.546        3.553    28.2
46.5400       -6042.962    -6046.557        3.595    28.5
46.5450       -6042.970    -6046.574        3.604    28.6
46.5500       -6042.998    -6046.595        3.596    28.5
46.5550       -6043.015    -6046.620        3.606    28.6
46.5600       -6042.995    -6046.646        3.651    29.0
46.5650       -6042.970    -6046.671        3.701    29.4
46.5700       -6042.937    -6046.679        3.742    29.7
46.5750       -6042.922    -6046.658        3.736    29.6
46.5800       -6042.918    -6046.626        3.708    29.4
46.5850       -6042.907    -6046.601        3.694    29.3
46.5900       -6042.912    -6046.603        3.691    29.3
46.5950       -6042.924    -6046.635        3.711    29.4
46.6000       -6042.880    -6046.684        3.804    30.2
46.6050       -6042.890    -6046.716        3.826    30.4
46.6100       -6042.922    -6046.714        3.792    30.1
46.6150       -6042.934    -6046.683        3.749    29.7
46.6200       -6042.953    -6046.639        3.686    29.2
46.6250       -6042.942    -6046.616        3.674    29.2
46.6300       -6042.915    -6046.638        3.723    29.5
46.6350       -6042.959    -6046.684        3.725    29.6
46.6400       -6042.932    -6046.733        3.801    30.2
46.6450       -6042.904    -6046.757        3.852    30.6
46.6500       -6042.901    -6046.748        3.847    30.5
46.6550       -6042.884    -6046.709        3.826    30.4
46.6600       -6042.908    -6046.654        3.746    29.7
46.6650       -6042.889    -6046.591        3.702    29.4
46.6700       -6042.902    -6046.542        3.640    28.9
46.6750       -6042.917    -6046.505        3.588    28.5
46.6800       -6042.888    -6046.487        3.599    28.6
46.6850       -6042.887    -6046.499        3.612    28.7
46.6900       -6042.887    -6046.528        3.642    28.9
46.6950       -6042.891    -6046.569        3.679    29.2
46.7000       -6042.901    -6046.609        3.707    29.4
46.7050       -6042.870    -6046.633        3.762    29.9
46.7100       -6042.879    -6046.643        3.764    29.9
46.7150       -6042.891    -6046.647        3.755    29.8
46.7200       -6042.879    -6046.651        3.772    29.9
46.7250       -6042.873    -6046.657        3.783    30.0
46.7300       -6042.872    -6046.659        3.787    30.0
46.7350       -6042.879    -6046.651        3.772    29.9
46.7400       -6042.871    -6046.629        3.758    29.8
46.7450       -6042.854    -6046.595        3.741    29.7
46.7500       -6042.832    -6046.569        3.737    29.6
46.7550       -6042.833    -6046.562        3.730    29.6
46.7600       -6042.859    -6046.580        3.720    29.5
46.7650       -6042.860    -6046.606        3.746    29.7
46.7700       -6042.848    -6046.631        3.783    30.0
46.7750       -6042.867    -6046.624        3.758    29.8
46.7800       -6042.878    -6046.595        3.717    29.5
46.7850       -6042.892    -6046.565        3.673    29.1
46.7900       -6042.866    -6046.559        3.693    29.3
46.7950       -6042.862    -6046.593        3.731    29.6
46.8000       -6042.889    -6046.672        3.784    30.0
46.8050       -6042.870    -6046.750        3.880    30.8
46.8100       -6042.878    -6046.765        3.888    30.8
46.8150       -6042.867    -6046.700        3.833    30.4
46.8200       -6042.853    -6046.594        3.741    29.7
46.8250       -6042.858    -6046.504        3.646    28.9
46.8300       -6042.835    -6046.472        3.637    28.9
46.8350       -6042.851    -6046.502        3.651    29.0
46.8400       -6042.826    -6046.560        3.734    29.6
46.8450       -6042.835    -6046.604        3.769    29.9
46.8500       -6042.843    -6046.609        3.766    29.9
46.8550       -6042.836    -6046.594        3.757    29.8
46.8600       -6042.791    -6046.576        3.785    30.0
46.8650       -6042.786    -6046.562        3.776    30.0
46.8700       -6042.805    -6046.562        3.757    29.8
46.8750       -6042.819    -6046.582        3.762    29.9
46.8800       -6042.798    -6046.609        3.811    30.2
46.8850       -6042.799    -6046.619        3.820    30.3
46.8900       -6042.797    -6046.607        3.810    30.2
46.8950       -6042.824    -6046.591        3.768    29.9
46.9000       -6042.847    -6046.587        3.740    29.7
46.9050       -6042.836    -6046.605        3.769    29.9
46.9100       -6042.850    -6046.619        3.770    29.9
46.9150       -6042.869    -6046.607        3.738    29.7
46.9200       -6042.841    -6046.558        3.717    29.5
46.9250       -6042.872    -6046.489        3.618    28.7
46.9300       -6042.881    -6046.439        3.558    28.2
46.9350       -6042.880    -6046.443        3.563    28.3
46.9400       -6042.854    -6046.499        3.645    28.9
46.9450       -6042.825    -6046.575        3.750    29.8
46.9500       -6042.835    -6046.646        3.812    30.2
46.9550       -6042.840    -6046.684        3.844    30.5
46.9600       -6042.844    -6046.677        3.833    30.4
46.9650       -6042.877    -6046.653        3.776    30.0
46.9700       -6042.894    -6046.638        3.744    29.7
46.9750       -6042.889    -6046.637        3.748    29.7
46.9800       -6042.894    -6046.640        3.746    29.7
46.9850       -6042.882    -6046.647        3.764    29.9
46.9900       -6042.892    -6046.661        3.769    29.9
46.9950       -6042.928    -6046.681        3.753    29.8
47.0000       -6042.918    -6046.712        3.794    30.1
47.0050       -6042.903    -6046.740        3.837    30.4
47.0100       -6042.874    -6046.738        3.864    30.7
47.0150       -6042.874    -6046.687        3.813    30.3
47.0200       -6042.890    -6046.601        3.711    29.4
47.0250       -6042.904    -6046.518        3.615    28.7
47.0300       -6042.923    -6046.484        3.561    28.3
47.0350       -6042.909    -6046.517        3.608    28.6
47.0400       -6042.885    -6046.589        3.704    29.4
47.0450       -6042.891    -6046.664        3.773    29.9
47.0500       -6042.888    -6046.703        3.815    30.3
47.0550       -6042.894    -6046.702        3.808    30.2
47.0600       -6042.891    -6046.684        3.793    30.1
47.0650       -6042.889    -6046.675        3.786    30.0
47.0700       -6042.864    -6046.676        3.812    30.2
47.0750       -6042.884    -6046.676        3.792    30.1
47.0800       -6042.861    -6046.659        3.799    30.1
47.0850       -6042.857    -6046.610        3.753    29.8
47.0900       -6042.883    -6046.538        3.655    29.0
47.0950       -6042.885    -6046.491        3.606    28.6
47.1000       -6042.881    -6046.486        3.605    28.6
47.1050       -6042.872    -6046.525        3.653    29.0
47.1100       -6042.882    -6046.595        3.713    29.5
47.1150       -6042.872    -6046.658        3.786    30.0
47.1200       -6042.860    -6046.685        3.825    30.3
47.1250       -6042.869    -6046.666        3.797    30.1
47.1300       -6042.850    -6046.615        3.765    29.9
47.1350       -6042.833    -6046.568        3.735    29.6
47.1400       -6042.846    -6046.532        3.686    29.2
47.1450       -6042.862    -6046.501        3.639    28.9
47.1500       -6042.862    -6046.480        3.618    28.7
47.1550       -6042.844    -6046.477        3.633    28.8
47.1600       -6042.852    -6046.485        3.633    28.8
47.1650       -6042.841    -6046.508        3.667    29.1
47.1700       -6042.813    -6046.547        3.734    29.6
47.1750       -6042.808    -6046.587        3.779    30.0
47.1800       -6042.807    -6046.613        3.806    30.2
47.1850       -6042.812    -6046.612        3.800    30.2
47.1900       -6042.855    -6046.595        3.739    29.7
47.1950       -6042.854    -6046.579        3.724    29.6
47.2000       -6042.888    -6046.586        3.697    29.3
47.2050       -6042.904    -6046.620        3.716    29.5
47.2100       -6042.885    -6046.673        3.788    30.1
47.2150       -6042.860    -6046.722        3.862    30.6
47.2200       -6042.860    -6046.745        3.885    30.8
47.2250       -6042.869    -6046.728        3.859    30.6
47.2300       -6042.861    -6046.680        3.818    30.3
47.2350       -6042.870    -6046.628        3.758    29.8
47.2400       -6042.876    -6046.598        3.723    29.5
47.2450       -6042.874    -6046.589        3.715    29.5
47.2500       -6042.892    -6046.580        3.688    29.3
47.2550       -6042.844    -6046.556        3.712    29.5
47.2600       -6042.838    -6046.511        3.673    29.1
47.2650       -6042.837    -6046.462        3.625    28.8
47.2700       -6042.836    -6046.443        3.607    28.6
47.2750       -6042.819    -6046.470        3.651    29.0
47.2800       -6042.815    -6046.536        3.721    29.5
47.2850       -6042.820    -6046.619        3.799    30.1
47.2900       -6042.811    -6046.679        3.868    30.7
47.2950       -6042.794    -6046.680        3.887    30.8
47.3000       -6042.799    -6046.632        3.832    30.4
47.3050       -6042.807    -6046.562        3.756    29.8
47.3100       -6042.791    -6046.504        3.713    29.5
47.3150       -6042.793    -6046.479        3.687    29.3
47.3200       -6042.790    -6046.497        3.707    29.4
47.3250       -6042.760    -6046.559        3.799    30.1
47.3300       -6042.777    -6046.629        3.852    30.6
47.3350       -6042.796    -6046.673        3.877    30.8
47.3400       -6042.781    -6046.680        3.898    30.9
47.3450       -6042.779    -6046.660        3.880    30.8
47.3500       -6042.761    -6046.640        3.878    30.8
47.3550       -6042.741    -6046.615        3.874    30.7
47.3600       -6042.738    -6046.586        3.848    30.5
47.3650       -6042.731    -6046.550        3.819    30.3
47.3700       -6042.696    -6046.511        3.815    30.3
47.3750       -6042.692    -6046.482        3.790    30.1
47.3800       -6042.723    -6046.482        3.759    29.8
47.3850       -6042.703    -6046.515        3.812    30.2
47.3900       -6042.735    -6046.559        3.823    30.3
47.3950       -6042.725    -6046.571        3.846    30.5
47.4000       -6042.689    -6046.533        3.844    30.5
47.4050       -6042.700    -6046.465        3.765    29.9
47.4100       -6042.684    -6046.409        3.725    29.6
47.4150       -6042.677    -6046.398        3.721    29.5
47.4200       -6042.705    -6046.441        3.736    29.6
47.4250       -6042.728    -6046.512        3.784    30.0
47.4300       -6042.710    -6046.576        3.866    30.7
47.4350       -6042.731    -6046.598        3.867    30.7
47.4400       -6042.705    -6046.568        3.863    30.7
47.4450       -6042.733    -6046.526        3.793    30.1
47.4500       -6042.746    -6046.513        3.766    29.9
47.4550       -6042.763    -6046.544        3.781    30.0
47.4600       -6042.766    -6046.604        3.838    30.5
47.4650       -6042.766    -6046.661        3.895    30.9
47.4700       -6042.795    -6046.683        3.888    30.9
47.4750       -6042.805    -6046.663        3.858    30.6
47.4800       -6042.826    -6046.614        3.788    30.1
47.4850       -6042.825    -6046.572        3.747    29.7
47.4900       -6042.800    -6046.549        3.749    29.7
47.4950       -6042.798    -6046.547        3.748    29.7
47.5000       -6042.817    -6046.551        3.734    29.6
47.5050       -6042.839    -6046.547        3.708    29.4
47.5100       -6042.842    -6046.531        3.690    29.3
47.5150       -6042.842    -6046.519        3.678    29.2
47.5200       -6042.821    -6046.519        3.699    29.3
47.5250       -6042.865    -6046.525        3.660    29.0
47.5300       -6042.884    -6046.543        3.660    29.0
47.5350       -6042.874    -6046.573        3.699    29.3
47.5400       -6042.859    -6046.595        3.737    29.7
47.5450       -6042.872    -6046.606        3.734    29.6
47.5500       -6042.881    -6046.600        3.719    29.5
47.5550       -6042.900    -6046.590        3.690    29.3
47.5600       -6042.907    -6046.594        3.687    29.3
47.5650       -6042.895    -6046.622        3.727    29.6
47.5700       -6042.869    -6046.660        3.790    30.1
47.5750       -6042.893    -6046.684        3.791    30.1
47.5800       -6042.869    -6046.689        3.820    30.3
47.5850       -6042.858    -6046.678        3.819    30.3
47.5900       -6042.869    -6046.676        3.807    30.2
47.5950       -6042.897    -6046.692        3.796    30.1
47.6000       -6042.862    -6046.706        3.844    30.5
47.6050       -6042.854    -6046.697        3.842    30.5
47.6100       -6042.850    -6046.654        3.803    30.2
47.6150       -6042.866    -6046.601        3.735    29.6
47.6200       -6042.867    -6046.562        3.695    29.3
47.6250       -6042.846    -6046.556        3.710    29.4
47.6300       -6042.853    -6046.575        3.721    29.5
47.6350       -6042.844    -6046.599        3.755    29.8
47.6400       -6042.847    -6046.600        3.753    29.8
47.6450       -6042.861    -6046.575        3.714    29.5
47.6500       -6042.858    -6046.541        3.683    29.2
47.6550       -6042.833    -6046.511        3.678    29.2
47.6600       -6042.851    -6046.492        3.641    28.9
47.6650       -6042.843    -6046.498        3.656    29.0
47.6700       -6042.863    -6046.527        3.664    29.1
47.6750       -6042.856    -6046.562        3.706    29.4
47.6800       -6042.824    -6046.572        3.748    29.7
47.6850       -6042.810    -6046.551        3.741    29.7
47.6900       -6042.844    -6046.521        3.677    29.2
47.6950       -6042.857    -6046.519        3.662    29.1
47.7000       -6042.858    -6046.552        3.694    29.3
47.7050       -6042.880    -6046.614        3.734    29.6
47.7100       -6042.894    -6046.670        3.776    30.0
47.7150       -6042.911    -6046.685        3.774    29.9
47.7200       -6042.900    -6046.664        3.764    29.9
47.7250       -6042.876    -6046.633        3.757    29.8
47.7300       -6042.879    -6046.618        3.738    29.7
47.7350       -6042.884    -6046.622        3.739    29.7
47.7400       -6042.866    -6046.641        3.774    29.9
47.7450       -6042.863    -6046.656        3.793    30.1
47.7500       -6042.839    -6046.658        3.819    30.3
47.7550       -6042.816    -6046.645        3.829    30.4
47.7600       -6042.803    -6046.632        3.830    30.4
47.7650       -6042.772    -6046.635        3.863    30.7
47.7700       -6042.762    -6046.667        3.905    31.0
47.7750       -6042.759    -6046.708        3.949    31.3
47.7800       -6042.760    -6046.736        3.976    31.5
47.7850       -6042.785    -6046.736        3.951    31.4
47.7900       -6042.827    -6046.693        3.866    30.7
47.7950       -6042.840    -6046.626        3.785    30.0
47.8000       -6042.841    -6046.570        3.730    29.6
47.8050       -6042.840    -6046.536        3.696    29.3
47.8100       -6042.827    -6046.538        3.710    29.4
47.8150       -6042.837    -6046.565        3.728    29.6
47.8200       -6042.886    -6046.613        3.727    29.6
47.8250       -6042.858    -6046.662        3.804    30.2
47.8300       -6042.853    -6046.685        3.832    30.4
47.8350       -6042.833    -6046.670        3.836    30.4
47.8400       -6042.839    -6046.630        3.791    30.1
47.8450       -6042.821    -6046.581        3.760    29.8
47.8500       -6042.811    -6046.535        3.724    29.5
47.8550       -6042.827    -6046.507        3.680    29.2
47.8600       -6042.812    -6046.508        3.695    29.3
47.8650       -6042.835    -6046.534        3.699    29.3
47.8700       -6042.841    -6046.559        3.718    29.5
47.8750       -6042.818    -6046.568        3.750    29.8
47.8800       -6042.803    -6046.556        3.753    29.8
47.8850       -6042.812    -6046.531        3.719    29.5
47.8900       -6042.810    -6046.515        3.705    29.4
47.8950       -6042.807    -6046.531        3.723    29.5
47.9000       -6042.803    -6046.574        3.771    29.9
47.9050       -6042.844    -6046.618        3.774    29.9
47.9100       -6042.843    -6046.635        3.791    30.1
47.9150       -6042.867    -6046.605        3.738    29.7
47.9200       -6042.918    -6046.545        3.627    28.8
47.9250       -6042.936    -6046.502        3.566    28.3
47.9300       -6042.932    -6046.509        3.577    28.4
47.9350       -6042.928    -6046.559        3.631    28.8
47.9400       -6042.908    -6046.629        3.720    29.5
47.9450       -6042.912    -6046.677        3.764    29.9
47.9500       -6042.921    -6046.686        3.766    29.9
47.9550       -6042.950    -6046.642        3.693    29.3
47.9600       -6042.958    -6046.584        3.625    28.8
47.9650       -6042.982    -6046.553        3.571    28.3
47.9700       -6042.958    -6046.571        3.613    28.7
47.9750       -6042.958    -6046.626        3.668    29.1
47.9800       -6042.922    -6046.673        3.751    29.8
47.9850       -6042.906    -6046.690        3.785    30.0
47.9900       -6042.912    -6046.664        3.752    29.8
47.9950       -6042.878    -6046.627        3.749    29.7
48.0000       -6042.846    -6046.595        3.749    29.7
48.0050       -6042.818    -6046.580        3.762    29.8
48.0100       -6042.791    -6046.580        3.789    30.1
48.0150       -6042.798    -6046.595        3.797    30.1
48.0200       -6042.800    -6046.621        3.821    30.3
48.0250       -6042.821    -6046.659        3.838    30.5
48.0300       -6042.839    -6046.696        3.856    30.6
48.0350       -6042.840    -6046.717        3.877    30.8
48.0400       -6042.822    -6046.708        3.886    30.8
48.0450       -6042.810    -6046.662        3.852    30.6
48.0500       -6042.816    -6046.585        3.768    29.9
48.0550       -6042.798    -6046.517        3.719    29.5
48.0600       -6042.848    -6046.490        3.642    28.9
48.0650       -6042.869    -6046.515        3.646    28.9
48.0700       -6042.875    -6046.571        3.696    29.3
48.0750       -6042.864    -6046.601        3.737    29.7
48.0800       -6042.844    -6046.592        3.748    29.7
48.0850       -6042.816    -6046.548        3.731    29.6
48.0900       -6042.818    -6046.506        3.688    29.3
48.0950       -6042.788    -6046.499        3.711    29.4
48.1000       -6042.761    -6046.525        3.764    29.9
48.1050       -6042.746    -6046.561        3.815    30.3
48.1100       -6042.746    -6046.575        3.828    30.4
48.1150       -6042.705    -6046.556        3.851    30.6
48.1200       -6042.681    -6046.508        3.827    30.4
48.1250       -6042.717    -6046.455        3.739    29.7
48.1300       -6042.706    -6046.425        3.719    29.5
48.1350       -6042.699    -6046.428        3.729    29.6
48.1400       -6042.722    -6046.452        3.730    29.6
48.1450       -6042.735    -6046.475        3.741    29.7
48.1500       -6042.743    -6046.484        3.741    29.7
48.1550       -6042.769    -6046.492        3.722    29.5
48.1600       -6042.772    -6046.516        3.743    29.7
48.1650       -6042.760    -6046.563        3.803    30.2
48.1700       -6042.773    -6046.628        3.855    30.6
48.1750       -6042.801    -6046.681        3.880    30.8
48.1800       -6042.777    -6046.702        3.925    31.1
48.1850       -6042.751    -6046.677        3.926    31.2
48.1900       -6042.747    -6046.625        3.879    30.8
48.1950       -6042.736    -6046.570        3.834    30.4
48.2000       -6042.731    -6046.536        3.805    30.2
48.2050       -6042.733    -6046.522        3.789    30.1
48.2100       -6042.770    -6046.513        3.744    29.7
48.2150       -6042.781    -6046.502        3.722    29.5
48.2200       -6042.794    -6046.496        3.702    29.4
48.2250       -6042.780    -6046.505        3.726    29.6
48.2300       -6042.818    -6046.542        3.724    29.5
48.2350       -6042.793    -6046.597        3.805    30.2
48.2400       -6042.792    -6046.634        3.843    30.5
48.2450       -6042.805    -6046.629        3.824    30.3
48.2500       -6042.800    -6046.583        3.784    30.0
48.2550       -6042.789    -6046.515        3.726    29.6
48.2600       -6042.769    -6046.476        3.707    29.4
48.2650       -6042.760    -6046.497        3.737    29.7
48.2700       -6042.745    -6046.568        3.823    30.3
48.2750       -6042.756    -6046.655        3.899    30.9
48.2800       -6042.757    -6046.711        3.953    31.4
48.2850       -6042.787    -6046.701        3.914    31.1
48.2900       -6042.778    -6046.636        3.858    30.6
48.2950       -6042.792    -6046.556        3.763    29.9
48.3000       -6042.792    -6046.500        3.708    29.4
48.3050       -6042.770    -6046.494        3.724    29.5
48.3100       -6042.768    -6046.520        3.753    29.8
48.3150       -6042.757    -6046.551        3.794    30.1
48.3200       -6042.753    -6046.557        3.805    30.2
48.3250       -6042.750    -6046.541        3.791    30.1
48.3300       -6042.737    -6046.517        3.779    30.0
48.3350       -6042.771    -6046.512        3.740    29.7
48.3400       -6042.779    -6046.529        3.750    29.8
48.3450       -6042.786    -6046.563        3.777    30.0
48.3500       -6042.801    -6046.591        3.790    30.1
48.3550       -6042.775    -6046.598        3.824    30.3
48.3600       -6042.785    -6046.582        3.797    30.1
48.3650       -6042.784    -6046.547        3.763    29.9
48.3700       -6042.771    -6046.515        3.744    29.7
48.3750       -6042.782    -6046.498        3.716    29.5
48.3800       -6042.759    -6046.507        3.748    29.7
48.3850       -6042.764    -6046.545        3.781    30.0
48.3900       -6042.798    -6046.601        3.803    30.2
48.3950       -6042.807    -6046.651        3.844    30.5
48.4000       -6042.790    -6046.671        3.881    30.8
48.4050       -6042.803    -6046.656        3.853    30.6
48.4100       -6042.830    -6046.616        3.787    30.0
48.4150       -6042.856    -6046.565        3.709    29.4
48.4200       -6042.857    -6046.519        3.662    29.1
48.4250       -6042.860    -6046.488        3.627    28.8
48.4300       -6042.860    -6046.468        3.608    28.6
48.4350       -6042.850    -6046.458        3.608    28.6
48.4400       -6042.868    -6046.464        3.596    28.5
48.4450       -6042.848    -6046.481        3.633    28.8
48.4500       -6042.854    -6046.507        3.652    29.0
48.4550       -6042.862    -6046.546        3.684    29.2
48.4600       -6042.876    -6046.584        3.708    29.4
48.4650       -6042.863    -6046.624        3.761    29.8
48.4700       -6042.887    -6046.654        3.768    29.9
48.4750       -6042.893    -6046.673        3.780    30.0
48.4800       -6042.877    -6046.684        3.807    30.2
48.4850       -6042.871    -6046.686        3.815    30.3
48.4900       -6042.863    -6046.689        3.826    30.4
48.4950       -6042.881    -6046.689        3.808    30.2
48.5000       -6042.842    -6046.688        3.846    30.5
48.5050       -6042.883    -6046.683        3.799    30.1
48.5100       -6042.891    -6046.667        3.776    30.0
48.5150       -6042.903    -6046.640        3.737    29.7
48.5200       -6042.915    -6046.606        3.691    29.3
48.5250       -6042.932    -6046.591        3.659    29.0
48.5300       -6042.942    -6046.604        3.662    29.1
48.5350       -6042.935    -6046.640        3.706    29.4
48.5400       -6042.916    -6046.687        3.771    29.9
48.5450       -6042.904    -6046.709        3.805    30.2
48.5500       -6042.922    -6046.702        3.780    30.0
48.5550       -6042.915    -6046.691        3.776    30.0
48.5600       -6042.918    -6046.680        3.762    29.8
48.5650       -6042.917    -6046.684        3.767    29.9
48.5700       -6042.883    -6046.698        3.815    30.3
48.5750       -6042.875    -6046.698        3.822    30.3
48.5800       -6042.884    -6046.678        3.794    30.1
48.5850       -6042.903    -6046.637        3.734    29.6
48.5900       -6042.890    -6046.597        3.707    29.4
48.5950       -6042.892    -6046.572        3.680    29.2
48.6000       -6042.888    -6046.568        3.680    29.2
48.6050       -6042.881    -6046.580        3.699    29.3
48.6100       -6042.873    -6046.587        3.713    29.5
48.6150       -6042.862    -6046.573        3.711    29.4
48.6200       -6042.862    -6046.550        3.688    29.3
48.6250       -6042.868    -6046.547        3.679    29.2
48.6300       -6042.886    -6046.572        3.686    29.2
48.6350       -6042.870    -6046.617        3.747    29.7
48.6400       -6042.815    -6046.662        3.847    30.5
48.6450       -6042.788    -6046.680        3.893    30.9
48.6500       -6042.756    -6046.645        3.889    30.9
48.6550       -6042.715    -6046.580        3.865    30.7
48.6600       -6042.724    -6046.509        3.785    30.0
48.6650       -6042.719    -6046.466        3.747    29.7
48.6700       -6042.728    -6046.474        3.746    29.7
48.6750       -6042.729    -6046.511        3.781    30.0
48.6800       -6042.752    -6046.559        3.807    30.2
48.6850       -6042.793    -6046.606        3.812    30.2
48.6900       -6042.807    -6046.642        3.835    30.4
48.6950       -6042.825    -6046.663        3.838    30.5
48.7000       -6042.841    -6046.660        3.818    30.3
48.7050       -6042.844    -6046.635        3.791    30.1
48.7100       -6042.822    -6046.595        3.774    29.9
48.7150       -6042.832    -6046.544        3.711    29.4
48.7200       -6042.813    -6046.495        3.682    29.2
48.7250       -6042.810    -6046.463        3.653    29.0
48.7300       -6042.798    -6046.457        3.659    29.0
48.7350       -6042.789    -6046.470        3.681    29.2
48.7400       -6042.799    -6046.495        3.696    29.3
48.7450       -6042.812    -6046.523        3.711    29.4
48.7500       -6042.818    -6046.536        3.718    29.5
48.7550       -6042.788    -6046.530        3.741    29.7
48.7600       -6042.752    -6046.508        3.756    29.8
48.7650       -6042.758    -6046.481        3.724    29.5
48.7700       -6042.745    -6046.475        3.730    29.6
48.7750       -6042.744    -6046.497        3.753    29.8
48.7800       -6042.782    -6046.522        3.740    29.7
48.7850       -6042.768    -6046.532        3.764    29.9
48.7900       -6042.755    -6046.538        3.783    30.0
48.7950       -6042.781    -6046.545        3.764    29.9
48.8000       -6042.779    -6046.565        3.786    30.0
48.8050       -6042.773    -6046.607        3.833    30.4
48.8100       -6042.774    -6046.643        3.868    30.7
48.8150       -6042.769    -6046.656        3.887    30.8
48.8200       -6042.770    -6046.646        3.875    30.7
48.8250       -6042.789    -6046.600        3.811    30.2
48.8300       -6042.766    -6046.538        3.771    29.9
48.8350       -6042.772    -6046.474        3.703    29.4
48.8400       -6042.755    -6046.442        3.687    29.3
48.8450       -6042.737    -6046.453        3.716    29.5
48.8500       -6042.762    -6046.508        3.747    29.7
48.8550       -6042.756    -6046.583        3.827    30.4
48.8600       -6042.749    -6046.643        3.893    30.9
48.8650       -6042.726    -6046.659        3.932    31.2
48.8700       -6042.712    -6046.628        3.917    31.1
48.8750       -6042.687    -6046.583        3.896    30.9
48.8800       -6042.670    -6046.542        3.871    30.7
48.8850       -6042.663    -6046.523        3.859    30.6
48.8900       -6042.681    -6046.525        3.844    30.5
48.8950       -6042.705    -6046.546        3.841    30.5
48.9000       -6042.732    -6046.579        3.848    30.5
48.9050       -6042.738    -6046.611        3.873    30.7
48.9100       -6042.708    -6046.632        3.923    31.1
48.9150       -6042.710    -6046.627        3.917    31.1
48.9200       -6042.712    -6046.598        3.886    30.8
48.9250       -6042.726    -6046.559        3.833    30.4
48.9300       -6042.709    -6046.527        3.818    30.3
48.9350       -6042.728    -6046.500        3.773    29.9
48.9400       -6042.719    -6046.482        3.763    29.9
48.9450       -6042.723    -6046.472        3.749    29.7
48.9500       -6042.723    -6046.476        3.753    29.8
48.9550       -6042.732    -6046.485        3.753    29.8
48.9600       -6042.763    -6046.497        3.734    29.6
48.9650       -6042.768    -6046.515        3.747    29.7
48.9700       -6042.750    -6046.536        3.787    30.0
48.9750       -6042.716    -6046.551        3.836    30.4
48.9800       -6042.733    -6046.561        3.828    30.4
48.9850       -6042.748    -6046.555        3.807    30.2
48.9900       -6042.730    -6046.534        3.804    30.2
48.9950       -6042.691    -6046.506        3.815    30.3
49.0000       -6042.725    -6046.480        3.755    29.8
49.0050       -6042.704    -6046.478        3.774    29.9
49.0100       -6042.713    -6046.509        3.796    30.1
49.0150       -6042.650    -6046.562        3.913    31.0
49.0200       -6042.690    -6046.611        3.922    31.1
49.0250       -6042.717    -6046.631        3.914    31.1
49.0300       -6042.731    -6046.605        3.874    30.7
49.0350       -6042.732    -6046.548        3.816    30.3
49.0400       -6042.765    -6046.487        3.721    29.5
49.0450       -6042.771    -6046.438        3.667    29.1
49.0500       -6042.761    -6046.409        3.648    28.9
49.0550       -6042.783    -6046.396        3.613    28.7
49.0600       -6042.814    -6046.407        3.593    28.5
49.0650       -6042.820    -6046.442        3.623    28.7
49.0700       -6042.825    -6046.503        3.678    29.2
49.0750       -6042.827    -6046.575        3.748    29.7
49.0800       -6042.819    -6046.627        3.808    30.2
49.0850       -6042.811    -6046.647        3.836    30.4
49.0900       -6042.841    -6046.652        3.811    30.2
49.0950       -6042.825    -6046.647        3.822    30.3
49.1000       -6042.803    -6046.639        3.836    30.4
49.1050       -6042.806    -6046.640        3.834    30.4
49.1100       -6042.789    -6046.642        3.854    30.6
49.1150       -6042.767    -6046.629        3.862    30.6
49.1200       -6042.746    -6046.602        3.856    30.6
49.1250       -6042.754    -6046.562        3.808    30.2
49.1300       -6042.733    -6046.522        3.789    30.1
49.1350       -6042.727    -6046.512        3.785    30.0
49.1400       -6042.730    -6046.535        3.806    30.2
49.1450       -6042.728    -6046.580        3.852    30.6
49.1500       -6042.729    -6046.615        3.886    30.8
49.1550       -6042.742    -6046.614        3.871    30.7
49.1600       -6042.733    -6046.566        3.833    30.4
49.1650       -6042.730    -6046.509        3.779    30.0
49.1700       -6042.730    -6046.479        3.749    29.7
49.1750       -6042.766    -6046.493        3.726    29.6
49.1800       -6042.760    -6046.538        3.778    30.0
49.1850       -6042.750    -6046.584        3.834    30.4
49.1900       -6042.797    -6046.605        3.808    30.2
49.1950       -6042.822    -6046.595        3.773    29.9
49.2000       -6042.817    -6046.571        3.754    29.8
49.2050       -6042.812    -6046.568        3.756    29.8
49.2100       -6042.831    -6046.595        3.763    29.9
49.2150       -6042.812    -6046.630        3.819    30.3
49.2200       -6042.802    -6046.637        3.835    30.4
49.2250       -6042.786    -6046.611        3.826    30.4
49.2300       -6042.792    -6046.569        3.777    30.0
49.2350       -6042.794    -6046.545        3.751    29.8
49.2400       -6042.774    -6046.569        3.795    30.1
49.2450       -6042.778    -6046.637        3.858    30.6
49.2500       -6042.807    -6046.695        3.887    30.8
49.2550       -6042.790    -6046.704        3.915    31.1
49.2600       -6042.809    -6046.646        3.837    30.4
49.2650       -6042.797    -6046.543        3.746    29.7
49.2700       -6042.778    -6046.446        3.668    29.1
49.2750       -6042.792    -6046.406        3.613    28.7
49.2800       -6042.774    -6046.432        3.658    29.0
49.2850       -6042.777    -6046.495        3.717    29.5
49.2900       -6042.750    -6046.550        3.800    30.2
49.2950       -6042.731    -6046.573        3.843    30.5
49.3000       -6042.724    -6046.556        3.833    30.4
49.3050       -6042.738    -6046.527        3.789    30.1
49.3100       -6042.722    -6046.514        3.792    30.1
49.3150       -6042.743    -6046.526        3.782    30.0
49.3200       -6042.731    -6046.542        3.811    30.2
49.3250       -6042.711    -6046.535        3.824    30.3
49.3300       -6042.674    -6046.489        3.815    30.3
49.3350       -6042.650    -6046.418        3.768    29.9
49.3400       -6042.693    -6046.366        3.672    29.1
49.3450       -6042.713    -6046.368        3.655    29.0
49.3500       -6042.741    -6046.421        3.680    29.2
49.3550       -6042.732    -6046.503        3.771    29.9
49.3600       -6042.753    -6046.579        3.826    30.4
49.3650       -6042.764    -6046.616        3.852    30.6
49.3700       -6042.766    -6046.597        3.831    30.4
49.3750       -6042.774    -6046.545        3.770    29.9
49.3800       -6042.761    -6046.498        3.737    29.7
49.3850       -6042.767    -6046.486        3.719    29.5
49.3900       -6042.743    -6046.513        3.770    29.9
49.3950       -6042.763    -6046.565        3.803    30.2
49.4000       -6042.814    -6046.631        3.817    30.3
49.4050       -6042.817    -6046.691        3.874    30.7
49.4100       -6042.817    -6046.724        3.907    31.0
49.4150       -6042.790    -6046.720        3.930    31.2
49.4200       -6042.763    -6046.678        3.916    31.1
49.4250       -6042.785    -6046.606        3.821    30.3
49.4300       -6042.804    -6046.530        3.726    29.6
49.4350       -6042.769    -6046.475        3.706    29.4
49.4400       -6042.779    -6046.458        3.679    29.2
49.4450       -6042.758    -6046.477        3.719    29.5
49.4500       -6042.760    -6046.530        3.770    29.9
49.4550       -6042.772    -6046.592        3.819    30.3
49.4600       -6042.766    -6046.633        3.867    30.7
49.4650       -6042.740    -6046.640        3.900    30.9
49.4700       -6042.709    -6046.621        3.912    31.0
49.4750       -6042.727    -6046.600        3.873    30.7
49.4800       -6042.747    -6046.590        3.843    30.5
49.4850       -6042.743    -6046.606        3.863    30.7
49.4900       -6042.743    -6046.636        3.893    30.9
49.4950       -6042.735    -6046.649        3.914    31.1
49.5000       -6042.765    -6046.636        3.871    30.7
49.5050       -6042.736    -6046.608        3.873    30.7
49.5100       -6042.753    -6046.587        3.834    30.4
49.5150       -6042.742    -6046.578        3.836    30.4
49.5200       -6042.749    -6046.560        3.810    30.2
49.5250       -6042.764    -6046.513        3.749    29.7
49.5300       -6042.788    -6046.451        3.663    29.1
49.5350       -6042.782    -6046.399        3.617    28.7
49.5400       -6042.761    -6046.388        3.627    28.8
49.5450       -6042.758    -6046.430        3.672    29.1
49.5500       -6042.728    -6046.509        3.781    30.0
49.5550       -6042.741    -6046.580        3.839    30.5
49.5600       -6042.710    -6046.604        3.894    30.9
49.5650       -6042.725    -6046.586        3.860    30.6
49.5700       -6042.729    -6046.543        3.814    30.3
49.5750       -6042.711    -6046.513        3.802    30.2
49.5800       -6042.733    -6046.523        3.790    30.1
49.5850       -6042.706    -6046.566        3.860    30.6
49.5900       -6042.740    -6046.617        3.877    30.8
49.5950       -6042.760    -6046.635        3.875    30.7
49.6000       -6042.794    -6046.610        3.816    30.3
49.6050       -6042.772    -6046.565        3.792    30.1
49.6100       -6042.769    -6046.536        3.768    29.9
49.6150       -6042.762    -6046.540        3.779    30.0
49.6200       -6042.788    -6046.568        3.781    30.0
49.6250       -6042.821    -6046.590        3.769    29.9
49.6300       -6042.830    -6046.582        3.752    29.8
49.6350       -6042.819    -6046.545        3.726    29.6
49.6400       -6042.842    -6046.512        3.670    29.1
49.6450       -6042.845    -6046.506        3.661    29.0
49.6500       -6042.847    -6046.529        3.682    29.2
49.6550       -6042.842    -6046.568        3.726    29.6
49.6600       -6042.820    -6046.606        3.785    30.0
49.6650       -6042.852    -6046.621        3.769    29.9
49.6700       -6042.868    -6046.620        3.752    29.8
49.6750       -6042.886    -6046.617        3.731    29.6
49.6800       -6042.851    -6046.621        3.770    29.9
49.6850       -6042.855    -6046.626        3.771    29.9
49.6900       -6042.839    -6046.630        3.791    30.1
49.6950       -6042.833    -6046.625        3.793    30.1
49.7000       -6042.835    -6046.621        3.786    30.0
49.7050       -6042.837    -6046.633        3.796    30.1
49.7100       -6042.841    -6046.665        3.824    30.3
49.7150       -6042.839    -6046.699        3.860    30.6
49.7200       -6042.846    -6046.710        3.864    30.7
49.7250       -6042.830    -6046.682        3.852    30.6
49.7300       -6042.843    -6046.619        3.776    30.0
49.7350       -6042.833    -6046.545        3.711    29.4
49.7400       -6042.853    -6046.495        3.643    28.9
49.7450       -6042.836    -6046.510        3.673    29.1
49.7500       -6042.835    -6046.577        3.742    29.7
49.7550       -6042.836    -6046.667        3.831    30.4
49.7600       -6042.824    -6046.733        3.908    31.0
49.7650       -6042.837    -6046.726        3.888    30.9
49.7700       -6042.853    -6046.650        3.797    30.1
49.7750       -6042.856    -6046.554        3.699    29.3
49.7800       -6042.869    -6046.494        3.624    28.8
49.7850       -6042.889    -6046.496        3.607    28.6
49.7900       -6042.894    -6046.546        3.652    29.0
49.7950       -6042.872    -6046.614        3.742    29.7
49.8000       -6042.870    -6046.662        3.792    30.1
49.8050       -6042.863    -6046.666        3.803    30.2
49.8100       -6042.860    -6046.638        3.777    30.0
49.8150       -6042.866    -6046.599        3.733    29.6
49.8200       -6042.872    -6046.574        3.702    29.4
49.8250       -6042.866    -6046.567        3.701    29.4
49.8300       -6042.860    -6046.576        3.717    29.5
49.8350       -6042.870    -6046.598        3.728    29.6
49.8400       -6042.881    -6046.624        3.743    29.7
49.8450       -6042.927    -6046.652        3.725    29.6
49.8500       -6042.869    -6046.680        3.811    30.2
49.8550       -6042.831    -6046.695        3.864    30.7
49.8600       -6042.829    -6046.687        3.858    30.6
49.8650       -6042.844    -6046.653        3.809    30.2
49.8700       -6042.858    -6046.611        3.753    29.8
49.8750       -6042.873    -6046.597        3.724    29.6
49.8800       -6042.872    -6046.612        3.740    29.7
49.8850       -6042.886    -6046.651        3.765    29.9
49.8900       -6042.907    -6046.680        3.772    29.9
49.8950       -6042.931    -6046.690        3.760    29.8
49.9000       -6042.920    -6046.680        3.760    29.8
49.9050       -6042.930    -6046.656        3.727    29.6
49.9100       -6042.919    -6046.635        3.716    29.5
49.9150       -6042.912    -6046.623        3.711    29.4
49.9200       -6042.925    -6046.615        3.691    29.3
49.9250       -6042.901    -6046.607        3.706    29.4
49.9300       -6042.913    -6046.587        3.674    29.2
49.9350       -6042.915    -6046.570        3.655    29.0
49.9400       -6042.909    -6046.568        3.659    29.0
49.9450       -6042.901    -6046.589        3.688    29.3
49.9500       -6042.889    -6046.625        3.736    29.6
49.9550       -6042.896    -6046.661        3.766    29.9
49.9600       -6042.895    -6046.691        3.796    30.1
49.9650       -6042.866    -6046.702        3.836    30.4
49.9700       -6042.885    -6046.682        3.798    30.1
49.9750       -6042.913    -6046.665        3.752    29.8
49.9800       -6042.910    -6046.652        3.742    29.7
49.9850       -6042.930    -6046.646        3.717    29.5
49.9900       -6042.944    -6046.651        3.707    29.4
49.9950       -6042.928    -6046.648        3.719    29.5
50.0000       -6042.918    -6046.632        3.714    29.5
