Time[ps]      Etot[eV]     Epot[eV]     Ekin[eV]    T[K]
0.0000        -6049.321    -6049.321        0.000     0.0
0.0005        -6049.247    -6049.321        0.074     0.6
0.0010        -6049.175    -6049.322        0.146     1.2
0.0015        -6049.106    -6049.322        0.216     1.7
0.0020        -6049.030    -6049.323        0.294     2.3
0.0025        -6048.960    -6049.325        0.365     2.9
0.0030        -6048.880    -6049.326        0.446     3.5
0.0035        -6048.819    -6049.327        0.508     4.0
0.0040        -6048.741    -6049.328        0.587     4.7
0.0045        -6048.684    -6049.329        0.645     5.1
0.0050        -6048.609    -6049.329        0.720     5.7
0.0055        -6048.552    -6049.328        0.777     6.2
0.0060        -6048.472    -6049.328        0.855     6.8
0.0065        -6048.387    -6049.326        0.939     7.4
0.0070        -6048.301    -6049.324        1.024     8.1
0.0075        -6048.240    -6049.322        1.082     8.6
0.0080        -6048.155    -6049.318        1.163     9.2
0.0085        -6048.069    -6049.313        1.244     9.9
0.0090        -6047.995    -6049.308        1.313    10.4
0.0095        -6047.907    -6049.301        1.395    11.1
0.0100        -6047.842    -6049.294        1.452    11.5
0.0105        -6047.774    -6049.285        1.511    12.0
0.0110        -6047.703    -6049.275        1.572    12.5
0.0115        -6047.622    -6049.264        1.641    13.0
0.0120        -6047.550    -6049.252        1.701    13.5
0.0125        -6047.487    -6049.239        1.752    13.9
0.0130        -6047.414    -6049.225        1.811    14.4
0.0135        -6047.335    -6049.210        1.875    14.9
0.0140        -6047.271    -6049.193        1.922    15.3
0.0145        -6047.179    -6049.175        1.996    15.8
0.0150        -6047.088    -6049.156        2.068    16.4
0.0155        -6047.007    -6049.135        2.128    16.9
0.0160        -6046.965    -6049.113        2.148    17.0
0.0165        -6046.913    -6049.090        2.178    17.3
0.0170        -6046.830    -6049.067        2.236    17.7
0.0175        -6046.745    -6049.041        2.296    18.2
0.0180        -6046.712    -6049.015        2.303    18.3
0.0185        -6046.630    -6048.987        2.357    18.7
0.0190        -6046.530    -6048.958        2.428    19.3
0.0195        -6046.462    -6048.929        2.467    19.6
0.0200        -6046.403    -6048.898        2.494    19.8
0.0205        -6046.350    -6048.866        2.516    20.0
0.0210        -6046.287    -6048.834        2.547    20.2
0.0215        -6046.247    -6048.801        2.554    20.3
0.0220        -6046.180    -6048.767        2.587    20.5
0.0225        -6046.073    -6048.733        2.660    21.1
0.0230        -6046.037    -6048.698        2.660    21.1
0.0235        -6045.962    -6048.663        2.701    21.4
0.0240        -6045.885    -6048.628        2.743    21.8
0.0245        -6045.809    -6048.592        2.783    22.1
0.0250        -6045.736    -6048.555        2.819    22.4
0.0255        -6045.657    -6048.518        2.861    22.7
0.0260        -6045.573    -6048.481        2.908    23.1
0.0265        -6045.547    -6048.443        2.896    23.0
0.0270        -6045.490    -6048.405        2.915    23.1
0.0275        -6045.447    -6048.366        2.920    23.2
0.0280        -6045.397    -6048.328        2.931    23.3
0.0285        -6045.317    -6048.289        2.972    23.6
0.0290        -6045.257    -6048.250        2.993    23.8
0.0295        -6045.192    -6048.210        3.018    24.0
0.0300        -6045.118    -6048.171        3.052    24.2
0.0305        -6045.029    -6048.130        3.102    24.6
0.0310        -6044.948    -6048.089        3.142    24.9
0.0315        -6044.857    -6048.049        3.192    25.3
0.0320        -6044.770    -6048.009        3.239    25.7
0.0325        -6044.672    -6047.968        3.296    26.2
0.0330        -6044.598    -6047.928        3.330    26.4
0.0335        -6044.499    -6047.888        3.389    26.9
0.0340        -6044.442    -6047.848        3.406    27.0
0.0345        -6044.354    -6047.808        3.454    27.4
0.0350        -6044.276    -6047.769        3.493    27.7
0.0355        -6044.204    -6047.731        3.527    28.0
0.0360        -6044.153    -6047.694        3.541    28.1
0.0365        -6044.103    -6047.658        3.555    28.2
0.0370        -6044.032    -6047.623        3.590    28.5
0.0375        -6043.977    -6047.588        3.611    28.7
0.0380        -6043.910    -6047.555        3.645    28.9
0.0385        -6043.874    -6047.523        3.649    29.0
0.0390        -6043.810    -6047.492        3.681    29.2
0.0395        -6043.728    -6047.461        3.734    29.6
0.0400        -6043.676    -6047.432        3.757    29.8
0.0405        -6043.609    -6047.403        3.794    30.1
0.0410        -6043.542    -6047.374        3.832    30.4
0.0415        -6043.473    -6047.346        3.873    30.7
0.0420        -6043.443    -6047.318        3.875    30.7
0.0425        -6043.374    -6047.290        3.916    31.1
0.0430        -6043.291    -6047.262        3.971    31.5
0.0435        -6043.211    -6047.234        4.023    31.9
0.0440        -6043.139    -6047.205        4.066    32.3
0.0445        -6043.075    -6047.177        4.102    32.5
0.0450        -6043.018    -6047.150        4.132    32.8
0.0455        -6042.955    -6047.123        4.167    33.1
0.0460        -6042.873    -6047.096        4.223    33.5
0.0465        -6042.797    -6047.069        4.271    33.9
0.0470        -6042.725    -6047.040        4.315    34.2
0.0475        -6042.634    -6047.012        4.377    34.7
0.0480        -6042.579    -6046.983        4.403    34.9
0.0485        -6042.524    -6046.953        4.429    35.1
0.0490        -6042.454    -6046.924        4.470    35.5
0.0495        -6042.418    -6046.894        4.476    35.5
0.0500        -6042.316    -6046.865        4.548    36.1
0.0505        -6042.222    -6046.835        4.613    36.6
0.0510        -6042.173    -6046.804        4.631    36.7
0.0515        -6042.101    -6046.774        4.674    37.1
0.0520        -6042.013    -6046.744        4.731    37.5
0.0525        -6041.961    -6046.714        4.754    37.7
0.0530        -6041.908    -6046.685        4.777    37.9
0.0535        -6041.872    -6046.654        4.782    37.9
0.0540        -6041.825    -6046.623        4.798    38.1
0.0545        -6041.759    -6046.591        4.833    38.3
0.0550        -6041.701    -6046.559        4.858    38.6
0.0555        -6041.620    -6046.527        4.907    38.9
0.0560        -6041.561    -6046.495        4.934    39.1
0.0565        -6041.484    -6046.462        4.978    39.5
0.0570        -6041.465    -6046.429        4.964    39.4
0.0575        -6041.427    -6046.396        4.970    39.4
0.0580        -6041.375    -6046.363        4.988    39.6
0.0585        -6041.350    -6046.330        4.980    39.5
0.0590        -6041.271    -6046.297        5.026    39.9
0.0595        -6041.197    -6046.264        5.066    40.2
0.0600        -6041.148    -6046.230        5.082    40.3
0.0605        -6041.068    -6046.197        5.129    40.7
0.0610        -6041.016    -6046.163        5.147    40.8
0.0615        -6040.936    -6046.130        5.194    41.2
0.0620        -6040.876    -6046.097        5.221    41.4
0.0625        -6040.781    -6046.064        5.283    41.9
0.0630        -6040.714    -6046.031        5.317    42.2
0.0635        -6040.675    -6045.998        5.323    42.2
0.0640        -6040.655    -6045.966        5.311    42.1
0.0645        -6040.601    -6045.932        5.331    42.3
0.0650        -6040.551    -6045.899        5.348    42.4
0.0655        -6040.483    -6045.865        5.383    42.7
0.0660        -6040.424    -6045.832        5.407    42.9
0.0665        -6040.360    -6045.799        5.439    43.2
0.0670        -6040.306    -6045.765        5.459    43.3
0.0675        -6040.269    -6045.732        5.463    43.3
0.0680        -6040.249    -6045.698        5.449    43.2
0.0685        -6040.204    -6045.666        5.462    43.3
0.0690        -6040.150    -6045.633        5.483    43.5
0.0695        -6040.064    -6045.601        5.537    43.9
0.0700        -6040.005    -6045.569        5.564    44.2
0.0705        -6039.932    -6045.538        5.607    44.5
0.0710        -6039.859    -6045.507        5.649    44.8
0.0715        -6039.779    -6045.476        5.696    45.2
0.0720        -6039.697    -6045.443        5.746    45.6
0.0725        -6039.594    -6045.411        5.818    46.2
0.0730        -6039.540    -6045.380        5.840    46.3
0.0735        -6039.503    -6045.349        5.846    46.4
0.0740        -6039.433    -6045.318        5.885    46.7
0.0745        -6039.420    -6045.287        5.867    46.6
0.0750        -6039.341    -6045.257        5.917    46.9
0.0755        -6039.263    -6045.228        5.966    47.3
0.0760        -6039.200    -6045.199        5.999    47.6
0.0765        -6039.123    -6045.171        6.048    48.0
0.0770        -6039.098    -6045.142        6.044    48.0
0.0775        -6038.987    -6045.112        6.125    48.6
0.0780        -6038.876    -6045.083        6.207    49.3
0.0785        -6038.845    -6045.052        6.207    49.3
0.0790        -6038.799    -6045.021        6.222    49.4
0.0795        -6038.720    -6044.989        6.269    49.7
0.0800        -6038.689    -6044.957        6.268    49.7
0.0805        -6038.665    -6044.924        6.259    49.7
0.0810        -6038.625    -6044.892        6.266    49.7
0.0815        -6038.565    -6044.858        6.294    49.9
0.0820        -6038.498    -6044.824        6.327    50.2
0.0825        -6038.460    -6044.789        6.329    50.2
0.0830        -6038.433    -6044.754        6.322    50.2
0.0835        -6038.385    -6044.719        6.334    50.3
0.0840        -6038.312    -6044.682        6.370    50.5
0.0845        -6038.305    -6044.646        6.341    50.3
0.0850        -6038.250    -6044.610        6.360    50.5
0.0855        -6038.175    -6044.574        6.399    50.8
0.0860        -6038.111    -6044.537        6.426    51.0
0.0865        -6038.035    -6044.501        6.466    51.3
0.0870        -6037.999    -6044.464        6.465    51.3
0.0875        -6037.904    -6044.427        6.523    51.8
0.0880        -6037.863    -6044.391        6.528    51.8
0.0885        -6037.796    -6044.355        6.560    52.0
0.0890        -6037.736    -6044.320        6.584    52.2
0.0895        -6037.686    -6044.285        6.599    52.4
0.0900        -6037.644    -6044.250        6.606    52.4
0.0905        -6037.546    -6044.215        6.668    52.9
0.0910        -6037.502    -6044.180        6.678    53.0
0.0915        -6037.469    -6044.145        6.676    53.0
0.0920        -6037.397    -6044.111        6.714    53.3
0.0925        -6037.297    -6044.078        6.781    53.8
0.0930        -6037.226    -6044.045        6.819    54.1
0.0935        -6037.119    -6044.011        6.892    54.7
0.0940        -6037.034    -6043.978        6.944    55.1
0.0945        -6036.955    -6043.943        6.988    55.5
0.0950        -6036.893    -6043.908        7.015    55.7
0.0955        -6036.887    -6043.874        6.987    55.4
0.0960        -6036.887    -6043.840        6.953    55.2
0.0965        -6036.842    -6043.806        6.963    55.3
0.0970        -6036.800    -6043.771        6.971    55.3
0.0975        -6036.751    -6043.737        6.986    55.4
0.0980        -6036.700    -6043.704        7.004    55.6
0.0985        -6036.637    -6043.671        7.033    55.8
0.0990        -6036.550    -6043.637        7.087    56.2
0.0995        -6036.484    -6043.605        7.121    56.5
0.1000        -6036.348    -6043.571        7.223    57.3
0.1005        -6036.271    -6043.537        7.267    57.7
0.1010        -6036.240    -6043.504        7.264    57.6
0.1015        -6036.197    -6043.472        7.275    57.7
0.1020        -6036.113    -6043.439        7.326    58.1
0.1025        -6036.056    -6043.407        7.350    58.3
0.1030        -6035.992    -6043.374        7.382    58.6
0.1035        -6035.895    -6043.342        7.447    59.1
0.1040        -6035.862    -6043.309        7.447    59.1
0.1045        -6035.805    -6043.275        7.471    59.3
0.1050        -6035.766    -6043.242        7.475    59.3
0.1055        -6035.688    -6043.208        7.520    59.7
0.1060        -6035.620    -6043.174        7.553    59.9
0.1065        -6035.563    -6043.139        7.576    60.1
0.1070        -6035.515    -6043.104        7.590    60.2
0.1075        -6035.387    -6043.068        7.681    60.9
0.1080        -6035.325    -6043.032        7.707    61.1
0.1085        -6035.260    -6042.994        7.735    61.4
0.1090        -6035.229    -6042.956        7.727    61.3
0.1095        -6035.182    -6042.917        7.735    61.4
0.1100        -6035.114    -6042.879        7.764    61.6
0.1105        -6035.026    -6042.839        7.813    62.0
0.1110        -6034.938    -6042.799        7.861    62.4
0.1115        -6034.837    -6042.757        7.920    62.8
0.1120        -6034.796    -6042.716        7.920    62.8
0.1125        -6034.747    -6042.676        7.929    62.9
0.1130        -6034.727    -6042.635        7.908    62.7
0.1135        -6034.649    -6042.594        7.944    63.0
0.1140        -6034.568    -6042.553        7.985    63.4
0.1145        -6034.526    -6042.512        7.985    63.4
0.1150        -6034.434    -6042.470        8.036    63.8
0.1155        -6034.384    -6042.427        8.043    63.8
0.1160        -6034.359    -6042.385        8.026    63.7
0.1165        -6034.330    -6042.342        8.012    63.6
0.1170        -6034.288    -6042.299        8.011    63.6
0.1175        -6034.213    -6042.255        8.041    63.8
0.1180        -6034.098    -6042.210        8.113    64.4
0.1185        -6034.011    -6042.166        8.155    64.7
0.1190        -6033.995    -6042.123        8.128    64.5
0.1195        -6033.929    -6042.079        8.150    64.7
0.1200        -6033.857    -6042.036        8.179    64.9
0.1205        -6033.764    -6041.994        8.230    65.3
0.1210        -6033.666    -6041.951        8.285    65.7
0.1215        -6033.617    -6041.909        8.292    65.8
0.1220        -6033.604    -6041.867        8.263    65.6
0.1225        -6033.473    -6041.824        8.350    66.3
0.1230        -6033.397    -6041.780        8.383    66.5
0.1235        -6033.382    -6041.738        8.356    66.3
0.1240        -6033.328    -6041.696        8.368    66.4
0.1245        -6033.261    -6041.655        8.393    66.6
0.1250        -6033.188    -6041.615        8.428    66.9
0.1255        -6033.116    -6041.577        8.461    67.1
0.1260        -6033.059    -6041.539        8.480    67.3
0.1265        -6032.982    -6041.501        8.519    67.6
0.1270        -6032.960    -6041.464        8.503    67.5
0.1275        -6032.922    -6041.426        8.504    67.5
0.1280        -6032.790    -6041.389        8.599    68.2
0.1285        -6032.717    -6041.351        8.634    68.5
0.1290        -6032.616    -6041.314        8.698    69.0
0.1295        -6032.577    -6041.279        8.702    69.0
0.1300        -6032.498    -6041.244        8.746    69.4
0.1305        -6032.465    -6041.210        8.745    69.4
0.1310        -6032.431    -6041.176        8.745    69.4
0.1315        -6032.350    -6041.142        8.792    69.8
0.1320        -6032.302    -6041.108        8.806    69.9
0.1325        -6032.269    -6041.075        8.805    69.9
0.1330        -6032.237    -6041.042        8.805    69.9
0.1335        -6032.158    -6041.011        8.852    70.2
0.1340        -6032.111    -6040.980        8.869    70.4
0.1345        -6032.042    -6040.950        8.908    70.7
0.1350        -6031.932    -6040.921        8.989    71.3
0.1355        -6031.888    -6040.892        9.004    71.4
0.1360        -6031.896    -6040.862        8.966    71.1
0.1365        -6031.846    -6040.832        8.987    71.3
0.1370        -6031.779    -6040.804        9.026    71.6
0.1375        -6031.724    -6040.776        9.052    71.8
0.1380        -6031.642    -6040.749        9.108    72.3
0.1385        -6031.541    -6040.723        9.182    72.9
0.1390        -6031.403    -6040.697        9.294    73.7
0.1395        -6031.313    -6040.669        9.357    74.2
0.1400        -6031.215    -6040.642        9.428    74.8
0.1405        -6031.172    -6040.615        9.443    74.9
0.1410        -6031.125    -6040.587        9.462    75.1
0.1415        -6031.050    -6040.560        9.510    75.5
0.1420        -6030.991    -6040.532        9.542    75.7
0.1425        -6030.937    -6040.505        9.567    75.9
0.1430        -6030.887    -6040.474        9.588    76.1
0.1435        -6030.833    -6040.444        9.611    76.3
0.1440        -6030.795    -6040.413        9.618    76.3
0.1445        -6030.777    -6040.382        9.605    76.2
0.1450        -6030.725    -6040.349        9.624    76.4
0.1455        -6030.675    -6040.317        9.642    76.5
0.1460        -6030.600    -6040.285        9.685    76.8
0.1465        -6030.511    -6040.252        9.741    77.3
0.1470        -6030.429    -6040.218        9.790    77.7
0.1475        -6030.424    -6040.186        9.762    77.5
0.1480        -6030.331    -6040.152        9.821    77.9
0.1485        -6030.226    -6040.118        9.892    78.5
0.1490        -6030.158    -6040.084        9.926    78.8
0.1495        -6030.140    -6040.049        9.908    78.6
0.1500        -6030.118    -6040.014        9.896    78.5
0.1505        -6030.060    -6039.979        9.918    78.7
0.1510        -6030.013    -6039.944        9.931    78.8
0.1515        -6029.933    -6039.910        9.977    79.2
0.1520        -6029.830    -6039.877       10.047    79.7
0.1525        -6029.812    -6039.843       10.031    79.6
0.1530        -6029.764    -6039.810       10.047    79.7
0.1535        -6029.741    -6039.778       10.037    79.6
0.1540        -6029.688    -6039.747       10.058    79.8
0.1545        -6029.622    -6039.717       10.094    80.1
0.1550        -6029.531    -6039.688       10.157    80.6
0.1555        -6029.483    -6039.661       10.178    80.8
0.1560        -6029.410    -6039.635       10.225    81.1
0.1565        -6029.399    -6039.610       10.211    81.0
0.1570        -6029.380    -6039.587       10.206    81.0
0.1575        -6029.294    -6039.564       10.270    81.5
0.1580        -6029.218    -6039.543       10.324    81.9
0.1585        -6029.220    -6039.521       10.301    81.7
0.1590        -6029.196    -6039.501       10.305    81.8
0.1595        -6029.078    -6039.482       10.404    82.6
0.1600        -6029.041    -6039.463       10.421    82.7
0.1605        -6028.986    -6039.443       10.457    83.0
0.1610        -6028.926    -6039.423       10.497    83.3
0.1615        -6028.866    -6039.401       10.536    83.6
0.1620        -6028.854    -6039.380       10.526    83.5
0.1625        -6028.801    -6039.360       10.559    83.8
0.1630        -6028.679    -6039.340       10.661    84.6
0.1635        -6028.643    -6039.319       10.676    84.7
0.1640        -6028.642    -6039.296       10.654    84.5
0.1645        -6028.598    -6039.273       10.675    84.7
0.1650        -6028.508    -6039.248       10.741    85.2
0.1655        -6028.485    -6039.223       10.738    85.2
0.1660        -6028.404    -6039.197       10.793    85.6
0.1665        -6028.367    -6039.169       10.802    85.7
0.1670        -6028.324    -6039.141       10.818    85.8
0.1675        -6028.288    -6039.114       10.826    85.9
0.1680        -6028.229    -6039.086       10.856    86.1
0.1685        -6028.120    -6039.056       10.936    86.8
0.1690        -6028.036    -6039.025       10.989    87.2
0.1695        -6027.982    -6038.992       11.010    87.4
0.1700        -6027.944    -6038.957       11.012    87.4
0.1705        -6027.892    -6038.920       11.028    87.5
0.1710        -6027.843    -6038.883       11.041    87.6
0.1715        -6027.812    -6038.845       11.033    87.5
0.1720        -6027.726    -6038.808       11.082    87.9
0.1725        -6027.633    -6038.768       11.135    88.4
0.1730        -6027.607    -6038.728       11.121    88.2
0.1735        -6027.548    -6038.688       11.140    88.4
0.1740        -6027.467    -6038.647       11.180    88.7
0.1745        -6027.444    -6038.605       11.161    88.6
0.1750        -6027.368    -6038.563       11.195    88.8
0.1755        -6027.357    -6038.521       11.165    88.6
0.1760        -6027.332    -6038.479       11.147    88.4
0.1765        -6027.315    -6038.437       11.122    88.3
0.1770        -6027.256    -6038.395       11.140    88.4
0.1775        -6027.182    -6038.354       11.173    88.7
0.1780        -6027.101    -6038.315       11.214    89.0
0.1785        -6027.020    -6038.276       11.256    89.3
0.1790        -6026.972    -6038.237       11.265    89.4
0.1795        -6026.903    -6038.197       11.294    89.6
0.1800        -6026.844    -6038.158       11.314    89.8
0.1805        -6026.824    -6038.118       11.294    89.6
0.1810        -6026.793    -6038.077       11.284    89.5
0.1815        -6026.767    -6038.035       11.268    89.4
0.1820        -6026.746    -6037.995       11.248    89.3
0.1825        -6026.747    -6037.956       11.210    88.9
0.1830        -6026.716    -6037.918       11.202    88.9
0.1835        -6026.608    -6037.883       11.275    89.5
0.1840        -6026.551    -6037.849       11.298    89.6
0.1845        -6026.475    -6037.816       11.341    90.0
0.1850        -6026.428    -6037.785       11.357    90.1
0.1855        -6026.414    -6037.756       11.342    90.0
0.1860        -6026.381    -6037.728       11.346    90.0
0.1865        -6026.332    -6037.702       11.370    90.2
0.1870        -6026.222    -6037.678       11.456    90.9
0.1875        -6026.138    -6037.655       11.517    91.4
0.1880        -6026.097    -6037.632       11.535    91.5
0.1885        -6026.014    -6037.610       11.596    92.0
0.1890        -6025.979    -6037.589       11.610    92.1
0.1895        -6025.868    -6037.568       11.700    92.8
0.1900        -6025.842    -6037.548       11.706    92.9
0.1905        -6025.743    -6037.529       11.786    93.5
0.1910        -6025.758    -6037.511       11.753    93.3
0.1915        -6025.714    -6037.497       11.782    93.5
0.1920        -6025.686    -6037.484       11.798    93.6
0.1925        -6025.648    -6037.471       11.823    93.8
0.1930        -6025.521    -6037.460       11.939    94.7
0.1935        -6025.455    -6037.448       11.993    95.2
0.1940        -6025.378    -6037.436       12.059    95.7
0.1945        -6025.345    -6037.425       12.080    95.8
0.1950        -6025.287    -6037.414       12.127    96.2
0.1955        -6025.245    -6037.403       12.158    96.5
0.1960        -6025.266    -6037.393       12.127    96.2
0.1965        -6025.218    -6037.383       12.165    96.5
0.1970        -6025.157    -6037.373       12.217    96.9
0.1975        -6025.179    -6037.365       12.186    96.7
0.1980        -6025.143    -6037.357       12.214    96.9
0.1985        -6025.076    -6037.349       12.273    97.4
0.1990        -6024.978    -6037.343       12.365    98.1
0.1995        -6024.850    -6037.338       12.488    99.1
0.2000        -6024.784    -6037.333       12.549    99.6
0.2005        -6024.760    -6037.330       12.570    99.7
0.2010        -6024.724    -6037.328       12.604   100.0
0.2015        -6024.673    -6037.327       12.654   100.4
0.2020        -6024.574    -6037.325       12.751   101.2
0.2025        -6024.527    -6037.325       12.798   101.6
0.2030        -6024.439    -6037.326       12.887   102.3
0.2035        -6024.378    -6037.326       12.948   102.7
0.2040        -6024.373    -6037.326       12.953   102.8
0.2045        -6024.356    -6037.324       12.969   102.9
0.2050        -6024.311    -6037.323       13.011   103.2
0.2055        -6024.288    -6037.320       13.033   103.4
0.2060        -6024.226    -6037.318       13.092   103.9
0.2065        -6024.182    -6037.315       13.133   104.2
0.2070        -6024.135    -6037.312       13.177   104.6
0.2075        -6024.104    -6037.309       13.204   104.8
0.2080        -6024.006    -6037.305       13.298   105.5
0.2085        -6023.962    -6037.300       13.338   105.8
0.2090        -6023.952    -6037.293       13.340   105.9
0.2095        -6023.824    -6037.284       13.459   106.8
0.2100        -6023.783    -6037.274       13.491   107.0
0.2105        -6023.718    -6037.263       13.545   107.5
0.2110        -6023.741    -6037.253       13.511   107.2
0.2115        -6023.707    -6037.243       13.536   107.4
0.2120        -6023.649    -6037.232       13.584   107.8
0.2125        -6023.564    -6037.221       13.656   108.4
0.2130        -6023.442    -6037.209       13.766   109.2
0.2135        -6023.418    -6037.195       13.778   109.3
0.2140        -6023.379    -6037.182       13.802   109.5
0.2145        -6023.357    -6037.166       13.810   109.6
0.2150        -6023.305    -6037.149       13.843   109.8
0.2155        -6023.309    -6037.131       13.822   109.7
0.2160        -6023.272    -6037.110       13.838   109.8
0.2165        -6023.211    -6037.088       13.877   110.1
0.2170        -6023.111    -6037.064       13.953   110.7
0.2175        -6023.064    -6037.039       13.974   110.9
0.2180        -6022.977    -6037.012       14.035   111.4
0.2185        -6022.875    -6036.984       14.109   112.0
0.2190        -6022.836    -6036.955       14.119   112.0
0.2195        -6022.835    -6036.925       14.090   111.8
0.2200        -6022.765    -6036.894       14.129   112.1
0.2205        -6022.768    -6036.862       14.094   111.8
0.2210        -6022.677    -6036.830       14.153   112.3
0.2215        -6022.640    -6036.799       14.159   112.3
0.2220        -6022.612    -6036.767       14.155   112.3
0.2225        -6022.612    -6036.735       14.123   112.1
0.2230        -6022.607    -6036.702       14.096   111.8
0.2235        -6022.617    -6036.669       14.053   111.5
0.2240        -6022.586    -6036.636       14.050   111.5
0.2245        -6022.520    -6036.602       14.082   111.7
0.2250        -6022.481    -6036.567       14.087   111.8
0.2255        -6022.392    -6036.533       14.141   112.2
0.2260        -6022.359    -6036.500       14.141   112.2
0.2265        -6022.243    -6036.468       14.225   112.9
0.2270        -6022.234    -6036.438       14.204   112.7
0.2275        -6022.193    -6036.408       14.216   112.8
0.2280        -6022.134    -6036.378       14.244   113.0
0.2285        -6022.105    -6036.348       14.244   113.0
0.2290        -6022.041    -6036.320       14.279   113.3
0.2295        -6021.998    -6036.292       14.294   113.4
0.2300        -6021.931    -6036.265       14.335   113.7
0.2305        -6021.904    -6036.240       14.336   113.7
0.2310        -6021.906    -6036.216       14.310   113.5
0.2315        -6021.860    -6036.194       14.334   113.7
0.2320        -6021.780    -6036.173       14.393   114.2
0.2325        -6021.674    -6036.153       14.479   114.9
0.2330        -6021.617    -6036.134       14.516   115.2
0.2335        -6021.637    -6036.114       14.477   114.9
0.2340        -6021.575    -6036.095       14.520   115.2
0.2345        -6021.449    -6036.078       14.630   116.1
0.2350        -6021.428    -6036.063       14.635   116.1
0.2355        -6021.428    -6036.048       14.620   116.0
0.2360        -6021.303    -6036.035       14.732   116.9
0.2365        -6021.220    -6036.022       14.803   117.5
0.2370        -6021.175    -6036.009       14.834   117.7
0.2375        -6021.079    -6035.996       14.917   118.4
0.2380        -6021.075    -6035.984       14.908   118.3
0.2385        -6021.036    -6035.972       14.936   118.5
0.2390        -6020.935    -6035.961       15.026   119.2
0.2395        -6020.888    -6035.951       15.063   119.5
0.2400        -6020.808    -6035.941       15.134   120.1
0.2405        -6020.771    -6035.932       15.161   120.3
0.2410        -6020.719    -6035.924       15.205   120.7
0.2415        -6020.678    -6035.915       15.238   120.9
0.2420        -6020.723    -6035.907       15.184   120.5
0.2425        -6020.702    -6035.897       15.195   120.6
0.2430        -6020.635    -6035.888       15.253   121.0
0.2435        -6020.555    -6035.880       15.324   121.6
0.2440        -6020.454    -6035.869       15.414   122.3
0.2445        -6020.482    -6035.856       15.374   122.0
0.2450        -6020.398    -6035.843       15.445   122.6
0.2455        -6020.240    -6035.827       15.588   123.7
0.2460        -6020.224    -6035.810       15.586   123.7
0.2465        -6020.219    -6035.792       15.574   123.6
0.2470        -6020.137    -6035.770       15.634   124.0
0.2475        -6020.010    -6035.746       15.736   124.9
0.2480        -6019.904    -6035.719       15.816   125.5
0.2485        -6019.859    -6035.691       15.832   125.6
0.2490        -6019.773    -6035.661       15.888   126.1
0.2495        -6019.765    -6035.628       15.863   125.9
0.2500        -6019.731    -6035.595       15.863   125.9
0.2505        -6019.654    -6035.560       15.906   126.2
0.2510        -6019.576    -6035.525       15.949   126.6
0.2515        -6019.554    -6035.488       15.934   126.4
0.2520        -6019.505    -6035.449       15.944   126.5
0.2525        -6019.468    -6035.409       15.941   126.5
0.2530        -6019.419    -6035.369       15.950   126.6
0.2535        -6019.320    -6035.328       16.008   127.0
0.2540        -6019.237    -6035.286       16.050   127.3
0.2545        -6019.196    -6035.243       16.048   127.3
0.2550        -6019.185    -6035.199       16.014   127.1
0.2555        -6019.179    -6035.153       15.974   126.7
0.2560        -6019.166    -6035.108       15.941   126.5
0.2565        -6019.180    -6035.064       15.884   126.0
0.2570        -6019.109    -6035.022       15.914   126.3
0.2575        -6018.994    -6034.982       15.988   126.9
0.2580        -6018.887    -6034.944       16.057   127.4
0.2585        -6018.857    -6034.907       16.050   127.4
0.2590        -6018.808    -6034.871       16.063   127.5
0.2595        -6018.707    -6034.836       16.129   128.0
0.2600        -6018.725    -6034.805       16.079   127.6
0.2605        -6018.595    -6034.775       16.180   128.4
0.2610        -6018.525    -6034.747       16.222   128.7
0.2615        -6018.456    -6034.722       16.266   129.1
0.2620        -6018.476    -6034.698       16.223   128.7
0.2625        -6018.408    -6034.676       16.268   129.1
0.2630        -6018.385    -6034.654       16.270   129.1
0.2635        -6018.307    -6034.635       16.328   129.6
0.2640        -6018.292    -6034.617       16.325   129.5
0.2645        -6018.304    -6034.601       16.298   129.3
0.2650        -6018.340    -6034.586       16.246   128.9
0.2655        -6018.281    -6034.572       16.291   129.3
0.2660        -6018.233    -6034.560       16.327   129.5
0.2665        -6018.212    -6034.549       16.337   129.6
0.2670        -6018.173    -6034.539       16.366   129.9
0.2675        -6018.108    -6034.530       16.423   130.3
0.2680        -6018.010    -6034.521       16.512   131.0
0.2685        -6017.936    -6034.513       16.576   131.5
0.2690        -6017.888    -6034.504       16.615   131.8
0.2695        -6017.866    -6034.494       16.628   131.9
0.2700        -6017.774    -6034.485       16.711   132.6
0.2705        -6017.705    -6034.475       16.770   133.1
0.2710        -6017.638    -6034.466       16.828   133.5
0.2715        -6017.613    -6034.454       16.841   133.6
0.2720        -6017.517    -6034.441       16.924   134.3
0.2725        -6017.458    -6034.427       16.968   134.6
0.2730        -6017.371    -6034.412       17.041   135.2
0.2735        -6017.380    -6034.395       17.016   135.0
0.2740        -6017.345    -6034.379       17.034   135.2
0.2745        -6017.320    -6034.360       17.039   135.2
0.2750        -6017.374    -6034.339       16.965   134.6
0.2755        -6017.340    -6034.315       16.975   134.7
0.2760        -6017.269    -6034.288       17.019   135.0
0.2765        -6017.106    -6034.257       17.152   136.1
0.2770        -6017.153    -6034.224       17.070   135.4
0.2775        -6017.110    -6034.188       17.079   135.5
0.2780        -6017.015    -6034.151       17.136   136.0
0.2785        -6016.979    -6034.110       17.131   135.9
0.2790        -6016.883    -6034.067       17.184   136.4
0.2795        -6016.835    -6034.020       17.184   136.4
0.2800        -6016.846    -6033.969       17.122   135.9
0.2805        -6016.782    -6033.914       17.132   135.9
0.2810        -6016.714    -6033.856       17.141   136.0
0.2815        -6016.642    -6033.795       17.153   136.1
0.2820        -6016.565    -6033.733       17.168   136.2
0.2825        -6016.455    -6033.669       17.214   136.6
0.2830        -6016.391    -6033.605       17.214   136.6
0.2835        -6016.387    -6033.538       17.152   136.1
0.2840        -6016.374    -6033.471       17.096   135.7
0.2845        -6016.306    -6033.402       17.095   135.6
0.2850        -6016.268    -6033.331       17.063   135.4
0.2855        -6016.280    -6033.260       16.980   134.7
0.2860        -6016.234    -6033.189       16.954   134.5
0.2865        -6016.194    -6033.117       16.923   134.3
0.2870        -6016.115    -6033.045       16.930   134.3
0.2875        -6016.088    -6032.975       16.887   134.0
0.2880        -6016.037    -6032.905       16.868   133.8
0.2885        -6015.974    -6032.835       16.861   133.8
0.2890        -6016.004    -6032.769       16.765   133.0
0.2895        -6015.933    -6032.705       16.771   133.1
0.2900        -6015.844    -6032.643       16.799   133.3
0.2905        -6015.829    -6032.584       16.755   132.9
0.2910        -6015.796    -6032.531       16.735   132.8
0.2915        -6015.814    -6032.484       16.670   132.3
0.2920        -6015.768    -6032.443       16.675   132.3
0.2925        -6015.721    -6032.405       16.685   132.4
0.2930        -6015.749    -6032.374       16.625   131.9
0.2935        -6015.702    -6032.347       16.645   132.1
0.2940        -6015.568    -6032.325       16.757   133.0
0.2945        -6015.508    -6032.308       16.800   133.3
0.2950        -6015.519    -6032.297       16.778   133.1
0.2955        -6015.472    -6032.290       16.818   133.4
0.2960        -6015.444    -6032.285       16.841   133.6
0.2965        -6015.474    -6032.283       16.809   133.4
0.2970        -6015.389    -6032.282       16.892   134.0
0.2975        -6015.425    -6032.282       16.857   133.8
0.2980        -6015.430    -6032.285       16.855   133.7
0.2985        -6015.407    -6032.291       16.884   134.0
0.2990        -6015.373    -6032.301       16.929   134.3
0.2995        -6015.252    -6032.314       17.062   135.4
0.3000        -6015.144    -6032.328       17.184   136.3
0.3005        -6015.140    -6032.343       17.203   136.5
0.3010        -6015.145    -6032.361       17.216   136.6
0.3015        -6015.019    -6032.381       17.362   137.8
0.3020        -6014.967    -6032.401       17.434   138.3
0.3025        -6015.003    -6032.421       17.418   138.2
0.3030        -6014.929    -6032.440       17.512   139.0
0.3035        -6014.859    -6032.461       17.602   139.7
0.3040        -6014.787    -6032.482       17.695   140.4
0.3045        -6014.754    -6032.504       17.750   140.8
0.3050        -6014.743    -6032.526       17.783   141.1
0.3055        -6014.683    -6032.547       17.865   141.8
0.3060        -6014.538    -6032.569       18.031   143.1
0.3065        -6014.527    -6032.589       18.062   143.3
0.3070        -6014.458    -6032.608       18.150   144.0
0.3075        -6014.410    -6032.627       18.217   144.5
0.3080        -6014.366    -6032.644       18.278   145.0
0.3085        -6014.251    -6032.660       18.409   146.1
0.3090        -6014.285    -6032.673       18.389   145.9
0.3095        -6014.275    -6032.686       18.411   146.1
0.3100        -6014.304    -6032.695       18.391   145.9
0.3105        -6014.272    -6032.703       18.431   146.2
0.3110        -6014.245    -6032.709       18.464   146.5
0.3115        -6014.234    -6032.713       18.480   146.6
0.3120        -6014.167    -6032.713       18.546   147.2
0.3125        -6014.167    -6032.710       18.542   147.1
0.3130        -6014.149    -6032.702       18.554   147.2
0.3135        -6014.183    -6032.692       18.510   146.9
0.3140        -6014.197    -6032.679       18.482   146.7
0.3145        -6014.200    -6032.664       18.464   146.5
0.3150        -6014.162    -6032.648       18.486   146.7
0.3155        -6014.146    -6032.632       18.487   146.7
0.3160        -6014.126    -6032.615       18.488   146.7
0.3165        -6014.033    -6032.595       18.562   147.3
0.3170        -6014.024    -6032.573       18.549   147.2
0.3175        -6013.932    -6032.551       18.619   147.7
0.3180        -6013.798    -6032.527       18.729   148.6
0.3185        -6013.810    -6032.502       18.693   148.3
0.3190        -6013.794    -6032.476       18.682   148.2
0.3195        -6013.768    -6032.446       18.679   148.2
0.3200        -6013.660    -6032.416       18.756   148.8
0.3205        -6013.557    -6032.383       18.826   149.4
0.3210        -6013.494    -6032.349       18.856   149.6
0.3215        -6013.393    -6032.316       18.923   150.1
0.3220        -6013.309    -6032.280       18.971   150.5
0.3225        -6013.217    -6032.243       19.026   151.0
0.3230        -6013.292    -6032.205       18.913   150.1
0.3235        -6013.261    -6032.167       18.905   150.0
0.3240        -6013.232    -6032.130       18.898   149.9
0.3245        -6013.181    -6032.094       18.913   150.1
0.3250        -6013.144    -6032.056       18.912   150.1
0.3255        -6013.083    -6032.019       18.936   150.2
0.3260        -6013.028    -6031.982       18.954   150.4
0.3265        -6012.933    -6031.945       19.012   150.9
0.3270        -6012.837    -6031.910       19.072   151.3
0.3275        -6012.794    -6031.874       19.079   151.4
0.3280        -6012.784    -6031.837       19.053   151.2
0.3285        -6012.769    -6031.802       19.033   151.0
0.3290        -6012.692    -6031.769       19.076   151.4
0.3295        -6012.655    -6031.737       19.081   151.4
0.3300        -6012.726    -6031.705       18.979   150.6
0.3305        -6012.733    -6031.674       18.941   150.3
0.3310        -6012.623    -6031.642       19.018   150.9
0.3315        -6012.484    -6031.610       19.125   151.8
0.3320        -6012.350    -6031.578       19.228   152.6
0.3325        -6012.347    -6031.544       19.198   152.3
0.3330        -6012.260    -6031.509       19.250   152.7
0.3335        -6012.214    -6031.474       19.261   152.8
0.3340        -6012.196    -6031.439       19.243   152.7
0.3345        -6012.099    -6031.403       19.304   153.2
0.3350        -6012.059    -6031.367       19.309   153.2
0.3355        -6012.037    -6031.333       19.297   153.1
0.3360        -6011.962    -6031.300       19.338   153.4
0.3365        -6011.893    -6031.266       19.372   153.7
0.3370        -6011.904    -6031.232       19.328   153.4
0.3375        -6011.860    -6031.198       19.337   153.4
0.3380        -6011.840    -6031.163       19.323   153.3
0.3385        -6011.793    -6031.124       19.330   153.4
0.3390        -6011.719    -6031.081       19.362   153.6
0.3395        -6011.661    -6031.038       19.377   153.7
0.3400        -6011.583    -6030.991       19.408   154.0
0.3405        -6011.566    -6030.944       19.378   153.8
0.3410        -6011.552    -6030.893       19.341   153.5
0.3415        -6011.645    -6030.842       19.196   152.3
0.3420        -6011.650    -6030.789       19.139   151.9
0.3425        -6011.608    -6030.736       19.128   151.8
0.3430        -6011.578    -6030.682       19.104   151.6
0.3435        -6011.517    -6030.627       19.110   151.6
0.3440        -6011.427    -6030.572       19.145   151.9
0.3445        -6011.409    -6030.518       19.109   151.6
0.3450        -6011.365    -6030.460       19.096   151.5
0.3455        -6011.332    -6030.401       19.069   151.3
0.3460        -6011.231    -6030.342       19.111   151.6
0.3465        -6011.237    -6030.284       19.047   151.1
0.3470        -6011.106    -6030.225       19.119   151.7
0.3475        -6011.088    -6030.166       19.078   151.4
0.3480        -6011.037    -6030.108       19.071   151.3
0.3485        -6011.007    -6030.050       19.042   151.1
0.3490        -6010.983    -6029.990       19.007   150.8
0.3495        -6010.931    -6029.931       19.000   150.8
0.3500        -6010.874    -6029.873       18.999   150.8
0.3505        -6010.792    -6029.817       19.025   151.0
0.3510        -6010.703    -6029.761       19.059   151.2
0.3515        -6010.781    -6029.706       18.925   150.2
0.3520        -6010.763    -6029.652       18.889   149.9
0.3525        -6010.686    -6029.599       18.912   150.1
0.3530        -6010.711    -6029.544       18.833   149.4
0.3535        -6010.685    -6029.492       18.807   149.2
0.3540        -6010.686    -6029.442       18.755   148.8
0.3545        -6010.613    -6029.395       18.781   149.0
0.3550        -6010.588    -6029.349       18.762   148.9
0.3555        -6010.616    -6029.307       18.691   148.3
0.3560        -6010.521    -6029.267       18.746   148.7
0.3565        -6010.478    -6029.230       18.751   148.8
0.3570        -6010.512    -6029.194       18.681   148.2
0.3575        -6010.532    -6029.160       18.628   147.8
0.3580        -6010.467    -6029.129       18.662   148.1
0.3585        -6010.412    -6029.100       18.688   148.3
0.3590        -6010.377    -6029.071       18.694   148.3
0.3595        -6010.438    -6029.044       18.606   147.6
0.3600        -6010.353    -6029.019       18.666   148.1
0.3605        -6010.322    -6028.996       18.674   148.2
0.3610        -6010.231    -6028.975       18.745   148.7
0.3615        -6010.230    -6028.959       18.729   148.6
0.3620        -6010.205    -6028.948       18.742   148.7
0.3625        -6010.154    -6028.939       18.784   149.0
0.3630        -6010.189    -6028.930       18.742   148.7
0.3635        -6010.215    -6028.925       18.710   148.5
0.3640        -6010.149    -6028.924       18.775   149.0
0.3645        -6010.067    -6028.924       18.857   149.6
0.3650        -6010.061    -6028.928       18.866   149.7
0.3655        -6010.015    -6028.935       18.920   150.1
0.3660        -6009.944    -6028.946       19.002   150.8
0.3665        -6009.943    -6028.960       19.017   150.9
0.3670        -6009.934    -6028.975       19.041   151.1
0.3675        -6009.928    -6028.991       19.062   151.3
0.3680        -6009.815    -6029.009       19.193   152.3
0.3685        -6009.799    -6029.028       19.228   152.6
0.3690        -6009.783    -6029.049       19.266   152.9
0.3695        -6009.703    -6029.072       19.368   153.7
0.3700        -6009.686    -6029.097       19.411   154.0
0.3705        -6009.627    -6029.126       19.498   154.7
0.3710        -6009.606    -6029.156       19.550   155.1
0.3715        -6009.551    -6029.189       19.638   155.8
0.3720        -6009.558    -6029.221       19.663   156.0
0.3725        -6009.491    -6029.254       19.762   156.8
0.3730        -6009.533    -6029.287       19.754   156.7
0.3735        -6009.472    -6029.322       19.850   157.5
0.3740        -6009.480    -6029.358       19.878   157.7
0.3745        -6009.497    -6029.395       19.898   157.9
0.3750        -6009.560    -6029.431       19.871   157.7
0.3755        -6009.422    -6029.467       20.045   159.0
0.3760        -6009.451    -6029.503       20.052   159.1
0.3765        -6009.380    -6029.537       20.157   159.9
0.3770        -6009.371    -6029.571       20.201   160.3
0.3775        -6009.342    -6029.604       20.262   160.8
0.3780        -6009.288    -6029.636       20.348   161.5
0.3785        -6009.232    -6029.667       20.436   162.2
0.3790        -6009.202    -6029.700       20.498   162.6
0.3795        -6009.186    -6029.732       20.546   163.0
0.3800        -6009.187    -6029.762       20.575   163.3
0.3805        -6009.175    -6029.791       20.616   163.6
0.3810        -6009.155    -6029.817       20.663   164.0
0.3815        -6009.113    -6029.843       20.730   164.5
0.3820        -6009.016    -6029.867       20.850   165.4
0.3825        -6009.023    -6029.889       20.866   165.6
0.3830        -6008.924    -6029.909       20.984   166.5
0.3835        -6008.897    -6029.926       21.029   166.9
0.3840        -6008.925    -6029.942       21.017   166.8
0.3845        -6008.889    -6029.955       21.066   167.2
0.3850        -6008.830    -6029.965       21.135   167.7
0.3855        -6008.805    -6029.971       21.166   167.9
0.3860        -6008.742    -6029.972       21.230   168.5
0.3865        -6008.779    -6029.969       21.190   168.1
0.3870        -6008.734    -6029.964       21.230   168.5
0.3875        -6008.732    -6029.958       21.226   168.4
0.3880        -6008.655    -6029.948       21.293   169.0
0.3885        -6008.637    -6029.934       21.297   169.0
0.3890        -6008.514    -6029.917       21.403   169.8
0.3895        -6008.528    -6029.899       21.371   169.6
0.3900        -6008.430    -6029.880       21.450   170.2
0.3905        -6008.329    -6029.860       21.531   170.8
0.3910        -6008.225    -6029.839       21.613   171.5
0.3915        -6008.154    -6029.816       21.662   171.9
0.3920        -6008.087    -6029.793       21.706   172.2
0.3925        -6008.070    -6029.769       21.699   172.2
0.3930        -6008.033    -6029.744       21.711   172.3
0.3935        -6007.984    -6029.718       21.734   172.5
0.3940        -6007.947    -6029.689       21.743   172.5
0.3945        -6007.924    -6029.660       21.735   172.5
0.3950        -6007.922    -6029.630       21.708   172.2
0.3955        -6007.899    -6029.601       21.702   172.2
0.3960        -6007.843    -6029.572       21.729   172.4
0.3965        -6007.813    -6029.543       21.730   172.4
0.3970        -6007.693    -6029.515       21.822   173.2
0.3975        -6007.648    -6029.488       21.840   173.3
0.3980        -6007.529    -6029.461       21.933   174.0
0.3985        -6007.611    -6029.437       21.826   173.2
0.3990        -6007.539    -6029.416       21.877   173.6
0.3995        -6007.532    -6029.399       21.867   173.5
0.4000        -6007.439    -6029.386       21.947   174.1
0.4005        -6007.399    -6029.376       21.977   174.4
0.4010        -6007.247    -6029.370       22.122   175.5
0.4015        -6007.112    -6029.366       22.254   176.6
0.4020        -6007.111    -6029.365       22.254   176.6
0.4025        -6007.117    -6029.368       22.250   176.6
0.4030        -6007.064    -6029.371       22.308   177.0
0.4035        -6007.116    -6029.376       22.260   176.6
0.4040        -6007.096    -6029.381       22.285   176.8
0.4045        -6007.124    -6029.388       22.264   176.7
0.4050        -6007.129    -6029.396       22.266   176.7
0.4055        -6007.149    -6029.405       22.256   176.6
0.4060        -6007.082    -6029.416       22.334   177.2
0.4065        -6007.056    -6029.428       22.373   177.5
0.4070        -6007.174    -6029.444       22.269   176.7
0.4075        -6007.159    -6029.459       22.300   176.9
0.4080        -6007.103    -6029.474       22.371   177.5
0.4085        -6007.109    -6029.489       22.380   177.6
0.4090        -6007.087    -6029.504       22.417   177.9
0.4095        -6007.073    -6029.521       22.449   178.1
0.4100        -6007.047    -6029.539       22.492   178.5
0.4105        -6007.007    -6029.555       22.548   178.9
0.4110        -6006.991    -6029.571       22.580   179.2
0.4115        -6006.905    -6029.584       22.679   180.0
0.4120        -6006.866    -6029.597       22.731   180.4
0.4125        -6006.798    -6029.608       22.811   181.0
0.4130        -6006.737    -6029.619       22.882   181.6
0.4135        -6006.708    -6029.626       22.918   181.8
0.4140        -6006.695    -6029.632       22.937   182.0
0.4145        -6006.650    -6029.636       22.985   182.4
0.4150        -6006.601    -6029.635       23.034   182.8
0.4155        -6006.605    -6029.631       23.026   182.7
0.4160        -6006.539    -6029.623       23.084   183.2
0.4165        -6006.496    -6029.611       23.115   183.4
0.4170        -6006.526    -6029.597       23.071   183.1
0.4175        -6006.444    -6029.581       23.137   183.6
0.4180        -6006.438    -6029.564       23.126   183.5
0.4185        -6006.418    -6029.544       23.126   183.5
0.4190        -6006.349    -6029.523       23.174   183.9
0.4195        -6006.324    -6029.498       23.174   183.9
0.4200        -6006.375    -6029.470       23.095   183.2
0.4205        -6006.353    -6029.440       23.087   183.2
0.4210        -6006.371    -6029.408       23.037   182.8
0.4215        -6006.387    -6029.373       22.986   182.4
0.4220        -6006.322    -6029.339       23.017   182.6
0.4225        -6006.249    -6029.302       23.053   182.9
0.4230        -6006.209    -6029.264       23.055   182.9
0.4235        -6006.206    -6029.226       23.020   182.7
0.4240        -6006.146    -6029.190       23.044   182.8
0.4245        -6006.160    -6029.154       22.994   182.5
0.4250        -6006.181    -6029.121       22.940   182.0
0.4255        -6006.132    -6029.087       22.955   182.1
0.4260        -6006.061    -6029.053       22.992   182.4
0.4265        -6006.041    -6029.019       22.978   182.3
0.4270        -6005.948    -6028.985       23.037   182.8
0.4275        -6006.017    -6028.952       22.936   182.0
0.4280        -6005.995    -6028.920       22.926   181.9
0.4285        -6005.954    -6028.892       22.938   182.0
0.4290        -6005.886    -6028.865       22.979   182.3
0.4295        -6005.901    -6028.838       22.937   182.0
0.4300        -6005.818    -6028.812       22.993   182.4
0.4305        -6005.728    -6028.785       23.057   183.0
0.4310        -6005.665    -6028.758       23.093   183.2
0.4315        -6005.693    -6028.730       23.037   182.8
0.4320        -6005.750    -6028.702       22.953   182.1
0.4325        -6005.799    -6028.675       22.876   181.5
0.4330        -6005.821    -6028.648       22.827   181.1
0.4335        -6005.777    -6028.621       22.844   181.3
0.4340        -6005.830    -6028.595       22.765   180.6
0.4345        -6005.833    -6028.569       22.736   180.4
0.4350        -6005.714    -6028.546       22.833   181.2
0.4355        -6005.653    -6028.526       22.873   181.5
0.4360        -6005.683    -6028.508       22.825   181.1
0.4365        -6005.692    -6028.490       22.798   180.9
0.4370        -6005.694    -6028.473       22.779   180.7
0.4375        -6005.697    -6028.458       22.761   180.6
0.4380        -6005.691    -6028.443       22.751   180.5
0.4385        -6005.582    -6028.429       22.847   181.3
0.4390        -6005.584    -6028.414       22.830   181.2
0.4395        -6005.532    -6028.401       22.868   181.5
0.4400        -6005.457    -6028.391       22.933   182.0
0.4405        -6005.450    -6028.384       22.934   182.0
0.4410        -6005.429    -6028.377       22.948   182.1
0.4415        -6005.358    -6028.369       23.011   182.6
0.4420        -6005.284    -6028.359       23.075   183.1
0.4425        -6005.250    -6028.351       23.101   183.3
0.4430        -6005.264    -6028.343       23.079   183.1
0.4435        -6005.286    -6028.335       23.049   182.9
0.4440        -6005.201    -6028.327       23.126   183.5
0.4445        -6005.260    -6028.320       23.061   183.0
0.4450        -6005.233    -6028.313       23.080   183.1
0.4455        -6005.158    -6028.303       23.146   183.7
0.4460        -6005.157    -6028.292       23.136   183.6
0.4465        -6005.137    -6028.280       23.143   183.6
0.4470        -6005.080    -6028.264       23.184   184.0
0.4475        -6005.016    -6028.249       23.233   184.3
0.4480        -6004.996    -6028.233       23.236   184.4
0.4485        -6005.049    -6028.217       23.168   183.8
0.4490        -6004.976    -6028.201       23.226   184.3
0.4495        -6004.863    -6028.185       23.322   185.1
0.4500        -6004.924    -6028.167       23.243   184.4
0.4505        -6004.884    -6028.150       23.266   184.6
0.4510        -6004.880    -6028.132       23.252   184.5
0.4515        -6004.870    -6028.112       23.242   184.4
0.4520        -6004.835    -6028.092       23.256   184.5
0.4525        -6004.737    -6028.072       23.334   185.1
0.4530        -6004.723    -6028.052       23.330   185.1
0.4535        -6004.711    -6028.033       23.322   185.1
0.4540        -6004.587    -6028.013       23.426   185.9
0.4545        -6004.499    -6027.993       23.494   186.4
0.4550        -6004.485    -6027.973       23.488   186.4
0.4555        -6004.459    -6027.953       23.494   186.4
0.4560        -6004.374    -6027.934       23.560   186.9
0.4565        -6004.404    -6027.916       23.511   186.6
0.4570        -6004.370    -6027.897       23.527   186.7
0.4575        -6004.297    -6027.878       23.581   187.1
0.4580        -6004.311    -6027.858       23.547   186.8
0.4585        -6004.370    -6027.836       23.466   186.2
0.4590        -6004.276    -6027.815       23.539   186.8
0.4595        -6004.327    -6027.792       23.466   186.2
0.4600        -6004.249    -6027.771       23.522   186.6
0.4605        -6004.195    -6027.749       23.555   186.9
0.4610        -6004.114    -6027.727       23.613   187.4
0.4615        -6004.064    -6027.705       23.641   187.6
0.4620        -6004.036    -6027.680       23.644   187.6
0.4625        -6004.015    -6027.654       23.639   187.6
0.4630        -6004.010    -6027.628       23.618   187.4
0.4635        -6004.000    -6027.602       23.603   187.3
0.4640        -6003.951    -6027.578       23.626   187.5
0.4645        -6003.866    -6027.553       23.686   187.9
0.4650        -6003.824    -6027.529       23.705   188.1
0.4655        -6003.807    -6027.506       23.699   188.0
0.4660        -6003.724    -6027.485       23.761   188.5
0.4665        -6003.731    -6027.465       23.734   188.3
0.4670        -6003.654    -6027.445       23.791   188.8
0.4675        -6003.646    -6027.424       23.778   188.7
0.4680        -6003.541    -6027.402       23.862   189.3
0.4685        -6003.456    -6027.380       23.924   189.8
0.4690        -6003.420    -6027.357       23.938   189.9
0.4695        -6003.334    -6027.335       24.001   190.4
0.4700        -6003.307    -6027.312       24.005   190.5
0.4705        -6003.259    -6027.288       24.029   190.7
0.4710        -6003.290    -6027.264       23.975   190.2
0.4715        -6003.176    -6027.241       24.065   190.9
0.4720        -6003.098    -6027.218       24.120   191.4
0.4725        -6003.092    -6027.197       24.104   191.3
0.4730        -6002.982    -6027.175       24.193   192.0
0.4735        -6002.888    -6027.154       24.267   192.5
0.4740        -6002.838    -6027.133       24.295   192.8
0.4745        -6002.783    -6027.112       24.329   193.0
0.4750        -6002.733    -6027.093       24.359   193.3
0.4755        -6002.650    -6027.074       24.424   193.8
0.4760        -6002.646    -6027.056       24.409   193.7
0.4765        -6002.703    -6027.038       24.335   193.1
0.4770        -6002.657    -6027.021       24.364   193.3
0.4775        -6002.726    -6027.004       24.278   192.6
0.4780        -6002.665    -6026.990       24.325   193.0
0.4785        -6002.704    -6026.978       24.274   192.6
0.4790        -6002.754    -6026.969       24.215   192.1
0.4795        -6002.686    -6026.960       24.274   192.6
0.4800        -6002.576    -6026.951       24.375   193.4
0.4805        -6002.601    -6026.942       24.341   193.1
0.4810        -6002.605    -6026.933       24.328   193.0
0.4815        -6002.551    -6026.922       24.371   193.4
0.4820        -6002.539    -6026.911       24.372   193.4
0.4825        -6002.494    -6026.900       24.406   193.7
0.4830        -6002.470    -6026.890       24.419   193.8
0.4835        -6002.490    -6026.877       24.387   193.5
0.4840        -6002.490    -6026.864       24.373   193.4
0.4845        -6002.490    -6026.850       24.359   193.3
0.4850        -6002.481    -6026.834       24.353   193.2
0.4855        -6002.460    -6026.819       24.359   193.3
0.4860        -6002.380    -6026.802       24.422   193.8
0.4865        -6002.276    -6026.786       24.510   194.5
0.4870        -6002.316    -6026.769       24.453   194.0
0.4875        -6002.282    -6026.751       24.470   194.2
0.4880        -6002.262    -6026.732       24.470   194.2
0.4885        -6002.225    -6026.712       24.487   194.3
0.4890        -6002.190    -6026.691       24.501   194.4
0.4895        -6002.151    -6026.670       24.519   194.5
0.4900        -6002.109    -6026.649       24.539   194.7
0.4905        -6002.062    -6026.625       24.563   194.9
0.4910        -6002.043    -6026.601       24.557   194.9
0.4915        -6001.988    -6026.575       24.587   195.1
0.4920        -6002.031    -6026.547       24.516   194.5
0.4925        -6001.964    -6026.516       24.552   194.8
0.4930        -6001.905    -6026.484       24.578   195.0
0.4935        -6001.925    -6026.452       24.527   194.6
0.4940        -6001.920    -6026.419       24.498   194.4
0.4945        -6001.852    -6026.386       24.534   194.7
0.4950        -6001.735    -6026.353       24.617   195.3
0.4955        -6001.752    -6026.319       24.566   194.9
0.4960        -6001.719    -6026.285       24.566   194.9
0.4965        -6001.686    -6026.251       24.565   194.9
0.4970        -6001.726    -6026.216       24.490   194.3
0.4975        -6001.684    -6026.181       24.498   194.4
0.4980        -6001.665    -6026.147       24.482   194.3
0.4985        -6001.651    -6026.115       24.464   194.1
0.4990        -6001.561    -6026.082       24.522   194.6
0.4995        -6001.574    -6026.051       24.476   194.2
0.5000        -6001.522    -6026.020       24.498   194.4
0.5005        -6001.578    -6025.990       24.412   193.7
0.5010        -6001.563    -6025.959       24.396   193.6
0.5015        -6001.547    -6025.927       24.380   193.4
0.5020        -6001.573    -6025.893       24.321   193.0
0.5025        -6001.606    -6025.861       24.255   192.5
0.5030        -6001.558    -6025.828       24.271   192.6
0.5035        -6001.505    -6025.799       24.294   192.8
0.5040        -6001.542    -6025.770       24.227   192.2
0.5045        -6001.560    -6025.741       24.181   191.9
0.5050        -6001.543    -6025.714       24.170   191.8
0.5055        -6001.496    -6025.687       24.191   191.9
0.5060        -6001.451    -6025.660       24.209   192.1
0.5065        -6001.445    -6025.633       24.188   191.9
0.5070        -6001.531    -6025.604       24.073   191.0
0.5075        -6001.518    -6025.575       24.056   190.9
0.5080        -6001.471    -6025.546       24.075   191.0
0.5085        -6001.476    -6025.517       24.041   190.8
0.5090        -6001.410    -6025.487       24.077   191.0
0.5095        -6001.394    -6025.459       24.065   190.9
0.5100        -6001.301    -6025.433       24.131   191.5
0.5105        -6001.279    -6025.406       24.127   191.4
0.5110        -6001.233    -6025.381       24.148   191.6
0.5115        -6001.239    -6025.355       24.117   191.4
0.5120        -6001.257    -6025.329       24.072   191.0
0.5125        -6001.239    -6025.304       24.065   190.9
0.5130        -6001.175    -6025.282       24.107   191.3
0.5135        -6001.135    -6025.262       24.127   191.4
0.5140        -6001.121    -6025.245       24.124   191.4
0.5145        -6000.952    -6025.227       24.276   192.6
0.5150        -6000.911    -6025.211       24.300   192.8
0.5155        -6000.872    -6025.196       24.324   193.0
0.5160        -6000.796    -6025.182       24.386   193.5
0.5165        -6000.731    -6025.170       24.439   193.9
0.5170        -6000.660    -6025.158       24.499   194.4
0.5175        -6000.724    -6025.145       24.421   193.8
0.5180        -6000.714    -6025.132       24.418   193.7
0.5185        -6000.618    -6025.118       24.500   194.4
0.5190        -6000.592    -6025.104       24.513   194.5
0.5195        -6000.625    -6025.092       24.467   194.1
0.5200        -6000.655    -6025.080       24.425   193.8
0.5205        -6000.603    -6025.067       24.464   194.1
0.5210        -6000.513    -6025.054       24.541   194.7
0.5215        -6000.508    -6025.042       24.534   194.7
0.5220        -6000.407    -6025.030       24.624   195.4
0.5225        -6000.351    -6025.020       24.669   195.7
0.5230        -6000.319    -6025.011       24.692   195.9
0.5235        -6000.347    -6025.002       24.655   195.6
0.5240        -6000.270    -6024.995       24.725   196.2
0.5245        -6000.309    -6024.988       24.678   195.8
0.5250        -6000.353    -6024.981       24.628   195.4
0.5255        -6000.328    -6024.977       24.649   195.6
0.5260        -6000.298    -6024.972       24.674   195.8
0.5265        -6000.304    -6024.967       24.664   195.7
0.5270        -6000.317    -6024.964       24.647   195.6
0.5275        -6000.328    -6024.962       24.634   195.5
0.5280        -6000.263    -6024.961       24.698   196.0
0.5285        -6000.143    -6024.964       24.820   196.9
0.5290        -6000.057    -6024.965       24.909   197.6
0.5295        -5999.935    -6024.967       25.032   198.6
0.5300        -5999.986    -6024.968       24.982   198.2
0.5305        -5999.986    -6024.970       24.984   198.2
0.5310        -6000.004    -6024.971       24.966   198.1
0.5315        -5999.972    -6024.972       25.000   198.4
0.5320        -5999.963    -6024.973       25.010   198.4
0.5325        -5999.850    -6024.973       25.123   199.3
0.5330        -5999.823    -6024.972       25.149   199.6
0.5335        -5999.797    -6024.971       25.174   199.7
0.5340        -5999.775    -6024.970       25.195   199.9
0.5345        -5999.743    -6024.968       25.225   200.2
0.5350        -5999.692    -6024.965       25.273   200.5
0.5355        -5999.586    -6024.958       25.372   201.3
0.5360        -5999.569    -6024.950       25.382   201.4
0.5365        -5999.546    -6024.943       25.397   201.5
0.5370        -5999.633    -6024.935       25.302   200.8
0.5375        -5999.602    -6024.925       25.323   200.9
0.5380        -5999.602    -6024.914       25.312   200.8
0.5385        -5999.563    -6024.902       25.339   201.1
0.5390        -5999.591    -6024.889       25.298   200.7
0.5395        -5999.541    -6024.876       25.334   201.0
0.5400        -5999.565    -6024.861       25.295   200.7
0.5405        -5999.612    -6024.846       25.233   200.2
0.5410        -5999.600    -6024.829       25.229   200.2
0.5415        -5999.657    -6024.809       25.152   199.6
0.5420        -5999.679    -6024.788       25.109   199.2
0.5425        -5999.721    -6024.766       25.045   198.7
0.5430        -5999.657    -6024.742       25.085   199.0
0.5435        -5999.624    -6024.720       25.096   199.1
0.5440        -5999.514    -6024.699       25.186   199.8
0.5445        -5999.407    -6024.679       25.272   200.5
0.5450        -5999.407    -6024.658       25.251   200.4
0.5455        -5999.294    -6024.636       25.343   201.1
0.5460        -5999.273    -6024.614       25.340   201.1
0.5465        -5999.257    -6024.591       25.334   201.0
0.5470        -5999.195    -6024.568       25.373   201.3
0.5475        -5999.169    -6024.547       25.378   201.4
0.5480        -5999.154    -6024.527       25.373   201.3
0.5485        -5999.105    -6024.508       25.403   201.6
0.5490        -5999.069    -6024.492       25.423   201.7
0.5495        -5999.003    -6024.478       25.475   202.1
0.5500        -5999.085    -6024.463       25.379   201.4
0.5505        -5999.007    -6024.450       25.443   201.9
0.5510        -5998.932    -6024.439       25.507   202.4
0.5515        -5998.943    -6024.430       25.486   202.2
0.5520        -5998.786    -6024.423       25.637   203.4
0.5525        -5998.860    -6024.417       25.558   202.8
0.5530        -5998.808    -6024.412       25.604   203.2
0.5535        -5998.780    -6024.409       25.630   203.4
0.5540        -5998.792    -6024.410       25.618   203.3
0.5545        -5998.841    -6024.414       25.572   202.9
0.5550        -5998.852    -6024.419       25.567   202.9
0.5555        -5998.885    -6024.427       25.542   202.7
0.5560        -5998.808    -6024.436       25.629   203.4
0.5565        -5998.757    -6024.446       25.689   203.8
0.5570        -5998.771    -6024.456       25.686   203.8
0.5575        -5998.809    -6024.467       25.657   203.6
0.5580        -5998.885    -6024.476       25.591   203.1
0.5585        -5998.837    -6024.484       25.647   203.5
0.5590        -5998.806    -6024.493       25.688   203.8
0.5595        -5998.848    -6024.501       25.653   203.6
0.5600        -5998.809    -6024.508       25.699   203.9
0.5605        -5998.783    -6024.515       25.732   204.2
0.5610        -5998.785    -6024.521       25.736   204.2
0.5615        -5998.734    -6024.526       25.791   204.6
0.5620        -5998.735    -6024.529       25.794   204.7
0.5625        -5998.688    -6024.530       25.842   205.1
0.5630        -5998.628    -6024.527       25.898   205.5
0.5635        -5998.618    -6024.521       25.903   205.5
0.5640        -5998.598    -6024.513       25.914   205.6
0.5645        -5998.561    -6024.502       25.941   205.8
0.5650        -5998.574    -6024.490       25.916   205.6
0.5655        -5998.665    -6024.475       25.811   204.8
0.5660        -5998.693    -6024.459       25.766   204.4
0.5665        -5998.649    -6024.441       25.792   204.7
0.5670        -5998.675    -6024.421       25.747   204.3
0.5675        -5998.676    -6024.402       25.726   204.1
0.5680        -5998.674    -6024.382       25.708   204.0
0.5685        -5998.632    -6024.362       25.730   204.2
0.5690        -5998.563    -6024.342       25.778   204.5
0.5695        -5998.532    -6024.319       25.787   204.6
0.5700        -5998.500    -6024.294       25.794   204.7
0.5705        -5998.477    -6024.269       25.792   204.7
0.5710        -5998.457    -6024.242       25.785   204.6
0.5715        -5998.478    -6024.215       25.737   204.2
0.5720        -5998.465    -6024.188       25.724   204.1
0.5725        -5998.414    -6024.161       25.747   204.3
0.5730        -5998.411    -6024.135       25.724   204.1
0.5735        -5998.402    -6024.113       25.711   204.0
0.5740        -5998.420    -6024.094       25.674   203.7
0.5745        -5998.408    -6024.075       25.667   203.7
0.5750        -5998.466    -6024.059       25.593   203.1
0.5755        -5998.371    -6024.045       25.674   203.7
0.5760        -5998.374    -6024.031       25.657   203.6
0.5765        -5998.274    -6024.018       25.745   204.3
0.5770        -5998.270    -6024.009       25.739   204.2
0.5775        -5998.297    -6024.003       25.706   204.0
0.5780        -5998.227    -6023.999       25.772   204.5
0.5785        -5998.248    -6023.997       25.748   204.3
0.5790        -5998.166    -6023.997       25.831   205.0
0.5795        -5998.131    -6023.999       25.869   205.3
0.5800        -5998.075    -6024.004       25.929   205.7
0.5805        -5998.054    -6024.010       25.956   206.0
0.5810        -5998.093    -6024.018       25.925   205.7
0.5815        -5997.999    -6024.029       26.030   206.5
0.5820        -5998.014    -6024.042       26.028   206.5
0.5825        -5997.979    -6024.059       26.079   206.9
0.5830        -5998.026    -6024.078       26.052   206.7
0.5835        -5998.025    -6024.102       26.077   206.9
0.5840        -5998.058    -6024.127       26.069   206.9
0.5845        -5998.021    -6024.153       26.132   207.3
0.5850        -5998.013    -6024.178       26.165   207.6
0.5855        -5998.001    -6024.204       26.203   207.9
0.5860        -5997.906    -6024.229       26.323   208.9
0.5865        -5997.932    -6024.255       26.323   208.9
0.5870        -5997.994    -6024.284       26.290   208.6
0.5875        -5998.010    -6024.311       26.302   208.7
0.5880        -5998.027    -6024.338       26.311   208.8
0.5885        -5997.906    -6024.366       26.460   210.0
0.5890        -5997.920    -6024.394       26.474   210.1
0.5895        -5997.937    -6024.422       26.485   210.1
0.5900        -5997.995    -6024.449       26.454   209.9
0.5905        -5997.998    -6024.476       26.478   210.1
0.5910        -5998.037    -6024.503       26.466   210.0
0.5915        -5997.969    -6024.528       26.559   210.7
0.5920        -5998.021    -6024.553       26.532   210.5
0.5925        -5997.998    -6024.578       26.580   210.9
0.5930        -5997.951    -6024.602       26.650   211.5
0.5935        -5997.994    -6024.622       26.628   211.3
0.5940        -5997.968    -6024.643       26.675   211.7
0.5945        -5997.863    -6024.664       26.801   212.7
0.5950        -5997.900    -6024.683       26.783   212.5
0.5955        -5998.029    -6024.702       26.673   211.6
0.5960        -5998.002    -6024.722       26.720   212.0
0.5965        -5998.024    -6024.744       26.720   212.0
0.5970        -5998.087    -6024.766       26.679   211.7
0.5975        -5997.906    -6024.788       26.882   213.3
0.5980        -5997.898    -6024.810       26.912   213.5
0.5985        -5998.037    -6024.830       26.793   212.6
0.5990        -5998.008    -6024.849       26.841   213.0
0.5995        -5998.013    -6024.870       26.857   213.1
0.6000        -5997.986    -6024.891       26.905   213.5
0.6005        -5998.043    -6024.912       26.869   213.2
0.6010        -5998.041    -6024.934       26.892   213.4
0.6015        -5998.083    -6024.956       26.873   213.2
0.6020        -5998.182    -6024.976       26.793   212.6
0.6025        -5998.078    -6024.993       26.915   213.6
0.6030        -5998.002    -6025.009       27.008   214.3
0.6035        -5998.010    -6025.025       27.015   214.4
0.6040        -5998.023    -6025.038       27.014   214.4
0.6045        -5997.856    -6025.049       27.193   215.8
0.6050        -5997.853    -6025.058       27.205   215.9
0.6055        -5997.815    -6025.064       27.249   216.2
0.6060        -5997.775    -6025.070       27.295   216.6
0.6065        -5997.816    -6025.072       27.256   216.3
0.6070        -5997.754    -6025.073       27.319   216.8
0.6075        -5997.682    -6025.072       27.390   217.3
0.6080        -5997.743    -6025.069       27.327   216.8
0.6085        -5997.684    -6025.068       27.384   217.3
0.6090        -5997.646    -6025.066       27.420   217.6
0.6095        -5997.624    -6025.062       27.438   217.7
0.6100        -5997.619    -6025.055       27.436   217.7
0.6105        -5997.587    -6025.044       27.457   217.9
0.6110        -5997.591    -6025.032       27.441   217.7
0.6115        -5997.524    -6025.019       27.495   218.2
0.6120        -5997.468    -6025.004       27.536   218.5
0.6125        -5997.422    -6024.987       27.565   218.7
0.6130        -5997.393    -6024.968       27.576   218.8
0.6135        -5997.372    -6024.946       27.574   218.8
0.6140        -5997.369    -6024.922       27.553   218.6
0.6145        -5997.328    -6024.893       27.565   218.7
0.6150        -5997.286    -6024.863       27.576   218.8
0.6155        -5997.302    -6024.832       27.530   218.4
0.6160        -5997.211    -6024.801       27.589   218.9
0.6165        -5997.248    -6024.766       27.519   218.4
0.6170        -5997.282    -6024.731       27.449   217.8
0.6175        -5997.297    -6024.694       27.397   217.4
0.6180        -5997.294    -6024.655       27.361   217.1
0.6185        -5997.350    -6024.616       27.266   216.3
0.6190        -5997.306    -6024.574       27.268   216.4
0.6195        -5997.303    -6024.532       27.230   216.1
0.6200        -5997.292    -6024.490       27.199   215.8
0.6205        -5997.138    -6024.447       27.310   216.7
0.6210        -5997.036    -6024.402       27.367   217.1
0.6215        -5997.024    -6024.358       27.334   216.9
0.6220        -5996.967    -6024.313       27.347   217.0
0.6225        -5996.932    -6024.269       27.336   216.9
0.6230        -5996.895    -6024.225       27.331   216.9
0.6235        -5996.904    -6024.186       27.283   216.5
0.6240        -5996.834    -6024.149       27.315   216.7
0.6245        -5996.804    -6024.114       27.311   216.7
0.6250        -5996.769    -6024.084       27.315   216.7
0.6255        -5996.728    -6024.056       27.328   216.8
0.6260        -5996.689    -6024.034       27.344   217.0
0.6265        -5996.606    -6024.015       27.408   217.5
0.6270        -5996.566    -6023.999       27.432   217.7
0.6275        -5996.550    -6023.985       27.435   217.7
0.6280        -5996.499    -6023.973       27.475   218.0
0.6285        -5996.451    -6023.965       27.514   218.3
0.6290        -5996.447    -6023.958       27.511   218.3
0.6295        -5996.472    -6023.955       27.483   218.1
0.6300        -5996.474    -6023.954       27.480   218.0
0.6305        -5996.528    -6023.957       27.428   217.6
0.6310        -5996.525    -6023.962       27.438   217.7
0.6315        -5996.423    -6023.969       27.546   218.6
0.6320        -5996.327    -6023.976       27.649   219.4
0.6325        -5996.275    -6023.984       27.709   219.9
0.6330        -5996.279    -6023.993       27.713   219.9
0.6335        -5996.203    -6024.000       27.798   220.6
0.6340        -5996.123    -6024.010       27.887   221.3
0.6345        -5996.127    -6024.021       27.894   221.3
0.6350        -5996.062    -6024.031       27.969   221.9
0.6355        -5996.105    -6024.041       27.937   221.7
0.6360        -5996.105    -6024.050       27.945   221.7
0.6365        -5996.110    -6024.056       27.946   221.7
0.6370        -5996.011    -6024.060       28.048   222.6
0.6375        -5995.976    -6024.061       28.085   222.8
0.6380        -5995.900    -6024.057       28.157   223.4
0.6385        -5995.829    -6024.050       28.221   223.9
0.6390        -5995.841    -6024.041       28.200   223.8
0.6395        -5995.776    -6024.028       28.251   224.2
0.6400        -5995.827    -6024.010       28.183   223.6
0.6405        -5995.820    -6023.987       28.167   223.5
0.6410        -5995.887    -6023.959       28.072   222.7
0.6415        -5995.885    -6023.927       28.043   222.5
0.6420        -5995.876    -6023.891       28.015   222.3
0.6425        -5995.913    -6023.851       27.937   221.7
0.6430        -5995.917    -6023.807       27.889   221.3
0.6435        -5996.000    -6023.758       27.758   220.3
0.6440        -5995.949    -6023.708       27.759   220.3
0.6445        -5995.893    -6023.655       27.761   220.3
0.6450        -5995.935    -6023.600       27.665   219.5
0.6455        -5995.955    -6023.545       27.590   218.9
0.6460        -5995.759    -6023.490       27.731   220.0
0.6465        -5995.742    -6023.434       27.692   219.7
0.6470        -5995.832    -6023.376       27.545   218.6
0.6475        -5995.788    -6023.319       27.531   218.5
0.6480        -5995.854    -6023.262       27.408   217.5
0.6485        -5995.783    -6023.205       27.422   217.6
0.6490        -5995.690    -6023.149       27.460   217.9
0.6495        -5995.629    -6023.092       27.462   217.9
0.6500        -5995.611    -6023.034       27.423   217.6
0.6505        -5995.565    -6022.977       27.412   217.5
0.6510        -5995.438    -6022.922       27.484   218.1
0.6515        -5995.510    -6022.867       27.357   217.1
0.6520        -5995.459    -6022.814       27.355   217.1
0.6525        -5995.481    -6022.761       27.280   216.5
0.6530        -5995.399    -6022.709       27.311   216.7
0.6535        -5995.379    -6022.660       27.281   216.5
0.6540        -5995.363    -6022.613       27.251   216.2
0.6545        -5995.307    -6022.568       27.261   216.3
0.6550        -5995.298    -6022.525       27.227   216.0
0.6555        -5995.236    -6022.488       27.252   216.2
0.6560        -5995.167    -6022.454       27.287   216.5
0.6565        -5995.160    -6022.423       27.264   216.3
0.6570        -5995.185    -6022.397       27.212   215.9
0.6575        -5995.137    -6022.373       27.236   216.1
0.6580        -5995.158    -6022.355       27.197   215.8
0.6585        -5995.141    -6022.339       27.198   215.8
0.6590        -5995.136    -6022.326       27.189   215.7
0.6595        -5995.072    -6022.314       27.242   216.2
0.6600        -5994.986    -6022.305       27.319   216.8
0.6605        -5994.980    -6022.298       27.318   216.8
0.6610        -5994.976    -6022.293       27.317   216.8
0.6615        -5994.934    -6022.294       27.360   217.1
0.6620        -5994.967    -6022.297       27.330   216.9
0.6625        -5995.029    -6022.300       27.271   216.4
0.6630        -5995.032    -6022.306       27.275   216.4
0.6635        -5995.042    -6022.315       27.273   216.4
0.6640        -5994.952    -6022.328       27.376   217.2
0.6645        -5994.908    -6022.342       27.434   217.7
0.6650        -5994.981    -6022.356       27.375   217.2
0.6655        -5994.971    -6022.372       27.401   217.4
0.6660        -5995.003    -6022.387       27.384   217.3
0.6665        -5995.036    -6022.404       27.368   217.2
0.6670        -5995.039    -6022.421       27.383   217.3
0.6675        -5995.086    -6022.440       27.355   217.1
0.6680        -5995.021    -6022.460       27.439   217.7
0.6685        -5994.991    -6022.479       27.488   218.1
0.6690        -5995.000    -6022.494       27.495   218.2
0.6695        -5994.934    -6022.505       27.571   218.8
0.6700        -5994.895    -6022.511       27.615   219.1
0.6705        -5994.814    -6022.512       27.698   219.8
0.6710        -5994.813    -6022.511       27.698   219.8
0.6715        -5994.796    -6022.505       27.708   219.9
0.6720        -5994.913    -6022.495       27.582   218.9
0.6725        -5994.830    -6022.482       27.652   219.4
0.6730        -5994.734    -6022.466       27.731   220.0
0.6735        -5994.649    -6022.449       27.800   220.6
0.6740        -5994.643    -6022.429       27.787   220.5
0.6745        -5994.694    -6022.408       27.713   219.9
0.6750        -5994.582    -6022.384       27.802   220.6
0.6755        -5994.635    -6022.357       27.721   220.0
0.6760        -5994.601    -6022.325       27.724   220.0
0.6765        -5994.616    -6022.291       27.675   219.6
0.6770        -5994.621    -6022.256       27.635   219.3
0.6775        -5994.647    -6022.218       27.571   218.8
0.6780        -5994.575    -6022.177       27.601   219.0
0.6785        -5994.623    -6022.132       27.509   218.3
0.6790        -5994.533    -6022.086       27.553   218.6
0.6795        -5994.462    -6022.039       27.578   218.8
0.6800        -5994.502    -6021.992       27.491   218.1
0.6805        -5994.465    -6021.945       27.480   218.0
0.6810        -5994.490    -6021.897       27.408   217.5
0.6815        -5994.527    -6021.849       27.322   216.8
0.6820        -5994.527    -6021.801       27.274   216.4
0.6825        -5994.471    -6021.754       27.283   216.5
0.6830        -5994.410    -6021.710       27.300   216.6
0.6835        -5994.402    -6021.669       27.267   216.4
0.6840        -5994.341    -6021.629       27.288   216.5
0.6845        -5994.256    -6021.590       27.334   216.9
0.6850        -5994.252    -6021.554       27.302   216.6
0.6855        -5994.212    -6021.519       27.307   216.7
0.6860        -5994.254    -6021.486       27.232   216.1
0.6865        -5994.233    -6021.454       27.221   216.0
0.6870        -5994.186    -6021.425       27.239   216.1
0.6875        -5994.163    -6021.397       27.234   216.1
0.6880        -5994.079    -6021.373       27.294   216.6
0.6885        -5993.985    -6021.353       27.368   217.2
0.6890        -5993.950    -6021.335       27.386   217.3
0.6895        -5993.906    -6021.321       27.415   217.5
0.6900        -5993.832    -6021.309       27.477   218.0
0.6905        -5993.713    -6021.301       27.588   218.9
0.6910        -5993.782    -6021.296       27.514   218.3
0.6915        -5993.834    -6021.296       27.462   217.9
0.6920        -5993.843    -6021.299       27.456   217.9
0.6925        -5993.811    -6021.307       27.497   218.2
0.6930        -5993.822    -6021.318       27.496   218.2
0.6935        -5993.837    -6021.332       27.495   218.2
0.6940        -5993.837    -6021.349       27.512   218.3
0.6945        -5993.877    -6021.367       27.490   218.1
0.6950        -5993.758    -6021.386       27.628   219.2
0.6955        -5993.683    -6021.408       27.724   220.0
0.6960        -5993.703    -6021.430       27.727   220.0
0.6965        -5993.716    -6021.454       27.739   220.1
0.6970        -5993.793    -6021.481       27.688   219.7
0.6975        -5993.819    -6021.508       27.690   219.7
0.6980        -5993.905    -6021.536       27.631   219.2
0.6985        -5993.859    -6021.564       27.706   219.8
0.6990        -5993.856    -6021.592       27.736   220.1
0.6995        -5993.808    -6021.618       27.810   220.7
0.7000        -5993.763    -6021.647       27.884   221.3
0.7005        -5993.773    -6021.675       27.902   221.4
0.7010        -5993.755    -6021.704       27.948   221.8
0.7015        -5993.640    -6021.730       28.091   222.9
0.7020        -5993.621    -6021.753       28.132   223.2
0.7025        -5993.633    -6021.774       28.141   223.3
0.7030        -5993.658    -6021.793       28.136   223.2
0.7035        -5993.622    -6021.811       28.190   223.7
0.7040        -5993.486    -6021.827       28.341   224.9
0.7045        -5993.493    -6021.841       28.347   224.9
0.7050        -5993.542    -6021.850       28.308   224.6
0.7055        -5993.601    -6021.859       28.258   224.2
0.7060        -5993.572    -6021.865       28.292   224.5
0.7065        -5993.621    -6021.868       28.247   224.1
0.7070        -5993.510    -6021.869       28.359   225.0
0.7075        -5993.471    -6021.866       28.395   225.3
0.7080        -5993.416    -6021.860       28.444   225.7
0.7085        -5993.412    -6021.853       28.441   225.7
0.7090        -5993.354    -6021.844       28.490   226.1
0.7095        -5993.264    -6021.831       28.567   226.7
0.7100        -5993.233    -6021.814       28.581   226.8
0.7105        -5993.212    -6021.795       28.583   226.8
0.7110        -5993.129    -6021.773       28.643   227.3
0.7115        -5993.153    -6021.748       28.595   226.9
0.7120        -5993.138    -6021.719       28.581   226.8
0.7125        -5993.142    -6021.688       28.546   226.5
0.7130        -5993.146    -6021.655       28.510   226.2
0.7135        -5993.061    -6021.621       28.560   226.6
0.7140        -5993.043    -6021.584       28.541   226.5
0.7145        -5993.049    -6021.546       28.497   226.1
0.7150        -5993.026    -6021.508       28.482   226.0
0.7155        -5993.025    -6021.468       28.444   225.7
0.7160        -5992.946    -6021.430       28.484   226.0
0.7165        -5992.982    -6021.394       28.412   225.4
0.7170        -5992.972    -6021.357       28.385   225.2
0.7175        -5993.065    -6021.320       28.255   224.2
0.7180        -5993.040    -6021.282       28.242   224.1
0.7185        -5992.973    -6021.245       28.272   224.3
0.7190        -5993.040    -6021.208       28.168   223.5
0.7195        -5993.016    -6021.173       28.157   223.4
0.7200        -5993.038    -6021.139       28.101   223.0
0.7205        -5993.027    -6021.105       28.078   222.8
0.7210        -5993.055    -6021.073       28.018   222.3
0.7215        -5993.008    -6021.043       28.035   222.4
0.7220        -5992.997    -6021.013       28.016   222.3
0.7225        -5992.988    -6020.984       27.997   222.1
0.7230        -5993.106    -6020.958       27.853   221.0
0.7235        -5993.057    -6020.935       27.878   221.2
0.7240        -5993.036    -6020.914       27.878   221.2
0.7245        -5993.013    -6020.898       27.885   221.3
0.7250        -5992.993    -6020.882       27.889   221.3
0.7255        -5993.024    -6020.867       27.844   220.9
0.7260        -5992.913    -6020.854       27.941   221.7
0.7265        -5992.949    -6020.843       27.895   221.3
0.7270        -5992.940    -6020.836       27.897   221.4
0.7275        -5992.986    -6020.831       27.846   220.9
0.7280        -5993.005    -6020.830       27.825   220.8
0.7285        -5992.989    -6020.832       27.843   220.9
0.7290        -5992.933    -6020.836       27.903   221.4
0.7295        -5992.914    -6020.844       27.930   221.6
0.7300        -5992.951    -6020.856       27.904   221.4
0.7305        -5992.986    -6020.870       27.884   221.3
0.7310        -5993.047    -6020.885       27.839   220.9
0.7315        -5993.011    -6020.903       27.892   221.3
0.7320        -5992.946    -6020.925       27.978   222.0
0.7325        -5992.924    -6020.948       28.025   222.4
0.7330        -5992.962    -6020.975       28.013   222.3
0.7335        -5992.927    -6021.003       28.077   222.8
0.7340        -5992.935    -6021.031       28.095   222.9
0.7345        -5992.971    -6021.059       28.088   222.9
0.7350        -5993.018    -6021.086       28.068   222.7
0.7355        -5993.018    -6021.112       28.094   222.9
0.7360        -5992.957    -6021.138       28.181   223.6
0.7365        -5992.914    -6021.163       28.249   224.1
0.7370        -5992.869    -6021.187       28.318   224.7
0.7375        -5992.752    -6021.208       28.455   225.8
0.7380        -5992.676    -6021.225       28.549   226.5
0.7385        -5992.714    -6021.240       28.526   226.3
0.7390        -5992.744    -6021.252       28.508   226.2
0.7395        -5992.802    -6021.259       28.457   225.8
0.7400        -5992.806    -6021.262       28.455   225.8
0.7405        -5992.924    -6021.263       28.338   224.9
0.7410        -5992.907    -6021.262       28.355   225.0
0.7415        -5992.951    -6021.260       28.309   224.6
0.7420        -5992.910    -6021.256       28.347   224.9
0.7425        -5992.846    -6021.251       28.405   225.4
0.7430        -5992.745    -6021.244       28.499   226.1
0.7435        -5992.722    -6021.235       28.513   226.2
0.7440        -5992.624    -6021.225       28.601   226.9
0.7445        -5992.586    -6021.213       28.627   227.1
0.7450        -5992.507    -6021.196       28.690   227.6
0.7455        -5992.555    -6021.177       28.622   227.1
0.7460        -5992.569    -6021.156       28.587   226.8
0.7465        -5992.485    -6021.131       28.646   227.3
0.7470        -5992.471    -6021.106       28.635   227.2
0.7475        -5992.490    -6021.080       28.590   226.9
0.7480        -5992.410    -6021.055       28.645   227.3
0.7485        -5992.437    -6021.029       28.592   226.9
0.7490        -5992.337    -6021.004       28.667   227.5
0.7495        -5992.359    -6020.979       28.621   227.1
0.7500        -5992.342    -6020.956       28.614   227.0
0.7505        -5992.379    -6020.935       28.556   226.6
0.7510        -5992.408    -6020.917       28.509   226.2
0.7515        -5992.375    -6020.901       28.525   226.3
0.7520        -5992.423    -6020.888       28.465   225.9
0.7525        -5992.454    -6020.880       28.425   225.5
0.7530        -5992.488    -6020.873       28.385   225.2
0.7535        -5992.395    -6020.869       28.473   225.9
0.7540        -5992.464    -6020.868       28.405   225.4
0.7545        -5992.391    -6020.870       28.479   226.0
0.7550        -5992.410    -6020.874       28.464   225.9
0.7555        -5992.423    -6020.884       28.460   225.8
0.7560        -5992.387    -6020.896       28.508   226.2
0.7565        -5992.301    -6020.911       28.610   227.0
0.7570        -5992.390    -6020.929       28.539   226.4
0.7575        -5992.361    -6020.951       28.590   226.9
0.7580        -5992.413    -6020.977       28.564   226.6
0.7585        -5992.332    -6021.008       28.676   227.5
0.7590        -5992.322    -6021.040       28.718   227.9
0.7595        -5992.398    -6021.076       28.678   227.6
0.7600        -5992.381    -6021.113       28.732   228.0
0.7605        -5992.298    -6021.150       28.852   228.9
0.7610        -5992.309    -6021.189       28.880   229.2
0.7615        -5992.276    -6021.232       28.956   229.8
0.7620        -5992.293    -6021.278       28.984   230.0
0.7625        -5992.215    -6021.325       29.110   231.0
0.7630        -5992.206    -6021.375       29.170   231.5
0.7635        -5992.208    -6021.430       29.223   231.9
0.7640        -5992.194    -6021.488       29.294   232.4
0.7645        -5992.168    -6021.548       29.380   233.1
0.7650        -5992.210    -6021.610       29.399   233.3
0.7655        -5992.168    -6021.671       29.503   234.1
0.7660        -5992.060    -6021.733       29.673   235.4
0.7665        -5991.981    -6021.793       29.812   236.6
0.7670        -5991.971    -6021.854       29.883   237.1
0.7675        -5991.915    -6021.913       29.998   238.0
0.7680        -5991.963    -6021.971       30.007   238.1
0.7685        -5991.875    -6022.026       30.151   239.2
0.7690        -5991.838    -6022.079       30.242   240.0
0.7695        -5991.847    -6022.132       30.284   240.3
0.7700        -5991.873    -6022.183       30.310   240.5
0.7705        -5991.961    -6022.232       30.270   240.2
0.7710        -5992.017    -6022.277       30.260   240.1
0.7715        -5992.010    -6022.318       30.309   240.5
0.7720        -5992.102    -6022.356       30.254   240.1
0.7725        -5992.123    -6022.391       30.268   240.2
0.7730        -5992.134    -6022.421       30.287   240.3
0.7735        -5992.142    -6022.446       30.304   240.5
0.7740        -5992.115    -6022.466       30.351   240.8
0.7745        -5992.087    -6022.483       30.396   241.2
0.7750        -5992.113    -6022.494       30.381   241.1
0.7755        -5992.035    -6022.501       30.466   241.7
0.7760        -5991.962    -6022.501       30.539   242.3
0.7765        -5992.034    -6022.496       30.463   241.7
0.7770        -5991.988    -6022.484       30.496   242.0
0.7775        -5992.056    -6022.465       30.409   241.3
0.7780        -5992.019    -6022.440       30.421   241.4
0.7785        -5992.050    -6022.407       30.357   240.9
0.7790        -5992.074    -6022.369       30.295   240.4
0.7795        -5992.003    -6022.326       30.323   240.6
0.7800        -5991.947    -6022.278       30.331   240.7
0.7805        -5991.940    -6022.225       30.285   240.3
0.7810        -5991.891    -6022.168       30.277   240.2
0.7815        -5991.863    -6022.106       30.243   240.0
0.7820        -5991.867    -6022.040       30.173   239.4
0.7825        -5991.927    -6021.968       30.041   238.4
0.7830        -5991.942    -6021.892       29.950   237.6
0.7835        -5991.943    -6021.815       29.872   237.0
0.7840        -5991.956    -6021.737       29.781   236.3
0.7845        -5992.049    -6021.659       29.610   234.9
0.7850        -5992.152    -6021.580       29.428   233.5
0.7855        -5992.084    -6021.503       29.419   233.4
0.7860        -5992.064    -6021.428       29.365   233.0
0.7865        -5992.031    -6021.355       29.324   232.7
0.7870        -5992.041    -6021.285       29.244   232.0
0.7875        -5992.058    -6021.215       29.157   231.4
0.7880        -5992.040    -6021.147       29.107   231.0
0.7885        -5992.033    -6021.083       29.050   230.5
0.7890        -5992.028    -6021.022       28.994   230.1
0.7895        -5992.014    -6020.966       28.952   229.7
0.7900        -5992.066    -6020.916       28.850   228.9
0.7905        -5992.084    -6020.871       28.787   228.4
0.7910        -5991.963    -6020.830       28.867   229.1
0.7915        -5991.983    -6020.795       28.812   228.6
0.7920        -5991.991    -6020.767       28.776   228.3
0.7925        -5992.004    -6020.745       28.741   228.1
0.7930        -5991.969    -6020.731       28.762   228.2
0.7935        -5991.894    -6020.725       28.831   228.8
0.7940        -5991.946    -6020.727       28.781   228.4
0.7945        -5991.922    -6020.734       28.812   228.6
0.7950        -5991.842    -6020.746       28.904   229.3
0.7955        -5991.937    -6020.762       28.825   228.7
0.7960        -5991.829    -6020.784       28.955   229.8
0.7965        -5991.779    -6020.811       29.033   230.4
0.7970        -5991.695    -6020.842       29.147   231.3
0.7975        -5991.642    -6020.874       29.233   232.0
0.7980        -5991.612    -6020.909       29.297   232.5
0.7985        -5991.610    -6020.943       29.333   232.7
0.7990        -5991.495    -6020.978       29.483   233.9
0.7995        -5991.474    -6021.017       29.544   234.4
0.8000        -5991.496    -6021.056       29.561   234.6
0.8005        -5991.440    -6021.094       29.654   235.3
0.8010        -5991.513    -6021.133       29.619   235.0
0.8015        -5991.570    -6021.170       29.601   234.9
0.8020        -5991.488    -6021.207       29.719   235.8
0.8025        -5991.460    -6021.243       29.783   236.3
0.8030        -5991.467    -6021.275       29.808   236.5
0.8035        -5991.465    -6021.305       29.840   236.8
0.8040        -5991.487    -6021.334       29.847   236.8
0.8045        -5991.453    -6021.358       29.906   237.3
0.8050        -5991.479    -6021.379       29.900   237.2
0.8055        -5991.390    -6021.398       30.008   238.1
0.8060        -5991.359    -6021.413       30.054   238.5
0.8065        -5991.410    -6021.423       30.013   238.1
0.8070        -5991.460    -6021.427       29.968   237.8
0.8075        -5991.344    -6021.426       30.082   238.7
0.8080        -5991.352    -6021.421       30.069   238.6
0.8085        -5991.303    -6021.414       30.111   238.9
0.8090        -5991.305    -6021.401       30.096   238.8
0.8095        -5991.339    -6021.382       30.043   238.4
0.8100        -5991.258    -6021.359       30.101   238.8
0.8105        -5991.264    -6021.333       30.069   238.6
0.8110        -5991.271    -6021.302       30.031   238.3
0.8115        -5991.225    -6021.266       30.042   238.4
0.8120        -5991.142    -6021.228       30.086   238.7
0.8125        -5991.056    -6021.190       30.133   239.1
0.8130        -5991.166    -6021.150       29.983   237.9
0.8135        -5991.175    -6021.108       29.933   237.5
0.8140        -5991.237    -6021.066       29.829   236.7
0.8145        -5991.249    -6021.023       29.775   236.3
0.8150        -5991.236    -6020.983       29.747   236.0
0.8155        -5991.180    -6020.947       29.766   236.2
0.8160        -5991.187    -6020.911       29.724   235.8
0.8165        -5991.188    -6020.877       29.689   235.6
0.8170        -5991.233    -6020.847       29.614   235.0
0.8175        -5991.247    -6020.821       29.574   234.7
0.8180        -5991.306    -6020.797       29.492   234.0
0.8185        -5991.297    -6020.777       29.480   233.9
0.8190        -5991.268    -6020.760       29.492   234.0
0.8195        -5991.181    -6020.748       29.568   234.6
0.8200        -5991.134    -6020.739       29.605   234.9
0.8205        -5991.071    -6020.730       29.659   235.3
0.8210        -5991.052    -6020.724       29.672   235.4
0.8215        -5991.032    -6020.724       29.692   235.6
0.8220        -5991.037    -6020.729       29.692   235.6
0.8225        -5991.063    -6020.736       29.673   235.4
0.8230        -5990.991    -6020.748       29.756   236.1
0.8235        -5990.877    -6020.763       29.886   237.1
0.8240        -5990.841    -6020.783       29.942   237.6
0.8245        -5990.809    -6020.805       29.997   238.0
0.8250        -5990.789    -6020.831       30.042   238.4
0.8255        -5990.818    -6020.860       30.042   238.4
0.8260        -5990.790    -6020.889       30.099   238.8
0.8265        -5990.735    -6020.921       30.186   239.5
0.8270        -5990.713    -6020.956       30.243   240.0
0.8275        -5990.564    -6020.991       30.427   241.4
0.8280        -5990.547    -6021.027       30.480   241.9
0.8285        -5990.534    -6021.064       30.530   242.2
0.8290        -5990.550    -6021.100       30.551   242.4
0.8295        -5990.580    -6021.136       30.556   242.4
0.8300        -5990.590    -6021.171       30.581   242.6
0.8305        -5990.503    -6021.206       30.703   243.6
0.8310        -5990.541    -6021.239       30.698   243.6
0.8315        -5990.609    -6021.272       30.663   243.3
0.8320        -5990.626    -6021.302       30.676   243.4
0.8325        -5990.596    -6021.329       30.733   243.9
0.8330        -5990.624    -6021.354       30.729   243.8
0.8335        -5990.478    -6021.376       30.899   245.2
0.8340        -5990.461    -6021.395       30.934   245.5
0.8345        -5990.469    -6021.410       30.940   245.5
0.8350        -5990.460    -6021.420       30.959   245.7
0.8355        -5990.433    -6021.425       30.992   245.9
0.8360        -5990.440    -6021.428       30.988   245.9
0.8365        -5990.453    -6021.428       30.975   245.8
0.8370        -5990.461    -6021.426       30.965   245.7
0.8375        -5990.404    -6021.421       31.016   246.1
0.8380        -5990.479    -6021.412       30.934   245.4
0.8385        -5990.509    -6021.403       30.894   245.1
0.8390        -5990.415    -6021.391       30.976   245.8
0.8395        -5990.398    -6021.377       30.978   245.8
0.8400        -5990.390    -6021.360       30.969   245.7
0.8405        -5990.482    -6021.339       30.857   244.8
0.8410        -5990.561    -6021.317       30.755   244.0
0.8415        -5990.731    -6021.293       30.562   242.5
0.8420        -5990.688    -6021.267       30.579   242.6
0.8425        -5990.747    -6021.239       30.492   241.9
0.8430        -5990.828    -6021.211       30.383   241.1
0.8435        -5990.853    -6021.183       30.330   240.7
0.8440        -5990.815    -6021.153       30.338   240.7
0.8445        -5990.853    -6021.127       30.273   240.2
0.8450        -5990.856    -6021.105       30.248   240.0
0.8455        -5990.839    -6021.085       30.246   240.0
0.8460        -5990.862    -6021.066       30.205   239.7
0.8465        -5990.883    -6021.051       30.168   239.4
0.8470        -5990.871    -6021.039       30.168   239.4
0.8475        -5990.810    -6021.030       30.220   239.8
0.8480        -5990.805    -6021.022       30.217   239.8
0.8485        -5990.736    -6021.015       30.280   240.3
0.8490        -5990.695    -6021.007       30.312   240.5
0.8495        -5990.589    -6021.001       30.411   241.3
0.8500        -5990.462    -6020.995       30.533   242.3
0.8505        -5990.510    -6020.990       30.480   241.8
0.8510        -5990.487    -6020.988       30.500   242.0
0.8515        -5990.465    -6020.987       30.522   242.2
0.8520        -5990.406    -6020.990       30.583   242.7
0.8525        -5990.450    -6020.992       30.542   242.3
0.8530        -5990.505    -6020.994       30.489   241.9
0.8535        -5990.486    -6021.000       30.514   242.1
0.8540        -5990.476    -6021.006       30.530   242.2
0.8545        -5990.512    -6021.013       30.501   242.0
0.8550        -5990.508    -6021.019       30.511   242.1
0.8555        -5990.537    -6021.027       30.490   241.9
0.8560        -5990.507    -6021.036       30.529   242.2
0.8565        -5990.524    -6021.046       30.522   242.2
0.8570        -5990.546    -6021.056       30.510   242.1
0.8575        -5990.483    -6021.066       30.583   242.7
0.8580        -5990.464    -6021.077       30.613   242.9
0.8585        -5990.397    -6021.089       30.692   243.5
0.8590        -5990.354    -6021.102       30.748   244.0
0.8595        -5990.303    -6021.116       30.813   244.5
0.8600        -5990.225    -6021.128       30.903   245.2
0.8605        -5990.182    -6021.140       30.959   245.7
0.8610        -5990.248    -6021.152       30.904   245.2
0.8615        -5990.157    -6021.162       31.004   246.0
0.8620        -5990.129    -6021.172       31.043   246.3
0.8625        -5990.172    -6021.180       31.008   246.0
0.8630        -5990.263    -6021.187       30.924   245.4
0.8635        -5990.184    -6021.193       31.008   246.0
0.8640        -5990.132    -6021.196       31.064   246.5
0.8645        -5990.039    -6021.198       31.159   247.2
0.8650        -5989.963    -6021.196       31.233   247.8
0.8655        -5990.026    -6021.192       31.166   247.3
0.8660        -5990.078    -6021.189       31.111   246.9
0.8665        -5990.063    -6021.184       31.121   246.9
0.8670        -5989.983    -6021.178       31.196   247.5
0.8675        -5989.992    -6021.172       31.180   247.4
0.8680        -5990.066    -6021.164       31.097   246.7
0.8685        -5990.165    -6021.149       30.985   245.9
0.8690        -5990.244    -6021.134       30.890   245.1
0.8695        -5990.256    -6021.117       30.861   244.9
0.8700        -5990.224    -6021.101       30.877   245.0
0.8705        -5990.269    -6021.085       30.816   244.5
0.8710        -5990.190    -6021.065       30.876   245.0
0.8715        -5990.160    -6021.044       30.884   245.1
0.8720        -5990.036    -6021.021       30.985   245.9
0.8725        -5989.939    -6020.998       31.059   246.4
0.8730        -5989.895    -6020.977       31.081   246.6
0.8735        -5989.968    -6020.957       30.989   245.9
0.8740        -5989.968    -6020.937       30.969   245.7
0.8745        -5989.873    -6020.918       31.045   246.3
0.8750        -5989.917    -6020.896       30.979   245.8
0.8755        -5989.861    -6020.875       31.015   246.1
0.8760        -5989.876    -6020.855       30.978   245.8
0.8765        -5989.853    -6020.834       30.981   245.8
0.8770        -5989.723    -6020.812       31.089   246.7
0.8775        -5989.764    -6020.791       31.026   246.2
0.8780        -5989.701    -6020.770       31.069   246.5
0.8785        -5989.687    -6020.749       31.063   246.5
0.8790        -5989.657    -6020.729       31.072   246.5
0.8795        -5989.652    -6020.708       31.056   246.4
0.8800        -5989.669    -6020.686       31.018   246.1
0.8805        -5989.618    -6020.664       31.047   246.3
0.8810        -5989.611    -6020.643       31.032   246.2
0.8815        -5989.677    -6020.621       30.944   245.5
0.8820        -5989.678    -6020.600       30.922   245.4
0.8825        -5989.654    -6020.577       30.923   245.4
0.8830        -5989.574    -6020.552       30.978   245.8
0.8835        -5989.570    -6020.527       30.957   245.6
0.8840        -5989.608    -6020.502       30.895   245.1
0.8845        -5989.568    -6020.480       30.911   245.3
0.8850        -5989.601    -6020.458       30.857   244.8
0.8855        -5989.557    -6020.438       30.882   245.0
0.8860        -5989.630    -6020.419       30.789   244.3
0.8865        -5989.588    -6020.398       30.811   244.5
0.8870        -5989.590    -6020.381       30.791   244.3
0.8875        -5989.613    -6020.364       30.751   244.0
0.8880        -5989.575    -6020.345       30.770   244.2
0.8885        -5989.625    -6020.325       30.700   243.6
0.8890        -5989.623    -6020.304       30.681   243.4
0.8895        -5989.530    -6020.283       30.753   244.0
0.8900        -5989.569    -6020.260       30.692   243.5
0.8905        -5989.498    -6020.236       30.738   243.9
0.8910        -5989.517    -6020.211       30.693   243.5
0.8915        -5989.531    -6020.186       30.655   243.2
0.8920        -5989.527    -6020.160       30.633   243.1
0.8925        -5989.599    -6020.132       30.533   242.3
0.8930        -5989.614    -6020.102       30.488   241.9
0.8935        -5989.488    -6020.070       30.582   242.7
0.8940        -5989.549    -6020.039       30.490   241.9
0.8945        -5989.488    -6020.004       30.516   242.1
0.8950        -5989.533    -6019.969       30.436   241.5
0.8955        -5989.542    -6019.931       30.389   241.1
0.8960        -5989.516    -6019.890       30.374   241.0
0.8965        -5989.486    -6019.845       30.359   240.9
0.8970        -5989.511    -6019.800       30.288   240.3
0.8975        -5989.590    -6019.751       30.161   239.3
0.8980        -5989.524    -6019.702       30.178   239.5
0.8985        -5989.573    -6019.651       30.078   238.7
0.8990        -5989.379    -6019.600       30.221   239.8
0.8995        -5989.431    -6019.548       30.118   239.0
0.9000        -5989.419    -6019.495       30.077   238.7
0.9005        -5989.489    -6019.442       29.953   237.7
0.9010        -5989.385    -6019.388       30.003   238.1
0.9015        -5989.393    -6019.333       29.940   237.6
0.9020        -5989.349    -6019.277       29.928   237.5
0.9025        -5989.420    -6019.221       29.801   236.5
0.9030        -5989.390    -6019.167       29.777   236.3
0.9035        -5989.395    -6019.113       29.719   235.8
0.9040        -5989.428    -6019.062       29.635   235.1
0.9045        -5989.294    -6019.014       29.720   235.8
0.9050        -5989.368    -6018.969       29.602   234.9
0.9055        -5989.306    -6018.926       29.620   235.0
0.9060        -5989.249    -6018.886       29.638   235.2
0.9065        -5989.173    -6018.848       29.675   235.5
0.9070        -5989.087    -6018.811       29.724   235.9
0.9075        -5989.084    -6018.776       29.692   235.6
0.9080        -5989.114    -6018.744       29.630   235.1
0.9085        -5989.098    -6018.714       29.616   235.0
0.9090        -5989.013    -6018.688       29.675   235.5
0.9095        -5989.026    -6018.662       29.637   235.2
0.9100        -5989.022    -6018.640       29.617   235.0
0.9105        -5989.108    -6018.619       29.511   234.2
0.9110        -5989.062    -6018.601       29.540   234.4
0.9115        -5989.090    -6018.585       29.495   234.0
0.9120        -5989.103    -6018.570       29.467   233.8
0.9125        -5989.054    -6018.559       29.505   234.1
0.9130        -5988.990    -6018.551       29.561   234.6
0.9135        -5989.073    -6018.548       29.475   233.9
0.9140        -5989.174    -6018.548       29.374   233.1
0.9145        -5989.102    -6018.550       29.448   233.7
0.9150        -5989.172    -6018.553       29.382   233.1
0.9155        -5989.098    -6018.557       29.459   233.7
0.9160        -5989.092    -6018.563       29.471   233.8
0.9165        -5989.099    -6018.569       29.470   233.8
0.9170        -5989.072    -6018.576       29.504   234.1
0.9175        -5989.066    -6018.585       29.520   234.2
0.9180        -5989.147    -6018.598       29.450   233.7
0.9185        -5989.127    -6018.608       29.480   233.9
0.9190        -5989.145    -6018.618       29.472   233.9
0.9195        -5989.187    -6018.629       29.442   233.6
0.9200        -5989.203    -6018.639       29.436   233.6
0.9205        -5989.161    -6018.653       29.492   234.0
0.9210        -5989.212    -6018.667       29.455   233.7
0.9215        -5989.218    -6018.684       29.466   233.8
0.9220        -5989.210    -6018.702       29.493   234.0
0.9225        -5989.117    -6018.721       29.604   234.9
0.9230        -5989.143    -6018.741       29.597   234.8
0.9235        -5989.113    -6018.760       29.647   235.2
0.9240        -5989.126    -6018.778       29.652   235.3
0.9245        -5989.093    -6018.796       29.703   235.7
0.9250        -5989.187    -6018.812       29.625   235.1
0.9255        -5989.234    -6018.828       29.594   234.8
0.9260        -5989.266    -6018.844       29.578   234.7
0.9265        -5989.224    -6018.861       29.636   235.2
0.9270        -5989.310    -6018.877       29.567   234.6
0.9275        -5989.338    -6018.893       29.555   234.5
0.9280        -5989.249    -6018.908       29.658   235.3
0.9285        -5989.352    -6018.921       29.568   234.6
0.9290        -5989.335    -6018.933       29.598   234.9
0.9295        -5989.194    -6018.945       29.751   236.1
0.9300        -5989.214    -6018.954       29.741   236.0
0.9305        -5989.163    -6018.962       29.799   236.4
0.9310        -5989.181    -6018.969       29.789   236.4
0.9315        -5989.202    -6018.978       29.775   236.3
0.9320        -5989.148    -6018.986       29.838   236.8
0.9325        -5989.088    -6018.995       29.907   237.3
0.9330        -5989.087    -6019.005       29.917   237.4
0.9335        -5989.128    -6019.015       29.887   237.1
0.9340        -5989.125    -6019.027       29.901   237.3
0.9345        -5989.135    -6019.038       29.903   237.3
0.9350        -5989.169    -6019.051       29.882   237.1
0.9355        -5989.038    -6019.064       30.026   238.2
0.9360        -5988.987    -6019.079       30.092   238.8
0.9365        -5988.977    -6019.094       30.117   239.0
0.9370        -5988.990    -6019.109       30.120   239.0
0.9375        -5988.925    -6019.127       30.202   239.6
0.9380        -5988.817    -6019.145       30.328   240.6
0.9385        -5988.694    -6019.165       30.470   241.8
0.9390        -5988.706    -6019.186       30.480   241.9
0.9395        -5988.734    -6019.208       30.474   241.8
0.9400        -5988.681    -6019.230       30.550   242.4
0.9405        -5988.634    -6019.252       30.618   242.9
0.9410        -5988.673    -6019.275       30.602   242.8
0.9415        -5988.612    -6019.299       30.686   243.5
0.9420        -5988.655    -6019.323       30.668   243.3
0.9425        -5988.588    -6019.351       30.763   244.1
0.9430        -5988.564    -6019.381       30.817   244.5
0.9435        -5988.559    -6019.411       30.852   244.8
0.9440        -5988.596    -6019.441       30.845   244.7
0.9445        -5988.634    -6019.469       30.835   244.7
0.9450        -5988.604    -6019.499       30.895   245.1
0.9455        -5988.536    -6019.531       30.994   245.9
0.9460        -5988.462    -6019.562       31.100   246.8
0.9465        -5988.401    -6019.593       31.192   247.5
0.9470        -5988.372    -6019.627       31.255   248.0
0.9475        -5988.402    -6019.661       31.259   248.0
0.9480        -5988.462    -6019.696       31.234   247.8
0.9485        -5988.376    -6019.733       31.357   248.8
0.9490        -5988.348    -6019.768       31.420   249.3
0.9495        -5988.384    -6019.803       31.419   249.3
0.9500        -5988.391    -6019.835       31.445   249.5
0.9505        -5988.359    -6019.868       31.510   250.0
0.9510        -5988.353    -6019.902       31.548   250.3
0.9515        -5988.452    -6019.935       31.482   249.8
0.9520        -5988.472    -6019.968       31.496   249.9
0.9525        -5988.258    -6019.999       31.741   251.9
0.9530        -5988.200    -6020.028       31.828   252.5
0.9535        -5988.214    -6020.054       31.840   252.6
0.9540        -5988.186    -6020.075       31.890   253.0
0.9545        -5988.115    -6020.093       31.977   253.7
0.9550        -5988.088    -6020.104       32.016   254.0
0.9555        -5988.015    -6020.111       32.096   254.7
0.9560        -5988.014    -6020.114       32.100   254.7
0.9565        -5988.064    -6020.110       32.046   254.3
0.9570        -5987.947    -6020.101       32.154   255.1
0.9575        -5987.971    -6020.087       32.116   254.8
0.9580        -5988.026    -6020.071       32.045   254.3
0.9585        -5987.981    -6020.052       32.070   254.5
0.9590        -5987.988    -6020.028       32.039   254.2
0.9595        -5987.973    -6020.000       32.027   254.1
0.9600        -5988.022    -6019.970       31.947   253.5
0.9605        -5988.088    -6019.935       31.847   252.7
0.9610        -5988.068    -6019.900       31.832   252.6
0.9615        -5987.981    -6019.861       31.880   253.0
0.9620        -5988.017    -6019.819       31.801   252.3
0.9625        -5988.040    -6019.775       31.735   251.8
0.9630        -5988.009    -6019.731       31.723   251.7
0.9635        -5988.044    -6019.688       31.645   251.1
0.9640        -5988.038    -6019.647       31.609   250.8
0.9645        -5988.035    -6019.605       31.570   250.5
0.9650        -5988.026    -6019.563       31.538   250.2
0.9655        -5988.072    -6019.522       31.450   249.5
0.9660        -5988.047    -6019.479       31.432   249.4
0.9665        -5988.018    -6019.435       31.417   249.3
0.9670        -5988.056    -6019.394       31.337   248.7
0.9675        -5988.118    -6019.351       31.233   247.8
0.9680        -5988.216    -6019.310       31.094   246.7
0.9685        -5988.119    -6019.271       31.152   247.2
0.9690        -5988.135    -6019.234       31.099   246.8
0.9695        -5988.126    -6019.197       31.071   246.5
0.9700        -5988.137    -6019.161       31.024   246.2
0.9705        -5988.052    -6019.130       31.079   246.6
0.9710        -5988.036    -6019.103       31.067   246.5
0.9715        -5988.018    -6019.081       31.062   246.5
0.9720        -5987.984    -6019.062       31.078   246.6
0.9725        -5988.062    -6019.045       30.983   245.8
0.9730        -5988.075    -6019.028       30.953   245.6
0.9735        -5988.071    -6019.012       30.941   245.5
0.9740        -5988.013    -6018.996       30.983   245.8
0.9745        -5988.016    -6018.982       30.966   245.7
0.9750        -5987.975    -6018.971       30.996   245.9
0.9755        -5988.128    -6018.962       30.834   244.7
0.9760        -5988.193    -6018.954       30.761   244.1
0.9765        -5988.308    -6018.947       30.639   243.1
0.9770        -5988.250    -6018.943       30.693   243.5
0.9775        -5988.211    -6018.941       30.731   243.8
0.9780        -5988.287    -6018.944       30.657   243.3
0.9785        -5988.281    -6018.948       30.666   243.3
0.9790        -5988.240    -6018.952       30.713   243.7
0.9795        -5988.286    -6018.960       30.674   243.4
0.9800        -5988.301    -6018.968       30.668   243.3
0.9805        -5988.355    -6018.978       30.623   243.0
0.9810        -5988.412    -6018.989       30.577   242.6
0.9815        -5988.505    -6019.002       30.497   242.0
0.9820        -5988.489    -6019.014       30.525   242.2
0.9825        -5988.403    -6019.026       30.624   243.0
0.9830        -5988.385    -6019.040       30.655   243.2
0.9835        -5988.362    -6019.055       30.694   243.5
0.9840        -5988.286    -6019.070       30.785   244.3
0.9845        -5988.307    -6019.085       30.778   244.2
0.9850        -5988.210    -6019.100       30.890   245.1
0.9855        -5988.119    -6019.112       30.993   245.9
0.9860        -5988.186    -6019.123       30.938   245.5
0.9865        -5988.101    -6019.135       31.034   246.2
0.9870        -5988.068    -6019.146       31.078   246.6
0.9875        -5988.039    -6019.157       31.118   246.9
0.9880        -5987.974    -6019.168       31.195   247.5
0.9885        -5987.940    -6019.179       31.239   247.9
0.9890        -5988.006    -6019.187       31.181   247.4
0.9895        -5988.062    -6019.192       31.130   247.0
0.9900        -5988.046    -6019.196       31.150   247.2
0.9905        -5987.941    -6019.199       31.258   248.0
0.9910        -5987.878    -6019.200       31.322   248.5
0.9915        -5987.912    -6019.200       31.288   248.3
0.9920        -5987.826    -6019.198       31.372   248.9
0.9925        -5987.794    -6019.198       31.404   249.2
0.9930        -5987.746    -6019.197       31.451   249.6
0.9935        -5987.683    -6019.195       31.512   250.0
0.9940        -5987.707    -6019.191       31.484   249.8
0.9945        -5987.659    -6019.186       31.527   250.2
0.9950        -5987.595    -6019.181       31.586   250.6
0.9955        -5987.584    -6019.174       31.590   250.7
0.9960        -5987.562    -6019.167       31.604   250.8
0.9965        -5987.531    -6019.159       31.629   251.0
0.9970        -5987.507    -6019.154       31.646   251.1
0.9975        -5987.478    -6019.149       31.671   251.3
0.9980        -5987.481    -6019.146       31.665   251.3
0.9985        -5987.436    -6019.146       31.710   251.6
0.9990        -5987.382    -6019.148       31.766   252.1
0.9995        -5987.423    -6019.150       31.728   251.8
1.0000        -5987.243    -6019.152       31.909   253.2
1.0005        -5987.136    -6019.154       32.017   254.0
1.0010        -5987.112    -6019.154       32.043   254.2
1.0015        -5987.164    -6019.155       31.991   253.8
1.0020        -5987.192    -6019.155       31.964   253.6
1.0025        -5987.155    -6019.154       31.999   253.9
1.0030        -5987.153    -6019.153       32.000   253.9
1.0035        -5987.054    -6019.152       32.097   254.7
1.0040        -5987.013    -6019.147       32.134   255.0
1.0045        -5987.074    -6019.140       32.066   254.4
1.0050        -5987.035    -6019.130       32.095   254.7
1.0055        -5987.010    -6019.117       32.107   254.8
1.0060        -5986.940    -6019.102       32.162   255.2
1.0065        -5986.870    -6019.083       32.213   255.6
1.0070        -5986.827    -6019.061       32.234   255.8
1.0075        -5986.783    -6019.036       32.254   255.9
1.0080        -5986.784    -6019.011       32.227   255.7
1.0085        -5986.733    -6018.984       32.251   255.9
1.0090        -5986.710    -6018.958       32.248   255.9
1.0095        -5986.738    -6018.931       32.193   255.4
1.0100        -5986.813    -6018.900       32.087   254.6
1.0105        -5986.785    -6018.870       32.086   254.6
1.0110        -5986.809    -6018.842       32.033   254.2
1.0115        -5986.747    -6018.812       32.066   254.4
1.0120        -5986.698    -6018.780       32.082   254.6
1.0125        -5986.803    -6018.746       31.942   253.5
1.0130        -5986.775    -6018.711       31.936   253.4
1.0135        -5986.781    -6018.675       31.894   253.1
1.0140        -5986.735    -6018.637       31.901   253.1
1.0145        -5986.668    -6018.595       31.927   253.3
1.0150        -5986.719    -6018.552       31.834   252.6
1.0155        -5986.761    -6018.509       31.748   251.9
1.0160        -5986.691    -6018.465       31.774   252.1
1.0165        -5986.680    -6018.421       31.741   251.9
1.0170        -5986.695    -6018.379       31.684   251.4
1.0175        -5986.666    -6018.338       31.672   251.3
1.0180        -5986.528    -6018.296       31.768   252.1
1.0185        -5986.524    -6018.257       31.733   251.8
1.0190        -5986.522    -6018.220       31.698   251.5
1.0195        -5986.514    -6018.183       31.669   251.3
1.0200        -5986.578    -6018.147       31.568   250.5
1.0205        -5986.588    -6018.110       31.523   250.1
1.0210        -5986.617    -6018.077       31.460   249.6
1.0215        -5986.624    -6018.046       31.422   249.3
1.0220        -5986.643    -6018.017       31.374   248.9
1.0225        -5986.709    -6017.991       31.282   248.2
1.0230        -5986.669    -6017.968       31.298   248.3
1.0235        -5986.826    -6017.945       31.119   246.9
1.0240        -5986.863    -6017.925       31.062   246.5
1.0245        -5986.727    -6017.908       31.181   247.4
1.0250        -5986.741    -6017.893       31.152   247.2
1.0255        -5986.793    -6017.884       31.091   246.7
1.0260        -5986.769    -6017.879       31.109   246.8
1.0265        -5986.762    -6017.877       31.115   246.9
1.0270        -5986.807    -6017.880       31.073   246.6
1.0275        -5986.780    -6017.886       31.106   246.8
1.0280        -5986.711    -6017.897       31.187   247.5
1.0285        -5986.654    -6017.912       31.258   248.0
1.0290        -5986.627    -6017.931       31.304   248.4
1.0295        -5986.560    -6017.955       31.395   249.1
1.0300        -5986.611    -6017.983       31.372   248.9
1.0305        -5986.614    -6018.016       31.402   249.2
1.0310        -5986.567    -6018.052       31.486   249.8
1.0315        -5986.467    -6018.093       31.626   250.9
1.0320        -5986.432    -6018.137       31.705   251.6
1.0325        -5986.399    -6018.183       31.783   252.2
1.0330        -5986.438    -6018.231       31.794   252.3
1.0335        -5986.361    -6018.283       31.922   253.3
1.0340        -5986.399    -6018.337       31.938   253.4
1.0345        -5986.379    -6018.391       32.013   254.0
1.0350        -5986.475    -6018.448       31.972   253.7
1.0355        -5986.555    -6018.505       31.950   253.5
1.0360        -5986.516    -6018.560       32.045   254.3
1.0365        -5986.524    -6018.616       32.093   254.6
1.0370        -5986.451    -6018.670       32.219   255.6
1.0375        -5986.388    -6018.722       32.333   256.6
1.0380        -5986.448    -6018.773       32.325   256.5
1.0385        -5986.364    -6018.823       32.459   257.5
1.0390        -5986.323    -6018.870       32.547   258.2
1.0395        -5986.317    -6018.915       32.598   258.7
1.0400        -5986.297    -6018.957       32.660   259.1
1.0405        -5986.276    -6018.998       32.722   259.6
1.0410        -5986.267    -6019.035       32.769   260.0
1.0415        -5986.366    -6019.068       32.702   259.5
1.0420        -5986.345    -6019.099       32.753   259.9
1.0425        -5986.330    -6019.126       32.796   260.2
1.0430        -5986.376    -6019.150       32.774   260.0
1.0435        -5986.377    -6019.169       32.792   260.2
1.0440        -5986.370    -6019.184       32.814   260.4
1.0445        -5986.417    -6019.196       32.779   260.1
1.0450        -5986.366    -6019.204       32.838   260.6
1.0455        -5986.260    -6019.208       32.947   261.4
1.0460        -5986.256    -6019.205       32.949   261.4
1.0465        -5986.200    -6019.200       33.000   261.8
1.0470        -5986.115    -6019.192       33.077   262.5
1.0475        -5986.139    -6019.180       33.041   262.2
1.0480        -5986.130    -6019.165       33.036   262.1
1.0485        -5986.103    -6019.149       33.046   262.2
1.0490        -5985.954    -6019.130       33.176   263.2
1.0495        -5985.966    -6019.109       33.143   263.0
1.0500        -5985.969    -6019.086       33.116   262.8
1.0505        -5986.021    -6019.062       33.041   262.2
1.0510        -5986.052    -6019.037       32.985   261.7
1.0515        -5986.073    -6019.011       32.938   261.4
1.0520        -5986.056    -6018.983       32.928   261.3
1.0525        -5986.169    -6018.954       32.785   260.1
1.0530        -5986.105    -6018.922       32.817   260.4
1.0535        -5986.069    -6018.891       32.822   260.4
1.0540        -5986.155    -6018.858       32.703   259.5
1.0545        -5986.229    -6018.822       32.593   258.6
1.0550        -5986.234    -6018.786       32.553   258.3
1.0555        -5986.195    -6018.749       32.553   258.3
1.0560        -5986.124    -6018.711       32.586   258.6
1.0565        -5986.155    -6018.673       32.518   258.0
1.0570        -5986.032    -6018.635       32.603   258.7
1.0575        -5986.014    -6018.596       32.582   258.5
1.0580        -5985.872    -6018.555       32.683   259.3
1.0585        -5985.879    -6018.512       32.633   258.9
1.0590        -5985.873    -6018.468       32.595   258.6
1.0595        -5985.863    -6018.424       32.561   258.4
1.0600        -5985.924    -6018.382       32.458   257.5
1.0605        -5985.847    -6018.338       32.491   257.8
1.0610        -5985.834    -6018.294       32.459   257.6
1.0615        -5985.862    -6018.249       32.387   257.0
1.0620        -5985.776    -6018.202       32.426   257.3
1.0625        -5985.734    -6018.156       32.422   257.3
1.0630        -5985.770    -6018.111       32.342   256.6
1.0635        -5985.676    -6018.068       32.392   257.0
1.0640        -5985.657    -6018.027       32.370   256.8
1.0645        -5985.587    -6017.987       32.400   257.1
1.0650        -5985.641    -6017.947       32.306   256.3
1.0655        -5985.688    -6017.909       32.221   255.7
1.0660        -5985.693    -6017.874       32.181   255.3
1.0665        -5985.776    -6017.842       32.066   254.4
1.0670        -5985.677    -6017.815       32.138   255.0
1.0675        -5985.636    -6017.792       32.156   255.1
1.0680        -5985.668    -6017.767       32.099   254.7
1.0685        -5985.724    -6017.743       32.019   254.1
1.0690        -5985.736    -6017.720       31.984   253.8
1.0695        -5985.754    -6017.702       31.947   253.5
1.0700        -5985.683    -6017.686       32.003   253.9
1.0705        -5985.698    -6017.675       31.976   253.7
1.0710        -5985.664    -6017.667       32.003   253.9
1.0715        -5985.606    -6017.662       32.056   254.4
1.0720        -5985.607    -6017.661       32.054   254.3
1.0725        -5985.640    -6017.663       32.024   254.1
1.0730        -5985.678    -6017.669       31.991   253.8
1.0735        -5985.578    -6017.676       32.099   254.7
1.0740        -5985.528    -6017.685       32.156   255.2
1.0745        -5985.575    -6017.694       32.120   254.9
1.0750        -5985.648    -6017.705       32.057   254.4
1.0755        -5985.652    -6017.717       32.065   254.4
1.0760        -5985.673    -6017.727       32.055   254.3
1.0765        -5985.671    -6017.738       32.067   254.4
1.0770        -5985.641    -6017.751       32.109   254.8
1.0775        -5985.669    -6017.763       32.094   254.7
1.0780        -5985.656    -6017.773       32.117   254.8
1.0785        -5985.677    -6017.781       32.104   254.7
1.0790        -5985.729    -6017.788       32.059   254.4
1.0795        -5985.816    -6017.795       31.979   253.7
1.0800        -5985.821    -6017.804       31.982   253.8
1.0805        -5985.791    -6017.812       32.022   254.1
1.0810        -5985.790    -6017.821       32.031   254.2
1.0815        -5985.749    -6017.829       32.080   254.5
1.0820        -5985.587    -6017.837       32.250   255.9
1.0825        -5985.611    -6017.845       32.234   255.8
1.0830        -5985.693    -6017.853       32.160   255.2
1.0835        -5985.675    -6017.862       32.188   255.4
1.0840        -5985.654    -6017.870       32.216   255.6
1.0845        -5985.615    -6017.876       32.260   256.0
1.0850        -5985.610    -6017.882       32.272   256.1
1.0855        -5985.648    -6017.888       32.240   255.8
1.0860        -5985.727    -6017.892       32.165   255.2
1.0865        -5985.667    -6017.897       32.230   255.7
1.0870        -5985.539    -6017.902       32.362   256.8
1.0875        -5985.537    -6017.905       32.368   256.8
1.0880        -5985.417    -6017.911       32.493   257.8
1.0885        -5985.371    -6017.917       32.546   258.2
1.0890        -5985.252    -6017.924       32.672   259.2
1.0895        -5985.242    -6017.933       32.691   259.4
1.0900        -5985.087    -6017.942       32.855   260.7
1.0905        -5985.127    -6017.951       32.825   260.5
1.0910        -5985.100    -6017.960       32.859   260.7
1.0915        -5985.013    -6017.968       32.956   261.5
1.0920        -5984.999    -6017.979       32.980   261.7
1.0925        -5985.000    -6017.992       32.991   261.8
1.0930        -5984.884    -6018.007       33.123   262.8
1.0935        -5984.862    -6018.028       33.166   263.2
1.0940        -5984.851    -6018.047       33.197   263.4
1.0945        -5984.874    -6018.067       33.193   263.4
1.0950        -5984.855    -6018.087       33.232   263.7
1.0955        -5984.847    -6018.107       33.260   263.9
1.0960        -5984.798    -6018.126       33.328   264.4
1.0965        -5984.714    -6018.144       33.430   265.3
1.0970        -5984.600    -6018.162       33.562   266.3
1.0975        -5984.621    -6018.181       33.560   266.3
1.0980        -5984.476    -6018.200       33.724   267.6
1.0985        -5984.325    -6018.220       33.895   268.9
1.0990        -5984.313    -6018.240       33.928   269.2
1.0995        -5984.339    -6018.258       33.920   269.1
1.1000        -5984.356    -6018.275       33.919   269.1
1.1005        -5984.398    -6018.292       33.893   268.9
1.1010        -5984.380    -6018.308       33.928   269.2
1.1015        -5984.265    -6018.323       34.059   270.2
1.1020        -5984.284    -6018.339       34.055   270.2
1.1025        -5984.223    -6018.354       34.131   270.8
1.1030        -5984.228    -6018.368       34.140   270.9
1.1035        -5984.167    -6018.380       34.212   271.5
1.1040        -5984.151    -6018.391       34.240   271.7
1.1045        -5984.159    -6018.401       34.242   271.7
1.1050        -5984.272    -6018.413       34.141   270.9
1.1055        -5984.336    -6018.426       34.091   270.5
1.1060        -5984.358    -6018.437       34.079   270.4
1.1065        -5984.324    -6018.448       34.124   270.8
1.1070        -5984.266    -6018.455       34.189   271.3
1.1075        -5984.269    -6018.461       34.191   271.3
1.1080        -5984.283    -6018.467       34.183   271.2
1.1085        -5984.282    -6018.473       34.191   271.3
1.1090        -5984.300    -6018.478       34.178   271.2
1.1095        -5984.203    -6018.482       34.279   272.0
1.1100        -5984.271    -6018.487       34.216   271.5
1.1105        -5984.271    -6018.490       34.219   271.5
1.1110        -5984.315    -6018.489       34.174   271.2
1.1115        -5984.280    -6018.488       34.209   271.4
1.1120        -5984.299    -6018.485       34.186   271.3
1.1125        -5984.312    -6018.482       34.170   271.1
1.1130        -5984.294    -6018.480       34.185   271.3
1.1135        -5984.330    -6018.475       34.145   270.9
1.1140        -5984.402    -6018.469       34.067   270.3
1.1145        -5984.342    -6018.462       34.120   270.7
1.1150        -5984.474    -6018.454       33.980   269.6
1.1155        -5984.388    -6018.445       34.057   270.2
1.1160        -5984.326    -6018.434       34.108   270.6
1.1165        -5984.392    -6018.421       34.029   270.0
1.1170        -5984.271    -6018.405       34.134   270.8
1.1175        -5984.263    -6018.387       34.124   270.8
1.1180        -5984.260    -6018.366       34.106   270.6
1.1185        -5984.252    -6018.347       34.095   270.5
1.1190        -5984.097    -6018.326       34.229   271.6
1.1195        -5984.117    -6018.305       34.188   271.3
1.1200        -5984.198    -6018.282       34.084   270.4
1.1205        -5984.125    -6018.258       34.133   270.8
1.1210        -5983.989    -6018.236       34.247   271.7
1.1215        -5983.988    -6018.214       34.226   271.6
1.1220        -5983.895    -6018.194       34.298   272.1
1.1225        -5983.919    -6018.172       34.253   271.8
1.1230        -5983.847    -6018.150       34.303   272.2
1.1235        -5983.803    -6018.125       34.323   272.3
1.1240        -5983.783    -6018.100       34.317   272.3
1.1245        -5983.861    -6018.074       34.214   271.5
1.1250        -5983.905    -6018.047       34.142   270.9
1.1255        -5983.946    -6018.020       34.075   270.4
1.1260        -5983.862    -6017.996       34.134   270.8
1.1265        -5983.868    -6017.973       34.104   270.6
1.1270        -5983.848    -6017.948       34.101   270.6
1.1275        -5983.810    -6017.926       34.116   270.7
1.1280        -5983.857    -6017.909       34.052   270.2
1.1285        -5983.802    -6017.894       34.093   270.5
1.1290        -5983.925    -6017.881       33.956   269.4
1.1295        -5983.897    -6017.869       33.972   269.6
1.1300        -5983.925    -6017.858       33.933   269.2
1.1305        -5983.829    -6017.847       34.019   269.9
1.1310        -5983.846    -6017.835       33.989   269.7
1.1315        -5983.868    -6017.823       33.955   269.4
1.1320        -5983.869    -6017.809       33.940   269.3
1.1325        -5983.838    -6017.793       33.955   269.4
1.1330        -5983.806    -6017.777       33.970   269.5
1.1335        -5983.900    -6017.761       33.861   268.7
1.1340        -5983.922    -6017.746       33.825   268.4
1.1345        -5983.882    -6017.735       33.854   268.6
1.1350        -5983.852    -6017.725       33.873   268.8
1.1355        -5983.848    -6017.716       33.868   268.7
1.1360        -5983.991    -6017.708       33.717   267.5
1.1365        -5984.010    -6017.700       33.690   267.3
1.1370        -5983.946    -6017.693       33.747   267.8
1.1375        -5983.825    -6017.683       33.857   268.6
1.1380        -5983.852    -6017.673       33.821   268.4
1.1385        -5983.770    -6017.665       33.895   268.9
1.1390        -5983.784    -6017.656       33.872   268.8
1.1395        -5983.660    -6017.649       33.989   269.7
1.1400        -5983.654    -6017.642       33.988   269.7
1.1405        -5983.679    -6017.635       33.956   269.4
1.1410        -5983.781    -6017.629       33.848   268.6
1.1415        -5983.783    -6017.620       33.837   268.5
1.1420        -5983.706    -6017.610       33.904   269.0
1.1425        -5983.766    -6017.599       33.833   268.5
1.1430        -5983.826    -6017.585       33.759   267.9
1.1435        -5983.796    -6017.570       33.774   268.0
1.1440        -5983.850    -6017.555       33.705   267.4
1.1445        -5983.844    -6017.539       33.695   267.4
1.1450        -5983.706    -6017.525       33.819   268.3
1.1455        -5983.738    -6017.510       33.772   268.0
1.1460        -5983.685    -6017.494       33.809   268.3
1.1465        -5983.693    -6017.477       33.784   268.1
1.1470        -5983.686    -6017.458       33.771   268.0
1.1475        -5983.589    -6017.437       33.848   268.6
1.1480        -5983.560    -6017.413       33.854   268.6
1.1485        -5983.530    -6017.389       33.859   268.7
1.1490        -5983.523    -6017.364       33.842   268.5
1.1495        -5983.523    -6017.338       33.814   268.3
1.1500        -5983.497    -6017.311       33.814   268.3
1.1505        -5983.483    -6017.284       33.800   268.2
1.1510        -5983.534    -6017.256       33.723   267.6
1.1515        -5983.579    -6017.229       33.650   267.0
1.1520        -5983.592    -6017.203       33.611   266.7
1.1525        -5983.661    -6017.181       33.520   266.0
1.1530        -5983.599    -6017.159       33.560   266.3
1.1535        -5983.544    -6017.134       33.590   266.5
1.1540        -5983.512    -6017.109       33.596   266.6
1.1545        -5983.495    -6017.084       33.588   266.5
1.1550        -5983.507    -6017.057       33.549   266.2
1.1555        -5983.475    -6017.030       33.555   266.2
1.1560        -5983.412    -6017.004       33.592   266.5
1.1565        -5983.337    -6016.976       33.638   266.9
1.1570        -5983.303    -6016.945       33.642   266.9
1.1575        -5983.158    -6016.912       33.754   267.8
1.1580        -5983.151    -6016.875       33.724   267.6
1.1585        -5983.081    -6016.839       33.758   267.9
1.1590        -5983.037    -6016.801       33.764   267.9
1.1595        -5983.015    -6016.764       33.749   267.8
1.1600        -5983.007    -6016.729       33.722   267.6
1.1605        -5983.016    -6016.692       33.676   267.2
1.1610        -5983.014    -6016.654       33.640   266.9
1.1615        -5982.966    -6016.614       33.648   267.0
1.1620        -5982.874    -6016.574       33.700   267.4
1.1625        -5982.863    -6016.534       33.671   267.2
1.1630        -5982.823    -6016.492       33.669   267.2
1.1635        -5982.829    -6016.450       33.621   266.8
1.1640        -5982.807    -6016.407       33.600   266.6
1.1645        -5982.743    -6016.362       33.619   266.8
1.1650        -5982.731    -6016.318       33.587   266.5
1.1655        -5982.671    -6016.276       33.605   266.6
1.1660        -5982.581    -6016.235       33.654   267.0
1.1665        -5982.527    -6016.193       33.665   267.1
1.1670        -5982.509    -6016.150       33.641   266.9
1.1675        -5982.504    -6016.106       33.602   266.6
1.1680        -5982.552    -6016.065       33.513   265.9
1.1685        -5982.503    -6016.026       33.522   266.0
1.1690        -5982.583    -6015.990       33.407   265.1
1.1695        -5982.471    -6015.957       33.486   265.7
1.1700        -5982.415    -6015.925       33.510   265.9
1.1705        -5982.457    -6015.894       33.437   265.3
1.1710        -5982.501    -6015.864       33.363   264.7
1.1715        -5982.398    -6015.837       33.439   265.3
1.1720        -5982.387    -6015.811       33.424   265.2
1.1725        -5982.352    -6015.785       33.433   265.3
1.1730        -5982.316    -6015.762       33.446   265.4
1.1735        -5982.225    -6015.742       33.517   266.0
1.1740        -5982.205    -6015.726       33.521   266.0
1.1745        -5982.199    -6015.714       33.515   265.9
1.1750        -5982.205    -6015.707       33.502   265.8
1.1755        -5982.221    -6015.700       33.479   265.6
1.1760        -5982.116    -6015.695       33.580   266.4
1.1765        -5982.203    -6015.693       33.489   265.7
1.1770        -5982.193    -6015.691       33.498   265.8
1.1775        -5982.246    -6015.689       33.443   265.4
1.1780        -5982.150    -6015.690       33.539   266.1
1.1785        -5982.184    -6015.691       33.507   265.9
1.1790        -5982.046    -6015.692       33.645   267.0
1.1795        -5982.042    -6015.692       33.651   267.0
1.1800        -5982.085    -6015.692       33.607   266.7
1.1805        -5982.173    -6015.693       33.520   266.0
1.1810        -5982.127    -6015.698       33.571   266.4
1.1815        -5982.184    -6015.704       33.520   266.0
1.1820        -5982.185    -6015.711       33.526   266.0
1.1825        -5982.293    -6015.719       33.425   265.2
1.1830        -5982.280    -6015.726       33.446   265.4
1.1835        -5982.335    -6015.735       33.400   265.0
1.1840        -5982.350    -6015.746       33.396   265.0
1.1845        -5982.248    -6015.760       33.511   265.9
1.1850        -5982.259    -6015.777       33.517   266.0
1.1855        -5982.279    -6015.797       33.518   266.0
1.1860        -5982.312    -6015.820       33.507   265.9
1.1865        -5982.355    -6015.843       33.488   265.7
1.1870        -5982.372    -6015.867       33.495   265.8
1.1875        -5982.307    -6015.892       33.585   266.5
1.1880        -5982.347    -6015.916       33.569   266.4
1.1885        -5982.368    -6015.940       33.573   266.4
1.1890        -5982.276    -6015.963       33.687   267.3
1.1895        -5982.234    -6015.986       33.751   267.8
1.1900        -5982.243    -6016.009       33.766   267.9
1.1905        -5982.169    -6016.033       33.864   268.7
1.1910        -5982.067    -6016.056       33.989   269.7
1.1915        -5982.053    -6016.077       34.024   270.0
1.1920        -5982.038    -6016.099       34.061   270.3
1.1925        -5981.988    -6016.119       34.131   270.8
1.1930        -5981.982    -6016.134       34.152   271.0
1.1935        -5981.989    -6016.146       34.157   271.0
1.1940        -5982.060    -6016.154       34.094   270.5
1.1945        -5982.001    -6016.161       34.160   271.0
1.1950        -5982.064    -6016.166       34.102   270.6
1.1955        -5981.914    -6016.168       34.254   271.8
1.1960        -5981.953    -6016.169       34.215   271.5
1.1965        -5981.978    -6016.167       34.188   271.3
1.1970        -5981.912    -6016.160       34.249   271.8
1.1975        -5981.918    -6016.150       34.232   271.6
1.1980        -5981.992    -6016.135       34.143   270.9
1.1985        -5981.955    -6016.118       34.162   271.1
1.1990        -5981.947    -6016.097       34.149   271.0
1.1995        -5981.949    -6016.073       34.125   270.8
1.2000        -5981.899    -6016.047       34.148   271.0
1.2005        -5981.793    -6016.017       34.224   271.6
1.2010        -5981.673    -6015.985       34.312   272.3
1.2015        -5981.693    -6015.952       34.259   271.8
1.2020        -5981.546    -6015.916       34.369   272.7
1.2025        -5981.586    -6015.877       34.290   272.1
1.2030        -5981.486    -6015.835       34.349   272.5
1.2035        -5981.498    -6015.791       34.293   272.1
1.2040        -5981.548    -6015.748       34.200   271.4
1.2045        -5981.592    -6015.705       34.112   270.7
1.2050        -5981.546    -6015.660       34.114   270.7
1.2055        -5981.514    -6015.613       34.099   270.6
1.2060        -5981.477    -6015.564       34.087   270.5
1.2065        -5981.558    -6015.514       33.956   269.4
1.2070        -5981.571    -6015.466       33.895   268.9
1.2075        -5981.510    -6015.422       33.913   269.1
1.2080        -5981.389    -6015.379       33.990   269.7
1.2085        -5981.434    -6015.339       33.906   269.0
1.2090        -5981.462    -6015.303       33.842   268.5
1.2095        -5981.457    -6015.269       33.812   268.3
1.2100        -5981.500    -6015.238       33.738   267.7
1.2105        -5981.586    -6015.214       33.627   266.8
1.2110        -5981.487    -6015.192       33.705   267.4
1.2115        -5981.478    -6015.175       33.697   267.4
1.2120        -5981.524    -6015.160       33.637   266.9
1.2125        -5981.546    -6015.150       33.604   266.6
1.2130        -5981.632    -6015.145       33.513   265.9
1.2135        -5981.488    -6015.148       33.660   267.1
1.2140        -5981.426    -6015.153       33.726   267.6
1.2145        -5981.324    -6015.162       33.838   268.5
1.2150        -5981.227    -6015.175       33.948   269.4
1.2155        -5981.203    -6015.192       33.989   269.7
1.2160        -5981.122    -6015.211       34.090   270.5
1.2165        -5981.162    -6015.231       34.070   270.3
1.2170        -5981.243    -6015.253       34.010   269.9
1.2175        -5981.195    -6015.276       34.081   270.4
1.2180        -5981.258    -6015.298       34.039   270.1
1.2185        -5981.281    -6015.321       34.040   270.1
1.2190        -5981.238    -6015.345       34.107   270.6
1.2195        -5981.153    -6015.369       34.216   271.5
1.2200        -5981.131    -6015.393       34.262   271.9
1.2205        -5980.980    -6015.417       34.437   273.2
1.2210        -5980.935    -6015.442       34.507   273.8
1.2215        -5980.947    -6015.467       34.520   273.9
1.2220        -5980.891    -6015.492       34.601   274.6
1.2225        -5980.920    -6015.517       34.597   274.5
1.2230        -5980.859    -6015.537       34.679   275.2
1.2235        -5980.813    -6015.554       34.741   275.7
1.2240        -5980.823    -6015.567       34.744   275.7
1.2245        -5980.757    -6015.576       34.819   276.3
1.2250        -5980.749    -6015.582       34.833   276.4
1.2255        -5980.797    -6015.585       34.789   276.0
1.2260        -5980.797    -6015.585       34.788   276.0
1.2265        -5980.837    -6015.582       34.745   275.7
1.2270        -5980.770    -6015.576       34.806   276.2
1.2275        -5980.719    -6015.566       34.847   276.5
1.2280        -5980.643    -6015.554       34.911   277.0
1.2285        -5980.630    -6015.540       34.911   277.0
1.2290        -5980.645    -6015.524       34.879   276.8
1.2295        -5980.707    -6015.507       34.799   276.1
1.2300        -5980.705    -6015.489       34.784   276.0
1.2305        -5980.685    -6015.470       34.785   276.0
1.2310        -5980.667    -6015.451       34.784   276.0
1.2315        -5980.680    -6015.429       34.749   275.7
1.2320        -5980.718    -6015.407       34.690   275.3
1.2325        -5980.758    -6015.387       34.629   274.8
1.2330        -5980.653    -6015.369       34.717   275.5
1.2335        -5980.710    -6015.352       34.642   274.9
1.2340        -5980.721    -6015.337       34.616   274.7
1.2345        -5980.714    -6015.326       34.611   274.6
1.2350        -5980.767    -6015.316       34.549   274.1
1.2355        -5980.749    -6015.311       34.562   274.2
1.2360        -5980.779    -6015.312       34.534   274.0
1.2365        -5980.737    -6015.319       34.582   274.4
1.2370        -5980.684    -6015.332       34.648   274.9
1.2375        -5980.674    -6015.349       34.676   275.1
1.2380        -5980.672    -6015.371       34.699   275.3
1.2385        -5980.607    -6015.397       34.789   276.0
1.2390        -5980.539    -6015.427       34.888   276.8
1.2395        -5980.551    -6015.461       34.910   277.0
1.2400        -5980.636    -6015.499       34.863   276.6
1.2405        -5980.709    -6015.541       34.832   276.4
1.2410        -5980.671    -6015.588       34.918   277.1
1.2415        -5980.715    -6015.640       34.925   277.1
1.2420        -5980.866    -6015.694       34.828   276.4
1.2425        -5980.808    -6015.753       34.945   277.3
1.2430        -5980.817    -6015.814       34.997   277.7
1.2435        -5980.808    -6015.878       35.070   278.3
1.2440        -5980.779    -6015.944       35.165   279.0
1.2445        -5980.817    -6016.011       35.195   279.3
1.2450        -5980.745    -6016.080       35.335   280.4
1.2455        -5980.784    -6016.149       35.365   280.6
1.2460        -5980.730    -6016.217       35.487   281.6
1.2465        -5980.785    -6016.286       35.500   281.7
1.2470        -5980.760    -6016.354       35.594   282.4
1.2475        -5980.815    -6016.422       35.607   282.5
1.2480        -5980.901    -6016.487       35.586   282.4
1.2485        -5980.835    -6016.549       35.715   283.4
1.2490        -5980.857    -6016.608       35.751   283.7
1.2495        -5980.741    -6016.664       35.923   285.0
1.2500        -5980.683    -6016.719       36.036   285.9
1.2505        -5980.734    -6016.770       36.036   285.9
1.2510        -5980.804    -6016.816       36.012   285.7
1.2515        -5980.786    -6016.861       36.075   286.2
1.2520        -5980.848    -6016.904       36.055   286.1
1.2525        -5980.895    -6016.946       36.051   286.1
1.2530        -5980.830    -6016.985       36.155   286.9
1.2535        -5980.911    -6017.020       36.108   286.5
1.2540        -5980.894    -6017.052       36.158   286.9
1.2545        -5980.860    -6017.083       36.222   287.4
1.2550        -5980.903    -6017.109       36.206   287.3
1.2555        -5980.878    -6017.134       36.256   287.7
1.2560        -5980.964    -6017.155       36.191   287.2
1.2565        -5980.896    -6017.173       36.277   287.8
1.2570        -5981.027    -6017.191       36.164   287.0
1.2575        -5980.990    -6017.209       36.219   287.4
1.2580        -5981.014    -6017.228       36.214   287.3
1.2585        -5980.994    -6017.245       36.250   287.6
1.2590        -5980.936    -6017.260       36.324   288.2
1.2595        -5980.985    -6017.275       36.290   288.0
1.2600        -5981.003    -6017.290       36.287   287.9
1.2605        -5980.876    -6017.304       36.428   289.0
1.2610        -5980.831    -6017.316       36.484   289.5
1.2615        -5980.900    -6017.326       36.426   289.0
1.2620        -5980.895    -6017.338       36.443   289.2
1.2625        -5980.884    -6017.352       36.468   289.4
1.2630        -5980.904    -6017.366       36.462   289.3
1.2635        -5980.913    -6017.380       36.467   289.4
1.2640        -5980.932    -6017.394       36.463   289.3
1.2645        -5980.973    -6017.410       36.438   289.1
1.2650        -5981.134    -6017.427       36.292   288.0
1.2655        -5981.141    -6017.444       36.303   288.1
1.2660        -5981.149    -6017.464       36.315   288.1
1.2665        -5981.243    -6017.483       36.239   287.5
1.2670        -5981.206    -6017.502       36.296   288.0
1.2675        -5981.229    -6017.520       36.292   288.0
1.2680        -5981.236    -6017.541       36.304   288.1
1.2685        -5981.331    -6017.561       36.230   287.5
1.2690        -5981.327    -6017.580       36.253   287.7
1.2695        -5981.392    -6017.599       36.207   287.3
1.2700        -5981.416    -6017.615       36.199   287.2
1.2705        -5981.476    -6017.631       36.155   286.9
1.2710        -5981.397    -6017.645       36.247   287.6
1.2715        -5981.438    -6017.655       36.217   287.4
1.2720        -5981.423    -6017.662       36.239   287.5
1.2725        -5981.451    -6017.667       36.216   287.4
1.2730        -5981.390    -6017.667       36.277   287.8
1.2735        -5981.414    -6017.662       36.249   287.6
1.2740        -5981.535    -6017.655       36.119   286.6
1.2745        -5981.460    -6017.645       36.184   287.1
1.2750        -5981.503    -6017.633       36.130   286.7
1.2755        -5981.369    -6017.618       36.249   287.6
1.2760        -5981.380    -6017.600       36.220   287.4
1.2765        -5981.377    -6017.579       36.202   287.3
1.2770        -5981.365    -6017.554       36.189   287.1
1.2775        -5981.366    -6017.527       36.161   286.9
1.2780        -5981.364    -6017.497       36.133   286.7
1.2785        -5981.316    -6017.464       36.148   286.8
1.2790        -5981.240    -6017.428       36.188   287.1
1.2795        -5981.247    -6017.390       36.143   286.8
1.2800        -5981.154    -6017.349       36.196   287.2
1.2805        -5981.154    -6017.303       36.149   286.8
1.2810        -5981.202    -6017.252       36.050   286.0
1.2815        -5981.152    -6017.199       36.046   286.0
1.2820        -5981.146    -6017.143       35.997   285.6
1.2825        -5981.069    -6017.086       36.017   285.8
1.2830        -5981.044    -6017.030       35.985   285.5
1.2835        -5981.143    -6016.973       35.830   284.3
1.2840        -5981.160    -6016.916       35.757   283.7
1.2845        -5981.196    -6016.856       35.661   283.0
1.2850        -5981.216    -6016.796       35.580   282.3
1.2855        -5981.158    -6016.732       35.573   282.3
1.2860        -5981.166    -6016.669       35.504   281.7
1.2865        -5981.153    -6016.606       35.454   281.3
1.2870        -5981.100    -6016.542       35.443   281.2
1.2875        -5981.149    -6016.480       35.330   280.3
1.2880        -5981.113    -6016.421       35.308   280.2
1.2885        -5981.163    -6016.365       35.201   279.3
1.2890        -5981.149    -6016.309       35.159   279.0
1.2895        -5981.212    -6016.255       35.044   278.1
1.2900        -5981.235    -6016.205       34.970   277.5
1.2905        -5981.315    -6016.158       34.843   276.5
1.2910        -5981.394    -6016.114       34.720   275.5
1.2915        -5981.384    -6016.072       34.688   275.2
1.2920        -5981.469    -6016.031       34.562   274.2
1.2925        -5981.598    -6015.995       34.397   272.9
1.2930        -5981.622    -6015.962       34.340   272.5
1.2935        -5981.665    -6015.931       34.266   271.9
1.2940        -5981.699    -6015.903       34.204   271.4
1.2945        -5981.688    -6015.878       34.191   271.3
1.2950        -5981.685    -6015.855       34.170   271.1
1.2955        -5981.649    -6015.835       34.186   271.3
1.2960        -5981.555    -6015.818       34.263   271.9
1.2965        -5981.545    -6015.803       34.258   271.8
1.2970        -5981.604    -6015.791       34.187   271.3
1.2975        -5981.615    -6015.782       34.167   271.1
1.2980        -5981.781    -6015.773       33.992   269.7
1.2985        -5981.750    -6015.764       34.014   269.9
1.2990        -5981.796    -6015.756       33.960   269.5
1.2995        -5981.776    -6015.751       33.976   269.6
1.3000        -5981.902    -6015.748       33.846   268.6
1.3005        -5981.948    -6015.745       33.797   268.2
1.3010        -5981.924    -6015.740       33.817   268.3
1.3015        -5981.856    -6015.735       33.880   268.8
1.3020        -5981.788    -6015.728       33.940   269.3
1.3025        -5981.829    -6015.719       33.889   268.9
1.3030        -5981.746    -6015.711       33.966   269.5
1.3035        -5981.797    -6015.703       33.906   269.0
1.3040        -5981.714    -6015.693       33.979   269.6
1.3045        -5981.665    -6015.679       34.014   269.9
1.3050        -5981.636    -6015.665       34.029   270.0
1.3055        -5981.561    -6015.648       34.087   270.5
1.3060        -5981.570    -6015.631       34.061   270.3
1.3065        -5981.527    -6015.615       34.089   270.5
1.3070        -5981.543    -6015.600       34.058   270.2
1.3075        -5981.552    -6015.585       34.033   270.0
1.3080        -5981.550    -6015.565       34.015   269.9
1.3085        -5981.475    -6015.545       34.070   270.3
1.3090        -5981.447    -6015.523       34.077   270.4
1.3095        -5981.581    -6015.500       33.919   269.1
1.3100        -5981.584    -6015.476       33.892   268.9
1.3105        -5981.648    -6015.452       33.804   268.2
1.3110        -5981.633    -6015.427       33.794   268.1
1.3115        -5981.556    -6015.402       33.846   268.6
1.3120        -5981.522    -6015.378       33.856   268.6
1.3125        -5981.573    -6015.356       33.782   268.1
1.3130        -5981.628    -6015.336       33.708   267.5
1.3135        -5981.554    -6015.320       33.766   267.9
1.3140        -5981.604    -6015.310       33.706   267.4
1.3145        -5981.543    -6015.303       33.760   267.9
1.3150        -5981.513    -6015.301       33.788   268.1
1.3155        -5981.406    -6015.304       33.897   269.0
1.3160        -5981.318    -6015.311       33.993   269.7
1.3165        -5981.329    -6015.324       33.995   269.7
1.3170        -5981.365    -6015.340       33.975   269.6
1.3175        -5981.259    -6015.359       34.100   270.6
1.3180        -5981.195    -6015.382       34.187   271.3
1.3185        -5981.196    -6015.410       34.215   271.5
1.3190        -5981.321    -6015.445       34.124   270.8
1.3195        -5981.297    -6015.487       34.190   271.3
1.3200        -5981.165    -6015.534       34.368   272.7
1.3205        -5981.166    -6015.584       34.419   273.1
1.3210        -5981.054    -6015.638       34.584   274.4
1.3215        -5981.109    -6015.696       34.586   274.4
1.3220        -5981.177    -6015.760       34.584   274.4
1.3225        -5981.243    -6015.828       34.584   274.4
1.3230        -5981.230    -6015.898       34.668   275.1
1.3235        -5981.155    -6015.969       34.814   276.2
1.3240        -5981.145    -6016.039       34.895   276.9
1.3245        -5981.272    -6016.110       34.839   276.4
1.3250        -5981.288    -6016.180       34.892   276.9
1.3255        -5981.326    -6016.247       34.922   277.1
1.3260        -5981.324    -6016.316       34.992   277.6
1.3265        -5981.324    -6016.385       35.060   278.2
1.3270        -5981.387    -6016.452       35.065   278.2
1.3275        -5981.423    -6016.517       35.094   278.5
1.3280        -5981.430    -6016.580       35.149   278.9
1.3285        -5981.368    -6016.640       35.273   279.9
1.3290        -5981.411    -6016.697       35.286   280.0
1.3295        -5981.387    -6016.749       35.362   280.6
1.3300        -5981.404    -6016.798       35.394   280.8
1.3305        -5981.244    -6016.842       35.598   282.5
1.3310        -5981.221    -6016.879       35.658   282.9
1.3315        -5981.209    -6016.907       35.697   283.2
1.3320        -5981.147    -6016.927       35.780   283.9
1.3325        -5981.096    -6016.941       35.846   284.4
1.3330        -5981.071    -6016.954       35.882   284.7
1.3335        -5981.058    -6016.959       35.901   284.9
1.3340        -5981.058    -6016.958       35.899   284.9
1.3345        -5981.107    -6016.950       35.842   284.4
1.3350        -5981.218    -6016.934       35.716   283.4
1.3355        -5981.165    -6016.911       35.745   283.6
1.3360        -5981.214    -6016.880       35.666   283.0
1.3365        -5981.317    -6016.845       35.529   281.9
1.3370        -5981.350    -6016.807       35.458   281.3
1.3375        -5981.307    -6016.767       35.460   281.4
1.3380        -5981.161    -6016.722       35.561   282.2
1.3385        -5981.185    -6016.671       35.486   281.6
1.3390        -5981.155    -6016.617       35.462   281.4
1.3395        -5981.055    -6016.559       35.504   281.7
1.3400        -5981.074    -6016.498       35.424   281.1
1.3405        -5981.139    -6016.432       35.293   280.0
1.3410        -5981.157    -6016.362       35.205   279.3
1.3415        -5981.115    -6016.286       35.171   279.1
1.3420        -5981.052    -6016.208       35.156   279.0
1.3425        -5981.064    -6016.127       35.063   278.2
1.3430        -5981.088    -6016.045       34.957   277.4
1.3435        -5981.053    -6015.957       34.905   277.0
1.3440        -5981.036    -6015.870       34.834   276.4
1.3445        -5981.060    -6015.783       34.723   275.5
1.3450        -5981.027    -6015.696       34.669   275.1
1.3455        -5981.008    -6015.608       34.600   274.5
1.3460        -5980.904    -6015.519       34.616   274.7
1.3465        -5980.952    -6015.432       34.479   273.6
1.3470        -5980.954    -6015.344       34.390   272.9
1.3475        -5980.840    -6015.258       34.417   273.1
1.3480        -5980.889    -6015.173       34.283   272.0
1.3485        -5980.940    -6015.089       34.149   271.0
1.3490        -5980.865    -6015.010       34.145   270.9
1.3495        -5980.800    -6014.932       34.131   270.8
1.3500        -5980.763    -6014.858       34.095   270.5
1.3505        -5980.845    -6014.788       33.943   269.3
1.3510        -5980.975    -6014.723       33.748   267.8
1.3515        -5980.903    -6014.663       33.760   267.9
1.3520        -5980.945    -6014.608       33.663   267.1
1.3525        -5980.935    -6014.560       33.626   266.8
1.3530        -5980.884    -6014.517       33.633   266.9
1.3535        -5980.872    -6014.479       33.606   266.7
1.3540        -5980.827    -6014.445       33.618   266.7
1.3545        -5980.781    -6014.417       33.635   266.9
1.3550        -5980.703    -6014.393       33.689   267.3
1.3555        -5980.734    -6014.374       33.640   266.9
1.3560        -5980.701    -6014.361       33.660   267.1
1.3565        -5980.642    -6014.353       33.711   267.5
1.3570        -5980.670    -6014.347       33.677   267.2
1.3575        -5980.669    -6014.344       33.675   267.2
1.3580        -5980.718    -6014.343       33.625   266.8
1.3585        -5980.722    -6014.346       33.623   266.8
1.3590        -5980.703    -6014.351       33.648   267.0
1.3595        -5980.666    -6014.359       33.693   267.3
1.3600        -5980.625    -6014.368       33.743   267.7
1.3605        -5980.716    -6014.379       33.663   267.1
1.3610        -5980.715    -6014.391       33.676   267.2
1.3615        -5980.710    -6014.406       33.695   267.4
1.3620        -5980.688    -6014.421       33.733   267.7
1.3625        -5980.637    -6014.438       33.800   268.2
1.3630        -5980.676    -6014.456       33.780   268.0
1.3635        -5980.622    -6014.476       33.854   268.6
1.3640        -5980.629    -6014.497       33.868   268.7
1.3645        -5980.609    -6014.515       33.906   269.0
1.3650        -5980.640    -6014.531       33.891   268.9
1.3655        -5980.619    -6014.548       33.929   269.2
1.3660        -5980.586    -6014.566       33.980   269.6
1.3665        -5980.663    -6014.584       33.921   269.2
1.3670        -5980.673    -6014.603       33.930   269.2
1.3675        -5980.710    -6014.623       33.913   269.1
1.3680        -5980.749    -6014.645       33.896   269.0
1.3685        -5980.748    -6014.667       33.920   269.1
1.3690        -5980.792    -6014.690       33.898   269.0
1.3695        -5980.903    -6014.711       33.808   268.3
1.3700        -5980.973    -6014.730       33.757   267.8
1.3705        -5981.008    -6014.747       33.739   267.7
1.3710        -5980.925    -6014.768       33.843   268.5
1.3715        -5980.973    -6014.791       33.818   268.3
1.3720        -5981.004    -6014.817       33.812   268.3
1.3725        -5981.012    -6014.845       33.833   268.5
1.3730        -5981.025    -6014.876       33.851   268.6
1.3735        -5981.000    -6014.907       33.906   269.0
1.3740        -5981.046    -6014.939       33.893   268.9
1.3745        -5981.007    -6014.975       33.968   269.5
1.3750        -5980.978    -6015.013       34.035   270.1
1.3755        -5980.887    -6015.054       34.167   271.1
1.3760        -5980.875    -6015.096       34.221   271.5
1.3765        -5980.857    -6015.139       34.282   272.0
1.3770        -5980.850    -6015.184       34.334   272.4
1.3775        -5980.877    -6015.232       34.356   272.6
1.3780        -5980.796    -6015.284       34.488   273.7
1.3785        -5980.837    -6015.340       34.503   273.8
1.3790        -5980.793    -6015.399       34.605   274.6
1.3795        -5980.836    -6015.460       34.624   274.7
1.3800        -5980.831    -6015.524       34.692   275.3
1.3805        -5980.852    -6015.587       34.735   275.6
1.3810        -5980.925    -6015.654       34.729   275.6
1.3815        -5981.016    -6015.723       34.707   275.4
1.3820        -5981.076    -6015.794       34.718   275.5
1.3825        -5981.153    -6015.865       34.712   275.4
1.3830        -5981.157    -6015.938       34.781   276.0
1.3835        -5981.241    -6016.012       34.771   275.9
1.3840        -5981.286    -6016.085       34.798   276.1
1.3845        -5981.267    -6016.156       34.889   276.8
1.3850        -5981.224    -6016.226       35.002   277.7
1.3855        -5981.360    -6016.295       34.935   277.2
1.3860        -5981.432    -6016.361       34.930   277.2
1.3865        -5981.375    -6016.428       35.053   278.1
1.3870        -5981.243    -6016.493       35.250   279.7
1.3875        -5981.268    -6016.556       35.288   280.0
1.3880        -5981.343    -6016.618       35.275   279.9
1.3885        -5981.221    -6016.676       35.455   281.3
1.3890        -5981.237    -6016.730       35.492   281.6
1.3895        -5981.218    -6016.780       35.561   282.2
1.3900        -5981.183    -6016.826       35.643   282.8
1.3905        -5981.206    -6016.869       35.663   283.0
1.3910        -5981.204    -6016.908       35.704   283.3
1.3915        -5981.233    -6016.942       35.709   283.3
1.3920        -5981.202    -6016.969       35.768   283.8
1.3925        -5981.233    -6016.989       35.755   283.7
1.3930        -5981.232    -6017.000       35.768   283.8
1.3935        -5981.128    -6017.003       35.875   284.7
1.3940        -5981.071    -6017.001       35.930   285.1
1.3945        -5981.034    -6016.993       35.959   285.3
1.3950        -5981.075    -6016.980       35.904   284.9
1.3955        -5981.061    -6016.959       35.898   284.8
1.3960        -5981.010    -6016.931       35.921   285.0
1.3965        -5980.932    -6016.896       35.964   285.4
1.3970        -5980.991    -6016.856       35.865   284.6
1.3975        -5980.855    -6016.812       35.957   285.3
1.3980        -5980.947    -6016.764       35.817   284.2
1.3985        -5981.029    -6016.711       35.682   283.1
1.3990        -5981.013    -6016.656       35.643   282.8
1.3995        -5980.978    -6016.601       35.623   282.7
1.4000        -5980.880    -6016.542       35.663   283.0
1.4005        -5980.873    -6016.482       35.610   282.6
1.4010        -5980.853    -6016.422       35.569   282.2
1.4015        -5980.857    -6016.362       35.505   281.7
1.4020        -5980.752    -6016.300       35.548   282.1
1.4025        -5980.787    -6016.236       35.449   281.3
1.4030        -5980.731    -6016.171       35.439   281.2
1.4035        -5980.695    -6016.107       35.412   281.0
1.4040        -5980.642    -6016.045       35.402   280.9
1.4045        -5980.629    -6015.983       35.354   280.5
1.4050        -5980.684    -6015.925       35.241   279.6
1.4055        -5980.718    -6015.868       35.149   278.9
1.4060        -5980.721    -6015.814       35.093   278.5
1.4065        -5980.784    -6015.762       34.978   277.5
1.4070        -5980.799    -6015.712       34.913   277.0
1.4075        -5980.807    -6015.664       34.856   276.6
1.4080        -5980.746    -6015.620       34.873   276.7
1.4085        -5980.702    -6015.581       34.879   276.8
1.4090        -5980.807    -6015.546       34.739   275.6
1.4095        -5980.798    -6015.515       34.717   275.5
1.4100        -5980.750    -6015.486       34.736   275.6
1.4105        -5980.674    -6015.459       34.785   276.0
1.4110        -5980.740    -6015.436       34.696   275.3
1.4115        -5980.603    -6015.417       34.814   276.2
1.4120        -5980.647    -6015.402       34.754   275.8
1.4125        -5980.514    -6015.388       34.875   276.7
1.4130        -5980.565    -6015.377       34.812   276.2
1.4135        -5980.660    -6015.366       34.706   275.4
1.4140        -5980.621    -6015.354       34.734   275.6
1.4145        -5980.629    -6015.343       34.715   275.5
1.4150        -5980.588    -6015.336       34.747   275.7
1.4155        -5980.617    -6015.331       34.714   275.4
1.4160        -5980.660    -6015.326       34.666   275.1
1.4165        -5980.687    -6015.323       34.636   274.8
1.4170        -5980.632    -6015.322       34.690   275.3
1.4175        -5980.672    -6015.323       34.651   274.9
1.4180        -5980.609    -6015.327       34.718   275.5
1.4185        -5980.619    -6015.334       34.715   275.5
1.4190        -5980.564    -6015.341       34.777   275.9
1.4195        -5980.528    -6015.349       34.821   276.3
1.4200        -5980.474    -6015.358       34.884   276.8
1.4205        -5980.424    -6015.371       34.947   277.3
1.4210        -5980.446    -6015.384       34.938   277.2
1.4215        -5980.438    -6015.397       34.960   277.4
1.4220        -5980.385    -6015.410       35.025   277.9
1.4225        -5980.440    -6015.421       34.982   277.6
1.4230        -5980.323    -6015.433       35.110   278.6
1.4235        -5980.271    -6015.446       35.175   279.1
1.4240        -5980.230    -6015.460       35.229   279.5
1.4245        -5980.188    -6015.475       35.286   280.0
1.4250        -5980.235    -6015.489       35.254   279.7
1.4255        -5980.175    -6015.502       35.327   280.3
1.4260        -5980.044    -6015.515       35.471   281.5
1.4265        -5979.937    -6015.527       35.590   282.4
1.4270        -5979.893    -6015.538       35.645   282.8
1.4275        -5979.908    -6015.549       35.640   282.8
1.4280        -5979.884    -6015.558       35.674   283.1
1.4285        -5979.785    -6015.566       35.781   283.9
1.4290        -5979.872    -6015.573       35.701   283.3
1.4295        -5979.946    -6015.581       35.634   282.7
1.4300        -5979.966    -6015.588       35.622   282.7
1.4305        -5980.008    -6015.594       35.587   282.4
1.4310        -5980.005    -6015.599       35.595   282.4
1.4315        -5980.150    -6015.604       35.454   281.3
1.4320        -5980.272    -6015.607       35.335   280.4
1.4325        -5980.227    -6015.610       35.383   280.8
1.4330        -5980.249    -6015.612       35.363   280.6
1.4335        -5980.176    -6015.615       35.439   281.2
1.4340        -5980.123    -6015.616       35.492   281.6
1.4345        -5980.162    -6015.615       35.453   281.3
1.4350        -5980.051    -6015.615       35.563   282.2
1.4355        -5979.921    -6015.616       35.695   283.2
1.4360        -5979.960    -6015.618       35.658   282.9
1.4365        -5979.928    -6015.621       35.693   283.2
1.4370        -5979.965    -6015.624       35.660   282.9
1.4375        -5979.907    -6015.632       35.725   283.5
1.4380        -5979.835    -6015.640       35.805   284.1
1.4385        -5979.807    -6015.648       35.841   284.4
1.4390        -5979.663    -6015.659       35.996   285.6
1.4395        -5979.714    -6015.669       35.955   285.3
1.4400        -5979.689    -6015.681       35.992   285.6
1.4405        -5979.719    -6015.693       35.974   285.4
1.4410        -5979.749    -6015.705       35.955   285.3
1.4415        -5979.788    -6015.716       35.928   285.1
1.4420        -5979.813    -6015.729       35.916   285.0
1.4425        -5979.757    -6015.744       35.988   285.6
1.4430        -5979.683    -6015.764       36.081   286.3
1.4435        -5979.687    -6015.786       36.099   286.4
1.4440        -5979.678    -6015.809       36.131   286.7
1.4445        -5979.562    -6015.833       36.271   287.8
1.4450        -5979.641    -6015.858       36.216   287.4
1.4455        -5979.762    -6015.882       36.120   286.6
1.4460        -5979.786    -6015.905       36.119   286.6
1.4465        -5979.842    -6015.930       36.088   286.3
1.4470        -5979.726    -6015.956       36.230   287.5
1.4475        -5979.709    -6015.980       36.271   287.8
1.4480        -5979.673    -6016.003       36.330   288.3
1.4485        -5979.687    -6016.027       36.339   288.3
1.4490        -5979.614    -6016.051       36.437   289.1
1.4495        -5979.633    -6016.076       36.443   289.2
1.4500        -5979.684    -6016.099       36.414   288.9
1.4505        -5979.727    -6016.117       36.390   288.7
1.4510        -5979.798    -6016.132       36.334   288.3
1.4515        -5979.697    -6016.144       36.447   289.2
1.4520        -5979.739    -6016.155       36.415   288.9
1.4525        -5979.789    -6016.161       36.372   288.6
1.4530        -5979.818    -6016.164       36.346   288.4
1.4535        -5979.786    -6016.162       36.376   288.6
1.4540        -5979.687    -6016.154       36.467   289.4
1.4545        -5979.671    -6016.141       36.470   289.4
1.4550        -5979.598    -6016.123       36.525   289.8
1.4555        -5979.621    -6016.100       36.479   289.5
1.4560        -5979.680    -6016.073       36.393   288.8
1.4565        -5979.733    -6016.041       36.308   288.1
1.4570        -5979.827    -6016.006       36.179   287.1
1.4575        -5979.823    -6015.965       36.142   286.8
1.4580        -5979.826    -6015.919       36.093   286.4
1.4585        -5979.812    -6015.866       36.055   286.1
1.4590        -5979.765    -6015.808       36.043   286.0
1.4595        -5979.770    -6015.743       35.973   285.4
1.4600        -5979.805    -6015.673       35.869   284.6
1.4605        -5979.735    -6015.599       35.864   284.6
1.4610        -5979.731    -6015.524       35.793   284.0
1.4615        -5979.804    -6015.445       35.641   282.8
1.4620        -5979.906    -6015.363       35.457   281.3
1.4625        -5979.880    -6015.280       35.401   280.9
1.4630        -5979.970    -6015.197       35.227   279.5
1.4635        -5979.888    -6015.112       35.224   279.5
1.4640        -5979.889    -6015.027       35.138   278.8
1.4645        -5979.834    -6014.942       35.108   278.6
1.4650        -5979.801    -6014.856       35.055   278.1
1.4655        -5979.906    -6014.769       34.863   276.6
1.4660        -5980.005    -6014.682       34.678   275.2
1.4665        -5979.914    -6014.596       34.682   275.2
1.4670        -5979.887    -6014.512       34.625   274.7
1.4675        -5979.905    -6014.428       34.523   273.9
1.4680        -5979.926    -6014.345       34.419   273.1
1.4685        -5979.866    -6014.265       34.399   272.9
1.4690        -5979.932    -6014.187       34.255   271.8
1.4695        -5979.959    -6014.114       34.155   271.0
1.4700        -5979.984    -6014.048       34.064   270.3
1.4705        -5979.967    -6013.986       34.019   269.9
1.4710        -5979.954    -6013.929       33.975   269.6
1.4715        -5979.943    -6013.879       33.936   269.3
1.4720        -5979.934    -6013.834       33.900   269.0
1.4725        -5979.956    -6013.797       33.841   268.5
1.4730        -5980.009    -6013.766       33.757   267.9
1.4735        -5979.992    -6013.742       33.750   267.8
1.4740        -5979.917    -6013.723       33.806   268.2
1.4745        -5979.930    -6013.712       33.782   268.0
1.4750        -5980.039    -6013.706       33.667   267.1
1.4755        -5980.046    -6013.707       33.661   267.1
1.4760        -5980.003    -6013.714       33.711   267.5
1.4765        -5980.006    -6013.728       33.722   267.6
1.4770        -5979.980    -6013.748       33.768   267.9
1.4775        -5979.902    -6013.777       33.875   268.8
1.4780        -5979.868    -6013.812       33.945   269.3
1.4785        -5979.845    -6013.856       34.011   269.9
1.4790        -5979.780    -6013.904       34.124   270.8
1.4795        -5979.841    -6013.956       34.115   270.7
1.4800        -5979.827    -6014.013       34.186   271.3
1.4805        -5979.859    -6014.073       34.214   271.5
1.4810        -5979.710    -6014.136       34.426   273.2
1.4815        -5979.707    -6014.200       34.493   273.7
1.4820        -5979.754    -6014.266       34.512   273.8
1.4825        -5979.800    -6014.333       34.534   274.0
1.4830        -5979.758    -6014.402       34.644   274.9
1.4835        -5979.816    -6014.473       34.656   275.0
1.4840        -5979.836    -6014.545       34.709   275.4
1.4845        -5979.888    -6014.617       34.729   275.6
1.4850        -5979.853    -6014.688       34.835   276.4
1.4855        -5979.762    -6014.755       34.993   277.7
1.4860        -5979.768    -6014.823       35.055   278.2
1.4865        -5979.712    -6014.890       35.178   279.1
1.4870        -5979.655    -6014.953       35.298   280.1
1.4875        -5979.609    -6015.014       35.405   280.9
1.4880        -5979.644    -6015.070       35.426   281.1
1.4885        -5979.622    -6015.123       35.501   281.7
1.4890        -5979.583    -6015.174       35.591   282.4
1.4895        -5979.582    -6015.220       35.638   282.8
1.4900        -5979.608    -6015.260       35.652   282.9
1.4905        -5979.617    -6015.294       35.677   283.1
1.4910        -5979.611    -6015.322       35.710   283.4
1.4915        -5979.684    -6015.347       35.663   283.0
1.4920        -5979.802    -6015.369       35.567   282.2
1.4925        -5979.868    -6015.386       35.519   281.8
1.4930        -5979.860    -6015.398       35.538   282.0
1.4935        -5979.874    -6015.403       35.529   281.9
1.4940        -5979.751    -6015.406       35.655   282.9
1.4945        -5979.747    -6015.404       35.657   282.9
1.4950        -5979.807    -6015.399       35.592   282.4
1.4955        -5979.894    -6015.393       35.499   281.7
1.4960        -5980.021    -6015.382       35.362   280.6
1.4965        -5980.081    -6015.369       35.288   280.0
1.4970        -5980.126    -6015.355       35.228   279.5
1.4975        -5980.093    -6015.338       35.245   279.7
1.4980        -5980.154    -6015.318       35.164   279.0
1.4985        -5980.094    -6015.296       35.202   279.3
1.4990        -5980.075    -6015.274       35.199   279.3
1.4995        -5980.097    -6015.251       35.154   278.9
1.5000        -5980.096    -6015.228       35.132   278.8
1.5005        -5980.124    -6015.204       35.080   278.4
1.5010        -5980.179    -6015.180       35.001   277.7
1.5015        -5980.194    -6015.158       34.964   277.4
1.5020        -5980.190    -6015.139       34.949   277.3
1.5025        -5980.205    -6015.123       34.917   277.1
1.5030        -5980.207    -6015.111       34.904   277.0
1.5035        -5980.129    -6015.103       34.973   277.5
1.5040        -5980.144    -6015.098       34.954   277.4
1.5045        -5980.148    -6015.097       34.949   277.3
1.5050        -5980.133    -6015.099       34.966   277.4
1.5055        -5980.167    -6015.104       34.937   277.2
1.5060        -5980.151    -6015.111       34.960   277.4
1.5065        -5980.225    -6015.121       34.896   276.9
1.5070        -5980.175    -6015.133       34.957   277.4
1.5075        -5980.172    -6015.149       34.977   277.5
1.5080        -5980.176    -6015.169       34.994   277.7
1.5085        -5980.158    -6015.194       35.036   278.0
1.5090        -5980.188    -6015.224       35.035   278.0
1.5095        -5980.185    -6015.255       35.070   278.3
1.5100        -5980.095    -6015.290       35.195   279.3
1.5105        -5980.128    -6015.326       35.198   279.3
1.5110        -5980.127    -6015.361       35.234   279.6
1.5115        -5980.192    -6015.398       35.206   279.3
1.5120        -5980.145    -6015.434       35.290   280.0
1.5125        -5980.061    -6015.470       35.409   281.0
1.5130        -5980.011    -6015.507       35.496   281.7
1.5135        -5980.044    -6015.544       35.500   281.7
1.5140        -5980.075    -6015.578       35.503   281.7
1.5145        -5979.979    -6015.611       35.632   282.7
1.5150        -5979.963    -6015.643       35.680   283.1
1.5155        -5979.921    -6015.675       35.755   283.7
1.5160        -5980.019    -6015.707       35.688   283.2
1.5165        -5980.004    -6015.735       35.731   283.5
1.5170        -5980.032    -6015.761       35.729   283.5
1.5175        -5980.069    -6015.785       35.716   283.4
1.5180        -5980.109    -6015.807       35.698   283.3
1.5185        -5980.125    -6015.827       35.702   283.3
1.5190        -5980.149    -6015.847       35.698   283.3
1.5195        -5980.096    -6015.867       35.771   283.8
1.5200        -5980.080    -6015.886       35.806   284.1
1.5205        -5980.076    -6015.903       35.827   284.3
1.5210        -5980.159    -6015.922       35.763   283.8
1.5215        -5980.265    -6015.941       35.676   283.1
1.5220        -5980.216    -6015.960       35.744   283.6
1.5225        -5980.112    -6015.980       35.868   284.6
1.5230        -5980.005    -6016.001       35.995   285.6
1.5235        -5980.166    -6016.023       35.857   284.5
1.5240        -5980.157    -6016.048       35.891   284.8
1.5245        -5980.169    -6016.074       35.905   284.9
1.5250        -5980.230    -6016.104       35.875   284.7
1.5255        -5980.137    -6016.138       36.002   285.7
1.5260        -5980.134    -6016.171       36.037   285.9
1.5265        -5980.090    -6016.206       36.115   286.6
1.5270        -5980.128    -6016.243       36.115   286.6
1.5275        -5980.100    -6016.282       36.182   287.1
1.5280        -5980.120    -6016.323       36.204   287.3
1.5285        -5980.066    -6016.364       36.299   288.0
1.5290        -5980.081    -6016.404       36.323   288.2
1.5295        -5980.124    -6016.443       36.318   288.2
1.5300        -5980.109    -6016.483       36.374   288.6
1.5305        -5980.123    -6016.526       36.403   288.8
1.5310        -5980.168    -6016.568       36.400   288.8
1.5315        -5980.043    -6016.611       36.568   290.2
1.5320        -5979.997    -6016.657       36.660   290.9
1.5325        -5980.094    -6016.702       36.608   290.5
1.5330        -5980.019    -6016.748       36.729   291.4
1.5335        -5979.954    -6016.794       36.840   292.3
1.5340        -5979.947    -6016.839       36.892   292.7
1.5345        -5980.031    -6016.883       36.851   292.4
1.5350        -5980.055    -6016.926       36.871   292.6
1.5355        -5980.085    -6016.969       36.884   292.7
1.5360        -5980.111    -6017.011       36.900   292.8
1.5365        -5980.065    -6017.051       36.987   293.5
1.5370        -5979.960    -6017.087       37.127   294.6
1.5375        -5979.953    -6017.119       37.166   294.9
1.5380        -5980.009    -6017.147       37.138   294.7
1.5385        -5979.929    -6017.174       37.245   295.5
1.5390        -5979.850    -6017.197       37.346   296.3
1.5395        -5979.828    -6017.213       37.386   296.6
1.5400        -5979.900    -6017.222       37.322   296.1
1.5405        -5979.900    -6017.227       37.326   296.2
1.5410        -5979.863    -6017.223       37.360   296.4
1.5415        -5979.864    -6017.215       37.351   296.4
1.5420        -5979.907    -6017.202       37.295   295.9
1.5425        -5979.867    -6017.183       37.316   296.1
1.5430        -5979.773    -6017.160       37.387   296.7
1.5435        -5979.737    -6017.133       37.395   296.7
1.5440        -5979.714    -6017.101       37.388   296.7
1.5445        -5979.619    -6017.064       37.445   297.1
1.5450        -5979.671    -6017.020       37.349   296.4
1.5455        -5979.686    -6016.970       37.284   295.8
1.5460        -5979.700    -6016.915       37.215   295.3
1.5465        -5979.671    -6016.856       37.185   295.1
1.5470        -5979.553    -6016.794       37.241   295.5
1.5475        -5979.443    -6016.728       37.285   295.8
1.5480        -5979.520    -6016.657       37.136   294.7
1.5485        -5979.510    -6016.584       37.074   294.2
1.5490        -5979.533    -6016.508       36.975   293.4
1.5495        -5979.509    -6016.432       36.923   293.0
1.5500        -5979.553    -6016.356       36.802   292.0
1.5505        -5979.552    -6016.280       36.727   291.4
1.5510        -5979.608    -6016.204       36.596   290.4
1.5515        -5979.660    -6016.130       36.469   289.4
1.5520        -5979.666    -6016.058       36.392   288.8
1.5525        -5979.690    -6015.989       36.299   288.0
1.5530        -5979.637    -6015.922       36.285   287.9
1.5535        -5979.657    -6015.859       36.201   287.2
1.5540        -5979.689    -6015.799       36.109   286.5
1.5545        -5979.643    -6015.744       36.102   286.5
1.5550        -5979.581    -6015.694       36.113   286.5
1.5555        -5979.434    -6015.648       36.214   287.3
1.5560        -5979.284    -6015.607       36.323   288.2
1.5565        -5979.237    -6015.573       36.336   288.3
1.5570        -5979.309    -6015.546       36.238   287.5
1.5575        -5979.310    -6015.524       36.214   287.4
1.5580        -5979.375    -6015.507       36.133   286.7
1.5585        -5979.314    -6015.495       36.181   287.1
1.5590        -5979.308    -6015.488       36.180   287.1
1.5595        -5979.399    -6015.485       36.086   286.3
1.5600        -5979.446    -6015.492       36.045   286.0
1.5605        -5979.380    -6015.502       36.123   286.6
1.5610        -5979.359    -6015.521       36.161   286.9
1.5615        -5979.311    -6015.543       36.233   287.5
1.5620        -5979.254    -6015.568       36.314   288.1
1.5625        -5979.293    -6015.598       36.305   288.1
1.5630        -5979.213    -6015.629       36.416   288.9
1.5635        -5979.244    -6015.662       36.417   289.0
1.5640        -5979.186    -6015.696       36.510   289.7
1.5645        -5979.261    -6015.732       36.471   289.4
1.5650        -5979.296    -6015.767       36.472   289.4
1.5655        -5979.313    -6015.799       36.487   289.5
1.5660        -5979.254    -6015.830       36.575   290.2
1.5665        -5979.235    -6015.858       36.623   290.6
1.5670        -5979.227    -6015.884       36.657   290.9
1.5675        -5979.259    -6015.908       36.649   290.8
1.5680        -5979.260    -6015.930       36.670   291.0
1.5685        -5979.297    -6015.948       36.651   290.8
1.5690        -5979.318    -6015.963       36.645   290.8
1.5695        -5979.329    -6015.976       36.648   290.8
1.5700        -5979.331    -6015.986       36.656   290.9
1.5705        -5979.268    -6015.993       36.725   291.4
1.5710        -5979.266    -6015.996       36.730   291.4
1.5715        -5979.238    -6015.994       36.755   291.6
1.5720        -5979.301    -6015.989       36.688   291.1
1.5725        -5979.241    -6015.981       36.740   291.5
1.5730        -5979.289    -6015.968       36.680   291.0
1.5735        -5979.290    -6015.956       36.666   290.9
1.5740        -5979.204    -6015.942       36.738   291.5
1.5745        -5979.201    -6015.924       36.722   291.4
1.5750        -5979.120    -6015.902       36.782   291.9
1.5755        -5979.122    -6015.881       36.759   291.7
1.5760        -5979.091    -6015.857       36.766   291.7
1.5765        -5979.155    -6015.831       36.676   291.0
1.5770        -5979.102    -6015.801       36.700   291.2
1.5775        -5978.995    -6015.771       36.776   291.8
1.5780        -5979.058    -6015.737       36.679   291.0
1.5785        -5979.136    -6015.702       36.566   290.1
1.5790        -5979.163    -6015.668       36.506   289.7
1.5795        -5979.048    -6015.634       36.586   290.3
1.5800        -5979.089    -6015.599       36.510   289.7
1.5805        -5979.110    -6015.564       36.454   289.3
1.5810        -5979.123    -6015.527       36.404   288.9
1.5815        -5979.116    -6015.488       36.372   288.6
1.5820        -5979.176    -6015.450       36.274   287.8
1.5825        -5979.246    -6015.412       36.165   287.0
1.5830        -5979.127    -6015.372       36.245   287.6
1.5835        -5979.055    -6015.331       36.276   287.8
1.5840        -5979.052    -6015.291       36.239   287.5
1.5845        -5979.118    -6015.252       36.134   286.7
1.5850        -5979.124    -6015.213       36.089   286.4
1.5855        -5978.961    -6015.174       36.214   287.3
1.5860        -5978.949    -6015.136       36.187   287.1
1.5865        -5978.861    -6015.098       36.237   287.5
1.5870        -5978.987    -6015.059       36.071   286.2
1.5875        -5978.916    -6015.017       36.101   286.5
1.5880        -5978.975    -6014.975       36.001   285.7
1.5885        -5979.047    -6014.933       35.886   284.7
1.5890        -5978.926    -6014.891       35.965   285.4
1.5895        -5979.002    -6014.850       35.848   284.4
1.5900        -5978.989    -6014.811       35.821   284.2
1.5905        -5979.061    -6014.771       35.711   283.4
1.5910        -5978.928    -6014.733       35.805   284.1
1.5915        -5978.953    -6014.694       35.742   283.6
1.5920        -5978.974    -6014.659       35.685   283.1
1.5925        -5979.040    -6014.626       35.586   282.4
1.5930        -5979.116    -6014.593       35.476   281.5
1.5935        -5979.060    -6014.559       35.499   281.7
1.5940        -5978.956    -6014.525       35.569   282.2
1.5945        -5978.859    -6014.491       35.632   282.7
1.5950        -5978.895    -6014.458       35.563   282.2
1.5955        -5978.915    -6014.427       35.513   281.8
1.5960        -5978.814    -6014.397       35.583   282.3
1.5965        -5978.789    -6014.369       35.580   282.3
1.5970        -5978.837    -6014.343       35.506   281.7
1.5975        -5978.789    -6014.323       35.534   281.9
1.5980        -5978.825    -6014.304       35.479   281.5
1.5985        -5978.838    -6014.287       35.449   281.3
1.5990        -5978.746    -6014.270       35.524   281.9
1.5995        -5978.769    -6014.257       35.488   281.6
1.6000        -5978.758    -6014.245       35.487   281.6
1.6005        -5978.656    -6014.234       35.578   282.3
1.6010        -5978.574    -6014.222       35.648   282.9
1.6015        -5978.587    -6014.210       35.623   282.7
1.6020        -5978.509    -6014.201       35.692   283.2
1.6025        -5978.517    -6014.194       35.677   283.1
1.6030        -5978.454    -6014.188       35.734   283.5
1.6035        -5978.407    -6014.181       35.774   283.9
1.6040        -5978.415    -6014.175       35.760   283.7
1.6045        -5978.367    -6014.169       35.802   284.1
1.6050        -5978.294    -6014.165       35.871   284.6
1.6055        -5978.241    -6014.160       35.920   285.0
1.6060        -5978.299    -6014.156       35.857   284.5
1.6065        -5978.325    -6014.153       35.828   284.3
1.6070        -5978.322    -6014.151       35.829   284.3
1.6075        -5978.370    -6014.151       35.782   283.9
1.6080        -5978.356    -6014.153       35.797   284.0
1.6085        -5978.466    -6014.155       35.689   283.2
1.6090        -5978.418    -6014.154       35.735   283.5
1.6095        -5978.379    -6014.152       35.773   283.9
1.6100        -5978.434    -6014.152       35.718   283.4
1.6105        -5978.356    -6014.152       35.796   284.0
1.6110        -5978.363    -6014.150       35.787   284.0
1.6115        -5978.308    -6014.147       35.840   284.4
1.6120        -5978.233    -6014.144       35.911   284.9
1.6125        -5978.171    -6014.140       35.969   285.4
1.6130        -5978.118    -6014.132       36.014   285.8
1.6135        -5978.146    -6014.118       35.972   285.4
1.6140        -5978.176    -6014.098       35.922   285.0
1.6145        -5978.182    -6014.073       35.891   284.8
1.6150        -5978.195    -6014.045       35.850   284.5
1.6155        -5978.279    -6014.013       35.735   283.5
1.6160        -5978.355    -6013.978       35.623   282.7
1.6165        -5978.301    -6013.938       35.637   282.8
1.6170        -5978.225    -6013.893       35.668   283.0
1.6175        -5978.254    -6013.847       35.593   282.4
1.6180        -5978.212    -6013.798       35.586   282.4
1.6185        -5978.066    -6013.746       35.680   283.1
1.6190        -5977.982    -6013.690       35.708   283.3
1.6195        -5978.029    -6013.633       35.604   282.5
1.6200        -5978.147    -6013.575       35.428   281.1
1.6205        -5978.146    -6013.512       35.366   280.6
1.6210        -5978.098    -6013.448       35.350   280.5
1.6215        -5978.139    -6013.382       35.243   279.6
1.6220        -5978.042    -6013.315       35.274   279.9
1.6225        -5978.039    -6013.248       35.210   279.4
1.6230        -5978.095    -6013.183       35.088   278.4
1.6235        -5978.121    -6013.120       34.999   277.7
1.6240        -5978.102    -6013.059       34.957   277.4
1.6245        -5978.140    -6012.997       34.857   276.6
1.6250        -5978.200    -6012.939       34.740   275.6
1.6255        -5978.292    -6012.884       34.593   274.5
1.6260        -5978.174    -6012.833       34.659   275.0
1.6265        -5978.049    -6012.786       34.737   275.6
1.6270        -5978.023    -6012.741       34.718   275.5
1.6275        -5977.991    -6012.700       34.709   275.4
1.6280        -5978.024    -6012.662       34.637   274.8
1.6285        -5977.998    -6012.629       34.631   274.8
1.6290        -5978.021    -6012.602       34.581   274.4
1.6295        -5977.973    -6012.581       34.608   274.6
1.6300        -5977.886    -6012.566       34.680   275.2
1.6305        -5977.861    -6012.558       34.697   275.3
1.6310        -5977.753    -6012.557       34.803   276.2
1.6315        -5977.935    -6012.562       34.627   274.8
1.6320        -5977.974    -6012.574       34.600   274.5
1.6325        -5977.959    -6012.589       34.631   274.8
1.6330        -5977.965    -6012.611       34.646   274.9
1.6335        -5977.980    -6012.638       34.657   275.0
1.6340        -5978.003    -6012.670       34.667   275.1
1.6345        -5978.038    -6012.708       34.671   275.1
1.6350        -5977.999    -6012.753       34.755   275.8
1.6355        -5977.882    -6012.805       34.923   277.1
1.6360        -5977.833    -6012.861       35.028   277.9
1.6365        -5977.836    -6012.919       35.083   278.4
1.6370        -5977.862    -6012.980       35.119   278.7
1.6375        -5977.824    -6013.047       35.223   279.5
1.6380        -5977.841    -6013.118       35.278   279.9
1.6385        -5977.750    -6013.196       35.447   281.3
1.6390        -5977.780    -6013.279       35.499   281.7
1.6395        -5977.733    -6013.365       35.632   282.7
1.6400        -5977.718    -6013.453       35.736   283.6
1.6405        -5977.693    -6013.543       35.850   284.5
1.6410        -5977.594    -6013.635       36.041   286.0
1.6415        -5977.585    -6013.727       36.142   286.8
1.6420        -5977.467    -6013.818       36.351   288.4
1.6425        -5977.400    -6013.908       36.508   289.7
1.6430        -5977.390    -6013.998       36.608   290.5
1.6435        -5977.313    -6014.085       36.772   291.8
1.6440        -5977.240    -6014.170       36.930   293.0
1.6445        -5977.348    -6014.255       36.906   292.8
1.6450        -5977.318    -6014.337       37.020   293.7
1.6455        -5977.291    -6014.419       37.128   294.6
1.6460        -5977.235    -6014.496       37.261   295.7
1.6465        -5977.128    -6014.568       37.440   297.1
1.6470        -5977.047    -6014.638       37.591   298.3
1.6475        -5977.018    -6014.706       37.687   299.0
1.6480        -5977.014    -6014.769       37.755   299.6
1.6485        -5977.022    -6014.828       37.806   300.0
1.6490        -5976.986    -6014.883       37.897   300.7
1.6495        -5977.016    -6014.934       37.918   300.9
1.6500        -5977.043    -6014.980       37.937   301.0
1.6505        -5976.991    -6015.020       38.030   301.8
1.6510        -5976.971    -6015.055       38.085   302.2
1.6515        -5976.985    -6015.085       38.101   302.3
1.6520        -5976.968    -6015.111       38.143   302.7
1.6525        -5976.920    -6015.133       38.213   303.2
1.6530        -5976.785    -6015.149       38.365   304.4
1.6535        -5976.714    -6015.162       38.447   305.1
1.6540        -5976.623    -6015.168       38.545   305.8
1.6545        -5976.634    -6015.168       38.535   305.8
1.6550        -5976.634    -6015.165       38.531   305.7
1.6555        -5976.685    -6015.156       38.472   305.3
1.6560        -5976.742    -6015.146       38.404   304.7
1.6565        -5976.771    -6015.132       38.361   304.4
1.6570        -5976.776    -6015.112       38.336   304.2
1.6575        -5976.771    -6015.087       38.316   304.0
1.6580        -5976.909    -6015.056       38.147   302.7
1.6585        -5976.952    -6015.022       38.070   302.1
1.6590        -5976.943    -6014.985       38.042   301.8
1.6595        -5976.951    -6014.944       37.993   301.5
1.6600        -5976.883    -6014.902       38.019   301.7
1.6605        -5976.916    -6014.858       37.942   301.1
1.6610        -5976.856    -6014.814       37.958   301.2
1.6615        -5976.942    -6014.769       37.827   300.1
1.6620        -5976.996    -6014.723       37.727   299.4
1.6625        -5976.971    -6014.679       37.708   299.2
1.6630        -5976.904    -6014.635       37.731   299.4
1.6635        -5976.997    -6014.593       37.596   298.3
1.6640        -5976.955    -6014.549       37.595   298.3
1.6645        -5976.937    -6014.507       37.570   298.1
1.6650        -5976.937    -6014.465       37.529   297.8
1.6655        -5976.946    -6014.425       37.479   297.4
1.6660        -5976.845    -6014.385       37.541   297.9
1.6665        -5976.847    -6014.347       37.500   297.6
1.6670        -5976.787    -6014.311       37.524   297.7
1.6675        -5976.761    -6014.275       37.514   297.7
1.6680        -5976.824    -6014.242       37.417   296.9
1.6685        -5976.876    -6014.210       37.334   296.2
1.6690        -5976.985    -6014.181       37.197   295.1
1.6695        -5976.976    -6014.155       37.180   295.0
1.6700        -5977.006    -6014.131       37.125   294.6
1.6705        -5977.068    -6014.110       37.042   293.9
1.6710        -5977.067    -6014.091       37.025   293.8
1.6715        -5977.012    -6014.074       37.062   294.1
1.6720        -5976.931    -6014.060       37.129   294.6
1.6725        -5976.863    -6014.047       37.185   295.0
1.6730        -5976.892    -6014.037       37.146   294.7
1.6735        -5976.823    -6014.031       37.208   295.2
1.6740        -5976.845    -6014.028       37.183   295.0
1.6745        -5976.891    -6014.026       37.135   294.7
1.6750        -5976.959    -6014.025       37.066   294.1
1.6755        -5976.942    -6014.027       37.085   294.3
1.6760        -5976.904    -6014.030       37.126   294.6
1.6765        -5976.907    -6014.035       37.128   294.6
1.6770        -5977.016    -6014.043       37.027   293.8
1.6775        -5977.005    -6014.053       37.049   294.0
1.6780        -5977.011    -6014.067       37.056   294.0
1.6785        -5976.997    -6014.083       37.085   294.3
1.6790        -5977.039    -6014.100       37.061   294.1
1.6795        -5977.043    -6014.118       37.076   294.2
1.6800        -5977.070    -6014.137       37.067   294.1
1.6805        -5977.127    -6014.155       37.029   293.8
1.6810        -5977.062    -6014.172       37.110   294.5
1.6815        -5977.047    -6014.188       37.141   294.7
1.6820        -5976.997    -6014.205       37.209   295.2
1.6825        -5977.032    -6014.223       37.191   295.1
1.6830        -5976.923    -6014.240       37.317   296.1
1.6835        -5976.925    -6014.256       37.331   296.2
1.6840        -5977.011    -6014.270       37.259   295.6
1.6845        -5977.015    -6014.283       37.268   295.7
1.6850        -5977.091    -6014.293       37.202   295.2
1.6855        -5977.152    -6014.302       37.151   294.8
1.6860        -5977.173    -6014.310       37.137   294.7
1.6865        -5977.143    -6014.315       37.171   294.9
1.6870        -5977.138    -6014.317       37.179   295.0
1.6875        -5977.064    -6014.317       37.253   295.6
1.6880        -5977.122    -6014.313       37.191   295.1
1.6885        -5977.020    -6014.310       37.290   295.9
1.6890        -5976.920    -6014.304       37.384   296.6
1.6895        -5976.974    -6014.296       37.321   296.1
1.6900        -5977.056    -6014.285       37.229   295.4
1.6905        -5977.085    -6014.270       37.186   295.1
1.6910        -5977.079    -6014.254       37.175   295.0
1.6915        -5976.978    -6014.237       37.259   295.6
1.6920        -5976.988    -6014.217       37.228   295.4
1.6925        -5976.877    -6014.192       37.315   296.1
1.6930        -5976.837    -6014.166       37.329   296.2
1.6935        -5976.800    -6014.136       37.336   296.3
1.6940        -5976.849    -6014.104       37.256   295.6
1.6945        -5976.981    -6014.069       37.088   294.3
1.6950        -5976.970    -6014.031       37.061   294.1
1.6955        -5976.932    -6013.993       37.061   294.1
1.6960        -5976.950    -6013.953       37.003   293.6
1.6965        -5976.930    -6013.910       36.980   293.4
1.6970        -5976.942    -6013.867       36.926   293.0
1.6975        -5976.821    -6013.823       37.002   293.6
1.6980        -5976.917    -6013.779       36.862   292.5
1.6985        -5976.964    -6013.734       36.770   291.8
1.6990        -5977.003    -6013.688       36.685   291.1
1.6995        -5977.100    -6013.641       36.541   289.9
1.7000        -5976.977    -6013.594       36.617   290.5
1.7005        -5976.960    -6013.547       36.586   290.3
1.7010        -5976.957    -6013.500       36.543   290.0
1.7015        -5977.020    -6013.452       36.432   289.1
1.7020        -5976.931    -6013.405       36.474   289.4
1.7025        -5976.909    -6013.356       36.447   289.2
1.7030        -5976.999    -6013.309       36.311   288.1
1.7035        -5976.967    -6013.265       36.298   288.0
1.7040        -5976.986    -6013.222       36.236   287.5
1.7045        -5977.090    -6013.182       36.091   286.4
1.7050        -5977.081    -6013.142       36.061   286.1
1.7055        -5977.045    -6013.106       36.061   286.1
1.7060        -5977.002    -6013.072       36.070   286.2
1.7065        -5976.926    -6013.041       36.115   286.6
1.7070        -5976.980    -6013.012       36.032   285.9
1.7075        -5976.999    -6012.986       35.987   285.5
1.7080        -5976.985    -6012.962       35.978   285.5
1.7085        -5977.033    -6012.942       35.909   284.9
1.7090        -5977.038    -6012.925       35.887   284.8
1.7095        -5977.101    -6012.910       35.809   284.1
1.7100        -5977.114    -6012.900       35.785   283.9
1.7105        -5977.069    -6012.892       35.823   284.2
1.7110        -5977.082    -6012.889       35.807   284.1
1.7115        -5977.058    -6012.886       35.828   284.3
1.7120        -5977.096    -6012.888       35.792   284.0
1.7125        -5977.095    -6012.893       35.798   284.1
1.7130        -5977.073    -6012.901       35.828   284.3
1.7135        -5977.137    -6012.914       35.778   283.9
1.7140        -5977.237    -6012.932       35.694   283.2
1.7145        -5977.348    -6012.953       35.605   282.5
1.7150        -5977.290    -6012.975       35.685   283.2
1.7155        -5977.332    -6013.000       35.668   283.0
1.7160        -5977.333    -6013.029       35.696   283.2
1.7165        -5977.292    -6013.061       35.770   283.8
1.7170        -5977.202    -6013.096       35.893   284.8
1.7175        -5977.247    -6013.131       35.883   284.7
1.7180        -5977.281    -6013.164       35.883   284.7
1.7185        -5977.218    -6013.198       35.980   285.5
1.7190        -5977.368    -6013.232       35.863   284.6
1.7195        -5977.353    -6013.266       35.912   285.0
1.7200        -5977.295    -6013.299       36.004   285.7
1.7205        -5977.307    -6013.331       36.024   285.8
1.7210        -5977.250    -6013.362       36.112   286.5
1.7215        -5977.212    -6013.391       36.178   287.1
1.7220        -5977.158    -6013.417       36.259   287.7
1.7225        -5977.212    -6013.439       36.227   287.4
1.7230        -5977.290    -6013.458       36.169   287.0
1.7235        -5977.231    -6013.476       36.244   287.6
1.7240        -5977.181    -6013.491       36.310   288.1
1.7245        -5977.193    -6013.502       36.309   288.1
1.7250        -5977.311    -6013.511       36.200   287.2
1.7255        -5977.411    -6013.518       36.108   286.5
1.7260        -5977.367    -6013.524       36.158   286.9
1.7265        -5977.396    -6013.532       36.136   286.7
1.7270        -5977.407    -6013.537       36.130   286.7
1.7275        -5977.442    -6013.543       36.101   286.5
1.7280        -5977.487    -6013.547       36.060   286.1
1.7285        -5977.433    -6013.549       36.117   286.6
1.7290        -5977.410    -6013.552       36.142   286.8
1.7295        -5977.424    -6013.553       36.130   286.7
1.7300        -5977.472    -6013.556       36.084   286.3
1.7305        -5977.479    -6013.561       36.082   286.3
1.7310        -5977.584    -6013.570       35.985   285.5
1.7315        -5977.647    -6013.581       35.934   285.1
1.7320        -5977.760    -6013.590       35.831   284.3
1.7325        -5977.759    -6013.599       35.841   284.4
1.7330        -5977.684    -6013.608       35.923   285.0
1.7335        -5977.737    -6013.618       35.881   284.7
1.7340        -5977.777    -6013.632       35.855   284.5
1.7345        -5977.798    -6013.651       35.853   284.5
1.7350        -5977.718    -6013.673       35.955   285.3
1.7355        -5977.674    -6013.696       36.022   285.8
1.7360        -5977.699    -6013.723       36.024   285.8
1.7365        -5977.590    -6013.751       36.161   286.9
1.7370        -5977.601    -6013.777       36.176   287.0
1.7375        -5977.568    -6013.805       36.237   287.5
1.7380        -5977.611    -6013.832       36.221   287.4
1.7385        -5977.654    -6013.861       36.208   287.3
1.7390        -5977.701    -6013.891       36.190   287.2
1.7395        -5977.677    -6013.922       36.245   287.6
1.7400        -5977.670    -6013.954       36.284   287.9
1.7405        -5977.717    -6013.987       36.270   287.8
1.7410        -5977.847    -6014.020       36.173   287.0
1.7415        -5977.743    -6014.054       36.312   288.1
1.7420        -5977.732    -6014.088       36.357   288.5
1.7425        -5977.754    -6014.121       36.368   288.6
1.7430        -5977.805    -6014.156       36.351   288.4
1.7435        -5977.849    -6014.192       36.343   288.4
1.7440        -5977.829    -6014.229       36.400   288.8
1.7445        -5977.812    -6014.267       36.455   289.3
1.7450        -5977.837    -6014.307       36.470   289.4
1.7455        -5977.833    -6014.348       36.515   289.7
1.7460        -5977.719    -6014.391       36.672   291.0
1.7465        -5977.681    -6014.434       36.752   291.6
1.7470        -5977.738    -6014.477       36.739   291.5
1.7475        -5977.685    -6014.522       36.837   292.3
1.7480        -5977.666    -6014.570       36.904   292.8
1.7485        -5977.660    -6014.621       36.962   293.3
1.7490        -5977.748    -6014.672       36.924   293.0
1.7495        -5977.792    -6014.726       36.934   293.1
1.7500        -5977.684    -6014.781       37.097   294.4
1.7505        -5977.659    -6014.836       37.177   295.0
1.7510        -5977.597    -6014.889       37.292   295.9
1.7515        -5977.594    -6014.943       37.349   296.4
1.7520        -5977.537    -6014.998       37.461   297.2
1.7525        -5977.533    -6015.054       37.521   297.7
1.7530        -5977.649    -6015.109       37.460   297.2
1.7535        -5977.677    -6015.166       37.490   297.5
1.7540        -5977.728    -6015.224       37.496   297.5
1.7545        -5977.705    -6015.281       37.576   298.2
1.7550        -5977.669    -6015.336       37.667   298.9
1.7555        -5977.641    -6015.388       37.747   299.5
1.7560        -5977.574    -6015.438       37.865   300.4
1.7565        -5977.589    -6015.486       37.897   300.7
1.7570        -5977.648    -6015.532       37.885   300.6
1.7575        -5977.564    -6015.576       38.012   301.6
1.7580        -5977.505    -6015.616       38.111   302.4
1.7585        -5977.462    -6015.653       38.191   303.0
1.7590        -5977.413    -6015.688       38.275   303.7
1.7595        -5977.428    -6015.719       38.291   303.8
1.7600        -5977.438    -6015.745       38.307   304.0
1.7605        -5977.421    -6015.765       38.344   304.2
1.7610        -5977.431    -6015.783       38.352   304.3
1.7615        -5977.445    -6015.798       38.353   304.3
1.7620        -5977.395    -6015.809       38.414   304.8
1.7625        -5977.352    -6015.817       38.464   305.2
1.7630        -5977.593    -6015.820       38.227   303.3
1.7635        -5977.621    -6015.817       38.197   303.1
1.7640        -5977.629    -6015.812       38.184   303.0
1.7645        -5977.608    -6015.805       38.197   303.1
1.7650        -5977.621    -6015.794       38.174   302.9
1.7655        -5977.508    -6015.781       38.273   303.7
1.7660        -5977.565    -6015.767       38.202   303.1
1.7665        -5977.635    -6015.750       38.115   302.4
1.7670        -5977.699    -6015.733       38.034   301.8
1.7675        -5977.725    -6015.715       37.990   301.4
1.7680        -5977.745    -6015.696       37.951   301.1
1.7685        -5977.804    -6015.674       37.870   300.5
1.7690        -5977.691    -6015.652       37.961   301.2
1.7695        -5977.792    -6015.629       37.837   300.2
1.7700        -5977.617    -6015.604       37.987   301.4
1.7705        -5977.609    -6015.580       37.971   301.3
1.7710        -5977.571    -6015.552       37.982   301.4
1.7715        -5977.596    -6015.523       37.927   300.9
1.7720        -5977.615    -6015.494       37.879   300.6
1.7725        -5977.636    -6015.464       37.828   300.2
1.7730        -5977.665    -6015.431       37.766   299.7
1.7735        -5977.612    -6015.396       37.784   299.8
1.7740        -5977.645    -6015.358       37.713   299.2
1.7745        -5977.707    -6015.319       37.612   298.4
1.7750        -5977.655    -6015.278       37.624   298.5
1.7755        -5977.543    -6015.234       37.691   299.1
1.7760        -5977.535    -6015.187       37.651   298.8
1.7765        -5977.581    -6015.137       37.555   298.0
1.7770        -5977.657    -6015.083       37.425   297.0
1.7775        -5977.622    -6015.026       37.405   296.8
1.7780        -5977.590    -6014.966       37.376   296.6
1.7785        -5977.640    -6014.903       37.262   295.7
1.7790        -5977.612    -6014.837       37.224   295.4
1.7795        -5977.502    -6014.768       37.266   295.7
1.7800        -5977.517    -6014.700       37.183   295.0
1.7805        -5977.587    -6014.632       37.045   293.9
1.7810        -5977.670    -6014.562       36.892   292.7
1.7815        -5977.675    -6014.493       36.817   292.1
1.7820        -5977.621    -6014.424       36.803   292.0
1.7825        -5977.584    -6014.356       36.772   291.8
1.7830        -5977.528    -6014.292       36.763   291.7
1.7835        -5977.622    -6014.229       36.607   290.5
1.7840        -5977.578    -6014.169       36.591   290.3
1.7845        -5977.634    -6014.109       36.475   289.4
1.7850        -5977.567    -6014.051       36.484   289.5
1.7855        -5977.558    -6013.993       36.435   289.1
1.7860        -5977.522    -6013.939       36.417   289.0
1.7865        -5977.489    -6013.887       36.399   288.8
1.7870        -5977.402    -6013.840       36.439   289.1
1.7875        -5977.396    -6013.797       36.401   288.8
1.7880        -5977.444    -6013.759       36.315   288.1
1.7885        -5977.477    -6013.723       36.246   287.6
1.7890        -5977.365    -6013.694       36.329   288.3
1.7895        -5977.324    -6013.671       36.347   288.4
1.7900        -5977.219    -6013.654       36.436   289.1
1.7905        -5977.134    -6013.643       36.510   289.7
1.7910        -5977.070    -6013.634       36.564   290.1
1.7915        -5976.982    -6013.625       36.643   290.8
1.7920        -5976.980    -6013.617       36.637   290.7
1.7925        -5976.972    -6013.612       36.641   290.7
1.7930        -5977.003    -6013.611       36.609   290.5
1.7935        -5977.084    -6013.611       36.527   289.8
1.7940        -5977.038    -6013.612       36.574   290.2
1.7945        -5977.108    -6013.619       36.511   289.7
1.7950        -5977.093    -6013.630       36.537   289.9
1.7955        -5977.053    -6013.641       36.588   290.3
1.7960        -5977.059    -6013.653       36.593   290.4
1.7965        -5976.996    -6013.667       36.671   291.0
1.7970        -5976.928    -6013.684       36.756   291.6
1.7975        -5976.937    -6013.702       36.765   291.7
1.7980        -5976.981    -6013.724       36.743   291.5
1.7985        -5976.916    -6013.749       36.833   292.3
1.7990        -5976.942    -6013.776       36.835   292.3
1.7995        -5976.870    -6013.804       36.933   293.1
1.8000        -5976.922    -6013.831       36.909   292.9
1.8005        -5976.760    -6013.860       37.100   294.4
1.8010        -5976.772    -6013.889       37.117   294.5
1.8015        -5976.735    -6013.920       37.185   295.1
1.8020        -5976.771    -6013.950       37.179   295.0
1.8025        -5976.830    -6013.978       37.148   294.8
1.8030        -5976.792    -6014.007       37.215   295.3
1.8035        -5976.857    -6014.038       37.181   295.0
1.8040        -5976.957    -6014.072       37.115   294.5
1.8045        -5977.018    -6014.105       37.087   294.3
1.8050        -5976.963    -6014.139       37.176   295.0
1.8055        -5977.001    -6014.172       37.171   294.9
1.8060        -5977.086    -6014.205       37.119   294.5
1.8065        -5977.062    -6014.236       37.174   295.0
1.8070        -5977.122    -6014.266       37.143   294.7
1.8075        -5977.114    -6014.293       37.179   295.0
1.8080        -5977.140    -6014.319       37.179   295.0
1.8085        -5977.161    -6014.344       37.183   295.0
1.8090        -5977.245    -6014.365       37.120   294.5
1.8095        -5977.251    -6014.385       37.134   294.6
1.8100        -5977.277    -6014.401       37.124   294.6
1.8105        -5977.281    -6014.414       37.133   294.6
1.8110        -5977.197    -6014.423       37.225   295.4
1.8115        -5977.125    -6014.426       37.301   296.0
1.8120        -5977.194    -6014.426       37.232   295.4
1.8125        -5977.161    -6014.424       37.263   295.7
1.8130        -5977.164    -6014.418       37.254   295.6
1.8135        -5977.167    -6014.407       37.241   295.5
1.8140        -5977.241    -6014.392       37.151   294.8
1.8145        -5977.245    -6014.371       37.127   294.6
1.8150        -5977.259    -6014.348       37.088   294.3
1.8155        -5977.372    -6014.321       36.949   293.2
1.8160        -5977.342    -6014.294       36.952   293.2
1.8165        -5977.424    -6014.264       36.840   292.3
1.8170        -5977.332    -6014.232       36.900   292.8
1.8175        -5977.411    -6014.196       36.785   291.9
1.8180        -5977.419    -6014.159       36.740   291.5
1.8185        -5977.381    -6014.119       36.738   291.5
1.8190        -5977.484    -6014.082       36.598   290.4
1.8195        -5977.496    -6014.045       36.549   290.0
1.8200        -5977.559    -6014.006       36.447   289.2
1.8205        -5977.630    -6013.968       36.338   288.3
1.8210        -5977.634    -6013.930       36.296   288.0
1.8215        -5977.640    -6013.891       36.252   287.6
1.8220        -5977.707    -6013.853       36.146   286.8
1.8225        -5977.772    -6013.817       36.045   286.0
1.8230        -5977.837    -6013.783       35.946   285.2
1.8235        -5977.828    -6013.754       35.926   285.1
1.8240        -5977.846    -6013.727       35.881   284.7
1.8245        -5977.868    -6013.702       35.835   284.3
1.8250        -5977.886    -6013.679       35.793   284.0
1.8255        -5977.915    -6013.660       35.745   283.6
1.8260        -5977.837    -6013.644       35.807   284.1
1.8265        -5977.802    -6013.628       35.826   284.3
1.8270        -5977.806    -6013.617       35.811   284.2
1.8275        -5977.803    -6013.608       35.805   284.1
1.8280        -5977.684    -6013.604       35.920   285.0
1.8285        -5977.655    -6013.604       35.949   285.2
1.8290        -5977.657    -6013.607       35.951   285.3
1.8295        -5977.506    -6013.610       36.104   286.5
1.8300        -5977.459    -6013.616       36.157   286.9
1.8305        -5977.408    -6013.622       36.214   287.4
1.8310        -5977.417    -6013.632       36.215   287.4
1.8315        -5977.478    -6013.645       36.167   287.0
1.8320        -5977.384    -6013.661       36.277   287.9
1.8325        -5977.338    -6013.680       36.342   288.4
1.8330        -5977.327    -6013.696       36.370   288.6
1.8335        -5977.275    -6013.714       36.438   289.1
1.8340        -5977.291    -6013.730       36.439   289.1
1.8345        -5977.292    -6013.749       36.457   289.3
1.8350        -5977.344    -6013.768       36.425   289.0
1.8355        -5977.380    -6013.788       36.408   288.9
1.8360        -5977.446    -6013.807       36.361   288.5
1.8365        -5977.461    -6013.824       36.363   288.5
1.8370        -5977.536    -6013.842       36.306   288.1
1.8375        -5977.512    -6013.863       36.351   288.4
1.8380        -5977.523    -6013.883       36.361   288.5
1.8385        -5977.482    -6013.901       36.420   289.0
1.8390        -5977.498    -6013.919       36.421   289.0
1.8395        -5977.475    -6013.934       36.458   289.3
1.8400        -5977.542    -6013.949       36.407   288.9
1.8405        -5977.618    -6013.964       36.346   288.4
1.8410        -5977.583    -6013.977       36.394   288.8
1.8415        -5977.558    -6013.989       36.432   289.1
1.8420        -5977.598    -6014.000       36.402   288.8
1.8425        -5977.526    -6014.008       36.482   289.5
1.8430        -5977.534    -6014.016       36.482   289.5
1.8435        -5977.562    -6014.025       36.463   289.3
1.8440        -5977.526    -6014.031       36.505   289.7
1.8445        -5977.597    -6014.032       36.435   289.1
1.8450        -5977.696    -6014.033       36.337   288.3
1.8455        -5977.751    -6014.033       36.282   287.9
1.8460        -5977.797    -6014.035       36.238   287.5
1.8465        -5977.867    -6014.037       36.170   287.0
1.8470        -5977.688    -6014.040       36.353   288.4
1.8475        -5977.667    -6014.043       36.376   288.6
1.8480        -5977.638    -6014.045       36.407   288.9
1.8485        -5977.624    -6014.044       36.420   289.0
1.8490        -5977.486    -6014.041       36.555   290.1
1.8495        -5977.466    -6014.041       36.574   290.2
1.8500        -5977.440    -6014.039       36.599   290.4
1.8505        -5977.531    -6014.037       36.506   289.7
1.8510        -5977.464    -6014.037       36.573   290.2
1.8515        -5977.460    -6014.040       36.581   290.3
1.8520        -5977.410    -6014.044       36.634   290.7
1.8525        -5977.438    -6014.046       36.609   290.5
1.8530        -5977.342    -6014.048       36.705   291.2
1.8535        -5977.354    -6014.048       36.694   291.2
1.8540        -5977.348    -6014.047       36.699   291.2
1.8545        -5977.269    -6014.049       36.780   291.8
1.8550        -5977.192    -6014.050       36.858   292.5
1.8555        -5977.231    -6014.051       36.820   292.2
1.8560        -5977.226    -6014.054       36.828   292.2
1.8565        -5977.204    -6014.058       36.854   292.4
1.8570        -5977.151    -6014.062       36.910   292.9
1.8575        -5977.156    -6014.067       36.911   292.9
1.8580        -5977.127    -6014.071       36.944   293.1
1.8585        -5977.165    -6014.076       36.911   292.9
1.8590        -5977.187    -6014.085       36.897   292.8
1.8595        -5977.124    -6014.096       36.972   293.4
1.8600        -5977.217    -6014.108       36.891   292.7
1.8605        -5977.220    -6014.121       36.901   292.8
1.8610        -5977.235    -6014.133       36.898   292.8
1.8615        -5977.208    -6014.144       36.936   293.1
1.8620        -5977.177    -6014.153       36.977   293.4
1.8625        -5977.160    -6014.158       36.998   293.6
1.8630        -5977.253    -6014.162       36.909   292.9
1.8635        -5977.151    -6014.163       37.012   293.7
1.8640        -5977.064    -6014.164       37.100   294.4
1.8645        -5977.034    -6014.164       37.129   294.6
1.8650        -5976.951    -6014.161       37.209   295.2
1.8655        -5976.907    -6014.155       37.247   295.5
1.8660        -5976.933    -6014.144       37.211   295.3
1.8665        -5976.963    -6014.133       37.170   294.9
1.8670        -5976.887    -6014.117       37.230   295.4
1.8675        -5976.878    -6014.098       37.220   295.3
1.8680        -5976.816    -6014.075       37.258   295.6
1.8685        -5976.812    -6014.048       37.236   295.5
1.8690        -5976.909    -6014.018       37.108   294.4
1.8695        -5976.957    -6013.984       37.027   293.8
1.8700        -5976.950    -6013.947       36.998   293.6
1.8705        -5976.961    -6013.905       36.944   293.1
1.8710        -5976.908    -6013.858       36.950   293.2
1.8715        -5976.992    -6013.809       36.817   292.1
1.8720        -5976.943    -6013.756       36.813   292.1
1.8725        -5976.938    -6013.699       36.761   291.7
1.8730        -5976.856    -6013.638       36.782   291.9
1.8735        -5976.796    -6013.573       36.777   291.8
1.8740        -5976.799    -6013.504       36.705   291.2
1.8745        -5976.843    -6013.434       36.591   290.3
1.8750        -5976.826    -6013.366       36.540   289.9
1.8755        -5976.880    -6013.297       36.417   289.0
1.8760        -5976.944    -6013.227       36.283   287.9
1.8765        -5976.990    -6013.159       36.170   287.0
1.8770        -5977.003    -6013.093       36.089   286.4
1.8775        -5977.080    -6013.028       35.948   285.2
1.8780        -5977.041    -6012.965       35.924   285.0
1.8785        -5977.174    -6012.903       35.728   283.5
1.8790        -5977.178    -6012.842       35.664   283.0
1.8795        -5977.099    -6012.783       35.684   283.1
1.8800        -5977.016    -6012.726       35.710   283.4
1.8805        -5977.122    -6012.673       35.551   282.1
1.8810        -5977.076    -6012.622       35.545   282.0
1.8815        -5977.072    -6012.576       35.504   281.7
1.8820        -5977.101    -6012.532       35.431   281.1
1.8825        -5977.155    -6012.492       35.337   280.4
1.8830        -5977.031    -6012.455       35.425   281.1
1.8835        -5977.130    -6012.425       35.295   280.1
1.8840        -5977.176    -6012.400       35.224   279.5
1.8845        -5977.169    -6012.381       35.212   279.4
1.8850        -5977.107    -6012.369       35.262   279.8
1.8855        -5977.200    -6012.362       35.162   279.0
1.8860        -5977.222    -6012.360       35.138   278.8
1.8865        -5977.286    -6012.362       35.076   278.3
1.8870        -5977.297    -6012.370       35.073   278.3
1.8875        -5977.317    -6012.383       35.066   278.2
1.8880        -5977.261    -6012.400       35.139   278.8
1.8885        -5977.287    -6012.418       35.131   278.8
1.8890        -5977.161    -6012.437       35.277   279.9
1.8895        -5977.175    -6012.459       35.283   280.0
1.8900        -5977.113    -6012.483       35.369   280.6
1.8905        -5977.119    -6012.509       35.390   280.8
1.8910        -5977.084    -6012.537       35.454   281.3
1.8915        -5977.052    -6012.568       35.516   281.8
1.8920        -5977.020    -6012.600       35.581   282.3
1.8925        -5977.000    -6012.634       35.634   282.7
1.8930        -5976.955    -6012.671       35.716   283.4
1.8935        -5976.958    -6012.709       35.751   283.7
1.8940        -5977.021    -6012.745       35.725   283.5
1.8945        -5977.075    -6012.781       35.706   283.3
1.8950        -5977.093    -6012.818       35.725   283.5
1.8955        -5976.986    -6012.852       35.866   284.6
1.8960        -5976.958    -6012.888       35.931   285.1
1.8965        -5976.870    -6012.926       36.057   286.1
1.8970        -5976.811    -6012.965       36.154   286.9
1.8975        -5976.770    -6013.004       36.234   287.5
1.8980        -5976.805    -6013.044       36.239   287.5
1.8985        -5976.915    -6013.084       36.169   287.0
1.8990        -5977.063    -6013.122       36.059   286.1
1.8995        -5977.019    -6013.162       36.144   286.8
1.9000        -5977.019    -6013.203       36.184   287.1
1.9005        -5977.114    -6013.245       36.131   286.7
1.9010        -5977.084    -6013.286       36.202   287.3
1.9015        -5977.081    -6013.330       36.249   287.6
1.9020        -5977.010    -6013.373       36.363   288.5
1.9025        -5976.953    -6013.418       36.465   289.3
1.9030        -5976.987    -6013.464       36.477   289.4
1.9035        -5977.003    -6013.510       36.507   289.7
1.9040        -5977.040    -6013.558       36.518   289.8
1.9045        -5976.953    -6013.605       36.652   290.8
1.9050        -5976.915    -6013.653       36.738   291.5
1.9055        -5976.878    -6013.703       36.825   292.2
1.9060        -5976.807    -6013.754       36.948   293.2
1.9065        -5976.678    -6013.804       37.126   294.6
1.9070        -5976.683    -6013.853       37.170   294.9
1.9075        -5976.740    -6013.901       37.161   294.9
1.9080        -5976.719    -6013.945       37.227   295.4
1.9085        -5976.677    -6013.988       37.311   296.1
1.9090        -5976.776    -6014.028       37.252   295.6
1.9095        -5976.914    -6014.069       37.155   294.8
1.9100        -5976.910    -6014.109       37.199   295.2
1.9105        -5976.876    -6014.145       37.270   295.7
1.9110        -5976.840    -6014.178       37.338   296.3
1.9115        -5976.803    -6014.209       37.405   296.8
1.9120        -5976.768    -6014.237       37.470   297.3
1.9125        -5976.710    -6014.263       37.553   298.0
1.9130        -5976.625    -6014.286       37.661   298.8
1.9135        -5976.543    -6014.306       37.763   299.6
1.9140        -5976.624    -6014.319       37.694   299.1
1.9145        -5976.507    -6014.327       37.820   300.1
1.9150        -5976.491    -6014.331       37.841   300.3
1.9155        -5976.411    -6014.333       37.923   300.9
1.9160        -5976.375    -6014.332       37.957   301.2
1.9165        -5976.405    -6014.328       37.923   300.9
1.9170        -5976.440    -6014.321       37.881   300.6
1.9175        -5976.464    -6014.311       37.846   300.3
1.9180        -5976.499    -6014.298       37.799   299.9
1.9185        -5976.527    -6014.281       37.754   299.6
1.9190        -5976.515    -6014.261       37.746   299.5
1.9195        -5976.442    -6014.239       37.797   299.9
1.9200        -5976.530    -6014.219       37.688   299.0
1.9205        -5976.543    -6014.198       37.655   298.8
1.9210        -5976.469    -6014.176       37.707   299.2
1.9215        -5976.482    -6014.154       37.672   298.9
1.9220        -5976.494    -6014.132       37.638   298.6
1.9225        -5976.555    -6014.109       37.554   298.0
1.9230        -5976.511    -6014.089       37.578   298.2
1.9235        -5976.392    -6014.072       37.681   299.0
1.9240        -5976.412    -6014.057       37.645   298.7
1.9245        -5976.401    -6014.045       37.644   298.7
1.9250        -5976.399    -6014.034       37.635   298.6
1.9255        -5976.348    -6014.026       37.678   299.0
1.9260        -5976.267    -6014.019       37.752   299.6
1.9265        -5976.420    -6014.016       37.597   298.3
1.9270        -5976.463    -6014.017       37.555   298.0
1.9275        -5976.347    -6014.021       37.674   298.9
1.9280        -5976.273    -6014.026       37.754   299.6
1.9285        -5976.313    -6014.034       37.720   299.3
1.9290        -5976.340    -6014.045       37.705   299.2
1.9295        -5976.309    -6014.060       37.751   299.5
1.9300        -5976.386    -6014.078       37.692   299.1
1.9305        -5976.460    -6014.100       37.640   298.7
1.9310        -5976.488    -6014.124       37.636   298.6
1.9315        -5976.551    -6014.148       37.598   298.3
1.9320        -5976.638    -6014.172       37.534   297.8
1.9325        -5976.740    -6014.197       37.457   297.2
1.9330        -5976.716    -6014.224       37.508   297.6
1.9335        -5976.745    -6014.251       37.506   297.6
1.9340        -5976.708    -6014.281       37.573   298.1
1.9345        -5976.760    -6014.311       37.552   298.0
1.9350        -5976.770    -6014.341       37.572   298.1
1.9355        -5976.891    -6014.373       37.481   297.4
1.9360        -5976.916    -6014.404       37.488   297.5
1.9365        -5976.821    -6014.434       37.613   298.5
1.9370        -5976.899    -6014.463       37.564   298.1
1.9375        -5976.855    -6014.489       37.635   298.6
1.9380        -5976.797    -6014.512       37.716   299.3
1.9385        -5976.805    -6014.532       37.727   299.4
1.9390        -5976.800    -6014.548       37.748   299.5
1.9395        -5976.814    -6014.560       37.746   299.5
1.9400        -5976.887    -6014.566       37.679   299.0
1.9405        -5976.805    -6014.568       37.763   299.6
1.9410        -5976.781    -6014.568       37.786   299.8
1.9415        -5976.806    -6014.565       37.759   299.6
1.9420        -5976.794    -6014.560       37.766   299.7
1.9425        -5976.765    -6014.552       37.787   299.8
1.9430        -5976.811    -6014.541       37.730   299.4
1.9435        -5976.876    -6014.530       37.654   298.8
1.9440        -5976.799    -6014.516       37.716   299.3
1.9445        -5976.808    -6014.499       37.691   299.1
1.9450        -5976.732    -6014.482       37.749   299.5
1.9455        -5976.708    -6014.463       37.755   299.6
1.9460        -5976.615    -6014.443       37.827   300.1
1.9465        -5976.631    -6014.422       37.791   299.9
1.9470        -5976.692    -6014.401       37.708   299.2
1.9475        -5976.694    -6014.381       37.687   299.0
1.9480        -5976.651    -6014.359       37.708   299.2
1.9485        -5976.693    -6014.337       37.644   298.7
1.9490        -5976.722    -6014.315       37.593   298.3
1.9495        -5976.607    -6014.293       37.686   299.0
1.9500        -5976.568    -6014.271       37.703   299.2
1.9505        -5976.575    -6014.248       37.673   298.9
1.9510        -5976.575    -6014.227       37.652   298.8
1.9515        -5976.585    -6014.207       37.622   298.5
1.9520        -5976.515    -6014.188       37.673   298.9
1.9525        -5976.580    -6014.167       37.587   298.2
1.9530        -5976.447    -6014.147       37.700   299.1
1.9535        -5976.459    -6014.129       37.670   298.9
1.9540        -5976.506    -6014.112       37.606   298.4
1.9545        -5976.618    -6014.096       37.478   297.4
1.9550        -5976.672    -6014.080       37.408   296.8
1.9555        -5976.693    -6014.064       37.371   296.5
1.9560        -5976.545    -6014.051       37.505   297.6
1.9565        -5976.545    -6014.037       37.492   297.5
1.9570        -5976.390    -6014.025       37.635   298.6
1.9575        -5976.467    -6014.017       37.550   298.0
1.9580        -5976.440    -6014.009       37.568   298.1
1.9585        -5976.440    -6014.000       37.560   298.0
1.9590        -5976.516    -6013.991       37.475   297.4
1.9595        -5976.525    -6013.981       37.457   297.2
1.9600        -5976.489    -6013.974       37.485   297.4
1.9605        -5976.486    -6013.970       37.484   297.4
1.9610        -5976.488    -6013.968       37.480   297.4
1.9615        -5976.502    -6013.966       37.465   297.3
1.9620        -5976.478    -6013.966       37.488   297.5
1.9625        -5976.458    -6013.968       37.510   297.6
1.9630        -5976.473    -6013.969       37.496   297.5
1.9635        -5976.505    -6013.968       37.463   297.3
1.9640        -5976.458    -6013.961       37.503   297.6
1.9645        -5976.471    -6013.954       37.483   297.4
1.9650        -5976.463    -6013.946       37.483   297.4
1.9655        -5976.441    -6013.937       37.496   297.5
1.9660        -5976.387    -6013.925       37.538   297.9
1.9665        -5976.379    -6013.913       37.533   297.8
1.9670        -5976.447    -6013.900       37.453   297.2
1.9675        -5976.565    -6013.884       37.319   296.1
1.9680        -5976.610    -6013.865       37.255   295.6
1.9685        -5976.620    -6013.847       37.227   295.4
1.9690        -5976.550    -6013.827       37.277   295.8
1.9695        -5976.537    -6013.806       37.270   295.7
1.9700        -5976.574    -6013.784       37.210   295.2
1.9705        -5976.440    -6013.760       37.320   296.1
1.9710        -5976.432    -6013.734       37.303   296.0
1.9715        -5976.473    -6013.711       37.238   295.5
1.9720        -5976.454    -6013.691       37.237   295.5
1.9725        -5976.445    -6013.671       37.226   295.4
1.9730        -5976.456    -6013.649       37.193   295.1
1.9735        -5976.433    -6013.629       37.196   295.1
1.9740        -5976.478    -6013.611       37.133   294.6
1.9745        -5976.405    -6013.593       37.187   295.1
1.9750        -5976.464    -6013.574       37.110   294.5
1.9755        -5976.435    -6013.556       37.121   294.5
1.9760        -5976.361    -6013.540       37.179   295.0
1.9765        -5976.438    -6013.525       37.087   294.3
1.9770        -5976.486    -6013.509       37.023   293.8
1.9775        -5976.570    -6013.495       36.925   293.0
1.9780        -5976.530    -6013.483       36.954   293.2
1.9785        -5976.557    -6013.473       36.916   292.9
1.9790        -5976.574    -6013.462       36.888   292.7
1.9795        -5976.566    -6013.449       36.884   292.7
1.9800        -5976.577    -6013.435       36.858   292.5
1.9805        -5976.540    -6013.419       36.879   292.6
1.9810        -5976.602    -6013.404       36.802   292.0
1.9815        -5976.607    -6013.387       36.781   291.8
1.9820        -5976.510    -6013.372       36.863   292.5
1.9825        -5976.506    -6013.358       36.853   292.4
1.9830        -5976.517    -6013.347       36.830   292.2
1.9835        -5976.486    -6013.338       36.852   292.4
1.9840        -5976.575    -6013.333       36.758   291.7
1.9845        -5976.578    -6013.329       36.751   291.6
1.9850        -5976.692    -6013.326       36.635   290.7
1.9855        -5976.717    -6013.327       36.610   290.5
1.9860        -5976.602    -6013.332       36.730   291.4
1.9865        -5976.626    -6013.340       36.714   291.3
1.9870        -5976.649    -6013.353       36.703   291.2
1.9875        -5976.676    -6013.370       36.694   291.2
1.9880        -5976.609    -6013.391       36.782   291.9
1.9885        -5976.636    -6013.416       36.780   291.8
1.9890        -5976.682    -6013.447       36.765   291.7
1.9895        -5976.789    -6013.481       36.692   291.1
1.9900        -5976.821    -6013.520       36.699   291.2
1.9905        -5976.788    -6013.562       36.774   291.8
1.9910        -5976.863    -6013.606       36.743   291.5
1.9915        -5976.910    -6013.651       36.741   291.5
1.9920        -5977.057    -6013.698       36.641   290.7
1.9925        -5976.986    -6013.747       36.760   291.7
1.9930        -5976.984    -6013.795       36.811   292.1
1.9935        -5977.010    -6013.844       36.834   292.3
1.9940        -5976.954    -6013.894       36.939   293.1
1.9945        -5976.929    -6013.944       37.015   293.7
1.9950        -5976.857    -6013.994       37.137   294.7
1.9955        -5976.920    -6014.042       37.122   294.6
1.9960        -5976.994    -6014.089       37.095   294.3
1.9965        -5976.922    -6014.132       37.209   295.2
1.9970        -5976.847    -6014.168       37.321   296.1
1.9975        -5976.844    -6014.201       37.357   296.4
1.9980        -5976.826    -6014.230       37.405   296.8
1.9985        -5976.841    -6014.256       37.414   296.9
1.9990        -5976.761    -6014.279       37.518   297.7
1.9995        -5976.884    -6014.296       37.412   296.9
2.0000        -5976.992    -6014.308       37.316   296.1
2.0005        -5976.879    -6014.315       37.436   297.0
2.0010        -5976.780    -6014.316       37.536   297.8
2.0015        -5976.754    -6014.309       37.555   298.0
2.0020        -5976.709    -6014.299       37.590   298.3
2.0025        -5976.743    -6014.283       37.540   297.9
2.0030        -5976.823    -6014.262       37.439   297.1
2.0035        -5976.790    -6014.236       37.446   297.1
2.0040        -5976.770    -6014.206       37.436   297.0
2.0045        -5976.806    -6014.172       37.366   296.5
2.0050        -5976.832    -6014.135       37.303   296.0
2.0055        -5976.818    -6014.094       37.276   295.8
2.0060        -5976.763    -6014.050       37.287   295.9
2.0065        -5976.834    -6014.004       37.170   294.9
2.0070        -5976.744    -6013.958       37.215   295.3
2.0075        -5976.645    -6013.912       37.266   295.7
2.0080        -5976.527    -6013.865       37.338   296.3
2.0085        -5976.647    -6013.819       37.172   295.0
2.0090        -5976.694    -6013.773       37.079   294.2
2.0095        -5976.719    -6013.728       37.009   293.7
2.0100        -5976.809    -6013.684       36.876   292.6
2.0105        -5976.763    -6013.645       36.882   292.6
2.0110        -5976.850    -6013.610       36.760   291.7
2.0115        -5976.807    -6013.576       36.769   291.8
2.0120        -5976.884    -6013.543       36.660   290.9
2.0125        -5976.940    -6013.512       36.571   290.2
2.0130        -5977.099    -6013.484       36.385   288.7
2.0135        -5977.092    -6013.458       36.366   288.6
2.0140        -5977.111    -6013.433       36.323   288.2
2.0145        -5977.119    -6013.414       36.295   288.0
2.0150        -5977.058    -6013.399       36.342   288.4
2.0155        -5977.125    -6013.391       36.265   287.8
2.0160        -5977.196    -6013.387       36.191   287.2
2.0165        -5977.209    -6013.387       36.178   287.1
2.0170        -5977.198    -6013.392       36.194   287.2
2.0175        -5977.205    -6013.403       36.198   287.2
2.0180        -5977.187    -6013.418       36.231   287.5
2.0185        -5977.168    -6013.438       36.270   287.8
2.0190        -5977.247    -6013.461       36.214   287.4
2.0195        -5977.230    -6013.490       36.260   287.7
2.0200        -5977.276    -6013.522       36.246   287.6
2.0205        -5977.288    -6013.558       36.271   287.8
2.0210        -5977.313    -6013.598       36.285   287.9
2.0215        -5977.339    -6013.639       36.300   288.0
2.0220        -5977.350    -6013.681       36.331   288.3
2.0225        -5977.351    -6013.723       36.372   288.6
2.0230        -5977.266    -6013.765       36.499   289.6
2.0235        -5977.292    -6013.805       36.514   289.7
2.0240        -5977.342    -6013.844       36.502   289.6
2.0245        -5977.364    -6013.881       36.517   289.8
2.0250        -5977.255    -6013.917       36.663   290.9
2.0255        -5977.298    -6013.953       36.655   290.9
2.0260        -5977.263    -6013.988       36.726   291.4
2.0265        -5977.296    -6014.020       36.725   291.4
2.0270        -5977.419    -6014.049       36.630   290.6
2.0275        -5977.385    -6014.074       36.689   291.1
2.0280        -5977.420    -6014.095       36.675   291.0
2.0285        -5977.380    -6014.113       36.733   291.5
2.0290        -5977.318    -6014.130       36.811   292.1
2.0295        -5977.385    -6014.143       36.758   291.7
2.0300        -5977.401    -6014.153       36.753   291.6
2.0305        -5977.321    -6014.160       36.839   292.3
2.0310        -5977.297    -6014.166       36.869   292.5
2.0315        -5977.207    -6014.168       36.961   293.3
2.0320        -5977.165    -6014.166       37.001   293.6
2.0325        -5977.190    -6014.161       36.970   293.3
2.0330        -5977.197    -6014.152       36.954   293.2
2.0335        -5977.160    -6014.142       36.981   293.4
2.0340        -5977.149    -6014.129       36.979   293.4
2.0345        -5977.119    -6014.115       36.997   293.6
2.0350        -5977.063    -6014.103       37.040   293.9
2.0355        -5977.089    -6014.091       37.002   293.6
2.0360        -5977.069    -6014.079       37.010   293.7
2.0365        -5977.085    -6014.068       36.983   293.5
2.0370        -5977.038    -6014.056       37.018   293.7
2.0375        -5977.108    -6014.044       36.936   293.1
2.0380        -5977.127    -6014.030       36.903   292.8
2.0385        -5977.140    -6014.017       36.877   292.6
2.0390        -5977.100    -6014.005       36.905   292.8
2.0395        -5977.146    -6013.993       36.847   292.4
2.0400        -5977.170    -6013.980       36.810   292.1
2.0405        -5977.138    -6013.966       36.828   292.2
2.0410        -5977.213    -6013.953       36.740   291.5
2.0415        -5977.228    -6013.940       36.712   291.3
2.0420        -5977.325    -6013.928       36.602   290.4
2.0425        -5977.276    -6013.915       36.639   290.7
2.0430        -5977.355    -6013.901       36.546   290.0
2.0435        -5977.329    -6013.886       36.558   290.1
2.0440        -5977.280    -6013.872       36.593   290.4
2.0445        -5977.338    -6013.859       36.520   289.8
2.0450        -5977.268    -6013.845       36.577   290.2
2.0455        -5977.351    -6013.833       36.481   289.5
2.0460        -5977.439    -6013.819       36.380   288.7
2.0465        -5977.377    -6013.808       36.431   289.1
2.0470        -5977.391    -6013.798       36.407   288.9
2.0475        -5977.385    -6013.791       36.405   288.9
2.0480        -5977.316    -6013.785       36.469   289.4
2.0485        -5977.205    -6013.782       36.577   290.2
2.0490        -5977.227    -6013.780       36.553   290.0
2.0495        -5977.219    -6013.780       36.560   290.1
2.0500        -5977.250    -6013.782       36.532   289.9
2.0505        -5977.168    -6013.788       36.620   290.6
2.0510        -5977.181    -6013.795       36.614   290.5
2.0515        -5977.162    -6013.809       36.646   290.8
2.0520        -5977.155    -6013.826       36.672   291.0
2.0525        -5977.177    -6013.849       36.671   291.0
2.0530        -5977.169    -6013.874       36.705   291.2
2.0535        -5977.114    -6013.902       36.787   291.9
2.0540        -5977.159    -6013.934       36.775   291.8
2.0545        -5977.106    -6013.972       36.866   292.5
2.0550        -5977.145    -6014.015       36.870   292.5
2.0555        -5977.141    -6014.058       36.916   292.9
2.0560        -5977.153    -6014.103       36.950   293.2
2.0565        -5977.160    -6014.150       36.990   293.5
2.0570        -5977.194    -6014.197       37.003   293.6
2.0575        -5977.186    -6014.243       37.057   294.0
2.0580        -5977.041    -6014.291       37.250   295.6
2.0585        -5977.080    -6014.340       37.260   295.6
2.0590        -5977.028    -6014.392       37.364   296.5
2.0595        -5977.145    -6014.444       37.299   296.0
2.0600        -5977.159    -6014.498       37.339   296.3
2.0605        -5977.067    -6014.552       37.485   297.4
2.0610        -5977.010    -6014.607       37.596   298.3
2.0615        -5977.064    -6014.662       37.598   298.3
2.0620        -5977.073    -6014.715       37.642   298.7
2.0625        -5977.092    -6014.767       37.675   298.9
2.0630        -5977.165    -6014.819       37.654   298.8
2.0635        -5977.129    -6014.869       37.740   299.5
2.0640        -5977.163    -6014.917       37.755   299.6
2.0645        -5977.231    -6014.963       37.732   299.4
2.0650        -5977.239    -6015.009       37.770   299.7
2.0655        -5977.178    -6015.053       37.875   300.5
2.0660        -5977.078    -6015.094       38.015   301.6
2.0665        -5977.093    -6015.131       38.038   301.8
2.0670        -5977.142    -6015.168       38.027   301.7
2.0675        -5977.122    -6015.203       38.081   302.2
2.0680        -5977.140    -6015.234       38.094   302.3
2.0685        -5977.034    -6015.262       38.227   303.3
2.0690        -5977.005    -6015.284       38.279   303.7
2.0695        -5977.049    -6015.302       38.253   303.5
2.0700        -5977.126    -6015.316       38.189   303.0
2.0705        -5977.150    -6015.329       38.179   302.9
2.0710        -5977.158    -6015.340       38.182   303.0
2.0715        -5977.083    -6015.347       38.265   303.6
2.0720        -5977.124    -6015.352       38.227   303.3
2.0725        -5977.041    -6015.353       38.312   304.0
2.0730        -5977.155    -6015.349       38.194   303.1
2.0735        -5977.133    -6015.341       38.208   303.2
2.0740        -5977.056    -6015.329       38.273   303.7
2.0745        -5977.014    -6015.310       38.296   303.9
2.0750        -5976.941    -6015.286       38.345   304.3
2.0755        -5976.874    -6015.258       38.384   304.6
2.0760        -5976.820    -6015.226       38.406   304.7
2.0765        -5976.756    -6015.190       38.434   305.0
2.0770        -5976.784    -6015.152       38.368   304.4
2.0775        -5976.835    -6015.109       38.274   303.7
2.0780        -5976.786    -6015.062       38.276   303.7
2.0785        -5976.696    -6015.011       38.315   304.0
2.0790        -5976.753    -6014.958       38.205   303.1
2.0795        -5976.752    -6014.901       38.148   302.7
2.0800        -5976.828    -6014.841       38.013   301.6
2.0805        -5977.019    -6014.777       37.758   299.6
2.0810        -5976.996    -6014.711       37.715   299.3
2.0815        -5977.105    -6014.646       37.541   297.9
2.0820        -5977.110    -6014.581       37.471   297.3
2.0825        -5977.182    -6014.517       37.335   296.2
2.0830        -5977.130    -6014.454       37.324   296.2
2.0835        -5977.005    -6014.392       37.387   296.7
2.0840        -5977.005    -6014.332       37.328   296.2
2.0845        -5977.112    -6014.275       37.163   294.9
2.0850        -5977.026    -6014.222       37.196   295.1
2.0855        -5976.938    -6014.175       37.236   295.5
2.0860        -5976.927    -6014.132       37.205   295.2
2.0865        -5976.888    -6014.096       37.208   295.2
2.0870        -5976.903    -6014.065       37.162   294.9
2.0875        -5976.906    -6014.039       37.134   294.6
2.0880        -5976.950    -6014.017       37.066   294.1
2.0885        -5976.946    -6014.000       37.053   294.0
2.0890        -5976.921    -6013.990       37.068   294.1
2.0895        -5977.003    -6013.986       36.983   293.5
2.0900        -5976.975    -6013.987       37.012   293.7
2.0905        -5976.942    -6013.994       37.052   294.0
2.0910        -5976.939    -6014.006       37.067   294.1
2.0915        -5976.861    -6014.021       37.160   294.9
2.0920        -5976.767    -6014.042       37.275   295.8
2.0925        -5976.776    -6014.067       37.291   295.9
2.0930        -5976.804    -6014.094       37.290   295.9
2.0935        -5976.872    -6014.125       37.253   295.6
2.0940        -5976.826    -6014.161       37.335   296.2
2.0945        -5976.918    -6014.200       37.282   295.8
2.0950        -5977.000    -6014.242       37.242   295.5
2.0955        -5977.041    -6014.284       37.244   295.5
2.0960        -5977.090    -6014.327       37.238   295.5
2.0965        -5977.130    -6014.370       37.240   295.5
2.0970        -5977.154    -6014.414       37.260   295.6
2.0975        -5977.260    -6014.455       37.195   295.1
2.0980        -5977.261    -6014.496       37.235   295.4
2.0985        -5977.249    -6014.537       37.288   295.9
2.0990        -5977.192    -6014.578       37.386   296.6
2.0995        -5977.177    -6014.617       37.440   297.1
2.1000        -5977.296    -6014.654       37.358   296.4
2.1005        -5977.245    -6014.688       37.443   297.1
2.1010        -5977.312    -6014.720       37.408   296.8
2.1015        -5977.300    -6014.748       37.448   297.1
2.1020        -5977.335    -6014.775       37.439   297.1
2.1025        -5977.325    -6014.799       37.473   297.3
2.1030        -5977.334    -6014.818       37.484   297.4
2.1035        -5977.361    -6014.833       37.473   297.3
2.1040        -5977.468    -6014.844       37.376   296.6
2.1045        -5977.476    -6014.849       37.373   296.5
2.1050        -5977.461    -6014.850       37.389   296.7
2.1055        -5977.377    -6014.848       37.471   297.3
2.1060        -5977.415    -6014.844       37.429   297.0
2.1065        -5977.396    -6014.836       37.440   297.1
2.1070        -5977.319    -6014.825       37.506   297.6
2.1075        -5977.349    -6014.812       37.463   297.3
2.1080        -5977.407    -6014.796       37.389   296.7
2.1085        -5977.400    -6014.779       37.379   296.6
2.1090        -5977.255    -6014.760       37.505   297.6
2.1095        -5977.191    -6014.740       37.549   297.9
2.1100        -5977.245    -6014.720       37.475   297.4
2.1105        -5977.261    -6014.700       37.439   297.1
2.1110        -5977.178    -6014.680       37.503   297.6
2.1115        -5977.191    -6014.660       37.470   297.3
2.1120        -5977.071    -6014.641       37.571   298.1
2.1125        -5977.036    -6014.623       37.587   298.2
2.1130        -5977.089    -6014.603       37.514   297.7
2.1135        -5977.094    -6014.583       37.489   297.5
2.1140        -5977.066    -6014.564       37.499   297.5
2.1145        -5977.060    -6014.545       37.485   297.4
2.1150        -5977.091    -6014.525       37.434   297.0
2.1155        -5977.102    -6014.504       37.402   296.8
2.1160        -5977.038    -6014.485       37.447   297.1
2.1165        -5977.039    -6014.469       37.429   297.0
2.1170        -5977.080    -6014.454       37.374   296.6
2.1175        -5977.007    -6014.444       37.437   297.1
2.1180        -5976.919    -6014.436       37.517   297.7
2.1185        -5977.003    -6014.431       37.428   297.0
2.1190        -5976.929    -6014.427       37.498   297.5
2.1195        -5976.929    -6014.422       37.493   297.5
2.1200        -5976.976    -6014.419       37.443   297.1
2.1205        -5977.022    -6014.418       37.396   296.7
2.1210        -5977.024    -6014.417       37.393   296.7
2.1215        -5977.058    -6014.417       37.359   296.4
2.1220        -5977.082    -6014.419       37.337   296.3
2.1225        -5977.065    -6014.420       37.355   296.4
2.1230        -5977.057    -6014.423       37.366   296.5
2.1235        -5977.082    -6014.427       37.345   296.3
2.1240        -5977.004    -6014.429       37.425   297.0
2.1245        -5976.894    -6014.430       37.535   297.8
2.1250        -5976.859    -6014.428       37.569   298.1
2.1255        -5976.742    -6014.424       37.682   299.0
2.1260        -5976.780    -6014.417       37.637   298.6
2.1265        -5976.734    -6014.407       37.673   298.9
2.1270        -5976.762    -6014.395       37.633   298.6
2.1275        -5976.690    -6014.381       37.691   299.1
2.1280        -5976.738    -6014.365       37.627   298.6
2.1285        -5976.710    -6014.347       37.637   298.6
2.1290        -5976.643    -6014.324       37.681   299.0
2.1295        -5976.669    -6014.301       37.632   298.6
2.1300        -5976.629    -6014.276       37.647   298.7
2.1305        -5976.605    -6014.250       37.644   298.7
2.1310        -5976.605    -6014.221       37.616   298.5
2.1315        -5976.489    -6014.191       37.702   299.2
2.1320        -5976.498    -6014.160       37.663   298.8
2.1325        -5976.556    -6014.130       37.574   298.1
2.1330        -5976.568    -6014.099       37.531   297.8
2.1335        -5976.602    -6014.067       37.465   297.3
2.1340        -5976.634    -6014.032       37.399   296.7
2.1345        -5976.631    -6013.993       37.362   296.5
2.1350        -5976.633    -6013.954       37.321   296.1
2.1355        -5976.648    -6013.914       37.267   295.7
2.1360        -5976.649    -6013.874       37.225   295.4
2.1365        -5976.643    -6013.830       37.188   295.1
2.1370        -5976.636    -6013.786       37.150   294.8
2.1375        -5976.692    -6013.743       37.051   294.0
2.1380        -5976.678    -6013.697       37.019   293.7
2.1385        -5976.654    -6013.650       36.996   293.6
2.1390        -5976.676    -6013.602       36.927   293.0
2.1395        -5976.688    -6013.554       36.866   292.5
2.1400        -5976.606    -6013.506       36.899   292.8
2.1405        -5976.636    -6013.458       36.822   292.2
2.1410        -5976.717    -6013.412       36.695   291.2
2.1415        -5976.761    -6013.369       36.608   290.5
2.1420        -5976.780    -6013.327       36.547   290.0
2.1425        -5976.833    -6013.287       36.455   289.3
2.1430        -5976.780    -6013.252       36.471   289.4
2.1435        -5976.852    -6013.218       36.366   288.6
2.1440        -5976.858    -6013.188       36.330   288.3
2.1445        -5976.750    -6013.161       36.411   288.9
2.1450        -5976.760    -6013.138       36.377   288.6
2.1455        -5976.833    -6013.118       36.284   287.9
2.1460        -5976.790    -6013.100       36.309   288.1
2.1465        -5976.899    -6013.084       36.185   287.1
2.1470        -5976.922    -6013.071       36.149   286.8
2.1475        -5976.883    -6013.061       36.178   287.1
2.1480        -5976.820    -6013.055       36.236   287.5
2.1485        -5976.822    -6013.056       36.234   287.5
2.1490        -5976.867    -6013.059       36.192   287.2
2.1495        -5976.839    -6013.067       36.229   287.5
2.1500        -5976.844    -6013.078       36.234   287.5
2.1505        -5976.911    -6013.092       36.182   287.1
2.1510        -5976.888    -6013.110       36.223   287.4
2.1515        -5976.921    -6013.135       36.213   287.3
2.1520        -5977.055    -6013.164       36.109   286.5
2.1525        -5977.058    -6013.196       36.138   286.7
2.1530        -5977.063    -6013.232       36.170   287.0
2.1535        -5977.217    -6013.269       36.052   286.1
2.1540        -5977.178    -6013.307       36.129   286.7
2.1545        -5977.238    -6013.348       36.109   286.5
2.1550        -5977.279    -6013.390       36.112   286.5
2.1555        -5977.475    -6013.439       35.964   285.4
2.1560        -5977.500    -6013.490       35.990   285.6
2.1565        -5977.563    -6013.540       35.978   285.5
2.1570        -5977.590    -6013.591       36.001   285.7
2.1575        -5977.527    -6013.646       36.119   286.6
2.1580        -5977.463    -6013.703       36.240   287.6
2.1585        -5977.505    -6013.759       36.254   287.7
2.1590        -5977.479    -6013.812       36.333   288.3
2.1595        -5977.373    -6013.864       36.491   289.5
2.1600        -5977.363    -6013.913       36.550   290.0
2.1605        -5977.307    -6013.963       36.656   290.9
2.1610        -5977.273    -6014.014       36.740   291.5
2.1615        -5977.374    -6014.061       36.687   291.1
2.1620        -5977.312    -6014.106       36.795   292.0
2.1625        -5977.298    -6014.152       36.854   292.4
2.1630        -5977.313    -6014.198       36.885   292.7
2.1635        -5977.356    -6014.243       36.887   292.7
2.1640        -5977.341    -6014.286       36.945   293.1
2.1645        -5977.326    -6014.329       37.003   293.6
2.1650        -5977.432    -6014.369       36.937   293.1
2.1655        -5977.466    -6014.406       36.941   293.1
2.1660        -5977.516    -6014.442       36.927   293.0
2.1665        -5977.416    -6014.476       37.060   294.1
2.1670        -5977.486    -6014.507       37.021   293.8
2.1675        -5977.565    -6014.536       36.971   293.4
2.1680        -5977.609    -6014.565       36.955   293.2
2.1685        -5977.635    -6014.592       36.957   293.2
2.1690        -5977.708    -6014.620       36.912   292.9
2.1695        -5977.684    -6014.648       36.963   293.3
2.1700        -5977.767    -6014.673       36.906   292.8
2.1705        -5977.799    -6014.697       36.898   292.8
2.1710        -5977.819    -6014.721       36.903   292.8
2.1715        -5977.747    -6014.744       36.997   293.6
2.1720        -5977.741    -6014.762       37.021   293.8
2.1725        -5977.731    -6014.779       37.048   294.0
2.1730        -5977.739    -6014.796       37.056   294.0
2.1735        -5977.774    -6014.809       37.035   293.9
2.1740        -5977.767    -6014.824       37.056   294.0
2.1745        -5977.708    -6014.837       37.129   294.6
2.1750        -5977.651    -6014.850       37.200   295.2
2.1755        -5977.605    -6014.860       37.255   295.6
2.1760        -5977.695    -6014.867       37.173   295.0
2.1765        -5977.790    -6014.872       37.083   294.2
2.1770        -5977.774    -6014.877       37.102   294.4
2.1775        -5977.866    -6014.882       37.016   293.7
2.1780        -5977.926    -6014.888       36.962   293.3
2.1785        -5977.887    -6014.893       37.006   293.6
2.1790        -5977.838    -6014.897       37.059   294.1
2.1795        -5977.822    -6014.900       37.079   294.2
2.1800        -5977.859    -6014.904       37.044   293.9
2.1805        -5977.904    -6014.906       37.002   293.6
2.1810        -5977.890    -6014.905       37.016   293.7
2.1815        -5977.900    -6014.904       37.004   293.6
2.1820        -5977.915    -6014.901       36.986   293.5
2.1825        -5977.921    -6014.897       36.976   293.4
2.1830        -5977.914    -6014.894       36.980   293.4
2.1835        -5977.853    -6014.890       37.038   293.9
2.1840        -5977.852    -6014.887       37.036   293.9
2.1845        -5977.846    -6014.883       37.037   293.9
2.1850        -5977.832    -6014.877       37.045   293.9
2.1855        -5977.904    -6014.867       36.963   293.3
2.1860        -5977.880    -6014.855       36.975   293.4
2.1865        -5977.963    -6014.840       36.877   292.6
2.1870        -5977.985    -6014.823       36.838   292.3
2.1875        -5977.956    -6014.803       36.848   292.4
2.1880        -5977.987    -6014.782       36.794   292.0
2.1885        -5977.824    -6014.757       36.933   293.1
2.1890        -5977.807    -6014.730       36.923   293.0
2.1895        -5977.787    -6014.700       36.913   292.9
2.1900        -5977.844    -6014.667       36.823   292.2
2.1905        -5977.770    -6014.633       36.863   292.5
2.1910        -5977.779    -6014.595       36.817   292.1
2.1915        -5977.767    -6014.553       36.787   291.9
2.1920        -5977.792    -6014.509       36.717   291.3
2.1925        -5977.771    -6014.463       36.692   291.1
2.1930        -5977.782    -6014.412       36.630   290.6
2.1935        -5977.865    -6014.356       36.491   289.5
2.1940        -5977.811    -6014.297       36.486   289.5
2.1945        -5977.803    -6014.236       36.433   289.1
2.1950        -5977.839    -6014.177       36.338   288.3
2.1955        -5977.949    -6014.120       36.171   287.0
2.1960        -5977.992    -6014.065       36.072   286.2
2.1965        -5977.998    -6014.013       36.014   285.8
2.1970        -5977.960    -6013.961       36.001   285.7
2.1975        -5978.083    -6013.912       35.829   284.3
2.1980        -5978.001    -6013.865       35.864   284.6
2.1985        -5978.010    -6013.820       35.810   284.1
2.1990        -5978.049    -6013.779       35.730   283.5
2.1995        -5977.930    -6013.740       35.811   284.1
2.2000        -5977.896    -6013.706       35.810   284.1
2.2005        -5977.921    -6013.671       35.750   283.7
2.2010        -5977.925    -6013.638       35.714   283.4
2.2015        -5977.868    -6013.608       35.740   283.6
2.2020        -5977.827    -6013.581       35.754   283.7
2.2025        -5977.749    -6013.557       35.808   284.1
2.2030        -5977.740    -6013.536       35.796   284.0
2.2035        -5977.639    -6013.520       35.881   284.7
2.2040        -5977.663    -6013.509       35.846   284.4
2.2045        -5977.697    -6013.501       35.804   284.1
2.2050        -5977.725    -6013.495       35.769   283.8
2.2055        -5977.782    -6013.489       35.707   283.3
2.2060        -5977.767    -6013.486       35.718   283.4
2.2065        -5977.733    -6013.484       35.751   283.7
2.2070        -5977.774    -6013.484       35.710   283.3
2.2075        -5977.853    -6013.487       35.634   282.7
2.2080        -5977.787    -6013.494       35.707   283.3
2.2085        -5977.655    -6013.501       35.846   284.4
2.2090        -5977.614    -6013.510       35.896   284.8
2.2095        -5977.627    -6013.522       35.894   284.8
2.2100        -5977.670    -6013.536       35.866   284.6
2.2105        -5977.675    -6013.550       35.875   284.7
2.2110        -5977.681    -6013.562       35.881   284.7
2.2115        -5977.678    -6013.575       35.898   284.8
2.2120        -5977.659    -6013.587       35.928   285.1
2.2125        -5977.612    -6013.597       35.984   285.5
2.2130        -5977.585    -6013.606       36.021   285.8
2.2135        -5977.627    -6013.613       35.987   285.5
2.2140        -5977.582    -6013.619       36.037   285.9
2.2145        -5977.656    -6013.621       35.965   285.4
2.2150        -5977.572    -6013.622       36.050   286.0
2.2155        -5977.493    -6013.619       36.125   286.6
2.2160        -5977.637    -6013.613       35.976   285.5
2.2165        -5977.616    -6013.604       35.988   285.6
2.2170        -5977.634    -6013.591       35.957   285.3
2.2175        -5977.542    -6013.575       36.033   285.9
2.2180        -5977.411    -6013.556       36.144   286.8
2.2185        -5977.457    -6013.534       36.077   286.3
2.2190        -5977.375    -6013.512       36.137   286.7
2.2195        -5977.427    -6013.486       36.059   286.1
2.2200        -5977.297    -6013.459       36.161   286.9
2.2205        -5977.263    -6013.426       36.162   286.9
2.2210        -5977.200    -6013.392       36.191   287.2
2.2215        -5977.168    -6013.359       36.191   287.2
2.2220        -5977.122    -6013.328       36.207   287.3
2.2225        -5977.162    -6013.297       36.136   286.7
2.2230        -5977.054    -6013.266       36.212   287.3
2.2235        -5977.035    -6013.234       36.200   287.2
2.2240        -5977.116    -6013.204       36.088   286.4
2.2245        -5977.064    -6013.176       36.112   286.5
2.2250        -5976.914    -6013.150       36.236   287.5
2.2255        -5976.815    -6013.128       36.313   288.1
2.2260        -5976.843    -6013.107       36.264   287.7
2.2265        -5976.848    -6013.088       36.239   287.5
2.2270        -5976.800    -6013.070       36.270   287.8
2.2275        -5976.756    -6013.051       36.295   288.0
2.2280        -5976.742    -6013.035       36.293   288.0
2.2285        -5976.850    -6013.021       36.170   287.0
2.2290        -5976.789    -6013.006       36.217   287.4
2.2295        -5976.763    -6012.991       36.229   287.5
2.2300        -5976.864    -6012.979       36.115   286.6
2.2305        -5976.870    -6012.966       36.097   286.4
2.2310        -5976.837    -6012.955       36.118   286.6
2.2315        -5976.933    -6012.943       36.010   285.7
2.2320        -5976.871    -6012.932       36.061   286.1
2.2325        -5976.963    -6012.920       35.958   285.3
2.2330        -5976.942    -6012.909       35.967   285.4
2.2335        -5976.992    -6012.896       35.904   284.9
2.2340        -5977.022    -6012.883       35.861   284.5
2.2345        -5977.002    -6012.872       35.870   284.6
2.2350        -5977.019    -6012.863       35.844   284.4
2.2355        -5977.120    -6012.854       35.734   283.5
2.2360        -5977.077    -6012.844       35.766   283.8
2.2365        -5977.107    -6012.834       35.727   283.5
2.2370        -5977.266    -6012.823       35.556   282.1
2.2375        -5977.334    -6012.811       35.477   281.5
2.2380        -5977.345    -6012.800       35.455   281.3
2.2385        -5977.277    -6012.790       35.513   281.8
2.2390        -5977.336    -6012.779       35.443   281.2
2.2395        -5977.354    -6012.766       35.412   281.0
2.2400        -5977.293    -6012.750       35.458   281.3
2.2405        -5977.340    -6012.734       35.395   280.8
2.2410        -5977.271    -6012.717       35.446   281.3
2.2415        -5977.397    -6012.697       35.300   280.1
2.2420        -5977.415    -6012.676       35.261   279.8
2.2425        -5977.474    -6012.654       35.179   279.1
2.2430        -5977.414    -6012.630       35.216   279.4
2.2435        -5977.494    -6012.604       35.109   278.6
2.2440        -5977.563    -6012.577       35.013   277.8
2.2445        -5977.541    -6012.550       35.009   277.8
2.2450        -5977.592    -6012.524       34.933   277.2
2.2455        -5977.688    -6012.498       34.810   276.2
2.2460        -5977.667    -6012.471       34.805   276.2
2.2465        -5977.717    -6012.447       34.730   275.6
2.2470        -5977.801    -6012.426       34.625   274.7
2.2475        -5977.815    -6012.408       34.593   274.5
2.2480        -5977.926    -6012.394       34.468   273.5
2.2485        -5977.937    -6012.382       34.445   273.3
2.2490        -5977.973    -6012.374       34.401   273.0
2.2495        -5978.010    -6012.371       34.360   272.6
2.2500        -5978.046    -6012.373       34.327   272.4
2.2505        -5978.071    -6012.381       34.310   272.2
2.2510        -5977.993    -6012.396       34.404   273.0
2.2515        -5977.997    -6012.417       34.420   273.1
2.2520        -5977.963    -6012.442       34.479   273.6
2.2525        -5978.080    -6012.474       34.394   272.9
2.2530        -5978.025    -6012.512       34.487   273.6
2.2535        -5977.959    -6012.557       34.597   274.5
2.2540        -5977.983    -6012.607       34.625   274.7
2.2545        -5977.989    -6012.662       34.673   275.1
2.2550        -5977.992    -6012.720       34.727   275.6
2.2555        -5977.955    -6012.781       34.826   276.3
2.2560        -5977.821    -6012.848       35.026   277.9
2.2565        -5977.777    -6012.921       35.144   278.9
2.2570        -5977.691    -6013.001       35.309   280.2
2.2575        -5977.698    -6013.086       35.388   280.8
2.2580        -5977.625    -6013.177       35.553   282.1
2.2585        -5977.656    -6013.273       35.617   282.6
2.2590        -5977.630    -6013.374       35.744   283.6
2.2595        -5977.608    -6013.480       35.873   284.6
2.2600        -5977.552    -6013.589       36.037   285.9
2.2605        -5977.589    -6013.700       36.111   286.5
2.2610        -5977.670    -6013.814       36.144   286.8
2.2615        -5977.572    -6013.929       36.357   288.5
2.2620        -5977.560    -6014.045       36.486   289.5
2.2625        -5977.568    -6014.161       36.593   290.4
2.2630        -5977.617    -6014.275       36.658   290.9
2.2635        -5977.565    -6014.387       36.822   292.2
2.2640        -5977.520    -6014.495       36.976   293.4
2.2645        -5977.449    -6014.604       37.155   294.8
2.2650        -5977.411    -6014.712       37.300   296.0
2.2655        -5977.425    -6014.818       37.393   296.7
2.2660        -5977.490    -6014.921       37.431   297.0
2.2665        -5977.411    -6015.018       37.607   298.4
2.2670        -5977.440    -6015.110       37.670   298.9
2.2675        -5977.433    -6015.194       37.761   299.6
2.2680        -5977.386    -6015.270       37.884   300.6
2.2685        -5977.353    -6015.338       37.985   301.4
2.2690        -5977.266    -6015.401       38.135   302.6
2.2695        -5977.288    -6015.454       38.166   302.8
2.2700        -5977.164    -6015.496       38.332   304.2
2.2705        -5977.066    -6015.530       38.465   305.2
2.2710        -5977.029    -6015.556       38.527   305.7
2.2715        -5977.043    -6015.575       38.532   305.7
2.2720        -5977.029    -6015.587       38.558   305.9
2.2725        -5977.003    -6015.590       38.587   306.2
2.2730        -5976.993    -6015.586       38.593   306.2
2.2735        -5976.982    -6015.575       38.593   306.2
2.2740        -5976.857    -6015.557       38.700   307.1
2.2745        -5976.856    -6015.531       38.675   306.9
2.2750        -5976.700    -6015.498       38.798   307.9
2.2755        -5976.672    -6015.456       38.784   307.7
2.2760        -5976.698    -6015.407       38.709   307.1
2.2765        -5976.700    -6015.348       38.649   306.7
2.2770        -5976.701    -6015.283       38.582   306.1
2.2775        -5976.703    -6015.212       38.509   305.6
2.2780        -5976.642    -6015.135       38.493   305.4
2.2785        -5976.614    -6015.051       38.437   305.0
2.2790        -5976.571    -6014.965       38.394   304.6
2.2795        -5976.589    -6014.876       38.287   303.8
2.2800        -5976.631    -6014.786       38.155   302.7
2.2805        -5976.589    -6014.695       38.106   302.4
2.2810        -5976.475    -6014.602       38.127   302.5
2.2815        -5976.446    -6014.509       38.062   302.0
2.2820        -5976.499    -6014.413       37.915   300.8
2.2825        -5976.517    -6014.319       37.802   299.9
2.2830        -5976.429    -6014.227       37.798   299.9
2.2835        -5976.373    -6014.137       37.764   299.6
2.2840        -5976.489    -6014.050       37.561   298.0
2.2845        -5976.387    -6013.964       37.577   298.2
2.2850        -5976.333    -6013.881       37.548   297.9
2.2855        -5976.484    -6013.803       37.319   296.1
2.2860        -5976.547    -6013.728       37.181   295.0
2.2865        -5976.391    -6013.658       37.267   295.7
2.2870        -5976.416    -6013.594       37.178   295.0
2.2875        -5976.494    -6013.537       37.043   293.9
2.2880        -5976.483    -6013.487       37.004   293.6
2.2885        -5976.368    -6013.445       37.077   294.2
2.2890        -5976.411    -6013.409       36.998   293.6
2.2895        -5976.312    -6013.380       37.068   294.1
2.2900        -5976.348    -6013.356       37.008   293.6
2.2905        -5976.297    -6013.338       37.040   293.9
2.2910        -5976.238    -6013.322       37.084   294.3
2.2915        -5976.259    -6013.312       37.053   294.0
2.2920        -5976.229    -6013.308       37.080   294.2
2.2925        -5976.336    -6013.310       36.975   293.4
2.2930        -5976.328    -6013.317       36.989   293.5
2.2935        -5976.228    -6013.330       37.103   294.4
2.2940        -5976.114    -6013.347       37.232   295.4
2.2945        -5976.073    -6013.369       37.295   295.9
2.2950        -5976.100    -6013.394       37.294   295.9
2.2955        -5976.084    -6013.422       37.338   296.3
2.2960        -5976.083    -6013.450       37.368   296.5
2.2965        -5976.100    -6013.479       37.378   296.6
2.2970        -5976.111    -6013.506       37.395   296.7
2.2975        -5976.109    -6013.536       37.427   297.0
2.2980        -5976.027    -6013.568       37.541   297.9
2.2985        -5976.025    -6013.601       37.576   298.2
2.2990        -5975.974    -6013.635       37.661   298.8
2.2995        -5975.912    -6013.671       37.759   299.6
2.3000        -5975.911    -6013.705       37.794   299.9
2.3005        -5976.012    -6013.739       37.727   299.4
2.3010        -5976.008    -6013.773       37.765   299.7
2.3015        -5976.017    -6013.803       37.786   299.8
2.3020        -5976.129    -6013.834       37.705   299.2
2.3025        -5976.164    -6013.860       37.696   299.1
2.3030        -5976.116    -6013.883       37.766   299.7
2.3035        -5976.142    -6013.900       37.758   299.6
2.3040        -5976.239    -6013.914       37.675   298.9
2.3045        -5976.212    -6013.927       37.716   299.3
2.3050        -5976.152    -6013.938       37.786   299.8
2.3055        -5976.074    -6013.947       37.873   300.5
2.3060        -5976.119    -6013.953       37.834   300.2
2.3065        -5976.101    -6013.958       37.857   300.4
2.3070        -5976.072    -6013.958       37.886   300.6
2.3075        -5976.062    -6013.954       37.891   300.7
2.3080        -5976.046    -6013.946       37.900   300.7
2.3085        -5976.018    -6013.934       37.917   300.9
2.3090        -5976.011    -6013.920       37.909   300.8
2.3095        -5975.981    -6013.902       37.921   300.9
2.3100        -5975.925    -6013.880       37.955   301.2
2.3105        -5975.945    -6013.855       37.910   300.8
2.3110        -5975.897    -6013.829       37.932   301.0
2.3115        -5975.823    -6013.801       37.977   301.3
2.3120        -5975.770    -6013.771       38.001   301.5
2.3125        -5975.841    -6013.737       37.896   300.7
2.3130        -5975.786    -6013.703       37.918   300.9
2.3135        -5975.857    -6013.665       37.808   300.0
2.3140        -5975.909    -6013.627       37.719   299.3
2.3145        -5975.871    -6013.588       37.717   299.3
2.3150        -5975.841    -6013.546       37.705   299.2
2.3155        -5975.888    -6013.502       37.614   298.5
2.3160        -5975.905    -6013.459       37.553   298.0
2.3165        -5975.891    -6013.416       37.525   297.8
2.3170        -5975.837    -6013.373       37.536   297.8
2.3175        -5975.724    -6013.332       37.608   298.4
2.3180        -5975.658    -6013.290       37.632   298.6
2.3185        -5975.677    -6013.246       37.570   298.1
2.3190        -5975.672    -6013.203       37.531   297.8
2.3195        -5975.654    -6013.161       37.507   297.6
2.3200        -5975.720    -6013.121       37.401   296.8
2.3205        -5975.785    -6013.084       37.299   296.0
2.3210        -5975.821    -6013.049       37.228   295.4
2.3215        -5975.844    -6013.018       37.174   295.0
2.3220        -5975.835    -6012.990       37.155   294.8
2.3225        -5975.905    -6012.965       37.060   294.1
2.3230        -5975.767    -6012.942       37.175   295.0
2.3235        -5975.658    -6012.922       37.264   295.7
2.3240        -5975.730    -6012.905       37.176   295.0
2.3245        -5975.845    -6012.893       37.048   294.0
2.3250        -5975.860    -6012.883       37.023   293.8
2.3255        -5975.823    -6012.877       37.055   294.0
2.3260        -5975.677    -6012.875       37.198   295.2
2.3265        -5975.635    -6012.876       37.241   295.5
2.3270        -5975.574    -6012.880       37.306   296.0
2.3275        -5975.478    -6012.887       37.409   296.8
2.3280        -5975.417    -6012.899       37.481   297.4
2.3285        -5975.412    -6012.914       37.502   297.6
2.3290        -5975.361    -6012.933       37.572   298.1
2.3295        -5975.370    -6012.957       37.587   298.2
2.3300        -5975.374    -6012.983       37.608   298.4
2.3305        -5975.466    -6013.012       37.546   297.9
2.3310        -5975.470    -6013.043       37.573   298.1
2.3315        -5975.550    -6013.075       37.524   297.7
2.3320        -5975.591    -6013.110       37.519   297.7
2.3325        -5975.614    -6013.147       37.533   297.8
2.3330        -5975.652    -6013.187       37.535   297.8
2.3335        -5975.575    -6013.228       37.653   298.8
2.3340        -5975.658    -6013.271       37.613   298.4
2.3345        -5975.663    -6013.315       37.652   298.8
2.3350        -5975.673    -6013.361       37.688   299.0
2.3355        -5975.738    -6013.408       37.671   298.9
2.3360        -5975.664    -6013.458       37.794   299.9
2.3365        -5975.706    -6013.508       37.802   299.9
2.3370        -5975.721    -6013.557       37.836   300.2
2.3375        -5975.744    -6013.605       37.861   300.4
2.3380        -5975.740    -6013.650       37.910   300.8
2.3385        -5975.754    -6013.692       37.938   301.0
2.3390        -5975.810    -6013.732       37.922   300.9
2.3395        -5975.825    -6013.769       37.944   301.1
2.3400        -5975.844    -6013.803       37.959   301.2
2.3405        -5975.799    -6013.836       38.037   301.8
2.3410        -5975.731    -6013.867       38.136   302.6
2.3415        -5975.720    -6013.897       38.177   302.9
2.3420        -5975.696    -6013.925       38.228   303.3
2.3425        -5975.678    -6013.948       38.270   303.7
2.3430        -5975.639    -6013.972       38.333   304.2
2.3435        -5975.582    -6013.992       38.410   304.8
2.3440        -5975.701    -6014.009       38.308   304.0
2.3445        -5975.757    -6014.024       38.267   303.6
2.3450        -5975.705    -6014.038       38.334   304.2
2.3455        -5975.782    -6014.051       38.269   303.7
2.3460        -5975.812    -6014.062       38.251   303.5
2.3465        -5975.767    -6014.070       38.303   303.9
2.3470        -5975.760    -6014.077       38.318   304.0
2.3475        -5975.674    -6014.084       38.410   304.8
2.3480        -5975.662    -6014.087       38.425   304.9
2.3485        -5975.630    -6014.086       38.456   305.1
2.3490        -5975.683    -6014.083       38.400   304.7
2.3495        -5975.703    -6014.079       38.376   304.5
2.3500        -5975.744    -6014.074       38.330   304.1
2.3505        -5975.813    -6014.065       38.252   303.5
2.3510        -5975.791    -6014.053       38.261   303.6
2.3515        -5975.813    -6014.037       38.224   303.3
2.3520        -5975.809    -6014.022       38.213   303.2
2.3525        -5975.911    -6014.004       38.093   302.3
2.3530        -5975.782    -6013.985       38.203   303.1
2.3535        -5975.766    -6013.964       38.198   303.1
2.3540        -5975.788    -6013.942       38.154   302.7
2.3545        -5975.892    -6013.919       38.026   301.7
2.3550        -5975.998    -6013.893       37.894   300.7
2.3555        -5975.999    -6013.864       37.865   300.4
2.3560        -5975.986    -6013.834       37.848   300.3
2.3565        -5976.101    -6013.804       37.703   299.2
2.3570        -5975.978    -6013.773       37.794   299.9
2.3575        -5975.965    -6013.740       37.774   299.7
2.3580        -5975.984    -6013.704       37.720   299.3
2.3585        -5975.926    -6013.669       37.743   299.5
2.3590        -5976.048    -6013.634       37.586   298.2
2.3595        -5975.994    -6013.598       37.604   298.4
2.3600        -5976.010    -6013.559       37.549   297.9
2.3605        -5976.011    -6013.519       37.508   297.6
2.3610        -5976.050    -6013.478       37.428   297.0
2.3615        -5976.098    -6013.438       37.339   296.3
2.3620        -5976.100    -6013.399       37.299   296.0
2.3625        -5976.139    -6013.359       37.220   295.3
2.3630        -5975.997    -6013.318       37.321   296.1
2.3635        -5976.052    -6013.276       37.224   295.4
2.3640        -5976.001    -6013.233       37.232   295.4
2.3645        -5975.965    -6013.190       37.226   295.4
2.3650        -5976.012    -6013.144       37.132   294.6
2.3655        -5976.020    -6013.098       37.078   294.2
2.3660        -5976.057    -6013.051       36.995   293.5
2.3665        -5976.049    -6013.004       36.955   293.2
2.3670        -5975.968    -6012.958       36.990   293.5
2.3675        -5975.970    -6012.911       36.941   293.1
2.3680        -5975.974    -6012.864       36.890   292.7
2.3685        -5976.033    -6012.818       36.784   291.9
2.3690        -5976.107    -6012.772       36.665   290.9
2.3695        -5976.131    -6012.730       36.599   290.4
2.3700        -5976.048    -6012.691       36.643   290.8
2.3705        -5975.975    -6012.657       36.682   291.1
2.3710        -5975.917    -6012.626       36.709   291.3
2.3715        -5976.006    -6012.600       36.593   290.4
2.3720        -5975.971    -6012.575       36.604   290.4
2.3725        -5975.952    -6012.556       36.603   290.4
2.3730        -5975.834    -6012.542       36.708   291.3
2.3735        -5975.828    -6012.536       36.708   291.3
2.3740        -5975.932    -6012.537       36.605   290.5
2.3745        -5975.831    -6012.542       36.711   291.3
2.3750        -5975.679    -6012.553       36.874   292.6
2.3755        -5975.626    -6012.570       36.944   293.1
2.3760        -5975.633    -6012.588       36.955   293.2
2.3765        -5975.664    -6012.608       36.944   293.1
2.3770        -5975.611    -6012.632       37.021   293.8
2.3775        -5975.657    -6012.660       37.003   293.6
2.3780        -5975.785    -6012.694       36.909   292.9
2.3785        -5975.803    -6012.733       36.930   293.0
2.3790        -5975.733    -6012.779       37.046   293.9
2.3795        -5975.770    -6012.827       37.057   294.0
2.3800        -5975.674    -6012.876       37.201   295.2
2.3805        -5975.547    -6012.926       37.379   296.6
2.3810        -5975.606    -6012.981       37.375   296.6
2.3815        -5975.469    -6013.039       37.570   298.1
2.3820        -5975.478    -6013.099       37.621   298.5
2.3825        -5975.483    -6013.159       37.677   299.0
2.3830        -5975.553    -6013.219       37.666   298.9
2.3835        -5975.433    -6013.279       37.845   300.3
2.3840        -5975.468    -6013.336       37.868   300.5
2.3845        -5975.503    -6013.388       37.885   300.6
2.3850        -5975.547    -6013.439       37.892   300.7
2.3855        -5975.534    -6013.488       37.954   301.2
2.3860        -5975.618    -6013.535       37.916   300.9
2.3865        -5975.634    -6013.578       37.944   301.1
2.3870        -5975.538    -6013.617       38.079   302.1
2.3875        -5975.449    -6013.653       38.204   303.1
2.3880        -5975.486    -6013.687       38.202   303.1
2.3885        -5975.606    -6013.717       38.112   302.4
2.3890        -5975.585    -6013.742       38.156   302.8
2.3895        -5975.615    -6013.763       38.147   302.7
2.3900        -5975.683    -6013.780       38.098   302.3
2.3905        -5975.798    -6013.795       37.998   301.5
2.3910        -5975.751    -6013.804       38.053   301.9
2.3915        -5975.830    -6013.809       37.979   301.4
2.3920        -5975.789    -6013.809       38.021   301.7
2.3925        -5975.859    -6013.807       37.947   301.1
2.3930        -5975.811    -6013.801       37.990   301.4
2.3935        -5975.800    -6013.795       37.994   301.5
2.3940        -5975.962    -6013.785       37.823   300.1
2.3945        -5975.887    -6013.772       37.885   300.6
2.3950        -5975.906    -6013.754       37.847   300.3
2.3955        -5975.948    -6013.732       37.784   299.8
2.3960        -5975.787    -6013.706       37.919   300.9
2.3965        -5975.722    -6013.676       37.954   301.2
2.3970        -5975.663    -6013.648       37.985   301.4
2.3975        -5975.675    -6013.619       37.944   301.1
2.3980        -5975.677    -6013.587       37.910   300.8
2.3985        -5975.626    -6013.554       37.929   301.0
2.3990        -5975.606    -6013.519       37.914   300.8
2.3995        -5975.686    -6013.484       37.798   299.9
2.4000        -5975.718    -6013.447       37.729   299.4
2.4005        -5975.725    -6013.412       37.687   299.0
2.4010        -5975.693    -6013.376       37.683   299.0
2.4015        -5975.639    -6013.341       37.703   299.2
2.4020        -5975.660    -6013.309       37.649   298.7
2.4025        -5975.667    -6013.279       37.611   298.4
2.4030        -5975.746    -6013.250       37.504   297.6
2.4035        -5975.680    -6013.228       37.548   297.9
2.4040        -5975.649    -6013.208       37.559   298.0
2.4045        -5975.628    -6013.191       37.562   298.0
2.4050        -5975.670    -6013.176       37.506   297.6
2.4055        -5975.628    -6013.163       37.535   297.8
2.4060        -5975.713    -6013.152       37.439   297.1
2.4065        -5975.616    -6013.143       37.527   297.8
2.4070        -5975.588    -6013.135       37.547   297.9
2.4075        -5975.592    -6013.130       37.538   297.9
2.4080        -5975.602    -6013.127       37.524   297.7
2.4085        -5975.572    -6013.124       37.552   298.0
2.4090        -5975.477    -6013.124       37.647   298.7
2.4095        -5975.522    -6013.125       37.603   298.4
2.4100        -5975.580    -6013.130       37.550   297.9
2.4105        -5975.630    -6013.137       37.507   297.6
2.4110        -5975.663    -6013.146       37.483   297.4
2.4115        -5975.616    -6013.158       37.541   297.9
2.4120        -5975.709    -6013.171       37.461   297.2
2.4125        -5975.643    -6013.185       37.542   297.9
2.4130        -5975.558    -6013.199       37.641   298.7
2.4135        -5975.639    -6013.210       37.570   298.1
2.4140        -5975.713    -6013.221       37.508   297.6
2.4145        -5975.720    -6013.231       37.511   297.6
2.4150        -5975.783    -6013.239       37.456   297.2
2.4155        -5975.792    -6013.246       37.454   297.2
2.4160        -5975.829    -6013.252       37.423   296.9
2.4165        -5975.919    -6013.258       37.340   296.3
2.4170        -5975.896    -6013.262       37.365   296.5
2.4175        -5975.919    -6013.264       37.345   296.3
2.4180        -5975.908    -6013.266       37.358   296.4
2.4185        -5975.748    -6013.265       37.516   297.7
2.4190        -5975.638    -6013.261       37.623   298.5
2.4195        -5975.586    -6013.255       37.669   298.9
2.4200        -5975.544    -6013.245       37.701   299.1
2.4205        -5975.641    -6013.233       37.592   298.3
2.4210        -5975.690    -6013.219       37.529   297.8
2.4215        -5975.655    -6013.202       37.547   297.9
2.4220        -5975.584    -6013.184       37.600   298.3
2.4225        -5975.632    -6013.165       37.533   297.8
2.4230        -5975.590    -6013.143       37.552   298.0
2.4235        -5975.658    -6013.119       37.461   297.2
2.4240        -5975.671    -6013.092       37.421   296.9
2.4245        -5975.685    -6013.065       37.380   296.6
2.4250        -5975.791    -6013.037       37.246   295.5
2.4255        -5975.817    -6013.008       37.191   295.1
2.4260        -5975.839    -6012.980       37.141   294.7
2.4265        -5975.844    -6012.952       37.108   294.4
2.4270        -5975.850    -6012.927       37.077   294.2
2.4275        -5975.849    -6012.902       37.053   294.0
2.4280        -5975.947    -6012.877       36.930   293.0
2.4285        -5975.976    -6012.850       36.874   292.6
2.4290        -5975.901    -6012.824       36.924   293.0
2.4295        -5975.860    -6012.801       36.941   293.1
2.4300        -5975.947    -6012.777       36.831   292.2
2.4305        -5976.006    -6012.755       36.749   291.6
2.4310        -5975.843    -6012.734       36.891   292.7
2.4315        -5975.753    -6012.716       36.963   293.3
2.4320        -5975.876    -6012.700       36.824   292.2
2.4325        -5975.794    -6012.686       36.892   292.7
2.4330        -5975.723    -6012.675       36.952   293.2
2.4335        -5975.687    -6012.668       36.981   293.4
2.4340        -5975.686    -6012.664       36.978   293.4
2.4345        -5975.650    -6012.665       37.016   293.7
2.4350        -5975.719    -6012.671       36.951   293.2
2.4355        -5975.746    -6012.679       36.934   293.1
2.4360        -5975.773    -6012.694       36.921   293.0
2.4365        -5975.808    -6012.712       36.904   292.8
2.4370        -5975.759    -6012.733       36.975   293.4
2.4375        -5975.837    -6012.758       36.921   293.0
2.4380        -5975.907    -6012.784       36.877   292.6
2.4385        -5975.827    -6012.810       36.983   293.4
2.4390        -5975.941    -6012.836       36.895   292.8
2.4395        -5976.065    -6012.864       36.800   292.0
2.4400        -5976.114    -6012.893       36.779   291.8
2.4405        -5976.200    -6012.924       36.724   291.4
2.4410        -5976.270    -6012.958       36.688   291.1
2.4415        -5976.373    -6012.996       36.623   290.6
2.4420        -5976.368    -6013.038       36.670   291.0
2.4425        -5976.424    -6013.082       36.658   290.9
2.4430        -5976.352    -6013.126       36.774   291.8
2.4435        -5976.311    -6013.172       36.861   292.5
2.4440        -5976.279    -6013.220       36.940   293.1
2.4445        -5976.174    -6013.266       37.093   294.3
2.4450        -5976.132    -6013.313       37.181   295.0
2.4455        -5976.163    -6013.356       37.194   295.1
2.4460        -5976.159    -6013.396       37.238   295.5
2.4465        -5976.182    -6013.438       37.256   295.6
2.4470        -5976.222    -6013.478       37.256   295.6
2.4475        -5976.216    -6013.515       37.298   296.0
2.4480        -5976.323    -6013.548       37.224   295.4
2.4485        -5976.225    -6013.578       37.353   296.4
2.4490        -5976.284    -6013.609       37.325   296.2
2.4495        -5976.353    -6013.636       37.283   295.8
2.4500        -5976.357    -6013.661       37.304   296.0
2.4505        -5976.308    -6013.682       37.374   296.6
2.4510        -5976.250    -6013.700       37.449   297.1
2.4515        -5976.269    -6013.717       37.448   297.1
2.4520        -5976.253    -6013.732       37.479   297.4
2.4525        -5976.107    -6013.747       37.640   298.7
2.4530        -5976.024    -6013.764       37.740   299.5
2.4535        -5976.050    -6013.779       37.729   299.4
2.4540        -5976.010    -6013.792       37.782   299.8
2.4545        -5976.051    -6013.802       37.752   299.5
2.4550        -5976.021    -6013.812       37.792   299.9
2.4555        -5975.929    -6013.821       37.892   300.7
2.4560        -5975.970    -6013.827       37.857   300.4
2.4565        -5976.031    -6013.831       37.801   299.9
2.4570        -5976.130    -6013.838       37.708   299.2
2.4575        -5976.092    -6013.846       37.754   299.6
2.4580        -5976.072    -6013.857       37.785   299.8
2.4585        -5975.999    -6013.869       37.870   300.5
2.4590        -5976.068    -6013.879       37.812   300.0
2.4595        -5976.104    -6013.888       37.784   299.8
2.4600        -5976.084    -6013.897       37.814   300.0
2.4605        -5976.058    -6013.907       37.848   300.3
2.4610        -5976.006    -6013.914       37.907   300.8
2.4615        -5976.065    -6013.921       37.857   300.4
2.4620        -5976.126    -6013.930       37.805   300.0
2.4625        -5976.139    -6013.942       37.803   300.0
2.4630        -5976.122    -6013.954       37.831   300.2
2.4635        -5976.134    -6013.966       37.832   300.2
2.4640        -5976.180    -6013.978       37.798   299.9
2.4645        -5976.008    -6013.990       37.982   301.4
2.4650        -5976.109    -6014.002       37.893   300.7
2.4655        -5976.133    -6014.015       37.882   300.6
2.4660        -5976.235    -6014.027       37.792   299.9
2.4665        -5976.292    -6014.037       37.745   299.5
2.4670        -5976.384    -6014.045       37.661   298.8
2.4675        -5976.500    -6014.052       37.552   298.0
2.4680        -5976.519    -6014.059       37.540   297.9
2.4685        -5976.522    -6014.063       37.541   297.9
2.4690        -5976.543    -6014.064       37.521   297.7
2.4695        -5976.517    -6014.065       37.548   297.9
2.4700        -5976.519    -6014.067       37.548   297.9
2.4705        -5976.552    -6014.069       37.517   297.7
2.4710        -5976.548    -6014.067       37.520   297.7
2.4715        -5976.580    -6014.064       37.485   297.4
2.4720        -5976.552    -6014.058       37.506   297.6
2.4725        -5976.561    -6014.049       37.488   297.5
2.4730        -5976.615    -6014.039       37.424   297.0
2.4735        -5976.665    -6014.028       37.363   296.5
2.4740        -5976.709    -6014.014       37.304   296.0
2.4745        -5976.713    -6013.995       37.283   295.8
2.4750        -5976.769    -6013.974       37.205   295.2
2.4755        -5976.827    -6013.952       37.126   294.6
2.4760        -5976.829    -6013.930       37.100   294.4
2.4765        -5976.923    -6013.904       36.981   293.4
2.4770        -5976.921    -6013.877       36.955   293.2
2.4775        -5976.806    -6013.848       37.042   293.9
2.4780        -5976.788    -6013.820       37.032   293.8
2.4785        -5976.790    -6013.790       37.000   293.6
2.4790        -5976.832    -6013.760       36.929   293.0
2.4795        -5976.899    -6013.731       36.832   292.2
2.4800        -5976.899    -6013.702       36.803   292.0
2.4805        -5976.918    -6013.675       36.757   291.7
2.4810        -5976.847    -6013.650       36.803   292.0
2.4815        -5976.849    -6013.629       36.779   291.8
2.4820        -5976.831    -6013.610       36.779   291.8
2.4825        -5976.877    -6013.596       36.719   291.4
2.4830        -5976.796    -6013.582       36.786   291.9
2.4835        -5976.813    -6013.570       36.757   291.7
2.4840        -5976.761    -6013.563       36.802   292.0
2.4845        -5976.761    -6013.558       36.797   292.0
2.4850        -5976.689    -6013.555       36.866   292.5
2.4855        -5976.671    -6013.552       36.881   292.6
2.4860        -5976.644    -6013.552       36.908   292.9
2.4865        -5976.627    -6013.554       36.927   293.0
2.4870        -5976.601    -6013.559       36.958   293.3
2.4875        -5976.628    -6013.568       36.941   293.1
2.4880        -5976.655    -6013.578       36.923   293.0
2.4885        -5976.677    -6013.587       36.911   292.9
2.4890        -5976.618    -6013.599       36.981   293.4
2.4895        -5976.643    -6013.613       36.970   293.3
2.4900        -5976.641    -6013.628       36.987   293.5
2.4905        -5976.681    -6013.646       36.965   293.3
2.4910        -5976.617    -6013.669       37.052   294.0
2.4915        -5976.572    -6013.692       37.120   294.5
2.4920        -5976.688    -6013.718       37.030   293.8
2.4925        -5976.693    -6013.746       37.053   294.0
2.4930        -5976.616    -6013.775       37.159   294.8
2.4935        -5976.612    -6013.804       37.192   295.1
2.4940        -5976.636    -6013.834       37.198   295.2
2.4945        -5976.731    -6013.866       37.135   294.7
2.4950        -5976.651    -6013.899       37.248   295.6
2.4955        -5976.647    -6013.931       37.284   295.8
2.4960        -5976.660    -6013.963       37.303   296.0
2.4965        -5976.647    -6013.997       37.349   296.4
2.4970        -5976.639    -6014.031       37.391   296.7
2.4975        -5976.636    -6014.064       37.429   297.0
2.4980        -5976.598    -6014.095       37.498   297.5
2.4985        -5976.605    -6014.127       37.522   297.7
2.4990        -5976.542    -6014.157       37.615   298.5
2.4995        -5976.559    -6014.185       37.626   298.5
2.5000        -5976.466    -6014.214       37.748   299.5
2.5005        -5976.538    -6014.242       37.704   299.2
2.5010        -5976.484    -6014.269       37.785   299.8
2.5015        -5976.476    -6014.292       37.816   300.1
2.5020        -5976.525    -6014.312       37.787   299.8
2.5025        -5976.532    -6014.331       37.799   299.9
2.5030        -5976.433    -6014.344       37.911   300.8
2.5035        -5976.501    -6014.356       37.854   300.4
2.5040        -5976.444    -6014.364       37.920   300.9
2.5045        -5976.441    -6014.368       37.927   300.9
2.5050        -5976.465    -6014.367       37.903   300.7
2.5055        -5976.484    -6014.365       37.882   300.6
2.5060        -5976.495    -6014.360       37.865   300.4
2.5065        -5976.543    -6014.351       37.808   300.0
2.5070        -5976.558    -6014.342       37.784   299.8
2.5075        -5976.569    -6014.330       37.761   299.6
2.5080        -5976.673    -6014.316       37.643   298.7
2.5085        -5976.594    -6014.300       37.706   299.2
2.5090        -5976.606    -6014.282       37.676   298.9
2.5095        -5976.650    -6014.260       37.610   298.4
2.5100        -5976.785    -6014.236       37.450   297.2
2.5105        -5976.772    -6014.214       37.442   297.1
2.5110        -5976.750    -6014.191       37.441   297.1
2.5115        -5976.787    -6014.166       37.379   296.6
2.5120        -5976.808    -6014.143       37.335   296.2
2.5125        -5976.774    -6014.119       37.345   296.3
2.5130        -5976.745    -6014.098       37.353   296.4
2.5135        -5976.707    -6014.077       37.370   296.5
2.5140        -5976.743    -6014.058       37.316   296.1
2.5145        -5976.698    -6014.043       37.345   296.3
2.5150        -5976.819    -6014.031       37.211   295.3
2.5155        -5976.685    -6014.021       37.336   296.2
2.5160        -5976.704    -6014.012       37.308   296.0
2.5165        -5976.621    -6014.005       37.384   296.6
2.5170        -5976.735    -6013.999       37.264   295.7
2.5175        -5976.834    -6013.997       37.163   294.9
2.5180        -5976.760    -6013.998       37.238   295.5
2.5185        -5976.835    -6014.001       37.166   294.9
2.5190        -5976.818    -6014.007       37.189   295.1
2.5195        -5976.807    -6014.016       37.208   295.2
2.5200        -5976.876    -6014.027       37.151   294.8
2.5205        -5976.905    -6014.042       37.137   294.7
2.5210        -5976.822    -6014.059       37.237   295.5
2.5215        -5976.825    -6014.079       37.254   295.6
2.5220        -5976.862    -6014.102       37.239   295.5
2.5225        -5976.801    -6014.127       37.326   296.2
2.5230        -5976.820    -6014.155       37.336   296.3
2.5235        -5976.763    -6014.186       37.423   296.9
2.5240        -5976.758    -6014.219       37.460   297.2
2.5245        -5976.797    -6014.252       37.455   297.2
2.5250        -5976.809    -6014.286       37.477   297.4
2.5255        -5976.847    -6014.321       37.474   297.3
2.5260        -5976.740    -6014.359       37.619   298.5
2.5265        -5976.702    -6014.401       37.699   299.1
2.5270        -5976.813    -6014.445       37.632   298.6
2.5275        -5976.776    -6014.489       37.713   299.2
2.5280        -5976.706    -6014.536       37.830   300.2
2.5285        -5976.809    -6014.585       37.776   299.7
2.5290        -5976.849    -6014.636       37.788   299.8
2.5295        -5976.816    -6014.688       37.872   300.5
2.5300        -5976.882    -6014.740       37.858   300.4
2.5305        -5976.904    -6014.789       37.886   300.6
2.5310        -5976.976    -6014.839       37.863   300.4
2.5315        -5976.889    -6014.889       38.000   301.5
2.5320        -5976.971    -6014.942       37.971   301.3
2.5325        -5977.024    -6014.997       37.973   301.3
2.5330        -5976.999    -6015.053       38.054   301.9
2.5335        -5977.076    -6015.108       38.032   301.8
2.5340        -5977.034    -6015.165       38.130   302.6
2.5345        -5976.995    -6015.219       38.224   303.3
2.5350        -5976.865    -6015.269       38.404   304.7
2.5355        -5976.891    -6015.319       38.428   304.9
2.5360        -5976.931    -6015.366       38.435   305.0
2.5365        -5976.918    -6015.410       38.492   305.4
2.5370        -5976.932    -6015.450       38.519   305.6
2.5375        -5976.947    -6015.485       38.538   305.8
2.5380        -5976.944    -6015.516       38.572   306.1
2.5385        -5976.894    -6015.544       38.651   306.7
2.5390        -5976.918    -6015.568       38.650   306.7
2.5395        -5976.908    -6015.587       38.679   306.9
2.5400        -5976.964    -6015.599       38.635   306.6
2.5405        -5977.048    -6015.605       38.557   305.9
2.5410        -5977.012    -6015.603       38.591   306.2
2.5415        -5977.078    -6015.596       38.518   305.6
2.5420        -5977.041    -6015.585       38.544   305.8
2.5425        -5977.012    -6015.571       38.559   306.0
2.5430        -5977.017    -6015.553       38.536   305.8
2.5435        -5977.056    -6015.530       38.474   305.3
2.5440        -5977.050    -6015.502       38.452   305.1
2.5445        -5977.008    -6015.469       38.461   305.2
2.5450        -5977.075    -6015.433       38.358   304.4
2.5455        -5976.963    -6015.394       38.431   304.9
2.5460        -5976.980    -6015.351       38.371   304.5
2.5465        -5977.064    -6015.306       38.242   303.4
2.5470        -5977.169    -6015.256       38.087   302.2
2.5475        -5977.138    -6015.201       38.063   302.0
2.5480        -5977.086    -6015.141       38.054   302.0
2.5485        -5977.073    -6015.076       38.003   301.5
2.5490        -5977.200    -6015.010       37.811   300.0
2.5495        -5977.217    -6014.942       37.725   299.3
2.5500        -5977.220    -6014.872       37.652   298.8
2.5505        -5977.138    -6014.797       37.659   298.8
2.5510        -5977.152    -6014.720       37.568   298.1
2.5515        -5977.174    -6014.643       37.470   297.3
2.5520        -5977.242    -6014.566       37.324   296.2
2.5525        -5977.221    -6014.488       37.268   295.7
2.5530        -5977.245    -6014.411       37.166   294.9
2.5535        -5977.199    -6014.336       37.137   294.7
2.5540        -5977.238    -6014.265       37.027   293.8
2.5545        -5977.199    -6014.195       36.996   293.6
2.5550        -5977.225    -6014.129       36.904   292.8
2.5555        -5977.271    -6014.068       36.797   292.0
2.5560        -5977.348    -6014.011       36.663   290.9
2.5565        -5977.269    -6013.958       36.689   291.1
2.5570        -5977.320    -6013.911       36.592   290.3
2.5575        -5977.251    -6013.869       36.617   290.5
2.5580        -5977.278    -6013.830       36.552   290.0
2.5585        -5977.270    -6013.793       36.523   289.8
2.5590        -5977.192    -6013.758       36.565   290.1
2.5595        -5977.240    -6013.724       36.484   289.5
2.5600        -5977.241    -6013.694       36.453   289.2
2.5605        -5977.189    -6013.670       36.481   289.5
2.5610        -5977.191    -6013.652       36.462   289.3
2.5615        -5977.203    -6013.639       36.436   289.1
2.5620        -5977.235    -6013.628       36.393   288.8
2.5625        -5977.221    -6013.620       36.400   288.8
2.5630        -5977.220    -6013.617       36.397   288.8
2.5635        -5977.310    -6013.617       36.307   288.1
2.5640        -5977.281    -6013.618       36.336   288.3
2.5645        -5977.340    -6013.622       36.282   287.9
2.5650        -5977.425    -6013.629       36.204   287.3
2.5655        -5977.525    -6013.639       36.114   286.6
2.5660        -5977.596    -6013.652       36.056   286.1
2.5665        -5977.453    -6013.669       36.216   287.4
2.5670        -5977.343    -6013.690       36.347   288.4
2.5675        -5977.322    -6013.717       36.394   288.8
2.5680        -5977.344    -6013.747       36.403   288.8
2.5685        -5977.241    -6013.783       36.542   289.9
2.5690        -5977.301    -6013.822       36.520   289.8
2.5695        -5977.271    -6013.862       36.591   290.3
2.5700        -5977.231    -6013.903       36.671   291.0
2.5705        -5977.324    -6013.944       36.621   290.6
2.5710        -5977.345    -6013.989       36.644   290.8
2.5715        -5977.337    -6014.035       36.698   291.2
2.5720        -5977.389    -6014.081       36.692   291.1
2.5725        -5977.327    -6014.125       36.798   292.0
2.5730        -5977.287    -6014.167       36.880   292.6
2.5735        -5977.309    -6014.207       36.898   292.8
2.5740        -5977.269    -6014.246       36.977   293.4
2.5745        -5977.234    -6014.286       37.052   294.0
2.5750        -5977.314    -6014.324       37.009   293.7
2.5755        -5977.281    -6014.359       37.077   294.2
2.5760        -5977.348    -6014.389       37.041   293.9
2.5765        -5977.414    -6014.416       37.002   293.6
2.5770        -5977.432    -6014.441       37.009   293.7
2.5775        -5977.415    -6014.462       37.047   294.0
2.5780        -5977.429    -6014.483       37.054   294.0
2.5785        -5977.456    -6014.501       37.045   293.9
2.5790        -5977.460    -6014.517       37.056   294.0
2.5795        -5977.405    -6014.528       37.123   294.6
2.5800        -5977.329    -6014.538       37.210   295.2
2.5805        -5977.332    -6014.548       37.216   295.3
2.5810        -5977.452    -6014.556       37.105   294.4
2.5815        -5977.506    -6014.564       37.059   294.1
2.5820        -5977.434    -6014.570       37.136   294.7
2.5825        -5977.472    -6014.575       37.104   294.4
2.5830        -5977.388    -6014.581       37.193   295.1
2.5835        -5977.412    -6014.587       37.175   295.0
2.5840        -5977.371    -6014.593       37.222   295.3
2.5845        -5977.448    -6014.602       37.154   294.8
2.5850        -5977.403    -6014.611       37.208   295.2
2.5855        -5977.300    -6014.623       37.323   296.1
2.5860        -5977.295    -6014.637       37.342   296.3
2.5865        -5977.259    -6014.651       37.393   296.7
2.5870        -5977.328    -6014.670       37.342   296.3
2.5875        -5977.216    -6014.689       37.473   297.3
2.5880        -5977.178    -6014.710       37.532   297.8
2.5885        -5977.271    -6014.731       37.461   297.2
2.5890        -5977.298    -6014.752       37.454   297.2
2.5895        -5977.264    -6014.772       37.507   297.6
2.5900        -5977.286    -6014.790       37.503   297.6
2.5905        -5977.321    -6014.808       37.488   297.5
2.5910        -5977.393    -6014.827       37.434   297.0
2.5915        -5977.418    -6014.844       37.426   297.0
2.5920        -5977.311    -6014.861       37.550   297.9
2.5925        -5977.250    -6014.880       37.630   298.6
2.5930        -5977.253    -6014.900       37.647   298.7
2.5935        -5977.239    -6014.917       37.678   299.0
2.5940        -5977.138    -6014.929       37.791   299.9
2.5945        -5977.110    -6014.937       37.827   300.1
2.5950        -5977.103    -6014.942       37.839   300.2
2.5955        -5977.089    -6014.945       37.856   300.4
2.5960        -5977.127    -6014.945       37.818   300.1
2.5965        -5977.128    -6014.942       37.814   300.0
2.5970        -5977.117    -6014.935       37.818   300.1
2.5975        -5977.142    -6014.924       37.782   299.8
2.5980        -5977.212    -6014.910       37.698   299.1
2.5985        -5977.145    -6014.894       37.750   299.5
2.5990        -5977.164    -6014.876       37.711   299.2
2.5995        -5977.288    -6014.856       37.567   298.1
2.6000        -5977.293    -6014.834       37.541   297.9
2.6005        -5977.283    -6014.809       37.526   297.8
2.6010        -5977.269    -6014.782       37.513   297.7
2.6015        -5977.428    -6014.755       37.327   296.2
2.6020        -5977.382    -6014.725       37.343   296.3
2.6025        -5977.444    -6014.693       37.249   295.6
2.6030        -5977.451    -6014.662       37.210   295.3
2.6035        -5977.473    -6014.628       37.155   294.8
2.6040        -5977.428    -6014.593       37.165   294.9
2.6045        -5977.434    -6014.559       37.125   294.6
2.6050        -5977.346    -6014.526       37.180   295.0
2.6055        -5977.280    -6014.492       37.212   295.3
2.6060        -5977.312    -6014.454       37.142   294.7
2.6065        -5977.270    -6014.415       37.145   294.7
2.6070        -5977.338    -6014.377       37.039   293.9
2.6075        -5977.361    -6014.342       36.981   293.4
2.6080        -5977.388    -6014.308       36.920   293.0
2.6085        -5977.322    -6014.274       36.952   293.2
2.6090        -5977.356    -6014.239       36.883   292.7
2.6095        -5977.290    -6014.205       36.916   292.9
2.6100        -5977.381    -6014.172       36.791   291.9
2.6105        -5977.285    -6014.137       36.852   292.4
2.6110        -5977.198    -6014.101       36.903   292.8
2.6115        -5977.192    -6014.064       36.872   292.6
2.6120        -5977.150    -6014.029       36.879   292.6
2.6125        -5977.065    -6013.992       36.928   293.0
2.6130        -5977.038    -6013.956       36.918   292.9
2.6135        -5977.106    -6013.919       36.813   292.1
2.6140        -5977.128    -6013.880       36.752   291.6
2.6145        -5977.177    -6013.843       36.665   290.9
2.6150        -5977.219    -6013.805       36.586   290.3
2.6155        -5977.177    -6013.768       36.591   290.3
2.6160        -5977.249    -6013.729       36.480   289.5
2.6165        -5977.189    -6013.689       36.500   289.6
2.6170        -5977.058    -6013.648       36.590   290.3
2.6175        -5977.110    -6013.607       36.497   289.6
2.6180        -5977.144    -6013.567       36.422   289.0
2.6185        -5977.072    -6013.528       36.456   289.3
2.6190        -5977.081    -6013.492       36.411   288.9
2.6195        -5977.114    -6013.457       36.344   288.4
2.6200        -5977.081    -6013.423       36.342   288.4
2.6205        -5976.987    -6013.390       36.402   288.8
2.6210        -5977.014    -6013.356       36.341   288.4
2.6215        -5977.013    -6013.319       36.307   288.1
2.6220        -5977.004    -6013.283       36.279   287.9
2.6225        -5976.994    -6013.248       36.254   287.7
2.6230        -5976.953    -6013.213       36.261   287.7
2.6235        -5976.981    -6013.177       36.196   287.2
2.6240        -5976.926    -6013.139       36.213   287.3
2.6245        -5976.945    -6013.103       36.158   286.9
2.6250        -5976.960    -6013.067       36.107   286.5
2.6255        -5977.038    -6013.030       35.993   285.6
2.6260        -5977.060    -6012.996       35.935   285.1
2.6265        -5977.113    -6012.962       35.848   284.4
2.6270        -5977.151    -6012.926       35.775   283.9
2.6275        -5977.055    -6012.891       35.837   284.4
2.6280        -5977.113    -6012.857       35.744   283.6
2.6285        -5977.117    -6012.822       35.704   283.3
2.6290        -5977.136    -6012.789       35.653   282.9
2.6295        -5977.232    -6012.758       35.526   281.9
2.6300        -5977.114    -6012.727       35.613   282.6
2.6305        -5977.117    -6012.697       35.579   282.3
2.6310        -5977.122    -6012.670       35.548   282.1
2.6315        -5977.126    -6012.646       35.520   281.8
2.6320        -5977.137    -6012.627       35.489   281.6
2.6325        -5977.126    -6012.610       35.484   281.6
2.6330        -5977.136    -6012.595       35.459   281.4
2.6335        -5977.117    -6012.582       35.465   281.4
2.6340        -5977.064    -6012.575       35.511   281.8
2.6345        -5977.083    -6012.570       35.488   281.6
2.6350        -5977.017    -6012.569       35.553   282.1
2.6355        -5977.028    -6012.574       35.546   282.1
2.6360        -5977.021    -6012.584       35.563   282.2
2.6365        -5977.051    -6012.597       35.546   282.0
2.6370        -5977.047    -6012.609       35.562   282.2
2.6375        -5976.831    -6012.620       35.789   284.0
2.6380        -5976.751    -6012.629       35.878   284.7
2.6385        -5976.837    -6012.639       35.802   284.1
2.6390        -5976.861    -6012.649       35.789   284.0
2.6395        -5976.871    -6012.659       35.789   284.0
2.6400        -5976.755    -6012.669       35.914   285.0
2.6405        -5976.688    -6012.679       35.992   285.6
2.6410        -5976.616    -6012.689       36.073   286.2
2.6415        -5976.486    -6012.698       36.211   287.3
2.6420        -5976.445    -6012.702       36.257   287.7
2.6425        -5976.326    -6012.703       36.377   288.6
2.6430        -5976.263    -6012.704       36.441   289.1
2.6435        -5976.316    -6012.704       36.388   288.7
2.6440        -5976.235    -6012.702       36.467   289.4
2.6445        -5976.223    -6012.699       36.476   289.4
2.6450        -5976.209    -6012.694       36.485   289.5
2.6455        -5976.261    -6012.687       36.426   289.0
2.6460        -5976.262    -6012.683       36.420   289.0
2.6465        -5976.276    -6012.678       36.402   288.8
2.6470        -5976.300    -6012.674       36.374   288.6
2.6475        -5976.355    -6012.667       36.312   288.1
2.6480        -5976.302    -6012.661       36.359   288.5
2.6485        -5976.246    -6012.656       36.410   288.9
2.6490        -5976.302    -6012.652       36.351   288.4
2.6495        -5976.248    -6012.648       36.400   288.8
2.6500        -5976.167    -6012.642       36.475   289.4
2.6505        -5976.076    -6012.636       36.559   290.1
2.6510        -5976.062    -6012.627       36.564   290.1
2.6515        -5976.183    -6012.616       36.434   289.1
2.6520        -5976.089    -6012.605       36.516   289.7
2.6525        -5976.161    -6012.593       36.432   289.1
2.6530        -5976.172    -6012.583       36.411   288.9
2.6535        -5976.151    -6012.575       36.424   289.0
2.6540        -5976.071    -6012.569       36.498   289.6
2.6545        -5975.992    -6012.565       36.574   290.2
2.6550        -5975.990    -6012.565       36.575   290.2
2.6555        -5976.036    -6012.566       36.530   289.9
2.6560        -5976.061    -6012.569       36.508   289.7
2.6565        -5976.097    -6012.575       36.478   289.4
2.6570        -5976.060    -6012.585       36.525   289.8
2.6575        -5976.030    -6012.600       36.570   290.2
2.6580        -5976.119    -6012.621       36.502   289.6
2.6585        -5976.125    -6012.644       36.519   289.8
2.6590        -5976.150    -6012.668       36.518   289.8
2.6595        -5976.133    -6012.695       36.563   290.1
2.6600        -5976.085    -6012.725       36.640   290.7
2.6605        -5976.065    -6012.757       36.691   291.1
2.6610        -5976.056    -6012.791       36.735   291.5
2.6615        -5976.062    -6012.827       36.765   291.7
2.6620        -5976.109    -6012.864       36.756   291.6
2.6625        -5976.127    -6012.903       36.777   291.8
2.6630        -5976.177    -6012.944       36.767   291.7
2.6635        -5976.134    -6012.983       36.849   292.4
2.6640        -5976.026    -6013.022       36.996   293.6
2.6645        -5975.984    -6013.061       37.077   294.2
2.6650        -5976.064    -6013.093       37.030   293.8
2.6655        -5976.019    -6013.123       37.104   294.4
2.6660        -5976.089    -6013.151       37.062   294.1
2.6665        -5976.026    -6013.176       37.150   294.8
2.6670        -5975.967    -6013.197       37.229   295.4
2.6675        -5976.044    -6013.212       37.168   294.9
2.6680        -5976.083    -6013.223       37.139   294.7
2.6685        -5976.114    -6013.230       37.115   294.5
2.6690        -5976.117    -6013.232       37.115   294.5
2.6695        -5976.211    -6013.230       37.018   293.7
2.6700        -5976.176    -6013.221       37.046   293.9
2.6705        -5976.106    -6013.206       37.100   294.4
2.6710        -5976.044    -6013.185       37.142   294.7
2.6715        -5975.971    -6013.159       37.188   295.1
2.6720        -5975.916    -6013.129       37.213   295.3
2.6725        -5975.987    -6013.095       37.108   294.4
2.6730        -5975.861    -6013.057       37.196   295.1
2.6735        -5975.898    -6013.019       37.121   294.5
2.6740        -5975.904    -6012.979       37.074   294.2
2.6745        -5975.876    -6012.937       37.061   294.1
2.6750        -5975.859    -6012.898       37.038   293.9
2.6755        -5975.847    -6012.858       37.011   293.7
2.6760        -5975.822    -6012.819       36.997   293.6
2.6765        -5975.869    -6012.783       36.914   292.9
2.6770        -5975.882    -6012.750       36.868   292.5
2.6775        -5975.805    -6012.720       36.915   292.9
2.6780        -5975.775    -6012.693       36.918   292.9
2.6785        -5975.840    -6012.672       36.831   292.2
2.6790        -5975.897    -6012.653       36.756   291.7
2.6795        -5975.899    -6012.638       36.739   291.5
2.6800        -5975.866    -6012.627       36.761   291.7
2.6805        -5975.919    -6012.621       36.702   291.2
2.6810        -5975.892    -6012.622       36.731   291.4
2.6815        -5975.739    -6012.627       36.888   292.7
2.6820        -5975.721    -6012.637       36.916   292.9
2.6825        -5975.753    -6012.651       36.898   292.8
2.6830        -5975.683    -6012.668       36.985   293.5
2.6835        -5975.723    -6012.691       36.969   293.3
2.6840        -5975.745    -6012.717       36.972   293.4
2.6845        -5975.726    -6012.747       37.021   293.8
2.6850        -5975.689    -6012.784       37.095   294.3
2.6855        -5975.657    -6012.826       37.169   294.9
2.6860        -5975.594    -6012.872       37.278   295.8
2.6865        -5975.614    -6012.921       37.307   296.0
2.6870        -5975.617    -6012.974       37.356   296.4
2.6875        -5975.625    -6013.031       37.406   296.8
2.6880        -5975.667    -6013.094       37.427   297.0
2.6885        -5975.632    -6013.159       37.526   297.8
2.6890        -5975.535    -6013.225       37.690   299.1
2.6895        -5975.488    -6013.291       37.803   300.0
2.6900        -5975.473    -6013.357       37.885   300.6
2.6905        -5975.371    -6013.423       38.052   301.9
2.6910        -5975.278    -6013.487       38.209   303.2
2.6915        -5975.232    -6013.550       38.318   304.0
2.6920        -5975.247    -6013.613       38.366   304.4
2.6925        -5975.263    -6013.677       38.413   304.8
2.6930        -5975.298    -6013.739       38.441   305.0
2.6935        -5975.328    -6013.801       38.473   305.3
2.6940        -5975.451    -6013.861       38.410   304.8
2.6945        -5975.394    -6013.919       38.525   305.7
2.6950        -5975.331    -6013.973       38.642   306.6
2.6955        -5975.295    -6014.023       38.728   307.3
2.6960        -5975.239    -6014.069       38.830   308.1
2.6965        -5975.231    -6014.111       38.880   308.5
2.6970        -5975.223    -6014.148       38.925   308.9
2.6975        -5975.286    -6014.183       38.897   308.6
2.6980        -5975.181    -6014.210       39.028   309.7
2.6985        -5975.166    -6014.229       39.063   310.0
2.6990        -5975.082    -6014.242       39.160   310.7
2.6995        -5975.079    -6014.249       39.169   310.8
2.7000        -5975.186    -6014.250       39.063   310.0
2.7005        -5975.246    -6014.243       38.997   309.4
2.7010        -5975.048    -6014.232       39.185   310.9
2.7015        -5975.061    -6014.219       39.158   310.7
2.7020        -5975.096    -6014.199       39.104   310.3
2.7025        -5974.997    -6014.175       39.179   310.9
2.7030        -5975.087    -6014.145       39.058   309.9
2.7035        -5975.160    -6014.112       38.952   309.1
2.7040        -5975.231    -6014.072       38.841   308.2
2.7045        -5975.227    -6014.029       38.803   307.9
2.7050        -5975.306    -6013.981       38.676   306.9
2.7055        -5975.314    -6013.931       38.617   306.4
2.7060        -5975.233    -6013.880       38.647   306.7
2.7065        -5975.301    -6013.830       38.529   305.7
2.7070        -5975.293    -6013.777       38.484   305.4
2.7075        -5975.262    -6013.723       38.461   305.2
2.7080        -5975.235    -6013.665       38.430   304.9
2.7085        -5975.231    -6013.607       38.376   304.5
2.7090        -5975.231    -6013.548       38.317   304.0
2.7095        -5975.279    -6013.490       38.211   303.2
2.7100        -5975.267    -6013.433       38.166   302.8
2.7105        -5975.307    -6013.377       38.069   302.1
2.7110        -5975.341    -6013.319       37.979   301.3
2.7115        -5975.393    -6013.262       37.869   300.5
2.7120        -5975.360    -6013.207       37.847   300.3
2.7125        -5975.371    -6013.155       37.784   299.8
2.7130        -5975.429    -6013.107       37.678   299.0
2.7135        -5975.331    -6013.062       37.730   299.4
2.7140        -5975.371    -6013.022       37.651   298.7
2.7145        -5975.399    -6012.986       37.587   298.2
2.7150        -5975.506    -6012.954       37.448   297.1
2.7155        -5975.616    -6012.929       37.313   296.1
2.7160        -5975.556    -6012.909       37.354   296.4
2.7165        -5975.615    -6012.896       37.282   295.8
2.7170        -5975.696    -6012.887       37.191   295.1
2.7175        -5975.716    -6012.884       37.168   294.9
2.7180        -5975.692    -6012.885       37.193   295.1
2.7185        -5975.727    -6012.891       37.164   294.9
2.7190        -5975.736    -6012.904       37.168   294.9
2.7195        -5975.837    -6012.924       37.086   294.3
2.7200        -5975.844    -6012.949       37.105   294.4
2.7205        -5975.804    -6012.980       37.176   295.0
2.7210        -5975.817    -6013.017       37.200   295.2
2.7215        -5975.737    -6013.060       37.323   296.1
2.7220        -5975.709    -6013.108       37.399   296.8
2.7225        -5975.785    -6013.160       37.375   296.6
2.7230        -5975.697    -6013.217       37.520   297.7
2.7235        -5975.708    -6013.277       37.569   298.1
2.7240        -5975.724    -6013.339       37.615   298.5
2.7245        -5975.679    -6013.404       37.724   299.3
2.7250        -5975.664    -6013.466       37.802   299.9
2.7255        -5975.600    -6013.528       37.928   300.9
2.7260        -5975.576    -6013.590       38.013   301.6
2.7265        -5975.545    -6013.651       38.107   302.4
2.7270        -5975.529    -6013.713       38.184   303.0
2.7275        -5975.459    -6013.772       38.314   304.0
2.7280        -5975.448    -6013.829       38.381   304.5
2.7285        -5975.393    -6013.884       38.491   305.4
2.7290        -5975.358    -6013.937       38.579   306.1
2.7295        -5975.367    -6013.987       38.620   306.4
2.7300        -5975.366    -6014.033       38.667   306.8
2.7305        -5975.341    -6014.078       38.737   307.4
2.7310        -5975.391    -6014.121       38.730   307.3
2.7315        -5975.479    -6014.162       38.683   306.9
2.7320        -5975.482    -6014.199       38.717   307.2
2.7325        -5975.569    -6014.234       38.665   306.8
2.7330        -5975.526    -6014.265       38.740   307.4
2.7335        -5975.521    -6014.294       38.773   307.7
2.7340        -5975.513    -6014.320       38.807   307.9
2.7345        -5975.447    -6014.342       38.896   308.6
2.7350        -5975.433    -6014.362       38.929   308.9
2.7355        -5975.297    -6014.378       39.081   310.1
2.7360        -5975.302    -6014.392       39.090   310.2
2.7365        -5975.286    -6014.407       39.120   310.4
2.7370        -5975.325    -6014.421       39.096   310.2
2.7375        -5975.504    -6014.434       38.930   308.9
2.7380        -5975.471    -6014.445       38.974   309.2
2.7385        -5975.480    -6014.455       38.976   309.3
2.7390        -5975.589    -6014.464       38.875   308.5
2.7395        -5975.634    -6014.473       38.838   308.2
2.7400        -5975.694    -6014.482       38.789   307.8
2.7405        -5975.700    -6014.495       38.795   307.8
2.7410        -5975.691    -6014.508       38.816   308.0
2.7415        -5975.701    -6014.518       38.817   308.0
2.7420        -5975.673    -6014.525       38.853   308.3
2.7425        -5975.624    -6014.530       38.906   308.7
2.7430        -5975.471    -6014.532       39.061   309.9
2.7435        -5975.494    -6014.530       39.035   309.7
2.7440        -5975.382    -6014.524       39.142   310.6
2.7445        -5975.357    -6014.513       39.156   310.7
2.7450        -5975.391    -6014.500       39.108   310.3
2.7455        -5975.390    -6014.483       39.093   310.2
2.7460        -5975.449    -6014.463       39.014   309.6
2.7465        -5975.486    -6014.441       38.955   309.1
2.7470        -5975.566    -6014.417       38.852   308.3
2.7475        -5975.566    -6014.393       38.827   308.1
2.7480        -5975.560    -6014.365       38.805   307.9
2.7485        -5975.729    -6014.335       38.606   306.3
2.7490        -5975.766    -6014.304       38.538   305.8
2.7495        -5975.830    -6014.275       38.445   305.0
2.7500        -5975.857    -6014.245       38.388   304.6
2.7505        -5975.780    -6014.214       38.434   305.0
2.7510        -5975.863    -6014.183       38.320   304.1
2.7515        -5975.917    -6014.154       38.236   303.4
2.7520        -5975.805    -6014.125       38.320   304.1
2.7525        -5975.864    -6014.100       38.236   303.4
2.7530        -5975.904    -6014.078       38.175   302.9
2.7535        -5975.915    -6014.058       38.143   302.7
2.7540        -5975.931    -6014.040       38.108   302.4
2.7545        -5975.893    -6014.021       38.127   302.5
2.7550        -5975.887    -6014.003       38.116   302.4
2.7555        -5975.911    -6013.987       38.076   302.1
2.7560        -5975.778    -6013.971       38.192   303.0
2.7565        -5975.775    -6013.956       38.181   303.0
2.7570        -5975.938    -6013.943       38.005   301.6
2.7575        -5975.862    -6013.930       38.068   302.1
2.7580        -5975.923    -6013.917       37.995   301.5
2.7585        -5975.863    -6013.905       38.042   301.9
2.7590        -5976.000    -6013.893       37.893   300.7
2.7595        -5976.049    -6013.881       37.832   300.2
2.7600        -5976.129    -6013.869       37.739   299.4
2.7605        -5976.117    -6013.854       37.736   299.4
2.7610        -5976.148    -6013.839       37.692   299.1
2.7615        -5976.096    -6013.824       37.728   299.4
2.7620        -5976.015    -6013.807       37.793   299.9
2.7625        -5975.968    -6013.793       37.825   300.1
2.7630        -5975.995    -6013.781       37.786   299.8
2.7635        -5976.025    -6013.770       37.745   299.5
2.7640        -5975.968    -6013.760       37.792   299.9
2.7645        -5975.974    -6013.748       37.773   299.7
2.7650        -5975.977    -6013.736       37.759   299.6
2.7655        -5975.902    -6013.725       37.822   300.1
2.7660        -5975.942    -6013.712       37.771   299.7
2.7665        -5976.015    -6013.700       37.685   299.0
2.7670        -5976.043    -6013.689       37.646   298.7
2.7675        -5976.050    -6013.679       37.629   298.6
2.7680        -5976.079    -6013.669       37.590   298.3
2.7685        -5976.084    -6013.659       37.575   298.1
2.7690        -5976.090    -6013.650       37.561   298.0
2.7695        -5976.221    -6013.643       37.421   296.9
2.7700        -5976.150    -6013.635       37.485   297.4
2.7705        -5976.091    -6013.623       37.532   297.8
2.7710        -5976.086    -6013.610       37.524   297.7
2.7715        -5976.102    -6013.594       37.492   297.5
2.7720        -5976.093    -6013.576       37.483   297.4
2.7725        -5976.140    -6013.557       37.417   296.9
2.7730        -5976.244    -6013.540       37.296   295.9
2.7735        -5976.246    -6013.522       37.275   295.8
2.7740        -5976.220    -6013.501       37.281   295.8
2.7745        -5976.221    -6013.477       37.256   295.6
2.7750        -5976.253    -6013.450       37.196   295.1
2.7755        -5976.230    -6013.420       37.191   295.1
2.7760        -5976.154    -6013.389       37.235   295.4
2.7765        -5976.207    -6013.356       37.149   294.8
2.7770        -5976.259    -6013.323       37.064   294.1
2.7775        -5976.239    -6013.287       37.049   294.0
2.7780        -5976.395    -6013.248       36.853   292.4
2.7785        -5976.389    -6013.211       36.822   292.2
2.7790        -5976.392    -6013.173       36.781   291.8
2.7795        -5976.429    -6013.134       36.705   291.2
2.7800        -5976.389    -6013.096       36.708   291.3
2.7805        -5976.400    -6013.059       36.659   290.9
2.7810        -5976.348    -6013.020       36.672   291.0
2.7815        -5976.373    -6012.984       36.611   290.5
2.7820        -5976.427    -6012.949       36.522   289.8
2.7825        -5976.404    -6012.916       36.511   289.7
2.7830        -5976.362    -6012.882       36.520   289.8
2.7835        -5976.363    -6012.847       36.484   289.5
2.7840        -5976.323    -6012.813       36.490   289.5
2.7845        -5976.284    -6012.780       36.496   289.6
2.7850        -5976.253    -6012.750       36.496   289.6
2.7855        -5976.267    -6012.722       36.455   289.3
2.7860        -5976.275    -6012.697       36.422   289.0
2.7865        -5976.318    -6012.674       36.356   288.5
2.7870        -5976.299    -6012.656       36.357   288.5
2.7875        -5976.296    -6012.643       36.347   288.4
2.7880        -5976.291    -6012.633       36.342   288.4
2.7885        -5976.378    -6012.625       36.247   287.6
2.7890        -5976.464    -6012.621       36.157   286.9
2.7895        -5976.514    -6012.618       36.104   286.5
2.7900        -5976.461    -6012.619       36.158   286.9
2.7905        -5976.531    -6012.626       36.095   286.4
2.7910        -5976.369    -6012.635       36.266   287.8
2.7915        -5976.434    -6012.646       36.211   287.3
2.7920        -5976.379    -6012.660       36.281   287.9
2.7925        -5976.461    -6012.677       36.216   287.4
2.7930        -5976.628    -6012.697       36.069   286.2
2.7935        -5976.594    -6012.719       36.126   286.6
2.7940        -5976.674    -6012.747       36.073   286.2
2.7945        -5976.594    -6012.779       36.184   287.1
2.7950        -5976.594    -6012.814       36.220   287.4
2.7955        -5976.592    -6012.850       36.258   287.7
2.7960        -5976.475    -6012.890       36.415   288.9
2.7965        -5976.516    -6012.934       36.418   289.0
2.7970        -5976.533    -6012.981       36.449   289.2
2.7975        -5976.560    -6013.031       36.471   289.4
2.7980        -5976.408    -6013.083       36.675   291.0
2.7985        -5976.441    -6013.140       36.699   291.2
2.7990        -5976.489    -6013.199       36.710   291.3
2.7995        -5976.493    -6013.260       36.767   291.7
2.8000        -5976.636    -6013.322       36.686   291.1
2.8005        -5976.745    -6013.387       36.643   290.8
2.8010        -5976.729    -6013.453       36.725   291.4
2.8015        -5976.630    -6013.520       36.890   292.7
2.8020        -5976.728    -6013.588       36.859   292.5
2.8025        -5976.687    -6013.655       36.969   293.3
2.8030        -5976.804    -6013.722       36.918   292.9
2.8035        -5976.780    -6013.789       37.010   293.7
2.8040        -5976.782    -6013.857       37.076   294.2
2.8045        -5976.740    -6013.924       37.183   295.0
2.8050        -5976.785    -6013.988       37.203   295.2
2.8055        -5976.682    -6014.049       37.366   296.5
2.8060        -5976.673    -6014.105       37.432   297.0
2.8065        -5976.706    -6014.156       37.450   297.2
2.8070        -5976.737    -6014.205       37.469   297.3
2.8075        -5976.728    -6014.252       37.524   297.7
2.8080        -5976.707    -6014.297       37.590   298.3
2.8085        -5976.657    -6014.340       37.683   299.0
2.8090        -5976.569    -6014.377       37.807   300.0
2.8095        -5976.690    -6014.408       37.717   299.3
2.8100        -5976.619    -6014.434       37.815   300.1
2.8105        -5976.691    -6014.456       37.766   299.7
2.8110        -5976.742    -6014.474       37.732   299.4
2.8115        -5976.697    -6014.488       37.790   299.9
2.8120        -5976.753    -6014.498       37.745   299.5
2.8125        -5976.746    -6014.503       37.758   299.6
2.8130        -5976.772    -6014.506       37.733   299.4
2.8135        -5976.774    -6014.505       37.731   299.4
2.8140        -5976.771    -6014.501       37.730   299.4
2.8145        -5976.687    -6014.495       37.808   300.0
2.8150        -5976.743    -6014.485       37.742   299.5
2.8155        -5976.744    -6014.474       37.730   299.4
2.8160        -5976.750    -6014.461       37.711   299.2
2.8165        -5976.683    -6014.445       37.762   299.6
2.8170        -5976.750    -6014.428       37.678   299.0
2.8175        -5976.798    -6014.408       37.610   298.4
2.8180        -5976.802    -6014.386       37.583   298.2
2.8185        -5976.744    -6014.364       37.619   298.5
2.8190        -5976.858    -6014.344       37.485   297.4
2.8195        -5976.917    -6014.324       37.407   296.8
2.8200        -5976.965    -6014.305       37.340   296.3
2.8205        -5976.989    -6014.289       37.300   296.0
2.8210        -5977.100    -6014.275       37.174   295.0
2.8215        -5977.103    -6014.260       37.156   294.8
2.8220        -5977.180    -6014.245       37.065   294.1
2.8225        -5977.072    -6014.231       37.160   294.9
2.8230        -5977.105    -6014.220       37.115   294.5
2.8235        -5977.196    -6014.211       37.016   293.7
2.8240        -5977.285    -6014.205       36.920   292.9
2.8245        -5977.224    -6014.202       36.978   293.4
2.8250        -5977.166    -6014.203       37.036   293.9
2.8255        -5977.149    -6014.208       37.059   294.1
2.8260        -5977.136    -6014.214       37.079   294.2
2.8265        -5977.148    -6014.221       37.072   294.2
2.8270        -5977.131    -6014.227       37.097   294.4
2.8275        -5977.141    -6014.234       37.093   294.3
2.8280        -5977.200    -6014.242       37.041   293.9
2.8285        -5977.150    -6014.251       37.101   294.4
2.8290        -5977.093    -6014.264       37.171   294.9
2.8295        -5977.037    -6014.276       37.239   295.5
2.8300        -5977.083    -6014.288       37.205   295.2
2.8305        -5977.031    -6014.297       37.265   295.7
2.8310        -5977.044    -6014.307       37.263   295.7
2.8315        -5977.190    -6014.317       37.126   294.6
2.8320        -5977.170    -6014.327       37.157   294.8
2.8325        -5977.283    -6014.338       37.055   294.0
2.8330        -5977.353    -6014.351       36.998   293.6
2.8335        -5977.284    -6014.366       37.082   294.2
2.8340        -5977.287    -6014.383       37.097   294.4
2.8345        -5977.203    -6014.399       37.196   295.1
2.8350        -5977.111    -6014.415       37.304   296.0
2.8355        -5977.185    -6014.430       37.245   295.5
2.8360        -5977.240    -6014.443       37.202   295.2
2.8365        -5977.303    -6014.452       37.149   294.8
2.8370        -5977.336    -6014.461       37.124   294.6
2.8375        -5977.268    -6014.470       37.202   295.2
2.8380        -5977.211    -6014.479       37.268   295.7
2.8385        -5977.177    -6014.489       37.312   296.1
2.8390        -5977.073    -6014.495       37.422   296.9
2.8395        -5977.068    -6014.498       37.430   297.0
2.8400        -5976.970    -6014.498       37.527   297.8
2.8405        -5976.922    -6014.495       37.573   298.1
2.8410        -5976.960    -6014.492       37.532   297.8
2.8415        -5976.870    -6014.492       37.622   298.5
2.8420        -5976.921    -6014.491       37.569   298.1
2.8425        -5976.939    -6014.485       37.547   297.9
2.8430        -5976.970    -6014.475       37.505   297.6
2.8435        -5976.900    -6014.463       37.563   298.0
2.8440        -5976.867    -6014.448       37.581   298.2
2.8445        -5976.735    -6014.432       37.698   299.1
2.8450        -5976.618    -6014.416       37.798   299.9
2.8455        -5976.666    -6014.398       37.732   299.4
2.8460        -5976.625    -6014.379       37.754   299.6
2.8465        -5976.607    -6014.359       37.752   299.5
2.8470        -5976.579    -6014.337       37.758   299.6
2.8475        -5976.635    -6014.309       37.674   298.9
2.8480        -5976.612    -6014.282       37.671   298.9
2.8485        -5976.650    -6014.255       37.605   298.4
2.8490        -5976.740    -6014.228       37.488   297.5
2.8495        -5976.754    -6014.200       37.446   297.1
2.8500        -5976.787    -6014.172       37.385   296.6
2.8505        -5976.837    -6014.142       37.305   296.0
2.8510        -5976.813    -6014.112       37.299   296.0
2.8515        -5976.858    -6014.083       37.225   295.4
2.8520        -5976.755    -6014.055       37.300   296.0
2.8525        -5976.723    -6014.026       37.303   296.0
2.8530        -5976.674    -6013.995       37.321   296.1
2.8535        -5976.696    -6013.965       37.270   295.7
2.8540        -5976.657    -6013.937       37.280   295.8
2.8545        -5976.581    -6013.907       37.326   296.2
2.8550        -5976.635    -6013.875       37.240   295.5
2.8555        -5976.591    -6013.844       37.253   295.6
2.8560        -5976.508    -6013.811       37.303   296.0
2.8565        -5976.481    -6013.776       37.295   295.9
2.8570        -5976.472    -6013.741       37.268   295.7
2.8575        -5976.450    -6013.707       37.257   295.6
2.8580        -5976.436    -6013.673       37.238   295.5
2.8585        -5976.478    -6013.640       37.162   294.9
2.8590        -5976.474    -6013.605       37.131   294.6
2.8595        -5976.436    -6013.570       37.134   294.6
2.8600        -5976.337    -6013.535       37.198   295.2
2.8605        -5976.351    -6013.503       37.152   294.8
2.8610        -5976.462    -6013.474       37.013   293.7
2.8615        -5976.355    -6013.447       37.092   294.3
2.8620        -5976.242    -6013.420       37.179   295.0
2.8625        -5976.347    -6013.395       37.048   294.0
2.8630        -5976.252    -6013.370       37.118   294.5
2.8635        -5976.249    -6013.346       37.097   294.4
2.8640        -5976.257    -6013.322       37.064   294.1
2.8645        -5976.198    -6013.301       37.103   294.4
2.8650        -5976.156    -6013.285       37.129   294.6
2.8655        -5976.209    -6013.271       37.062   294.1
2.8660        -5976.226    -6013.258       37.032   293.8
2.8665        -5976.226    -6013.247       37.021   293.8
2.8670        -5976.208    -6013.239       37.031   293.8
2.8675        -5976.363    -6013.233       36.870   292.6
2.8680        -5976.274    -6013.227       36.953   293.2
2.8685        -5976.250    -6013.223       36.972   293.4
2.8690        -5976.334    -6013.215       36.881   292.6
2.8695        -5976.442    -6013.207       36.765   291.7
2.8700        -5976.364    -6013.196       36.832   292.2
2.8705        -5976.354    -6013.185       36.831   292.2
2.8710        -5976.439    -6013.174       36.735   291.5
2.8715        -5976.442    -6013.164       36.722   291.4
2.8720        -5976.441    -6013.154       36.713   291.3
2.8725        -5976.480    -6013.142       36.662   290.9
2.8730        -5976.562    -6013.131       36.568   290.2
2.8735        -5976.632    -6013.121       36.489   289.5
2.8740        -5976.660    -6013.110       36.451   289.2
2.8745        -5976.635    -6013.099       36.463   289.3
2.8750        -5976.613    -6013.085       36.472   289.4
2.8755        -5976.641    -6013.072       36.431   289.1
2.8760        -5976.623    -6013.060       36.438   289.1
2.8765        -5976.590    -6013.050       36.460   289.3
2.8770        -5976.599    -6013.039       36.441   289.1
2.8775        -5976.575    -6013.029       36.454   289.3
2.8780        -5976.453    -6013.019       36.566   290.1
2.8785        -5976.496    -6013.009       36.513   289.7
2.8790        -5976.519    -6012.999       36.480   289.5
2.8795        -5976.537    -6012.990       36.453   289.2
2.8800        -5976.650    -6012.983       36.333   288.3
2.8805        -5976.593    -6012.976       36.384   288.7
2.8810        -5976.542    -6012.969       36.427   289.0
2.8815        -5976.480    -6012.965       36.485   289.5
2.8820        -5976.365    -6012.962       36.597   290.4
2.8825        -5976.300    -6012.963       36.663   290.9
2.8830        -5976.321    -6012.964       36.643   290.8
2.8835        -5976.241    -6012.967       36.725   291.4
2.8840        -5976.162    -6012.971       36.808   292.1
2.8845        -5976.090    -6012.975       36.885   292.7
2.8850        -5976.091    -6012.981       36.891   292.7
2.8855        -5976.154    -6012.991       36.837   292.3
2.8860        -5976.182    -6013.003       36.822   292.2
2.8865        -5976.237    -6013.018       36.781   291.8
2.8870        -5976.315    -6013.034       36.719   291.4
2.8875        -5976.373    -6013.052       36.680   291.0
2.8880        -5976.448    -6013.073       36.625   290.6
2.8885        -5976.440    -6013.098       36.658   290.9
2.8890        -5976.392    -6013.126       36.734   291.5
2.8895        -5976.351    -6013.154       36.804   292.0
2.8900        -5976.395    -6013.183       36.788   291.9
2.8905        -5976.421    -6013.210       36.789   291.9
2.8910        -5976.435    -6013.240       36.805   292.0
2.8915        -5976.528    -6013.273       36.745   291.6
2.8920        -5976.536    -6013.309       36.773   291.8
2.8925        -5976.454    -6013.347       36.893   292.7
2.8930        -5976.432    -6013.386       36.954   293.2
2.8935        -5976.499    -6013.427       36.928   293.0
2.8940        -5976.541    -6013.471       36.930   293.0
2.8945        -5976.595    -6013.517       36.922   293.0
2.8950        -5976.577    -6013.568       36.992   293.5
2.8955        -5976.628    -6013.622       36.994   293.5
2.8960        -5976.638    -6013.677       37.039   293.9
2.8965        -5976.721    -6013.734       37.013   293.7
2.8970        -5976.718    -6013.793       37.075   294.2
2.8975        -5976.808    -6013.852       37.044   293.9
2.8980        -5976.869    -6013.911       37.043   293.9
2.8985        -5976.839    -6013.968       37.129   294.6
2.8990        -5976.839    -6014.026       37.187   295.1
2.8995        -5976.867    -6014.082       37.215   295.3
2.9000        -5976.877    -6014.137       37.260   295.6
2.9005        -5976.947    -6014.192       37.246   295.5
2.9010        -5976.914    -6014.247       37.333   296.2
2.9015        -5976.828    -6014.300       37.471   297.3
2.9020        -5976.852    -6014.350       37.498   297.5
2.9025        -5976.872    -6014.396       37.525   297.7
2.9030        -5976.785    -6014.443       37.658   298.8
2.9035        -5976.790    -6014.488       37.698   299.1
2.9040        -5976.769    -6014.531       37.762   299.6
2.9045        -5976.737    -6014.571       37.834   300.2
2.9050        -5976.652    -6014.608       37.956   301.2
2.9055        -5976.648    -6014.643       37.995   301.5
2.9060        -5976.689    -6014.677       37.988   301.4
2.9065        -5976.742    -6014.709       37.967   301.3
2.9070        -5976.696    -6014.737       38.042   301.8
2.9075        -5976.581    -6014.764       38.183   303.0
2.9080        -5976.650    -6014.789       38.139   302.6
2.9085        -5976.687    -6014.810       38.123   302.5
2.9090        -5976.780    -6014.826       38.047   301.9
2.9095        -5976.770    -6014.840       38.070   302.1
2.9100        -5976.849    -6014.852       38.003   301.5
2.9105        -5976.906    -6014.863       37.957   301.2
2.9110        -5976.871    -6014.869       37.998   301.5
2.9115        -5976.797    -6014.871       38.074   302.1
2.9120        -5976.818    -6014.872       38.054   301.9
2.9125        -5976.799    -6014.871       38.072   302.1
2.9130        -5976.762    -6014.866       38.104   302.3
2.9135        -5976.796    -6014.862       38.067   302.0
2.9140        -5976.701    -6014.855       38.154   302.7
2.9145        -5976.708    -6014.843       38.135   302.6
2.9150        -5976.666    -6014.830       38.164   302.8
2.9155        -5976.711    -6014.814       38.103   302.3
2.9160        -5976.708    -6014.798       38.089   302.2
2.9165        -5976.680    -6014.779       38.099   302.3
2.9170        -5976.637    -6014.758       38.122   302.5
2.9175        -5976.591    -6014.737       38.146   302.7
2.9180        -5976.626    -6014.716       38.090   302.2
2.9185        -5976.656    -6014.695       38.039   301.8
2.9190        -5976.721    -6014.677       37.956   301.2
2.9195        -5976.725    -6014.659       37.934   301.0
2.9200        -5976.764    -6014.642       37.878   300.6
2.9205        -5976.812    -6014.624       37.812   300.0
2.9210        -5976.807    -6014.604       37.797   299.9
2.9215        -5976.956    -6014.585       37.630   298.6
2.9220        -5976.859    -6014.565       37.706   299.2
2.9225        -5976.814    -6014.547       37.733   299.4
2.9230        -5976.802    -6014.527       37.726   299.3
2.9235        -5976.724    -6014.508       37.784   299.8
2.9240        -5976.647    -6014.489       37.841   300.3
2.9245        -5976.612    -6014.468       37.856   300.4
2.9250        -5976.728    -6014.450       37.723   299.3
2.9255        -5976.762    -6014.431       37.669   298.9
2.9260        -5976.806    -6014.411       37.605   298.4
2.9265        -5976.911    -6014.389       37.478   297.4
2.9270        -5976.920    -6014.366       37.446   297.1
2.9275        -5977.019    -6014.343       37.323   296.1
2.9280        -5976.941    -6014.317       37.376   296.6
2.9285        -5976.994    -6014.291       37.297   295.9
2.9290        -5976.911    -6014.262       37.351   296.4
2.9295        -5976.939    -6014.232       37.293   295.9
2.9300        -5976.950    -6014.200       37.251   295.6
2.9305        -5976.863    -6014.169       37.306   296.0
2.9310        -5976.818    -6014.136       37.318   296.1
2.9315        -5976.793    -6014.103       37.310   296.0
2.9320        -5976.827    -6014.070       37.243   295.5
2.9325        -5976.904    -6014.037       37.133   294.6
2.9330        -5976.878    -6014.004       37.127   294.6
2.9335        -5976.954    -6013.973       37.019   293.7
2.9340        -5976.932    -6013.944       37.011   293.7
2.9345        -5977.001    -6013.915       36.914   292.9
2.9350        -5976.916    -6013.887       36.971   293.4
2.9355        -5976.922    -6013.860       36.938   293.1
2.9360        -5976.945    -6013.837       36.892   292.7
2.9365        -5976.956    -6013.818       36.862   292.5
2.9370        -5976.985    -6013.800       36.815   292.1
2.9375        -5977.095    -6013.785       36.690   291.1
2.9380        -5977.156    -6013.770       36.613   290.5
2.9385        -5977.126    -6013.756       36.631   290.7
2.9390        -5977.015    -6013.746       36.731   291.4
2.9395        -5977.021    -6013.738       36.717   291.3
2.9400        -5977.038    -6013.731       36.693   291.1
2.9405        -5977.062    -6013.725       36.663   290.9
2.9410        -5977.056    -6013.720       36.664   290.9
2.9415        -5977.105    -6013.716       36.611   290.5
2.9420        -5977.056    -6013.713       36.657   290.9
2.9425        -5976.987    -6013.712       36.726   291.4
2.9430        -5976.916    -6013.712       36.796   292.0
2.9435        -5976.865    -6013.713       36.848   292.4
2.9440        -5976.744    -6013.714       36.969   293.3
2.9445        -5976.733    -6013.716       36.982   293.4
2.9450        -5976.715    -6013.715       37.000   293.6
2.9455        -5976.840    -6013.712       36.872   292.6
2.9460        -5977.007    -6013.708       36.701   291.2
2.9465        -5976.913    -6013.705       36.792   291.9
2.9470        -5976.949    -6013.699       36.750   291.6
2.9475        -5976.967    -6013.693       36.725   291.4
2.9480        -5977.110    -6013.688       36.578   290.2
2.9485        -5977.100    -6013.685       36.586   290.3
2.9490        -5977.105    -6013.679       36.575   290.2
2.9495        -5977.018    -6013.672       36.654   290.8
2.9500        -5977.012    -6013.663       36.651   290.8
2.9505        -5977.078    -6013.653       36.575   290.2
2.9510        -5977.021    -6013.639       36.618   290.6
2.9515        -5976.967    -6013.623       36.656   290.9
2.9520        -5976.882    -6013.606       36.724   291.4
2.9525        -5976.915    -6013.588       36.673   291.0
2.9530        -5976.811    -6013.569       36.758   291.7
2.9535        -5976.767    -6013.545       36.778   291.8
2.9540        -5976.710    -6013.521       36.811   292.1
2.9545        -5976.706    -6013.496       36.791   291.9
2.9550        -5976.784    -6013.470       36.686   291.1
2.9555        -5976.727    -6013.443       36.716   291.3
2.9560        -5976.675    -6013.415       36.740   291.5
2.9565        -5976.755    -6013.387       36.632   290.7
2.9570        -5976.745    -6013.358       36.613   290.5
2.9575        -5976.835    -6013.328       36.493   289.6
2.9580        -5976.889    -6013.299       36.411   288.9
2.9585        -5976.972    -6013.272       36.300   288.0
2.9590        -5976.955    -6013.244       36.289   287.9
2.9595        -5976.930    -6013.218       36.288   287.9
2.9600        -5977.077    -6013.197       36.120   286.6
2.9605        -5977.171    -6013.179       36.009   285.7
2.9610        -5977.145    -6013.165       36.020   285.8
2.9615        -5977.052    -6013.153       36.101   286.4
2.9620        -5977.037    -6013.143       36.107   286.5
2.9625        -5976.989    -6013.136       36.147   286.8
2.9630        -5976.984    -6013.135       36.151   286.8
2.9635        -5976.868    -6013.140       36.272   287.8
2.9640        -5976.933    -6013.146       36.214   287.3
2.9645        -5976.983    -6013.158       36.175   287.0
2.9650        -5976.927    -6013.175       36.248   287.6
2.9655        -5976.929    -6013.196       36.267   287.8
2.9660        -5976.939    -6013.223       36.284   287.9
2.9665        -5977.000    -6013.255       36.254   287.7
2.9670        -5977.001    -6013.289       36.289   287.9
2.9675        -5976.987    -6013.327       36.340   288.3
2.9680        -5977.073    -6013.366       36.293   288.0
2.9685        -5977.096    -6013.408       36.312   288.1
2.9690        -5977.127    -6013.451       36.323   288.2
2.9695        -5977.220    -6013.496       36.276   287.8
2.9700        -5977.156    -6013.545       36.389   288.7
2.9705        -5977.233    -6013.595       36.362   288.5
2.9710        -5977.141    -6013.646       36.504   289.7
2.9715        -5977.200    -6013.697       36.497   289.6
2.9720        -5977.232    -6013.745       36.513   289.7
2.9725        -5977.176    -6013.794       36.619   290.6
2.9730        -5977.221    -6013.843       36.621   290.6
2.9735        -5977.240    -6013.888       36.648   290.8
2.9740        -5977.234    -6013.934       36.700   291.2
2.9745        -5977.219    -6013.977       36.758   291.7
2.9750        -5977.207    -6014.018       36.811   292.1
2.9755        -5977.230    -6014.055       36.825   292.2
2.9760        -5977.103    -6014.087       36.984   293.5
2.9765        -5977.135    -6014.113       36.978   293.4
2.9770        -5977.216    -6014.135       36.919   292.9
2.9775        -5977.234    -6014.153       36.919   292.9
2.9780        -5977.142    -6014.167       37.025   293.8
2.9785        -5977.119    -6014.178       37.059   294.1
2.9790        -5977.122    -6014.186       37.064   294.1
2.9795        -5977.144    -6014.190       37.046   294.0
2.9800        -5977.144    -6014.192       37.048   294.0
2.9805        -5977.127    -6014.194       37.067   294.1
2.9810        -5977.184    -6014.195       37.011   293.7
2.9815        -5977.256    -6014.194       36.938   293.1
2.9820        -5977.278    -6014.192       36.914   292.9
2.9825        -5977.243    -6014.189       36.946   293.2
2.9830        -5977.280    -6014.184       36.904   292.8
2.9835        -5977.283    -6014.180       36.897   292.8
2.9840        -5977.306    -6014.178       36.872   292.6
2.9845        -5977.401    -6014.177       36.776   291.8
2.9850        -5977.334    -6014.178       36.843   292.3
2.9855        -5977.357    -6014.179       36.822   292.2
2.9860        -5977.348    -6014.183       36.834   292.3
2.9865        -5977.408    -6014.188       36.780   291.8
2.9870        -5977.469    -6014.196       36.727   291.4
2.9875        -5977.396    -6014.211       36.815   292.1
2.9880        -5977.431    -6014.230       36.799   292.0
2.9885        -5977.512    -6014.250       36.738   291.5
2.9890        -5977.522    -6014.274       36.752   291.6
2.9895        -5977.525    -6014.300       36.775   291.8
2.9900        -5977.697    -6014.328       36.630   290.7
2.9905        -5977.685    -6014.358       36.673   291.0
2.9910        -5977.653    -6014.391       36.737   291.5
2.9915        -5977.745    -6014.424       36.679   291.0
2.9920        -5977.705    -6014.461       36.756   291.6
2.9925        -5977.700    -6014.501       36.801   292.0
2.9930        -5977.701    -6014.543       36.842   292.3
2.9935        -5977.637    -6014.586       36.949   293.2
2.9940        -5977.635    -6014.630       36.994   293.5
2.9945        -5977.588    -6014.675       37.087   294.3
2.9950        -5977.507    -6014.720       37.213   295.3
2.9955        -5977.431    -6014.766       37.334   296.2
2.9960        -5977.406    -6014.810       37.404   296.8
2.9965        -5977.430    -6014.852       37.422   296.9
2.9970        -5977.349    -6014.893       37.544   297.9
2.9975        -5977.239    -6014.933       37.694   299.1
2.9980        -5977.309    -6014.969       37.660   298.8
2.9985        -5977.298    -6015.001       37.703   299.2
2.9990        -5977.197    -6015.031       37.834   300.2
2.9995        -5977.207    -6015.059       37.852   300.3
3.0000        -5977.238    -6015.083       37.845   300.3
3.0005        -5977.215    -6015.101       37.887   300.6
3.0010        -5977.319    -6015.114       37.794   299.9
3.0015        -5977.245    -6015.121       37.876   300.5
3.0020        -5977.288    -6015.127       37.839   300.2
3.0025        -5977.226    -6015.127       37.901   300.7
3.0030        -5977.290    -6015.122       37.832   300.2
3.0035        -5977.216    -6015.113       37.897   300.7
3.0040        -5977.274    -6015.100       37.827   300.1
3.0045        -5977.284    -6015.082       37.798   299.9
3.0050        -5977.285    -6015.058       37.773   299.7
3.0055        -5977.403    -6015.027       37.624   298.5
3.0060        -5977.355    -6014.991       37.636   298.6
3.0065        -5977.430    -6014.948       37.518   297.7
3.0070        -5977.407    -6014.901       37.494   297.5
3.0075        -5977.422    -6014.850       37.428   297.0
3.0080        -5977.363    -6014.797       37.434   297.0
3.0085        -5977.457    -6014.740       37.283   295.8
3.0090        -5977.535    -6014.679       37.144   294.7
3.0095        -5977.658    -6014.615       36.957   293.2
3.0100        -5977.715    -6014.547       36.832   292.3
3.0105        -5977.757    -6014.479       36.722   291.4
3.0110        -5977.778    -6014.407       36.629   290.6
3.0115        -5977.940    -6014.331       36.390   288.7
3.0120        -5977.914    -6014.254       36.340   288.4
3.0125        -5977.880    -6014.178       36.298   288.0
3.0130        -5977.914    -6014.103       36.189   287.1
3.0135        -5977.980    -6014.030       36.050   286.0
3.0140        -5977.927    -6013.957       36.029   285.9
3.0145        -5977.942    -6013.886       35.945   285.2
3.0150        -5977.847    -6013.818       35.972   285.4
3.0155        -5977.771    -6013.754       35.983   285.5
3.0160        -5977.787    -6013.693       35.907   284.9
3.0165        -5977.712    -6013.637       35.925   285.1
3.0170        -5977.795    -6013.586       35.791   284.0
3.0175        -5977.876    -6013.539       35.663   283.0
3.0180        -5977.874    -6013.499       35.625   282.7
3.0185        -5977.802    -6013.464       35.662   283.0
3.0190        -5977.830    -6013.433       35.603   282.5
3.0195        -5977.843    -6013.408       35.566   282.2
3.0200        -5977.840    -6013.389       35.550   282.1
3.0205        -5977.800    -6013.377       35.577   282.3
3.0210        -5977.869    -6013.373       35.504   281.7
3.0215        -5977.937    -6013.375       35.438   281.2
3.0220        -5978.038    -6013.385       35.347   280.5
3.0225        -5978.074    -6013.401       35.327   280.3
3.0230        -5978.124    -6013.422       35.298   280.1
3.0235        -5978.142    -6013.449       35.307   280.2
3.0240        -5977.950    -6013.481       35.531   281.9
3.0245        -5978.091    -6013.519       35.428   281.1
3.0250        -5978.119    -6013.560       35.440   281.2
3.0255        -5978.105    -6013.605       35.500   281.7
3.0260        -5978.109    -6013.655       35.546   282.0
3.0265        -5978.052    -6013.707       35.655   282.9
3.0270        -5978.027    -6013.764       35.737   283.6
3.0275        -5977.996    -6013.827       35.831   284.3
3.0280        -5977.989    -6013.890       35.901   284.9
3.0285        -5977.978    -6013.955       35.977   285.5
3.0290        -5977.972    -6014.018       36.046   286.0
3.0295        -5977.960    -6014.081       36.121   286.6
3.0300        -5977.876    -6014.143       36.267   287.8
3.0305        -5977.900    -6014.206       36.306   288.1
3.0310        -5977.820    -6014.267       36.447   289.2
3.0315        -5977.782    -6014.327       36.545   290.0
3.0320        -5977.731    -6014.386       36.655   290.8
3.0325        -5977.729    -6014.445       36.716   291.3
3.0330        -5977.686    -6014.503       36.817   292.1
3.0335        -5977.635    -6014.557       36.923   293.0
3.0340        -5977.565    -6014.609       37.043   293.9
3.0345        -5977.597    -6014.657       37.060   294.1
3.0350        -5977.600    -6014.705       37.105   294.4
3.0355        -5977.657    -6014.750       37.094   294.3
3.0360        -5977.707    -6014.791       37.083   294.2
3.0365        -5977.735    -6014.828       37.093   294.3
3.0370        -5977.586    -6014.862       37.277   295.8
3.0375        -5977.505    -6014.892       37.387   296.7
3.0380        -5977.385    -6014.920       37.535   297.8
3.0385        -5977.396    -6014.944       37.549   297.9
3.0390        -5977.401    -6014.963       37.562   298.0
3.0395        -5977.501    -6014.980       37.478   297.4
3.0400        -5977.533    -6014.992       37.459   297.2
3.0405        -5977.507    -6014.998       37.492   297.5
3.0410        -5977.457    -6015.001       37.544   297.9
3.0415        -5977.403    -6014.999       37.596   298.3
3.0420        -5977.351    -6014.993       37.642   298.7
3.0425        -5977.223    -6014.981       37.758   299.6
3.0430        -5977.230    -6014.965       37.735   299.4
3.0435        -5977.242    -6014.945       37.703   299.2
3.0440        -5977.251    -6014.922       37.672   298.9
3.0445        -5977.261    -6014.896       37.635   298.6
3.0450        -5977.397    -6014.866       37.468   297.3
3.0455        -5977.361    -6014.830       37.469   297.3
3.0460        -5977.489    -6014.790       37.301   296.0
3.0465        -5977.505    -6014.747       37.242   295.5
3.0470        -5977.488    -6014.700       37.211   295.3
3.0475        -5977.441    -6014.648       37.207   295.2
3.0480        -5977.431    -6014.596       37.165   294.9
3.0485        -5977.395    -6014.545       37.149   294.8
3.0490        -5977.443    -6014.492       37.050   294.0
3.0495        -5977.407    -6014.439       37.032   293.8
3.0500        -5977.373    -6014.384       37.012   293.7
3.0505        -5977.328    -6014.329       37.001   293.6
3.0510        -5977.220    -6014.273       37.053   294.0
3.0515        -5977.213    -6014.217       37.004   293.6
3.0520        -5977.160    -6014.159       36.999   293.6
3.0525        -5977.066    -6014.101       37.035   293.9
3.0530        -5977.132    -6014.041       36.909   292.9
3.0535        -5977.014    -6013.983       36.969   293.3
3.0540        -5976.930    -6013.923       36.993   293.5
3.0545        -5976.869    -6013.863       36.994   293.5
3.0550        -5976.967    -6013.801       36.835   292.3
3.0555        -5977.014    -6013.740       36.726   291.4
3.0560        -5977.163    -6013.681       36.518   289.8
3.0565        -5977.194    -6013.622       36.428   289.0
3.0570        -5977.272    -6013.564       36.292   288.0
3.0575        -5977.220    -6013.509       36.289   287.9
3.0580        -5977.170    -6013.456       36.285   287.9
3.0585        -5976.982    -6013.403       36.421   289.0
3.0590        -5977.002    -6013.349       36.347   288.4
3.0595        -5977.056    -6013.297       36.241   287.6
3.0600        -5977.126    -6013.247       36.122   286.6
3.0605        -5977.120    -6013.201       36.081   286.3
3.0610        -5977.086    -6013.157       36.072   286.2
3.0615        -5977.166    -6013.118       35.951   285.3
3.0620        -5977.067    -6013.081       36.014   285.8
3.0625        -5977.028    -6013.050       36.022   285.8
3.0630        -5977.058    -6013.023       35.965   285.4
3.0635        -5977.091    -6013.001       35.910   284.9
3.0640        -5977.092    -6012.983       35.890   284.8
3.0645        -5977.141    -6012.968       35.827   284.3
3.0650        -5977.105    -6012.962       35.857   284.5
3.0655        -5977.128    -6012.961       35.833   284.3
3.0660        -5977.172    -6012.967       35.795   284.0
3.0665        -5977.167    -6012.979       35.811   284.2
3.0670        -5977.126    -6012.994       35.868   284.6
3.0675        -5977.154    -6013.017       35.863   284.6
3.0680        -5977.023    -6013.047       36.024   285.8
3.0685        -5977.015    -6013.084       36.069   286.2
3.0690        -5977.065    -6013.126       36.061   286.1
3.0695        -5977.125    -6013.173       36.048   286.0
3.0700        -5977.115    -6013.225       36.111   286.5
3.0705        -5977.076    -6013.282       36.206   287.3
3.0710        -5977.171    -6013.342       36.172   287.0
3.0715        -5977.191    -6013.407       36.216   287.4
3.0720        -5977.211    -6013.475       36.264   287.7
3.0725        -5977.208    -6013.546       36.338   288.3
3.0730        -5977.275    -6013.619       36.344   288.4
3.0735        -5977.291    -6013.694       36.403   288.8
3.0740        -5977.245    -6013.772       36.526   289.8
3.0745        -5977.221    -6013.853       36.633   290.7
3.0750        -5977.216    -6013.937       36.721   291.4
3.0755        -5977.145    -6014.021       36.876   292.6
3.0760        -5977.155    -6014.102       36.947   293.2
3.0765        -5976.985    -6014.180       37.195   295.1
3.0770        -5976.977    -6014.257       37.281   295.8
3.0775        -5977.019    -6014.331       37.312   296.1
3.0780        -5976.979    -6014.400       37.421   296.9
3.0785        -5976.956    -6014.463       37.507   297.6
3.0790        -5977.009    -6014.521       37.512   297.6
3.0795        -5977.044    -6014.574       37.529   297.8
3.0800        -5977.057    -6014.620       37.563   298.1
3.0805        -5977.057    -6014.663       37.606   298.4
3.0810        -5977.013    -6014.699       37.687   299.0
3.0815        -5977.029    -6014.730       37.701   299.1
3.0820        -5976.990    -6014.755       37.765   299.7
3.0825        -5977.005    -6014.774       37.770   299.7
3.0830        -5976.978    -6014.787       37.810   300.0
3.0835        -5976.978    -6014.794       37.816   300.1
3.0840        -5976.928    -6014.797       37.869   300.5
3.0845        -5976.781    -6014.794       38.013   301.6
3.0850        -5976.717    -6014.782       38.066   302.0
3.0855        -5976.860    -6014.766       37.906   300.8
3.0860        -5976.810    -6014.745       37.935   301.0
3.0865        -5976.854    -6014.723       37.868   300.5
3.0870        -5976.868    -6014.695       37.827   300.1
3.0875        -5976.828    -6014.662       37.834   300.2
3.0880        -5976.786    -6014.627       37.841   300.3
3.0885        -5976.716    -6014.586       37.870   300.5
3.0890        -5976.848    -6014.542       37.694   299.1
3.0895        -5976.829    -6014.494       37.665   298.9
3.0900        -5976.883    -6014.444       37.561   298.0
3.0905        -5976.945    -6014.391       37.446   297.1
3.0910        -5976.985    -6014.334       37.349   296.4
3.0915        -5976.968    -6014.278       37.310   296.0
3.0920        -5977.011    -6014.221       37.210   295.3
3.0925        -5977.210    -6014.168       36.958   293.2
3.0930        -5977.222    -6014.117       36.895   292.8
3.0935        -5977.191    -6014.068       36.877   292.6
3.0940        -5977.244    -6014.021       36.777   291.8
3.0945        -5977.177    -6013.974       36.797   292.0
3.0950        -5977.137    -6013.928       36.791   291.9
3.0955        -5977.168    -6013.888       36.720   291.4
3.0960        -5977.080    -6013.852       36.773   291.8
3.0965        -5977.027    -6013.821       36.793   291.9
3.0970        -5977.082    -6013.794       36.712   291.3
3.0975        -5977.052    -6013.773       36.721   291.4
3.0980        -5977.072    -6013.755       36.683   291.1
3.0985        -5977.010    -6013.743       36.733   291.5
3.0990        -5977.200    -6013.736       36.536   289.9
3.0995        -5977.194    -6013.734       36.540   289.9
3.1000        -5977.227    -6013.740       36.513   289.7
3.1005        -5977.140    -6013.752       36.613   290.5
3.1010        -5977.203    -6013.770       36.567   290.2
3.1015        -5977.105    -6013.792       36.686   291.1
3.1020        -5977.187    -6013.819       36.632   290.7
3.1025        -5977.148    -6013.852       36.704   291.2
3.1030        -5977.186    -6013.888       36.702   291.2
3.1035        -5977.146    -6013.926       36.780   291.8
3.1040        -5977.126    -6013.966       36.840   292.3
3.1045        -5977.117    -6014.011       36.894   292.7
3.1050        -5977.134    -6014.062       36.928   293.0
3.1055        -5977.256    -6014.115       36.859   292.5
3.1060        -5977.204    -6014.169       36.965   293.3
3.1065        -5977.240    -6014.225       36.986   293.5
3.1070        -5977.195    -6014.284       37.089   294.3
3.1075        -5977.196    -6014.342       37.146   294.7
3.1080        -5977.167    -6014.399       37.232   295.4
3.1085        -5977.125    -6014.456       37.330   296.2
3.1090        -5977.123    -6014.513       37.390   296.7
3.1095        -5977.150    -6014.570       37.420   296.9
3.1100        -5977.165    -6014.625       37.461   297.2
3.1105        -5977.262    -6014.681       37.418   296.9
3.1110        -5977.314    -6014.733       37.420   296.9
3.1115        -5977.389    -6014.785       37.396   296.7
3.1120        -5977.331    -6014.835       37.504   297.6
3.1125        -5977.405    -6014.883       37.478   297.4
3.1130        -5977.448    -6014.927       37.479   297.4
3.1135        -5977.521    -6014.966       37.445   297.1
3.1140        -5977.601    -6015.001       37.401   296.8
3.1145        -5977.630    -6015.034       37.404   296.8
3.1150        -5977.679    -6015.064       37.384   296.6
3.1155        -5977.727    -6015.091       37.363   296.5
3.1160        -5977.750    -6015.114       37.364   296.5
3.1165        -5977.656    -6015.135       37.479   297.4
3.1170        -5977.653    -6015.152       37.500   297.5
3.1175        -5977.689    -6015.167       37.478   297.4
3.1180        -5977.774    -6015.180       37.406   296.8
3.1185        -5977.793    -6015.191       37.399   296.7
3.1190        -5977.752    -6015.199       37.447   297.1
3.1195        -5977.750    -6015.203       37.453   297.2
3.1200        -5977.775    -6015.202       37.427   297.0
3.1205        -5977.698    -6015.198       37.501   297.6
3.1210        -5977.617    -6015.192       37.575   298.1
3.1215        -5977.645    -6015.183       37.538   297.9
3.1220        -5977.590    -6015.173       37.583   298.2
3.1225        -5977.621    -6015.161       37.540   297.9
3.1230        -5977.622    -6015.147       37.525   297.7
3.1235        -5977.722    -6015.132       37.410   296.8
3.1240        -5977.764    -6015.117       37.354   296.4
3.1245        -5977.793    -6015.104       37.311   296.1
3.1250        -5977.849    -6015.095       37.246   295.5
3.1255        -5977.809    -6015.089       37.280   295.8
3.1260        -5977.681    -6015.084       37.404   296.8
3.1265        -5977.672    -6015.082       37.410   296.8
3.1270        -5977.624    -6015.082       37.458   297.2
3.1275        -5977.644    -6015.084       37.440   297.1
3.1280        -5977.662    -6015.087       37.425   297.0
3.1285        -5977.783    -6015.091       37.309   296.0
3.1290        -5977.722    -6015.096       37.373   296.5
3.1295        -5977.790    -6015.100       37.310   296.0
3.1300        -5977.814    -6015.104       37.290   295.9
3.1305        -5977.823    -6015.107       37.284   295.8
3.1310        -5977.664    -6015.110       37.446   297.1
3.1315        -5977.698    -6015.113       37.415   296.9
3.1320        -5977.755    -6015.117       37.362   296.5
3.1325        -5977.706    -6015.122       37.416   296.9
3.1330        -5977.753    -6015.127       37.374   296.5
3.1335        -5977.696    -6015.130       37.433   297.0
3.1340        -5977.743    -6015.128       37.386   296.6
3.1345        -5977.783    -6015.125       37.342   296.3
3.1350        -5977.815    -6015.119       37.303   296.0
3.1355        -5977.804    -6015.110       37.305   296.0
3.1360        -5977.788    -6015.095       37.307   296.0
3.1365        -5977.870    -6015.076       37.206   295.2
3.1370        -5977.942    -6015.054       37.112   294.5
3.1375        -5978.019    -6015.028       37.010   293.7
3.1380        -5978.034    -6015.001       36.967   293.3
3.1385        -5978.058    -6014.972       36.915   292.9
3.1390        -5978.000    -6014.940       36.940   293.1
3.1395        -5977.999    -6014.904       36.905   292.8
3.1400        -5977.930    -6014.866       36.936   293.1
3.1405        -5977.964    -6014.825       36.861   292.5
3.1410        -5977.960    -6014.781       36.821   292.2
3.1415        -5977.965    -6014.736       36.771   291.8
3.1420        -5977.959    -6014.690       36.731   291.5
3.1425        -5977.971    -6014.645       36.675   291.0
3.1430        -5977.917    -6014.600       36.682   291.1
3.1435        -5977.993    -6014.553       36.560   290.1
3.1440        -5977.983    -6014.505       36.522   289.8
3.1445        -5977.921    -6014.455       36.534   289.9
3.1450        -5977.927    -6014.405       36.478   289.4
3.1455        -5977.987    -6014.357       36.369   288.6
3.1460        -5978.002    -6014.310       36.308   288.1
3.1465        -5977.946    -6014.263       36.318   288.2
3.1470        -5977.951    -6014.220       36.269   287.8
3.1475        -5978.040    -6014.179       36.139   286.8
3.1480        -5978.022    -6014.139       36.117   286.6
3.1485        -5978.055    -6014.101       36.046   286.0
3.1490        -5978.118    -6014.063       35.945   285.2
3.1495        -5978.164    -6014.026       35.862   284.6
3.1500        -5978.208    -6013.990       35.782   283.9
3.1505        -5978.270    -6013.952       35.682   283.1
3.1510        -5978.288    -6013.915       35.627   282.7
3.1515        -5978.349    -6013.881       35.531   281.9
3.1520        -5978.244    -6013.848       35.604   282.5
3.1525        -5978.233    -6013.821       35.588   282.4
3.1530        -5978.305    -6013.798       35.493   281.6
3.1535        -5978.379    -6013.779       35.401   280.9
3.1540        -5978.422    -6013.764       35.342   280.4
3.1545        -5978.297    -6013.750       35.453   281.3
3.1550        -5978.270    -6013.738       35.468   281.4
3.1555        -5978.272    -6013.729       35.456   281.3
3.1560        -5978.324    -6013.721       35.398   280.9
3.1565        -5978.329    -6013.718       35.389   280.8
3.1570        -5978.279    -6013.716       35.436   281.2
3.1575        -5978.164    -6013.715       35.551   282.1
3.1580        -5978.132    -6013.714       35.583   282.3
3.1585        -5978.209    -6013.712       35.503   281.7
3.1590        -5978.227    -6013.710       35.482   281.5
3.1595        -5978.242    -6013.706       35.464   281.4
3.1600        -5978.298    -6013.704       35.405   280.9
3.1605        -5978.425    -6013.702       35.277   279.9
3.1610        -5978.459    -6013.703       35.244   279.7
3.1615        -5978.366    -6013.703       35.337   280.4
3.1620        -5978.337    -6013.704       35.366   280.6
3.1625        -5978.210    -6013.707       35.497   281.7
3.1630        -5978.125    -6013.711       35.585   282.4
3.1635        -5978.138    -6013.713       35.575   282.3
3.1640        -5978.059    -6013.715       35.655   282.9
3.1645        -5978.020    -6013.717       35.697   283.2
3.1650        -5978.056    -6013.722       35.666   283.0
3.1655        -5978.064    -6013.729       35.665   283.0
3.1660        -5977.964    -6013.738       35.773   283.9
3.1665        -5978.017    -6013.746       35.730   283.5
3.1670        -5977.956    -6013.754       35.798   284.0
3.1675        -5977.934    -6013.761       35.826   284.3
3.1680        -5977.994    -6013.766       35.771   283.8
3.1685        -5977.975    -6013.771       35.796   284.0
3.1690        -5977.989    -6013.776       35.787   284.0
3.1695        -5977.965    -6013.782       35.816   284.2
3.1700        -5978.062    -6013.786       35.724   283.5
3.1705        -5978.073    -6013.788       35.715   283.4
3.1710        -5978.115    -6013.789       35.675   283.1
3.1715        -5978.187    -6013.791       35.604   282.5
3.1720        -5978.176    -6013.789       35.613   282.6
3.1725        -5978.121    -6013.788       35.667   283.0
3.1730        -5978.112    -6013.791       35.679   283.1
3.1735        -5978.136    -6013.797       35.661   283.0
3.1740        -5978.204    -6013.802       35.599   282.5
3.1745        -5978.246    -6013.810       35.563   282.2
3.1750        -5978.287    -6013.819       35.532   281.9
3.1755        -5978.416    -6013.830       35.414   281.0
3.1760        -5978.375    -6013.841       35.466   281.4
3.1765        -5978.445    -6013.853       35.408   281.0
3.1770        -5978.525    -6013.866       35.341   280.4
3.1775        -5978.494    -6013.878       35.384   280.8
3.1780        -5978.440    -6013.893       35.453   281.3
3.1785        -5978.352    -6013.910       35.558   282.1
3.1790        -5978.313    -6013.933       35.620   282.6
3.1795        -5978.341    -6013.959       35.618   282.6
3.1800        -5978.240    -6013.990       35.750   283.7
3.1805        -5978.235    -6014.022       35.787   284.0
3.1810        -5978.247    -6014.056       35.809   284.1
3.1815        -5978.271    -6014.093       35.821   284.2
3.1820        -5978.360    -6014.130       35.771   283.8
3.1825        -5978.245    -6014.170       35.925   285.1
3.1830        -5978.319    -6014.210       35.891   284.8
3.1835        -5978.317    -6014.249       35.933   285.1
3.1840        -5978.244    -6014.285       36.040   286.0
3.1845        -5978.251    -6014.317       36.066   286.2
3.1850        -5978.206    -6014.349       36.144   286.8
3.1855        -5978.095    -6014.382       36.288   287.9
3.1860        -5978.145    -6014.414       36.269   287.8
3.1865        -5978.157    -6014.441       36.284   287.9
3.1870        -5978.078    -6014.467       36.388   288.7
3.1875        -5978.077    -6014.490       36.413   288.9
3.1880        -5978.141    -6014.509       36.368   288.6
3.1885        -5978.065    -6014.526       36.461   289.3
3.1890        -5978.037    -6014.542       36.505   289.7
3.1895        -5978.099    -6014.556       36.457   289.3
3.1900        -5978.037    -6014.569       36.532   289.9
3.1905        -5977.957    -6014.578       36.621   290.6
3.1910        -5977.937    -6014.585       36.649   290.8
3.1915        -5978.043    -6014.592       36.549   290.0
3.1920        -5977.985    -6014.597       36.612   290.5
3.1925        -5978.103    -6014.600       36.497   289.6
3.1930        -5977.920    -6014.602       36.681   291.1
3.1935        -5977.939    -6014.602       36.664   290.9
3.1940        -5977.918    -6014.602       36.684   291.1
3.1945        -5977.975    -6014.600       36.625   290.6
3.1950        -5977.987    -6014.598       36.611   290.5
3.1955        -5978.097    -6014.596       36.500   289.6
3.1960        -5977.985    -6014.597       36.612   290.5
3.1965        -5978.052    -6014.600       36.549   290.0
3.1970        -5977.965    -6014.606       36.641   290.7
3.1975        -5977.950    -6014.612       36.661   290.9
3.1980        -5977.972    -6014.617       36.645   290.8
3.1985        -5977.933    -6014.624       36.691   291.1
3.1990        -5977.926    -6014.634       36.708   291.3
3.1995        -5977.891    -6014.646       36.755   291.6
3.2000        -5977.827    -6014.659       36.832   292.2
3.2005        -5977.782    -6014.674       36.892   292.7
3.2010        -5977.847    -6014.690       36.842   292.3
3.2015        -5977.667    -6014.705       37.038   293.9
3.2020        -5977.665    -6014.719       37.054   294.0
3.2025        -5977.614    -6014.734       37.120   294.5
3.2030        -5977.614    -6014.748       37.133   294.6
3.2035        -5977.732    -6014.763       37.031   293.8
3.2040        -5977.793    -6014.778       36.985   293.5
3.2045        -5977.769    -6014.793       37.024   293.8
3.2050        -5977.784    -6014.808       37.023   293.8
3.2055        -5977.769    -6014.821       37.052   294.0
3.2060        -5977.754    -6014.833       37.079   294.2
3.2065        -5977.781    -6014.845       37.064   294.1
3.2070        -5977.801    -6014.856       37.054   294.0
3.2075        -5977.806    -6014.864       37.058   294.0
3.2080        -5977.815    -6014.871       37.056   294.0
3.2085        -5977.845    -6014.876       37.031   293.8
3.2090        -5977.877    -6014.880       37.003   293.6
3.2095        -5977.837    -6014.881       37.045   293.9
3.2100        -5977.870    -6014.880       37.010   293.7
3.2105        -5977.851    -6014.877       37.027   293.8
3.2110        -5977.859    -6014.872       37.013   293.7
3.2115        -5977.856    -6014.864       37.007   293.6
3.2120        -5977.882    -6014.853       36.971   293.4
3.2125        -5977.921    -6014.839       36.919   292.9
3.2130        -5977.935    -6014.824       36.889   292.7
3.2135        -5977.818    -6014.809       36.990   293.5
3.2140        -5977.862    -6014.790       36.928   293.0
3.2145        -5977.747    -6014.768       37.021   293.8
3.2150        -5977.630    -6014.744       37.113   294.5
3.2155        -5977.581    -6014.719       37.138   294.7
3.2160        -5977.567    -6014.692       37.125   294.6
3.2165        -5977.595    -6014.667       37.072   294.2
3.2170        -5977.624    -6014.644       37.020   293.7
3.2175        -5977.542    -6014.622       37.080   294.2
3.2180        -5977.624    -6014.599       36.975   293.4
3.2185        -5977.624    -6014.574       36.950   293.2
3.2190        -5977.629    -6014.548       36.920   292.9
3.2195        -5977.606    -6014.523       36.917   292.9
3.2200        -5977.639    -6014.496       36.857   292.5
3.2205        -5977.641    -6014.470       36.829   292.2
3.2210        -5977.582    -6014.442       36.860   292.5
3.2215        -5977.536    -6014.415       36.879   292.6
3.2220        -5977.517    -6014.390       36.873   292.6
3.2225        -5977.461    -6014.366       36.905   292.8
3.2230        -5977.581    -6014.342       36.761   291.7
3.2235        -5977.476    -6014.317       36.841   292.3
3.2240        -5977.478    -6014.288       36.810   292.1
3.2245        -5977.434    -6014.258       36.824   292.2
3.2250        -5977.486    -6014.230       36.744   291.5
3.2255        -5977.495    -6014.202       36.707   291.3
3.2260        -5977.463    -6014.172       36.709   291.3
3.2265        -5977.519    -6014.141       36.622   290.6
3.2270        -5977.535    -6014.111       36.575   290.2
3.2275        -5977.634    -6014.082       36.448   289.2
3.2280        -5977.672    -6014.055       36.383   288.7
3.2285        -5977.640    -6014.030       36.391   288.7
3.2290        -5977.621    -6014.006       36.385   288.7
3.2295        -5977.500    -6013.982       36.482   289.5
3.2300        -5977.501    -6013.963       36.462   289.3
3.2305        -5977.611    -6013.948       36.337   288.3
3.2310        -5977.643    -6013.936       36.293   288.0
3.2315        -5977.571    -6013.922       36.351   288.4
3.2320        -5977.597    -6013.910       36.313   288.1
3.2325        -5977.622    -6013.901       36.279   287.9
3.2330        -5977.646    -6013.893       36.246   287.6
3.2335        -5977.699    -6013.886       36.187   287.1
3.2340        -5977.720    -6013.884       36.164   287.0
3.2345        -5977.753    -6013.886       36.133   286.7
3.2350        -5977.714    -6013.890       36.176   287.0
3.2355        -5977.721    -6013.896       36.174   287.0
3.2360        -5977.734    -6013.903       36.169   287.0
3.2365        -5977.662    -6013.910       36.248   287.6
3.2370        -5977.640    -6013.919       36.278   287.9
3.2375        -5977.658    -6013.930       36.271   287.8
3.2380        -5977.640    -6013.942       36.302   288.0
3.2385        -5977.716    -6013.952       36.236   287.5
3.2390        -5977.744    -6013.963       36.218   287.4
3.2395        -5977.788    -6013.974       36.186   287.1
3.2400        -5977.809    -6013.988       36.179   287.1
3.2405        -5977.812    -6014.003       36.191   287.2
3.2410        -5977.831    -6014.018       36.187   287.1
3.2415        -5977.731    -6014.037       36.305   288.1
3.2420        -5977.763    -6014.057       36.294   288.0
3.2425        -5977.729    -6014.079       36.350   288.4
3.2430        -5977.682    -6014.103       36.421   289.0
3.2435        -5977.643    -6014.127       36.484   289.5
3.2440        -5977.572    -6014.149       36.577   290.2
3.2445        -5977.545    -6014.171       36.626   290.6
3.2450        -5977.461    -6014.193       36.732   291.5
3.2455        -5977.558    -6014.215       36.657   290.9
3.2460        -5977.448    -6014.235       36.788   291.9
3.2465        -5977.376    -6014.256       36.880   292.6
3.2470        -5977.386    -6014.276       36.890   292.7
3.2475        -5977.371    -6014.295       36.924   293.0
3.2480        -5977.287    -6014.313       37.026   293.8
3.2485        -5977.286    -6014.329       37.043   293.9
3.2490        -5977.193    -6014.344       37.151   294.8
3.2495        -5977.249    -6014.358       37.109   294.5
3.2500        -5977.329    -6014.373       37.044   293.9
3.2505        -5977.287    -6014.386       37.099   294.4
3.2510        -5977.322    -6014.397       37.075   294.2
3.2515        -5977.321    -6014.404       37.083   294.2
3.2520        -5977.329    -6014.408       37.078   294.2
3.2525        -5977.254    -6014.408       37.155   294.8
3.2530        -5977.302    -6014.405       37.104   294.4
3.2535        -5977.363    -6014.399       37.036   293.9
3.2540        -5977.300    -6014.391       37.091   294.3
3.2545        -5977.283    -6014.381       37.098   294.4
3.2550        -5977.138    -6014.366       37.227   295.4
3.2555        -5977.095    -6014.347       37.251   295.6
3.2560        -5977.105    -6014.326       37.221   295.3
3.2565        -5977.047    -6014.301       37.254   295.6
3.2570        -5977.013    -6014.271       37.258   295.6
3.2575        -5977.040    -6014.239       37.199   295.2
3.2580        -5977.087    -6014.204       37.117   294.5
3.2585        -5977.034    -6014.166       37.132   294.6
3.2590        -5977.054    -6014.126       37.072   294.2
3.2595        -5977.121    -6014.084       36.963   293.3
3.2600        -5977.123    -6014.044       36.921   293.0
3.2605        -5977.142    -6014.004       36.862   292.5
3.2610        -5977.242    -6013.963       36.722   291.4
3.2615        -5977.152    -6013.921       36.769   291.8
3.2620        -5977.100    -6013.877       36.777   291.8
3.2625        -5977.079    -6013.833       36.754   291.6
3.2630        -5977.032    -6013.789       36.757   291.7
3.2635        -5977.003    -6013.744       36.742   291.5
3.2640        -5976.962    -6013.703       36.741   291.5
3.2645        -5976.904    -6013.663       36.759   291.7
3.2650        -5976.915    -6013.626       36.711   291.3
3.2655        -5976.991    -6013.591       36.600   290.4
3.2660        -5976.985    -6013.557       36.572   290.2
3.2665        -5976.852    -6013.525       36.673   291.0
3.2670        -5976.763    -6013.493       36.730   291.4
3.2675        -5976.699    -6013.462       36.764   291.7
3.2680        -5976.749    -6013.433       36.684   291.1
3.2685        -5976.761    -6013.406       36.644   290.8
3.2690        -5976.729    -6013.381       36.652   290.8
3.2695        -5976.708    -6013.358       36.650   290.8
3.2700        -5976.798    -6013.337       36.539   289.9
3.2705        -5976.802    -6013.319       36.517   289.8
3.2710        -5976.760    -6013.304       36.544   290.0
3.2715        -5976.783    -6013.294       36.510   289.7
3.2720        -5976.755    -6013.288       36.533   289.9
3.2725        -5976.777    -6013.289       36.511   289.7
3.2730        -5976.714    -6013.293       36.579   290.2
3.2735        -5976.735    -6013.301       36.565   290.1
3.2740        -5976.621    -6013.311       36.690   291.1
3.2745        -5976.602    -6013.327       36.725   291.4
3.2750        -5976.483    -6013.347       36.864   292.5
3.2755        -5976.463    -6013.371       36.908   292.9
3.2760        -5976.392    -6013.397       37.005   293.6
3.2765        -5976.315    -6013.427       37.113   294.5
3.2770        -5976.241    -6013.459       37.218   295.3
3.2775        -5976.332    -6013.493       37.160   294.9
3.2780        -5976.363    -6013.529       37.166   294.9
3.2785        -5976.316    -6013.566       37.250   295.6
3.2790        -5976.346    -6013.603       37.256   295.6
3.2795        -5976.351    -6013.640       37.289   295.9
3.2800        -5976.242    -6013.681       37.438   297.1
3.2805        -5976.218    -6013.721       37.503   297.6
3.2810        -5976.175    -6013.761       37.585   298.2
3.2815        -5976.082    -6013.800       37.718   299.3
3.2820        -5976.009    -6013.839       37.830   300.2
3.2825        -5976.015    -6013.875       37.860   300.4
3.2830        -5976.027    -6013.906       37.879   300.6
3.2835        -5975.992    -6013.934       37.942   301.1
3.2840        -5976.031    -6013.958       37.927   300.9
3.2845        -5976.020    -6013.974       37.953   301.2
3.2850        -5975.905    -6013.984       38.079   302.1
3.2855        -5975.910    -6013.989       38.078   302.1
3.2860        -5975.887    -6013.985       38.098   302.3
3.2865        -5975.875    -6013.975       38.099   302.3
3.2870        -5975.899    -6013.958       38.059   302.0
3.2875        -5975.878    -6013.936       38.058   302.0
3.2880        -5975.870    -6013.911       38.041   301.8
3.2885        -5975.862    -6013.882       38.021   301.7
3.2890        -5975.945    -6013.847       37.902   300.7
3.2895        -5975.846    -6013.804       37.959   301.2
3.2900        -5975.924    -6013.757       37.834   300.2
3.2905        -5975.829    -6013.706       37.877   300.5
3.2910        -5975.960    -6013.651       37.691   299.1
3.2915        -5975.975    -6013.593       37.618   298.5
3.2920        -5976.037    -6013.533       37.496   297.5
3.2925        -5976.028    -6013.469       37.441   297.1
3.2930        -5975.962    -6013.402       37.440   297.1
3.2935        -5975.872    -6013.331       37.460   297.2
3.2940        -5975.820    -6013.260       37.440   297.1
3.2945        -5975.803    -6013.187       37.384   296.6
3.2950        -5975.737    -6013.113       37.376   296.6
3.2955        -5975.750    -6013.040       37.290   295.9
3.2960        -5975.760    -6012.966       37.205   295.2
3.2965        -5975.808    -6012.892       37.085   294.3
3.2970        -5975.883    -6012.819       36.936   293.1
3.2975        -5975.971    -6012.749       36.777   291.8
3.2980        -5975.963    -6012.679       36.716   291.3
3.2985        -5975.967    -6012.614       36.647   290.8
3.2990        -5975.953    -6012.550       36.598   290.4
3.2995        -5975.908    -6012.492       36.585   290.3
3.3000        -5975.900    -6012.437       36.537   289.9
3.3005        -5975.900    -6012.387       36.487   289.5
3.3010        -5975.931    -6012.343       36.411   288.9
3.3015        -5976.003    -6012.305       36.301   288.0
3.3020        -5975.898    -6012.270       36.372   288.6
3.3025        -5975.958    -6012.243       36.284   287.9
3.3030        -5976.028    -6012.221       36.193   287.2
3.3035        -5976.004    -6012.205       36.201   287.2
3.3040        -5975.964    -6012.197       36.233   287.5
3.3045        -5976.006    -6012.199       36.193   287.2
3.3050        -5975.902    -6012.208       36.305   288.1
3.3055        -5975.788    -6012.223       36.435   289.1
3.3060        -5975.829    -6012.246       36.417   289.0
3.3065        -5975.810    -6012.274       36.464   289.3
3.3070        -5975.777    -6012.312       36.535   289.9
3.3075        -5975.776    -6012.359       36.583   290.3
3.3080        -5975.714    -6012.413       36.699   291.2
3.3085        -5975.722    -6012.476       36.754   291.6
3.3090        -5975.743    -6012.543       36.800   292.0
3.3095        -5975.759    -6012.617       36.858   292.5
3.3100        -5975.780    -6012.696       36.916   292.9
3.3105        -5975.679    -6012.777       37.098   294.4
3.3110        -5975.750    -6012.859       37.109   294.4
3.3115        -5975.751    -6012.942       37.191   295.1
3.3120        -5975.721    -6013.025       37.304   296.0
3.3125        -5975.744    -6013.108       37.365   296.5
3.3130        -5975.770    -6013.193       37.422   296.9
3.3135        -5975.797    -6013.277       37.480   297.4
3.3140        -5975.713    -6013.359       37.646   298.7
3.3145        -5975.774    -6013.440       37.666   298.9
3.3150        -5975.635    -6013.521       37.886   300.6
3.3155        -5975.647    -6013.598       37.951   301.1
3.3160        -5975.569    -6013.671       38.102   302.3
3.3165        -5975.533    -6013.740       38.207   303.2
3.3170        -5975.579    -6013.802       38.223   303.3
3.3175        -5975.515    -6013.858       38.342   304.2
3.3180        -5975.619    -6013.906       38.286   303.8
3.3185        -5975.678    -6013.950       38.272   303.7
3.3190        -5975.715    -6013.989       38.274   303.7
3.3195        -5975.862    -6014.024       38.162   302.8
3.3200        -5975.830    -6014.055       38.225   303.3
3.3205        -5975.710    -6014.082       38.373   304.5
3.3210        -5975.694    -6014.107       38.413   304.8
3.3215        -5975.732    -6014.127       38.395   304.7
3.3220        -5975.796    -6014.142       38.345   304.3
3.3225        -5975.818    -6014.152       38.334   304.2
3.3230        -5975.771    -6014.162       38.391   304.6
3.3235        -5975.763    -6014.166       38.402   304.7
3.3240        -5975.718    -6014.166       38.447   305.1
3.3245        -5975.729    -6014.161       38.432   304.9
3.3250        -5975.773    -6014.151       38.378   304.5
3.3255        -5975.778    -6014.135       38.357   304.4
3.3260        -5975.732    -6014.114       38.382   304.6
3.3265        -5975.767    -6014.087       38.321   304.1
3.3270        -5975.595    -6014.058       38.463   305.2
3.3275        -5975.627    -6014.027       38.400   304.7
3.3280        -5975.663    -6013.991       38.328   304.1
3.3285        -5975.662    -6013.952       38.289   303.8
3.3290        -5975.639    -6013.910       38.271   303.7
3.3295        -5975.562    -6013.865       38.303   303.9
3.3300        -5975.509    -6013.818       38.310   304.0
3.3305        -5975.478    -6013.770       38.291   303.8
3.3310        -5975.521    -6013.724       38.202   303.1
3.3315        -5975.562    -6013.678       38.116   302.4
3.3320        -5975.609    -6013.632       38.023   301.7
3.3325        -5975.705    -6013.584       37.879   300.6
3.3330        -5975.708    -6013.536       37.828   300.2
3.3335        -5975.723    -6013.488       37.765   299.7
3.3340        -5975.718    -6013.440       37.722   299.3
3.3345        -5975.749    -6013.394       37.645   298.7
3.3350        -5975.776    -6013.352       37.577   298.2
3.3355        -5975.780    -6013.317       37.537   297.8
3.3360        -5975.762    -6013.289       37.527   297.8
3.3365        -5975.798    -6013.266       37.468   297.3
3.3370        -5975.792    -6013.247       37.455   297.2
3.3375        -5975.593    -6013.235       37.641   298.7
3.3380        -5975.578    -6013.229       37.650   298.7
3.3385        -5975.546    -6013.226       37.681   299.0
3.3390        -5975.493    -6013.229       37.736   299.4
3.3395        -5975.401    -6013.235       37.834   300.2
3.3400        -5975.496    -6013.248       37.752   299.6
3.3405        -5975.500    -6013.266       37.766   299.7
3.3410        -5975.406    -6013.287       37.881   300.6
3.3415        -5975.423    -6013.311       37.888   300.6
3.3420        -5975.318    -6013.341       38.023   301.7
3.3425        -5975.361    -6013.374       38.013   301.6
3.3430        -5975.301    -6013.409       38.108   302.4
3.3435        -5975.302    -6013.445       38.143   302.7
3.3440        -5975.230    -6013.483       38.253   303.5
3.3445        -5975.168    -6013.521       38.353   304.3
3.3450        -5975.190    -6013.559       38.369   304.4
3.3455        -5975.234    -6013.597       38.363   304.4
3.3460        -5975.237    -6013.636       38.399   304.7
3.3465        -5975.260    -6013.674       38.415   304.8
3.3470        -5975.274    -6013.713       38.439   305.0
3.3475        -5975.333    -6013.749       38.416   304.8
3.3480        -5975.382    -6013.785       38.404   304.7
3.3485        -5975.305    -6013.819       38.514   305.6
3.3490        -5975.397    -6013.850       38.453   305.1
3.3495        -5975.419    -6013.880       38.461   305.2
3.3500        -5975.498    -6013.908       38.411   304.8
3.3505        -5975.632    -6013.935       38.303   303.9
3.3510        -5975.576    -6013.958       38.382   304.6
3.3515        -5975.493    -6013.980       38.487   305.4
3.3520        -5975.532    -6014.001       38.469   305.2
3.3525        -5975.525    -6014.020       38.495   305.4
3.3530        -5975.487    -6014.036       38.549   305.9
3.3535        -5975.486    -6014.047       38.561   306.0
3.3540        -5975.514    -6014.057       38.542   305.8
3.3545        -5975.490    -6014.063       38.573   306.1
3.3550        -5975.452    -6014.065       38.613   306.4
3.3555        -5975.600    -6014.064       38.464   305.2
3.3560        -5975.711    -6014.060       38.349   304.3
3.3565        -5975.716    -6014.053       38.337   304.2
3.3570        -5975.732    -6014.045       38.313   304.0
3.3575        -5975.767    -6014.034       38.268   303.6
3.3580        -5975.726    -6014.021       38.295   303.9
3.3585        -5975.778    -6014.007       38.228   303.3
3.3590        -5975.737    -6013.988       38.251   303.5
3.3595        -5975.694    -6013.969       38.275   303.7
3.3600        -5975.734    -6013.944       38.211   303.2
3.3605        -5975.762    -6013.916       38.154   302.7
3.3610        -5975.814    -6013.884       38.071   302.1
3.3615        -5975.805    -6013.850       38.044   301.9
3.3620        -5975.826    -6013.816       37.990   301.4
3.3625        -5975.826    -6013.779       37.952   301.1
3.3630        -5975.792    -6013.739       37.947   301.1
3.3635        -5975.806    -6013.697       37.891   300.7
3.3640        -5975.767    -6013.655       37.888   300.6
3.3645        -5975.770    -6013.611       37.841   300.3
3.3650        -5975.610    -6013.567       37.957   301.2
3.3655        -5975.575    -6013.523       37.948   301.1
3.3660        -5975.616    -6013.477       37.861   300.4
3.3665        -5975.579    -6013.431       37.852   300.3
3.3670        -5975.501    -6013.388       37.886   300.6
3.3675        -5975.416    -6013.347       37.931   301.0
3.3680        -5975.397    -6013.307       37.910   300.8
3.3685        -5975.387    -6013.271       37.884   300.6
3.3690        -5975.434    -6013.238       37.804   300.0
3.3695        -5975.343    -6013.211       37.868   300.5
3.3700        -5975.271    -6013.189       37.918   300.9
3.3705        -5975.271    -6013.173       37.902   300.7
3.3710        -5975.226    -6013.161       37.935   301.0
3.3715        -5975.145    -6013.155       38.010   301.6
3.3720        -5975.164    -6013.152       37.988   301.4
3.3725        -5975.156    -6013.153       37.998   301.5
3.3730        -5975.006    -6013.160       38.154   302.7
3.3735        -5974.845    -6013.171       38.326   304.1
3.3740        -5974.891    -6013.187       38.296   303.9
3.3745        -5974.800    -6013.206       38.406   304.7
3.3750        -5974.986    -6013.228       38.242   303.4
3.3755        -5975.004    -6013.253       38.249   303.5
3.3760        -5974.989    -6013.280       38.291   303.8
3.3765        -5975.033    -6013.311       38.278   303.7
3.3770        -5974.952    -6013.344       38.393   304.6
3.3775        -5974.964    -6013.380       38.415   304.8
3.3780        -5974.877    -6013.415       38.538   305.8
3.3785        -5974.919    -6013.449       38.530   305.7
3.3790        -5974.949    -6013.484       38.535   305.8
3.3795        -5974.968    -6013.517       38.549   305.9
3.3800        -5975.027    -6013.549       38.522   305.7
3.3805        -5974.941    -6013.577       38.635   306.6
3.3810        -5974.922    -6013.601       38.679   306.9
3.3815        -5974.949    -6013.624       38.675   306.9
3.3820        -5974.954    -6013.647       38.693   307.0
3.3825        -5974.897    -6013.667       38.770   307.6
3.3830        -5974.925    -6013.684       38.759   307.5
3.3835        -5974.965    -6013.696       38.731   307.3
3.3840        -5974.991    -6013.704       38.712   307.2
3.3845        -5974.942    -6013.709       38.767   307.6
3.3850        -5975.021    -6013.711       38.690   307.0
3.3855        -5975.072    -6013.707       38.635   306.6
3.3860        -5975.074    -6013.701       38.628   306.5
3.3865        -5974.871    -6013.690       38.819   308.0
3.3870        -5974.821    -6013.673       38.851   308.3
3.3875        -5974.850    -6013.654       38.804   307.9
3.3880        -5974.824    -6013.631       38.806   307.9
3.3885        -5974.855    -6013.605       38.750   307.5
3.3890        -5974.804    -6013.578       38.774   307.7
3.3895        -5974.695    -6013.549       38.854   308.3
3.3900        -5974.625    -6013.518       38.893   308.6
3.3905        -5974.646    -6013.485       38.839   308.2
3.3910        -5974.656    -6013.449       38.794   307.8
3.3915        -5974.583    -6013.410       38.828   308.1
3.3920        -5974.567    -6013.369       38.802   307.9
3.3925        -5974.572    -6013.328       38.756   307.5
3.3930        -5974.663    -6013.285       38.622   306.5
3.3935        -5974.509    -6013.240       38.731   307.3
3.3940        -5974.623    -6013.198       38.574   306.1
3.3945        -5974.697    -6013.157       38.461   305.2
3.3950        -5974.714    -6013.119       38.405   304.7
3.3955        -5974.741    -6013.084       38.342   304.2
3.3960        -5974.675    -6013.047       38.372   304.5
3.3965        -5974.726    -6013.011       38.285   303.8
3.3970        -5974.688    -6012.974       38.286   303.8
3.3975        -5974.740    -6012.936       38.196   303.1
3.3980        -5974.827    -6012.901       38.074   302.1
3.3985        -5974.795    -6012.867       38.072   302.1
3.3990        -5974.834    -6012.834       38.000   301.5
3.3995        -5974.821    -6012.803       37.982   301.4
3.4000        -5974.877    -6012.772       37.895   300.7
3.4005        -5974.870    -6012.739       37.870   300.5
3.4010        -5974.919    -6012.707       37.788   299.8
3.4015        -5974.990    -6012.673       37.682   299.0
3.4020        -5975.102    -6012.639       37.537   297.8
3.4025        -5975.100    -6012.606       37.506   297.6
3.4030        -5975.068    -6012.575       37.507   297.6
3.4035        -5975.217    -6012.548       37.330   296.2
3.4040        -5975.136    -6012.523       37.387   296.7
3.4045        -5975.241    -6012.502       37.261   295.7
3.4050        -5975.294    -6012.484       37.190   295.1
3.4055        -5975.184    -6012.471       37.287   295.9
3.4060        -5975.154    -6012.461       37.307   296.0
3.4065        -5975.203    -6012.454       37.251   295.6
3.4070        -5975.228    -6012.450       37.223   295.4
3.4075        -5975.202    -6012.451       37.248   295.6
3.4080        -5975.395    -6012.455       37.060   294.1
3.4085        -5975.407    -6012.466       37.059   294.1
3.4090        -5975.474    -6012.481       37.007   293.6
3.4095        -5975.510    -6012.500       36.990   293.5
3.4100        -5975.536    -6012.524       36.989   293.5
3.4105        -5975.564    -6012.554       36.990   293.5
3.4110        -5975.636    -6012.587       36.951   293.2
3.4115        -5975.715    -6012.624       36.909   292.9
3.4120        -5975.665    -6012.666       37.001   293.6
3.4125        -5975.618    -6012.714       37.095   294.3
3.4130        -5975.636    -6012.763       37.127   294.6
3.4135        -5975.636    -6012.818       37.182   295.0
3.4140        -5975.705    -6012.877       37.172   295.0
3.4145        -5975.728    -6012.941       37.213   295.3
3.4150        -5975.648    -6013.007       37.359   296.4
3.4155        -5975.618    -6013.077       37.459   297.2
3.4160        -5975.660    -6013.147       37.488   297.5
3.4165        -5975.693    -6013.219       37.526   297.8
3.4170        -5975.670    -6013.291       37.621   298.5
3.4175        -5975.612    -6013.365       37.754   299.6
3.4180        -5975.544    -6013.437       37.894   300.7
3.4185        -5975.537    -6013.505       37.969   301.3
3.4190        -5975.510    -6013.572       38.062   302.0
3.4195        -5975.390    -6013.637       38.246   303.5
3.4200        -5975.421    -6013.697       38.276   303.7
3.4205        -5975.413    -6013.754       38.340   304.2
3.4210        -5975.433    -6013.804       38.371   304.5
3.4215        -5975.320    -6013.852       38.532   305.7
3.4220        -5975.295    -6013.896       38.601   306.3
3.4225        -5975.228    -6013.933       38.705   307.1
3.4230        -5975.174    -6013.961       38.787   307.8
3.4235        -5975.134    -6013.983       38.850   308.3
3.4240        -5975.105    -6013.998       38.892   308.6
3.4245        -5975.084    -6014.004       38.921   308.8
3.4250        -5974.999    -6014.005       39.006   309.5
3.4255        -5975.147    -6014.001       38.854   308.3
3.4260        -5975.173    -6013.989       38.816   308.0
3.4265        -5975.278    -6013.970       38.691   307.0
3.4270        -5975.321    -6013.944       38.623   306.5
3.4275        -5975.312    -6013.914       38.603   306.3
3.4280        -5975.277    -6013.881       38.604   306.3
3.4285        -5975.263    -6013.843       38.580   306.1
3.4290        -5975.163    -6013.799       38.636   306.6
3.4295        -5975.069    -6013.747       38.678   306.9
3.4300        -5975.069    -6013.690       38.621   306.4
3.4305        -5975.115    -6013.630       38.515   305.6
3.4310        -5975.178    -6013.568       38.390   304.6
3.4315        -5975.157    -6013.503       38.345   304.3
3.4320        -5975.287    -6013.434       38.147   302.7
3.4325        -5975.390    -6013.363       37.973   301.3
3.4330        -5975.341    -6013.292       37.951   301.1
3.4335        -5975.339    -6013.219       37.881   300.6
3.4340        -5975.381    -6013.146       37.766   299.7
3.4345        -5975.433    -6013.073       37.640   298.7
3.4350        -5975.446    -6013.000       37.555   298.0
3.4355        -5975.594    -6012.928       37.334   296.2
3.4360        -5975.532    -6012.857       37.324   296.2
3.4365        -5975.536    -6012.786       37.250   295.6
3.4370        -5975.527    -6012.717       37.190   295.1
3.4375        -5975.358    -6012.647       37.289   295.9
3.4380        -5975.314    -6012.583       37.269   295.7
3.4385        -5975.285    -6012.521       37.236   295.5
3.4390        -5975.301    -6012.463       37.162   294.9
3.4395        -5975.359    -6012.406       37.046   294.0
3.4400        -5975.365    -6012.352       36.988   293.5
3.4405        -5975.344    -6012.301       36.957   293.2
3.4410        -5975.428    -6012.253       36.825   292.2
3.4415        -5975.361    -6012.206       36.845   292.4
3.4420        -5975.255    -6012.164       36.909   292.9
3.4425        -5975.234    -6012.126       36.892   292.7
3.4430        -5975.226    -6012.088       36.862   292.5
3.4435        -5975.253    -6012.052       36.799   292.0
3.4440        -5975.265    -6012.018       36.753   291.6
3.4445        -5975.230    -6011.986       36.756   291.6
3.4450        -5975.255    -6011.955       36.700   291.2
3.4455        -5975.256    -6011.927       36.671   291.0
3.4460        -5975.225    -6011.900       36.675   291.0
3.4465        -5975.265    -6011.871       36.606   290.5
3.4470        -5975.288    -6011.842       36.553   290.0
3.4475        -5975.140    -6011.814       36.674   291.0
3.4480        -5975.057    -6011.787       36.731   291.4
3.4485        -5975.053    -6011.763       36.710   291.3
3.4490        -5975.101    -6011.740       36.639   290.7
3.4495        -5975.080    -6011.717       36.638   290.7
3.4500        -5975.100    -6011.695       36.595   290.4
3.4505        -5975.120    -6011.675       36.555   290.1
3.4510        -5975.146    -6011.659       36.512   289.7
3.4515        -5975.120    -6011.644       36.524   289.8
3.4520        -5975.129    -6011.631       36.502   289.6
3.4525        -5975.127    -6011.619       36.492   289.6
3.4530        -5975.198    -6011.609       36.411   288.9
3.4535        -5975.181    -6011.602       36.420   289.0
3.4540        -5975.151    -6011.597       36.445   289.2
3.4545        -5975.150    -6011.595       36.445   289.2
3.4550        -5975.103    -6011.599       36.496   289.6
3.4555        -5975.073    -6011.608       36.534   289.9
3.4560        -5975.104    -6011.622       36.518   289.8
3.4565        -5975.066    -6011.639       36.573   290.2
3.4570        -5975.026    -6011.659       36.633   290.7
3.4575        -5974.993    -6011.684       36.691   291.1
3.4580        -5975.005    -6011.713       36.708   291.3
3.4585        -5975.016    -6011.745       36.729   291.4
3.4590        -5975.011    -6011.778       36.768   291.7
3.4595        -5975.013    -6011.813       36.800   292.0
3.4600        -5974.984    -6011.850       36.865   292.5
3.4605        -5974.936    -6011.886       36.950   293.2
3.4610        -5975.023    -6011.926       36.903   292.8
3.4615        -5974.957    -6011.968       37.011   293.7
3.4620        -5974.959    -6012.013       37.054   294.0
3.4625        -5974.975    -6012.061       37.086   294.3
3.4630        -5974.865    -6012.112       37.247   295.5
3.4635        -5974.822    -6012.166       37.345   296.3
3.4640        -5974.871    -6012.220       37.349   296.4
3.4645        -5974.767    -6012.275       37.508   297.6
3.4650        -5974.721    -6012.326       37.605   298.4
3.4655        -5974.699    -6012.375       37.676   299.0
3.4660        -5974.742    -6012.421       37.679   299.0
3.4665        -5974.769    -6012.465       37.696   299.1
3.4670        -5974.740    -6012.510       37.769   299.7
3.4675        -5974.752    -6012.557       37.804   300.0
3.4680        -5974.721    -6012.607       37.886   300.6
3.4685        -5974.621    -6012.657       38.037   301.8
3.4690        -5974.628    -6012.703       38.075   302.1
3.4695        -5974.594    -6012.746       38.152   302.7
3.4700        -5974.531    -6012.785       38.254   303.5
3.4705        -5974.338    -6012.822       38.484   305.4
3.4710        -5974.467    -6012.856       38.390   304.6
3.4715        -5974.525    -6012.887       38.361   304.4
3.4720        -5974.507    -6012.914       38.407   304.7
3.4725        -5974.412    -6012.935       38.523   305.7
3.4730        -5974.324    -6012.953       38.629   306.5
3.4735        -5974.465    -6012.968       38.504   305.5
3.4740        -5974.422    -6012.980       38.558   305.9
3.4745        -5974.363    -6012.989       38.626   306.5
3.4750        -5974.386    -6012.998       38.612   306.4
3.4755        -5974.372    -6013.005       38.633   306.5
3.4760        -5974.406    -6013.008       38.602   306.3
3.4765        -5974.424    -6013.005       38.582   306.1
3.4770        -5974.426    -6012.999       38.574   306.1
3.4775        -5974.520    -6012.992       38.473   305.3
3.4780        -5974.494    -6012.983       38.489   305.4
3.4785        -5974.404    -6012.971       38.567   306.0
3.4790        -5974.494    -6012.955       38.461   305.2
3.4795        -5974.572    -6012.939       38.367   304.4
3.4800        -5974.594    -6012.920       38.325   304.1
3.4805        -5974.635    -6012.900       38.265   303.6
3.4810        -5974.577    -6012.881       38.303   303.9
3.4815        -5974.639    -6012.862       38.223   303.3
3.4820        -5974.602    -6012.844       38.242   303.4
3.4825        -5974.640    -6012.827       38.187   303.0
3.4830        -5974.756    -6012.811       38.055   302.0
3.4835        -5974.776    -6012.798       38.022   301.7
3.4840        -5974.863    -6012.787       37.924   300.9
3.4845        -5974.868    -6012.775       37.907   300.8
3.4850        -5974.864    -6012.766       37.902   300.7
3.4855        -5974.867    -6012.760       37.893   300.7
3.4860        -5974.878    -6012.758       37.880   300.6
3.4865        -5974.858    -6012.761       37.903   300.7
3.4870        -5974.766    -6012.764       37.998   301.5
3.4875        -5974.778    -6012.771       37.993   301.5
3.4880        -5974.718    -6012.779       38.061   302.0
3.4885        -5974.700    -6012.787       38.087   302.2
3.4890        -5974.763    -6012.797       38.034   301.8
3.4895        -5974.692    -6012.812       38.119   302.5
3.4900        -5974.635    -6012.827       38.192   303.0
3.4905        -5974.579    -6012.844       38.265   303.6
3.4910        -5974.534    -6012.863       38.329   304.1
3.4915        -5974.520    -6012.884       38.364   304.4
3.4920        -5974.499    -6012.908       38.409   304.8
3.4925        -5974.462    -6012.931       38.469   305.2
3.4930        -5974.441    -6012.953       38.512   305.6
3.4935        -5974.482    -6012.974       38.492   305.4
3.4940        -5974.532    -6012.995       38.463   305.2
3.4945        -5974.487    -6013.017       38.530   305.7
3.4950        -5974.485    -6013.038       38.553   305.9
3.4955        -5974.488    -6013.059       38.571   306.1
3.4960        -5974.577    -6013.078       38.501   305.5
3.4965        -5974.545    -6013.098       38.553   305.9
3.4970        -5974.627    -6013.116       38.489   305.4
3.4975        -5974.646    -6013.131       38.485   305.4
3.4980        -5974.663    -6013.145       38.483   305.3
3.4985        -5974.610    -6013.158       38.548   305.9
3.4990        -5974.745    -6013.169       38.424   304.9
3.4995        -5974.672    -6013.176       38.504   305.5
3.5000        -5974.773    -6013.179       38.407   304.7
3.5005        -5974.649    -6013.180       38.532   305.7
3.5010        -5974.726    -6013.181       38.455   305.1
3.5015        -5974.648    -6013.179       38.531   305.7
3.5020        -5974.600    -6013.177       38.576   306.1
3.5025        -5974.547    -6013.172       38.626   306.5
3.5030        -5974.567    -6013.167       38.601   306.3
3.5035        -5974.614    -6013.158       38.545   305.8
3.5040        -5974.688    -6013.150       38.462   305.2
3.5045        -5974.719    -6013.138       38.419   304.8
3.5050        -5974.765    -6013.124       38.360   304.4
3.5055        -5974.789    -6013.108       38.319   304.1
3.5060        -5974.866    -6013.091       38.225   303.3
3.5065        -5974.905    -6013.073       38.168   302.8
3.5070        -5975.051    -6013.056       38.005   301.6
3.5075        -5975.019    -6013.039       38.019   301.7
3.5080        -5974.982    -6013.022       38.041   301.8
3.5085        -5975.003    -6013.006       38.002   301.5
3.5090        -5975.000    -6012.991       37.991   301.4
3.5095        -5975.153    -6012.977       37.824   300.1
3.5100        -5975.113    -6012.964       37.851   300.3
3.5105        -5975.074    -6012.951       37.877   300.5
3.5110        -5975.117    -6012.940       37.822   300.1
3.5115        -5975.181    -6012.932       37.751   299.5
3.5120        -5975.250    -6012.924       37.675   298.9
3.5125        -5975.256    -6012.920       37.664   298.9
3.5130        -5975.258    -6012.919       37.661   298.8
3.5135        -5975.329    -6012.921       37.592   298.3
3.5140        -5975.390    -6012.923       37.533   297.8
3.5145        -5975.393    -6012.928       37.535   297.8
3.5150        -5975.267    -6012.935       37.668   298.9
3.5155        -5975.291    -6012.946       37.655   298.8
3.5160        -5975.403    -6012.960       37.557   298.0
3.5165        -5975.361    -6012.978       37.617   298.5
3.5170        -5975.299    -6013.000       37.700   299.1
3.5175        -5975.321    -6013.023       37.702   299.2
3.5180        -5975.394    -6013.049       37.655   298.8
3.5185        -5975.435    -6013.077       37.642   298.7
3.5190        -5975.365    -6013.107       37.743   299.5
3.5195        -5975.358    -6013.140       37.782   299.8
3.5200        -5975.424    -6013.174       37.750   299.5
3.5205        -5975.340    -6013.210       37.870   300.5
3.5210        -5975.272    -6013.247       37.975   301.3
3.5215        -5975.327    -6013.286       37.959   301.2
3.5220        -5975.383    -6013.325       37.941   301.1
3.5225        -5975.424    -6013.362       37.938   301.0
3.5230        -5975.362    -6013.400       38.037   301.8
3.5235        -5975.326    -6013.437       38.111   302.4
3.5240        -5975.294    -6013.472       38.178   302.9
3.5245        -5975.334    -6013.505       38.172   302.9
3.5250        -5975.367    -6013.538       38.171   302.9
3.5255        -5975.393    -6013.571       38.177   302.9
3.5260        -5975.509    -6013.602       38.094   302.3
3.5265        -5975.474    -6013.631       38.157   302.8
3.5270        -5975.408    -6013.657       38.249   303.5
3.5275        -5975.373    -6013.682       38.309   304.0
3.5280        -5975.372    -6013.706       38.334   304.2
3.5285        -5975.518    -6013.730       38.212   303.2
3.5290        -5975.495    -6013.752       38.257   303.6
3.5295        -5975.495    -6013.775       38.281   303.7
3.5300        -5975.476    -6013.798       38.322   304.1
3.5305        -5975.624    -6013.819       38.195   303.1
3.5310        -5975.674    -6013.838       38.164   302.8
3.5315        -5975.700    -6013.855       38.156   302.8
3.5320        -5975.743    -6013.871       38.129   302.5
3.5325        -5975.606    -6013.885       38.279   303.7
3.5330        -5975.652    -6013.896       38.245   303.5
3.5335        -5975.717    -6013.907       38.190   303.0
3.5340        -5975.688    -6013.916       38.228   303.3
3.5345        -5975.725    -6013.922       38.197   303.1
3.5350        -5975.798    -6013.928       38.130   302.5
3.5355        -5975.778    -6013.931       38.153   302.7
3.5360        -5975.800    -6013.937       38.136   302.6
3.5365        -5975.772    -6013.940       38.168   302.9
3.5370        -5975.822    -6013.940       38.118   302.5
3.5375        -5975.847    -6013.937       38.090   302.2
3.5380        -5975.869    -6013.932       38.063   302.0
3.5385        -5975.742    -6013.928       38.186   303.0
3.5390        -5975.784    -6013.922       38.138   302.6
3.5395        -5975.783    -6013.912       38.129   302.5
3.5400        -5975.763    -6013.900       38.137   302.6
3.5405        -5975.760    -6013.886       38.127   302.5
3.5410        -5975.819    -6013.869       38.050   301.9
3.5415        -5975.685    -6013.851       38.167   302.8
3.5420        -5975.654    -6013.831       38.177   302.9
3.5425        -5975.626    -6013.809       38.184   303.0
3.5430        -5975.554    -6013.785       38.231   303.4
3.5435        -5975.596    -6013.759       38.162   302.8
3.5440        -5975.668    -6013.729       38.061   302.0
3.5445        -5975.720    -6013.699       37.978   301.3
3.5450        -5975.747    -6013.667       37.920   300.9
3.5455        -5975.767    -6013.632       37.865   300.4
3.5460        -5975.808    -6013.593       37.785   299.8
3.5465        -5975.832    -6013.554       37.722   299.3
3.5470        -5975.863    -6013.511       37.648   298.7
3.5475        -5975.789    -6013.464       37.675   298.9
3.5480        -5975.885    -6013.414       37.528   297.8
3.5485        -5975.901    -6013.364       37.462   297.3
3.5490        -5975.934    -6013.313       37.379   296.6
3.5495        -5975.898    -6013.263       37.365   296.5
3.5500        -5975.941    -6013.212       37.271   295.7
3.5505        -5975.980    -6013.162       37.181   295.0
3.5510        -5975.989    -6013.112       37.123   294.6
3.5515        -5975.972    -6013.065       37.093   294.3
3.5520        -5975.998    -6013.021       37.023   293.8
3.5525        -5975.970    -6012.981       37.011   293.7
3.5530        -5975.826    -6012.944       37.117   294.5
3.5535        -5975.805    -6012.910       37.106   294.4
3.5540        -5975.821    -6012.882       37.061   294.1
3.5545        -5975.756    -6012.857       37.100   294.4
3.5550        -5975.803    -6012.835       37.031   293.8
3.5555        -5975.855    -6012.819       36.963   293.3
3.5560        -5975.838    -6012.807       36.970   293.3
3.5565        -5975.833    -6012.802       36.969   293.3
3.5570        -5975.773    -6012.806       37.032   293.8
3.5575        -5975.631    -6012.815       37.184   295.0
3.5580        -5975.757    -6012.834       37.077   294.2
3.5585        -5975.832    -6012.860       37.028   293.8
3.5590        -5975.783    -6012.896       37.113   294.5
3.5595        -5975.771    -6012.941       37.169   294.9
3.5600        -5975.808    -6012.994       37.186   295.1
3.5605        -5975.799    -6013.054       37.255   295.6
3.5610        -5975.823    -6013.122       37.299   296.0
3.5615        -5975.713    -6013.199       37.486   297.4
3.5620        -5975.646    -6013.285       37.639   298.7
3.5625        -5975.731    -6013.376       37.645   298.7
3.5630        -5975.759    -6013.474       37.715   299.3
3.5635        -5975.807    -6013.576       37.768   299.7
3.5640        -5975.730    -6013.682       37.952   301.1
3.5645        -5975.848    -6013.792       37.944   301.1
3.5650        -5975.823    -6013.908       38.085   302.2
3.5655        -5975.775    -6014.028       38.253   303.5
3.5660        -5975.640    -6014.152       38.512   305.6
3.5665        -5975.616    -6014.276       38.660   306.8
3.5670        -5975.764    -6014.401       38.637   306.6
3.5675        -5975.812    -6014.526       38.713   307.2
3.5680        -5975.907    -6014.649       38.742   307.4
3.5685        -5975.935    -6014.769       38.834   308.1
3.5690        -5975.888    -6014.887       38.999   309.4
3.5695        -5976.006    -6015.002       38.996   309.4
3.5700        -5976.037    -6015.113       39.076   310.1
3.5705        -5975.937    -6015.218       39.282   311.7
3.5710        -5976.033    -6015.315       39.282   311.7
3.5715        -5976.033    -6015.405       39.372   312.4
3.5720        -5976.095    -6015.490       39.395   312.6
3.5725        -5975.970    -6015.566       39.597   314.2
3.5730        -5976.006    -6015.635       39.629   314.4
3.5735        -5975.988    -6015.695       39.706   315.1
3.5740        -5976.041    -6015.746       39.705   315.0
3.5745        -5975.907    -6015.790       39.882   316.5
3.5750        -5975.989    -6015.823       39.833   316.1
3.5755        -5976.022    -6015.847       39.825   316.0
3.5760        -5976.072    -6015.863       39.791   315.7
3.5765        -5976.019    -6015.872       39.853   316.2
3.5770        -5975.973    -6015.872       39.899   316.6
3.5775        -5975.897    -6015.862       39.965   317.1
3.5780        -5975.870    -6015.845       39.974   317.2
3.5785        -5975.886    -6015.819       39.934   316.9
3.5790        -5975.759    -6015.789       40.029   317.6
3.5795        -5975.713    -6015.752       40.039   317.7
3.5800        -5975.792    -6015.709       39.917   316.7
3.5805        -5975.751    -6015.659       39.909   316.7
3.5810        -5975.708    -6015.603       39.895   316.6
3.5815        -5975.821    -6015.542       39.721   315.2
3.5820        -5975.846    -6015.474       39.628   314.4
3.5825        -5975.897    -6015.401       39.504   313.4
3.5830        -5975.843    -6015.324       39.481   313.3
3.5835        -5975.717    -6015.244       39.527   313.6
3.5840        -5975.679    -6015.161       39.482   313.3
3.5845        -5975.748    -6015.073       39.326   312.0
3.5850        -5975.770    -6014.981       39.211   311.1
3.5855        -5975.832    -6014.886       39.054   309.9
3.5860        -5975.837    -6014.790       38.953   309.1
3.5865        -5975.900    -6014.691       38.792   307.8
3.5870        -5975.898    -6014.589       38.691   307.0
3.5875        -5975.854    -6014.484       38.630   306.5
3.5880        -5975.919    -6014.379       38.461   305.2
3.5885        -5975.785    -6014.275       38.490   305.4
3.5890        -5975.747    -6014.172       38.425   304.9
3.5895        -5975.734    -6014.069       38.336   304.2
3.5900        -5975.780    -6013.969       38.188   303.0
3.5905        -5975.777    -6013.871       38.094   302.3
3.5910        -5975.740    -6013.774       38.034   301.8
3.5915        -5975.789    -6013.676       37.887   300.6
3.5920        -5975.728    -6013.580       37.851   300.3
3.5925        -5975.801    -6013.485       37.685   299.0
3.5930        -5975.803    -6013.396       37.593   298.3
3.5935        -5975.762    -6013.308       37.546   297.9
3.5940        -5975.755    -6013.227       37.472   297.3
3.5945        -5975.767    -6013.148       37.381   296.6
3.5950        -5975.823    -6013.070       37.246   295.5
3.5955        -5975.738    -6012.993       37.255   295.6
3.5960        -5975.779    -6012.916       37.138   294.7
3.5965        -5975.776    -6012.842       37.066   294.1
3.5970        -5975.686    -6012.770       37.084   294.2
3.5975        -5975.711    -6012.698       36.987   293.5
3.5980        -5975.845    -6012.626       36.782   291.9
3.5985        -5975.800    -6012.557       36.757   291.7
3.5990        -5975.765    -6012.488       36.724   291.4
3.5995        -5975.833    -6012.419       36.586   290.3
3.6000        -5975.875    -6012.353       36.478   289.4
3.6005        -5975.886    -6012.289       36.403   288.8
3.6010        -5975.992    -6012.226       36.234   287.5
3.6015        -5976.019    -6012.163       36.145   286.8
3.6020        -5976.061    -6012.098       36.038   285.9
3.6025        -5976.099    -6012.032       35.933   285.1
3.6030        -5976.110    -6011.966       35.856   284.5
3.6035        -5976.066    -6011.901       35.835   284.3
3.6040        -5975.972    -6011.839       35.866   284.6
3.6045        -5976.025    -6011.775       35.750   283.7
3.6050        -5976.030    -6011.712       35.682   283.1
3.6055        -5975.938    -6011.651       35.713   283.4
3.6060        -5976.052    -6011.589       35.537   282.0
3.6065        -5976.178    -6011.530       35.353   280.5
3.6070        -5976.216    -6011.474       35.258   279.8
3.6075        -5976.215    -6011.418       35.203   279.3
3.6080        -5976.212    -6011.364       35.152   278.9
3.6085        -5976.180    -6011.315       35.135   278.8
3.6090        -5976.180    -6011.268       35.089   278.4
3.6095        -5976.048    -6011.225       35.177   279.1
3.6100        -5976.157    -6011.185       35.029   277.9
3.6105        -5976.158    -6011.151       34.993   277.7
3.6110        -5976.260    -6011.121       34.861   276.6
3.6115        -5976.259    -6011.096       34.837   276.4
3.6120        -5976.301    -6011.077       34.776   275.9
3.6125        -5976.324    -6011.064       34.740   275.6
3.6130        -5976.350    -6011.053       34.704   275.4
3.6135        -5976.215    -6011.048       34.834   276.4
3.6140        -5976.245    -6011.048       34.804   276.2
3.6145        -5976.323    -6011.055       34.732   275.6
3.6150        -5976.325    -6011.067       34.743   275.7
3.6155        -5976.341    -6011.089       34.748   275.7
3.6160        -5976.339    -6011.119       34.780   276.0
3.6165        -5976.348    -6011.154       34.806   276.2
3.6170        -5976.393    -6011.198       34.805   276.2
3.6175        -5976.363    -6011.250       34.887   276.8
3.6180        -5976.261    -6011.306       35.045   278.1
3.6185        -5976.282    -6011.368       35.087   278.4
3.6190        -5976.308    -6011.435       35.127   278.7
3.6195        -5976.284    -6011.508       35.224   279.5
3.6200        -5976.357    -6011.589       35.232   279.6
3.6205        -5976.230    -6011.675       35.445   281.2
3.6210        -5976.275    -6011.763       35.488   281.6
3.6215        -5976.251    -6011.856       35.606   282.5
3.6220        -5976.290    -6011.951       35.662   283.0
3.6225        -5976.250    -6012.050       35.800   284.1
3.6230        -5976.334    -6012.150       35.817   284.2
3.6235        -5976.323    -6012.249       35.926   285.1
3.6240        -5976.413    -6012.348       35.935   285.1
3.6245        -5976.393    -6012.447       36.053   286.1
3.6250        -5976.374    -6012.544       36.170   287.0
3.6255        -5976.421    -6012.642       36.221   287.4
3.6260        -5976.374    -6012.740       36.366   288.6
3.6265        -5976.277    -6012.837       36.560   290.1
3.6270        -5976.217    -6012.934       36.717   291.3
3.6275        -5976.307    -6013.029       36.722   291.4
3.6280        -5976.300    -6013.125       36.825   292.2
3.6285        -5976.233    -6013.221       36.988   293.5
3.6290        -5976.306    -6013.312       37.006   293.6
3.6295        -5976.341    -6013.403       37.062   294.1
3.6300        -5976.277    -6013.492       37.216   295.3
3.6305        -5976.297    -6013.578       37.281   295.8
3.6310        -5976.233    -6013.659       37.426   297.0
3.6315        -5976.261    -6013.735       37.475   297.4
3.6320        -5976.160    -6013.808       37.648   298.7
3.6325        -5976.182    -6013.877       37.694   299.1
3.6330        -5976.146    -6013.941       37.795   299.9
3.6335        -5976.172    -6014.003       37.831   300.2
3.6340        -5976.117    -6014.062       37.945   301.1
3.6345        -5976.255    -6014.115       37.860   300.4
3.6350        -5976.240    -6014.164       37.924   300.9
3.6355        -5976.269    -6014.208       37.939   301.0
3.6360        -5976.214    -6014.250       38.036   301.8
3.6365        -5976.280    -6014.287       38.007   301.6
3.6370        -5976.289    -6014.321       38.032   301.8
3.6375        -5976.251    -6014.352       38.101   302.3
3.6380        -5976.205    -6014.380       38.175   302.9
3.6385        -5976.122    -6014.405       38.283   303.8
3.6390        -5976.018    -6014.429       38.411   304.8
3.6395        -5976.079    -6014.451       38.372   304.5
3.6400        -5976.109    -6014.469       38.360   304.4
3.6405        -5976.159    -6014.486       38.327   304.1
3.6410        -5976.093    -6014.496       38.404   304.7
3.6415        -5976.036    -6014.504       38.468   305.2
3.6420        -5976.083    -6014.509       38.426   304.9
3.6425        -5976.042    -6014.509       38.467   305.2
3.6430        -5976.123    -6014.504       38.381   304.5
3.6435        -5976.168    -6014.496       38.328   304.1
3.6440        -5976.122    -6014.485       38.363   304.4
3.6445        -5976.085    -6014.472       38.387   304.6
3.6450        -5976.119    -6014.458       38.339   304.2
3.6455        -5976.059    -6014.444       38.385   304.6
3.6460        -5975.982    -6014.429       38.446   305.1
3.6465        -5976.011    -6014.411       38.399   304.7
3.6470        -5976.074    -6014.390       38.317   304.0
3.6475        -5976.125    -6014.368       38.243   303.5
3.6480        -5976.159    -6014.343       38.183   303.0
3.6485        -5976.249    -6014.314       38.066   302.0
3.6490        -5976.336    -6014.286       37.950   301.1
3.6495        -5976.316    -6014.258       37.942   301.1
3.6500        -5976.358    -6014.231       37.873   300.5
3.6505        -5976.400    -6014.203       37.803   300.0
3.6510        -5976.461    -6014.176       37.715   299.3
3.6515        -5976.437    -6014.149       37.712   299.2
3.6520        -5976.297    -6014.124       37.827   300.1
3.6525        -5976.380    -6014.099       37.719   299.3
3.6530        -5976.429    -6014.076       37.648   298.7
3.6535        -5976.509    -6014.053       37.544   297.9
3.6540        -5976.501    -6014.031       37.530   297.8
3.6545        -5976.483    -6014.012       37.529   297.8
3.6550        -5976.474    -6013.997       37.523   297.7
3.6555        -5976.397    -6013.988       37.591   298.3
3.6560        -5976.452    -6013.980       37.528   297.8
3.6565        -5976.425    -6013.973       37.548   297.9
3.6570        -5976.437    -6013.968       37.531   297.8
3.6575        -5976.466    -6013.967       37.501   297.6
3.6580        -5976.518    -6013.966       37.449   297.1
3.6585        -5976.516    -6013.970       37.454   297.2
3.6590        -5976.528    -6013.976       37.448   297.1
3.6595        -5976.552    -6013.983       37.431   297.0
3.6600        -5976.556    -6013.989       37.434   297.0
3.6605        -5976.507    -6013.997       37.489   297.5
3.6610        -5976.500    -6014.003       37.503   297.6
3.6615        -5976.504    -6014.010       37.506   297.6
3.6620        -5976.412    -6014.016       37.604   298.4
3.6625        -5976.358    -6014.024       37.665   298.9
3.6630        -5976.363    -6014.029       37.666   298.9
3.6635        -5976.331    -6014.033       37.702   299.2
3.6640        -5976.346    -6014.034       37.689   299.0
3.6645        -5976.336    -6014.033       37.697   299.1
3.6650        -5976.347    -6014.029       37.682   299.0
3.6655        -5976.376    -6014.022       37.645   298.7
3.6660        -5976.382    -6014.013       37.631   298.6
3.6665        -5976.428    -6014.002       37.574   298.1
3.6670        -5976.377    -6013.989       37.612   298.4
3.6675        -5976.401    -6013.973       37.573   298.1
3.6680        -5976.342    -6013.957       37.615   298.5
3.6685        -5976.382    -6013.937       37.555   298.0
3.6690        -5976.378    -6013.916       37.538   297.9
3.6695        -5976.404    -6013.892       37.488   297.5
3.6700        -5976.361    -6013.866       37.505   297.6
3.6705        -5976.280    -6013.840       37.560   298.0
3.6710        -5976.153    -6013.812       37.659   298.8
3.6715        -5976.064    -6013.780       37.716   299.3
3.6720        -5976.111    -6013.745       37.634   298.6
3.6725        -5976.068    -6013.707       37.639   298.7
3.6730        -5976.120    -6013.666       37.546   297.9
3.6735        -5976.169    -6013.623       37.454   297.2
3.6740        -5976.187    -6013.580       37.393   296.7
3.6745        -5976.175    -6013.535       37.360   296.4
3.6750        -5976.073    -6013.488       37.416   296.9
3.6755        -5976.124    -6013.440       37.316   296.1
3.6760        -5976.160    -6013.393       37.233   295.4
3.6765        -5976.157    -6013.348       37.191   295.1
3.6770        -5976.224    -6013.303       37.079   294.2
3.6775        -5976.123    -6013.260       37.137   294.7
3.6780        -5976.113    -6013.219       37.106   294.4
3.6785        -5976.190    -6013.177       36.987   293.5
3.6790        -5976.123    -6013.137       37.013   293.7
3.6795        -5976.222    -6013.099       36.877   292.6
3.6800        -5976.132    -6013.065       36.933   293.1
3.6805        -5976.182    -6013.035       36.854   292.4
3.6810        -5976.186    -6013.007       36.821   292.2
3.6815        -5976.251    -6012.983       36.732   291.5
3.6820        -5976.323    -6012.964       36.642   290.7
3.6825        -5976.298    -6012.949       36.651   290.8
3.6830        -5976.344    -6012.936       36.592   290.4
3.6835        -5976.274    -6012.928       36.653   290.8
3.6840        -5976.241    -6012.925       36.684   291.1
3.6845        -5976.138    -6012.927       36.790   291.9
3.6850        -5976.089    -6012.933       36.844   292.3
3.6855        -5976.175    -6012.943       36.768   291.7
3.6860        -5976.185    -6012.958       36.773   291.8
3.6865        -5976.173    -6012.979       36.806   292.0
3.6870        -5976.190    -6013.006       36.816   292.1
3.6875        -5976.230    -6013.040       36.811   292.1
3.6880        -5976.223    -6013.081       36.858   292.5
3.6885        -5976.303    -6013.126       36.823   292.2
3.6890        -5976.262    -6013.174       36.913   292.9
3.6895        -5976.177    -6013.226       37.048   294.0
3.6900        -5976.102    -6013.281       37.178   295.0
3.6905        -5976.147    -6013.337       37.190   295.1
3.6910        -5976.135    -6013.397       37.261   295.7
3.6915        -5976.132    -6013.460       37.327   296.2
3.6920        -5976.246    -6013.527       37.280   295.8
3.6925        -5976.210    -6013.594       37.384   296.6
3.6930        -5976.168    -6013.664       37.496   297.5
3.6935        -5976.194    -6013.735       37.542   297.9
3.6940        -5976.226    -6013.809       37.583   298.2
3.6945        -5976.218    -6013.881       37.664   298.9
3.6950        -5976.201    -6013.953       37.753   299.6
3.6955        -5976.200    -6014.025       37.825   300.1
3.6960        -5976.199    -6014.094       37.895   300.7
3.6965        -5976.218    -6014.160       37.942   301.1
3.6970        -5976.251    -6014.221       37.970   301.3
3.6975        -5976.189    -6014.274       38.085   302.2
3.6980        -5976.229    -6014.319       38.090   302.2
3.6985        -5976.175    -6014.360       38.185   303.0
3.6990        -5976.155    -6014.396       38.240   303.4
3.6995        -5976.156    -6014.426       38.270   303.7
3.7000        -5976.216    -6014.450       38.235   303.4
3.7005        -5976.271    -6014.470       38.198   303.1
3.7010        -5976.327    -6014.484       38.157   302.8
3.7015        -5976.378    -6014.494       38.116   302.4
3.7020        -5976.246    -6014.497       38.252   303.5
3.7025        -5976.303    -6014.496       38.193   303.0
3.7030        -5976.293    -6014.489       38.195   303.1
3.7035        -5976.313    -6014.476       38.162   302.8
3.7040        -5976.164    -6014.457       38.293   303.8
3.7045        -5976.142    -6014.431       38.288   303.8
3.7050        -5976.254    -6014.398       38.144   302.7
3.7055        -5976.291    -6014.361       38.070   302.1
3.7060        -5976.300    -6014.321       38.021   301.7
3.7065        -5976.343    -6014.278       37.935   301.0
3.7070        -5976.333    -6014.230       37.897   300.7
3.7075        -5976.466    -6014.180       37.714   299.2
3.7080        -5976.492    -6014.128       37.636   298.6
3.7085        -5976.516    -6014.075       37.559   298.0
3.7090        -5976.336    -6014.020       37.684   299.0
3.7095        -5976.304    -6013.967       37.663   298.8
3.7100        -5976.276    -6013.913       37.637   298.6
3.7105        -5976.276    -6013.859       37.583   298.2
3.7110        -5976.344    -6013.803       37.458   297.2
3.7115        -5976.291    -6013.747       37.455   297.2
3.7120        -5976.204    -6013.692       37.488   297.5
3.7125        -5976.199    -6013.641       37.442   297.1
3.7130        -5976.270    -6013.593       37.323   296.1
3.7135        -5976.260    -6013.550       37.290   295.9
3.7140        -5976.159    -6013.512       37.353   296.4
3.7145        -5976.072    -6013.478       37.406   296.8
3.7150        -5976.102    -6013.445       37.343   296.3
3.7155        -5976.136    -6013.415       37.279   295.8
3.7160        -5976.144    -6013.388       37.244   295.5
3.7165        -5976.186    -6013.364       37.177   295.0
3.7170        -5976.159    -6013.344       37.185   295.1
3.7175        -5976.168    -6013.328       37.160   294.9
3.7180        -5976.235    -6013.321       37.086   294.3
3.7185        -5976.289    -6013.321       37.033   293.8
3.7190        -5976.243    -6013.324       37.081   294.2
3.7195        -5976.293    -6013.328       37.035   293.9
3.7200        -5976.306    -6013.337       37.030   293.8
3.7205        -5976.307    -6013.349       37.042   293.9
3.7210        -5976.338    -6013.367       37.029   293.8
3.7215        -5976.440    -6013.389       36.948   293.2
3.7220        -5976.440    -6013.413       36.973   293.4
3.7225        -5976.480    -6013.440       36.960   293.3
3.7230        -5976.510    -6013.467       36.957   293.2
3.7235        -5976.503    -6013.497       36.994   293.5
3.7240        -5976.587    -6013.530       36.944   293.1
3.7245        -5976.523    -6013.564       37.040   293.9
3.7250        -5976.518    -6013.597       37.078   294.2
3.7255        -5976.406    -6013.631       37.225   295.4
3.7260        -5976.384    -6013.665       37.281   295.8
3.7265        -5976.279    -6013.696       37.417   296.9
3.7270        -5976.302    -6013.726       37.424   296.9
3.7275        -5976.331    -6013.754       37.423   296.9
3.7280        -5976.297    -6013.779       37.482   297.4
3.7285        -5976.406    -6013.801       37.395   296.7
3.7290        -5976.345    -6013.819       37.474   297.3
3.7295        -5976.347    -6013.836       37.489   297.5
3.7300        -5976.368    -6013.850       37.482   297.4
3.7305        -5976.397    -6013.863       37.466   297.3
3.7310        -5976.284    -6013.873       37.590   298.3
3.7315        -5976.366    -6013.880       37.513   297.7
3.7320        -5976.293    -6013.882       37.589   298.3
3.7325        -5976.354    -6013.879       37.525   297.8
3.7330        -5976.382    -6013.872       37.490   297.5
3.7335        -5976.476    -6013.861       37.385   296.6
3.7340        -5976.399    -6013.845       37.446   297.1
3.7345        -5976.362    -6013.825       37.462   297.3
3.7350        -5976.295    -6013.800       37.505   297.6
3.7355        -5976.274    -6013.772       37.498   297.5
3.7360        -5976.315    -6013.740       37.424   297.0
3.7365        -5976.280    -6013.705       37.425   297.0
3.7370        -5976.295    -6013.665       37.370   296.5
3.7375        -5976.347    -6013.620       37.273   295.8
3.7380        -5976.334    -6013.571       37.238   295.5
3.7385        -5976.433    -6013.522       37.088   294.3
3.7390        -5976.489    -6013.469       36.980   293.4
3.7395        -5976.526    -6013.413       36.887   292.7
3.7400        -5976.529    -6013.354       36.825   292.2
3.7405        -5976.578    -6013.294       36.716   291.3
3.7410        -5976.590    -6013.232       36.641   290.7
3.7415        -5976.454    -6013.170       36.716   291.3
3.7420        -5976.620    -6013.108       36.488   289.5
3.7425        -5976.638    -6013.047       36.408   288.9
3.7430        -5976.595    -6012.988       36.393   288.8
3.7435        -5976.633    -6012.934       36.301   288.0
3.7440        -5976.701    -6012.882       36.181   287.1
3.7445        -5976.784    -6012.834       36.050   286.0
3.7450        -5976.739    -6012.787       36.047   286.0
3.7455        -5976.639    -6012.746       36.107   286.5
3.7460        -5976.698    -6012.708       36.010   285.7
3.7465        -5976.742    -6012.674       35.932   285.1
3.7470        -5976.718    -6012.643       35.925   285.1
3.7475        -5976.691    -6012.615       35.924   285.0
3.7480        -5976.626    -6012.593       35.966   285.4
3.7485        -5976.598    -6012.577       35.978   285.5
3.7490        -5976.510    -6012.566       36.056   286.1
3.7495        -5976.415    -6012.561       36.146   286.8
3.7500        -5976.492    -6012.560       36.068   286.2
3.7505        -5976.553    -6012.562       36.010   285.7
3.7510        -5976.534    -6012.569       36.035   285.9
3.7515        -5976.611    -6012.579       35.968   285.4
3.7520        -5976.577    -6012.594       36.018   285.8
3.7525        -5976.555    -6012.613       36.058   286.1
3.7530        -5976.560    -6012.633       36.073   286.2
3.7535        -5976.610    -6012.653       36.043   286.0
3.7540        -5976.570    -6012.676       36.105   286.5
3.7545        -5976.671    -6012.700       36.030   285.9
3.7550        -5976.647    -6012.729       36.082   286.3
3.7555        -5976.568    -6012.757       36.189   287.1
3.7560        -5976.612    -6012.787       36.175   287.0
3.7565        -5976.531    -6012.818       36.287   287.9
3.7570        -5976.495    -6012.853       36.358   288.5
3.7575        -5976.457    -6012.888       36.431   289.1
3.7580        -5976.341    -6012.921       36.580   290.2
3.7585        -5976.407    -6012.955       36.549   290.0
3.7590        -5976.440    -6012.993       36.553   290.0
3.7595        -5976.441    -6013.030       36.588   290.3
3.7600        -5976.397    -6013.064       36.667   290.9
3.7605        -5976.462    -6013.098       36.636   290.7
3.7610        -5976.481    -6013.134       36.653   290.8
3.7615        -5976.535    -6013.170       36.635   290.7
3.7620        -5976.486    -6013.205       36.719   291.4
3.7625        -5976.567    -6013.240       36.673   291.0
3.7630        -5976.597    -6013.277       36.680   291.0
3.7635        -5976.590    -6013.315       36.726   291.4
3.7640        -5976.592    -6013.352       36.760   291.7
3.7645        -5976.517    -6013.386       36.869   292.5
3.7650        -5976.546    -6013.418       36.872   292.6
3.7655        -5976.547    -6013.448       36.901   292.8
3.7660        -5976.609    -6013.477       36.868   292.5
3.7665        -5976.681    -6013.503       36.822   292.2
3.7670        -5976.713    -6013.526       36.813   292.1
3.7675        -5976.621    -6013.547       36.926   293.0
3.7680        -5976.681    -6013.565       36.884   292.7
3.7685        -5976.658    -6013.579       36.922   293.0
3.7690        -5976.595    -6013.593       36.998   293.6
3.7695        -5976.674    -6013.605       36.931   293.0
3.7700        -5976.752    -6013.615       36.863   292.5
3.7705        -5976.695    -6013.622       36.927   293.0
3.7710        -5976.534    -6013.623       37.089   294.3
3.7715        -5976.430    -6013.620       37.190   295.1
3.7720        -5976.513    -6013.613       37.100   294.4
3.7725        -5976.482    -6013.604       37.122   294.5
3.7730        -5976.451    -6013.592       37.141   294.7
3.7735        -5976.343    -6013.577       37.234   295.4
3.7740        -5976.308    -6013.562       37.254   295.6
3.7745        -5976.283    -6013.546       37.263   295.7
3.7750        -5976.202    -6013.528       37.326   296.2
3.7755        -5976.216    -6013.508       37.292   295.9
3.7760        -5976.145    -6013.490       37.345   296.3
3.7765        -5976.239    -6013.470       37.231   295.4
3.7770        -5976.298    -6013.448       37.151   294.8
3.7775        -5976.213    -6013.428       37.215   295.3
3.7780        -5976.121    -6013.411       37.289   295.9
3.7785        -5976.123    -6013.394       37.271   295.7
3.7790        -5976.054    -6013.378       37.324   296.2
3.7795        -5975.994    -6013.365       37.370   296.5
3.7800        -5976.083    -6013.353       37.270   295.7
3.7805        -5976.028    -6013.343       37.315   296.1
3.7810        -5975.894    -6013.335       37.441   297.1
3.7815        -5975.889    -6013.331       37.442   297.1
3.7820        -5975.888    -6013.332       37.444   297.1
3.7825        -5975.842    -6013.337       37.494   297.5
3.7830        -5975.677    -6013.345       37.668   298.9
3.7835        -5975.727    -6013.357       37.631   298.6
3.7840        -5975.718    -6013.373       37.655   298.8
3.7845        -5975.648    -6013.390       37.742   299.5
3.7850        -5975.648    -6013.409       37.761   299.6
3.7855        -5975.691    -6013.430       37.739   299.4
3.7860        -5975.695    -6013.452       37.757   299.6
3.7865        -5975.711    -6013.472       37.761   299.6
3.7870        -5975.746    -6013.494       37.748   299.5
3.7875        -5975.550    -6013.516       37.966   301.2
3.7880        -5975.614    -6013.539       37.925   300.9
3.7885        -5975.696    -6013.561       37.865   300.4
3.7890        -5975.706    -6013.584       37.878   300.5
3.7895        -5975.713    -6013.605       37.892   300.7
3.7900        -5975.808    -6013.626       37.818   300.1
3.7905        -5975.726    -6013.650       37.923   300.9
3.7910        -5975.803    -6013.675       37.871   300.5
3.7915        -5975.858    -6013.699       37.841   300.3
3.7920        -5975.888    -6013.724       37.836   300.2
3.7925        -5975.920    -6013.749       37.829   300.2
3.7930        -5975.991    -6013.775       37.784   299.8
3.7935        -5976.026    -6013.800       37.773   299.7
3.7940        -5976.077    -6013.824       37.747   299.5
3.7945        -5976.118    -6013.849       37.731   299.4
3.7950        -5976.161    -6013.875       37.713   299.2
3.7955        -5976.103    -6013.903       37.799   299.9
3.7960        -5976.200    -6013.932       37.732   299.4
3.7965        -5976.141    -6013.962       37.821   300.1
3.7970        -5976.167    -6013.993       37.826   300.1
3.7975        -5976.260    -6014.025       37.765   299.7
3.7980        -5976.217    -6014.056       37.839   300.2
3.7985        -5976.177    -6014.085       37.909   300.8
3.7990        -5976.152    -6014.114       37.962   301.2
3.7995        -5976.122    -6014.140       38.018   301.7
3.8000        -5976.111    -6014.164       38.053   301.9
3.8005        -5976.046    -6014.187       38.142   302.6
3.8010        -5976.151    -6014.209       38.059   302.0
3.8015        -5976.198    -6014.228       38.030   301.8
3.8020        -5976.208    -6014.245       38.036   301.8
3.8025        -5976.181    -6014.260       38.079   302.1
3.8030        -5976.257    -6014.272       38.015   301.6
3.8035        -5976.125    -6014.281       38.156   302.8
3.8040        -5976.267    -6014.287       38.021   301.7
3.8045        -5976.299    -6014.294       37.994   301.5
3.8050        -5976.376    -6014.297       37.921   300.9
3.8055        -5976.356    -6014.296       37.940   301.0
3.8060        -5976.374    -6014.291       37.916   300.9
3.8065        -5976.304    -6014.281       37.977   301.3
3.8070        -5976.253    -6014.267       38.015   301.6
3.8075        -5976.240    -6014.249       38.009   301.6
3.8080        -5976.352    -6014.227       37.876   300.5
3.8085        -5976.357    -6014.200       37.843   300.3
3.8090        -5976.376    -6014.167       37.791   299.9
3.8095        -5976.315    -6014.133       37.818   300.1
3.8100        -5976.355    -6014.096       37.741   299.5
3.8105        -5976.297    -6014.055       37.758   299.6
3.8110        -5976.299    -6014.010       37.711   299.2
3.8115        -5976.376    -6013.963       37.587   298.2
3.8120        -5976.476    -6013.914       37.437   297.1
3.8125        -5976.507    -6013.863       37.356   296.4
3.8130        -5976.456    -6013.811       37.355   296.4
3.8135        -5976.426    -6013.757       37.330   296.2
3.8140        -5976.437    -6013.706       37.269   295.7
3.8145        -5976.425    -6013.659       37.234   295.4
3.8150        -5976.461    -6013.616       37.155   294.8
3.8155        -5976.512    -6013.576       37.064   294.1
3.8160        -5976.474    -6013.540       37.066   294.1
3.8165        -5976.487    -6013.508       37.020   293.7
3.8170        -5976.450    -6013.478       37.029   293.8
3.8175        -5976.473    -6013.451       36.978   293.4
3.8180        -5976.550    -6013.431       36.881   292.6
3.8185        -5976.513    -6013.415       36.902   292.8
3.8190        -5976.609    -6013.402       36.793   291.9
3.8195        -5976.565    -6013.394       36.830   292.2
3.8200        -5976.495    -6013.391       36.896   292.8
3.8205        -5976.418    -6013.393       36.975   293.4
3.8210        -5976.347    -6013.404       37.057   294.0
3.8215        -5976.330    -6013.421       37.091   294.3
3.8220        -5976.297    -6013.444       37.147   294.8
3.8225        -5976.377    -6013.475       37.098   294.4
3.8230        -5976.440    -6013.511       37.071   294.1
3.8235        -5976.403    -6013.552       37.149   294.8
3.8240        -5976.399    -6013.601       37.202   295.2
3.8245        -5976.377    -6013.654       37.277   295.8
3.8250        -5976.387    -6013.711       37.324   296.2
3.8255        -5976.419    -6013.770       37.351   296.4
3.8260        -5976.382    -6013.834       37.452   297.2
3.8265        -5976.368    -6013.903       37.535   297.8
3.8270        -5976.409    -6013.977       37.568   298.1
3.8275        -5976.484    -6014.053       37.569   298.1
3.8280        -5976.435    -6014.133       37.697   299.1
3.8285        -5976.438    -6014.214       37.776   299.7
3.8290        -5976.508    -6014.295       37.787   299.8
3.8295        -5976.539    -6014.375       37.836   300.2
3.8300        -5976.490    -6014.456       37.965   301.2
3.8305        -5976.460    -6014.533       38.074   302.1
3.8310        -5976.435    -6014.607       38.173   302.9
3.8315        -5976.317    -6014.676       38.359   304.4
3.8320        -5976.400    -6014.740       38.340   304.2
3.8325        -5976.347    -6014.797       38.450   305.1
3.8330        -5976.346    -6014.847       38.501   305.5
3.8335        -5976.400    -6014.889       38.490   305.4
3.8340        -5976.397    -6014.924       38.528   305.7
3.8345        -5976.310    -6014.951       38.641   306.6
3.8350        -5976.334    -6014.967       38.633   306.5
3.8355        -5976.376    -6014.972       38.597   306.3
3.8360        -5976.408    -6014.969       38.562   306.0
3.8365        -5976.324    -6014.959       38.635   306.6
3.8370        -5976.322    -6014.938       38.615   306.4
3.8375        -5976.214    -6014.908       38.694   307.0
3.8380        -5976.083    -6014.871       38.788   307.8
3.8385        -5976.176    -6014.826       38.649   306.7
3.8390        -5976.159    -6014.773       38.614   306.4
3.8395        -5976.129    -6014.711       38.583   306.1
3.8400        -5976.007    -6014.644       38.637   306.6
3.8405        -5976.105    -6014.567       38.462   305.2
3.8410        -5976.216    -6014.484       38.268   303.6
3.8415        -5976.220    -6014.398       38.178   302.9
3.8420        -5976.274    -6014.307       38.033   301.8
3.8425        -5976.287    -6014.213       37.926   300.9
3.8430        -5976.419    -6014.120       37.701   299.2
3.8435        -5976.463    -6014.027       37.563   298.1
3.8440        -5976.408    -6013.929       37.521   297.7
3.8445        -5976.611    -6013.832       37.221   295.3
3.8450        -5976.619    -6013.734       37.116   294.5
3.8455        -5976.711    -6013.639       36.928   293.0
3.8460        -5976.866    -6013.548       36.682   291.1
3.8465        -5976.800    -6013.459       36.660   290.9
3.8470        -5976.814    -6013.370       36.556   290.1
3.8475        -5976.838    -6013.283       36.445   289.2
3.8480        -5976.882    -6013.199       36.317   288.2
3.8485        -5976.839    -6013.117       36.278   287.9
3.8490        -5976.852    -6013.038       36.186   287.1
3.8495        -5976.763    -6012.962       36.199   287.2
3.8500        -5976.777    -6012.889       36.112   286.5
3.8505        -5976.925    -6012.818       35.893   284.8
3.8510        -5976.893    -6012.749       35.856   284.5
3.8515        -5976.918    -6012.681       35.763   283.8
3.8520        -5976.850    -6012.615       35.765   283.8
3.8525        -5976.868    -6012.550       35.683   283.1
3.8530        -5976.778    -6012.486       35.709   283.3
3.8535        -5976.714    -6012.423       35.709   283.3
3.8540        -5976.747    -6012.361       35.614   282.6
3.8545        -5976.786    -6012.300       35.514   281.8
3.8550        -5976.766    -6012.241       35.475   281.5
3.8555        -5976.713    -6012.183       35.470   281.4
3.8560        -5976.753    -6012.126       35.374   280.7
3.8565        -5976.761    -6012.074       35.313   280.2
3.8570        -5976.788    -6012.028       35.240   279.6
3.8575        -5976.785    -6011.984       35.199   279.3
3.8580        -5976.632    -6011.940       35.308   280.2
3.8585        -5976.687    -6011.897       35.209   279.4
3.8590        -5976.590    -6011.857       35.267   279.8
3.8595        -5976.601    -6011.820       35.219   279.5
3.8600        -5976.627    -6011.785       35.158   279.0
3.8605        -5976.536    -6011.753       35.218   279.4
3.8610        -5976.527    -6011.726       35.199   279.3
3.8615        -5976.541    -6011.706       35.164   279.0
3.8620        -5976.676    -6011.689       35.012   277.8
3.8625        -5976.659    -6011.674       35.015   277.8
3.8630        -5976.752    -6011.665       34.913   277.0
3.8635        -5976.795    -6011.661       34.866   276.7
3.8640        -5976.804    -6011.660       34.856   276.6
3.8645        -5976.720    -6011.664       34.944   277.3
3.8650        -5976.654    -6011.669       35.015   277.8
3.8655        -5976.604    -6011.675       35.071   278.3
3.8660        -5976.657    -6011.686       35.029   277.9
3.8665        -5976.603    -6011.702       35.099   278.5
3.8670        -5976.666    -6011.721       35.055   278.2
3.8675        -5976.704    -6011.742       35.038   278.0
3.8680        -5976.703    -6011.765       35.062   278.2
3.8685        -5976.784    -6011.788       35.004   277.7
3.8690        -5976.756    -6011.811       35.055   278.2
3.8695        -5976.780    -6011.838       35.058   278.2
3.8700        -5976.770    -6011.869       35.098   278.5
3.8705        -5976.803    -6011.901       35.098   278.5
3.8710        -5976.816    -6011.937       35.121   278.7
3.8715        -5976.814    -6011.973       35.159   279.0
3.8720        -5976.763    -6012.014       35.251   279.7
3.8725        -5976.912    -6012.058       35.146   278.9
3.8730        -5976.895    -6012.105       35.211   279.4
3.8735        -5976.827    -6012.153       35.326   280.3
3.8740        -5976.863    -6012.203       35.340   280.4
3.8745        -5976.829    -6012.255       35.426   281.1
3.8750        -5976.864    -6012.308       35.444   281.2
3.8755        -5976.811    -6012.359       35.548   282.1
3.8760        -5976.866    -6012.408       35.542   282.0
3.8765        -5976.926    -6012.459       35.533   281.9
3.8770        -5976.957    -6012.510       35.553   282.1
3.8775        -5977.031    -6012.562       35.532   281.9
3.8780        -5977.125    -6012.616       35.490   281.6
3.8785        -5977.168    -6012.671       35.504   281.7
3.8790        -5977.197    -6012.731       35.534   282.0
3.8795        -5977.291    -6012.794       35.503   281.7
3.8800        -5977.283    -6012.857       35.574   282.3
3.8805        -5977.245    -6012.922       35.677   283.1
3.8810        -5977.232    -6012.989       35.757   283.7
3.8815        -5977.193    -6013.058       35.865   284.6
3.8820        -5977.122    -6013.129       36.007   285.7
3.8825        -5977.202    -6013.202       36.001   285.7
3.8830        -5977.118    -6013.275       36.157   286.9
3.8835        -5977.080    -6013.346       36.266   287.8
3.8840        -5977.164    -6013.418       36.254   287.7
3.8845        -5977.216    -6013.491       36.274   287.8
3.8850        -5977.137    -6013.563       36.426   289.0
3.8855        -5977.152    -6013.635       36.482   289.5
3.8860        -5977.200    -6013.706       36.505   289.7
3.8865        -5977.143    -6013.776       36.633   290.7
3.8870        -5977.140    -6013.844       36.705   291.2
3.8875        -5977.167    -6013.910       36.743   291.5
3.8880        -5977.121    -6013.973       36.853   292.4
3.8885        -5977.062    -6014.034       36.972   293.4
3.8890        -5977.083    -6014.092       37.009   293.7
3.8895        -5977.050    -6014.146       37.097   294.4
3.8900        -5977.006    -6014.196       37.189   295.1
3.8905        -5977.024    -6014.241       37.216   295.3
3.8910        -5976.977    -6014.281       37.305   296.0
3.8915        -5977.000    -6014.317       37.318   296.1
3.8920        -5976.826    -6014.349       37.523   297.7
3.8925        -5976.845    -6014.376       37.531   297.8
3.8930        -5976.826    -6014.398       37.572   298.1
3.8935        -5976.937    -6014.413       37.476   297.4
3.8940        -5976.878    -6014.426       37.548   297.9
3.8945        -5976.869    -6014.433       37.564   298.1
3.8950        -5976.925    -6014.436       37.511   297.6
3.8955        -5976.821    -6014.435       37.614   298.5
3.8960        -5976.775    -6014.430       37.655   298.8
3.8965        -5976.757    -6014.420       37.663   298.8
3.8970        -5976.629    -6014.406       37.777   299.7
3.8975        -5976.638    -6014.388       37.750   299.5
3.8980        -5976.739    -6014.367       37.628   298.6
3.8985        -5976.661    -6014.346       37.685   299.0
3.8990        -5976.737    -6014.321       37.584   298.2
3.8995        -5976.827    -6014.295       37.469   297.3
3.9000        -5976.881    -6014.266       37.385   296.6
3.9005        -5976.882    -6014.234       37.352   296.4
3.9010        -5976.833    -6014.202       37.369   296.5
3.9015        -5976.762    -6014.169       37.407   296.8
3.9020        -5976.807    -6014.135       37.327   296.2
3.9025        -5976.836    -6014.101       37.266   295.7
3.9030        -5976.860    -6014.070       37.211   295.3
3.9035        -5976.753    -6014.039       37.286   295.9
3.9040        -5976.820    -6014.008       37.188   295.1
3.9045        -5976.859    -6013.977       37.118   294.5
3.9050        -5976.839    -6013.947       37.108   294.4
3.9055        -5976.795    -6013.919       37.124   294.6
3.9060        -5976.778    -6013.889       37.111   294.5
3.9065        -5976.757    -6013.861       37.103   294.4
3.9070        -5976.738    -6013.833       37.095   294.3
3.9075        -5976.769    -6013.808       37.038   293.9
3.9080        -5976.769    -6013.783       37.014   293.7
3.9085        -5976.707    -6013.764       37.056   294.0
3.9090        -5976.777    -6013.747       36.970   293.3
3.9095        -5976.785    -6013.734       36.950   293.2
3.9100        -5976.848    -6013.725       36.876   292.6
3.9105        -5976.821    -6013.717       36.896   292.8
3.9110        -5976.741    -6013.716       36.975   293.4
3.9115        -5976.939    -6013.720       36.780   291.8
3.9120        -5976.931    -6013.728       36.797   292.0
3.9125        -5976.945    -6013.738       36.792   291.9
3.9130        -5976.921    -6013.752       36.831   292.2
3.9135        -5976.971    -6013.771       36.800   292.0
3.9140        -5977.024    -6013.795       36.771   291.8
3.9145        -5977.063    -6013.823       36.760   291.7
3.9150        -5977.172    -6013.855       36.683   291.1
3.9155        -5977.151    -6013.893       36.742   291.5
3.9160        -5977.162    -6013.940       36.778   291.8
3.9165        -5977.090    -6013.992       36.903   292.8
3.9170        -5976.992    -6014.050       37.057   294.0
3.9175        -5977.004    -6014.111       37.107   294.4
3.9180        -5977.017    -6014.176       37.158   294.8
3.9185        -5976.996    -6014.242       37.246   295.5
3.9190        -5976.927    -6014.307       37.381   296.6
3.9195        -5976.925    -6014.372       37.447   297.1
3.9200        -5976.983    -6014.438       37.455   297.2
3.9205        -5976.869    -6014.505       37.636   298.6
3.9210        -5976.869    -6014.571       37.702   299.2
3.9215        -5976.685    -6014.637       37.951   301.1
3.9220        -5976.595    -6014.702       38.106   302.4
3.9225        -5976.495    -6014.762       38.267   303.6
3.9230        -5976.392    -6014.820       38.427   304.9
3.9235        -5976.339    -6014.870       38.531   305.7
3.9240        -5976.280    -6014.917       38.636   306.6
3.9245        -5976.385    -6014.957       38.572   306.1
3.9250        -5976.374    -6014.989       38.615   306.4
3.9255        -5976.378    -6015.019       38.641   306.6
3.9260        -5976.443    -6015.042       38.599   306.3
3.9265        -5976.456    -6015.058       38.602   306.3
3.9270        -5976.411    -6015.070       38.659   306.7
3.9275        -5976.459    -6015.076       38.617   306.4
3.9280        -5976.406    -6015.077       38.671   306.8
3.9285        -5976.314    -6015.071       38.758   307.5
3.9290        -5976.393    -6015.063       38.670   306.8
3.9295        -5976.386    -6015.050       38.664   306.8
3.9300        -5976.423    -6015.034       38.611   306.4
3.9305        -5976.394    -6015.012       38.619   306.4
3.9310        -5976.417    -6014.986       38.570   306.0
3.9315        -5976.423    -6014.956       38.533   305.7
3.9320        -5976.466    -6014.922       38.455   305.1
3.9325        -5976.466    -6014.884       38.418   304.8
3.9330        -5976.448    -6014.843       38.395   304.7
3.9335        -5976.340    -6014.800       38.461   305.2
3.9340        -5976.257    -6014.753       38.496   305.5
3.9345        -5976.278    -6014.704       38.426   304.9
3.9350        -5976.342    -6014.655       38.313   304.0
3.9355        -5976.391    -6014.604       38.213   303.2
3.9360        -5976.390    -6014.553       38.163   302.8
3.9365        -5976.398    -6014.502       38.104   302.3
3.9370        -5976.348    -6014.453       38.105   302.3
3.9375        -5976.440    -6014.405       37.965   301.2
3.9380        -5976.424    -6014.358       37.934   301.0
3.9385        -5976.529    -6014.314       37.785   299.8
3.9390        -5976.502    -6014.271       37.768   299.7
3.9395        -5976.524    -6014.228       37.704   299.2
3.9400        -5976.484    -6014.188       37.705   299.2
3.9405        -5976.422    -6014.153       37.731   299.4
3.9410        -5976.523    -6014.122       37.599   298.3
3.9415        -5976.565    -6014.094       37.530   297.8
3.9420        -5976.537    -6014.071       37.534   297.8
3.9425        -5976.581    -6014.051       37.471   297.3
3.9430        -5976.535    -6014.036       37.501   297.6
3.9435        -5976.587    -6014.024       37.437   297.1
3.9440        -5976.626    -6014.015       37.389   296.7
3.9445        -5976.711    -6014.006       37.295   295.9
3.9450        -5976.691    -6014.001       37.310   296.0
3.9455        -5976.689    -6013.998       37.310   296.0
3.9460        -5976.654    -6013.996       37.342   296.3
3.9465        -5976.744    -6013.998       37.254   295.6
3.9470        -5976.699    -6014.003       37.304   296.0
3.9475        -5976.803    -6014.012       37.209   295.2
3.9480        -5976.715    -6014.023       37.308   296.0
3.9485        -5976.709    -6014.036       37.327   296.2
3.9490        -5976.653    -6014.050       37.397   296.7
3.9495        -5976.682    -6014.064       37.381   296.6
3.9500        -5976.696    -6014.080       37.384   296.6
3.9505        -5976.757    -6014.099       37.342   296.3
3.9510        -5976.739    -6014.117       37.378   296.6
3.9515        -5976.742    -6014.134       37.393   296.7
3.9520        -5976.752    -6014.149       37.398   296.7
3.9525        -5976.672    -6014.165       37.493   297.5
3.9530        -5976.679    -6014.181       37.502   297.6
3.9535        -5976.689    -6014.197       37.508   297.6
3.9540        -5976.719    -6014.216       37.498   297.5
3.9545        -5976.834    -6014.235       37.401   296.8
3.9550        -5976.783    -6014.251       37.468   297.3
3.9555        -5976.821    -6014.269       37.447   297.1
3.9560        -5976.777    -6014.285       37.508   297.6
3.9565        -5976.747    -6014.302       37.556   298.0
3.9570        -5976.745    -6014.318       37.573   298.1
3.9575        -5976.704    -6014.332       37.628   298.6
3.9580        -5976.697    -6014.344       37.647   298.7
3.9585        -5976.691    -6014.352       37.661   298.8
3.9590        -5976.615    -6014.356       37.741   299.5
3.9595        -5976.568    -6014.360       37.792   299.9
3.9600        -5976.600    -6014.362       37.761   299.6
3.9605        -5976.704    -6014.361       37.657   298.8
3.9610        -5976.687    -6014.361       37.674   298.9
3.9615        -5976.616    -6014.362       37.746   299.5
3.9620        -5976.617    -6014.361       37.744   299.5
3.9625        -5976.559    -6014.357       37.798   299.9
3.9630        -5976.599    -6014.351       37.751   299.5
3.9635        -5976.544    -6014.342       37.798   299.9
3.9640        -5976.610    -6014.331       37.721   299.3
3.9645        -5976.662    -6014.317       37.655   298.8
3.9650        -5976.650    -6014.298       37.648   298.7
3.9655        -5976.688    -6014.277       37.589   298.3
3.9660        -5976.636    -6014.254       37.618   298.5
3.9665        -5976.570    -6014.228       37.658   298.8
3.9670        -5976.602    -6014.197       37.595   298.3
3.9675        -5976.526    -6014.161       37.636   298.6
3.9680        -5976.463    -6014.124       37.661   298.8
3.9685        -5976.519    -6014.084       37.565   298.1
3.9690        -5976.431    -6014.042       37.611   298.4
3.9695        -5976.450    -6014.000       37.550   297.9
3.9700        -5976.342    -6013.958       37.616   298.5
3.9705        -5976.314    -6013.917       37.603   298.4
3.9710        -5976.240    -6013.875       37.635   298.6
3.9715        -5976.282    -6013.835       37.553   298.0
3.9720        -5976.222    -6013.796       37.574   298.1
3.9725        -5976.185    -6013.758       37.574   298.1
3.9730        -5976.199    -6013.720       37.521   297.7
3.9735        -5976.160    -6013.683       37.523   297.7
3.9740        -5976.176    -6013.646       37.470   297.3
3.9745        -5976.148    -6013.608       37.460   297.2
3.9750        -5976.171    -6013.572       37.401   296.8
3.9755        -5976.234    -6013.537       37.303   296.0
3.9760        -5976.252    -6013.502       37.250   295.6
3.9765        -5976.279    -6013.469       37.190   295.1
3.9770        -5976.234    -6013.440       37.206   295.2
3.9775        -5976.147    -6013.411       37.264   295.7
3.9780        -5976.111    -6013.384       37.273   295.7
3.9785        -5976.092    -6013.361       37.269   295.7
3.9790        -5976.060    -6013.340       37.280   295.8
3.9795        -5975.895    -6013.323       37.428   297.0
3.9800        -5975.951    -6013.306       37.355   296.4
3.9805        -5975.991    -6013.292       37.301   296.0
3.9810        -5975.896    -6013.277       37.381   296.6
3.9815        -5975.901    -6013.261       37.360   296.4
3.9820        -5975.931    -6013.244       37.313   296.1
3.9825        -5975.891    -6013.228       37.336   296.3
3.9830        -5975.985    -6013.211       37.227   295.4
3.9835        -5975.999    -6013.193       37.194   295.1
3.9840        -5976.063    -6013.176       37.113   294.5
3.9845        -5976.072    -6013.159       37.087   294.3
3.9850        -5976.016    -6013.142       37.126   294.6
3.9855        -5975.993    -6013.127       37.134   294.6
3.9860        -5976.024    -6013.114       37.091   294.3
3.9865        -5976.015    -6013.104       37.089   294.3
3.9870        -5975.994    -6013.093       37.100   294.4
3.9875        -5976.024    -6013.083       37.059   294.1
3.9880        -5976.086    -6013.074       36.987   293.5
3.9885        -5976.011    -6013.066       37.055   294.0
3.9890        -5976.073    -6013.059       36.985   293.5
3.9895        -5976.016    -6013.050       37.033   293.8
3.9900        -5976.166    -6013.040       36.874   292.6
3.9905        -5976.209    -6013.028       36.818   292.1
3.9910        -5976.133    -6013.017       36.883   292.7
3.9915        -5976.047    -6013.006       36.959   293.3
3.9920        -5976.140    -6012.993       36.852   292.4
3.9925        -5976.122    -6012.979       36.857   292.5
3.9930        -5976.112    -6012.967       36.855   292.4
3.9935        -5976.097    -6012.959       36.862   292.5
3.9940        -5976.082    -6012.954       36.873   292.6
3.9945        -5976.066    -6012.951       36.885   292.7
3.9950        -5976.061    -6012.947       36.886   292.7
3.9955        -5976.149    -6012.943       36.794   291.9
3.9960        -5976.012    -6012.941       36.929   293.0
3.9965        -5975.949    -6012.938       36.990   293.5
3.9970        -5975.878    -6012.940       37.062   294.1
3.9975        -5975.736    -6012.947       37.211   295.3
3.9980        -5975.717    -6012.959       37.242   295.5
3.9985        -5975.682    -6012.974       37.291   295.9
3.9990        -5975.760    -6012.991       37.232   295.4
3.9995        -5975.749    -6013.011       37.262   295.7
4.0000        -5975.668    -6013.033       37.365   296.5
4.0005        -5975.599    -6013.055       37.456   297.2
4.0010        -5975.635    -6013.077       37.442   297.1
4.0015        -5975.610    -6013.099       37.489   297.5
4.0020        -5975.659    -6013.121       37.462   297.2
4.0025        -5975.604    -6013.141       37.537   297.8
4.0030        -5975.613    -6013.159       37.546   297.9
4.0035        -5975.645    -6013.178       37.534   297.8
4.0040        -5975.719    -6013.198       37.479   297.4
4.0045        -5975.767    -6013.218       37.451   297.2
4.0050        -5975.842    -6013.241       37.399   296.7
4.0055        -5975.737    -6013.263       37.525   297.8
4.0060        -5975.679    -6013.286       37.608   298.4
4.0065        -5975.676    -6013.311       37.635   298.6
4.0070        -5975.692    -6013.336       37.644   298.7
4.0075        -5975.669    -6013.363       37.695   299.1
4.0080        -5975.581    -6013.393       37.812   300.0
4.0085        -5975.648    -6013.426       37.777   299.8
4.0090        -5975.702    -6013.459       37.757   299.6
4.0095        -5975.705    -6013.493       37.789   299.8
4.0100        -5975.696    -6013.529       37.833   300.2
4.0105        -5975.598    -6013.568       37.969   301.3
4.0110        -5975.697    -6013.606       37.909   300.8
4.0115        -5975.612    -6013.643       38.032   301.8
4.0120        -5975.716    -6013.682       37.966   301.3
4.0125        -5975.759    -6013.721       37.961   301.2
4.0130        -5975.881    -6013.763       37.882   300.6
4.0135        -5975.970    -6013.806       37.836   300.2
4.0140        -5975.988    -6013.851       37.863   300.4
4.0145        -5976.058    -6013.896       37.838   300.2
4.0150        -5976.137    -6013.941       37.804   300.0
4.0155        -5976.114    -6013.987       37.872   300.5
4.0160        -5976.053    -6014.030       37.977   301.3
4.0165        -5976.089    -6014.071       37.982   301.4
4.0170        -5976.107    -6014.113       38.006   301.6
4.0175        -5976.143    -6014.155       38.012   301.6
4.0180        -5976.158    -6014.197       38.039   301.8
4.0185        -5976.210    -6014.234       38.024   301.7
4.0190        -5976.209    -6014.271       38.061   302.0
4.0195        -5976.120    -6014.307       38.186   303.0
4.0200        -5976.200    -6014.341       38.141   302.6
4.0205        -5976.201    -6014.373       38.172   302.9
4.0210        -5976.235    -6014.401       38.166   302.8
4.0215        -5976.233    -6014.427       38.194   303.1
4.0220        -5976.144    -6014.452       38.308   304.0
4.0225        -5976.082    -6014.474       38.392   304.6
4.0230        -5976.018    -6014.494       38.476   305.3
4.0235        -5976.104    -6014.512       38.408   304.8
4.0240        -5976.151    -6014.528       38.377   304.5
4.0245        -5976.218    -6014.542       38.324   304.1
4.0250        -5976.210    -6014.553       38.343   304.2
4.0255        -5976.289    -6014.562       38.273   303.7
4.0260        -5976.296    -6014.568       38.272   303.7
4.0265        -5976.276    -6014.570       38.295   303.9
4.0270        -5976.302    -6014.569       38.267   303.6
4.0275        -5976.351    -6014.564       38.213   303.2
4.0280        -5976.282    -6014.556       38.274   303.7
4.0285        -5976.311    -6014.545       38.234   303.4
4.0290        -5976.390    -6014.532       38.142   302.6
4.0295        -5976.374    -6014.515       38.141   302.6
4.0300        -5976.398    -6014.495       38.098   302.3
4.0305        -5976.438    -6014.472       38.034   301.8
4.0310        -5976.369    -6014.449       38.080   302.2
4.0315        -5976.294    -6014.425       38.131   302.6
4.0320        -5976.281    -6014.400       38.119   302.5
4.0325        -5976.329    -6014.373       38.045   301.9
4.0330        -5976.391    -6014.347       37.955   301.2
4.0335        -5976.433    -6014.319       37.887   300.6
4.0340        -5976.420    -6014.292       37.872   300.5
4.0345        -5976.418    -6014.263       37.845   300.3
4.0350        -5976.548    -6014.234       37.686   299.0
4.0355        -5976.631    -6014.204       37.573   298.1
4.0360        -5976.715    -6014.171       37.456   297.2
4.0365        -5976.610    -6014.136       37.525   297.8
4.0370        -5976.627    -6014.097       37.469   297.3
4.0375        -5976.622    -6014.055       37.433   297.0
4.0380        -5976.685    -6014.011       37.326   296.2
4.0385        -5976.736    -6013.969       37.232   295.4
4.0390        -5976.750    -6013.926       37.176   295.0
4.0395        -5976.703    -6013.884       37.181   295.0
4.0400        -5976.737    -6013.842       37.105   294.4
4.0405        -5976.855    -6013.799       36.943   293.1
4.0410        -5977.024    -6013.754       36.731   291.4
4.0415        -5976.953    -6013.712       36.759   291.7
4.0420        -5977.046    -6013.670       36.624   290.6
4.0425        -5977.051    -6013.625       36.574   290.2
4.0430        -5977.148    -6013.583       36.434   289.1
4.0435        -5977.165    -6013.542       36.377   288.6
4.0440        -5977.182    -6013.505       36.322   288.2
4.0445        -5977.140    -6013.471       36.330   288.3
4.0450        -5977.177    -6013.440       36.263   287.7
4.0455        -5977.228    -6013.414       36.186   287.1
4.0460        -5977.174    -6013.391       36.217   287.4
4.0465        -5977.233    -6013.371       36.138   286.7
4.0470        -5977.246    -6013.354       36.109   286.5
4.0475        -5977.238    -6013.341       36.103   286.5
4.0480        -5977.209    -6013.329       36.121   286.6
4.0485        -5977.270    -6013.321       36.051   286.1
4.0490        -5977.232    -6013.318       36.086   286.3
4.0495        -5977.310    -6013.317       36.007   285.7
4.0500        -5977.180    -6013.320       36.140   286.8
4.0505        -5977.231    -6013.325       36.094   286.4
4.0510        -5977.216    -6013.333       36.118   286.6
4.0515        -5977.172    -6013.343       36.171   287.0
4.0520        -5977.166    -6013.355       36.189   287.1
4.0525        -5977.159    -6013.368       36.209   287.3
4.0530        -5977.165    -6013.383       36.218   287.4
4.0535        -5977.192    -6013.401       36.209   287.3
4.0540        -5977.125    -6013.420       36.295   288.0
4.0545        -5977.143    -6013.441       36.298   288.0
4.0550        -5977.159    -6013.463       36.304   288.1
4.0555        -5977.050    -6013.484       36.434   289.1
4.0560        -5977.046    -6013.504       36.458   289.3
4.0565        -5977.040    -6013.523       36.483   289.5
4.0570        -5977.029    -6013.539       36.510   289.7
4.0575        -5977.075    -6013.553       36.478   289.4
4.0580        -5977.027    -6013.564       36.537   289.9
4.0585        -5977.015    -6013.573       36.558   290.1
4.0590        -5976.995    -6013.579       36.584   290.3
4.0595        -5976.952    -6013.584       36.632   290.7
4.0600        -5976.900    -6013.585       36.686   291.1
4.0605        -5976.955    -6013.582       36.627   290.6
4.0610        -5977.008    -6013.577       36.569   290.2
4.0615        -5976.927    -6013.570       36.643   290.8
4.0620        -5977.029    -6013.561       36.531   289.9
4.0625        -5977.069    -6013.549       36.480   289.5
4.0630        -5977.122    -6013.536       36.414   288.9
4.0635        -5977.203    -6013.521       36.318   288.2
4.0640        -5977.227    -6013.504       36.277   287.9
4.0645        -5977.232    -6013.485       36.253   287.7
4.0650        -5977.199    -6013.465       36.266   287.8
4.0655        -5977.123    -6013.445       36.323   288.2
4.0660        -5977.191    -6013.423       36.232   287.5
4.0665        -5977.173    -6013.402       36.229   287.5
4.0670        -5977.149    -6013.382       36.232   287.5
4.0675        -5977.279    -6013.365       36.085   286.3
4.0680        -5977.188    -6013.348       36.160   286.9
4.0685        -5977.344    -6013.333       35.989   285.6
4.0690        -5977.346    -6013.319       35.974   285.4
4.0695        -5977.253    -6013.305       36.052   286.1
4.0700        -5977.256    -6013.294       36.038   286.0
4.0705        -5977.177    -6013.286       36.109   286.5
4.0710        -5977.146    -6013.281       36.135   286.7
4.0715        -5977.185    -6013.278       36.093   286.4
4.0720        -5977.137    -6013.276       36.139   286.8
4.0725        -5977.034    -6013.277       36.242   287.6
4.0730        -5977.083    -6013.281       36.198   287.2
4.0735        -5977.108    -6013.288       36.180   287.1
4.0740        -5977.223    -6013.298       36.076   286.2
4.0745        -5977.231    -6013.312       36.081   286.3
4.0750        -5977.228    -6013.328       36.099   286.4
4.0755        -5977.274    -6013.347       36.073   286.2
4.0760        -5977.222    -6013.368       36.146   286.8
4.0765        -5977.203    -6013.388       36.185   287.1
4.0770        -5977.098    -6013.409       36.311   288.1
4.0775        -5977.014    -6013.433       36.419   289.0
4.0780        -5977.023    -6013.460       36.437   289.1
4.0785        -5977.013    -6013.486       36.473   289.4
4.0790        -5977.067    -6013.513       36.446   289.2
4.0795        -5977.056    -6013.539       36.482   289.5
4.0800        -5977.060    -6013.564       36.504   289.6
4.0805        -5976.995    -6013.590       36.595   290.4
4.0810        -5977.004    -6013.617       36.612   290.5
4.0815        -5977.019    -6013.644       36.625   290.6
4.0820        -5976.914    -6013.672       36.758   291.7
4.0825        -5976.929    -6013.702       36.772   291.8
4.0830        -5976.908    -6013.733       36.825   292.2
4.0835        -5976.907    -6013.766       36.859   292.5
4.0840        -5976.895    -6013.800       36.905   292.8
4.0845        -5976.770    -6013.835       37.065   294.1
4.0850        -5976.762    -6013.869       37.108   294.4
4.0855        -5976.845    -6013.905       37.060   294.1
4.0860        -5976.856    -6013.940       37.084   294.3
4.0865        -5976.881    -6013.977       37.095   294.3
4.0870        -5976.980    -6014.015       37.036   293.9
4.0875        -5976.901    -6014.057       37.155   294.8
4.0880        -5976.856    -6014.097       37.241   295.5
4.0885        -5976.909    -6014.141       37.231   295.4
4.0890        -5976.905    -6014.185       37.280   295.8
4.0895        -5976.862    -6014.228       37.366   296.5
4.0900        -5976.858    -6014.269       37.410   296.8
4.0905        -5976.747    -6014.310       37.562   298.0
4.0910        -5976.758    -6014.351       37.592   298.3
4.0915        -5976.683    -6014.392       37.709   299.2
4.0920        -5976.702    -6014.433       37.730   299.4
4.0925        -5976.659    -6014.473       37.814   300.0
4.0930        -5976.674    -6014.515       37.840   300.3
4.0935        -5976.647    -6014.555       37.908   300.8
4.0940        -5976.638    -6014.593       37.956   301.2
4.0945        -5976.612    -6014.629       38.018   301.7
4.0950        -5976.570    -6014.663       38.094   302.3
4.0955        -5976.513    -6014.693       38.180   302.9
4.0960        -5976.432    -6014.719       38.287   303.8
4.0965        -5976.445    -6014.741       38.296   303.9
4.0970        -5976.303    -6014.758       38.455   305.1
4.0975        -5976.342    -6014.768       38.426   304.9
4.0980        -5976.340    -6014.773       38.433   305.0
4.0985        -5976.365    -6014.776       38.410   304.8
4.0990        -5976.343    -6014.774       38.431   304.9
4.0995        -5976.288    -6014.767       38.480   305.3
4.1000        -5976.379    -6014.756       38.377   304.5
4.1005        -5976.410    -6014.738       38.328   304.1
4.1010        -5976.413    -6014.715       38.303   303.9
4.1015        -5976.430    -6014.688       38.258   303.6
4.1020        -5976.371    -6014.654       38.282   303.8
4.1025        -5976.352    -6014.613       38.262   303.6
4.1030        -5976.344    -6014.569       38.224   303.3
4.1035        -5976.207    -6014.521       38.313   304.0
4.1040        -5976.229    -6014.469       38.240   303.4
4.1045        -5976.269    -6014.414       38.146   302.7
4.1050        -5976.325    -6014.357       38.032   301.8
4.1055        -5976.291    -6014.297       38.006   301.6
4.1060        -5976.254    -6014.237       37.983   301.4
4.1065        -5976.336    -6014.175       37.840   300.2
4.1070        -5976.295    -6014.111       37.816   300.1
4.1075        -5976.277    -6014.043       37.766   299.7
4.1080        -5976.089    -6013.971       37.883   300.6
4.1085        -5976.175    -6013.900       37.725   299.3
4.1090        -5976.113    -6013.830       37.716   299.3
4.1095        -5976.097    -6013.762       37.665   298.9
4.1100        -5976.081    -6013.696       37.615   298.5
4.1105        -5976.152    -6013.630       37.478   297.4
4.1110        -5976.211    -6013.565       37.354   296.4
4.1115        -5976.186    -6013.504       37.318   296.1
4.1120        -5976.157    -6013.446       37.289   295.9
4.1125        -5976.224    -6013.390       37.166   294.9
4.1130        -5976.260    -6013.336       37.076   294.2
4.1135        -5976.263    -6013.285       37.022   293.8
4.1140        -5976.224    -6013.236       37.012   293.7
4.1145        -5976.336    -6013.195       36.859   292.5
4.1150        -5976.297    -6013.156       36.859   292.5
4.1155        -5976.313    -6013.121       36.809   292.1
4.1160        -5976.329    -6013.093       36.764   291.7
4.1165        -5976.304    -6013.070       36.766   291.7
4.1170        -5976.196    -6013.053       36.857   292.4
4.1175        -5976.097    -6013.044       36.946   293.2
4.1180        -5976.179    -6013.040       36.861   292.5
4.1185        -5976.102    -6013.039       36.936   293.1
4.1190        -5975.891    -6013.042       37.151   294.8
4.1195        -5975.848    -6013.048       37.199   295.2
4.1200        -5975.794    -6013.056       37.262   295.7
4.1205        -5975.927    -6013.068       37.141   294.7
4.1210        -5976.018    -6013.082       37.064   294.1
4.1215        -5976.123    -6013.100       36.977   293.4
4.1220        -5976.170    -6013.121       36.951   293.2
4.1225        -5976.245    -6013.144       36.900   292.8
4.1230        -5976.191    -6013.168       36.977   293.4
4.1235        -5976.171    -6013.195       37.024   293.8
4.1240        -5976.164    -6013.222       37.058   294.0
4.1245        -5976.133    -6013.251       37.119   294.5
4.1250        -5976.085    -6013.283       37.199   295.2
4.1255        -5976.106    -6013.318       37.211   295.3
4.1260        -5976.089    -6013.355       37.266   295.7
4.1265        -5976.032    -6013.393       37.361   296.4
4.1270        -5976.049    -6013.429       37.381   296.6
4.1275        -5976.000    -6013.469       37.469   297.3
4.1280        -5975.981    -6013.510       37.529   297.8
4.1285        -5976.031    -6013.549       37.518   297.7
4.1290        -5976.055    -6013.586       37.531   297.8
4.1295        -5975.935    -6013.621       37.685   299.0
4.1300        -5975.969    -6013.655       37.687   299.0
4.1305        -5975.955    -6013.689       37.734   299.4
4.1310        -5975.976    -6013.720       37.744   299.5
4.1315        -5976.000    -6013.749       37.750   299.5
4.1320        -5976.005    -6013.776       37.772   299.7
4.1325        -5976.078    -6013.803       37.725   299.3
4.1330        -5976.045    -6013.829       37.784   299.8
4.1335        -5975.906    -6013.855       37.949   301.1
4.1340        -5975.969    -6013.879       37.910   300.8
4.1345        -5976.022    -6013.902       37.880   300.6
4.1350        -5976.074    -6013.927       37.853   300.4
4.1355        -5976.101    -6013.953       37.851   300.3
4.1360        -5976.185    -6013.978       37.793   299.9
4.1365        -5976.199    -6014.003       37.805   300.0
4.1370        -5976.281    -6014.029       37.748   299.5
4.1375        -5976.249    -6014.052       37.803   300.0
4.1380        -5976.222    -6014.076       37.854   300.4
4.1385        -5976.267    -6014.100       37.833   300.2
4.1390        -5976.321    -6014.125       37.804   300.0
4.1395        -5976.303    -6014.149       37.846   300.3
4.1400        -5976.256    -6014.173       37.917   300.9
4.1405        -5976.207    -6014.196       37.989   301.4
4.1410        -5976.167    -6014.217       38.050   301.9
4.1415        -5976.193    -6014.234       38.041   301.8
4.1420        -5976.254    -6014.248       37.994   301.5
4.1425        -5976.347    -6014.261       37.914   300.8
4.1430        -5976.440    -6014.271       37.831   300.2
4.1435        -5976.408    -6014.280       37.872   300.5
4.1440        -5976.341    -6014.290       37.949   301.1
4.1445        -5976.242    -6014.299       38.056   302.0
4.1450        -5976.222    -6014.308       38.086   302.2
4.1455        -5976.257    -6014.315       38.058   302.0
4.1460        -5976.291    -6014.321       38.030   301.8
4.1465        -5976.248    -6014.326       38.078   302.1
4.1470        -5976.314    -6014.328       38.014   301.6
4.1475        -5976.372    -6014.329       37.957   301.2
4.1480        -5976.280    -6014.326       38.046   301.9
4.1485        -5976.240    -6014.320       38.080   302.2
4.1490        -5976.071    -6014.311       38.240   303.4
4.1495        -5976.067    -6014.296       38.229   303.3
4.1500        -5976.111    -6014.279       38.167   302.8
4.1505        -5976.139    -6014.259       38.120   302.5
4.1510        -5976.221    -6014.235       38.014   301.6
4.1515        -5976.103    -6014.209       38.105   302.4
4.1520        -5976.101    -6014.181       38.079   302.1
4.1525        -5976.163    -6014.151       37.988   301.4
4.1530        -5976.163    -6014.121       37.957   301.2
4.1535        -5976.154    -6014.090       37.936   301.0
4.1540        -5976.251    -6014.056       37.805   300.0
4.1545        -5976.230    -6014.020       37.789   299.8
4.1550        -5976.259    -6013.984       37.724   299.3
4.1555        -5976.283    -6013.947       37.664   298.9
4.1560        -5976.255    -6013.909       37.654   298.8
4.1565        -5976.284    -6013.871       37.587   298.2
4.1570        -5976.357    -6013.832       37.475   297.4
4.1575        -5976.350    -6013.793       37.443   297.1
4.1580        -5976.456    -6013.752       37.297   295.9
4.1585        -5976.387    -6013.713       37.325   296.2
4.1590        -5976.477    -6013.670       37.193   295.1
4.1595        -5976.414    -6013.624       37.210   295.3
4.1600        -5976.499    -6013.574       37.075   294.2
4.1605        -5976.407    -6013.522       37.115   294.5
4.1610        -5976.432    -6013.469       37.037   293.9
4.1615        -5976.457    -6013.415       36.958   293.3
4.1620        -5976.483    -6013.360       36.877   292.6
4.1625        -5976.458    -6013.303       36.846   292.4
4.1630        -5976.463    -6013.246       36.783   291.9
4.1635        -5976.564    -6013.186       36.622   290.6
4.1640        -5976.663    -6013.123       36.460   289.3
4.1645        -5976.789    -6013.059       36.270   287.8
4.1650        -5976.769    -6012.996       36.226   287.4
4.1655        -5976.689    -6012.931       36.242   287.6
4.1660        -5976.716    -6012.868       36.153   286.9
4.1665        -5976.634    -6012.807       36.173   287.0
4.1670        -5976.737    -6012.746       36.009   285.7
4.1675        -5976.703    -6012.683       35.980   285.5
4.1680        -5976.685    -6012.620       35.935   285.1
4.1685        -5976.730    -6012.562       35.831   284.3
4.1690        -5976.753    -6012.509       35.756   283.7
4.1695        -5976.807    -6012.460       35.653   282.9
4.1700        -5976.818    -6012.415       35.597   282.5
4.1705        -5976.841    -6012.374       35.533   281.9
4.1710        -5976.784    -6012.339       35.555   282.1
4.1715        -5976.727    -6012.307       35.580   282.3
4.1720        -5976.596    -6012.282       35.685   283.2
4.1725        -5976.628    -6012.262       35.633   282.7
4.1730        -5976.578    -6012.244       35.666   283.0
4.1735        -5976.604    -6012.231       35.626   282.7
4.1740        -5976.561    -6012.219       35.658   282.9
4.1745        -5976.535    -6012.214       35.679   283.1
4.1750        -5976.552    -6012.216       35.664   283.0
4.1755        -5976.390    -6012.221       35.831   284.3
4.1760        -5976.406    -6012.229       35.823   284.2
4.1765        -5976.436    -6012.244       35.808   284.1
4.1770        -5976.539    -6012.266       35.727   283.5
4.1775        -5976.498    -6012.293       35.795   284.0
4.1780        -5976.548    -6012.323       35.775   283.9
4.1785        -5976.552    -6012.357       35.805   284.1
4.1790        -5976.603    -6012.392       35.789   284.0
4.1795        -5976.543    -6012.427       35.884   284.7
4.1800        -5976.622    -6012.466       35.844   284.4
4.1805        -5976.593    -6012.508       35.914   285.0
4.1810        -5976.664    -6012.555       35.891   284.8
4.1815        -5976.716    -6012.605       35.889   284.8
4.1820        -5976.707    -6012.657       35.951   285.3
4.1825        -5976.771    -6012.710       35.939   285.2
4.1830        -5976.846    -6012.766       35.920   285.0
4.1835        -5976.794    -6012.822       36.027   285.9
4.1840        -5976.849    -6012.878       36.029   285.9
4.1845        -5976.966    -6012.935       35.969   285.4
4.1850        -5977.049    -6012.993       35.945   285.2
4.1855        -5977.014    -6013.049       36.035   285.9
4.1860        -5976.965    -6013.103       36.137   286.7
4.1865        -5977.009    -6013.158       36.149   286.8
4.1870        -5977.031    -6013.213       36.182   287.1
4.1875        -5977.115    -6013.267       36.152   286.9
4.1880        -5977.050    -6013.320       36.270   287.8
4.1885        -5976.958    -6013.370       36.412   288.9
4.1890        -5977.078    -6013.416       36.338   288.3
4.1895        -5977.070    -6013.459       36.389   288.7
4.1900        -5977.103    -6013.501       36.398   288.8
4.1905        -5977.022    -6013.543       36.521   289.8
4.1910        -5977.087    -6013.583       36.496   289.6
4.1915        -5977.045    -6013.621       36.575   290.2
4.1920        -5977.050    -6013.654       36.605   290.4
4.1925        -5977.083    -6013.684       36.601   290.4
4.1930        -5977.035    -6013.710       36.675   291.0
4.1935        -5976.975    -6013.733       36.758   291.7
4.1940        -5977.003    -6013.754       36.751   291.6
4.1945        -5977.038    -6013.773       36.735   291.5
4.1950        -5976.997    -6013.789       36.792   291.9
4.1955        -5976.988    -6013.804       36.816   292.1
4.1960        -5977.004    -6013.819       36.815   292.1
4.1965        -5977.019    -6013.834       36.815   292.1
4.1970        -5976.969    -6013.849       36.879   292.6
4.1975        -5976.945    -6013.865       36.920   293.0
4.1980        -5976.949    -6013.882       36.933   293.1
4.1985        -5976.879    -6013.897       37.018   293.7
4.1990        -5976.763    -6013.911       37.148   294.8
4.1995        -5976.721    -6013.924       37.203   295.2
4.2000        -5976.775    -6013.939       37.163   294.9
4.2005        -5976.807    -6013.953       37.146   294.7
4.2010        -5976.818    -6013.968       37.150   294.8
4.2015        -5976.795    -6013.982       37.187   295.1
4.2020        -5976.782    -6013.996       37.215   295.3
4.2025        -5976.831    -6014.012       37.181   295.0
4.2030        -5976.808    -6014.029       37.221   295.3
4.2035        -5976.764    -6014.047       37.283   295.8
4.2040        -5976.764    -6014.067       37.303   296.0
4.2045        -5976.823    -6014.085       37.262   295.7
4.2050        -5976.742    -6014.103       37.361   296.4
4.2055        -5976.764    -6014.121       37.357   296.4
4.2060        -5976.653    -6014.140       37.487   297.4
4.2065        -5976.622    -6014.160       37.538   297.9
4.2070        -5976.672    -6014.180       37.508   297.6
4.2075        -5976.586    -6014.202       37.616   298.5
4.2080        -5976.568    -6014.225       37.657   298.8
4.2085        -5976.506    -6014.248       37.742   299.5
4.2090        -5976.648    -6014.270       37.622   298.5
4.2095        -5976.656    -6014.288       37.632   298.6
4.2100        -5976.627    -6014.309       37.683   299.0
4.2105        -5976.674    -6014.331       37.656   298.8
4.2110        -5976.675    -6014.354       37.679   299.0
4.2115        -5976.659    -6014.379       37.721   299.3
4.2120        -5976.609    -6014.403       37.794   299.9
4.2125        -5976.646    -6014.424       37.779   299.8
4.2130        -5976.658    -6014.442       37.784   299.8
4.2135        -5976.630    -6014.459       37.830   300.2
4.2140        -5976.652    -6014.474       37.823   300.1
4.2145        -5976.627    -6014.488       37.861   300.4
4.2150        -5976.626    -6014.499       37.874   300.5
4.2155        -5976.523    -6014.509       37.986   301.4
4.2160        -5976.561    -6014.517       37.956   301.2
4.2165        -5976.534    -6014.523       37.990   301.4
4.2170        -5976.583    -6014.529       37.946   301.1
4.2175        -5976.600    -6014.530       37.930   301.0
4.2180        -5976.663    -6014.528       37.865   300.4
4.2185        -5976.553    -6014.522       37.969   301.3
4.2190        -5976.497    -6014.511       38.014   301.6
4.2195        -5976.446    -6014.498       38.052   301.9
4.2200        -5976.354    -6014.484       38.130   302.5
4.2205        -5976.257    -6014.468       38.210   303.2
4.2210        -5976.279    -6014.449       38.170   302.9
4.2215        -5976.327    -6014.428       38.101   302.3
4.2220        -5976.367    -6014.401       38.034   301.8
4.2225        -5976.323    -6014.373       38.050   301.9
4.2230        -5976.293    -6014.342       38.049   301.9
4.2235        -5976.258    -6014.307       38.049   301.9
4.2240        -5976.291    -6014.269       37.978   301.3
4.2245        -5976.257    -6014.230       37.972   301.3
4.2250        -5976.096    -6014.186       38.091   302.2
4.2255        -5976.172    -6014.140       37.968   301.3
4.2260        -5976.150    -6014.091       37.941   301.1
4.2265        -5975.976    -6014.040       38.064   302.0
4.2270        -5975.915    -6013.988       38.073   302.1
4.2275        -5975.973    -6013.935       37.962   301.2
4.2280        -5975.889    -6013.880       37.991   301.4
4.2285        -5975.920    -6013.825       37.906   300.8
4.2290        -5975.888    -6013.772       37.884   300.6
4.2295        -5975.906    -6013.722       37.816   300.1
4.2300        -5976.035    -6013.673       37.639   298.7
4.2305        -5976.036    -6013.626       37.590   298.3
4.2310        -5976.046    -6013.583       37.536   297.8
4.2315        -5975.997    -6013.540       37.542   297.9
4.2320        -5975.970    -6013.498       37.528   297.8
4.2325        -5975.953    -6013.458       37.506   297.6
4.2330        -5975.936    -6013.420       37.484   297.4
4.2335        -5975.996    -6013.386       37.389   296.7
4.2340        -5975.987    -6013.351       37.364   296.5
4.2345        -5975.868    -6013.318       37.451   297.2
4.2350        -5975.859    -6013.287       37.428   297.0
4.2355        -5975.975    -6013.261       37.286   295.8
4.2360        -5975.958    -6013.234       37.276   295.8
4.2365        -5975.992    -6013.210       37.218   295.3
4.2370        -5975.926    -6013.187       37.262   295.7
4.2375        -5975.844    -6013.165       37.321   296.1
4.2380        -5975.802    -6013.144       37.342   296.3
4.2385        -5975.853    -6013.128       37.275   295.8
4.2390        -5975.929    -6013.113       37.184   295.0
4.2395        -5975.946    -6013.099       37.153   294.8
4.2400        -5975.953    -6013.085       37.132   294.6
4.2405        -5976.074    -6013.072       36.998   293.6
4.2410        -5976.072    -6013.061       36.989   293.5
4.2415        -5976.032    -6013.049       37.017   293.7
4.2420        -5976.034    -6013.038       37.004   293.6
4.2425        -5976.041    -6013.030       36.988   293.5
4.2430        -5975.870    -6013.021       37.151   294.8
4.2435        -5975.889    -6013.011       37.122   294.6
4.2440        -5975.811    -6013.001       37.190   295.1
4.2445        -5975.856    -6012.992       37.136   294.7
4.2450        -5975.983    -6012.982       36.999   293.6
4.2455        -5975.937    -6012.976       37.039   293.9
4.2460        -5975.863    -6012.973       37.110   294.5
4.2465        -5975.875    -6012.971       37.096   294.3
4.2470        -5975.903    -6012.971       37.067   294.1
4.2475        -5975.959    -6012.971       37.012   293.7
4.2480        -5975.913    -6012.973       37.060   294.1
4.2485        -5976.059    -6012.976       36.917   292.9
4.2490        -5976.104    -6012.983       36.878   292.6
4.2495        -5976.189    -6012.992       36.802   292.0
4.2500        -5976.100    -6013.000       36.900   292.8
4.2505        -5976.089    -6013.006       36.917   292.9
4.2510        -5976.136    -6013.010       36.875   292.6
4.2515        -5976.169    -6013.016       36.847   292.4
4.2520        -5976.191    -6013.021       36.830   292.2
4.2525        -5976.186    -6013.028       36.842   292.3
4.2530        -5976.235    -6013.036       36.802   292.0
4.2535        -5976.190    -6013.047       36.857   292.4
4.2540        -5976.279    -6013.057       36.778   291.8
4.2545        -5976.292    -6013.070       36.778   291.8
4.2550        -5976.286    -6013.084       36.798   292.0
4.2555        -5976.303    -6013.097       36.793   291.9
4.2560        -5976.320    -6013.109       36.789   291.9
4.2565        -5976.313    -6013.120       36.807   292.1
4.2570        -5976.280    -6013.132       36.852   292.4
4.2575        -5976.240    -6013.143       36.903   292.8
4.2580        -5976.148    -6013.152       37.005   293.6
4.2585        -5976.204    -6013.161       36.958   293.2
4.2590        -5976.163    -6013.170       37.007   293.6
4.2595        -5976.186    -6013.177       36.991   293.5
4.2600        -5976.141    -6013.181       37.041   293.9
4.2605        -5976.191    -6013.183       36.991   293.5
4.2610        -5976.224    -6013.182       36.958   293.3
4.2615        -5976.281    -6013.180       36.899   292.8
4.2620        -5976.334    -6013.176       36.843   292.3
4.2625        -5976.452    -6013.174       36.722   291.4
4.2630        -5976.493    -6013.174       36.680   291.0
4.2635        -5976.362    -6013.173       36.811   292.1
4.2640        -5976.419    -6013.172       36.753   291.6
4.2645        -5976.445    -6013.172       36.727   291.4
4.2650        -5976.456    -6013.174       36.718   291.3
4.2655        -5976.452    -6013.177       36.725   291.4
4.2660        -5976.367    -6013.183       36.815   292.1
4.2665        -5976.332    -6013.189       36.857   292.5
4.2670        -5976.428    -6013.196       36.768   291.7
4.2675        -5976.391    -6013.204       36.812   292.1
4.2680        -5976.396    -6013.214       36.817   292.1
4.2685        -5976.491    -6013.228       36.737   291.5
4.2690        -5976.540    -6013.244       36.703   291.2
4.2695        -5976.472    -6013.261       36.790   291.9
4.2700        -5976.499    -6013.283       36.783   291.9
4.2705        -5976.521    -6013.309       36.788   291.9
4.2710        -5976.527    -6013.340       36.814   292.1
4.2715        -5976.544    -6013.375       36.831   292.2
4.2720        -5976.537    -6013.416       36.879   292.6
4.2725        -5976.514    -6013.462       36.948   293.2
4.2730        -5976.470    -6013.512       37.042   293.9
4.2735        -5976.493    -6013.566       37.073   294.2
4.2740        -5976.508    -6013.624       37.116   294.5
4.2745        -5976.542    -6013.686       37.144   294.7
4.2750        -5976.610    -6013.749       37.139   294.7
4.2755        -5976.591    -6013.813       37.222   295.3
4.2760        -5976.432    -6013.880       37.448   297.1
4.2765        -5976.387    -6013.949       37.561   298.0
4.2770        -5976.374    -6014.016       37.642   298.7
4.2775        -5976.337    -6014.083       37.747   299.5
4.2780        -5976.348    -6014.148       37.800   299.9
4.2785        -5976.329    -6014.211       37.882   300.6
4.2790        -5976.311    -6014.273       37.961   301.2
4.2795        -5976.293    -6014.335       38.042   301.9
4.2800        -5976.291    -6014.395       38.104   302.3
4.2805        -5976.351    -6014.453       38.102   302.3
4.2810        -5976.328    -6014.506       38.178   302.9
4.2815        -5976.375    -6014.554       38.179   302.9
4.2820        -5976.406    -6014.597       38.191   303.0
4.2825        -5976.444    -6014.636       38.192   303.0
4.2830        -5976.363    -6014.671       38.308   304.0
4.2835        -5976.366    -6014.700       38.335   304.2
4.2840        -5976.426    -6014.724       38.298   303.9
4.2845        -5976.495    -6014.745       38.250   303.5
4.2850        -5976.599    -6014.760       38.161   302.8
4.2855        -5976.723    -6014.771       38.047   301.9
4.2860        -5976.680    -6014.776       38.096   302.3
4.2865        -5976.742    -6014.775       38.032   301.8
4.2870        -5976.820    -6014.769       37.949   301.1
4.2875        -5976.966    -6014.758       37.791   299.9
4.2880        -5976.884    -6014.744       37.860   300.4
4.2885        -5976.964    -6014.727       37.763   299.6
4.2890        -5976.965    -6014.705       37.740   299.5
4.2895        -5976.908    -6014.681       37.773   299.7
4.2900        -5976.851    -6014.655       37.804   300.0
4.2905        -5976.835    -6014.625       37.790   299.9
4.2910        -5976.800    -6014.589       37.789   299.8
4.2915        -5976.663    -6014.552       37.889   300.6
4.2920        -5976.798    -6014.513       37.715   299.3
4.2925        -5976.855    -6014.470       37.615   298.5
4.2930        -5977.024    -6014.425       37.401   296.8
4.2935        -5977.024    -6014.380       37.356   296.4
4.2940        -5977.006    -6014.334       37.327   296.2
4.2945        -5976.943    -6014.290       37.347   296.3
4.2950        -5976.914    -6014.246       37.331   296.2
4.2955        -5976.996    -6014.204       37.208   295.2
4.2960        -5977.091    -6014.162       37.071   294.1
4.2965        -5977.117    -6014.120       37.003   293.6
4.2970        -5977.137    -6014.081       36.943   293.1
4.2975        -5977.155    -6014.041       36.887   292.7
4.2980        -5977.078    -6014.003       36.925   293.0
4.2985        -5977.051    -6013.966       36.915   292.9
4.2990        -5977.011    -6013.931       36.920   292.9
4.2995        -5977.052    -6013.899       36.847   292.4
4.3000        -5977.090    -6013.874       36.784   291.9
4.3005        -5977.165    -6013.855       36.690   291.1
4.3010        -5977.193    -6013.840       36.648   290.8
4.3015        -5977.127    -6013.829       36.702   291.2
4.3020        -5977.208    -6013.821       36.613   290.5
4.3025        -5977.201    -6013.816       36.616   290.5
4.3030        -5977.267    -6013.816       36.549   290.0
4.3035        -5977.159    -6013.824       36.665   290.9
4.3040        -5977.065    -6013.840       36.775   291.8
4.3045        -5977.088    -6013.860       36.773   291.8
4.3050        -5977.067    -6013.883       36.816   292.1
4.3055        -5977.059    -6013.906       36.847   292.4
4.3060        -5977.036    -6013.931       36.895   292.7
4.3065        -5977.043    -6013.959       36.916   292.9
4.3070        -5976.991    -6013.988       36.997   293.6
4.3075        -5976.926    -6014.021       37.095   294.3
4.3080        -5976.894    -6014.056       37.162   294.9
4.3085        -5976.927    -6014.092       37.165   294.9
4.3090        -5976.930    -6014.130       37.200   295.2
4.3095        -5976.888    -6014.167       37.279   295.8
4.3100        -5976.871    -6014.206       37.336   296.2
4.3105        -5976.899    -6014.245       37.346   296.3
4.3110        -5976.901    -6014.284       37.384   296.6
4.3115        -5976.839    -6014.320       37.481   297.4
4.3120        -5976.851    -6014.354       37.503   297.6
4.3125        -5977.023    -6014.387       37.364   296.5
4.3130        -5976.916    -6014.419       37.503   297.6
4.3135        -5976.920    -6014.446       37.526   297.8
4.3140        -5976.876    -6014.469       37.593   298.3
4.3145        -5976.845    -6014.487       37.643   298.7
4.3150        -5976.794    -6014.500       37.707   299.2
4.3155        -5976.919    -6014.509       37.591   298.3
4.3160        -5976.915    -6014.515       37.600   298.3
4.3165        -5976.924    -6014.514       37.589   298.3
4.3170        -5976.984    -6014.506       37.522   297.7
4.3175        -5976.920    -6014.493       37.573   298.1
4.3180        -5976.915    -6014.474       37.559   298.0
4.3185        -5976.920    -6014.450       37.530   297.8
4.3190        -5976.953    -6014.421       37.468   297.3
4.3195        -5976.934    -6014.386       37.452   297.2
4.3200        -5976.896    -6014.345       37.449   297.1
4.3205        -5976.916    -6014.299       37.383   296.6
4.3210        -5976.898    -6014.246       37.348   296.3
4.3215        -5976.905    -6014.190       37.285   295.8
4.3220        -5976.989    -6014.128       37.139   294.7
4.3225        -5976.986    -6014.061       37.075   294.2
4.3230        -5976.994    -6013.988       36.994   293.5
4.3235        -5976.842    -6013.912       37.070   294.1
4.3240        -5976.822    -6013.833       37.011   293.7
4.3245        -5976.690    -6013.750       37.060   294.1
4.3250        -5976.723    -6013.666       36.942   293.1
4.3255        -5976.745    -6013.578       36.833   292.3
4.3260        -5976.767    -6013.491       36.723   291.4
4.3265        -5976.732    -6013.402       36.670   291.0
4.3270        -5976.721    -6013.313       36.592   290.3
4.3275        -5976.611    -6013.225       36.613   290.5
4.3280        -5976.585    -6013.138       36.553   290.0
4.3285        -5976.538    -6013.054       36.517   289.8
4.3290        -5976.679    -6012.973       36.294   288.0
4.3295        -5976.655    -6012.894       36.239   287.5
4.3300        -5976.567    -6012.817       36.251   287.6
4.3305        -5976.621    -6012.746       36.125   286.6
4.3310        -5976.641    -6012.681       36.040   286.0
4.3315        -5976.668    -6012.622       35.953   285.3
4.3320        -5976.614    -6012.566       35.952   285.3
4.3325        -5976.619    -6012.514       35.896   284.8
4.3330        -5976.756    -6012.469       35.713   283.4
4.3335        -5976.790    -6012.431       35.641   282.8
4.3340        -5976.790    -6012.402       35.612   282.6
4.3345        -5976.788    -6012.380       35.591   282.4
4.3350        -5976.768    -6012.365       35.597   282.5
4.3355        -5976.762    -6012.360       35.598   282.5
4.3360        -5976.629    -6012.364       35.735   283.5
4.3365        -5976.731    -6012.378       35.646   282.8
4.3370        -5976.750    -6012.400       35.651   282.9
4.3375        -5976.688    -6012.432       35.744   283.6
4.3380        -5976.688    -6012.472       35.784   283.9
4.3385        -5976.722    -6012.521       35.800   284.1
4.3390        -5976.727    -6012.578       35.851   284.5
4.3395        -5976.805    -6012.642       35.837   284.4
4.3400        -5976.773    -6012.712       35.939   285.2
4.3405        -5976.662    -6012.788       36.126   286.6
4.3410        -5976.639    -6012.872       36.233   287.5
4.3415        -5976.620    -6012.961       36.340   288.4
4.3420        -5976.662    -6013.054       36.393   288.8
4.3425        -5976.699    -6013.150       36.451   289.2
4.3430        -5976.654    -6013.244       36.591   290.3
4.3435        -5976.652    -6013.342       36.689   291.1
4.3440        -5976.664    -6013.441       36.777   291.8
4.3445        -5976.630    -6013.542       36.912   292.9
4.3450        -5976.555    -6013.647       37.091   294.3
4.3455        -5976.507    -6013.752       37.245   295.5
4.3460        -5976.536    -6013.858       37.322   296.1
4.3465        -5976.522    -6013.965       37.443   297.1
4.3470        -5976.595    -6014.071       37.477   297.4
4.3475        -5976.596    -6014.178       37.582   298.2
4.3480        -5976.491    -6014.282       37.791   299.9
4.3485        -5976.460    -6014.386       37.925   300.9
4.3490        -5976.629    -6014.486       37.857   300.4
4.3495        -5976.578    -6014.583       38.005   301.6
4.3500        -5976.606    -6014.677       38.071   302.1
4.3505        -5976.610    -6014.767       38.157   302.8
4.3510        -5976.682    -6014.848       38.166   302.8
4.3515        -5976.588    -6014.927       38.339   304.2
4.3520        -5976.551    -6015.001       38.451   305.1
4.3525        -5976.570    -6015.072       38.503   305.5
4.3530        -5976.664    -6015.138       38.474   305.3
4.3535        -5976.627    -6015.198       38.571   306.1
4.3540        -5976.541    -6015.253       38.712   307.2
4.3545        -5976.607    -6015.304       38.697   307.0
4.3550        -5976.608    -6015.353       38.745   307.4
4.3555        -5976.643    -6015.398       38.755   307.5
4.3560        -5976.667    -6015.435       38.768   307.6
4.3565        -5976.644    -6015.466       38.822   308.0
4.3570        -5976.695    -6015.490       38.794   307.8
4.3575        -5976.609    -6015.507       38.898   308.6
4.3580        -5976.584    -6015.517       38.933   308.9
4.3585        -5976.752    -6015.520       38.768   307.6
4.3590        -5976.765    -6015.518       38.753   307.5
4.3595        -5976.878    -6015.513       38.635   306.6
4.3600        -5976.871    -6015.505       38.634   306.5
4.3605        -5976.742    -6015.492       38.750   307.5
4.3610        -5976.709    -6015.475       38.765   307.6
4.3615        -5976.646    -6015.455       38.809   307.9
4.3620        -5976.657    -6015.434       38.777   307.7
4.3625        -5976.733    -6015.410       38.678   306.9
4.3630        -5976.630    -6015.384       38.754   307.5
4.3635        -5976.783    -6015.355       38.572   306.1
4.3640        -5976.690    -6015.327       38.637   306.6
4.3645        -5976.727    -6015.298       38.571   306.0
4.3650        -5976.733    -6015.268       38.535   305.8
4.3655        -5976.737    -6015.238       38.500   305.5
4.3660        -5976.789    -6015.206       38.417   304.8
4.3665        -5976.718    -6015.174       38.456   305.1
4.3670        -5976.715    -6015.142       38.427   304.9
4.3675        -5976.565    -6015.110       38.545   305.8
4.3680        -5976.633    -6015.078       38.445   305.1
4.3685        -5976.629    -6015.047       38.418   304.8
4.3690        -5976.635    -6015.016       38.381   304.5
4.3695        -5976.621    -6014.984       38.363   304.4
4.3700        -5976.520    -6014.954       38.434   305.0
4.3705        -5976.568    -6014.923       38.355   304.3
4.3710        -5976.657    -6014.893       38.236   303.4
4.3715        -5976.719    -6014.864       38.145   302.7
4.3720        -5976.643    -6014.835       38.192   303.0
4.3725        -5976.636    -6014.810       38.174   302.9
4.3730        -5976.670    -6014.790       38.120   302.5
4.3735        -5976.718    -6014.769       38.051   301.9
4.3740        -5976.878    -6014.749       37.870   300.5
4.3745        -5976.817    -6014.730       37.912   300.8
4.3750        -5976.701    -6014.710       38.009   301.6
4.3755        -5976.659    -6014.690       38.031   301.8
4.3760        -5976.649    -6014.669       38.020   301.7
4.3765        -5976.626    -6014.647       38.020   301.7
4.3770        -5976.564    -6014.624       38.060   302.0
4.3775        -5976.414    -6014.601       38.187   303.0
4.3780        -5976.293    -6014.576       38.284   303.8
4.3785        -5976.296    -6014.552       38.256   303.6
4.3790        -5976.256    -6014.527       38.272   303.7
4.3795        -5976.225    -6014.501       38.276   303.7
4.3800        -5976.222    -6014.473       38.252   303.5
4.3805        -5976.288    -6014.443       38.155   302.7
4.3810        -5976.395    -6014.411       38.016   301.6
4.3815        -5976.346    -6014.380       38.033   301.8
4.3820        -5976.201    -6014.349       38.148   302.7
4.3825        -5976.175    -6014.317       38.142   302.6
4.3830        -5976.182    -6014.284       38.102   302.3
4.3835        -5976.186    -6014.250       38.064   302.0
4.3840        -5976.224    -6014.217       37.993   301.5
4.3845        -5976.212    -6014.182       37.970   301.3
4.3850        -5976.273    -6014.147       37.874   300.5
4.3855        -5976.284    -6014.111       37.827   300.1
4.3860        -5976.299    -6014.074       37.775   299.7
4.3865        -5976.302    -6014.036       37.734   299.4
4.3870        -5976.217    -6013.998       37.781   299.8
4.3875        -5976.287    -6013.959       37.672   298.9
4.3880        -5976.338    -6013.921       37.583   298.2
4.3885        -5976.257    -6013.884       37.627   298.6
4.3890        -5976.197    -6013.848       37.651   298.8
4.3895        -5976.081    -6013.816       37.735   299.4
4.3900        -5976.033    -6013.785       37.752   299.6
4.3905        -5976.053    -6013.755       37.701   299.1
4.3910        -5976.091    -6013.722       37.631   298.6
4.3915        -5976.167    -6013.689       37.522   297.7
4.3920        -5976.105    -6013.657       37.552   298.0
4.3925        -5976.144    -6013.623       37.479   297.4
4.3930        -5976.095    -6013.589       37.494   297.5
4.3935        -5976.133    -6013.556       37.424   296.9
4.3940        -5976.065    -6013.527       37.462   297.2
4.3945        -5976.106    -6013.499       37.392   296.7
4.3950        -5976.001    -6013.471       37.469   297.3
4.3955        -5975.967    -6013.446       37.479   297.4
4.3960        -5975.999    -6013.422       37.423   296.9
4.3965        -5975.888    -6013.400       37.512   297.6
4.3970        -5975.909    -6013.378       37.470   297.3
4.3975        -5975.804    -6013.357       37.553   298.0
4.3980        -5975.694    -6013.335       37.641   298.7
4.3985        -5975.732    -6013.314       37.582   298.2
4.3990        -5975.780    -6013.289       37.509   297.6
4.3995        -5975.805    -6013.261       37.456   297.2
4.4000        -5975.738    -6013.234       37.496   297.5
4.4005        -5975.744    -6013.206       37.461   297.2
4.4010        -5975.762    -6013.175       37.413   296.9
4.4015        -5975.844    -6013.145       37.301   296.0
4.4020        -5975.839    -6013.115       37.276   295.8
4.4025        -5975.882    -6013.084       37.202   295.2
4.4030        -5975.848    -6013.053       37.204   295.2
4.4035        -5975.820    -6013.021       37.200   295.2
4.4040        -5975.973    -6012.989       37.016   293.7
4.4045        -5975.970    -6012.958       36.988   293.5
4.4050        -5975.941    -6012.928       36.987   293.5
4.4055        -5975.860    -6012.899       37.039   293.9
4.4060        -5975.997    -6012.873       36.876   292.6
4.4065        -5976.009    -6012.848       36.838   292.3
4.4070        -5975.969    -6012.823       36.854   292.4
4.4075        -5975.934    -6012.799       36.865   292.5
4.4080        -5975.846    -6012.777       36.931   293.0
4.4085        -5975.850    -6012.756       36.906   292.8
4.4090        -5975.893    -6012.738       36.846   292.4
4.4095        -5975.870    -6012.723       36.853   292.4
4.4100        -5975.840    -6012.711       36.871   292.6
4.4105        -5975.887    -6012.698       36.811   292.1
4.4110        -5975.957    -6012.685       36.728   291.4
4.4115        -5975.988    -6012.672       36.684   291.1
4.4120        -5976.049    -6012.657       36.608   290.5
4.4125        -5976.074    -6012.644       36.569   290.2
4.4130        -5976.064    -6012.632       36.568   290.2
4.4135        -5975.992    -6012.624       36.633   290.7
4.4140        -5975.985    -6012.618       36.633   290.7
4.4145        -5976.020    -6012.614       36.593   290.4
4.4150        -5976.077    -6012.611       36.534   289.9
4.4155        -5976.000    -6012.609       36.608   290.5
4.4160        -5976.008    -6012.609       36.601   290.4
4.4165        -5976.012    -6012.611       36.599   290.4
4.4170        -5976.059    -6012.613       36.554   290.0
4.4175        -5976.106    -6012.617       36.511   289.7
4.4180        -5976.073    -6012.622       36.549   290.0
4.4185        -5976.045    -6012.627       36.582   290.3
4.4190        -5976.086    -6012.634       36.548   290.0
4.4195        -5976.064    -6012.646       36.582   290.3
4.4200        -5976.077    -6012.659       36.582   290.3
4.4205        -5976.112    -6012.673       36.561   290.1
4.4210        -5976.028    -6012.688       36.660   290.9
4.4215        -5976.053    -6012.702       36.649   290.8
4.4220        -5976.127    -6012.714       36.588   290.3
4.4225        -5976.034    -6012.727       36.693   291.1
4.4230        -5976.048    -6012.739       36.691   291.1
4.4235        -5976.067    -6012.750       36.684   291.1
4.4240        -5976.056    -6012.762       36.706   291.3
4.4245        -5976.081    -6012.777       36.696   291.2
4.4250        -5976.122    -6012.792       36.670   291.0
4.4255        -5976.130    -6012.807       36.678   291.0
4.4260        -5975.979    -6012.821       36.842   292.3
4.4265        -5976.055    -6012.833       36.778   291.8
4.4270        -5976.044    -6012.844       36.799   292.0
4.4275        -5976.120    -6012.855       36.735   291.5
4.4280        -5976.229    -6012.865       36.636   290.7
4.4285        -5976.301    -6012.873       36.572   290.2
4.4290        -5976.294    -6012.878       36.584   290.3
4.4295        -5976.344    -6012.882       36.538   289.9
4.4300        -5976.361    -6012.884       36.522   289.8
4.4305        -5976.446    -6012.882       36.436   289.1
4.4310        -5976.402    -6012.878       36.476   289.4
4.4315        -5976.380    -6012.870       36.490   289.5
4.4320        -5976.384    -6012.861       36.477   289.4
4.4325        -5976.378    -6012.849       36.471   289.4
4.4330        -5976.439    -6012.840       36.401   288.8
4.4335        -5976.499    -6012.830       36.331   288.3
4.4340        -5976.449    -6012.819       36.370   288.6
4.4345        -5976.429    -6012.806       36.377   288.6
4.4350        -5976.455    -6012.794       36.339   288.3
4.4355        -5976.407    -6012.781       36.374   288.6
4.4360        -5976.303    -6012.768       36.465   289.3
4.4365        -5976.371    -6012.759       36.388   288.7
4.4370        -5976.471    -6012.752       36.281   287.9
4.4375        -5976.377    -6012.749       36.372   288.6
4.4380        -5976.435    -6012.750       36.316   288.2
4.4385        -5976.494    -6012.755       36.261   287.7
4.4390        -5976.599    -6012.760       36.160   286.9
4.4395        -5976.476    -6012.766       36.290   287.9
4.4400        -5976.429    -6012.775       36.346   288.4
4.4405        -5976.394    -6012.785       36.391   288.8
4.4410        -5976.324    -6012.800       36.476   289.4
4.4415        -5976.368    -6012.818       36.449   289.2
4.4420        -5976.368    -6012.837       36.468   289.4
4.4425        -5976.284    -6012.856       36.572   290.2
4.4430        -5976.320    -6012.876       36.556   290.1
4.4435        -5976.265    -6012.898       36.633   290.7
4.4440        -5976.207    -6012.922       36.715   291.3
4.4445        -5976.208    -6012.947       36.739   291.5
4.4450        -5976.268    -6012.972       36.704   291.2
4.4455        -5976.160    -6013.000       36.840   292.3
4.4460        -5976.177    -6013.029       36.852   292.4
4.4465        -5976.179    -6013.060       36.881   292.6
4.4470        -5976.210    -6013.092       36.883   292.7
4.4475        -5976.212    -6013.127       36.915   292.9
4.4480        -5976.179    -6013.164       36.985   293.5
4.4485        -5976.252    -6013.200       36.948   293.2
4.4490        -5976.303    -6013.237       36.934   293.1
4.4495        -5976.293    -6013.275       36.983   293.4
4.4500        -5976.269    -6013.313       37.045   293.9
4.4505        -5976.239    -6013.352       37.113   294.5
4.4510        -5976.295    -6013.390       37.095   294.3
4.4515        -5976.251    -6013.429       37.178   295.0
4.4520        -5976.260    -6013.467       37.207   295.2
4.4525        -5976.276    -6013.502       37.226   295.4
4.4530        -5976.322    -6013.536       37.215   295.3
4.4535        -5976.341    -6013.570       37.228   295.4
4.4540        -5976.313    -6013.601       37.289   295.9
4.4545        -5976.334    -6013.631       37.297   295.9
4.4550        -5976.348    -6013.658       37.310   296.0
4.4555        -5976.369    -6013.683       37.314   296.1
4.4560        -5976.348    -6013.706       37.357   296.4
4.4565        -5976.412    -6013.724       37.312   296.1
4.4570        -5976.323    -6013.739       37.416   296.9
4.4575        -5976.427    -6013.751       37.324   296.2
4.4580        -5976.487    -6013.764       37.277   295.8
4.4585        -5976.452    -6013.776       37.324   296.2
4.4590        -5976.510    -6013.788       37.279   295.8
4.4595        -5976.575    -6013.801       37.226   295.4
4.4600        -5976.574    -6013.813       37.240   295.5
4.4605        -5976.594    -6013.824       37.230   295.4
4.4610        -5976.465    -6013.833       37.368   296.5
4.4615        -5976.415    -6013.843       37.428   297.0
4.4620        -5976.334    -6013.851       37.517   297.7
4.4625        -5976.305    -6013.861       37.556   298.0
4.4630        -5976.388    -6013.868       37.480   297.4
4.4635        -5976.438    -6013.870       37.432   297.0
4.4640        -5976.438    -6013.871       37.433   297.0
4.4645        -5976.446    -6013.872       37.426   297.0
4.4650        -5976.416    -6013.872       37.457   297.2
4.4655        -5976.416    -6013.873       37.457   297.2
4.4660        -5976.466    -6013.874       37.409   296.8
4.4665        -5976.439    -6013.876       37.438   297.1
4.4670        -5976.476    -6013.877       37.401   296.8
4.4675        -5976.483    -6013.877       37.393   296.7
4.4680        -5976.463    -6013.879       37.416   296.9
4.4685        -5976.574    -6013.882       37.308   296.0
4.4690        -5976.536    -6013.883       37.347   296.3
4.4695        -5976.561    -6013.885       37.324   296.2
4.4700        -5976.584    -6013.886       37.302   296.0
4.4705        -5976.553    -6013.889       37.336   296.2
4.4710        -5976.630    -6013.891       37.261   295.7
4.4715        -5976.683    -6013.892       37.209   295.2
4.4720        -5976.716    -6013.896       37.179   295.0
4.4725        -5976.751    -6013.901       37.150   294.8
4.4730        -5976.697    -6013.906       37.210   295.2
4.4735        -5976.688    -6013.913       37.225   295.4
4.4740        -5976.658    -6013.920       37.261   295.7
4.4745        -5976.539    -6013.926       37.387   296.7
4.4750        -5976.599    -6013.930       37.331   296.2
4.4755        -5976.561    -6013.932       37.371   296.5
4.4760        -5976.618    -6013.935       37.316   296.1
4.4765        -5976.588    -6013.936       37.348   296.3
4.4770        -5976.678    -6013.935       37.257   295.6
4.4775        -5976.612    -6013.933       37.321   296.1
4.4780        -5976.627    -6013.932       37.305   296.0
4.4785        -5976.640    -6013.932       37.292   295.9
4.4790        -5976.612    -6013.932       37.320   296.1
4.4795        -5976.581    -6013.929       37.348   296.3
4.4800        -5976.667    -6013.927       37.260   295.6
4.4805        -5976.656    -6013.923       37.267   295.7
4.4810        -5976.696    -6013.921       37.224   295.4
4.4815        -5976.723    -6013.920       37.197   295.1
4.4820        -5976.724    -6013.921       37.197   295.1
4.4825        -5976.638    -6013.923       37.285   295.8
4.4830        -5976.724    -6013.927       37.203   295.2
4.4835        -5976.770    -6013.929       37.159   294.8
4.4840        -5976.902    -6013.931       37.029   293.8
4.4845        -5976.852    -6013.933       37.082   294.2
4.4850        -5976.820    -6013.935       37.114   294.5
4.4855        -5976.802    -6013.936       37.133   294.6
4.4860        -5976.885    -6013.938       37.054   294.0
4.4865        -5976.877    -6013.941       37.065   294.1
4.4870        -5976.827    -6013.945       37.118   294.5
4.4875        -5976.896    -6013.950       37.054   294.0
4.4880        -5976.846    -6013.955       37.109   294.5
4.4885        -5976.785    -6013.961       37.176   295.0
4.4890        -5976.752    -6013.970       37.218   295.3
4.4895        -5976.699    -6013.976       37.277   295.8
4.4900        -5976.772    -6013.983       37.212   295.3
4.4905        -5976.696    -6013.991       37.295   295.9
4.4910        -5976.662    -6013.997       37.335   296.2
4.4915        -5976.664    -6014.001       37.337   296.3
4.4920        -5976.623    -6014.006       37.383   296.6
4.4925        -5976.558    -6014.013       37.455   297.2
4.4930        -5976.687    -6014.019       37.332   296.2
4.4935        -5976.776    -6014.025       37.249   295.6
4.4940        -5976.797    -6014.031       37.234   295.4
4.4945        -5976.768    -6014.038       37.270   295.7
4.4950        -5976.693    -6014.042       37.349   296.4
4.4955        -5976.687    -6014.044       37.357   296.4
4.4960        -5976.686    -6014.044       37.358   296.4
4.4965        -5976.604    -6014.042       37.437   297.1
4.4970        -5976.622    -6014.038       37.416   296.9
4.4975        -5976.582    -6014.033       37.451   297.2
4.4980        -5976.519    -6014.028       37.509   297.6
4.4985        -5976.527    -6014.020       37.493   297.5
4.4990        -5976.502    -6014.011       37.509   297.6
4.4995        -5976.504    -6013.999       37.494   297.5
4.5000        -5976.475    -6013.984       37.509   297.6
4.5005        -5976.371    -6013.969       37.598   298.3
4.5010        -5976.371    -6013.957       37.586   298.2
4.5015        -5976.377    -6013.945       37.568   298.1
4.5020        -5976.400    -6013.934       37.534   297.8
4.5025        -5976.287    -6013.922       37.635   298.6
4.5030        -5976.297    -6013.910       37.613   298.4
4.5035        -5976.484    -6013.895       37.411   296.8
4.5040        -5976.605    -6013.878       37.273   295.8
4.5045        -5976.633    -6013.863       37.230   295.4
4.5050        -5976.520    -6013.847       37.327   296.2
4.5055        -5976.425    -6013.831       37.406   296.8
4.5060        -5976.244    -6013.817       37.573   298.1
4.5065        -5976.182    -6013.804       37.622   298.5
4.5070        -5976.141    -6013.792       37.651   298.7
4.5075        -5976.235    -6013.779       37.544   297.9
4.5080        -5976.282    -6013.769       37.488   297.5
4.5085        -5976.219    -6013.763       37.544   297.9
4.5090        -5976.176    -6013.757       37.581   298.2
4.5095        -5976.222    -6013.751       37.529   297.8
4.5100        -5976.334    -6013.747       37.413   296.9
4.5105        -5976.313    -6013.744       37.430   297.0
4.5110        -5976.264    -6013.745       37.480   297.4
4.5115        -5976.211    -6013.745       37.533   297.8
4.5120        -5976.326    -6013.748       37.421   296.9
4.5125        -5976.299    -6013.754       37.456   297.2
4.5130        -5976.305    -6013.763       37.458   297.2
4.5135        -5976.245    -6013.777       37.532   297.8
4.5140        -5976.194    -6013.797       37.602   298.4
4.5145        -5976.103    -6013.820       37.717   299.3
4.5150        -5976.122    -6013.846       37.723   299.3
4.5155        -5976.073    -6013.875       37.802   299.9
4.5160        -5976.260    -6013.908       37.648   298.7
4.5165        -5976.189    -6013.944       37.755   299.6
4.5170        -5976.232    -6013.981       37.749   299.5
4.5175        -5976.211    -6014.018       37.807   300.0
4.5180        -5976.309    -6014.055       37.746   299.5
4.5185        -5976.353    -6014.092       37.738   299.4
4.5190        -5976.302    -6014.126       37.825   300.1
4.5195        -5976.366    -6014.162       37.796   299.9
4.5200        -5976.467    -6014.199       37.732   299.4
4.5205        -5976.477    -6014.238       37.761   299.6
4.5210        -5976.432    -6014.276       37.844   300.3
4.5215        -5976.540    -6014.314       37.774   299.7
4.5220        -5976.512    -6014.352       37.840   300.2
4.5225        -5976.521    -6014.390       37.870   300.5
4.5230        -5976.534    -6014.431       37.897   300.7
4.5235        -5976.623    -6014.472       37.850   300.3
4.5240        -5976.817    -6014.512       37.696   299.1
4.5245        -5976.841    -6014.550       37.709   299.2
4.5250        -5976.847    -6014.584       37.737   299.4
4.5255        -5976.874    -6014.614       37.741   299.5
4.5260        -5976.761    -6014.643       37.883   300.6
4.5265        -5976.792    -6014.669       37.876   300.5
4.5270        -5976.908    -6014.691       37.783   299.8
4.5275        -5976.991    -6014.708       37.717   299.3
4.5280        -5977.014    -6014.723       37.709   299.2
4.5285        -5977.077    -6014.733       37.656   298.8
4.5290        -5977.147    -6014.740       37.593   298.3
4.5295        -5977.114    -6014.746       37.632   298.6
4.5300        -5977.147    -6014.749       37.602   298.4
4.5305        -5977.074    -6014.747       37.672   298.9
4.5310        -5977.116    -6014.739       37.623   298.5
4.5315        -5977.144    -6014.725       37.582   298.2
4.5320        -5977.145    -6014.708       37.563   298.1
4.5325        -5977.141    -6014.688       37.546   297.9
4.5330        -5977.190    -6014.663       37.473   297.3
4.5335        -5977.090    -6014.635       37.545   297.9
4.5340        -5977.029    -6014.606       37.577   298.2
4.5345        -5977.039    -6014.575       37.536   297.8
4.5350        -5977.066    -6014.542       37.476   297.4
4.5355        -5977.055    -6014.506       37.451   297.2
4.5360        -5977.000    -6014.469       37.469   297.3
4.5365        -5977.001    -6014.428       37.428   297.0
4.5370        -5976.956    -6014.386       37.429   297.0
4.5375        -5976.900    -6014.340       37.440   297.1
4.5380        -5976.920    -6014.293       37.373   296.5
4.5385        -5976.834    -6014.244       37.410   296.8
4.5390        -5976.947    -6014.196       37.249   295.6
4.5395        -5976.984    -6014.148       37.164   294.9
4.5400        -5977.052    -6014.098       37.046   293.9
4.5405        -5976.893    -6014.049       37.155   294.8
4.5410        -5976.830    -6013.999       37.170   294.9
4.5415        -5976.932    -6013.950       37.018   293.7
4.5420        -5976.940    -6013.900       36.960   293.3
4.5425        -5976.925    -6013.851       36.926   293.0
4.5430        -5976.929    -6013.803       36.873   292.6
4.5435        -5976.995    -6013.757       36.762   291.7
4.5440        -5976.914    -6013.709       36.794   292.0
4.5445        -5976.992    -6013.659       36.667   290.9
4.5450        -5976.988    -6013.613       36.625   290.6
4.5455        -5977.020    -6013.569       36.548   290.0
4.5460        -5976.959    -6013.527       36.569   290.2
4.5465        -5977.037    -6013.488       36.451   289.2
4.5470        -5977.021    -6013.453       36.431   289.1
4.5475        -5977.092    -6013.421       36.328   288.3
4.5480        -5976.985    -6013.389       36.405   288.9
4.5485        -5977.108    -6013.359       36.252   287.6
4.5490        -5977.016    -6013.332       36.315   288.2
4.5495        -5977.103    -6013.306       36.203   287.3
4.5500        -5977.114    -6013.283       36.170   287.0
4.5505        -5977.192    -6013.266       36.074   286.2
4.5510        -5977.165    -6013.253       36.088   286.3
4.5515        -5977.122    -6013.245       36.124   286.6
4.5520        -5977.070    -6013.240       36.170   287.0
4.5525        -5977.086    -6013.235       36.149   286.8
4.5530        -5976.993    -6013.234       36.240   287.6
4.5535        -5977.048    -6013.238       36.190   287.2
4.5540        -5977.148    -6013.245       36.097   286.4
4.5545        -5977.033    -6013.258       36.225   287.4
4.5550        -5977.063    -6013.275       36.213   287.3
4.5555        -5977.100    -6013.296       36.197   287.2
4.5560        -5977.165    -6013.322       36.157   286.9
4.5565        -5977.138    -6013.353       36.215   287.4
4.5570        -5977.125    -6013.387       36.262   287.7
4.5575        -5977.117    -6013.427       36.310   288.1
4.5580        -5977.050    -6013.469       36.419   289.0
4.5585        -5977.061    -6013.515       36.454   289.3
4.5590        -5977.074    -6013.563       36.489   289.5
4.5595        -5977.073    -6013.613       36.540   289.9
4.5600        -5977.046    -6013.665       36.618   290.6
4.5605        -5977.068    -6013.719       36.651   290.8
4.5610        -5977.028    -6013.775       36.747   291.6
4.5615        -5976.988    -6013.833       36.845   292.4
4.5620        -5976.942    -6013.889       36.947   293.2
4.5625        -5976.954    -6013.944       36.990   293.5
4.5630        -5976.989    -6013.997       37.008   293.6
4.5635        -5977.037    -6014.051       37.014   293.7
4.5640        -5977.013    -6014.103       37.090   294.3
4.5645        -5976.866    -6014.153       37.287   295.9
4.5650        -5976.883    -6014.204       37.321   296.1
4.5655        -5976.894    -6014.251       37.357   296.4
4.5660        -5976.959    -6014.295       37.336   296.2
4.5665        -5976.980    -6014.335       37.355   296.4
4.5670        -5977.019    -6014.371       37.352   296.4
4.5675        -5976.994    -6014.404       37.410   296.8
4.5680        -5976.952    -6014.436       37.484   297.4
4.5685        -5976.950    -6014.464       37.514   297.7
4.5690        -5976.917    -6014.487       37.570   298.1
4.5695        -5977.040    -6014.506       37.466   297.3
4.5700        -5977.087    -6014.520       37.433   297.0
4.5705        -5977.031    -6014.530       37.499   297.5
4.5710        -5976.983    -6014.536       37.553   298.0
4.5715        -5976.894    -6014.537       37.643   298.7
4.5720        -5976.916    -6014.534       37.618   298.5
4.5725        -5976.870    -6014.526       37.656   298.8
4.5730        -5976.956    -6014.516       37.560   298.0
4.5735        -5977.072    -6014.501       37.429   297.0
4.5740        -5977.125    -6014.484       37.359   296.4
4.5745        -5977.185    -6014.465       37.280   295.8
4.5750        -5977.158    -6014.441       37.283   295.8
4.5755        -5977.238    -6014.416       37.178   295.0
4.5760        -5977.236    -6014.387       37.152   294.8
4.5765        -5977.177    -6014.356       37.178   295.0
4.5770        -5977.075    -6014.320       37.245   295.5
4.5775        -5977.146    -6014.279       37.133   294.6
4.5780        -5977.236    -6014.234       36.997   293.6
4.5785        -5977.149    -6014.188       37.039   293.9
4.5790        -5977.141    -6014.138       36.998   293.6
4.5795        -5977.070    -6014.086       37.016   293.7
4.5800        -5977.068    -6014.031       36.963   293.3
4.5805        -5977.148    -6013.973       36.824   292.2
4.5810        -5977.198    -6013.913       36.715   291.3
4.5815        -5977.145    -6013.852       36.706   291.3
4.5820        -5977.181    -6013.792       36.611   290.5
4.5825        -5977.204    -6013.733       36.528   289.8
4.5830        -5977.193    -6013.674       36.482   289.5
4.5835        -5977.200    -6013.616       36.416   288.9
4.5840        -5977.136    -6013.554       36.418   289.0
4.5845        -5977.233    -6013.494       36.261   287.7
4.5850        -5977.237    -6013.438       36.201   287.2
4.5855        -5977.222    -6013.383       36.161   286.9
4.5860        -5977.275    -6013.332       36.057   286.1
4.5865        -5977.215    -6013.283       36.068   286.2
4.5870        -5977.142    -6013.235       36.093   286.4
4.5875        -5977.182    -6013.191       36.009   285.7
4.5880        -5977.137    -6013.149       36.011   285.7
4.5885        -5977.221    -6013.110       35.889   284.8
4.5890        -5977.233    -6013.071       35.839   284.4
4.5895        -5977.230    -6013.036       35.806   284.1
4.5900        -5977.301    -6013.004       35.703   283.3
4.5905        -5977.308    -6012.975       35.666   283.0
4.5910        -5977.312    -6012.950       35.638   282.8
4.5915        -5977.258    -6012.928       35.670   283.0
4.5920        -5977.239    -6012.909       35.671   283.0
4.5925        -5977.121    -6012.895       35.774   283.9
4.5930        -5977.119    -6012.881       35.762   283.8
4.5935        -5977.181    -6012.871       35.689   283.2
4.5940        -5977.113    -6012.864       35.750   283.7
4.5945        -5977.086    -6012.859       35.773   283.8
4.5950        -5977.080    -6012.855       35.775   283.9
4.5955        -5977.096    -6012.857       35.761   283.8
4.5960        -5977.121    -6012.864       35.743   283.6
4.5965        -5977.112    -6012.877       35.766   283.8
4.5970        -5977.134    -6012.894       35.760   283.7
4.5975        -5977.005    -6012.910       35.905   284.9
4.5980        -5977.048    -6012.929       35.881   284.7
4.5985        -5976.938    -6012.949       36.011   285.7
4.5990        -5977.012    -6012.970       35.958   285.3
4.5995        -5977.057    -6012.993       35.936   285.1
4.6000        -5977.066    -6013.017       35.951   285.3
4.6005        -5977.114    -6013.045       35.931   285.1
4.6010        -5977.151    -6013.072       35.921   285.0
4.6015        -5977.107    -6013.098       35.992   285.6
4.6020        -5977.148    -6013.125       35.978   285.5
4.6025        -5976.999    -6013.153       36.154   286.9
4.6030        -5976.955    -6013.182       36.228   287.5
4.6035        -5976.928    -6013.213       36.286   287.9
4.6040        -5976.889    -6013.246       36.357   288.5
4.6045        -5976.855    -6013.280       36.425   289.0
4.6050        -5976.818    -6013.313       36.495   289.6
4.6055        -5976.850    -6013.349       36.499   289.6
4.6060        -5976.859    -6013.384       36.525   289.8
4.6065        -5976.779    -6013.420       36.642   290.7
4.6070        -5976.809    -6013.456       36.647   290.8
4.6075        -5976.686    -6013.490       36.804   292.0
4.6080        -5976.703    -6013.527       36.824   292.2
4.6085        -5976.650    -6013.564       36.913   292.9
4.6090        -5976.637    -6013.601       36.965   293.3
4.6095        -5976.659    -6013.640       36.981   293.4
4.6100        -5976.668    -6013.680       37.012   293.7
4.6105        -5976.654    -6013.720       37.066   294.1
4.6110        -5976.646    -6013.760       37.114   294.5
4.6115        -5976.850    -6013.798       36.948   293.2
4.6120        -5976.804    -6013.835       37.031   293.8
4.6125        -5976.936    -6013.871       36.936   293.1
4.6130        -5976.943    -6013.906       36.963   293.3
4.6135        -5976.879    -6013.939       37.060   294.1
4.6140        -5976.836    -6013.970       37.135   294.7
4.6145        -5976.939    -6014.001       37.062   294.1
4.6150        -5976.912    -6014.033       37.121   294.5
4.6155        -5976.877    -6014.066       37.189   295.1
4.6160        -5976.884    -6014.100       37.216   295.3
4.6165        -5976.960    -6014.131       37.172   294.9
4.6170        -5976.960    -6014.163       37.203   295.2
4.6175        -5976.926    -6014.194       37.268   295.7
4.6180        -5976.960    -6014.224       37.265   295.7
4.6185        -5976.961    -6014.251       37.291   295.9
4.6190        -5976.930    -6014.275       37.345   296.3
4.6195        -5976.937    -6014.297       37.360   296.4
4.6200        -5977.032    -6014.318       37.286   295.9
4.6205        -5977.070    -6014.337       37.267   295.7
4.6210        -5977.184    -6014.353       37.169   294.9
4.6215        -5977.079    -6014.369       37.290   295.9
4.6220        -5977.030    -6014.385       37.354   296.4
4.6225        -5976.976    -6014.397       37.421   296.9
4.6230        -5977.002    -6014.408       37.407   296.8
4.6235        -5977.038    -6014.418       37.380   296.6
4.6240        -5977.007    -6014.426       37.419   296.9
4.6245        -5976.966    -6014.431       37.466   297.3
4.6250        -5976.979    -6014.435       37.455   297.2
4.6255        -5976.982    -6014.438       37.455   297.2
4.6260        -5976.917    -6014.440       37.523   297.7
4.6265        -5976.843    -6014.441       37.598   298.3
4.6270        -5976.823    -6014.442       37.619   298.5
4.6275        -5976.775    -6014.444       37.670   298.9
4.6280        -5976.753    -6014.449       37.696   299.1
4.6285        -5976.676    -6014.454       37.778   299.8
4.6290        -5976.686    -6014.460       37.774   299.7
4.6295        -5976.728    -6014.467       37.739   299.5
4.6300        -5976.722    -6014.476       37.754   299.6
4.6305        -5976.653    -6014.485       37.832   300.2
4.6310        -5976.677    -6014.495       37.818   300.1
4.6315        -5976.633    -6014.507       37.874   300.5
4.6320        -5976.623    -6014.521       37.898   300.7
4.6325        -5976.586    -6014.538       37.953   301.1
4.6330        -5976.573    -6014.559       37.986   301.4
4.6335        -5976.551    -6014.582       38.031   301.8
4.6340        -5976.520    -6014.606       38.085   302.2
4.6345        -5976.405    -6014.629       38.224   303.3
4.6350        -5976.411    -6014.653       38.243   303.4
4.6355        -5976.453    -6014.675       38.223   303.3
4.6360        -5976.484    -6014.698       38.214   303.2
4.6365        -5976.397    -6014.719       38.322   304.1
4.6370        -5976.394    -6014.741       38.347   304.3
4.6375        -5976.415    -6014.762       38.347   304.3
4.6380        -5976.400    -6014.782       38.382   304.5
4.6385        -5976.310    -6014.802       38.492   305.4
4.6390        -5976.273    -6014.818       38.545   305.8
4.6395        -5976.239    -6014.831       38.592   306.2
4.6400        -5976.316    -6014.843       38.527   305.7
4.6405        -5976.334    -6014.854       38.519   305.6
4.6410        -5976.280    -6014.860       38.580   306.1
4.6415        -5976.312    -6014.862       38.550   305.9
4.6420        -5976.218    -6014.859       38.641   306.6
4.6425        -5976.293    -6014.853       38.560   306.0
4.6430        -5976.357    -6014.844       38.487   305.4
4.6435        -5976.438    -6014.830       38.392   304.6
4.6440        -5976.490    -6014.809       38.320   304.1
4.6445        -5976.386    -6014.786       38.400   304.7
4.6450        -5976.477    -6014.758       38.281   303.7
4.6455        -5976.447    -6014.724       38.277   303.7
4.6460        -5976.447    -6014.689       38.242   303.4
4.6465        -5976.444    -6014.649       38.205   303.1
4.6470        -5976.385    -6014.604       38.219   303.3
4.6475        -5976.434    -6014.555       38.121   302.5
4.6480        -5976.343    -6014.501       38.157   302.8
4.6485        -5976.252    -6014.441       38.189   303.0
4.6490        -5976.207    -6014.377       38.170   302.9
4.6495        -5976.160    -6014.311       38.151   302.7
4.6500        -5976.094    -6014.242       38.148   302.7
4.6505        -5976.041    -6014.173       38.132   302.6
4.6510        -5976.052    -6014.102       38.050   301.9
4.6515        -5975.956    -6014.031       38.075   302.1
4.6520        -5975.937    -6013.960       38.023   301.7
4.6525        -5975.846    -6013.889       38.043   301.9
4.6530        -5975.842    -6013.818       37.976   301.3
4.6535        -5975.828    -6013.747       37.919   300.9
4.6540        -5975.887    -6013.676       37.789   299.8
4.6545        -5975.953    -6013.605       37.652   298.8
4.6550        -5975.903    -6013.533       37.630   298.6
4.6555        -5975.858    -6013.463       37.604   298.4
4.6560        -5975.842    -6013.393       37.551   298.0
4.6565        -5975.867    -6013.324       37.456   297.2
4.6570        -5975.711    -6013.254       37.544   297.9
4.6575        -5975.665    -6013.186       37.522   297.7
4.6580        -5975.701    -6013.119       37.418   296.9
4.6585        -5975.777    -6013.051       37.274   295.8
4.6590        -5975.681    -6012.985       37.304   296.0
4.6595        -5975.688    -6012.920       37.232   295.4
4.6600        -5975.634    -6012.855       37.221   295.3
4.6605        -5975.635    -6012.792       37.157   294.8
4.6610        -5975.601    -6012.732       37.132   294.6
4.6615        -5975.616    -6012.673       37.058   294.0
4.6620        -5975.512    -6012.613       37.102   294.4
4.6625        -5975.482    -6012.557       37.075   294.2
4.6630        -5975.429    -6012.504       37.074   294.2
4.6635        -5975.531    -6012.450       36.920   292.9
4.6640        -5975.458    -6012.399       36.940   293.1
4.6645        -5975.434    -6012.350       36.915   292.9
4.6650        -5975.425    -6012.303       36.878   292.6
4.6655        -5975.355    -6012.259       36.904   292.8
4.6660        -5975.155    -6012.217       37.063   294.1
4.6665        -5975.206    -6012.177       36.972   293.4
4.6670        -5975.179    -6012.139       36.960   293.3
4.6675        -5975.134    -6012.106       36.972   293.4
4.6680        -5975.204    -6012.076       36.872   292.6
4.6685        -5975.103    -6012.049       36.946   293.2
4.6690        -5975.164    -6012.025       36.860   292.5
4.6695        -5975.005    -6012.003       36.998   293.6
4.6700        -5975.046    -6011.984       36.938   293.1
4.6705        -5975.033    -6011.966       36.933   293.1
4.6710        -5975.054    -6011.949       36.896   292.8
4.6715        -5975.104    -6011.936       36.832   292.3
4.6720        -5975.056    -6011.928       36.872   292.6
4.6725        -5975.125    -6011.923       36.798   292.0
4.6730        -5975.083    -6011.920       36.837   292.3
4.6735        -5975.052    -6011.921       36.869   292.5
4.6740        -5975.081    -6011.927       36.846   292.4
4.6745        -5975.107    -6011.934       36.827   292.2
4.6750        -5975.171    -6011.943       36.772   291.8
4.6755        -5975.127    -6011.954       36.827   292.2
4.6760        -5975.100    -6011.970       36.870   292.6
4.6765        -5975.175    -6011.992       36.816   292.1
4.6770        -5975.222    -6012.015       36.793   291.9
4.6775        -5975.283    -6012.042       36.759   291.7
4.6780        -5975.273    -6012.071       36.798   292.0
4.6785        -5975.401    -6012.104       36.702   291.2
4.6790        -5975.408    -6012.139       36.732   291.5
4.6795        -5975.363    -6012.179       36.817   292.1
4.6800        -5975.437    -6012.221       36.784   291.9
4.6805        -5975.439    -6012.268       36.829   292.2
4.6810        -5975.491    -6012.316       36.825   292.2
4.6815        -5975.498    -6012.366       36.868   292.5
4.6820        -5975.551    -6012.418       36.867   292.5
4.6825        -5975.567    -6012.471       36.904   292.8
4.6830        -5975.449    -6012.525       37.076   294.2
4.6835        -5975.543    -6012.582       37.039   293.9
4.6840        -5975.554    -6012.640       37.087   294.3
4.6845        -5975.512    -6012.697       37.185   295.1
4.6850        -5975.552    -6012.754       37.203   295.2
4.6855        -5975.546    -6012.811       37.265   295.7
4.6860        -5975.514    -6012.870       37.356   296.4
4.6865        -5975.512    -6012.930       37.419   296.9
4.6870        -5975.553    -6012.990       37.437   297.1
4.6875        -5975.572    -6013.050       37.478   297.4
4.6880        -5975.582    -6013.109       37.527   297.8
4.6885        -5975.663    -6013.167       37.504   297.6
4.6890        -5975.689    -6013.223       37.534   297.8
4.6895        -5975.650    -6013.279       37.629   298.6
4.6900        -5975.661    -6013.334       37.673   298.9
4.6905        -5975.610    -6013.386       37.776   299.7
4.6910        -5975.639    -6013.439       37.800   299.9
4.6915        -5975.568    -6013.494       37.926   300.9
4.6920        -5975.504    -6013.548       38.044   301.9
4.6925        -5975.517    -6013.599       38.082   302.2
4.6930        -5975.473    -6013.646       38.173   302.9
4.6935        -5975.488    -6013.691       38.203   303.1
4.6940        -5975.608    -6013.735       38.127   302.5
4.6945        -5975.499    -6013.779       38.280   303.7
4.6950        -5975.491    -6013.822       38.331   304.1
4.6955        -5975.481    -6013.861       38.380   304.5
4.6960        -5975.450    -6013.895       38.446   305.1
4.6965        -5975.516    -6013.928       38.412   304.8
4.6970        -5975.517    -6013.958       38.441   305.0
4.6975        -5975.505    -6013.984       38.479   305.3
4.6980        -5975.545    -6014.006       38.462   305.2
4.6985        -5975.596    -6014.028       38.432   304.9
4.6990        -5975.662    -6014.048       38.386   304.6
4.6995        -5975.609    -6014.064       38.454   305.1
4.7000        -5975.688    -6014.075       38.388   304.6
4.7005        -5975.662    -6014.084       38.422   304.9
4.7010        -5975.704    -6014.089       38.386   304.6
4.7015        -5975.661    -6014.090       38.430   304.9
4.7020        -5975.694    -6014.085       38.391   304.6
4.7025        -5975.613    -6014.076       38.463   305.2
4.7030        -5975.630    -6014.064       38.434   305.0
4.7035        -5975.642    -6014.049       38.407   304.7
4.7040        -5975.698    -6014.031       38.333   304.2
4.7045        -5975.732    -6014.009       38.276   303.7
4.7050        -5975.794    -6013.984       38.190   303.0
4.7055        -5975.836    -6013.955       38.119   302.5
4.7060        -5975.907    -6013.923       38.016   301.6
4.7065        -5976.088    -6013.888       37.800   299.9
4.7070        -5976.122    -6013.849       37.728   299.4
4.7075        -5976.140    -6013.809       37.669   298.9
4.7080        -5976.063    -6013.765       37.702   299.2
4.7085        -5976.171    -6013.719       37.549   297.9
4.7090        -5976.220    -6013.674       37.454   297.2
4.7095        -5976.197    -6013.630       37.433   297.0
4.7100        -5976.184    -6013.587       37.403   296.8
4.7105        -5976.367    -6013.545       37.178   295.0
4.7110        -5976.393    -6013.503       37.110   294.5
4.7115        -5976.418    -6013.461       37.043   293.9
4.7120        -5976.433    -6013.424       36.992   293.5
4.7125        -5976.453    -6013.390       36.938   293.1
4.7130        -5976.475    -6013.357       36.882   292.7
4.7135        -5976.376    -6013.326       36.950   293.2
4.7140        -5976.326    -6013.300       36.974   293.4
4.7145        -5976.272    -6013.277       37.004   293.6
4.7150        -5976.225    -6013.258       37.032   293.8
4.7155        -5976.217    -6013.242       37.025   293.8
4.7160        -5976.164    -6013.231       37.067   294.1
4.7165        -5976.117    -6013.220       37.103   294.4
4.7170        -5976.066    -6013.209       37.143   294.7
4.7175        -5976.083    -6013.200       37.117   294.5
4.7180        -5976.071    -6013.194       37.123   294.6
4.7185        -5976.025    -6013.192       37.166   294.9
4.7190        -5976.012    -6013.193       37.181   295.0
4.7195        -5976.018    -6013.197       37.179   295.0
4.7200        -5976.000    -6013.202       37.202   295.2
4.7205        -5976.098    -6013.210       37.112   294.5
4.7210        -5976.139    -6013.218       37.079   294.2
4.7215        -5976.081    -6013.226       37.146   294.7
4.7220        -5976.079    -6013.237       37.158   294.8
4.7225        -5976.123    -6013.249       37.127   294.6
4.7230        -5976.235    -6013.264       37.028   293.8
4.7235        -5976.115    -6013.277       37.162   294.9
4.7240        -5976.023    -6013.288       37.265   295.7
4.7245        -5976.045    -6013.300       37.255   295.6
4.7250        -5975.974    -6013.314       37.340   296.3
4.7255        -5975.947    -6013.324       37.377   296.6
4.7260        -5975.956    -6013.333       37.376   296.6
4.7265        -5975.980    -6013.338       37.358   296.4
4.7270        -5975.953    -6013.342       37.390   296.7
4.7275        -5975.963    -6013.345       37.382   296.6
4.7280        -5976.051    -6013.344       37.294   295.9
4.7285        -5976.108    -6013.342       37.234   295.4
4.7290        -5976.090    -6013.339       37.249   295.6
4.7295        -5976.010    -6013.337       37.327   296.2
4.7300        -5975.958    -6013.331       37.373   296.5
4.7305        -5975.971    -6013.323       37.352   296.4
4.7310        -5976.019    -6013.314       37.295   295.9
4.7315        -5976.086    -6013.304       37.218   295.3
4.7320        -5976.117    -6013.294       37.177   295.0
4.7325        -5976.249    -6013.287       37.038   293.9
4.7330        -5976.178    -6013.279       37.101   294.4
4.7335        -5976.075    -6013.270       37.195   295.1
4.7340        -5976.063    -6013.263       37.200   295.2
4.7345        -5976.019    -6013.253       37.233   295.4
4.7350        -5976.144    -6013.243       37.100   294.4
4.7355        -5976.135    -6013.236       37.101   294.4
4.7360        -5976.037    -6013.229       37.191   295.1
4.7365        -5976.060    -6013.222       37.161   294.9
4.7370        -5976.015    -6013.218       37.203   295.2
4.7375        -5976.051    -6013.214       37.163   294.9
4.7380        -5976.021    -6013.212       37.192   295.1
4.7385        -5975.981    -6013.214       37.233   295.4
4.7390        -5975.991    -6013.217       37.226   295.4
4.7395        -5976.058    -6013.219       37.161   294.9
4.7400        -5976.084    -6013.223       37.139   294.7
4.7405        -5975.957    -6013.225       37.268   295.7
4.7410        -5975.894    -6013.227       37.333   296.2
4.7415        -5975.847    -6013.228       37.381   296.6
4.7420        -5975.808    -6013.230       37.422   296.9
4.7425        -5975.878    -6013.232       37.354   296.4
4.7430        -5975.910    -6013.236       37.326   296.2
4.7435        -5975.886    -6013.242       37.356   296.4
4.7440        -5975.948    -6013.250       37.301   296.0
4.7445        -5975.907    -6013.258       37.351   296.4
4.7450        -5975.854    -6013.268       37.414   296.9
4.7455        -5975.814    -6013.279       37.465   297.3
4.7460        -5975.722    -6013.291       37.569   298.1
4.7465        -5975.584    -6013.303       37.719   299.3
4.7470        -5975.626    -6013.313       37.688   299.0
4.7475        -5975.555    -6013.325       37.771   299.7
4.7480        -5975.480    -6013.338       37.857   300.4
4.7485        -5975.538    -6013.351       37.813   300.0
4.7490        -5975.593    -6013.364       37.771   299.7
4.7495        -5975.548    -6013.376       37.828   300.2
4.7500        -5975.519    -6013.385       37.867   300.5
4.7505        -5975.443    -6013.393       37.950   301.1
4.7510        -5975.436    -6013.398       37.963   301.2
4.7515        -5975.376    -6013.403       38.027   301.7
4.7520        -5975.392    -6013.408       38.016   301.6
4.7525        -5975.374    -6013.416       38.042   301.9
4.7530        -5975.435    -6013.420       37.986   301.4
4.7535        -5975.470    -6013.423       37.952   301.1
4.7540        -5975.509    -6013.423       37.914   300.8
4.7545        -5975.562    -6013.424       37.862   300.4
4.7550        -5975.511    -6013.423       37.912   300.8
4.7555        -5975.441    -6013.422       37.981   301.4
4.7560        -5975.430    -6013.422       37.993   301.5
4.7565        -5975.357    -6013.422       38.065   302.0
4.7570        -5975.373    -6013.419       38.046   301.9
4.7575        -5975.289    -6013.417       38.128   302.5
4.7580        -5975.244    -6013.412       38.168   302.9
4.7585        -5975.343    -6013.406       38.062   302.0
4.7590        -5975.305    -6013.401       38.095   302.3
4.7595        -5975.463    -6013.396       37.933   301.0
4.7600        -5975.353    -6013.391       38.039   301.8
4.7605        -5975.395    -6013.383       37.988   301.4
4.7610        -5975.411    -6013.378       37.968   301.3
4.7615        -5975.516    -6013.375       37.859   300.4
4.7620        -5975.592    -6013.374       37.782   299.8
4.7625        -5975.537    -6013.373       37.836   300.2
4.7630        -5975.624    -6013.374       37.750   299.5
4.7635        -5975.558    -6013.376       37.819   300.1
4.7640        -5975.516    -6013.379       37.863   300.4
4.7645        -5975.402    -6013.383       37.980   301.4
4.7650        -5975.450    -6013.385       37.935   301.0
4.7655        -5975.474    -6013.389       37.915   300.8
4.7660        -5975.587    -6013.390       37.803   300.0
4.7665        -5975.613    -6013.389       37.776   299.7
4.7670        -5975.759    -6013.384       37.625   298.5
4.7675        -5975.801    -6013.376       37.575   298.1
4.7680        -5975.874    -6013.366       37.492   297.5
4.7685        -5975.900    -6013.356       37.456   297.2
4.7690        -5975.888    -6013.345       37.457   297.2
4.7695        -5975.730    -6013.333       37.603   298.4
4.7700        -5975.725    -6013.317       37.591   298.3
4.7705        -5975.786    -6013.298       37.512   297.6
4.7710        -5975.771    -6013.278       37.507   297.6
4.7715        -5975.726    -6013.256       37.530   297.8
4.7720        -5975.713    -6013.233       37.520   297.7
4.7725        -5975.779    -6013.208       37.430   297.0
4.7730        -5975.824    -6013.184       37.359   296.4
4.7735        -5975.800    -6013.156       37.356   296.4
4.7740        -5975.785    -6013.126       37.341   296.3
4.7745        -5975.699    -6013.096       37.397   296.7
4.7750        -5975.757    -6013.068       37.311   296.1
4.7755        -5975.689    -6013.038       37.349   296.4
4.7760        -5975.673    -6013.010       37.337   296.3
4.7765        -5975.715    -6012.983       37.268   295.7
4.7770        -5975.683    -6012.954       37.271   295.7
4.7775        -5975.714    -6012.921       37.207   295.2
4.7780        -5975.712    -6012.887       37.175   295.0
4.7785        -5975.743    -6012.852       37.108   294.4
4.7790        -5975.736    -6012.814       37.078   294.2
4.7795        -5975.692    -6012.775       37.083   294.2
4.7800        -5975.684    -6012.734       37.050   294.0
4.7805        -5975.627    -6012.694       37.067   294.1
4.7810        -5975.621    -6012.653       37.032   293.8
4.7815        -5975.641    -6012.612       36.971   293.4
4.7820        -5975.669    -6012.571       36.902   292.8
4.7825        -5975.718    -6012.530       36.812   292.1
4.7830        -5975.748    -6012.490       36.741   291.5
4.7835        -5975.809    -6012.449       36.640   290.7
4.7840        -5975.759    -6012.410       36.651   290.8
4.7845        -5975.739    -6012.372       36.633   290.7
4.7850        -5975.860    -6012.337       36.477   289.4
4.7855        -5975.746    -6012.306       36.559   290.1
4.7860        -5975.811    -6012.275       36.465   289.3
4.7865        -5975.807    -6012.245       36.438   289.1
4.7870        -5975.783    -6012.215       36.432   289.1
4.7875        -5975.660    -6012.187       36.528   289.8
4.7880        -5975.679    -6012.159       36.480   289.5
4.7885        -5975.691    -6012.132       36.441   289.1
4.7890        -5975.810    -6012.110       36.300   288.0
4.7895        -5975.791    -6012.093       36.302   288.0
4.7900        -5975.757    -6012.079       36.322   288.2
4.7905        -5975.789    -6012.067       36.279   287.9
4.7910        -5975.732    -6012.059       36.326   288.2
4.7915        -5975.673    -6012.053       36.381   288.7
4.7920        -5975.698    -6012.052       36.354   288.5
4.7925        -5975.659    -6012.055       36.396   288.8
4.7930        -5975.709    -6012.062       36.352   288.4
4.7935        -5975.723    -6012.074       36.352   288.4
4.7940        -5975.756    -6012.091       36.335   288.3
4.7945        -5975.799    -6012.114       36.315   288.1
4.7950        -5975.930    -6012.141       36.211   287.3
4.7955        -5975.965    -6012.169       36.205   287.3
4.7960        -5975.982    -6012.203       36.221   287.4
4.7965        -5975.912    -6012.241       36.329   288.3
4.7970        -5975.961    -6012.284       36.324   288.2
4.7975        -5976.033    -6012.330       36.297   288.0
4.7980        -5976.059    -6012.378       36.319   288.2
4.7985        -5976.010    -6012.429       36.419   289.0
4.7990        -5976.016    -6012.483       36.467   289.4
4.7995        -5975.984    -6012.540       36.557   290.1
4.8000        -5976.047    -6012.600       36.552   290.0
4.8005        -5975.906    -6012.662       36.757   291.7
4.8010        -5975.861    -6012.726       36.866   292.5
4.8015        -5975.763    -6012.792       37.029   293.8
4.8020        -5975.814    -6012.857       37.043   293.9
4.8025        -5975.862    -6012.921       37.059   294.1
4.8030        -5975.780    -6012.983       37.203   295.2
4.8035        -5975.763    -6013.044       37.282   295.8
4.8040        -5975.893    -6013.106       37.213   295.3
4.8045        -5975.834    -6013.166       37.332   296.2
4.8050        -5975.796    -6013.220       37.425   297.0
4.8055        -5975.765    -6013.272       37.507   297.6
4.8060        -5975.860    -6013.319       37.459   297.2
4.8065        -5975.765    -6013.360       37.596   298.3
4.8070        -5975.838    -6013.397       37.559   298.0
4.8075        -5975.905    -6013.427       37.522   297.7
4.8080        -5975.869    -6013.451       37.582   298.2
4.8085        -5975.981    -6013.467       37.486   297.4
4.8090        -5976.017    -6013.476       37.458   297.2
4.8095        -5976.032    -6013.480       37.448   297.1
4.8100        -5976.114    -6013.478       37.365   296.5
4.8105        -5976.031    -6013.472       37.440   297.1
4.8110        -5976.043    -6013.458       37.415   296.9
4.8115        -5975.913    -6013.436       37.523   297.7
4.8120        -5975.909    -6013.408       37.499   297.5
4.8125        -5975.865    -6013.374       37.508   297.6
4.8130        -5975.893    -6013.332       37.439   297.1
4.8135        -5975.895    -6013.287       37.392   296.7
4.8140        -5975.926    -6013.238       37.312   296.1
4.8145        -5976.001    -6013.186       37.184   295.0
4.8150        -5975.915    -6013.130       37.215   295.3
4.8155        -5975.992    -6013.071       37.079   294.2
4.8160        -5976.073    -6013.008       36.935   293.1
4.8165        -5976.147    -6012.945       36.798   292.0
4.8170        -5976.032    -6012.882       36.850   292.4
4.8175        -5976.016    -6012.819       36.803   292.0
4.8180        -5975.961    -6012.754       36.792   291.9
4.8185        -5975.972    -6012.689       36.717   291.3
4.8190        -5975.969    -6012.624       36.655   290.8
4.8195        -5975.912    -6012.561       36.650   290.8
4.8200        -5975.847    -6012.499       36.652   290.8
4.8205        -5975.892    -6012.441       36.550   290.0
4.8210        -5975.850    -6012.389       36.539   289.9
4.8215        -5975.762    -6012.341       36.579   290.2
4.8220        -5975.779    -6012.296       36.517   289.8
4.8225        -5975.779    -6012.255       36.476   289.4
4.8230        -5975.727    -6012.218       36.491   289.5
4.8235        -5975.730    -6012.187       36.456   289.3
4.8240        -5975.582    -6012.161       36.579   290.2
4.8245        -5975.623    -6012.140       36.517   289.8
4.8250        -5975.596    -6012.125       36.529   289.8
4.8255        -5975.632    -6012.113       36.481   289.5
4.8260        -5975.552    -6012.107       36.555   290.1
4.8265        -5975.514    -6012.108       36.594   290.4
4.8270        -5975.512    -6012.116       36.605   290.4
4.8275        -5975.641    -6012.131       36.489   289.5
4.8280        -5975.619    -6012.149       36.530   289.9
4.8285        -5975.614    -6012.174       36.561   290.1
4.8290        -5975.766    -6012.204       36.438   289.1
4.8295        -5975.699    -6012.236       36.538   289.9
4.8300        -5975.785    -6012.275       36.490   289.5
4.8305        -5975.868    -6012.321       36.454   289.3
4.8310        -5975.834    -6012.373       36.539   289.9
4.8315        -5975.871    -6012.430       36.560   290.1
4.8320        -5975.922    -6012.492       36.570   290.2
4.8325        -5975.876    -6012.559       36.684   291.1
4.8330        -5975.862    -6012.628       36.766   291.7
4.8335        -5975.811    -6012.703       36.892   292.7
4.8340        -5975.780    -6012.784       37.004   293.6
4.8345        -5975.778    -6012.868       37.090   294.3
4.8350        -5975.759    -6012.955       37.196   295.1
4.8355        -5975.697    -6013.044       37.347   296.3
4.8360        -5975.736    -6013.138       37.402   296.8
4.8365        -5975.786    -6013.235       37.448   297.1
4.8370        -5975.793    -6013.334       37.540   297.9
4.8375        -5975.921    -6013.435       37.514   297.7
4.8380        -5975.862    -6013.535       37.673   298.9
4.8385        -5975.784    -6013.633       37.849   300.3
4.8390        -5975.758    -6013.731       37.972   301.3
4.8395        -5975.686    -6013.829       38.143   302.7
4.8400        -5975.583    -6013.924       38.342   304.2
4.8405        -5975.579    -6014.017       38.438   305.0
4.8410        -5975.655    -6014.104       38.450   305.1
4.8415        -5975.756    -6014.187       38.431   304.9
4.8420        -5975.691    -6014.266       38.575   306.1
4.8425        -5975.628    -6014.338       38.710   307.1
4.8430        -5975.605    -6014.405       38.800   307.9
4.8435        -5975.680    -6014.468       38.787   307.8
4.8440        -5975.649    -6014.524       38.875   308.5
4.8445        -5975.655    -6014.575       38.919   308.8
4.8450        -5975.699    -6014.620       38.921   308.8
4.8455        -5975.774    -6014.660       38.886   308.5
4.8460        -5975.675    -6014.693       39.018   309.6
4.8465        -5975.739    -6014.722       38.983   309.3
4.8470        -5975.876    -6014.747       38.871   308.4
4.8475        -5975.871    -6014.766       38.895   308.6
4.8480        -5975.901    -6014.782       38.881   308.5
4.8485        -5975.897    -6014.795       38.898   308.6
4.8490        -5975.832    -6014.803       38.971   309.2
4.8495        -5975.864    -6014.806       38.942   309.0
4.8500        -5975.758    -6014.804       39.046   309.8
4.8505        -5975.629    -6014.795       39.166   310.8
4.8510        -5975.647    -6014.783       39.136   310.5
4.8515        -5975.738    -6014.768       39.030   309.7
4.8520        -5975.668    -6014.749       39.082   310.1
4.8525        -5975.606    -6014.726       39.120   310.4
4.8530        -5975.621    -6014.699       39.078   310.1
4.8535        -5975.648    -6014.668       39.020   309.6
4.8540        -5975.646    -6014.632       38.986   309.3
4.8545        -5975.651    -6014.594       38.943   309.0
4.8550        -5975.661    -6014.555       38.893   308.6
4.8555        -5975.699    -6014.512       38.813   308.0
4.8560        -5975.801    -6014.467       38.666   306.8
4.8565        -5975.944    -6014.421       38.477   305.3
4.8570        -5975.907    -6014.373       38.466   305.2
4.8575        -5975.846    -6014.324       38.479   305.3
4.8580        -5975.758    -6014.275       38.517   305.6
4.8585        -5975.731    -6014.226       38.495   305.4
4.8590        -5975.825    -6014.178       38.353   304.3
4.8595        -5975.834    -6014.128       38.294   303.9
4.8600        -5975.796    -6014.079       38.282   303.8
4.8605        -5975.816    -6014.028       38.212   303.2
4.8610        -5975.851    -6013.976       38.125   302.5
4.8615        -5975.857    -6013.926       38.069   302.1
4.8620        -5975.727    -6013.878       38.151   302.7
4.8625        -5975.678    -6013.828       38.150   302.7
4.8630        -5975.551    -6013.781       38.230   303.3
4.8635        -5975.530    -6013.738       38.208   303.2
4.8640        -5975.523    -6013.698       38.175   302.9
4.8645        -5975.526    -6013.661       38.135   302.6
4.8650        -5975.544    -6013.626       38.082   302.2
4.8655        -5975.608    -6013.593       37.985   301.4
4.8660        -5975.577    -6013.566       37.989   301.4
4.8665        -5975.596    -6013.544       37.948   301.1
4.8670        -5975.617    -6013.527       37.910   300.8
4.8675        -5975.629    -6013.512       37.883   300.6
4.8680        -5975.594    -6013.502       37.908   300.8
4.8685        -5975.538    -6013.496       37.957   301.2
4.8690        -5975.366    -6013.494       38.128   302.5
4.8695        -5975.367    -6013.495       38.128   302.5
4.8700        -5975.393    -6013.499       38.106   302.4
4.8705        -5975.427    -6013.504       38.077   302.1
4.8710        -5975.538    -6013.510       37.971   301.3
4.8715        -5975.608    -6013.515       37.907   300.8
4.8720        -5975.603    -6013.521       37.917   300.9
4.8725        -5975.617    -6013.527       37.910   300.8
4.8730        -5975.505    -6013.533       38.027   301.7
4.8735        -5975.605    -6013.539       37.934   301.0
4.8740        -5975.561    -6013.548       37.987   301.4
4.8745        -5975.565    -6013.560       37.995   301.5
4.8750        -5975.492    -6013.570       38.079   302.1
4.8755        -5975.411    -6013.579       38.168   302.9
4.8760        -5975.340    -6013.586       38.246   303.5
4.8765        -5975.285    -6013.588       38.303   303.9
4.8770        -5975.291    -6013.588       38.296   303.9
4.8775        -5975.321    -6013.587       38.266   303.6
4.8780        -5975.352    -6013.585       38.233   303.4
4.8785        -5975.351    -6013.581       38.230   303.3
4.8790        -5975.281    -6013.575       38.293   303.8
4.8795        -5975.306    -6013.567       38.261   303.6
4.8800        -5975.363    -6013.558       38.195   303.1
4.8805        -5975.300    -6013.549       38.249   303.5
4.8810        -5975.297    -6013.538       38.241   303.4
4.8815        -5975.252    -6013.525       38.273   303.7
4.8820        -5975.269    -6013.508       38.240   303.4
4.8825        -5975.395    -6013.492       38.096   302.3
4.8830        -5975.397    -6013.473       38.077   302.1
4.8835        -5975.495    -6013.453       37.958   301.2
4.8840        -5975.501    -6013.431       37.931   301.0
4.8845        -5975.541    -6013.408       37.867   300.5
4.8850        -5975.630    -6013.385       37.755   299.6
4.8855        -5975.714    -6013.363       37.650   298.7
4.8860        -5975.718    -6013.340       37.622   298.5
4.8865        -5975.829    -6013.317       37.488   297.5
4.8870        -5975.910    -6013.293       37.383   296.6
4.8875        -5975.835    -6013.270       37.436   297.0
4.8880        -5975.766    -6013.248       37.483   297.4
4.8885        -5975.828    -6013.225       37.398   296.7
4.8890        -5975.839    -6013.203       37.364   296.5
4.8895        -5975.883    -6013.181       37.299   296.0
4.8900        -5976.015    -6013.161       37.146   294.7
4.8905        -5976.012    -6013.140       37.128   294.6
4.8910        -5976.124    -6013.121       36.998   293.6
4.8915        -5976.082    -6013.104       37.023   293.8
4.8920        -5976.060    -6013.089       37.028   293.8
4.8925        -5976.058    -6013.073       37.015   293.7
4.8930        -5976.048    -6013.058       37.010   293.7
4.8935        -5976.044    -6013.048       37.004   293.6
4.8940        -5976.019    -6013.040       37.021   293.8
4.8945        -5975.967    -6013.034       37.067   294.1
4.8950        -5975.966    -6013.029       37.062   294.1
4.8955        -5975.904    -6013.025       37.122   294.5
4.8960        -5975.932    -6013.025       37.093   294.3
4.8965        -5975.867    -6013.026       37.159   294.8
4.8970        -5975.762    -6013.025       37.263   295.7
4.8975        -5975.793    -6013.027       37.234   295.4
4.8980        -5975.776    -6013.028       37.252   295.6
4.8985        -5975.796    -6013.033       37.237   295.5
4.8990        -5975.786    -6013.038       37.252   295.6
4.8995        -5975.641    -6013.044       37.402   296.8
4.9000        -5975.635    -6013.049       37.414   296.9
4.9005        -5975.573    -6013.054       37.481   297.4
4.9010        -5975.541    -6013.059       37.518   297.7
4.9015        -5975.538    -6013.063       37.525   297.7
4.9020        -5975.479    -6013.066       37.587   298.2
4.9025        -5975.426    -6013.069       37.643   298.7
4.9030        -5975.550    -6013.068       37.518   297.7
4.9035        -5975.552    -6013.066       37.514   297.7
4.9040        -5975.551    -6013.064       37.513   297.7
4.9045        -5975.418    -6013.061       37.643   298.7
4.9050        -5975.372    -6013.057       37.684   299.0
4.9055        -5975.438    -6013.049       37.611   298.4
4.9060        -5975.455    -6013.042       37.587   298.2
4.9065        -5975.407    -6013.031       37.624   298.5
4.9070        -5975.370    -6013.019       37.649   298.7
4.9075        -5975.376    -6013.007       37.631   298.6
4.9080        -5975.446    -6012.994       37.548   297.9
4.9085        -5975.380    -6012.981       37.601   298.4
4.9090        -5975.199    -6012.964       37.765   299.7
4.9095        -5975.201    -6012.944       37.743   299.5
4.9100        -5975.090    -6012.924       37.834   300.2
4.9105        -5975.102    -6012.900       37.798   299.9
4.9110        -5975.118    -6012.878       37.760   299.6
4.9115        -5975.080    -6012.854       37.774   299.7
4.9120        -5975.082    -6012.828       37.745   299.5
4.9125        -5975.077    -6012.803       37.726   299.3
4.9130        -5975.124    -6012.778       37.655   298.8
4.9135        -5975.097    -6012.757       37.660   298.8
4.9140        -5975.097    -6012.736       37.639   298.7
4.9145        -5975.076    -6012.716       37.641   298.7
4.9150        -5975.111    -6012.699       37.588   298.3
4.9155        -5975.177    -6012.686       37.509   297.6
4.9160        -5975.117    -6012.678       37.560   298.0
4.9165        -5975.191    -6012.672       37.482   297.4
4.9170        -5975.157    -6012.669       37.513   297.7
4.9175        -5975.144    -6012.668       37.524   297.7
4.9180        -5975.072    -6012.669       37.597   298.3
4.9185        -5975.081    -6012.671       37.590   298.3
4.9190        -5975.068    -6012.678       37.610   298.4
4.9195        -5974.977    -6012.689       37.712   299.2
4.9200        -5974.983    -6012.703       37.720   299.3
4.9205        -5975.022    -6012.719       37.697   299.1
4.9210        -5974.963    -6012.739       37.776   299.7
4.9215        -5974.925    -6012.762       37.836   300.2
4.9220        -5974.869    -6012.787       37.918   300.9
4.9225        -5974.869    -6012.817       37.948   301.1
4.9230        -5974.805    -6012.851       38.045   301.9
4.9235        -5974.727    -6012.885       38.158   302.8
4.9240        -5974.806    -6012.922       38.116   302.4
4.9245        -5974.725    -6012.959       38.234   303.4
4.9250        -5974.779    -6012.998       38.219   303.3
4.9255        -5974.816    -6013.041       38.225   303.3
4.9260        -5974.891    -6013.085       38.194   303.1
4.9265        -5974.978    -6013.130       38.152   302.7
4.9270        -5974.872    -6013.174       38.302   303.9
4.9275        -5974.861    -6013.220       38.359   304.4
4.9280        -5974.861    -6013.263       38.403   304.7
4.9285        -5974.834    -6013.305       38.471   305.3
4.9290        -5974.944    -6013.345       38.401   304.7
4.9295        -5974.928    -6013.383       38.455   305.1
4.9300        -5974.945    -6013.418       38.473   305.3
4.9305        -5974.941    -6013.449       38.508   305.5
4.9310        -5974.948    -6013.474       38.527   305.7
4.9315        -5975.005    -6013.496       38.492   305.4
4.9320        -5975.059    -6013.514       38.456   305.1
4.9325        -5975.104    -6013.530       38.426   304.9
4.9330        -5975.100    -6013.543       38.443   305.0
4.9335        -5975.178    -6013.554       38.376   304.5
4.9340        -5975.157    -6013.561       38.404   304.7
4.9345        -5975.066    -6013.565       38.499   305.5
4.9350        -5975.166    -6013.566       38.400   304.7
4.9355        -5975.190    -6013.562       38.372   304.5
4.9360        -5975.340    -6013.553       38.214   303.2
4.9365        -5975.314    -6013.540       38.226   303.3
4.9370        -5975.210    -6013.522       38.312   304.0
4.9375        -5975.103    -6013.500       38.397   304.7
4.9380        -5975.066    -6013.474       38.408   304.8
4.9385        -5975.050    -6013.443       38.393   304.6
4.9390        -5975.005    -6013.408       38.403   304.7
4.9395        -5974.975    -6013.368       38.393   304.6
4.9400        -5974.913    -6013.325       38.412   304.8
4.9405        -5974.966    -6013.280       38.314   304.0
4.9410        -5975.044    -6013.235       38.191   303.0
4.9415        -5975.083    -6013.187       38.104   302.3
4.9420        -5975.070    -6013.136       38.065   302.0
4.9425        -5974.975    -6013.082       38.107   302.4
4.9430        -5974.912    -6013.025       38.113   302.4
4.9435        -5974.892    -6012.968       38.076   302.1
4.9440        -5975.025    -6012.909       37.884   300.6
4.9445        -5975.078    -6012.849       37.771   299.7
4.9450        -5975.134    -6012.790       37.656   298.8
4.9455        -5975.091    -6012.728       37.637   298.6
4.9460        -5975.052    -6012.664       37.612   298.4
4.9465        -5975.016    -6012.598       37.582   298.2
4.9470        -5975.093    -6012.532       37.439   297.1
4.9475        -5975.056    -6012.467       37.411   296.8
4.9480        -5975.088    -6012.403       37.315   296.1
4.9485        -5975.061    -6012.337       37.276   295.8
4.9490        -5975.082    -6012.272       37.189   295.1
4.9495        -5975.077    -6012.204       37.127   294.6
4.9500        -5975.117    -6012.135       37.018   293.7
4.9505        -5975.100    -6012.066       36.967   293.3
4.9510        -5975.046    -6011.998       36.952   293.2
4.9515        -5975.045    -6011.931       36.886   292.7
4.9520        -5974.972    -6011.864       36.892   292.7
4.9525        -5975.005    -6011.798       36.793   291.9
4.9530        -5975.044    -6011.733       36.690   291.1
4.9535        -5975.113    -6011.672       36.560   290.1
4.9540        -5975.043    -6011.613       36.570   290.2
4.9545        -5975.067    -6011.554       36.487   289.5
4.9550        -5975.037    -6011.497       36.460   289.3
4.9555        -5975.008    -6011.439       36.431   289.1
4.9560        -5974.888    -6011.384       36.497   289.6
4.9565        -5974.929    -6011.335       36.407   288.9
4.9570        -5974.880    -6011.290       36.410   288.9
4.9575        -5974.983    -6011.245       36.262   287.7
4.9580        -5974.988    -6011.203       36.215   287.4
4.9585        -5975.186    -6011.164       35.978   285.5
4.9590        -5975.081    -6011.128       36.047   286.0
4.9595        -5975.088    -6011.097       36.009   285.7
4.9600        -5974.999    -6011.069       36.070   286.2
4.9605        -5975.003    -6011.045       36.042   286.0
4.9610        -5975.013    -6011.027       36.014   285.8
4.9615        -5975.037    -6011.014       35.977   285.5
4.9620        -5974.961    -6011.005       36.044   286.0
4.9625        -5974.982    -6011.000       36.018   285.8
4.9630        -5974.930    -6010.998       36.068   286.2
4.9635        -5974.937    -6010.998       36.061   286.1
4.9640        -5974.974    -6010.999       36.024   285.8
4.9645        -5975.011    -6011.003       35.992   285.6
4.9650        -5974.931    -6011.012       36.081   286.3
4.9655        -5974.842    -6011.025       36.183   287.1
4.9660        -5974.830    -6011.041       36.211   287.3
4.9665        -5974.767    -6011.059       36.292   288.0
4.9670        -5974.791    -6011.080       36.289   287.9
4.9675        -5974.711    -6011.106       36.394   288.8
4.9680        -5974.786    -6011.134       36.347   288.4
4.9685        -5974.832    -6011.165       36.332   288.3
4.9690        -5974.883    -6011.197       36.314   288.1
4.9695        -5974.815    -6011.233       36.418   289.0
4.9700        -5974.760    -6011.273       36.513   289.7
4.9705        -5974.730    -6011.314       36.584   290.3
4.9710        -5974.690    -6011.356       36.666   290.9
4.9715        -5974.619    -6011.402       36.783   291.9
4.9720        -5974.580    -6011.449       36.870   292.6
4.9725        -5974.569    -6011.497       36.928   293.0
4.9730        -5974.465    -6011.545       37.080   294.2
4.9735        -5974.444    -6011.598       37.154   294.8
4.9740        -5974.564    -6011.653       37.089   294.3
4.9745        -5974.413    -6011.709       37.296   295.9
4.9750        -5974.263    -6011.764       37.500   297.6
4.9755        -5974.156    -6011.821       37.665   298.9
4.9760        -5974.135    -6011.881       37.746   299.5
4.9765        -5974.239    -6011.940       37.701   299.1
4.9770        -5974.330    -6011.997       37.666   298.9
4.9775        -5974.391    -6012.052       37.661   298.8
4.9780        -5974.375    -6012.107       37.732   299.4
4.9785        -5974.327    -6012.163       37.836   300.2
4.9790        -5974.304    -6012.220       37.916   300.9
4.9795        -5974.306    -6012.276       37.970   301.3
4.9800        -5974.368    -6012.330       37.962   301.2
4.9805        -5974.327    -6012.382       38.055   302.0
4.9810        -5974.317    -6012.436       38.119   302.5
4.9815        -5974.278    -6012.490       38.212   303.2
4.9820        -5974.273    -6012.544       38.271   303.7
4.9825        -5974.338    -6012.598       38.260   303.6
4.9830        -5974.408    -6012.648       38.240   303.4
4.9835        -5974.469    -6012.697       38.229   303.3
4.9840        -5974.486    -6012.744       38.258   303.6
4.9845        -5974.553    -6012.790       38.237   303.4
4.9850        -5974.633    -6012.834       38.201   303.1
4.9855        -5974.630    -6012.877       38.247   303.5
4.9860        -5974.632    -6012.921       38.289   303.8
4.9865        -5974.573    -6012.964       38.391   304.6
4.9870        -5974.514    -6013.009       38.495   305.4
4.9875        -5974.485    -6013.056       38.570   306.0
4.9880        -5974.595    -6013.101       38.506   305.5
4.9885        -5974.708    -6013.148       38.441   305.0
4.9890        -5974.724    -6013.194       38.470   305.2
4.9895        -5974.677    -6013.239       38.562   306.0
4.9900        -5974.679    -6013.283       38.605   306.3
4.9905        -5974.728    -6013.327       38.599   306.3
4.9910        -5974.664    -6013.372       38.708   307.1
4.9915        -5974.698    -6013.417       38.720   307.2
4.9920        -5974.731    -6013.464       38.733   307.3
4.9925        -5974.586    -6013.512       38.927   308.9
4.9930        -5974.478    -6013.561       39.083   310.1
4.9935        -5974.610    -6013.609       38.999   309.4
4.9940        -5974.602    -6013.656       39.054   309.9
4.9945        -5974.567    -6013.700       39.133   310.5
4.9950        -5974.675    -6013.741       39.067   310.0
4.9955        -5974.640    -6013.782       39.142   310.6
4.9960        -5974.553    -6013.821       39.269   311.6
4.9965        -5974.486    -6013.859       39.374   312.4
4.9970        -5974.619    -6013.897       39.278   311.7
4.9975        -5974.727    -6013.935       39.207   311.1
4.9980        -5974.781    -6013.972       39.192   311.0
4.9985        -5974.953    -6014.009       39.056   309.9
4.9990        -5975.099    -6014.045       38.947   309.0
4.9995        -5975.018    -6014.082       39.064   310.0
5.0000        -5974.972    -6014.116       39.143   310.6
