Time[ps]      Etot[eV]     Epot[eV]     Ekin[eV]    T[K]
0.0000        -6049.321    -6049.321        0.000     0.0
0.0005        -6049.302    -6049.321        0.019     0.2
0.0010        -6049.283    -6049.322        0.039     0.3
0.0015        -6049.264    -6049.323        0.059     0.5
0.0020        -6049.247    -6049.325        0.078     0.6
0.0025        -6049.228    -6049.327        0.099     0.8
0.0030        -6049.210    -6049.329        0.119     0.9
0.0035        -6049.189    -6049.332        0.143     1.1
0.0040        -6049.170    -6049.335        0.165     1.3
0.0045        -6049.148    -6049.339        0.191     1.5
0.0050        -6049.126    -6049.343        0.217     1.7
0.0055        -6049.111    -6049.347        0.236     1.9
0.0060        -6049.092    -6049.352        0.260     2.1
0.0065        -6049.073    -6049.357        0.283     2.2
0.0070        -6049.053    -6049.361        0.309     2.5
0.0075        -6049.031    -6049.366        0.335     2.7
0.0080        -6049.020    -6049.372        0.351     2.8
0.0085        -6049.004    -6049.377        0.372     3.0
0.0090        -6048.988    -6049.382        0.393     3.1
0.0095        -6048.966    -6049.387        0.421     3.3
0.0100        -6048.949    -6049.392        0.442     3.5
0.0105        -6048.935    -6049.396        0.462     3.7
0.0110        -6048.919    -6049.401        0.482     3.8
0.0115        -6048.896    -6049.405        0.509     4.0
0.0120        -6048.876    -6049.409        0.533     4.2
0.0125        -6048.851    -6049.413        0.562     4.5
0.0130        -6048.828    -6049.416        0.587     4.7
0.0135        -6048.812    -6049.419        0.607     4.8
0.0140        -6048.791    -6049.421        0.630     5.0
0.0145        -6048.770    -6049.423        0.653     5.2
0.0150        -6048.751    -6049.425        0.674     5.3
0.0155        -6048.733    -6049.426        0.693     5.5
0.0160        -6048.718    -6049.427        0.709     5.6
0.0165        -6048.709    -6049.428        0.718     5.7
0.0170        -6048.689    -6049.428        0.739     5.9
0.0175        -6048.670    -6049.427        0.758     6.0
0.0180        -6048.659    -6049.426        0.767     6.1
0.0185        -6048.640    -6049.425        0.785     6.2
0.0190        -6048.625    -6049.423        0.797     6.3
0.0195        -6048.606    -6049.420        0.814     6.5
0.0200        -6048.594    -6049.417        0.822     6.5
0.0205        -6048.574    -6049.413        0.838     6.7
0.0210        -6048.555    -6049.408        0.853     6.8
0.0215        -6048.532    -6049.404        0.872     6.9
0.0220        -6048.512    -6049.398        0.886     7.0
0.0225        -6048.487    -6049.393        0.906     7.2
0.0230        -6048.473    -6049.387        0.914     7.3
0.0235        -6048.450    -6049.380        0.930     7.4
0.0240        -6048.427    -6049.373        0.947     7.5
0.0245        -6048.409    -6049.366        0.957     7.6
0.0250        -6048.382    -6049.359        0.977     7.7
0.0255        -6048.357    -6049.351        0.994     7.9
0.0260        -6048.339    -6049.343        1.005     8.0
0.0265        -6048.325    -6049.335        1.010     8.0
0.0270        -6048.303    -6049.327        1.023     8.1
0.0275        -6048.278    -6049.318        1.040     8.3
0.0280        -6048.261    -6049.310        1.049     8.3
0.0285        -6048.246    -6049.301        1.055     8.4
0.0290        -6048.227    -6049.293        1.066     8.5
0.0295        -6048.216    -6049.284        1.068     8.5
0.0300        -6048.201    -6049.275        1.074     8.5
0.0305        -6048.188    -6049.267        1.079     8.6
0.0310        -6048.166    -6049.258        1.092     8.7
0.0315        -6048.141    -6049.249        1.109     8.8
0.0320        -6048.118    -6049.241        1.123     8.9
0.0325        -6048.096    -6049.233        1.136     9.0
0.0330        -6048.081    -6049.225        1.144     9.1
0.0335        -6048.058    -6049.217        1.158     9.2
0.0340        -6048.031    -6049.209        1.177     9.3
0.0345        -6048.013    -6049.201        1.188     9.4
0.0350        -6047.998    -6049.194        1.195     9.5
0.0355        -6047.975    -6049.187        1.211     9.6
0.0360        -6047.962    -6049.180        1.218     9.7
0.0365        -6047.943    -6049.173        1.230     9.8
0.0370        -6047.924    -6049.167        1.243     9.9
0.0375        -6047.906    -6049.161        1.255    10.0
0.0380        -6047.891    -6049.155        1.264    10.0
0.0385        -6047.861    -6049.150        1.289    10.2
0.0390        -6047.838    -6049.145        1.307    10.4
0.0395        -6047.818    -6049.141        1.323    10.5
0.0400        -6047.800    -6049.137        1.337    10.6
0.0405        -6047.790    -6049.133        1.343    10.7
0.0410        -6047.762    -6049.129        1.367    10.9
0.0415        -6047.742    -6049.126        1.384    11.0
0.0420        -6047.737    -6049.123        1.386    11.0
0.0425        -6047.714    -6049.120        1.406    11.2
0.0430        -6047.694    -6049.118        1.424    11.3
0.0435        -6047.675    -6049.116        1.441    11.4
0.0440        -6047.654    -6049.114        1.460    11.6
0.0445        -6047.627    -6049.112        1.485    11.8
0.0450        -6047.616    -6049.111        1.494    11.9
0.0455        -6047.599    -6049.109        1.510    12.0
0.0460        -6047.583    -6049.108        1.525    12.1
0.0465        -6047.579    -6049.107        1.529    12.1
0.0470        -6047.560    -6049.107        1.547    12.3
0.0475        -6047.543    -6049.107        1.564    12.4
0.0480        -6047.532    -6049.107        1.575    12.5
0.0485        -6047.511    -6049.107        1.595    12.7
0.0490        -6047.488    -6049.107        1.619    12.8
0.0495        -6047.463    -6049.107        1.644    13.0
0.0500        -6047.435    -6049.108        1.673    13.3
0.0505        -6047.409    -6049.109        1.700    13.5
0.0510        -6047.397    -6049.109        1.713    13.6
0.0515        -6047.378    -6049.110        1.732    13.7
0.0520        -6047.352    -6049.111        1.758    14.0
0.0525        -6047.330    -6049.111        1.781    14.1
0.0530        -6047.327    -6049.111        1.784    14.2
0.0535        -6047.305    -6049.112        1.807    14.3
0.0540        -6047.296    -6049.112        1.816    14.4
0.0545        -6047.265    -6049.112        1.847    14.7
0.0550        -6047.239    -6049.112        1.874    14.9
0.0555        -6047.219    -6049.112        1.893    15.0
0.0560        -6047.216    -6049.112        1.896    15.0
0.0565        -6047.200    -6049.111        1.911    15.2
0.0570        -6047.180    -6049.111        1.931    15.3
0.0575        -6047.164    -6049.110        1.946    15.4
0.0580        -6047.136    -6049.109        1.973    15.7
0.0585        -6047.124    -6049.107        1.983    15.7
0.0590        -6047.105    -6049.105        2.000    15.9
0.0595        -6047.090    -6049.102        2.013    16.0
0.0600        -6047.067    -6049.099        2.032    16.1
0.0605        -6047.037    -6049.096        2.059    16.3
0.0610        -6047.025    -6049.093        2.068    16.4
0.0615        -6047.014    -6049.089        2.075    16.5
0.0620        -6046.994    -6049.084        2.090    16.6
0.0625        -6046.974    -6049.079        2.106    16.7
0.0630        -6046.970    -6049.074        2.104    16.7
0.0635        -6046.948    -6049.069        2.121    16.8
0.0640        -6046.939    -6049.062        2.123    16.8
0.0645        -6046.938    -6049.056        2.118    16.8
0.0650        -6046.919    -6049.049        2.130    16.9
0.0655        -6046.897    -6049.041        2.144    17.0
0.0660        -6046.873    -6049.033        2.160    17.1
0.0665        -6046.852    -6049.025        2.173    17.2
0.0670        -6046.836    -6049.016        2.180    17.3
0.0675        -6046.820    -6049.006        2.187    17.4
0.0680        -6046.805    -6048.996        2.192    17.4
0.0685        -6046.782    -6048.986        2.204    17.5
0.0690        -6046.757    -6048.976        2.219    17.6
0.0695        -6046.743    -6048.964        2.221    17.6
0.0700        -6046.722    -6048.953        2.231    17.7
0.0705        -6046.694    -6048.941        2.248    17.8
0.0710        -6046.676    -6048.930        2.253    17.9
0.0715        -6046.665    -6048.918        2.253    17.9
0.0720        -6046.655    -6048.905        2.251    17.9
0.0725        -6046.634    -6048.893        2.259    17.9
0.0730        -6046.607    -6048.880        2.273    18.0
0.0735        -6046.609    -6048.867        2.257    17.9
0.0740        -6046.580    -6048.854        2.273    18.0
0.0745        -6046.576    -6048.841        2.265    18.0
0.0750        -6046.555    -6048.828        2.273    18.0
0.0755        -6046.534    -6048.814        2.281    18.1
0.0760        -6046.538    -6048.801        2.264    18.0
0.0765        -6046.530    -6048.788        2.258    17.9
0.0770        -6046.522    -6048.776        2.253    17.9
0.0775        -6046.505    -6048.763        2.258    17.9
0.0780        -6046.490    -6048.750        2.259    17.9
0.0785        -6046.480    -6048.737        2.257    17.9
0.0790        -6046.454    -6048.724        2.270    18.0
0.0795        -6046.443    -6048.711        2.268    18.0
0.0800        -6046.432    -6048.699        2.267    18.0
0.0805        -6046.418    -6048.686        2.268    18.0
0.0810        -6046.401    -6048.674        2.273    18.0
0.0815        -6046.385    -6048.662        2.277    18.1
0.0820        -6046.381    -6048.650        2.269    18.0
0.0825        -6046.369    -6048.639        2.269    18.0
0.0830        -6046.348    -6048.627        2.279    18.1
0.0835        -6046.333    -6048.616        2.283    18.1
0.0840        -6046.314    -6048.604        2.290    18.2
0.0845        -6046.300    -6048.592        2.293    18.2
0.0850        -6046.287    -6048.581        2.294    18.2
0.0855        -6046.260    -6048.570        2.309    18.3
0.0860        -6046.242    -6048.559        2.317    18.4
0.0865        -6046.222    -6048.548        2.326    18.5
0.0870        -6046.214    -6048.537        2.324    18.4
0.0875        -6046.191    -6048.527        2.337    18.5
0.0880        -6046.173    -6048.517        2.344    18.6
0.0885        -6046.139    -6048.507        2.369    18.8
0.0890        -6046.115    -6048.497        2.383    18.9
0.0895        -6046.102    -6048.488        2.386    18.9
0.0900        -6046.092    -6048.478        2.386    18.9
0.0905        -6046.063    -6048.468        2.405    19.1
0.0910        -6046.037    -6048.458        2.420    19.2
0.0915        -6046.010    -6048.448        2.438    19.3
0.0920        -6045.990    -6048.438        2.448    19.4
0.0925        -6045.976    -6048.428        2.452    19.5
0.0930        -6045.955    -6048.417        2.463    19.5
0.0935        -6045.942    -6048.407        2.465    19.6
0.0940        -6045.929    -6048.396        2.468    19.6
0.0945        -6045.902    -6048.386        2.484    19.7
0.0950        -6045.872    -6048.375        2.503    19.9
0.0955        -6045.855    -6048.364        2.509    19.9
0.0960        -6045.823    -6048.353        2.529    20.1
0.0965        -6045.815    -6048.341        2.526    20.0
0.0970        -6045.808    -6048.330        2.523    20.0
0.0975        -6045.790    -6048.319        2.528    20.1
0.0980        -6045.782    -6048.307        2.525    20.0
0.0985        -6045.773    -6048.295        2.522    20.0
0.0990        -6045.758    -6048.283        2.525    20.0
0.0995        -6045.734    -6048.271        2.537    20.1
0.1000        -6045.713    -6048.259        2.547    20.2
0.1005        -6045.701    -6048.247        2.546    20.2
0.1010        -6045.689    -6048.234        2.545    20.2
0.1015        -6045.671    -6048.221        2.550    20.2
0.1020        -6045.656    -6048.208        2.552    20.3
0.1025        -6045.642    -6048.195        2.554    20.3
0.1030        -6045.629    -6048.183        2.554    20.3
0.1035        -6045.616    -6048.170        2.554    20.3
0.1040        -6045.605    -6048.157        2.551    20.2
0.1045        -6045.601    -6048.143        2.542    20.2
0.1050        -6045.579    -6048.130        2.550    20.2
0.1055        -6045.576    -6048.116        2.540    20.2
0.1060        -6045.541    -6048.102        2.561    20.3
0.1065        -6045.520    -6048.088        2.568    20.4
0.1070        -6045.502    -6048.074        2.572    20.4
0.1075        -6045.483    -6048.059        2.577    20.4
0.1080        -6045.462    -6048.045        2.583    20.5
0.1085        -6045.457    -6048.030        2.573    20.4
0.1090        -6045.439    -6048.015        2.576    20.4
0.1095        -6045.417    -6048.000        2.583    20.5
0.1100        -6045.393    -6047.986        2.592    20.6
0.1105        -6045.380    -6047.970        2.590    20.5
0.1110        -6045.370    -6047.955        2.584    20.5
0.1115        -6045.351    -6047.939        2.588    20.5
0.1120        -6045.327    -6047.923        2.596    20.6
0.1125        -6045.324    -6047.908        2.584    20.5
0.1130        -6045.306    -6047.892        2.586    20.5
0.1135        -6045.294    -6047.877        2.583    20.5
0.1140        -6045.271    -6047.862        2.591    20.6
0.1145        -6045.243    -6047.846        2.603    20.7
0.1150        -6045.215    -6047.831        2.616    20.8
0.1155        -6045.178    -6047.815        2.637    20.9
0.1160        -6045.161    -6047.799        2.638    20.9
0.1165        -6045.148    -6047.783        2.635    20.9
0.1170        -6045.127    -6047.767        2.640    20.9
0.1175        -6045.114    -6047.750        2.637    20.9
0.1180        -6045.088    -6047.734        2.646    21.0
0.1185        -6045.087    -6047.717        2.630    20.9
0.1190        -6045.073    -6047.700        2.628    20.8
0.1195        -6045.052    -6047.683        2.632    20.9
0.1200        -6045.038    -6047.667        2.629    20.9
0.1205        -6045.028    -6047.651        2.623    20.8
0.1210        -6044.998    -6047.635        2.638    20.9
0.1215        -6044.986    -6047.620        2.633    20.9
0.1220        -6044.966    -6047.604        2.637    20.9
0.1225        -6044.944    -6047.588        2.644    21.0
0.1230        -6044.920    -6047.572        2.652    21.0
0.1235        -6044.912    -6047.556        2.644    21.0
0.1240        -6044.897    -6047.541        2.644    21.0
0.1245        -6044.866    -6047.526        2.660    21.1
0.1250        -6044.836    -6047.511        2.675    21.2
0.1255        -6044.823    -6047.496        2.673    21.2
0.1260        -6044.807    -6047.481        2.674    21.2
0.1265        -6044.784    -6047.466        2.683    21.3
0.1270        -6044.774    -6047.452        2.678    21.2
0.1275        -6044.766    -6047.437        2.671    21.2
0.1280        -6044.740    -6047.423        2.683    21.3
0.1285        -6044.708    -6047.410        2.702    21.4
0.1290        -6044.684    -6047.396        2.712    21.5
0.1295        -6044.652    -6047.382        2.730    21.7
0.1300        -6044.642    -6047.369        2.727    21.6
0.1305        -6044.627    -6047.355        2.728    21.6
0.1310        -6044.612    -6047.342        2.730    21.7
0.1315        -6044.588    -6047.328        2.740    21.7
0.1320        -6044.562    -6047.314        2.752    21.8
0.1325        -6044.547    -6047.301        2.754    21.8
0.1330        -6044.545    -6047.287        2.743    21.8
0.1335        -6044.537    -6047.274        2.738    21.7
0.1340        -6044.520    -6047.261        2.741    21.7
0.1345        -6044.509    -6047.248        2.739    21.7
0.1350        -6044.505    -6047.235        2.730    21.7
0.1355        -6044.481    -6047.223        2.742    21.8
0.1360        -6044.465    -6047.211        2.746    21.8
0.1365        -6044.457    -6047.198        2.741    21.7
0.1370        -6044.439    -6047.186        2.748    21.8
0.1375        -6044.425    -6047.175        2.750    21.8
0.1380        -6044.401    -6047.163        2.762    21.9
0.1385        -6044.389    -6047.152        2.763    21.9
0.1390        -6044.381    -6047.141        2.760    21.9
0.1395        -6044.374    -6047.130        2.756    21.9
0.1400        -6044.353    -6047.119        2.766    21.9
0.1405        -6044.347    -6047.109        2.762    21.9
0.1410        -6044.324    -6047.099        2.775    22.0
0.1415        -6044.326    -6047.089        2.763    21.9
0.1420        -6044.296    -6047.081        2.785    22.1
0.1425        -6044.258    -6047.072        2.814    22.3
0.1430        -6044.235    -6047.064        2.829    22.4
0.1435        -6044.225    -6047.055        2.831    22.5
0.1440        -6044.203    -6047.047        2.844    22.6
0.1445        -6044.187    -6047.039        2.851    22.6
0.1450        -6044.165    -6047.031        2.865    22.7
0.1455        -6044.157    -6047.023        2.866    22.7
0.1460        -6044.143    -6047.015        2.872    22.8
0.1465        -6044.125    -6047.008        2.882    22.9
0.1470        -6044.120    -6047.000        2.881    22.9
0.1475        -6044.098    -6046.993        2.894    23.0
0.1480        -6044.085    -6046.985        2.900    23.0
0.1485        -6044.073    -6046.978        2.905    23.1
0.1490        -6044.052    -6046.971        2.920    23.2
0.1495        -6044.036    -6046.965        2.928    23.2
0.1500        -6044.025    -6046.958        2.933    23.3
0.1505        -6044.022    -6046.951        2.930    23.2
0.1510        -6044.001    -6046.945        2.944    23.4
0.1515        -6043.990    -6046.938        2.947    23.4
0.1520        -6043.982    -6046.932        2.950    23.4
0.1525        -6043.962    -6046.925        2.964    23.5
0.1530        -6043.929    -6046.918        2.990    23.7
0.1535        -6043.912    -6046.912        2.999    23.8
0.1540        -6043.899    -6046.906        3.007    23.9
0.1545        -6043.879    -6046.899        3.020    24.0
0.1550        -6043.871    -6046.894        3.023    24.0
0.1555        -6043.850    -6046.888        3.038    24.1
0.1560        -6043.827    -6046.882        3.055    24.2
0.1565        -6043.806    -6046.876        3.070    24.4
0.1570        -6043.796    -6046.870        3.075    24.4
0.1575        -6043.787    -6046.865        3.077    24.4
0.1580        -6043.753    -6046.859        3.106    24.6
0.1585        -6043.735    -6046.853        3.118    24.7
0.1590        -6043.717    -6046.847        3.130    24.8
0.1595        -6043.689    -6046.841        3.152    25.0
0.1600        -6043.675    -6046.835        3.160    25.1
0.1605        -6043.663    -6046.828        3.165    25.1
0.1610        -6043.644    -6046.821        3.178    25.2
0.1615        -6043.635    -6046.814        3.179    25.2
0.1620        -6043.606    -6046.807        3.202    25.4
0.1625        -6043.585    -6046.800        3.215    25.5
0.1630        -6043.579    -6046.793        3.213    25.5
0.1635        -6043.561    -6046.785        3.224    25.6
0.1640        -6043.548    -6046.777        3.229    25.6
0.1645        -6043.526    -6046.768        3.242    25.7
0.1650        -6043.503    -6046.760        3.257    25.8
0.1655        -6043.500    -6046.751        3.251    25.8
0.1660        -6043.503    -6046.742        3.239    25.7
0.1665        -6043.468    -6046.732        3.265    25.9
0.1670        -6043.446    -6046.723        3.277    26.0
0.1675        -6043.429    -6046.713        3.284    26.1
0.1680        -6043.410    -6046.703        3.293    26.1
0.1685        -6043.394    -6046.692        3.298    26.2
0.1690        -6043.377    -6046.681        3.304    26.2
0.1695        -6043.355    -6046.670        3.315    26.3
0.1700        -6043.335    -6046.659        3.324    26.4
0.1705        -6043.314    -6046.647        3.334    26.5
0.1710        -6043.293    -6046.636        3.343    26.5
0.1715        -6043.263    -6046.623        3.361    26.7
0.1720        -6043.243    -6046.611        3.368    26.7
0.1725        -6043.230    -6046.599        3.369    26.7
0.1730        -6043.202    -6046.586        3.383    26.8
0.1735        -6043.165    -6046.572        3.407    27.0
0.1740        -6043.152    -6046.558        3.406    27.0
0.1745        -6043.152    -6046.543        3.392    26.9
0.1750        -6043.142    -6046.529        3.387    26.9
0.1755        -6043.118    -6046.515        3.396    26.9
0.1760        -6043.112    -6046.500        3.388    26.9
0.1765        -6043.105    -6046.486        3.381    26.8
0.1770        -6043.085    -6046.472        3.387    26.9
0.1775        -6043.045    -6046.459        3.413    27.1
0.1780        -6043.030    -6046.446        3.416    27.1
0.1785        -6043.015    -6046.433        3.417    27.1
0.1790        -6043.006    -6046.420        3.414    27.1
0.1795        -6042.972    -6046.407        3.435    27.3
0.1800        -6042.961    -6046.394        3.434    27.2
0.1805        -6042.935    -6046.382        3.447    27.4
0.1810        -6042.924    -6046.370        3.445    27.3
0.1815        -6042.905    -6046.358        3.452    27.4
0.1820        -6042.885    -6046.346        3.461    27.5
0.1825        -6042.864    -6046.335        3.471    27.5
0.1830        -6042.859    -6046.324        3.465    27.5
0.1835        -6042.838    -6046.314        3.476    27.6
0.1840        -6042.820    -6046.305        3.485    27.6
0.1845        -6042.794    -6046.296        3.502    27.8
0.1850        -6042.784    -6046.287        3.503    27.8
0.1855        -6042.768    -6046.279        3.511    27.9
0.1860        -6042.751    -6046.271        3.519    27.9
0.1865        -6042.723    -6046.263        3.541    28.1
0.1870        -6042.702    -6046.257        3.555    28.2
0.1875        -6042.679    -6046.251        3.572    28.3
0.1880        -6042.677    -6046.246        3.569    28.3
0.1885        -6042.648    -6046.241        3.593    28.5
0.1890        -6042.614    -6046.236        3.623    28.7
0.1895        -6042.603    -6046.233        3.630    28.8
0.1900        -6042.561    -6046.229        3.668    29.1
0.1905        -6042.533    -6046.227        3.694    29.3
0.1910        -6042.516    -6046.224        3.708    29.4
0.1915        -6042.506    -6046.222        3.716    29.5
0.1920        -6042.497    -6046.219        3.723    29.5
0.1925        -6042.489    -6046.217        3.728    29.6
0.1930        -6042.472    -6046.216        3.743    29.7
0.1935        -6042.459    -6046.215        3.756    29.8
0.1940        -6042.434    -6046.214        3.780    30.0
0.1945        -6042.422    -6046.213        3.791    30.1
0.1950        -6042.397    -6046.211        3.814    30.3
0.1955        -6042.377    -6046.210        3.834    30.4
0.1960        -6042.357    -6046.209        3.852    30.6
0.1965        -6042.326    -6046.207        3.881    30.8
0.1970        -6042.307    -6046.206        3.899    30.9
0.1975        -6042.287    -6046.204        3.917    31.1
0.1980        -6042.260    -6046.202        3.942    31.3
0.1985        -6042.233    -6046.200        3.967    31.5
0.1990        -6042.217    -6046.198        3.980    31.6
0.1995        -6042.214    -6046.196        3.982    31.6
0.2000        -6042.207    -6046.194        3.987    31.6
0.2005        -6042.184    -6046.192        4.007    31.8
0.2010        -6042.169    -6046.189        4.021    31.9
0.2015        -6042.173    -6046.187        4.014    31.9
0.2020        -6042.159    -6046.185        4.025    31.9
0.2025        -6042.143    -6046.182        4.039    32.0
0.2030        -6042.125    -6046.179        4.054    32.2
0.2035        -6042.100    -6046.176        4.077    32.3
0.2040        -6042.094    -6046.173        4.079    32.4
0.2045        -6042.070    -6046.169        4.100    32.5
0.2050        -6042.045    -6046.166        4.120    32.7
0.2055        -6042.029    -6046.162        4.133    32.8
0.2060        -6042.023    -6046.158        4.136    32.8
0.2065        -6042.013    -6046.155        4.142    32.9
0.2070        -6042.007    -6046.151        4.144    32.9
0.2075        -6041.991    -6046.147        4.156    33.0
0.2080        -6041.958    -6046.142        4.184    33.2
0.2085        -6041.933    -6046.138        4.205    33.4
0.2090        -6041.927    -6046.133        4.206    33.4
0.2095        -6041.909    -6046.129        4.220    33.5
0.2100        -6041.902    -6046.124        4.222    33.5
0.2105        -6041.895    -6046.120        4.224    33.5
0.2110        -6041.875    -6046.115        4.240    33.6
0.2115        -6041.880    -6046.110        4.230    33.6
0.2120        -6041.866    -6046.105        4.239    33.6
0.2125        -6041.864    -6046.100        4.235    33.6
0.2130        -6041.850    -6046.094        4.244    33.7
0.2135        -6041.838    -6046.089        4.251    33.7
0.2140        -6041.808    -6046.083        4.275    33.9
0.2145        -6041.797    -6046.077        4.281    34.0
0.2150        -6041.794    -6046.072        4.278    33.9
0.2155        -6041.776    -6046.067        4.290    34.0
0.2160        -6041.770    -6046.061        4.291    34.0
0.2165        -6041.761    -6046.055        4.294    34.1
0.2170        -6041.730    -6046.049        4.319    34.3
0.2175        -6041.727    -6046.044        4.318    34.3
0.2180        -6041.722    -6046.039        4.317    34.3
0.2185        -6041.719    -6046.034        4.315    34.2
0.2190        -6041.702    -6046.029        4.327    34.3
0.2195        -6041.674    -6046.025        4.351    34.5
0.2200        -6041.657    -6046.021        4.364    34.6
0.2205        -6041.641    -6046.017        4.376    34.7
0.2210        -6041.626    -6046.014        4.387    34.8
0.2215        -6041.619    -6046.010        4.391    34.8
0.2220        -6041.604    -6046.006        4.402    34.9
0.2225        -6041.582    -6046.003        4.421    35.1
0.2230        -6041.567    -6046.000        4.433    35.2
0.2235        -6041.549    -6045.997        4.448    35.3
0.2240        -6041.526    -6045.994        4.467    35.4
0.2245        -6041.511    -6045.991        4.481    35.6
0.2250        -6041.485    -6045.989        4.503    35.7
0.2255        -6041.453    -6045.986        4.533    36.0
0.2260        -6041.427    -6045.983        4.556    36.1
0.2265        -6041.398    -6045.980        4.582    36.4
0.2270        -6041.390    -6045.977        4.587    36.4
0.2275        -6041.360    -6045.973        4.613    36.6
0.2280        -6041.341    -6045.969        4.629    36.7
0.2285        -6041.317    -6045.966        4.648    36.9
0.2290        -6041.292    -6045.962        4.670    37.1
0.2295        -6041.267    -6045.960        4.692    37.2
0.2300        -6041.234    -6045.956        4.723    37.5
0.2305        -6041.211    -6045.953        4.742    37.6
0.2310        -6041.217    -6045.950        4.732    37.5
0.2315        -6041.202    -6045.946        4.744    37.6
0.2320        -6041.178    -6045.942        4.764    37.8
0.2325        -6041.154    -6045.937        4.784    38.0
0.2330        -6041.126    -6045.932        4.806    38.1
0.2335        -6041.110    -6045.926        4.816    38.2
0.2340        -6041.082    -6045.921        4.838    38.4
0.2345        -6041.072    -6045.915        4.843    38.4
0.2350        -6041.073    -6045.908        4.835    38.4
0.2355        -6041.055    -6045.901        4.846    38.5
0.2360        -6041.034    -6045.894        4.860    38.6
0.2365        -6041.015    -6045.888        4.873    38.7
0.2370        -6040.998    -6045.881        4.883    38.7
0.2375        -6040.985    -6045.873        4.888    38.8
0.2380        -6040.968    -6045.866        4.898    38.9
0.2385        -6040.962    -6045.858        4.896    38.9
0.2390        -6040.959    -6045.850        4.891    38.8
0.2395        -6040.949    -6045.842        4.893    38.8
0.2400        -6040.937    -6045.834        4.896    38.9
0.2405        -6040.925    -6045.826        4.901    38.9
0.2410        -6040.907    -6045.817        4.911    39.0
0.2415        -6040.882    -6045.809        4.927    39.1
0.2420        -6040.844    -6045.801        4.957    39.3
0.2425        -6040.852    -6045.794        4.941    39.2
0.2430        -6040.834    -6045.786        4.951    39.3
0.2435        -6040.822    -6045.778        4.956    39.3
0.2440        -6040.811    -6045.770        4.959    39.3
0.2445        -6040.804    -6045.763        4.959    39.3
0.2450        -6040.774    -6045.755        4.981    39.5
0.2455        -6040.766    -6045.748        4.982    39.5
0.2460        -6040.754    -6045.741        4.987    39.6
0.2465        -6040.726    -6045.733        5.008    39.7
0.2470        -6040.708    -6045.726        5.019    39.8
0.2475        -6040.677    -6045.719        5.042    40.0
0.2480        -6040.680    -6045.712        5.032    39.9
0.2485        -6040.667    -6045.706        5.039    40.0
0.2490        -6040.661    -6045.699        5.038    40.0
0.2495        -6040.641    -6045.692        5.052    40.1
0.2500        -6040.633    -6045.687        5.053    40.1
0.2505        -6040.606    -6045.680        5.075    40.3
0.2510        -6040.598    -6045.675        5.077    40.3
0.2515        -6040.576    -6045.669        5.093    40.4
0.2520        -6040.591    -6045.664        5.072    40.2
0.2525        -6040.575    -6045.658        5.083    40.3
0.2530        -6040.553    -6045.653        5.100    40.5
0.2535        -6040.531    -6045.647        5.117    40.6
0.2540        -6040.512    -6045.641        5.129    40.7
0.2545        -6040.495    -6045.636        5.141    40.8
0.2550        -6040.480    -6045.629        5.149    40.9
0.2555        -6040.455    -6045.622        5.167    41.0
0.2560        -6040.429    -6045.616        5.186    41.2
0.2565        -6040.394    -6045.609        5.215    41.4
0.2570        -6040.366    -6045.602        5.236    41.5
0.2575        -6040.365    -6045.594        5.230    41.5
0.2580        -6040.350    -6045.587        5.237    41.6
0.2585        -6040.343    -6045.579        5.236    41.5
0.2590        -6040.335    -6045.572        5.237    41.6
0.2595        -6040.303    -6045.564        5.261    41.7
0.2600        -6040.282    -6045.556        5.274    41.8
0.2605        -6040.255    -6045.547        5.292    42.0
0.2610        -6040.235    -6045.538        5.302    42.1
0.2615        -6040.211    -6045.528        5.317    42.2
0.2620        -6040.193    -6045.518        5.326    42.3
0.2625        -6040.177    -6045.508        5.331    42.3
0.2630        -6040.150    -6045.497        5.347    42.4
0.2635        -6040.134    -6045.486        5.351    42.5
0.2640        -6040.134    -6045.474        5.340    42.4
0.2645        -6040.112    -6045.461        5.349    42.4
0.2650        -6040.122    -6045.448        5.327    42.3
0.2655        -6040.118    -6045.435        5.317    42.2
0.2660        -6040.129    -6045.421        5.292    42.0
0.2665        -6040.131    -6045.408        5.277    41.9
0.2670        -6040.126    -6045.394        5.269    41.8
0.2675        -6040.119    -6045.381        5.262    41.7
0.2680        -6040.076    -6045.367        5.291    42.0
0.2685        -6040.050    -6045.354        5.304    42.1
0.2690        -6040.039    -6045.340        5.301    42.1
0.2695        -6040.022    -6045.326        5.304    42.1
0.2700        -6040.028    -6045.312        5.284    41.9
0.2705        -6040.006    -6045.297        5.291    42.0
0.2710        -6039.998    -6045.283        5.286    41.9
0.2715        -6039.968    -6045.270        5.302    42.1
0.2720        -6039.950    -6045.256        5.307    42.1
0.2725        -6039.937    -6045.243        5.306    42.1
0.2730        -6039.909    -6045.229        5.321    42.2
0.2735        -6039.888    -6045.217        5.328    42.3
0.2740        -6039.869    -6045.204        5.335    42.3
0.2745        -6039.857    -6045.192        5.336    42.3
0.2750        -6039.827    -6045.181        5.354    42.5
0.2755        -6039.804    -6045.170        5.366    42.6
0.2760        -6039.793    -6045.160        5.367    42.6
0.2765        -6039.775    -6045.150        5.375    42.7
0.2770        -6039.769    -6045.141        5.372    42.6
0.2775        -6039.735    -6045.132        5.397    42.8
0.2780        -6039.722    -6045.124        5.402    42.9
0.2785        -6039.689    -6045.116        5.427    43.1
0.2790        -6039.685    -6045.108        5.423    43.0
0.2795        -6039.652    -6045.100        5.448    43.2
0.2800        -6039.646    -6045.092        5.446    43.2
0.2805        -6039.630    -6045.085        5.455    43.3
0.2810        -6039.611    -6045.078        5.467    43.4
0.2815        -6039.602    -6045.072        5.470    43.4
0.2820        -6039.573    -6045.066        5.492    43.6
0.2825        -6039.555    -6045.060        5.505    43.7
0.2830        -6039.553    -6045.054        5.501    43.6
0.2835        -6039.542    -6045.049        5.508    43.7
0.2840        -6039.540    -6045.045        5.505    43.7
0.2845        -6039.519    -6045.041        5.521    43.8
0.2850        -6039.510    -6045.037        5.527    43.9
0.2855        -6039.482    -6045.033        5.551    44.0
0.2860        -6039.457    -6045.030        5.573    44.2
0.2865        -6039.430    -6045.027        5.596    44.4
0.2870        -6039.412    -6045.024        5.611    44.5
0.2875        -6039.415    -6045.020        5.605    44.5
0.2880        -6039.388    -6045.017        5.629    44.7
0.2885        -6039.365    -6045.015        5.650    44.8
0.2890        -6039.353    -6045.012        5.659    44.9
0.2895        -6039.330    -6045.009        5.679    45.1
0.2900        -6039.290    -6045.006        5.716    45.4
0.2905        -6039.270    -6045.002        5.732    45.5
0.2910        -6039.234    -6044.999        5.765    45.7
0.2915        -6039.229    -6044.995        5.766    45.8
0.2920        -6039.224    -6044.991        5.767    45.8
0.2925        -6039.204    -6044.987        5.783    45.9
0.2930        -6039.194    -6044.983        5.789    45.9
0.2935        -6039.151    -6044.979        5.827    46.2
0.2940        -6039.123    -6044.974        5.851    46.4
0.2945        -6039.127    -6044.969        5.842    46.4
0.2950        -6039.128    -6044.963        5.835    46.3
0.2955        -6039.105    -6044.957        5.852    46.4
0.2960        -6039.109    -6044.951        5.842    46.4
0.2965        -6039.085    -6044.945        5.860    46.5
0.2970        -6039.074    -6044.938        5.864    46.5
0.2975        -6039.068    -6044.931        5.863    46.5
0.2980        -6039.038    -6044.923        5.885    46.7
0.2985        -6039.016    -6044.914        5.898    46.8
0.2990        -6039.015    -6044.905        5.891    46.7
0.2995        -6038.996    -6044.896        5.900    46.8
0.3000        -6038.963    -6044.886        5.923    47.0
0.3005        -6038.960    -6044.876        5.916    46.9
0.3010        -6038.932    -6044.866        5.934    47.1
0.3015        -6038.910    -6044.855        5.945    47.2
0.3020        -6038.875    -6044.844        5.969    47.4
0.3025        -6038.835    -6044.833        5.998    47.6
0.3030        -6038.837    -6044.821        5.984    47.5
0.3035        -6038.834    -6044.810        5.976    47.4
0.3040        -6038.835    -6044.798        5.963    47.3
0.3045        -6038.832    -6044.787        5.955    47.2
0.3050        -6038.815    -6044.775        5.960    47.3
0.3055        -6038.794    -6044.764        5.969    47.4
0.3060        -6038.799    -6044.752        5.953    47.2
0.3065        -6038.771    -6044.741        5.970    47.4
0.3070        -6038.738    -6044.730        5.992    47.5
0.3075        -6038.700    -6044.718        6.017    47.7
0.3080        -6038.694    -6044.706        6.011    47.7
0.3085        -6038.667    -6044.694        6.026    47.8
0.3090        -6038.658    -6044.682        6.024    47.8
0.3095        -6038.645    -6044.670        6.025    47.8
0.3100        -6038.630    -6044.658        6.028    47.8
0.3105        -6038.617    -6044.646        6.029    47.8
0.3110        -6038.584    -6044.633        6.049    48.0
0.3115        -6038.551    -6044.621        6.069    48.2
0.3120        -6038.538    -6044.608        6.070    48.2
0.3125        -6038.531    -6044.595        6.065    48.1
0.3130        -6038.496    -6044.582        6.086    48.3
0.3135        -6038.477    -6044.569        6.092    48.3
0.3140        -6038.470    -6044.555        6.085    48.3
0.3145        -6038.469    -6044.541        6.073    48.2
0.3150        -6038.433    -6044.527        6.094    48.4
0.3155        -6038.404    -6044.512        6.108    48.5
0.3160        -6038.373    -6044.498        6.125    48.6
0.3165        -6038.346    -6044.483        6.136    48.7
0.3170        -6038.354    -6044.467        6.114    48.5
0.3175        -6038.323    -6044.452        6.128    48.6
0.3180        -6038.315    -6044.436        6.120    48.6
0.3185        -6038.303    -6044.419        6.116    48.5
0.3190        -6038.303    -6044.403        6.100    48.4
0.3195        -6038.286    -6044.387        6.100    48.4
0.3200        -6038.275    -6044.370        6.095    48.4
0.3205        -6038.245    -6044.353        6.108    48.5
0.3210        -6038.247    -6044.335        6.088    48.3
0.3215        -6038.259    -6044.318        6.059    48.1
0.3220        -6038.224    -6044.302        6.077    48.2
0.3225        -6038.200    -6044.285        6.084    48.3
0.3230        -6038.182    -6044.267        6.086    48.3
0.3235        -6038.170    -6044.250        6.081    48.2
0.3240        -6038.156    -6044.233        6.078    48.2
0.3245        -6038.144    -6044.216        6.072    48.2
0.3250        -6038.123    -6044.198        6.075    48.2
0.3255        -6038.110    -6044.181        6.071    48.2
0.3260        -6038.089    -6044.163        6.074    48.2
0.3265        -6038.065    -6044.146        6.081    48.3
0.3270        -6038.060    -6044.128        6.068    48.2
0.3275        -6038.041    -6044.111        6.070    48.2
0.3280        -6038.029    -6044.093        6.064    48.1
0.3285        -6038.015    -6044.075        6.060    48.1
0.3290        -6038.009    -6044.058        6.048    48.0
0.3295        -6037.988    -6044.040        6.051    48.0
0.3300        -6037.968    -6044.021        6.054    48.0
0.3305        -6037.939    -6044.003        6.064    48.1
0.3310        -6037.923    -6043.984        6.061    48.1
0.3315        -6037.919    -6043.965        6.046    48.0
0.3320        -6037.890    -6043.945        6.055    48.0
0.3325        -6037.887    -6043.926        6.039    47.9
0.3330        -6037.875    -6043.907        6.031    47.9
0.3335        -6037.838    -6043.888        6.050    48.0
0.3340        -6037.803    -6043.869        6.066    48.1
0.3345        -6037.777    -6043.851        6.074    48.2
0.3350        -6037.757    -6043.832        6.075    48.2
0.3355        -6037.735    -6043.814        6.079    48.2
0.3360        -6037.719    -6043.796        6.076    48.2
0.3365        -6037.699    -6043.778        6.079    48.2
0.3370        -6037.685    -6043.761        6.075    48.2
0.3375        -6037.665    -6043.744        6.079    48.2
0.3380        -6037.674    -6043.727        6.053    48.0
0.3385        -6037.651    -6043.711        6.060    48.1
0.3390        -6037.638    -6043.696        6.058    48.1
0.3395        -6037.615    -6043.680        6.065    48.1
0.3400        -6037.603    -6043.666        6.063    48.1
0.3405        -6037.576    -6043.652        6.076    48.2
0.3410        -6037.573    -6043.638        6.065    48.1
0.3415        -6037.545    -6043.625        6.080    48.2
0.3420        -6037.525    -6043.612        6.087    48.3
0.3425        -6037.512    -6043.600        6.088    48.3
0.3430        -6037.486    -6043.589        6.103    48.4
0.3435        -6037.461    -6043.579        6.118    48.5
0.3440        -6037.451    -6043.568        6.117    48.5
0.3445        -6037.440    -6043.558        6.118    48.5
0.3450        -6037.433    -6043.548        6.115    48.5
0.3455        -6037.424    -6043.539        6.115    48.5
0.3460        -6037.406    -6043.530        6.125    48.6
0.3465        -6037.393    -6043.521        6.129    48.6
0.3470        -6037.364    -6043.513        6.149    48.8
0.3475        -6037.345    -6043.505        6.159    48.9
0.3480        -6037.328    -6043.496        6.168    48.9
0.3485        -6037.308    -6043.487        6.179    49.0
0.3490        -6037.288    -6043.479        6.191    49.1
0.3495        -6037.276    -6043.470        6.194    49.1
0.3500        -6037.276    -6043.462        6.186    49.1
0.3505        -6037.243    -6043.454        6.211    49.3
0.3510        -6037.221    -6043.447        6.225    49.4
0.3515        -6037.188    -6043.439        6.250    49.6
0.3520        -6037.171    -6043.430        6.260    49.7
0.3525        -6037.130    -6043.422        6.293    49.9
0.3530        -6037.118    -6043.414        6.297    50.0
0.3535        -6037.112    -6043.407        6.295    49.9
0.3540        -6037.071    -6043.399        6.328    50.2
0.3545        -6037.060    -6043.392        6.332    50.2
0.3550        -6037.066    -6043.385        6.319    50.1
0.3555        -6037.037    -6043.378        6.341    50.3
0.3560        -6037.038    -6043.371        6.333    50.3
0.3565        -6037.034    -6043.365        6.331    50.2
0.3570        -6037.015    -6043.359        6.344    50.3
0.3575        -6036.990    -6043.354        6.364    50.5
0.3580        -6036.973    -6043.349        6.376    50.6
0.3585        -6036.939    -6043.343        6.404    50.8
0.3590        -6036.919    -6043.337        6.419    50.9
0.3595        -6036.891    -6043.331        6.440    51.1
0.3600        -6036.841    -6043.325        6.484    51.5
0.3605        -6036.833    -6043.319        6.486    51.5
0.3610        -6036.780    -6043.313        6.533    51.8
0.3615        -6036.759    -6043.307        6.548    52.0
0.3620        -6036.760    -6043.300        6.540    51.9
0.3625        -6036.737    -6043.293        6.557    52.0
0.3630        -6036.735    -6043.286        6.551    52.0
0.3635        -6036.696    -6043.279        6.582    52.2
0.3640        -6036.666    -6043.271        6.605    52.4
0.3645        -6036.671    -6043.262        6.591    52.3
0.3650        -6036.654    -6043.254        6.600    52.4
0.3655        -6036.632    -6043.245        6.613    52.5
0.3660        -6036.618    -6043.235        6.618    52.5
0.3665        -6036.601    -6043.225        6.624    52.6
0.3670        -6036.579    -6043.214        6.636    52.7
0.3675        -6036.572    -6043.202        6.631    52.6
0.3680        -6036.545    -6043.190        6.645    52.7
0.3685        -6036.545    -6043.177        6.632    52.6
0.3690        -6036.538    -6043.164        6.626    52.6
0.3695        -6036.521    -6043.152        6.630    52.6
0.3700        -6036.511    -6043.139        6.628    52.6
0.3705        -6036.490    -6043.127        6.637    52.7
0.3710        -6036.516    -6043.114        6.598    52.4
0.3715        -6036.509    -6043.102        6.593    52.3
0.3720        -6036.476    -6043.089        6.613    52.5
0.3725        -6036.458    -6043.076        6.618    52.5
0.3730        -6036.451    -6043.064        6.613    52.5
0.3735        -6036.441    -6043.051        6.610    52.4
0.3740        -6036.434    -6043.039        6.605    52.4
0.3745        -6036.405    -6043.027        6.622    52.5
0.3750        -6036.381    -6043.015        6.634    52.6
0.3755        -6036.383    -6043.004        6.621    52.5
0.3760        -6036.351    -6042.994        6.643    52.7
0.3765        -6036.324    -6042.984        6.660    52.8
0.3770        -6036.304    -6042.974        6.670    52.9
0.3775        -6036.275    -6042.965        6.690    53.1
0.3780        -6036.246    -6042.957        6.711    53.2
0.3785        -6036.228    -6042.948        6.720    53.3
0.3790        -6036.207    -6042.940        6.733    53.4
0.3795        -6036.198    -6042.932        6.734    53.4
0.3800        -6036.191    -6042.924        6.733    53.4
0.3805        -6036.171    -6042.917        6.746    53.5
0.3810        -6036.167    -6042.911        6.744    53.5
0.3815        -6036.156    -6042.904        6.748    53.5
0.3820        -6036.132    -6042.899        6.767    53.7
0.3825        -6036.104    -6042.893        6.789    53.9
0.3830        -6036.092    -6042.888        6.797    53.9
0.3835        -6036.048    -6042.884        6.836    54.2
0.3840        -6036.023    -6042.880        6.857    54.4
0.3845        -6035.995    -6042.877        6.882    54.6
0.3850        -6035.987    -6042.874        6.887    54.6
0.3855        -6035.977    -6042.873        6.896    54.7
0.3860        -6035.965    -6042.872        6.907    54.8
0.3865        -6035.956    -6042.872        6.916    54.9
0.3870        -6035.927    -6042.873        6.946    55.1
0.3875        -6035.927    -6042.874        6.947    55.1
0.3880        -6035.906    -6042.875        6.970    55.3
0.3885        -6035.873    -6042.878        7.005    55.6
0.3890        -6035.865    -6042.880        7.015    55.7
0.3895        -6035.829    -6042.883        7.054    56.0
0.3900        -6035.817    -6042.886        7.069    56.1
0.3905        -6035.806    -6042.890        7.085    56.2
0.3910        -6035.790    -6042.895        7.106    56.4
0.3915        -6035.788    -6042.900        7.112    56.4
0.3920        -6035.767    -6042.906        7.139    56.6
0.3925        -6035.729    -6042.911        7.182    57.0
0.3930        -6035.711    -6042.917        7.206    57.2
0.3935        -6035.708    -6042.923        7.214    57.2
0.3940        -6035.689    -6042.928        7.239    57.4
0.3945        -6035.679    -6042.934        7.255    57.6
0.3950        -6035.672    -6042.941        7.269    57.7
0.3955        -6035.640    -6042.947        7.307    58.0
0.3960        -6035.658    -6042.953        7.296    57.9
0.3965        -6035.621    -6042.959        7.338    58.2
0.3970        -6035.609    -6042.966        7.357    58.4
0.3975        -6035.598    -6042.972        7.374    58.5
0.3980        -6035.586    -6042.978        7.393    58.7
0.3985        -6035.565    -6042.984        7.419    58.9
0.3990        -6035.525    -6042.991        7.465    59.2
0.3995        -6035.497    -6042.996        7.499    59.5
0.4000        -6035.469    -6043.002        7.533    59.8
0.4005        -6035.457    -6043.008        7.551    59.9
0.4010        -6035.438    -6043.013        7.575    60.1
0.4015        -6035.430    -6043.019        7.589    60.2
0.4020        -6035.405    -6043.025        7.620    60.5
0.4025        -6035.397    -6043.030        7.633    60.6
0.4030        -6035.393    -6043.034        7.641    60.6
0.4035        -6035.362    -6043.039        7.677    60.9
0.4040        -6035.330    -6043.043        7.713    61.2
0.4045        -6035.273    -6043.046        7.773    61.7
0.4050        -6035.242    -6043.049        7.807    61.9
0.4055        -6035.219    -6043.051        7.833    62.1
0.4060        -6035.188    -6043.053        7.865    62.4
0.4065        -6035.184    -6043.054        7.870    62.4
0.4070        -6035.158    -6043.054        7.896    62.7
0.4075        -6035.137    -6043.053        7.916    62.8
0.4080        -6035.097    -6043.052        7.955    63.1
0.4085        -6035.102    -6043.050        7.949    63.1
0.4090        -6035.085    -6043.048        7.962    63.2
0.4095        -6035.064    -6043.045        7.981    63.3
0.4100        -6035.054    -6043.041        7.987    63.4
0.4105        -6035.064    -6043.038        7.973    63.3
0.4110        -6035.059    -6043.033        7.974    63.3
0.4115        -6035.050    -6043.028        7.978    63.3
0.4120        -6035.038    -6043.022        7.984    63.3
0.4125        -6035.031    -6043.015        7.985    63.4
0.4130        -6035.012    -6043.008        7.996    63.4
0.4135        -6035.029    -6043.000        7.970    63.2
0.4140        -6035.035    -6042.990        7.956    63.1
0.4145        -6035.021    -6042.980        7.959    63.2
0.4150        -6035.014    -6042.970        7.956    63.1
0.4155        -6034.989    -6042.959        7.970    63.2
0.4160        -6034.967    -6042.949        7.982    63.3
0.4165        -6034.984    -6042.938        7.954    63.1
0.4170        -6034.989    -6042.927        7.938    63.0
0.4175        -6034.940    -6042.916        7.976    63.3
0.4180        -6034.926    -6042.905        7.979    63.3
0.4185        -6034.906    -6042.893        7.987    63.4
0.4190        -6034.902    -6042.882        7.980    63.3
0.4195        -6034.906    -6042.870        7.963    63.2
0.4200        -6034.903    -6042.858        7.955    63.1
0.4205        -6034.895    -6042.846        7.952    63.1
0.4210        -6034.883    -6042.835        7.952    63.1
0.4215        -6034.877    -6042.823        7.946    63.0
0.4220        -6034.844    -6042.811        7.967    63.2
0.4225        -6034.819    -6042.799        7.981    63.3
0.4230        -6034.811    -6042.788        7.977    63.3
0.4235        -6034.807    -6042.777        7.970    63.2
0.4240        -6034.777    -6042.766        7.989    63.4
0.4245        -6034.776    -6042.756        7.979    63.3
0.4250        -6034.756    -6042.745        7.989    63.4
0.4255        -6034.759    -6042.735        7.976    63.3
0.4260        -6034.752    -6042.725        7.973    63.3
0.4265        -6034.755    -6042.715        7.960    63.2
0.4270        -6034.712    -6042.706        7.994    63.4
0.4275        -6034.702    -6042.697        7.994    63.4
0.4280        -6034.705    -6042.688        7.983    63.3
0.4285        -6034.676    -6042.679        8.003    63.5
0.4290        -6034.674    -6042.670        7.996    63.4
0.4295        -6034.653    -6042.662        8.009    63.5
0.4300        -6034.638    -6042.653        8.015    63.6
0.4305        -6034.618    -6042.644        8.027    63.7
0.4310        -6034.582    -6042.636        8.055    63.9
0.4315        -6034.546    -6042.628        8.082    64.1
0.4320        -6034.527    -6042.619        8.092    64.2
0.4325        -6034.499    -6042.611        8.111    64.4
0.4330        -6034.487    -6042.603        8.116    64.4
0.4335        -6034.458    -6042.595        8.137    64.6
0.4340        -6034.431    -6042.588        8.157    64.7
0.4345        -6034.397    -6042.580        8.183    64.9
0.4350        -6034.354    -6042.573        8.219    65.2
0.4355        -6034.360    -6042.565        8.205    65.1
0.4360        -6034.359    -6042.557        8.198    65.1
0.4365        -6034.347    -6042.549        8.202    65.1
0.4370        -6034.317    -6042.541        8.224    65.3
0.4375        -6034.306    -6042.533        8.228    65.3
0.4380        -6034.282    -6042.526        8.244    65.4
0.4385        -6034.280    -6042.518        8.238    65.4
0.4390        -6034.248    -6042.510        8.262    65.6
0.4395        -6034.240    -6042.503        8.263    65.6
0.4400        -6034.226    -6042.495        8.269    65.6
0.4405        -6034.222    -6042.487        8.265    65.6
0.4410        -6034.220    -6042.480        8.260    65.5
0.4415        -6034.189    -6042.472        8.283    65.7
0.4420        -6034.157    -6042.464        8.307    65.9
0.4425        -6034.126    -6042.456        8.330    66.1
0.4430        -6034.106    -6042.448        8.342    66.2
0.4435        -6034.088    -6042.440        8.351    66.3
0.4440        -6034.068    -6042.431        8.363    66.4
0.4445        -6034.054    -6042.422        8.368    66.4
0.4450        -6034.054    -6042.414        8.359    66.3
0.4455        -6034.030    -6042.405        8.375    66.5
0.4460        -6033.998    -6042.395        8.397    66.6
0.4465        -6033.961    -6042.386        8.425    66.8
0.4470        -6033.964    -6042.376        8.412    66.7
0.4475        -6033.962    -6042.366        8.404    66.7
0.4480        -6033.982    -6042.356        8.374    66.4
0.4485        -6033.945    -6042.346        8.401    66.7
0.4490        -6033.927    -6042.336        8.409    66.7
0.4495        -6033.940    -6042.327        8.387    66.5
0.4500        -6033.932    -6042.317        8.385    66.5
0.4505        -6033.921    -6042.307        8.386    66.5
0.4510        -6033.913    -6042.299        8.386    66.5
0.4515        -6033.881    -6042.291        8.409    66.7
0.4520        -6033.841    -6042.283        8.443    67.0
0.4525        -6033.856    -6042.276        8.420    66.8
0.4530        -6033.838    -6042.269        8.432    66.9
0.4535        -6033.836    -6042.263        8.427    66.9
0.4540        -6033.822    -6042.258        8.436    66.9
0.4545        -6033.829    -6042.252        8.423    66.8
0.4550        -6033.822    -6042.247        8.425    66.9
0.4555        -6033.793    -6042.242        8.448    67.0
0.4560        -6033.798    -6042.236        8.438    67.0
0.4565        -6033.775    -6042.232        8.457    67.1
0.4570        -6033.768    -6042.227        8.459    67.1
0.4575        -6033.753    -6042.223        8.470    67.2
0.4580        -6033.728    -6042.220        8.491    67.4
0.4585        -6033.725    -6042.216        8.491    67.4
0.4590        -6033.690    -6042.214        8.523    67.6
0.4595        -6033.682    -6042.211        8.529    67.7
0.4600        -6033.683    -6042.209        8.526    67.7
0.4605        -6033.653    -6042.207        8.554    67.9
0.4610        -6033.650    -6042.205        8.555    67.9
0.4615        -6033.633    -6042.203        8.570    68.0
0.4620        -6033.629    -6042.201        8.573    68.0
0.4625        -6033.625    -6042.200        8.575    68.0
0.4630        -6033.593    -6042.199        8.606    68.3
0.4635        -6033.567    -6042.199        8.631    68.5
0.4640        -6033.547    -6042.198        8.651    68.6
0.4645        -6033.529    -6042.198        8.669    68.8
0.4650        -6033.510    -6042.198        8.688    68.9
0.4655        -6033.487    -6042.197        8.710    69.1
0.4660        -6033.464    -6042.196        8.732    69.3
0.4665        -6033.433    -6042.194        8.761    69.5
0.4670        -6033.401    -6042.193        8.791    69.8
0.4675        -6033.406    -6042.191        8.784    69.7
0.4680        -6033.383    -6042.188        8.805    69.9
0.4685        -6033.351    -6042.186        8.835    70.1
0.4690        -6033.331    -6042.183        8.853    70.2
0.4695        -6033.334    -6042.180        8.847    70.2
0.4700        -6033.329    -6042.177        8.848    70.2
0.4705        -6033.311    -6042.173        8.862    70.3
0.4710        -6033.289    -6042.168        8.879    70.5
0.4715        -6033.277    -6042.162        8.885    70.5
0.4720        -6033.243    -6042.156        8.912    70.7
0.4725        -6033.219    -6042.148        8.929    70.8
0.4730        -6033.208    -6042.139        8.932    70.9
0.4735        -6033.191    -6042.130        8.939    70.9
0.4740        -6033.192    -6042.120        8.928    70.8
0.4745        -6033.173    -6042.109        8.935    70.9
0.4750        -6033.153    -6042.096        8.943    71.0
0.4755        -6033.131    -6042.083        8.952    71.0
0.4760        -6033.112    -6042.069        8.956    71.1
0.4765        -6033.075    -6042.053        8.978    71.2
0.4770        -6033.057    -6042.037        8.980    71.3
0.4775        -6033.045    -6042.020        8.975    71.2
0.4780        -6033.018    -6042.002        8.984    71.3
0.4785        -6033.002    -6041.982        8.980    71.3
0.4790        -6032.993    -6041.962        8.969    71.2
0.4795        -6032.980    -6041.940        8.960    71.1
0.4800        -6032.965    -6041.918        8.953    71.0
0.4805        -6032.971    -6041.895        8.924    70.8
0.4810        -6032.964    -6041.871        8.906    70.7
0.4815        -6032.950    -6041.846        8.895    70.6
0.4820        -6032.946    -6041.820        8.874    70.4
0.4825        -6032.907    -6041.793        8.886    70.5
0.4830        -6032.894    -6041.766        8.872    70.4
0.4835        -6032.869    -6041.738        8.870    70.4
0.4840        -6032.852    -6041.710        8.859    70.3
0.4845        -6032.819    -6041.682        8.863    70.3
0.4850        -6032.798    -6041.654        8.856    70.3
0.4855        -6032.781    -6041.625        8.844    70.2
0.4860        -6032.770    -6041.596        8.826    70.0
0.4865        -6032.763    -6041.567        8.804    69.9
0.4870        -6032.750    -6041.539        8.789    69.7
0.4875        -6032.742    -6041.511        8.768    69.6
0.4880        -6032.729    -6041.483        8.755    69.5
0.4885        -6032.737    -6041.456        8.719    69.2
0.4890        -6032.725    -6041.430        8.705    69.1
0.4895        -6032.681    -6041.403        8.722    69.2
0.4900        -6032.688    -6041.378        8.689    68.9
0.4905        -6032.668    -6041.352        8.685    68.9
0.4910        -6032.662    -6041.328        8.667    68.8
0.4915        -6032.656    -6041.305        8.649    68.6
0.4920        -6032.693    -6041.282        8.590    68.2
0.4925        -6032.670    -6041.261        8.591    68.2
0.4930        -6032.639    -6041.239        8.600    68.2
0.4935        -6032.628    -6041.219        8.591    68.2
0.4940        -6032.612    -6041.199        8.586    68.1
0.4945        -6032.595    -6041.180        8.585    68.1
0.4950        -6032.590    -6041.162        8.572    68.0
0.4955        -6032.583    -6041.145        8.562    67.9
0.4960        -6032.570    -6041.129        8.559    67.9
0.4965        -6032.551    -6041.113        8.562    67.9
0.4970        -6032.532    -6041.098        8.565    68.0
0.4975        -6032.521    -6041.083        8.562    67.9
0.4980        -6032.506    -6041.069        8.563    67.9
0.4985        -6032.471    -6041.055        8.584    68.1
0.4990        -6032.483    -6041.043        8.559    67.9
0.4995        -6032.466    -6041.030        8.564    68.0
0.5000        -6032.427    -6041.017        8.590    68.2
0.5005        -6032.429    -6041.005        8.577    68.1
0.5010        -6032.413    -6040.993        8.580    68.1
0.5015        -6032.412    -6040.982        8.570    68.0
0.5020        -6032.393    -6040.972        8.579    68.1
0.5025        -6032.389    -6040.963        8.574    68.0
0.5030        -6032.374    -6040.954        8.580    68.1
0.5035        -6032.344    -6040.946        8.601    68.2
0.5040        -6032.337    -6040.937        8.600    68.2
0.5045        -6032.305    -6040.929        8.624    68.4
0.5050        -6032.304    -6040.921        8.617    68.4
0.5055        -6032.305    -6040.914        8.609    68.3
0.5060        -6032.299    -6040.905        8.606    68.3
0.5065        -6032.286    -6040.897        8.611    68.3
0.5070        -6032.283    -6040.888        8.605    68.3
0.5075        -6032.240    -6040.880        8.640    68.6
0.5080        -6032.244    -6040.872        8.628    68.5
0.5085        -6032.223    -6040.865        8.642    68.6
0.5090        -6032.244    -6040.858        8.614    68.3
0.5095        -6032.217    -6040.850        8.633    68.5
0.5100        -6032.221    -6040.843        8.622    68.4
0.5105        -6032.213    -6040.835        8.622    68.4
0.5110        -6032.195    -6040.827        8.632    68.5
0.5115        -6032.183    -6040.820        8.636    68.5
0.5120        -6032.181    -6040.813        8.632    68.5
0.5125        -6032.186    -6040.806        8.620    68.4
0.5130        -6032.182    -6040.798        8.616    68.4
0.5135        -6032.165    -6040.790        8.625    68.4
0.5140        -6032.163    -6040.781        8.619    68.4
0.5145        -6032.160    -6040.773        8.613    68.3
0.5150        -6032.133    -6040.764        8.631    68.5
0.5155        -6032.114    -6040.756        8.642    68.6
0.5160        -6032.087    -6040.747        8.660    68.7
0.5165        -6032.078    -6040.739        8.661    68.7
0.5170        -6032.063    -6040.730        8.667    68.8
0.5175        -6032.076    -6040.721        8.645    68.6
0.5180        -6032.074    -6040.712        8.638    68.5
0.5185        -6032.065    -6040.703        8.639    68.5
0.5190        -6032.044    -6040.694        8.650    68.6
0.5195        -6032.021    -6040.685        8.664    68.7
0.5200        -6032.030    -6040.677        8.646    68.6
0.5205        -6032.034    -6040.667        8.633    68.5
0.5210        -6032.024    -6040.658        8.634    68.5
0.5215        -6031.997    -6040.648        8.652    68.6
0.5220        -6031.932    -6040.639        8.708    69.1
0.5225        -6031.935    -6040.631        8.695    69.0
0.5230        -6031.903    -6040.622        8.719    69.2
0.5235        -6031.920    -6040.613        8.693    69.0
0.5240        -6031.911    -6040.604        8.694    69.0
0.5245        -6031.889    -6040.596        8.707    69.1
0.5250        -6031.874    -6040.587        8.713    69.1
0.5255        -6031.848    -6040.579        8.731    69.3
0.5260        -6031.812    -6040.571        8.758    69.5
0.5265        -6031.789    -6040.563        8.774    69.6
0.5270        -6031.760    -6040.556        8.796    69.8
0.5275        -6031.740    -6040.549        8.809    69.9
0.5280        -6031.724    -6040.543        8.819    70.0
0.5285        -6031.715    -6040.538        8.822    70.0
0.5290        -6031.703    -6040.534        8.831    70.1
0.5295        -6031.670    -6040.530        8.859    70.3
0.5300        -6031.643    -6040.526        8.883    70.5
0.5305        -6031.617    -6040.524        8.907    70.7
0.5310        -6031.607    -6040.523        8.916    70.7
0.5315        -6031.608    -6040.523        8.914    70.7
0.5320        -6031.633    -6040.524        8.890    70.5
0.5325        -6031.645    -6040.525        8.881    70.5
0.5330        -6031.624    -6040.528        8.904    70.6
0.5335        -6031.574    -6040.532        8.958    71.1
0.5340        -6031.541    -6040.537        8.996    71.4
0.5345        -6031.527    -6040.543        9.015    71.5
0.5350        -6031.545    -6040.549        9.005    71.4
0.5355        -6031.504    -6040.557        9.052    71.8
0.5360        -6031.455    -6040.565        9.110    72.3
0.5365        -6031.450    -6040.575        9.124    72.4
0.5370        -6031.437    -6040.585        9.149    72.6
0.5375        -6031.404    -6040.597        9.193    72.9
0.5380        -6031.388    -6040.610        9.222    73.2
0.5385        -6031.353    -6040.623        9.270    73.6
0.5390        -6031.342    -6040.637        9.295    73.8
0.5395        -6031.340    -6040.651        9.312    73.9
0.5400        -6031.371    -6040.667        9.296    73.8
0.5405        -6031.346    -6040.683        9.337    74.1
0.5410        -6031.339    -6040.701        9.361    74.3
0.5415        -6031.314    -6040.719        9.405    74.6
0.5420        -6031.312    -6040.738        9.426    74.8
0.5425        -6031.310    -6040.756        9.446    75.0
0.5430        -6031.295    -6040.775        9.481    75.2
0.5435        -6031.267    -6040.794        9.528    75.6
0.5440        -6031.262    -6040.814        9.551    75.8
0.5445        -6031.274    -6040.833        9.559    75.8
0.5450        -6031.263    -6040.852        9.589    76.1
0.5455        -6031.225    -6040.870        9.645    76.5
0.5460        -6031.190    -6040.888        9.699    77.0
0.5465        -6031.187    -6040.905        9.719    77.1
0.5470        -6031.173    -6040.921        9.748    77.3
0.5475        -6031.153    -6040.935        9.783    77.6
0.5480        -6031.181    -6040.949        9.768    77.5
0.5485        -6031.165    -6040.961        9.796    77.7
0.5490        -6031.161    -6040.972        9.811    77.9
0.5495        -6031.143    -6040.981        9.838    78.1
0.5500        -6031.131    -6040.989        9.859    78.2
0.5505        -6031.117    -6040.995        9.879    78.4
0.5510        -6031.101    -6041.000        9.899    78.5
0.5515        -6031.090    -6041.003        9.913    78.7
0.5520        -6031.085    -6041.005        9.920    78.7
0.5525        -6031.074    -6041.005        9.931    78.8
0.5530        -6031.084    -6041.004        9.920    78.7
0.5535        -6031.048    -6041.001        9.953    79.0
0.5540        -6031.055    -6040.997        9.943    78.9
0.5545        -6031.044    -6040.992        9.948    78.9
0.5550        -6031.038    -6040.986        9.948    78.9
0.5555        -6030.999    -6040.979        9.979    79.2
0.5560        -6030.984    -6040.970        9.986    79.2
0.5565        -6030.978    -6040.961        9.983    79.2
0.5570        -6030.967    -6040.951        9.984    79.2
0.5575        -6030.950    -6040.941        9.990    79.3
0.5580        -6030.930    -6040.930       10.000    79.3
0.5585        -6030.919    -6040.918        9.999    79.3
0.5590        -6030.898    -6040.906       10.009    79.4
0.5595        -6030.906    -6040.894        9.988    79.3
0.5600        -6030.904    -6040.882        9.977    79.2
0.5605        -6030.860    -6040.868       10.009    79.4
0.5610        -6030.841    -6040.854       10.014    79.5
0.5615        -6030.819    -6040.840       10.021    79.5
0.5620        -6030.782    -6040.826       10.044    79.7
0.5625        -6030.772    -6040.810       10.039    79.7
0.5630        -6030.776    -6040.795       10.019    79.5
0.5635        -6030.765    -6040.780       10.015    79.5
0.5640        -6030.772    -6040.764        9.992    79.3
0.5645        -6030.741    -6040.749       10.008    79.4
0.5650        -6030.740    -6040.734        9.994    79.3
0.5655        -6030.721    -6040.719        9.997    79.3
0.5660        -6030.674    -6040.704       10.029    79.6
0.5665        -6030.675    -6040.689       10.014    79.5
0.5670        -6030.651    -6040.675       10.024    79.5
0.5675        -6030.647    -6040.661       10.014    79.5
0.5680        -6030.625    -6040.647       10.023    79.5
0.5685        -6030.615    -6040.634       10.019    79.5
0.5690        -6030.606    -6040.620       10.014    79.5
0.5695        -6030.565    -6040.606       10.041    79.7
0.5700        -6030.559    -6040.593       10.034    79.6
0.5705        -6030.553    -6040.580       10.027    79.6
0.5710        -6030.555    -6040.568       10.013    79.5
0.5715        -6030.561    -6040.557        9.996    79.3
0.5720        -6030.522    -6040.546       10.023    79.5
0.5725        -6030.531    -6040.536       10.005    79.4
0.5730        -6030.513    -6040.527       10.014    79.5
0.5735        -6030.497    -6040.518       10.022    79.5
0.5740        -6030.494    -6040.511       10.017    79.5
0.5745        -6030.442    -6040.503       10.062    79.8
0.5750        -6030.424    -6040.497       10.073    79.9
0.5755        -6030.384    -6040.491       10.107    80.2
0.5760        -6030.389    -6040.485       10.096    80.1
0.5765        -6030.358    -6040.480       10.122    80.3
0.5770        -6030.355    -6040.476       10.121    80.3
0.5775        -6030.333    -6040.472       10.140    80.5
0.5780        -6030.334    -6040.469       10.135    80.4
0.5785        -6030.305    -6040.466       10.161    80.6
0.5790        -6030.284    -6040.463       10.179    80.8
0.5795        -6030.248    -6040.461       10.213    81.0
0.5800        -6030.216    -6040.458       10.242    81.3
0.5805        -6030.183    -6040.457       10.274    81.5
0.5810        -6030.137    -6040.456       10.319    81.9
0.5815        -6030.146    -6040.455       10.309    81.8
0.5820        -6030.151    -6040.454       10.303    81.8
0.5825        -6030.185    -6040.453       10.268    81.5
0.5830        -6030.149    -6040.452       10.303    81.8
0.5835        -6030.160    -6040.450       10.290    81.6
0.5840        -6030.158    -6040.448       10.290    81.6
0.5845        -6030.141    -6040.447       10.305    81.8
0.5850        -6030.129    -6040.445       10.316    81.9
0.5855        -6030.102    -6040.444       10.341    82.1
0.5860        -6030.063    -6040.442       10.379    82.4
0.5865        -6030.032    -6040.441       10.408    82.6
0.5870        -6030.021    -6040.439       10.418    82.7
0.5875        -6029.992    -6040.437       10.444    82.9
0.5880        -6029.981    -6040.435       10.453    82.9
0.5885        -6029.949    -6040.433       10.484    83.2
0.5890        -6029.945    -6040.432       10.487    83.2
0.5895        -6029.928    -6040.431       10.503    83.3
0.5900        -6029.941    -6040.430       10.489    83.2
0.5905        -6029.958    -6040.429       10.471    83.1
0.5910        -6029.928    -6040.429       10.501    83.3
0.5915        -6029.912    -6040.428       10.515    83.4
0.5920        -6029.913    -6040.426       10.514    83.4
0.5925        -6029.884    -6040.425       10.541    83.6
0.5930        -6029.874    -6040.423       10.549    83.7
0.5935        -6029.834    -6040.422       10.588    84.0
0.5940        -6029.824    -6040.420       10.596    84.1
0.5945        -6029.819    -6040.418       10.599    84.1
0.5950        -6029.795    -6040.415       10.620    84.3
0.5955        -6029.782    -6040.413       10.631    84.4
0.5960        -6029.777    -6040.411       10.634    84.4
0.5965        -6029.792    -6040.409       10.616    84.2
0.5970        -6029.781    -6040.406       10.625    84.3
0.5975        -6029.789    -6040.403       10.614    84.2
0.5980        -6029.786    -6040.399       10.614    84.2
0.5985        -6029.757    -6040.396       10.638    84.4
0.5990        -6029.732    -6040.392       10.659    84.6
0.5995        -6029.710    -6040.387       10.678    84.7
0.6000        -6029.693    -6040.383       10.689    84.8
0.6005        -6029.695    -6040.378       10.683    84.8
0.6010        -6029.677    -6040.373       10.697    84.9
0.6015        -6029.682    -6040.368       10.686    84.8
0.6020        -6029.663    -6040.362       10.699    84.9
0.6025        -6029.627    -6040.356       10.729    85.1
0.6030        -6029.617    -6040.350       10.733    85.2
0.6035        -6029.611    -6040.344       10.733    85.2
0.6040        -6029.592    -6040.338       10.746    85.3
0.6045        -6029.570    -6040.331       10.761    85.4
0.6050        -6029.554    -6040.324       10.770    85.5
0.6055        -6029.534    -6040.316       10.783    85.6
0.6060        -6029.523    -6040.308       10.786    85.6
0.6065        -6029.497    -6040.299       10.802    85.7
0.6070        -6029.499    -6040.290       10.791    85.6
0.6075        -6029.468    -6040.281       10.814    85.8
0.6080        -6029.460    -6040.272       10.812    85.8
0.6085        -6029.417    -6040.263       10.846    86.1
0.6090        -6029.397    -6040.254       10.857    86.1
0.6095        -6029.379    -6040.246       10.867    86.2
0.6100        -6029.365    -6040.237       10.872    86.3
0.6105        -6029.355    -6040.228       10.873    86.3
0.6110        -6029.319    -6040.219       10.899    86.5
0.6115        -6029.321    -6040.210       10.889    86.4
0.6120        -6029.293    -6040.201       10.908    86.6
0.6125        -6029.271    -6040.192       10.922    86.7
0.6130        -6029.242    -6040.184       10.943    86.8
0.6135        -6029.227    -6040.176       10.949    86.9
0.6140        -6029.207    -6040.169       10.963    87.0
0.6145        -6029.183    -6040.162       10.979    87.1
0.6150        -6029.153    -6040.155       11.002    87.3
0.6155        -6029.131    -6040.149       11.018    87.4
0.6160        -6029.107    -6040.143       11.036    87.6
0.6165        -6029.093    -6040.137       11.044    87.6
0.6170        -6029.098    -6040.131       11.033    87.5
0.6175        -6029.066    -6040.124       11.058    87.7
0.6180        -6029.031    -6040.117       11.086    88.0
0.6185        -6029.000    -6040.109       11.109    88.1
0.6190        -6028.997    -6040.102       11.105    88.1
0.6195        -6028.999    -6040.094       11.095    88.0
0.6200        -6028.984    -6040.086       11.101    88.1
0.6205        -6028.983    -6040.076       11.094    88.0
0.6210        -6028.954    -6040.066       11.113    88.2
0.6215        -6028.901    -6040.056       11.155    88.5
0.6220        -6028.893    -6040.045       11.152    88.5
0.6225        -6028.883    -6040.034       11.151    88.5
0.6230        -6028.875    -6040.022       11.146    88.4
0.6235        -6028.858    -6040.009       11.151    88.5
0.6240        -6028.855    -6039.995       11.140    88.4
0.6245        -6028.831    -6039.980       11.149    88.5
0.6250        -6028.834    -6039.964       11.130    88.3
0.6255        -6028.836    -6039.948       11.112    88.2
0.6260        -6028.812    -6039.931       11.119    88.2
0.6265        -6028.817    -6039.914       11.097    88.0
0.6270        -6028.797    -6039.897       11.100    88.1
0.6275        -6028.783    -6039.879       11.096    88.0
0.6280        -6028.787    -6039.861       11.074    87.9
0.6285        -6028.768    -6039.843       11.075    87.9
0.6290        -6028.759    -6039.823       11.064    87.8
0.6295        -6028.758    -6039.802       11.044    87.6
0.6300        -6028.749    -6039.782       11.033    87.5
0.6305        -6028.770    -6039.761       10.991    87.2
0.6310        -6028.754    -6039.740       10.985    87.2
0.6315        -6028.719    -6039.718       10.999    87.3
0.6320        -6028.699    -6039.695       10.996    87.3
0.6325        -6028.678    -6039.672       10.994    87.2
0.6330        -6028.644    -6039.648       11.005    87.3
0.6335        -6028.624    -6039.625       11.001    87.3
0.6340        -6028.628    -6039.602       10.974    87.1
0.6345        -6028.657    -6039.578       10.922    86.7
0.6350        -6028.649    -6039.554       10.905    86.5
0.6355        -6028.667    -6039.529       10.863    86.2
0.6360        -6028.669    -6039.505       10.836    86.0
0.6365        -6028.691    -6039.480       10.790    85.6
0.6370        -6028.701    -6039.456       10.755    85.3
0.6375        -6028.691    -6039.431       10.741    85.2
0.6380        -6028.684    -6039.407       10.723    85.1
0.6385        -6028.697    -6039.383       10.686    84.8
0.6390        -6028.673    -6039.359       10.685    84.8
0.6395        -6028.678    -6039.335       10.657    84.6
0.6400        -6028.669    -6039.311       10.642    84.4
0.6405        -6028.673    -6039.289       10.616    84.2
0.6410        -6028.660    -6039.267       10.607    84.2
0.6415        -6028.630    -6039.245       10.615    84.2
0.6420        -6028.613    -6039.223       10.611    84.2
0.6425        -6028.600    -6039.202       10.602    84.1
0.6430        -6028.600    -6039.181       10.581    84.0
0.6435        -6028.580    -6039.161       10.581    84.0
0.6440        -6028.557    -6039.140       10.584    84.0
0.6445        -6028.558    -6039.121       10.563    83.8
0.6450        -6028.591    -6039.103       10.512    83.4
0.6455        -6028.568    -6039.084       10.517    83.4
0.6460        -6028.574    -6039.066       10.492    83.3
0.6465        -6028.544    -6039.050       10.505    83.4
0.6470        -6028.548    -6039.033       10.486    83.2
0.6475        -6028.531    -6039.018       10.487    83.2
0.6480        -6028.507    -6039.004       10.496    83.3
0.6485        -6028.509    -6038.990       10.480    83.2
0.6490        -6028.486    -6038.977       10.490    83.2
0.6495        -6028.488    -6038.963       10.476    83.1
0.6500        -6028.434    -6038.950       10.516    83.4
0.6505        -6028.432    -6038.937       10.505    83.4
0.6510        -6028.380    -6038.923       10.543    83.7
0.6515        -6028.362    -6038.911       10.549    83.7
0.6520        -6028.342    -6038.899       10.557    83.8
0.6525        -6028.325    -6038.887       10.561    83.8
0.6530        -6028.319    -6038.875       10.556    83.8
0.6535        -6028.334    -6038.864       10.530    83.6
0.6540        -6028.320    -6038.854       10.534    83.6
0.6545        -6028.322    -6038.845       10.523    83.5
0.6550        -6028.275    -6038.837       10.562    83.8
0.6555        -6028.237    -6038.830       10.593    84.0
0.6560        -6028.209    -6038.823       10.614    84.2
0.6565        -6028.231    -6038.817       10.586    84.0
0.6570        -6028.256    -6038.812       10.555    83.8
0.6575        -6028.230    -6038.807       10.577    83.9
0.6580        -6028.225    -6038.803       10.577    83.9
0.6585        -6028.216    -6038.799       10.584    84.0
0.6590        -6028.194    -6038.797       10.602    84.1
0.6595        -6028.175    -6038.794       10.619    84.3
0.6600        -6028.169    -6038.793       10.623    84.3
0.6605        -6028.122    -6038.791       10.669    84.7
0.6610        -6028.126    -6038.790       10.664    84.6
0.6615        -6028.115    -6038.789       10.674    84.7
0.6620        -6028.124    -6038.789       10.664    84.6
0.6625        -6028.110    -6038.789       10.679    84.7
0.6630        -6028.096    -6038.790       10.693    84.8
0.6635        -6028.085    -6038.791       10.706    84.9
0.6640        -6028.079    -6038.793       10.714    85.0
0.6645        -6028.053    -6038.795       10.742    85.2
0.6650        -6028.059    -6038.798       10.739    85.2
0.6655        -6028.011    -6038.801       10.790    85.6
0.6660        -6028.000    -6038.804       10.804    85.7
0.6665        -6027.959    -6038.808       10.849    86.1
0.6670        -6027.922    -6038.814       10.892    86.4
0.6675        -6027.904    -6038.820       10.916    86.6
0.6680        -6027.896    -6038.826       10.930    86.7
0.6685        -6027.886    -6038.832       10.946    86.9
0.6690        -6027.889    -6038.838       10.949    86.9
0.6695        -6027.868    -6038.844       10.976    87.1
0.6700        -6027.873    -6038.849       10.977    87.1
0.6705        -6027.855    -6038.855       10.999    87.3
0.6710        -6027.839    -6038.860       11.021    87.5
0.6715        -6027.810    -6038.865       11.056    87.7
0.6720        -6027.816    -6038.870       11.054    87.7
0.6725        -6027.821    -6038.875       11.054    87.7
0.6730        -6027.810    -6038.880       11.070    87.8
0.6735        -6027.763    -6038.885       11.122    88.2
0.6740        -6027.768    -6038.890       11.122    88.3
0.6745        -6027.775    -6038.894       11.120    88.2
0.6750        -6027.757    -6038.900       11.142    88.4
0.6755        -6027.764    -6038.905       11.140    88.4
0.6760        -6027.744    -6038.910       11.167    88.6
0.6765        -6027.731    -6038.917       11.186    88.8
0.6770        -6027.713    -6038.923       11.210    88.9
0.6775        -6027.674    -6038.929       11.255    89.3
0.6780        -6027.700    -6038.935       11.235    89.1
0.6785        -6027.693    -6038.941       11.249    89.3
0.6790        -6027.695    -6038.947       11.253    89.3
0.6795        -6027.679    -6038.954       11.275    89.5
0.6800        -6027.662    -6038.960       11.298    89.6
0.6805        -6027.626    -6038.965       11.340    90.0
0.6810        -6027.602    -6038.971       11.369    90.2
0.6815        -6027.584    -6038.976       11.393    90.4
0.6820        -6027.572    -6038.981       11.409    90.5
0.6825        -6027.554    -6038.986       11.432    90.7
0.6830        -6027.521    -6038.991       11.471    91.0
0.6835        -6027.510    -6038.996       11.486    91.1
0.6840        -6027.477    -6039.000       11.523    91.4
0.6845        -6027.475    -6039.004       11.529    91.5
0.6850        -6027.431    -6039.007       11.576    91.8
0.6855        -6027.451    -6039.010       11.559    91.7
0.6860        -6027.441    -6039.013       11.572    91.8
0.6865        -6027.431    -6039.016       11.585    91.9
0.6870        -6027.432    -6039.018       11.587    91.9
0.6875        -6027.420    -6039.021       11.601    92.0
0.6880        -6027.411    -6039.024       11.613    92.1
0.6885        -6027.358    -6039.027       11.669    92.6
0.6890        -6027.350    -6039.030       11.679    92.7
0.6895        -6027.327    -6039.031       11.704    92.9
0.6900        -6027.309    -6039.033       11.724    93.0
0.6905        -6027.278    -6039.033       11.755    93.3
0.6910        -6027.231    -6039.033       11.802    93.6
0.6915        -6027.244    -6039.031       11.788    93.5
0.6920        -6027.239    -6039.030       11.791    93.6
0.6925        -6027.213    -6039.028       11.815    93.7
0.6930        -6027.184    -6039.025       11.841    94.0
0.6935        -6027.163    -6039.023       11.859    94.1
0.6940        -6027.153    -6039.020       11.867    94.2
0.6945        -6027.137    -6039.017       11.880    94.3
0.6950        -6027.134    -6039.013       11.878    94.3
0.6955        -6027.147    -6039.007       11.860    94.1
0.6960        -6027.158    -6039.002       11.844    94.0
0.6965        -6027.137    -6038.996       11.858    94.1
0.6970        -6027.139    -6038.990       11.851    94.0
0.6975        -6027.149    -6038.983       11.833    93.9
0.6980        -6027.139    -6038.975       11.836    93.9
0.6985        -6027.111    -6038.966       11.855    94.1
0.6990        -6027.097    -6038.956       11.859    94.1
0.6995        -6027.092    -6038.945       11.853    94.0
0.7000        -6027.108    -6038.934       11.826    93.8
0.7005        -6027.098    -6038.922       11.824    93.8
0.7010        -6027.116    -6038.909       11.792    93.6
0.7015        -6027.070    -6038.895       11.825    93.8
0.7020        -6027.048    -6038.882       11.833    93.9
0.7025        -6027.062    -6038.868       11.806    93.7
0.7030        -6027.040    -6038.852       11.812    93.7
0.7035        -6027.048    -6038.837       11.789    93.5
0.7040        -6027.037    -6038.821       11.784    93.5
0.7045        -6027.029    -6038.805       11.776    93.4
0.7050        -6027.008    -6038.788       11.780    93.5
0.7055        -6026.993    -6038.772       11.779    93.5
0.7060        -6026.979    -6038.755       11.775    93.4
0.7065        -6026.973    -6038.737       11.764    93.3
0.7070        -6026.972    -6038.720       11.748    93.2
0.7075        -6026.987    -6038.702       11.716    93.0
0.7080        -6026.992    -6038.685       11.693    92.8
0.7085        -6026.983    -6038.668       11.685    92.7
0.7090        -6026.966    -6038.651       11.685    92.7
0.7095        -6026.955    -6038.634       11.679    92.7
0.7100        -6026.940    -6038.616       11.677    92.7
0.7105        -6026.905    -6038.600       11.695    92.8
0.7110        -6026.882    -6038.583       11.700    92.8
0.7115        -6026.864    -6038.566       11.702    92.9
0.7120        -6026.855    -6038.550       11.695    92.8
0.7125        -6026.849    -6038.535       11.685    92.7
0.7130        -6026.848    -6038.521       11.672    92.6
0.7135        -6026.800    -6038.507       11.707    92.9
0.7140        -6026.802    -6038.494       11.693    92.8
0.7145        -6026.792    -6038.483       11.691    92.8
0.7150        -6026.759    -6038.472       11.714    92.9
0.7155        -6026.741    -6038.462       11.721    93.0
0.7160        -6026.727    -6038.454       11.727    93.1
0.7165        -6026.692    -6038.447       11.754    93.3
0.7170        -6026.648    -6038.441       11.793    93.6
0.7175        -6026.630    -6038.436       11.806    93.7
0.7180        -6026.606    -6038.431       11.826    93.8
0.7185        -6026.581    -6038.428       11.846    94.0
0.7190        -6026.589    -6038.425       11.836    93.9
0.7195        -6026.563    -6038.423       11.860    94.1
0.7200        -6026.555    -6038.421       11.866    94.2
0.7205        -6026.547    -6038.419       11.872    94.2
0.7210        -6026.538    -6038.417       11.879    94.3
0.7215        -6026.546    -6038.417       11.871    94.2
0.7220        -6026.533    -6038.416       11.883    94.3
0.7225        -6026.531    -6038.416       11.885    94.3
0.7230        -6026.528    -6038.416       11.888    94.3
0.7235        -6026.517    -6038.416       11.899    94.4
0.7240        -6026.533    -6038.416       11.883    94.3
0.7245        -6026.506    -6038.416       11.910    94.5
0.7250        -6026.485    -6038.416       11.931    94.7
0.7255        -6026.466    -6038.415       11.950    94.8
0.7260        -6026.451    -6038.415       11.963    94.9
0.7265        -6026.455    -6038.414       11.959    94.9
0.7270        -6026.444    -6038.412       11.968    95.0
0.7275        -6026.419    -6038.410       11.991    95.1
0.7280        -6026.403    -6038.407       12.005    95.3
0.7285        -6026.388    -6038.404       12.016    95.3
0.7290        -6026.353    -6038.399       12.046    95.6
0.7295        -6026.348    -6038.394       12.046    95.6
0.7300        -6026.309    -6038.389       12.080    95.9
0.7305        -6026.289    -6038.382       12.093    96.0
0.7310        -6026.303    -6038.374       12.071    95.8
0.7315        -6026.304    -6038.365       12.061    95.7
0.7320        -6026.293    -6038.355       12.062    95.7
0.7325        -6026.274    -6038.345       12.070    95.8
0.7330        -6026.234    -6038.334       12.100    96.0
0.7335        -6026.213    -6038.324       12.111    96.1
0.7340        -6026.172    -6038.313       12.141    96.3
0.7345        -6026.167    -6038.301       12.135    96.3
0.7350        -6026.152    -6038.289       12.137    96.3
0.7355        -6026.150    -6038.275       12.125    96.2
0.7360        -6026.138    -6038.261       12.122    96.2
0.7365        -6026.132    -6038.245       12.113    96.1
0.7370        -6026.133    -6038.228       12.095    96.0
0.7375        -6026.130    -6038.211       12.081    95.9
0.7380        -6026.141    -6038.193       12.052    95.6
0.7385        -6026.091    -6038.175       12.084    95.9
0.7390        -6026.084    -6038.157       12.074    95.8
0.7395        -6026.092    -6038.139       12.048    95.6
0.7400        -6026.046    -6038.120       12.074    95.8
0.7405        -6026.035    -6038.101       12.066    95.7
0.7410        -6026.021    -6038.082       12.061    95.7
0.7415        -6026.030    -6038.062       12.033    95.5
0.7420        -6026.013    -6038.043       12.031    95.5
0.7425        -6025.981    -6038.025       12.043    95.6
0.7430        -6025.961    -6038.006       12.046    95.6
0.7435        -6025.944    -6037.988       12.045    95.6
0.7440        -6025.894    -6037.970       12.076    95.8
0.7445        -6025.861    -6037.952       12.091    95.9
0.7450        -6025.893    -6037.934       12.041    95.5
0.7455        -6025.874    -6037.917       12.044    95.6
0.7460        -6025.871    -6037.901       12.029    95.4
0.7465        -6025.831    -6037.885       12.054    95.6
0.7470        -6025.824    -6037.870       12.046    95.6
0.7475        -6025.821    -6037.856       12.035    95.5
0.7480        -6025.823    -6037.844       12.021    95.4
0.7485        -6025.827    -6037.833       12.006    95.3
0.7490        -6025.829    -6037.824       11.995    95.2
0.7495        -6025.824    -6037.817       11.993    95.2
0.7500        -6025.786    -6037.811       12.025    95.4
0.7505        -6025.790    -6037.806       12.016    95.3
0.7510        -6025.762    -6037.802       12.040    95.5
0.7515        -6025.763    -6037.799       12.037    95.5
0.7520        -6025.762    -6037.798       12.037    95.5
0.7525        -6025.745    -6037.799       12.054    95.6
0.7530        -6025.742    -6037.800       12.058    95.7
0.7535        -6025.737    -6037.803       12.066    95.7
0.7540        -6025.730    -6037.806       12.076    95.8
0.7545        -6025.706    -6037.811       12.104    96.0
0.7550        -6025.706    -6037.818       12.112    96.1
0.7555        -6025.686    -6037.826       12.140    96.3
0.7560        -6025.643    -6037.836       12.194    96.8
0.7565        -6025.667    -6037.847       12.180    96.6
0.7570        -6025.656    -6037.860       12.204    96.8
0.7575        -6025.674    -6037.873       12.199    96.8
0.7580        -6025.657    -6037.886       12.229    97.0
0.7585        -6025.686    -6037.900       12.214    96.9
0.7590        -6025.671    -6037.915       12.245    97.2
0.7595        -6025.696    -6037.931       12.235    97.1
0.7600        -6025.667    -6037.946       12.279    97.4
0.7605        -6025.696    -6037.961       12.266    97.3
0.7610        -6025.680    -6037.976       12.297    97.6
0.7615        -6025.649    -6037.991       12.342    97.9
0.7620        -6025.633    -6038.006       12.373    98.2
0.7625        -6025.646    -6038.019       12.374    98.2
0.7630        -6025.602    -6038.033       12.431    98.6
0.7635        -6025.620    -6038.045       12.425    98.6
0.7640        -6025.636    -6038.056       12.420    98.5
0.7645        -6025.637    -6038.065       12.428    98.6
0.7650        -6025.603    -6038.073       12.471    99.0
0.7655        -6025.590    -6038.080       12.489    99.1
0.7660        -6025.576    -6038.084       12.509    99.3
0.7665        -6025.555    -6038.088       12.533    99.4
0.7670        -6025.541    -6038.090       12.549    99.6
0.7675        -6025.538    -6038.090       12.552    99.6
0.7680        -6025.524    -6038.090       12.566    99.7
0.7685        -6025.516    -6038.088       12.572    99.8
0.7690        -6025.499    -6038.085       12.586    99.9
0.7695        -6025.472    -6038.080       12.608   100.0
0.7700        -6025.463    -6038.074       12.611   100.1
0.7705        -6025.420    -6038.067       12.647   100.4
0.7710        -6025.405    -6038.058       12.653   100.4
0.7715        -6025.405    -6038.048       12.643   100.3
0.7720        -6025.394    -6038.037       12.642   100.3
0.7725        -6025.360    -6038.024       12.664   100.5
0.7730        -6025.357    -6038.010       12.653   100.4
0.7735        -6025.333    -6037.995       12.662   100.5
0.7740        -6025.319    -6037.979       12.660   100.5
0.7745        -6025.321    -6037.964       12.643   100.3
0.7750        -6025.310    -6037.947       12.637   100.3
0.7755        -6025.275    -6037.930       12.655   100.4
0.7760        -6025.262    -6037.912       12.650   100.4
0.7765        -6025.257    -6037.893       12.636   100.3
0.7770        -6025.263    -6037.873       12.610   100.1
0.7775        -6025.227    -6037.853       12.626   100.2
0.7780        -6025.194    -6037.830       12.636   100.3
0.7785        -6025.159    -6037.807       12.648   100.4
0.7790        -6025.147    -6037.784       12.637   100.3
0.7795        -6025.153    -6037.761       12.608   100.0
0.7800        -6025.142    -6037.737       12.595    99.9
0.7805        -6025.131    -6037.713       12.582    99.8
0.7810        -6025.110    -6037.689       12.579    99.8
0.7815        -6025.123    -6037.665       12.542    99.5
0.7820        -6025.115    -6037.641       12.527    99.4
0.7825        -6025.111    -6037.617       12.507    99.2
0.7830        -6025.100    -6037.594       12.495    99.1
0.7835        -6025.087    -6037.572       12.485    99.1
0.7840        -6025.091    -6037.550       12.458    98.9
0.7845        -6025.060    -6037.529       12.468    98.9
0.7850        -6025.027    -6037.508       12.481    99.0
0.7855        -6024.994    -6037.489       12.495    99.1
0.7860        -6024.979    -6037.470       12.491    99.1
0.7865        -6024.991    -6037.452       12.461    98.9
0.7870        -6024.966    -6037.434       12.468    98.9
0.7875        -6024.958    -6037.419       12.460    98.9
0.7880        -6024.960    -6037.404       12.444    98.7
0.7885        -6024.951    -6037.390       12.439    98.7
0.7890        -6024.945    -6037.378       12.432    98.6
0.7895        -6024.958    -6037.367       12.410    98.5
0.7900        -6024.921    -6037.359       12.438    98.7
0.7905        -6024.910    -6037.353       12.443    98.7
0.7910        -6024.905    -6037.348       12.443    98.7
0.7915        -6024.900    -6037.344       12.444    98.7
0.7920        -6024.906    -6037.343       12.437    98.7
0.7925        -6024.897    -6037.344       12.447    98.8
0.7930        -6024.859    -6037.347       12.488    99.1
0.7935        -6024.823    -6037.352       12.529    99.4
0.7940        -6024.834    -6037.358       12.524    99.4
0.7945        -6024.835    -6037.366       12.531    99.4
0.7950        -6024.796    -6037.376       12.581    99.8
0.7955        -6024.761    -6037.389       12.628   100.2
0.7960        -6024.756    -6037.403       12.647   100.3
0.7965        -6024.753    -6037.418       12.665   100.5
0.7970        -6024.734    -6037.435       12.701   100.8
0.7975        -6024.711    -6037.453       12.742   101.1
0.7980        -6024.705    -6037.474       12.769   101.3
0.7985        -6024.702    -6037.496       12.794   101.5
0.7990        -6024.696    -6037.518       12.823   101.7
0.7995        -6024.668    -6037.543       12.875   102.2
0.8000        -6024.663    -6037.568       12.905   102.4
0.8005        -6024.638    -6037.594       12.956   102.8
0.8010        -6024.640    -6037.620       12.980   103.0
0.8015        -6024.638    -6037.647       13.009   103.2
0.8020        -6024.651    -6037.675       13.024   103.3
0.8025        -6024.655    -6037.703       13.048   103.5
0.8030        -6024.670    -6037.731       13.061   103.6
0.8035        -6024.653    -6037.758       13.105   104.0
0.8040        -6024.694    -6037.785       13.091   103.9
0.8045        -6024.661    -6037.810       13.150   104.3
0.8050        -6024.625    -6037.835       13.210   104.8
0.8055        -6024.618    -6037.858       13.240   105.1
0.8060        -6024.621    -6037.879       13.259   105.2
0.8065        -6024.610    -6037.899       13.289   105.4
0.8070        -6024.597    -6037.917       13.320   105.7
0.8075        -6024.599    -6037.933       13.334   105.8
0.8080        -6024.592    -6037.947       13.354   106.0
0.8085        -6024.568    -6037.958       13.390   106.2
0.8090        -6024.553    -6037.967       13.414   106.4
0.8095        -6024.553    -6037.974       13.421   106.5
0.8100        -6024.541    -6037.977       13.436   106.6
0.8105        -6024.554    -6037.978       13.424   106.5
0.8110        -6024.552    -6037.975       13.423   106.5
0.8115        -6024.505    -6037.971       13.466   106.8
0.8120        -6024.459    -6037.963       13.504   107.2
0.8125        -6024.461    -6037.953       13.493   107.1
0.8130        -6024.443    -6037.942       13.499   107.1
0.8135        -6024.434    -6037.929       13.494   107.1
0.8140        -6024.394    -6037.913       13.519   107.3
0.8145        -6024.390    -6037.895       13.505   107.2
0.8150        -6024.367    -6037.876       13.508   107.2
0.8155        -6024.354    -6037.855       13.501   107.1
0.8160        -6024.344    -6037.832       13.488   107.0
0.8165        -6024.349    -6037.807       13.459   106.8
0.8170        -6024.300    -6037.781       13.481   107.0
0.8175        -6024.304    -6037.752       13.448   106.7
0.8180        -6024.307    -6037.723       13.416   106.4
0.8185        -6024.304    -6037.693       13.389   106.2
0.8190        -6024.281    -6037.663       13.382   106.2
0.8195        -6024.259    -6037.632       13.373   106.1
0.8200        -6024.223    -6037.601       13.378   106.1
0.8205        -6024.191    -6037.570       13.379   106.2
0.8210        -6024.180    -6037.540       13.360   106.0
0.8215        -6024.178    -6037.510       13.333   105.8
0.8220        -6024.164    -6037.482       13.317   105.7
0.8225        -6024.147    -6037.454       13.307   105.6
0.8230        -6024.137    -6037.427       13.290   105.5
0.8235        -6024.120    -6037.402       13.282   105.4
0.8240        -6024.106    -6037.377       13.271   105.3
0.8245        -6024.118    -6037.354       13.236   105.0
0.8250        -6024.092    -6037.332       13.240   105.1
0.8255        -6024.075    -6037.312       13.237   105.0
0.8260        -6024.067    -6037.293       13.226   104.9
0.8265        -6024.060    -6037.275       13.216   104.9
0.8270        -6024.050    -6037.259       13.208   104.8
0.8275        -6024.023    -6037.243       13.220   104.9
0.8280        -6023.995    -6037.229       13.234   105.0
0.8285        -6023.990    -6037.217       13.228   105.0
0.8290        -6023.980    -6037.207       13.227   105.0
0.8295        -6023.951    -6037.198       13.247   105.1
0.8300        -6023.963    -6037.191       13.228   105.0
0.8305        -6023.942    -6037.185       13.243   105.1
0.8310        -6023.908    -6037.181       13.273   105.3
0.8315        -6023.894    -6037.180       13.285   105.4
0.8320        -6023.867    -6037.179       13.312   105.6
0.8325        -6023.860    -6037.179       13.319   105.7
0.8330        -6023.812    -6037.180       13.368   106.1
0.8335        -6023.767    -6037.183       13.416   106.4
0.8340        -6023.734    -6037.185       13.451   106.7
0.8345        -6023.726    -6037.189       13.463   106.8
0.8350        -6023.714    -6037.192       13.478   106.9
0.8355        -6023.671    -6037.196       13.525   107.3
0.8360        -6023.659    -6037.200       13.541   107.4
0.8365        -6023.629    -6037.204       13.575   107.7
0.8370        -6023.641    -6037.208       13.567   107.7
0.8375        -6023.636    -6037.211       13.575   107.7
0.8380        -6023.622    -6037.214       13.592   107.9
0.8385        -6023.643    -6037.217       13.574   107.7
0.8390        -6023.640    -6037.218       13.578   107.7
0.8395        -6023.605    -6037.220       13.614   108.0
0.8400        -6023.598    -6037.220       13.622   108.1
0.8405        -6023.601    -6037.220       13.619   108.1
0.8410        -6023.577    -6037.218       13.642   108.2
0.8415        -6023.587    -6037.216       13.629   108.1
0.8420        -6023.563    -6037.212       13.650   108.3
0.8425        -6023.546    -6037.208       13.661   108.4
0.8430        -6023.532    -6037.202       13.670   108.5
0.8435        -6023.543    -6037.196       13.653   108.3
0.8440        -6023.517    -6037.188       13.671   108.5
0.8445        -6023.487    -6037.180       13.693   108.7
0.8450        -6023.474    -6037.171       13.697   108.7
0.8455        -6023.462    -6037.162       13.700   108.7
0.8460        -6023.446    -6037.151       13.705   108.7
0.8465        -6023.441    -6037.139       13.698   108.7
0.8470        -6023.447    -6037.126       13.678   108.5
0.8475        -6023.395    -6037.112       13.717   108.8
0.8480        -6023.376    -6037.097       13.721   108.9
0.8485        -6023.345    -6037.081       13.736   109.0
0.8490        -6023.362    -6037.065       13.704   108.7
0.8495        -6023.359    -6037.048       13.689   108.6
0.8500        -6023.330    -6037.031       13.702   108.7
0.8505        -6023.301    -6037.013       13.713   108.8
0.8510        -6023.265    -6036.995       13.730   108.9
0.8515        -6023.258    -6036.974       13.716   108.8
0.8520        -6023.239    -6036.952       13.713   108.8
0.8525        -6023.214    -6036.930       13.715   108.8
0.8530        -6023.183    -6036.907       13.724   108.9
0.8535        -6023.154    -6036.883       13.729   108.9
0.8540        -6023.172    -6036.860       13.688   108.6
0.8545        -6023.149    -6036.836       13.686   108.6
0.8550        -6023.135    -6036.811       13.675   108.5
0.8555        -6023.137    -6036.785       13.648   108.3
0.8560        -6023.105    -6036.760       13.655   108.3
0.8565        -6023.081    -6036.734       13.652   108.3
0.8570        -6023.062    -6036.708       13.646   108.3
0.8575        -6023.071    -6036.681       13.609   108.0
0.8580        -6023.068    -6036.653       13.585   107.8
0.8585        -6023.046    -6036.625       13.580   107.8
0.8590        -6022.996    -6036.598       13.602   107.9
0.8595        -6023.017    -6036.571       13.554   107.5
0.8600        -6023.008    -6036.544       13.535   107.4
0.8605        -6022.967    -6036.517       13.550   107.5
0.8610        -6022.991    -6036.490       13.499   107.1
0.8615        -6022.998    -6036.465       13.467   106.9
0.8620        -6022.984    -6036.440       13.456   106.8
0.8625        -6023.005    -6036.416       13.412   106.4
0.8630        -6023.000    -6036.393       13.394   106.3
0.8635        -6022.951    -6036.371       13.420   106.5
0.8640        -6022.942    -6036.349       13.407   106.4
0.8645        -6022.929    -6036.328       13.399   106.3
0.8650        -6022.905    -6036.307       13.403   106.3
0.8655        -6022.889    -6036.288       13.399   106.3
0.8660        -6022.899    -6036.270       13.371   106.1
0.8665        -6022.875    -6036.253       13.378   106.2
0.8670        -6022.855    -6036.237       13.382   106.2
0.8675        -6022.826    -6036.223       13.397   106.3
0.8680        -6022.853    -6036.211       13.358   106.0
0.8685        -6022.816    -6036.200       13.384   106.2
0.8690        -6022.800    -6036.190       13.391   106.3
0.8695        -6022.772    -6036.182       13.410   106.4
0.8700        -6022.767    -6036.175       13.408   106.4
0.8705        -6022.746    -6036.169       13.423   106.5
0.8710        -6022.710    -6036.166       13.456   106.8
0.8715        -6022.702    -6036.163       13.461   106.8
0.8720        -6022.706    -6036.163       13.457   106.8
0.8725        -6022.696    -6036.164       13.467   106.9
0.8730        -6022.690    -6036.166       13.476   106.9
0.8735        -6022.677    -6036.170       13.493   107.1
0.8740        -6022.678    -6036.175       13.497   107.1
0.8745        -6022.675    -6036.183       13.508   107.2
0.8750        -6022.626    -6036.192       13.566   107.6
0.8755        -6022.605    -6036.203       13.597   107.9
0.8760        -6022.582    -6036.215       13.633   108.2
0.8765        -6022.564    -6036.228       13.664   108.4
0.8770        -6022.555    -6036.242       13.687   108.6
0.8775        -6022.549    -6036.256       13.708   108.8
0.8780        -6022.556    -6036.272       13.716   108.8
0.8785        -6022.552    -6036.288       13.736   109.0
0.8790        -6022.520    -6036.306       13.786   109.4
0.8795        -6022.521    -6036.323       13.803   109.5
0.8800        -6022.538    -6036.342       13.804   109.5
0.8805        -6022.509    -6036.360       13.851   109.9
0.8810        -6022.531    -6036.379       13.848   109.9
0.8815        -6022.511    -6036.398       13.886   110.2
0.8820        -6022.471    -6036.417       13.945   110.7
0.8825        -6022.429    -6036.435       14.007   111.1
0.8830        -6022.434    -6036.453       14.019   111.2
0.8835        -6022.446    -6036.470       14.025   111.3
0.8840        -6022.413    -6036.487       14.074   111.7
0.8845        -6022.396    -6036.503       14.108   111.9
0.8850        -6022.418    -6036.518       14.101   111.9
0.8855        -6022.412    -6036.532       14.120   112.0
0.8860        -6022.369    -6036.545       14.176   112.5
0.8865        -6022.389    -6036.556       14.167   112.4
0.8870        -6022.386    -6036.565       14.180   112.5
0.8875        -6022.357    -6036.574       14.218   112.8
0.8880        -6022.361    -6036.582       14.221   112.8
0.8885        -6022.357    -6036.589       14.232   112.9
0.8890        -6022.349    -6036.596       14.247   113.0
0.8895        -6022.360    -6036.601       14.242   113.0
0.8900        -6022.340    -6036.607       14.267   113.2
0.8905        -6022.331    -6036.611       14.280   113.3
0.8910        -6022.295    -6036.614       14.319   113.6
0.8915        -6022.309    -6036.615       14.307   113.5
0.8920        -6022.314    -6036.616       14.302   113.5
0.8925        -6022.315    -6036.615       14.300   113.5
0.8930        -6022.267    -6036.612       14.344   113.8
0.8935        -6022.282    -6036.607       14.325   113.7
0.8940        -6022.257    -6036.601       14.344   113.8
0.8945        -6022.243    -6036.594       14.351   113.9
0.8950        -6022.246    -6036.585       14.339   113.8
0.8955        -6022.262    -6036.574       14.312   113.6
0.8960        -6022.247    -6036.562       14.315   113.6
0.8965        -6022.267    -6036.547       14.280   113.3
0.8970        -6022.235    -6036.530       14.295   113.4
0.8975        -6022.268    -6036.512       14.244   113.0
0.8980        -6022.294    -6036.492       14.198   112.7
0.8985        -6022.312    -6036.470       14.158   112.3
0.8990        -6022.278    -6036.447       14.169   112.4
0.8995        -6022.300    -6036.423       14.124   112.1
0.9000        -6022.296    -6036.398       14.102   111.9
0.9005        -6022.279    -6036.371       14.092   111.8
0.9010        -6022.288    -6036.344       14.056   111.5
0.9015        -6022.249    -6036.315       14.067   111.6
0.9020        -6022.229    -6036.286       14.057   111.5
0.9025        -6022.212    -6036.257       14.046   111.4
0.9030        -6022.208    -6036.228       14.019   111.2
0.9035        -6022.182    -6036.198       14.016   111.2
0.9040        -6022.140    -6036.168       14.028   111.3
0.9045        -6022.132    -6036.139       14.007   111.1
0.9050        -6022.141    -6036.110       13.969   110.8
0.9055        -6022.122    -6036.080       13.958   110.8
0.9060        -6022.085    -6036.051       13.966   110.8
0.9065        -6022.049    -6036.022       13.973   110.9
0.9070        -6022.049    -6035.994       13.945   110.6
0.9075        -6022.032    -6035.966       13.935   110.6
0.9080        -6022.035    -6035.940       13.905   110.3
0.9085        -6022.025    -6035.914       13.889   110.2
0.9090        -6022.008    -6035.890       13.881   110.1
0.9095        -6022.009    -6035.867       13.857   110.0
0.9100        -6021.971    -6035.846       13.875   110.1
0.9105        -6021.982    -6035.826       13.844   109.8
0.9110        -6021.967    -6035.809       13.842   109.8
0.9115        -6021.944    -6035.794       13.850   109.9
0.9120        -6021.906    -6035.781       13.875   110.1
0.9125        -6021.885    -6035.771       13.885   110.2
0.9130        -6021.877    -6035.763       13.885   110.2
0.9135        -6021.860    -6035.757       13.897   110.3
0.9140        -6021.864    -6035.754       13.890   110.2
0.9145        -6021.854    -6035.752       13.898   110.3
0.9150        -6021.870    -6035.753       13.882   110.2
0.9155        -6021.836    -6035.756       13.920   110.4
0.9160        -6021.826    -6035.761       13.936   110.6
0.9165        -6021.810    -6035.768       13.958   110.8
0.9170        -6021.757    -6035.777       14.020   111.2
0.9175        -6021.721    -6035.788       14.067   111.6
0.9180        -6021.737    -6035.802       14.065   111.6
0.9185        -6021.730    -6035.817       14.087   111.8
0.9190        -6021.712    -6035.834       14.121   112.0
0.9195        -6021.693    -6035.852       14.159   112.3
0.9200        -6021.657    -6035.871       14.214   112.8
0.9205        -6021.631    -6035.892       14.261   113.2
0.9210        -6021.604    -6035.914       14.310   113.5
0.9215        -6021.601    -6035.937       14.336   113.8
0.9220        -6021.585    -6035.960       14.375   114.1
0.9225        -6021.580    -6035.983       14.403   114.3
0.9230        -6021.582    -6036.007       14.425   114.5
0.9235        -6021.601    -6036.030       14.429   114.5
0.9240        -6021.605    -6036.054       14.448   114.6
0.9245        -6021.591    -6036.077       14.485   114.9
0.9250        -6021.576    -6036.100       14.524   115.2
0.9255        -6021.538    -6036.122       14.584   115.7
0.9260        -6021.532    -6036.143       14.611   115.9
0.9265        -6021.527    -6036.163       14.636   116.1
0.9270        -6021.520    -6036.182       14.662   116.3
0.9275        -6021.525    -6036.199       14.674   116.4
0.9280        -6021.563    -6036.216       14.653   116.3
0.9285        -6021.563    -6036.231       14.669   116.4
0.9290        -6021.520    -6036.246       14.726   116.8
0.9295        -6021.538    -6036.258       14.720   116.8
0.9300        -6021.513    -6036.269       14.756   117.1
0.9305        -6021.497    -6036.279       14.782   117.3
0.9310        -6021.482    -6036.287       14.805   117.5
0.9315        -6021.480    -6036.293       14.814   117.5
0.9320        -6021.477    -6036.297       14.820   117.6
0.9325        -6021.447    -6036.299       14.852   117.8
0.9330        -6021.428    -6036.298       14.871   118.0
0.9335        -6021.387    -6036.295       14.907   118.3
0.9340        -6021.359    -6036.289       14.930   118.5
0.9345        -6021.323    -6036.281       14.958   118.7
0.9350        -6021.302    -6036.272       14.969   118.8
0.9355        -6021.279    -6036.261       14.981   118.9
0.9360        -6021.284    -6036.248       14.964   118.7
0.9365        -6021.255    -6036.235       14.980   118.9
0.9370        -6021.297    -6036.220       14.923   118.4
0.9375        -6021.280    -6036.204       14.924   118.4
0.9380        -6021.283    -6036.186       14.903   118.3
0.9385        -6021.285    -6036.168       14.883   118.1
0.9390        -6021.296    -6036.148       14.852   117.8
0.9395        -6021.280    -6036.128       14.848   117.8
0.9400        -6021.290    -6036.108       14.818   117.6
0.9405        -6021.272    -6036.088       14.817   117.6
0.9410        -6021.223    -6036.068       14.845   117.8
0.9415        -6021.210    -6036.048       14.838   117.7
0.9420        -6021.176    -6036.028       14.852   117.8
0.9425        -6021.185    -6036.008       14.823   117.6
0.9430        -6021.173    -6035.987       14.814   117.5
0.9435        -6021.183    -6035.967       14.784   117.3
0.9440        -6021.186    -6035.949       14.763   117.1
0.9445        -6021.170    -6035.931       14.762   117.1
0.9450        -6021.162    -6035.914       14.752   117.1
0.9455        -6021.158    -6035.897       14.739   117.0
0.9460        -6021.179    -6035.880       14.701   116.7
0.9465        -6021.157    -6035.865       14.708   116.7
0.9470        -6021.121    -6035.850       14.729   116.9
0.9475        -6021.111    -6035.837       14.725   116.8
0.9480        -6021.105    -6035.825       14.719   116.8
0.9485        -6021.069    -6035.814       14.745   117.0
0.9490        -6021.033    -6035.803       14.769   117.2
0.9495        -6021.025    -6035.793       14.768   117.2
0.9500        -6021.019    -6035.784       14.765   117.2
0.9505        -6021.018    -6035.775       14.758   117.1
0.9510        -6021.012    -6035.768       14.756   117.1
0.9515        -6020.999    -6035.763       14.764   117.1
0.9520        -6020.968    -6035.758       14.790   117.4
0.9525        -6020.941    -6035.754       14.813   117.5
0.9530        -6020.913    -6035.750       14.838   117.7
0.9535        -6020.897    -6035.748       14.850   117.8
0.9540        -6020.864    -6035.746       14.883   118.1
0.9545        -6020.837    -6035.746       14.909   118.3
0.9550        -6020.818    -6035.747       14.929   118.5
0.9555        -6020.847    -6035.748       14.901   118.2
0.9560        -6020.820    -6035.750       14.930   118.5
0.9565        -6020.802    -6035.752       14.950   118.6
0.9570        -6020.764    -6035.754       14.990   118.9
0.9575        -6020.772    -6035.757       14.985   118.9
0.9580        -6020.764    -6035.760       14.995   119.0
0.9585        -6020.750    -6035.761       15.012   119.1
0.9590        -6020.755    -6035.763       15.007   119.1
0.9595        -6020.741    -6035.763       15.022   119.2
0.9600        -6020.718    -6035.765       15.046   119.4
0.9605        -6020.721    -6035.767       15.046   119.4
0.9610        -6020.735    -6035.768       15.034   119.3
0.9615        -6020.722    -6035.771       15.048   119.4
0.9620        -6020.716    -6035.773       15.057   119.5
0.9625        -6020.709    -6035.776       15.067   119.5
0.9630        -6020.710    -6035.778       15.068   119.6
0.9635        -6020.677    -6035.780       15.103   119.8
0.9640        -6020.660    -6035.781       15.121   120.0
0.9645        -6020.665    -6035.782       15.117   120.0
0.9650        -6020.647    -6035.784       15.137   120.1
0.9655        -6020.639    -6035.785       15.145   120.2
0.9660        -6020.632    -6035.784       15.152   120.2
0.9665        -6020.602    -6035.783       15.181   120.5
0.9670        -6020.576    -6035.781       15.205   120.6
0.9675        -6020.597    -6035.779       15.181   120.5
0.9680        -6020.606    -6035.776       15.171   120.4
0.9685        -6020.560    -6035.774       15.214   120.7
0.9690        -6020.501    -6035.770       15.269   121.2
0.9695        -6020.499    -6035.767       15.268   121.1
0.9700        -6020.484    -6035.763       15.278   121.2
0.9705        -6020.499    -6035.758       15.259   121.1
0.9710        -6020.472    -6035.754       15.282   121.3
0.9715        -6020.474    -6035.748       15.273   121.2
0.9720        -6020.475    -6035.741       15.266   121.1
0.9725        -6020.418    -6035.734       15.316   121.5
0.9730        -6020.378    -6035.726       15.348   121.8
0.9735        -6020.343    -6035.716       15.373   122.0
0.9740        -6020.353    -6035.706       15.352   121.8
0.9745        -6020.310    -6035.695       15.385   122.1
0.9750        -6020.302    -6035.684       15.382   122.1
0.9755        -6020.311    -6035.672       15.361   121.9
0.9760        -6020.327    -6035.660       15.333   121.7
0.9765        -6020.330    -6035.646       15.316   121.5
0.9770        -6020.276    -6035.633       15.357   121.9
0.9775        -6020.313    -6035.619       15.306   121.4
0.9780        -6020.321    -6035.603       15.283   121.3
0.9785        -6020.318    -6035.588       15.269   121.2
0.9790        -6020.268    -6035.571       15.303   121.4
0.9795        -6020.273    -6035.553       15.280   121.2
0.9800        -6020.265    -6035.535       15.270   121.2
0.9805        -6020.252    -6035.517       15.265   121.1
0.9810        -6020.233    -6035.498       15.265   121.1
0.9815        -6020.236    -6035.480       15.244   121.0
0.9820        -6020.213    -6035.461       15.248   121.0
0.9825        -6020.203    -6035.442       15.239   120.9
0.9830        -6020.206    -6035.422       15.216   120.7
0.9835        -6020.179    -6035.402       15.222   120.8
0.9840        -6020.165    -6035.380       15.215   120.7
0.9845        -6020.156    -6035.359       15.203   120.6
0.9850        -6020.144    -6035.337       15.193   120.6
0.9855        -6020.137    -6035.316       15.178   120.4
0.9860        -6020.087    -6035.294       15.207   120.7
0.9865        -6020.059    -6035.273       15.213   120.7
0.9870        -6020.056    -6035.251       15.195   120.6
0.9875        -6020.044    -6035.230       15.185   120.5
0.9880        -6020.089    -6035.208       15.119   120.0
0.9885        -6020.048    -6035.186       15.138   120.1
0.9890        -6020.010    -6035.164       15.155   120.2
0.9895        -6019.988    -6035.142       15.153   120.2
0.9900        -6019.947    -6035.119       15.172   120.4
0.9905        -6019.941    -6035.096       15.154   120.2
0.9910        -6019.949    -6035.072       15.123   120.0
0.9915        -6019.975    -6035.048       15.073   119.6
0.9920        -6019.934    -6035.025       15.091   119.7
0.9925        -6019.922    -6035.002       15.080   119.7
0.9930        -6019.911    -6034.980       15.068   119.6
0.9935        -6019.897    -6034.958       15.061   119.5
0.9940        -6019.882    -6034.936       15.055   119.5
0.9945        -6019.882    -6034.915       15.033   119.3
0.9950        -6019.895    -6034.894       14.999   119.0
0.9955        -6019.898    -6034.875       14.977   118.8
0.9960        -6019.909    -6034.857       14.948   118.6
0.9965        -6019.914    -6034.839       14.926   118.4
0.9970        -6019.934    -6034.823       14.889   118.1
0.9975        -6019.907    -6034.808       14.901   118.2
0.9980        -6019.895    -6034.794       14.900   118.2
0.9985        -6019.896    -6034.781       14.885   118.1
0.9990        -6019.872    -6034.770       14.898   118.2
0.9995        -6019.863    -6034.758       14.895   118.2
1.0000        -6019.884    -6034.747       14.863   117.9
1.0005        -6019.875    -6034.737       14.862   117.9
1.0010        -6019.878    -6034.728       14.850   117.8
1.0015        -6019.874    -6034.720       14.846   117.8
1.0020        -6019.871    -6034.713       14.842   117.8
1.0025        -6019.834    -6034.706       14.872   118.0
1.0030        -6019.823    -6034.701       14.878   118.1
1.0035        -6019.809    -6034.696       14.887   118.1
1.0040        -6019.829    -6034.694       14.865   117.9
1.0045        -6019.795    -6034.691       14.897   118.2
1.0050        -6019.781    -6034.690       14.908   118.3
1.0055        -6019.749    -6034.688       14.939   118.5
1.0060        -6019.723    -6034.686       14.963   118.7
1.0065        -6019.724    -6034.685       14.961   118.7
1.0070        -6019.675    -6034.684       15.009   119.1
1.0075        -6019.655    -6034.683       15.028   119.2
1.0080        -6019.636    -6034.682       15.046   119.4
1.0085        -6019.618    -6034.682       15.064   119.5
1.0090        -6019.585    -6034.681       15.096   119.8
1.0095        -6019.586    -6034.680       15.094   119.8
1.0100        -6019.555    -6034.678       15.124   120.0
1.0105        -6019.533    -6034.677       15.144   120.2
1.0110        -6019.490    -6034.675       15.184   120.5
1.0115        -6019.493    -6034.672       15.178   120.4
1.0120        -6019.503    -6034.668       15.165   120.3
1.0125        -6019.450    -6034.663       15.214   120.7
1.0130        -6019.410    -6034.658       15.247   121.0
1.0135        -6019.401    -6034.651       15.250   121.0
1.0140        -6019.398    -6034.644       15.246   121.0
1.0145        -6019.372    -6034.637       15.265   121.1
1.0150        -6019.336    -6034.628       15.292   121.3
1.0155        -6019.284    -6034.620       15.335   121.7
1.0160        -6019.287    -6034.611       15.324   121.6
1.0165        -6019.273    -6034.602       15.329   121.6
1.0170        -6019.266    -6034.593       15.327   121.6
1.0175        -6019.236    -6034.582       15.346   121.8
1.0180        -6019.196    -6034.573       15.377   122.0
1.0185        -6019.157    -6034.563       15.406   122.2
1.0190        -6019.165    -6034.552       15.387   122.1
1.0195        -6019.158    -6034.542       15.384   122.1
1.0200        -6019.152    -6034.532       15.380   122.0
1.0205        -6019.156    -6034.522       15.365   121.9
1.0210        -6019.165    -6034.512       15.346   121.8
1.0215        -6019.157    -6034.502       15.345   121.8
1.0220        -6019.140    -6034.493       15.354   121.8
1.0225        -6019.154    -6034.484       15.330   121.6
1.0230        -6019.164    -6034.476       15.311   121.5
1.0235        -6019.165    -6034.467       15.302   121.4
1.0240        -6019.163    -6034.459       15.296   121.4
1.0245        -6019.197    -6034.451       15.255   121.0
1.0250        -6019.185    -6034.445       15.260   121.1
1.0255        -6019.180    -6034.438       15.258   121.1
1.0260        -6019.147    -6034.432       15.285   121.3
1.0265        -6019.115    -6034.427       15.312   121.5
1.0270        -6019.112    -6034.423       15.312   121.5
1.0275        -6019.052    -6034.421       15.369   121.9
1.0280        -6019.006    -6034.420       15.414   122.3
1.0285        -6018.986    -6034.420       15.434   122.5
1.0290        -6018.997    -6034.421       15.424   122.4
1.0295        -6018.983    -6034.422       15.439   122.5
1.0300        -6018.992    -6034.425       15.433   122.5
1.0305        -6019.000    -6034.430       15.430   122.4
1.0310        -6018.992    -6034.434       15.442   122.5
1.0315        -6019.040    -6034.438       15.399   122.2
1.0320        -6019.050    -6034.443       15.393   122.1
1.0325        -6019.056    -6034.450       15.394   122.1
1.0330        -6019.034    -6034.457       15.423   122.4
1.0335        -6019.017    -6034.464       15.447   122.6
1.0340        -6019.032    -6034.472       15.440   122.5
1.0345        -6019.035    -6034.480       15.445   122.6
1.0350        -6019.039    -6034.489       15.449   122.6
1.0355        -6019.062    -6034.497       15.435   122.5
1.0360        -6019.060    -6034.507       15.447   122.6
1.0365        -6019.030    -6034.517       15.486   122.9
1.0370        -6019.033    -6034.527       15.493   122.9
1.0375        -6019.041    -6034.537       15.496   123.0
1.0380        -6019.013    -6034.549       15.535   123.3
1.0385        -6018.977    -6034.561       15.584   123.7
1.0390        -6018.919    -6034.574       15.655   124.2
1.0395        -6018.894    -6034.587       15.693   124.5
1.0400        -6018.888    -6034.599       15.711   124.7
1.0405        -6018.886    -6034.611       15.725   124.8
1.0410        -6018.898    -6034.622       15.723   124.8
1.0415        -6018.891    -6034.631       15.740   124.9
1.0420        -6018.909    -6034.640       15.731   124.8
1.0425        -6018.902    -6034.648       15.746   124.9
1.0430        -6018.898    -6034.654       15.757   125.0
1.0435        -6018.882    -6034.661       15.778   125.2
1.0440        -6018.857    -6034.666       15.809   125.4
1.0445        -6018.866    -6034.669       15.803   125.4
1.0450        -6018.854    -6034.671       15.817   125.5
1.0455        -6018.816    -6034.672       15.856   125.8
1.0460        -6018.792    -6034.673       15.880   126.0
1.0465        -6018.748    -6034.672       15.924   126.4
1.0470        -6018.731    -6034.669       15.938   126.5
1.0475        -6018.700    -6034.666       15.967   126.7
1.0480        -6018.664    -6034.662       15.998   126.9
1.0485        -6018.645    -6034.657       16.012   127.0
1.0490        -6018.611    -6034.651       16.040   127.3
1.0495        -6018.630    -6034.644       16.014   127.1
1.0500        -6018.644    -6034.638       15.993   126.9
1.0505        -6018.649    -6034.630       15.982   126.8
1.0510        -6018.662    -6034.623       15.961   126.6
1.0515        -6018.653    -6034.614       15.961   126.6
1.0520        -6018.657    -6034.604       15.948   126.5
1.0525        -6018.639    -6034.594       15.955   126.6
1.0530        -6018.608    -6034.584       15.975   126.8
1.0535        -6018.608    -6034.572       15.963   126.7
1.0540        -6018.559    -6034.558       16.000   127.0
1.0545        -6018.520    -6034.545       16.025   127.2
1.0550        -6018.486    -6034.531       16.045   127.3
1.0555        -6018.446    -6034.517       16.070   127.5
1.0560        -6018.422    -6034.501       16.079   127.6
1.0565        -6018.408    -6034.485       16.077   127.6
1.0570        -6018.402    -6034.470       16.068   127.5
1.0575        -6018.405    -6034.453       16.048   127.3
1.0580        -6018.420    -6034.437       16.017   127.1
1.0585        -6018.412    -6034.420       16.008   127.0
1.0590        -6018.405    -6034.402       15.997   126.9
1.0595        -6018.417    -6034.385       15.968   126.7
1.0600        -6018.421    -6034.368       15.948   126.5
1.0605        -6018.420    -6034.352       15.932   126.4
1.0610        -6018.415    -6034.337       15.922   126.3
1.0615        -6018.413    -6034.323       15.910   126.2
1.0620        -6018.403    -6034.310       15.907   126.2
1.0625        -6018.370    -6034.297       15.928   126.4
1.0630        -6018.333    -6034.286       15.954   126.6
1.0635        -6018.325    -6034.276       15.951   126.6
1.0640        -6018.308    -6034.266       15.958   126.6
1.0645        -6018.310    -6034.258       15.948   126.5
1.0650        -6018.285    -6034.250       15.966   126.7
1.0655        -6018.269    -6034.243       15.974   126.8
1.0660        -6018.265    -6034.237       15.972   126.7
1.0665        -6018.209    -6034.232       16.023   127.1
1.0670        -6018.215    -6034.228       16.013   127.1
1.0675        -6018.271    -6034.224       15.953   126.6
1.0680        -6018.252    -6034.222       15.970   126.7
1.0685        -6018.212    -6034.220       16.008   127.0
1.0690        -6018.204    -6034.219       16.015   127.1
1.0695        -6018.192    -6034.220       16.028   127.2
1.0700        -6018.155    -6034.220       16.065   127.5
1.0705        -6018.122    -6034.222       16.100   127.7
1.0710        -6018.111    -6034.223       16.112   127.8
1.0715        -6018.089    -6034.225       16.136   128.0
1.0720        -6018.088    -6034.227       16.139   128.1
1.0725        -6018.088    -6034.228       16.140   128.1
1.0730        -6018.068    -6034.229       16.161   128.2
1.0735        -6018.041    -6034.230       16.189   128.5
1.0740        -6018.043    -6034.232       16.189   128.5
1.0745        -6018.036    -6034.233       16.197   128.5
1.0750        -6018.016    -6034.233       16.217   128.7
1.0755        -6017.997    -6034.232       16.235   128.8
1.0760        -6018.027    -6034.231       16.204   128.6
1.0765        -6018.032    -6034.229       16.197   128.5
1.0770        -6018.031    -6034.227       16.196   128.5
1.0775        -6017.989    -6034.225       16.236   128.8
1.0780        -6017.985    -6034.221       16.236   128.8
1.0785        -6017.933    -6034.217       16.284   129.2
1.0790        -6017.906    -6034.214       16.308   129.4
1.0795        -6017.904    -6034.209       16.305   129.4
1.0800        -6017.903    -6034.204       16.302   129.4
1.0805        -6017.892    -6034.199       16.307   129.4
1.0810        -6017.881    -6034.194       16.313   129.4
1.0815        -6017.865    -6034.189       16.324   129.5
1.0820        -6017.851    -6034.184       16.333   129.6
1.0825        -6017.859    -6034.179       16.320   129.5
1.0830        -6017.872    -6034.174       16.302   129.4
1.0835        -6017.835    -6034.169       16.334   129.6
1.0840        -6017.792    -6034.163       16.371   129.9
1.0845        -6017.783    -6034.158       16.374   129.9
1.0850        -6017.824    -6034.152       16.328   129.6
1.0855        -6017.815    -6034.147       16.332   129.6
1.0860        -6017.781    -6034.141       16.360   129.8
1.0865        -6017.762    -6034.137       16.375   129.9
1.0870        -6017.753    -6034.132       16.380   130.0
1.0875        -6017.776    -6034.129       16.353   129.8
1.0880        -6017.768    -6034.126       16.358   129.8
1.0885        -6017.769    -6034.124       16.355   129.8
1.0890        -6017.769    -6034.123       16.354   129.8
1.0895        -6017.745    -6034.124       16.379   130.0
1.0900        -6017.731    -6034.125       16.394   130.1
1.0905        -6017.714    -6034.127       16.413   130.2
1.0910        -6017.693    -6034.130       16.438   130.4
1.0915        -6017.641    -6034.134       16.493   130.9
1.0920        -6017.651    -6034.139       16.488   130.8
1.0925        -6017.650    -6034.145       16.494   130.9
1.0930        -6017.603    -6034.151       16.547   131.3
1.0935        -6017.576    -6034.158       16.582   131.6
1.0940        -6017.568    -6034.166       16.598   131.7
1.0945        -6017.546    -6034.174       16.628   131.9
1.0950        -6017.564    -6034.183       16.619   131.9
1.0955        -6017.544    -6034.193       16.649   132.1
1.0960        -6017.548    -6034.204       16.656   132.2
1.0965        -6017.493    -6034.215       16.722   132.7
1.0970        -6017.451    -6034.226       16.776   133.1
1.0975        -6017.448    -6034.238       16.790   133.2
1.0980        -6017.435    -6034.249       16.815   133.4
1.0985        -6017.404    -6034.261       16.857   133.8
1.0990        -6017.424    -6034.272       16.848   133.7
1.0995        -6017.403    -6034.283       16.880   133.9
1.1000        -6017.404    -6034.294       16.890   134.0
1.1005        -6017.411    -6034.305       16.894   134.0
1.1010        -6017.384    -6034.315       16.931   134.3
1.1015        -6017.401    -6034.324       16.924   134.3
1.1020        -6017.393    -6034.334       16.941   134.4
1.1025        -6017.345    -6034.343       16.998   134.9
1.1030        -6017.353    -6034.350       16.998   134.9
1.1035        -6017.320    -6034.356       17.036   135.2
1.1040        -6017.255    -6034.361       17.106   135.7
1.1045        -6017.263    -6034.365       17.101   135.7
1.1050        -6017.233    -6034.368       17.135   136.0
1.1055        -6017.257    -6034.370       17.113   135.8
1.1060        -6017.242    -6034.370       17.128   135.9
1.1065        -6017.225    -6034.368       17.143   136.0
1.1070        -6017.213    -6034.365       17.152   136.1
1.1075        -6017.216    -6034.361       17.145   136.0
1.1080        -6017.195    -6034.355       17.160   136.2
1.1085        -6017.169    -6034.348       17.179   136.3
1.1090        -6017.157    -6034.340       17.183   136.3
1.1095        -6017.156    -6034.331       17.175   136.3
1.1100        -6017.168    -6034.321       17.153   136.1
1.1105        -6017.200    -6034.310       17.110   135.8
1.1110        -6017.190    -6034.298       17.108   135.7
1.1115        -6017.163    -6034.285       17.122   135.9
1.1120        -6017.154    -6034.272       17.117   135.8
1.1125        -6017.140    -6034.258       17.118   135.8
1.1130        -6017.119    -6034.244       17.125   135.9
1.1135        -6017.063    -6034.230       17.167   136.2
1.1140        -6017.085    -6034.215       17.129   135.9
1.1145        -6017.089    -6034.201       17.112   135.8
1.1150        -6017.087    -6034.187       17.099   135.7
1.1155        -6017.093    -6034.173       17.080   135.5
1.1160        -6017.098    -6034.160       17.062   135.4
1.1165        -6017.099    -6034.148       17.049   135.3
1.1170        -6017.086    -6034.136       17.050   135.3
1.1175        -6017.059    -6034.125       17.066   135.4
1.1180        -6017.045    -6034.114       17.069   135.4
1.1185        -6017.075    -6034.104       17.029   135.1
1.1190        -6017.087    -6034.095       17.008   135.0
1.1195        -6017.073    -6034.087       17.014   135.0
1.1200        -6017.033    -6034.080       17.047   135.3
1.1205        -6017.054    -6034.075       17.021   135.1
1.1210        -6017.055    -6034.070       17.016   135.0
1.1215        -6017.069    -6034.067       16.998   134.9
1.1220        -6017.055    -6034.066       17.011   135.0
1.1225        -6017.052    -6034.066       17.014   135.0
1.1230        -6017.031    -6034.067       17.036   135.2
1.1235        -6017.033    -6034.069       17.036   135.2
1.1240        -6017.024    -6034.072       17.049   135.3
1.1245        -6017.027    -6034.076       17.049   135.3
1.1250        -6016.979    -6034.080       17.101   135.7
1.1255        -6016.954    -6034.084       17.130   135.9
1.1260        -6016.923    -6034.089       17.167   136.2
1.1265        -6016.910    -6034.094       17.184   136.3
1.1270        -6016.906    -6034.099       17.193   136.4
1.1275        -6016.882    -6034.103       17.221   136.6
1.1280        -6016.886    -6034.108       17.222   136.7
1.1285        -6016.903    -6034.112       17.208   136.5
1.1290        -6016.904    -6034.115       17.211   136.6
1.1295        -6016.930    -6034.119       17.189   136.4
1.1300        -6016.940    -6034.122       17.182   136.3
1.1305        -6016.926    -6034.125       17.199   136.5
1.1310        -6016.918    -6034.127       17.209   136.5
1.1315        -6016.928    -6034.129       17.201   136.5
1.1320        -6016.908    -6034.131       17.223   136.7
1.1325        -6016.874    -6034.131       17.257   136.9
1.1330        -6016.841    -6034.131       17.291   137.2
1.1335        -6016.845    -6034.132       17.287   137.2
1.1340        -6016.872    -6034.132       17.260   137.0
1.1345        -6016.878    -6034.131       17.253   136.9
1.1350        -6016.842    -6034.129       17.287   137.2
1.1355        -6016.862    -6034.126       17.263   137.0
1.1360        -6016.858    -6034.122       17.264   137.0
1.1365        -6016.852    -6034.116       17.264   137.0
1.1370        -6016.876    -6034.109       17.233   136.7
1.1375        -6016.853    -6034.101       17.247   136.9
1.1380        -6016.844    -6034.092       17.248   136.9
1.1385        -6016.799    -6034.081       17.283   137.1
1.1390        -6016.809    -6034.070       17.261   137.0
1.1395        -6016.857    -6034.056       17.199   136.5
1.1400        -6016.864    -6034.041       17.177   136.3
1.1405        -6016.882    -6034.024       17.142   136.0
1.1410        -6016.834    -6034.006       17.172   136.3
1.1415        -6016.812    -6033.986       17.174   136.3
1.1420        -6016.802    -6033.966       17.164   136.2
1.1425        -6016.825    -6033.944       17.120   135.8
1.1430        -6016.820    -6033.922       17.102   135.7
1.1435        -6016.813    -6033.898       17.086   135.6
1.1440        -6016.775    -6033.873       17.098   135.7
1.1445        -6016.740    -6033.848       17.108   135.7
1.1450        -6016.702    -6033.821       17.119   135.8
1.1455        -6016.675    -6033.793       17.118   135.8
1.1460        -6016.662    -6033.764       17.101   135.7
1.1465        -6016.673    -6033.734       17.061   135.4
1.1470        -6016.670    -6033.703       17.033   135.2
1.1475        -6016.668    -6033.673       17.005   134.9
1.1480        -6016.665    -6033.641       16.976   134.7
1.1485        -6016.663    -6033.610       16.946   134.5
1.1490        -6016.606    -6033.578       16.972   134.7
1.1495        -6016.624    -6033.548       16.924   134.3
1.1500        -6016.619    -6033.518       16.899   134.1
1.1505        -6016.569    -6033.489       16.920   134.3
1.1510        -6016.566    -6033.461       16.894   134.1
1.1515        -6016.569    -6033.433       16.864   133.8
1.1520        -6016.603    -6033.405       16.802   133.3
1.1525        -6016.620    -6033.378       16.758   133.0
1.1530        -6016.597    -6033.351       16.755   132.9
1.1535        -6016.577    -6033.326       16.749   132.9
1.1540        -6016.579    -6033.302       16.724   132.7
1.1545        -6016.540    -6033.280       16.739   132.8
1.1550        -6016.501    -6033.259       16.758   133.0
1.1555        -6016.475    -6033.240       16.765   133.0
1.1560        -6016.454    -6033.223       16.769   133.1
1.1565        -6016.422    -6033.208       16.786   133.2
1.1570        -6016.408    -6033.194       16.786   133.2
1.1575        -6016.412    -6033.182       16.769   133.1
1.1580        -6016.410    -6033.172       16.761   133.0
1.1585        -6016.418    -6033.163       16.745   132.9
1.1590        -6016.398    -6033.156       16.758   133.0
1.1595        -6016.401    -6033.151       16.750   132.9
1.1600        -6016.423    -6033.147       16.724   132.7
1.1605        -6016.400    -6033.143       16.743   132.9
1.1610        -6016.380    -6033.142       16.761   133.0
1.1615        -6016.361    -6033.141       16.781   133.1
1.1620        -6016.324    -6033.141       16.818   133.4
1.1625        -6016.311    -6033.142       16.831   133.6
1.1630        -6016.314    -6033.144       16.830   133.5
1.1635        -6016.278    -6033.147       16.868   133.8
1.1640        -6016.292    -6033.150       16.858   133.8
1.1645        -6016.276    -6033.154       16.878   133.9
1.1650        -6016.304    -6033.157       16.853   133.7
1.1655        -6016.337    -6033.162       16.825   133.5
1.1660        -6016.318    -6033.166       16.848   133.7
1.1665        -6016.274    -6033.170       16.896   134.1
1.1670        -6016.281    -6033.175       16.894   134.1
1.1675        -6016.306    -6033.180       16.874   133.9
1.1680        -6016.289    -6033.186       16.897   134.1
1.1685        -6016.314    -6033.190       16.876   133.9
1.1690        -6016.310    -6033.195       16.885   134.0
1.1695        -6016.284    -6033.198       16.914   134.2
1.1700        -6016.285    -6033.201       16.916   134.2
1.1705        -6016.260    -6033.204       16.944   134.4
1.1710        -6016.218    -6033.205       16.987   134.8
1.1715        -6016.203    -6033.205       17.003   134.9
1.1720        -6016.193    -6033.204       17.011   135.0
1.1725        -6016.183    -6033.201       17.018   135.0
1.1730        -6016.172    -6033.197       17.025   135.1
1.1735        -6016.151    -6033.191       17.040   135.2
1.1740        -6016.124    -6033.184       17.060   135.4
1.1745        -6016.124    -6033.176       17.052   135.3
1.1750        -6016.115    -6033.166       17.051   135.3
1.1755        -6016.130    -6033.155       17.025   135.1
1.1760        -6016.102    -6033.144       17.042   135.2
1.1765        -6016.106    -6033.132       17.026   135.1
1.1770        -6016.106    -6033.118       17.012   135.0
1.1775        -6016.086    -6033.104       17.018   135.0
1.1780        -6016.039    -6033.088       17.049   135.3
1.1785        -6016.028    -6033.072       17.044   135.2
1.1790        -6016.054    -6033.055       17.001   134.9
1.1795        -6016.053    -6033.037       16.984   134.8
1.1800        -6016.052    -6033.019       16.967   134.6
1.1805        -6016.046    -6033.001       16.955   134.5
1.1810        -6016.038    -6032.983       16.945   134.5
1.1815        -6016.039    -6032.966       16.927   134.3
1.1820        -6016.033    -6032.949       16.916   134.2
1.1825        -6016.021    -6032.933       16.912   134.2
1.1830        -6016.029    -6032.917       16.888   134.0
1.1835        -6016.015    -6032.903       16.888   134.0
1.1840        -6016.039    -6032.889       16.850   133.7
1.1845        -6016.015    -6032.876       16.861   133.8
1.1850        -6015.967    -6032.864       16.897   134.1
1.1855        -6015.924    -6032.853       16.929   134.3
1.1860        -6015.915    -6032.844       16.929   134.3
1.1865        -6015.900    -6032.836       16.936   134.4
1.1870        -6015.894    -6032.830       16.936   134.4
1.1875        -6015.900    -6032.826       16.927   134.3
1.1880        -6015.871    -6032.824       16.953   134.5
1.1885        -6015.900    -6032.824       16.925   134.3
1.1890        -6015.862    -6032.826       16.963   134.6
1.1895        -6015.846    -6032.829       16.983   134.8
1.1900        -6015.882    -6032.833       16.951   134.5
1.1905        -6015.871    -6032.840       16.969   134.6
1.1910        -6015.869    -6032.849       16.980   134.7
1.1915        -6015.878    -6032.859       16.981   134.7
1.1920        -6015.861    -6032.871       17.010   135.0
1.1925        -6015.833    -6032.884       17.051   135.3
1.1930        -6015.852    -6032.900       17.048   135.3
1.1935        -6015.836    -6032.917       17.081   135.5
1.1940        -6015.829    -6032.935       17.106   135.7
1.1945        -6015.812    -6032.954       17.143   136.0
1.1950        -6015.808    -6032.975       17.167   136.2
1.1955        -6015.805    -6032.996       17.191   136.4
1.1960        -6015.795    -6033.017       17.222   136.7
1.1965        -6015.765    -6033.039       17.274   137.1
1.1970        -6015.757    -6033.062       17.305   137.3
1.1975        -6015.716    -6033.085       17.369   137.8
1.1980        -6015.680    -6033.108       17.428   138.3
1.1985        -6015.689    -6033.131       17.442   138.4
1.1990        -6015.710    -6033.154       17.444   138.4
1.1995        -6015.715    -6033.176       17.461   138.5
1.2000        -6015.682    -6033.198       17.516   139.0
1.2005        -6015.646    -6033.217       17.571   139.4
1.2010        -6015.637    -6033.235       17.599   139.6
1.2015        -6015.619    -6033.253       17.634   139.9
1.2020        -6015.621    -6033.270       17.649   140.0
1.2025        -6015.657    -6033.286       17.629   139.9
1.2030        -6015.662    -6033.300       17.638   140.0
1.2035        -6015.615    -6033.313       17.698   140.4
1.2040        -6015.594    -6033.326       17.732   140.7
1.2045        -6015.548    -6033.335       17.788   141.1
1.2050        -6015.536    -6033.342       17.806   141.3
1.2055        -6015.512    -6033.346       17.834   141.5
1.2060        -6015.481    -6033.349       17.868   141.8
1.2065        -6015.498    -6033.351       17.853   141.7
1.2070        -6015.476    -6033.351       17.875   141.8
1.2075        -6015.473    -6033.351       17.878   141.9
1.2080        -6015.452    -6033.347       17.896   142.0
1.2085        -6015.415    -6033.342       17.927   142.2
1.2090        -6015.395    -6033.336       17.941   142.4
1.2095        -6015.405    -6033.328       17.923   142.2
1.2100        -6015.400    -6033.319       17.919   142.2
1.2105        -6015.393    -6033.308       17.915   142.1
1.2110        -6015.348    -6033.295       17.947   142.4
1.2115        -6015.304    -6033.280       17.977   142.6
1.2120        -6015.322    -6033.264       17.942   142.4
1.2125        -6015.301    -6033.248       17.946   142.4
1.2130        -6015.269    -6033.230       17.961   142.5
1.2135        -6015.295    -6033.212       17.917   142.2
1.2140        -6015.270    -6033.193       17.922   142.2
1.2145        -6015.279    -6033.173       17.894   142.0
1.2150        -6015.246    -6033.153       17.907   142.1
1.2155        -6015.252    -6033.133       17.881   141.9
1.2160        -6015.208    -6033.113       17.905   142.1
1.2165        -6015.237    -6033.092       17.855   141.7
1.2170        -6015.202    -6033.071       17.869   141.8
1.2175        -6015.194    -6033.051       17.857   141.7
1.2180        -6015.170    -6033.032       17.862   141.7
1.2185        -6015.165    -6033.012       17.848   141.6
1.2190        -6015.156    -6032.993       17.838   141.5
1.2195        -6015.161    -6032.973       17.812   141.3
1.2200        -6015.146    -6032.953       17.807   141.3
1.2205        -6015.163    -6032.934       17.771   141.0
1.2210        -6015.144    -6032.914       17.771   141.0
1.2215        -6015.170    -6032.895       17.724   140.6
1.2220        -6015.120    -6032.876       17.756   140.9
1.2225        -6015.104    -6032.859       17.754   140.9
1.2230        -6015.108    -6032.842       17.734   140.7
1.2235        -6015.123    -6032.826       17.703   140.5
1.2240        -6015.091    -6032.810       17.719   140.6
1.2245        -6015.057    -6032.795       17.738   140.7
1.2250        -6015.051    -6032.779       17.728   140.7
1.2255        -6015.079    -6032.765       17.686   140.3
1.2260        -6015.096    -6032.751       17.655   140.1
1.2265        -6015.145    -6032.739       17.594   139.6
1.2270        -6015.084    -6032.727       17.643   140.0
1.2275        -6015.015    -6032.716       17.701   140.5
1.2280        -6014.990    -6032.706       17.716   140.6
1.2285        -6015.006    -6032.696       17.690   140.4
1.2290        -6015.005    -6032.685       17.680   140.3
1.2295        -6015.015    -6032.676       17.661   140.1
1.2300        -6014.999    -6032.668       17.669   140.2
1.2305        -6015.005    -6032.660       17.655   140.1
1.2310        -6014.983    -6032.652       17.669   140.2
1.2315        -6014.992    -6032.645       17.653   140.1
1.2320        -6014.956    -6032.638       17.682   140.3
1.2325        -6014.957    -6032.632       17.675   140.2
1.2330        -6014.933    -6032.625       17.692   140.4
1.2335        -6014.901    -6032.619       17.718   140.6
1.2340        -6014.925    -6032.613       17.689   140.4
1.2345        -6014.938    -6032.608       17.670   140.2
1.2350        -6014.934    -6032.603       17.669   140.2
1.2355        -6014.936    -6032.597       17.661   140.1
1.2360        -6014.913    -6032.593       17.680   140.3
1.2365        -6014.852    -6032.591       17.739   140.8
1.2370        -6014.820    -6032.588       17.768   141.0
1.2375        -6014.854    -6032.586       17.732   140.7
1.2380        -6014.802    -6032.584       17.783   141.1
1.2385        -6014.781    -6032.583       17.802   141.3
1.2390        -6014.756    -6032.581       17.825   141.4
1.2395        -6014.749    -6032.581       17.832   141.5
1.2400        -6014.717    -6032.579       17.862   141.7
1.2405        -6014.679    -6032.578       17.899   142.0
1.2410        -6014.688    -6032.577       17.889   141.9
1.2415        -6014.662    -6032.577       17.915   142.2
1.2420        -6014.649    -6032.576       17.927   142.2
1.2425        -6014.643    -6032.576       17.933   142.3
1.2430        -6014.640    -6032.575       17.935   142.3
1.2435        -6014.615    -6032.573       17.959   142.5
1.2440        -6014.633    -6032.571       17.938   142.3
1.2445        -6014.632    -6032.569       17.937   142.3
1.2450        -6014.589    -6032.566       17.977   142.6
1.2455        -6014.570    -6032.563       17.992   142.8
1.2460        -6014.523    -6032.559       18.036   143.1
1.2465        -6014.524    -6032.554       18.030   143.1
1.2470        -6014.563    -6032.548       17.985   142.7
1.2475        -6014.538    -6032.542       18.005   142.9
1.2480        -6014.538    -6032.535       17.997   142.8
1.2485        -6014.521    -6032.529       18.008   142.9
1.2490        -6014.501    -6032.523       18.022   143.0
1.2495        -6014.507    -6032.515       18.008   142.9
1.2500        -6014.497    -6032.507       18.009   142.9
1.2505        -6014.540    -6032.497       17.957   142.5
1.2510        -6014.598    -6032.487       17.890   141.9
1.2515        -6014.611    -6032.477       17.866   141.8
1.2520        -6014.580    -6032.465       17.886   141.9
1.2525        -6014.561    -6032.454       17.892   142.0
1.2530        -6014.554    -6032.442       17.888   141.9
1.2535        -6014.537    -6032.430       17.892   142.0
1.2540        -6014.551    -6032.418       17.867   141.8
1.2545        -6014.563    -6032.405       17.843   141.6
1.2550        -6014.542    -6032.392       17.849   141.6
1.2555        -6014.539    -6032.378       17.838   141.5
1.2560        -6014.542    -6032.363       17.821   141.4
1.2565        -6014.548    -6032.348       17.800   141.2
1.2570        -6014.521    -6032.332       17.811   141.3
1.2575        -6014.515    -6032.316       17.800   141.2
1.2580        -6014.515    -6032.299       17.785   141.1
1.2585        -6014.517    -6032.283       17.766   141.0
1.2590        -6014.509    -6032.268       17.759   140.9
1.2595        -6014.520    -6032.252       17.732   140.7
1.2600        -6014.553    -6032.236       17.683   140.3
1.2605        -6014.546    -6032.220       17.674   140.2
1.2610        -6014.533    -6032.203       17.671   140.2
1.2615        -6014.513    -6032.187       17.674   140.2
1.2620        -6014.492    -6032.172       17.680   140.3
1.2625        -6014.486    -6032.158       17.671   140.2
1.2630        -6014.508    -6032.144       17.636   139.9
1.2635        -6014.528    -6032.132       17.604   139.7
1.2640        -6014.518    -6032.120       17.602   139.7
1.2645        -6014.500    -6032.109       17.609   139.7
1.2650        -6014.480    -6032.099       17.618   139.8
1.2655        -6014.489    -6032.089       17.600   139.7
1.2660        -6014.500    -6032.081       17.581   139.5
1.2665        -6014.508    -6032.073       17.565   139.4
1.2670        -6014.487    -6032.065       17.579   139.5
1.2675        -6014.437    -6032.059       17.621   139.8
1.2680        -6014.421    -6032.053       17.631   139.9
1.2685        -6014.433    -6032.048       17.615   139.8
1.2690        -6014.419    -6032.043       17.624   139.8
1.2695        -6014.352    -6032.040       17.688   140.3
1.2700        -6014.340    -6032.036       17.697   140.4
1.2705        -6014.346    -6032.034       17.688   140.3
1.2710        -6014.327    -6032.031       17.704   140.5
1.2715        -6014.346    -6032.029       17.683   140.3
1.2720        -6014.339    -6032.027       17.688   140.3
1.2725        -6014.306    -6032.026       17.720   140.6
1.2730        -6014.307    -6032.025       17.718   140.6
1.2735        -6014.282    -6032.025       17.742   140.8
1.2740        -6014.231    -6032.024       17.793   141.2
1.2745        -6014.239    -6032.024       17.785   141.1
1.2750        -6014.239    -6032.024       17.785   141.1
1.2755        -6014.229    -6032.024       17.795   141.2
1.2760        -6014.223    -6032.024       17.801   141.2
1.2765        -6014.201    -6032.023       17.822   141.4
1.2770        -6014.161    -6032.022       17.862   141.7
1.2775        -6014.188    -6032.022       17.834   141.5
1.2780        -6014.143    -6032.021       17.878   141.9
1.2785        -6014.109    -6032.020       17.911   142.1
1.2790        -6014.134    -6032.020       17.886   141.9
1.2795        -6014.148    -6032.021       17.873   141.8
1.2800        -6014.151    -6032.021       17.870   141.8
1.2805        -6014.173    -6032.022       17.849   141.6
1.2810        -6014.174    -6032.023       17.849   141.6
1.2815        -6014.152    -6032.024       17.872   141.8
1.2820        -6014.167    -6032.026       17.859   141.7
1.2825        -6014.130    -6032.027       17.898   142.0
1.2830        -6014.078    -6032.029       17.951   142.4
1.2835        -6014.068    -6032.032       17.965   142.5
1.2840        -6014.069    -6032.037       17.968   142.6
1.2845        -6014.037    -6032.041       18.004   142.9
1.2850        -6014.016    -6032.045       18.029   143.1
1.2855        -6014.002    -6032.049       18.047   143.2
1.2860        -6013.984    -6032.054       18.069   143.4
1.2865        -6013.999    -6032.059       18.059   143.3
1.2870        -6014.026    -6032.064       18.038   143.1
1.2875        -6014.010    -6032.070       18.060   143.3
1.2880        -6013.996    -6032.076       18.080   143.5
1.2885        -6013.965    -6032.083       18.118   143.8
1.2890        -6013.931    -6032.090       18.159   144.1
1.2895        -6013.909    -6032.097       18.188   144.3
1.2900        -6013.892    -6032.104       18.212   144.5
1.2905        -6013.878    -6032.111       18.232   144.7
1.2910        -6013.886    -6032.117       18.232   144.7
1.2915        -6013.852    -6032.124       18.272   145.0
1.2920        -6013.861    -6032.131       18.270   145.0
1.2925        -6013.840    -6032.138       18.298   145.2
1.2930        -6013.846    -6032.146       18.301   145.2
1.2935        -6013.832    -6032.154       18.322   145.4
1.2940        -6013.827    -6032.163       18.336   145.5
1.2945        -6013.798    -6032.170       18.372   145.8
1.2950        -6013.852    -6032.178       18.326   145.4
1.2955        -6013.827    -6032.185       18.358   145.7
1.2960        -6013.813    -6032.192       18.379   145.8
1.2965        -6013.810    -6032.200       18.390   145.9
1.2970        -6013.803    -6032.206       18.403   146.0
1.2975        -6013.807    -6032.212       18.406   146.0
1.2980        -6013.791    -6032.219       18.428   146.2
1.2985        -6013.808    -6032.226       18.417   146.1
1.2990        -6013.788    -6032.232       18.443   146.3
1.2995        -6013.796    -6032.238       18.441   146.3
1.3000        -6013.782    -6032.244       18.462   146.5
1.3005        -6013.780    -6032.250       18.470   146.6
1.3010        -6013.773    -6032.256       18.483   146.7
1.3015        -6013.755    -6032.261       18.506   146.8
1.3020        -6013.750    -6032.266       18.516   146.9
1.3025        -6013.708    -6032.271       18.562   147.3
1.3030        -6013.702    -6032.275       18.573   147.4
1.3035        -6013.689    -6032.280       18.591   147.5
1.3040        -6013.694    -6032.284       18.590   147.5
1.3045        -6013.692    -6032.288       18.596   147.6
1.3050        -6013.703    -6032.292       18.589   147.5
1.3055        -6013.688    -6032.297       18.609   147.7
1.3060        -6013.697    -6032.301       18.604   147.6
1.3065        -6013.706    -6032.306       18.600   147.6
1.3070        -6013.690    -6032.310       18.621   147.8
1.3075        -6013.699    -6032.314       18.615   147.7
1.3080        -6013.714    -6032.318       18.604   147.6
1.3085        -6013.732    -6032.323       18.590   147.5
1.3090        -6013.716    -6032.327       18.611   147.7
1.3095        -6013.697    -6032.331       18.634   147.9
1.3100        -6013.688    -6032.336       18.647   148.0
1.3105        -6013.685    -6032.340       18.655   148.0
1.3110        -6013.654    -6032.345       18.692   148.3
1.3115        -6013.619    -6032.350       18.730   148.6
1.3120        -6013.592    -6032.354       18.762   148.9
1.3125        -6013.596    -6032.358       18.762   148.9
1.3130        -6013.608    -6032.363       18.755   148.8
1.3135        -6013.577    -6032.368       18.791   149.1
1.3140        -6013.593    -6032.373       18.780   149.0
1.3145        -6013.613    -6032.378       18.766   148.9
1.3150        -6013.612    -6032.384       18.772   148.9
1.3155        -6013.595    -6032.389       18.794   149.1
1.3160        -6013.595    -6032.395       18.800   149.2
1.3165        -6013.592    -6032.401       18.809   149.2
1.3170        -6013.589    -6032.408       18.819   149.3
1.3175        -6013.610    -6032.413       18.803   149.2
1.3180        -6013.567    -6032.416       18.850   149.6
1.3185        -6013.552    -6032.420       18.868   149.7
1.3190        -6013.543    -6032.422       18.880   149.8
1.3195        -6013.537    -6032.425       18.888   149.9
1.3200        -6013.559    -6032.427       18.868   149.7
1.3205        -6013.561    -6032.429       18.868   149.7
1.3210        -6013.544    -6032.431       18.886   149.9
1.3215        -6013.507    -6032.432       18.924   150.2
1.3220        -6013.512    -6032.431       18.920   150.1
1.3225        -6013.469    -6032.430       18.961   150.4
1.3230        -6013.433    -6032.428       18.995   150.7
1.3235        -6013.399    -6032.425       19.026   151.0
1.3240        -6013.403    -6032.420       19.017   150.9
1.3245        -6013.408    -6032.415       19.007   150.8
1.3250        -6013.359    -6032.409       19.050   151.2
1.3255        -6013.382    -6032.402       19.020   150.9
1.3260        -6013.373    -6032.394       19.020   150.9
1.3265        -6013.353    -6032.383       19.030   151.0
1.3270        -6013.365    -6032.373       19.008   150.8
1.3275        -6013.361    -6032.362       19.001   150.8
1.3280        -6013.363    -6032.350       18.987   150.7
1.3285        -6013.340    -6032.337       18.997   150.7
1.3290        -6013.304    -6032.322       19.018   150.9
1.3295        -6013.272    -6032.307       19.036   151.0
1.3300        -6013.255    -6032.292       19.037   151.1
1.3305        -6013.239    -6032.276       19.037   151.1
1.3310        -6013.253    -6032.259       19.006   150.8
1.3315        -6013.250    -6032.244       18.993   150.7
1.3320        -6013.223    -6032.227       19.004   150.8
1.3325        -6013.215    -6032.210       18.994   150.7
1.3330        -6013.189    -6032.193       19.003   150.8
1.3335        -6013.171    -6032.176       19.005   150.8
1.3340        -6013.163    -6032.158       18.995   150.7
1.3345        -6013.135    -6032.141       19.006   150.8
1.3350        -6013.155    -6032.124       18.969   150.5
1.3355        -6013.148    -6032.107       18.959   150.4
1.3360        -6013.161    -6032.091       18.931   150.2
1.3365        -6013.130    -6032.076       18.946   150.3
1.3370        -6013.120    -6032.062       18.942   150.3
1.3375        -6013.111    -6032.048       18.936   150.3
1.3380        -6013.072    -6032.034       18.962   150.5
1.3385        -6013.097    -6032.021       18.925   150.2
1.3390        -6013.071    -6032.008       18.938   150.3
1.3395        -6013.065    -6031.996       18.931   150.2
1.3400        -6013.069    -6031.984       18.916   150.1
1.3405        -6013.051    -6031.973       18.922   150.1
1.3410        -6013.059    -6031.963       18.904   150.0
1.3415        -6013.086    -6031.954       18.868   149.7
1.3420        -6013.011    -6031.946       18.935   150.2
1.3425        -6012.989    -6031.939       18.950   150.4
1.3430        -6012.978    -6031.932       18.954   150.4
1.3435        -6012.964    -6031.926       18.961   150.5
1.3440        -6012.981    -6031.920       18.939   150.3
1.3445        -6012.954    -6031.915       18.961   150.4
1.3450        -6012.947    -6031.911       18.963   150.5
1.3455        -6012.946    -6031.906       18.960   150.4
1.3460        -6012.944    -6031.902       18.958   150.4
1.3465        -6012.906    -6031.898       18.991   150.7
1.3470        -6012.947    -6031.893       18.947   150.3
1.3475        -6012.950    -6031.889       18.939   150.3
1.3480        -6012.931    -6031.884       18.953   150.4
1.3485        -6012.922    -6031.879       18.957   150.4
1.3490        -6012.928    -6031.874       18.946   150.3
1.3495        -6012.910    -6031.870       18.960   150.4
1.3500        -6012.901    -6031.866       18.965   150.5
1.3505        -6012.873    -6031.861       18.988   150.7
1.3510        -6012.858    -6031.858       19.000   150.8
1.3515        -6012.861    -6031.855       18.994   150.7
1.3520        -6012.861    -6031.852       18.991   150.7
1.3525        -6012.819    -6031.850       19.032   151.0
1.3530        -6012.823    -6031.848       19.024   151.0
1.3535        -6012.839    -6031.846       19.008   150.8
1.3540        -6012.819    -6031.845       19.025   151.0
1.3545        -6012.805    -6031.844       19.038   151.1
1.3550        -6012.767    -6031.843       19.075   151.4
1.3555        -6012.819    -6031.842       19.024   150.9
1.3560        -6012.742    -6031.843       19.101   151.6
1.3565        -6012.721    -6031.844       19.123   151.7
1.3570        -6012.745    -6031.845       19.101   151.6
1.3575        -6012.744    -6031.848       19.104   151.6
1.3580        -6012.719    -6031.851       19.132   151.8
1.3585        -6012.698    -6031.854       19.155   152.0
1.3590        -6012.675    -6031.857       19.182   152.2
1.3595        -6012.635    -6031.861       19.226   152.6
1.3600        -6012.621    -6031.867       19.246   152.7
1.3605        -6012.580    -6031.873       19.293   153.1
1.3610        -6012.549    -6031.880       19.331   153.4
1.3615        -6012.526    -6031.888       19.362   153.6
1.3620        -6012.499    -6031.898       19.399   153.9
1.3625        -6012.528    -6031.908       19.380   153.8
1.3630        -6012.521    -6031.919       19.398   153.9
1.3635        -6012.513    -6031.931       19.418   154.1
1.3640        -6012.489    -6031.944       19.455   154.4
1.3645        -6012.433    -6031.958       19.525   154.9
1.3650        -6012.391    -6031.973       19.582   155.4
1.3655        -6012.353    -6031.989       19.635   155.8
1.3660        -6012.342    -6032.004       19.662   156.0
1.3665        -6012.368    -6032.020       19.652   155.9
1.3670        -6012.342    -6032.037       19.695   156.3
1.3675        -6012.346    -6032.053       19.708   156.4
1.3680        -6012.347    -6032.070       19.723   156.5
1.3685        -6012.371    -6032.086       19.715   156.4
1.3690        -6012.368    -6032.102       19.734   156.6
1.3695        -6012.325    -6032.116       19.791   157.0
1.3700        -6012.361    -6032.128       19.767   156.8
1.3705        -6012.339    -6032.139       19.801   157.1
1.3710        -6012.309    -6032.149       19.840   157.4
1.3715        -6012.324    -6032.156       19.832   157.4
1.3720        -6012.298    -6032.162       19.864   157.6
1.3725        -6012.279    -6032.166       19.887   157.8
1.3730        -6012.282    -6032.168       19.886   157.8
1.3735        -6012.238    -6032.168       19.930   158.1
1.3740        -6012.209    -6032.167       19.958   158.4
1.3745        -6012.191    -6032.164       19.973   158.5
1.3750        -6012.199    -6032.158       19.960   158.4
1.3755        -6012.162    -6032.151       19.988   158.6
1.3760        -6012.123    -6032.140       20.017   158.8
1.3765        -6012.070    -6032.126       20.056   159.1
1.3770        -6012.036    -6032.110       20.073   159.3
1.3775        -6012.028    -6032.090       20.062   159.2
1.3780        -6012.037    -6032.069       20.031   158.9
1.3785        -6012.027    -6032.045       20.018   158.8
1.3790        -6012.025    -6032.020       19.995   158.7
1.3795        -6012.033    -6031.993       19.960   158.4
1.3800        -6012.024    -6031.964       19.940   158.2
1.3805        -6012.062    -6031.933       19.871   157.7
1.3810        -6012.121    -6031.900       19.779   156.9
1.3815        -6012.107    -6031.865       19.757   156.8
1.3820        -6012.077    -6031.827       19.750   156.7
1.3825        -6012.071    -6031.788       19.717   156.5
1.3830        -6012.067    -6031.748       19.681   156.2
1.3835        -6012.077    -6031.705       19.628   155.7
1.3840        -6012.100    -6031.661       19.562   155.2
1.3845        -6012.069    -6031.617       19.547   155.1
1.3850        -6012.035    -6031.570       19.535   155.0
1.3855        -6011.978    -6031.522       19.545   155.1
1.3860        -6011.956    -6031.474       19.518   154.9
1.3865        -6011.975    -6031.426       19.451   154.3
1.3870        -6012.002    -6031.378       19.376   153.7
1.3875        -6011.958    -6031.329       19.370   153.7
1.3880        -6011.928    -6031.279       19.351   153.5
1.3885        -6011.930    -6031.229       19.299   153.1
1.3890        -6011.901    -6031.179       19.278   153.0
1.3895        -6011.856    -6031.128       19.272   152.9
1.3900        -6011.869    -6031.077       19.208   152.4
1.3905        -6011.881    -6031.026       19.145   151.9
1.3910        -6011.828    -6030.975       19.147   151.9
1.3915        -6011.798    -6030.925       19.128   151.8
1.3920        -6011.802    -6030.877       19.075   151.4
1.3925        -6011.784    -6030.829       19.045   151.1
1.3930        -6011.762    -6030.783       19.021   150.9
1.3935        -6011.744    -6030.738       18.994   150.7
1.3940        -6011.765    -6030.694       18.930   150.2
1.3945        -6011.779    -6030.651       18.872   149.7
1.3950        -6011.780    -6030.610       18.830   149.4
1.3955        -6011.778    -6030.570       18.792   149.1
1.3960        -6011.781    -6030.532       18.751   148.8
1.3965        -6011.808    -6030.496       18.687   148.3
1.3970        -6011.840    -6030.462       18.622   147.8
1.3975        -6011.832    -6030.431       18.599   147.6
1.3980        -6011.832    -6030.402       18.570   147.3
1.3985        -6011.810    -6030.375       18.565   147.3
1.3990        -6011.752    -6030.349       18.597   147.6
1.3995        -6011.737    -6030.324       18.587   147.5
1.4000        -6011.720    -6030.301       18.581   147.4
1.4005        -6011.749    -6030.278       18.530   147.0
1.4010        -6011.742    -6030.257       18.515   146.9
1.4015        -6011.732    -6030.237       18.505   146.8
1.4020        -6011.743    -6030.217       18.475   146.6
1.4025        -6011.741    -6030.199       18.458   146.5
1.4030        -6011.750    -6030.181       18.431   146.2
1.4035        -6011.744    -6030.164       18.420   146.2
1.4040        -6011.720    -6030.147       18.427   146.2
1.4045        -6011.717    -6030.130       18.413   146.1
1.4050        -6011.724    -6030.114       18.391   145.9
1.4055        -6011.708    -6030.098       18.390   145.9
1.4060        -6011.692    -6030.083       18.391   145.9
1.4065        -6011.684    -6030.068       18.384   145.9
1.4070        -6011.661    -6030.052       18.392   145.9
1.4075        -6011.612    -6030.037       18.425   146.2
1.4080        -6011.592    -6030.022       18.430   146.2
1.4085        -6011.570    -6030.006       18.437   146.3
1.4090        -6011.550    -6029.991       18.441   146.3
1.4095        -6011.569    -6029.976       18.408   146.1
1.4100        -6011.572    -6029.962       18.390   145.9
1.4105        -6011.549    -6029.948       18.400   146.0
1.4110        -6011.561    -6029.935       18.374   145.8
1.4115        -6011.560    -6029.922       18.362   145.7
1.4120        -6011.602    -6029.909       18.307   145.3
1.4125        -6011.591    -6029.898       18.307   145.3
1.4130        -6011.564    -6029.888       18.324   145.4
1.4135        -6011.540    -6029.881       18.340   145.5
1.4140        -6011.521    -6029.874       18.353   145.6
1.4145        -6011.536    -6029.869       18.333   145.5
1.4150        -6011.536    -6029.865       18.329   145.4
1.4155        -6011.507    -6029.863       18.356   145.6
1.4160        -6011.513    -6029.863       18.350   145.6
1.4165        -6011.512    -6029.864       18.353   145.6
1.4170        -6011.514    -6029.868       18.354   145.6
1.4175        -6011.479    -6029.872       18.393   145.9
1.4180        -6011.476    -6029.878       18.402   146.0
1.4185        -6011.441    -6029.886       18.445   146.4
1.4190        -6011.459    -6029.895       18.436   146.3
1.4195        -6011.478    -6029.906       18.429   146.2
1.4200        -6011.503    -6029.919       18.416   146.1
1.4205        -6011.524    -6029.933       18.410   146.1
1.4210        -6011.490    -6029.949       18.459   146.5
1.4215        -6011.474    -6029.966       18.492   146.7
1.4220        -6011.469    -6029.985       18.515   146.9
1.4225        -6011.472    -6030.005       18.533   147.1
1.4230        -6011.466    -6030.026       18.560   147.3
1.4235        -6011.476    -6030.047       18.571   147.4
1.4240        -6011.457    -6030.069       18.612   147.7
1.4245        -6011.467    -6030.092       18.625   147.8
1.4250        -6011.443    -6030.113       18.670   148.1
1.4255        -6011.489    -6030.135       18.646   148.0
1.4260        -6011.492    -6030.156       18.665   148.1
1.4265        -6011.471    -6030.177       18.706   148.4
1.4270        -6011.460    -6030.198       18.738   148.7
1.4275        -6011.468    -6030.218       18.750   148.8
1.4280        -6011.462    -6030.239       18.777   149.0
1.4285        -6011.480    -6030.259       18.779   149.0
1.4290        -6011.477    -6030.278       18.801   149.2
1.4295        -6011.505    -6030.296       18.791   149.1
1.4300        -6011.492    -6030.313       18.820   149.3
1.4305        -6011.474    -6030.329       18.855   149.6
1.4310        -6011.478    -6030.342       18.864   149.7
1.4315        -6011.456    -6030.354       18.899   150.0
1.4320        -6011.456    -6030.365       18.909   150.0
1.4325        -6011.432    -6030.375       18.943   150.3
1.4330        -6011.422    -6030.384       18.961   150.5
1.4335        -6011.403    -6030.391       18.988   150.7
1.4340        -6011.406    -6030.396       18.991   150.7
1.4345        -6011.413    -6030.400       18.987   150.7
1.4350        -6011.449    -6030.402       18.952   150.4
1.4355        -6011.443    -6030.403       18.961   150.4
1.4360        -6011.460    -6030.403       18.943   150.3
1.4365        -6011.479    -6030.401       18.922   150.1
1.4370        -6011.456    -6030.398       18.942   150.3
1.4375        -6011.440    -6030.393       18.954   150.4
1.4380        -6011.424    -6030.387       18.963   150.5
1.4385        -6011.428    -6030.379       18.951   150.4
1.4390        -6011.464    -6030.370       18.906   150.0
1.4395        -6011.426    -6030.360       18.934   150.2
1.4400        -6011.371    -6030.348       18.977   150.6
1.4405        -6011.377    -6030.335       18.958   150.4
1.4410        -6011.414    -6030.322       18.908   150.0
1.4415        -6011.399    -6030.307       18.908   150.0
1.4420        -6011.400    -6030.291       18.892   149.9
1.4425        -6011.380    -6030.277       18.896   149.9
1.4430        -6011.405    -6030.262       18.857   149.6
1.4435        -6011.383    -6030.248       18.865   149.7
1.4440        -6011.397    -6030.235       18.838   149.5
1.4445        -6011.393    -6030.224       18.831   149.4
1.4450        -6011.374    -6030.214       18.840   149.5
1.4455        -6011.357    -6030.206       18.849   149.6
1.4460        -6011.333    -6030.199       18.866   149.7
1.4465        -6011.281    -6030.192       18.911   150.1
1.4470        -6011.260    -6030.186       18.925   150.2
1.4475        -6011.278    -6030.180       18.901   150.0
1.4480        -6011.258    -6030.175       18.917   150.1
1.4485        -6011.237    -6030.174       18.937   150.3
1.4490        -6011.254    -6030.176       18.921   150.1
1.4495        -6011.251    -6030.180       18.929   150.2
1.4500        -6011.233    -6030.187       18.954   150.4
1.4505        -6011.242    -6030.195       18.953   150.4
1.4510        -6011.237    -6030.206       18.969   150.5
1.4515        -6011.224    -6030.220       18.995   150.7
1.4520        -6011.191    -6030.235       19.044   151.1
1.4525        -6011.159    -6030.252       19.094   151.5
1.4530        -6011.124    -6030.272       19.148   151.9
1.4535        -6011.110    -6030.295       19.186   152.2
1.4540        -6011.100    -6030.321       19.220   152.5
1.4545        -6011.063    -6030.348       19.285   153.0
1.4550        -6011.062    -6030.376       19.314   153.3
1.4555        -6011.036    -6030.406       19.370   153.7
1.4560        -6011.018    -6030.438       19.420   154.1
1.4565        -6010.984    -6030.471       19.488   154.6
1.4570        -6010.980    -6030.506       19.526   154.9
1.4575        -6010.966    -6030.541       19.576   155.3
1.4580        -6010.985    -6030.578       19.593   155.5
1.4585        -6010.958    -6030.616       19.658   156.0
1.4590        -6010.959    -6030.654       19.695   156.3
1.4595        -6010.934    -6030.692       19.759   156.8
1.4600        -6010.916    -6030.732       19.816   157.2
1.4605        -6010.906    -6030.772       19.866   157.6
1.4610        -6010.904    -6030.813       19.909   158.0
1.4615        -6010.897    -6030.854       19.957   158.4
1.4620        -6010.877    -6030.895       20.017   158.8
1.4625        -6010.840    -6030.936       20.095   159.5
1.4630        -6010.860    -6030.977       20.116   159.6
1.4635        -6010.819    -6031.017       20.198   160.3
1.4640        -6010.855    -6031.056       20.201   160.3
1.4645        -6010.840    -6031.095       20.255   160.7
1.4650        -6010.861    -6031.133       20.272   160.9
1.4655        -6010.837    -6031.171       20.334   161.3
1.4660        -6010.807    -6031.207       20.399   161.9
1.4665        -6010.796    -6031.242       20.446   162.2
1.4670        -6010.799    -6031.276       20.476   162.5
1.4675        -6010.784    -6031.308       20.524   162.8
1.4680        -6010.787    -6031.339       20.552   163.1
1.4685        -6010.798    -6031.368       20.571   163.2
1.4690        -6010.762    -6031.395       20.634   163.7
1.4695        -6010.746    -6031.420       20.674   164.0
1.4700        -6010.697    -6031.443       20.745   164.6
1.4705        -6010.727    -6031.463       20.736   164.5
1.4710        -6010.725    -6031.481       20.757   164.7
1.4715        -6010.730    -6031.496       20.766   164.8
1.4720        -6010.727    -6031.509       20.781   164.9
1.4725        -6010.714    -6031.519       20.804   165.1
1.4730        -6010.711    -6031.527       20.816   165.2
1.4735        -6010.710    -6031.532       20.821   165.2
1.4740        -6010.704    -6031.534       20.831   165.3
1.4745        -6010.686    -6031.534       20.848   165.4
1.4750        -6010.667    -6031.531       20.864   165.5
1.4755        -6010.633    -6031.525       20.892   165.8
1.4760        -6010.618    -6031.516       20.898   165.8
1.4765        -6010.612    -6031.503       20.891   165.8
1.4770        -6010.599    -6031.489       20.889   165.8
1.4775        -6010.623    -6031.471       20.849   165.4
1.4780        -6010.597    -6031.452       20.855   165.5
1.4785        -6010.605    -6031.430       20.826   165.2
1.4790        -6010.554    -6031.407       20.853   165.5
1.4795        -6010.559    -6031.383       20.823   165.2
1.4800        -6010.519    -6031.356       20.838   165.3
1.4805        -6010.509    -6031.328       20.819   165.2
1.4810        -6010.477    -6031.299       20.821   165.2
1.4815        -6010.478    -6031.269       20.790   165.0
1.4820        -6010.531    -6031.238       20.706   164.3
1.4825        -6010.517    -6031.206       20.689   164.2
1.4830        -6010.510    -6031.174       20.663   164.0
1.4835        -6010.458    -6031.141       20.683   164.1
1.4840        -6010.454    -6031.107       20.653   163.9
1.4845        -6010.431    -6031.073       20.642   163.8
1.4850        -6010.430    -6031.039       20.609   163.5
1.4855        -6010.402    -6031.005       20.603   163.5
1.4860        -6010.402    -6030.972       20.570   163.2
1.4865        -6010.415    -6030.940       20.525   162.9
1.4870        -6010.405    -6030.908       20.503   162.7
1.4875        -6010.394    -6030.877       20.483   162.5
1.4880        -6010.387    -6030.847       20.461   162.3
1.4885        -6010.387    -6030.819       20.432   162.1
1.4890        -6010.408    -6030.793       20.385   161.8
1.4895        -6010.435    -6030.767       20.332   161.3
1.4900        -6010.407    -6030.743       20.336   161.4
1.4905        -6010.386    -6030.720       20.334   161.3
1.4910        -6010.406    -6030.699       20.294   161.0
1.4915        -6010.396    -6030.680       20.285   161.0
1.4920        -6010.379    -6030.664       20.285   161.0
1.4925        -6010.349    -6030.649       20.301   161.1
1.4930        -6010.345    -6030.638       20.293   161.0
1.4935        -6010.380    -6030.628       20.249   160.7
1.4940        -6010.391    -6030.621       20.230   160.5
1.4945        -6010.356    -6030.616       20.260   160.8
1.4950        -6010.354    -6030.612       20.259   160.7
1.4955        -6010.348    -6030.612       20.264   160.8
1.4960        -6010.364    -6030.613       20.248   160.7
1.4965        -6010.374    -6030.616       20.241   160.6
1.4970        -6010.384    -6030.621       20.237   160.6
1.4975        -6010.400    -6030.628       20.229   160.5
1.4980        -6010.409    -6030.637       20.228   160.5
1.4985        -6010.382    -6030.648       20.266   160.8
1.4990        -6010.365    -6030.660       20.294   161.0
1.4995        -6010.360    -6030.672       20.312   161.2
1.5000        -6010.335    -6030.686       20.351   161.5
1.5005        -6010.329    -6030.701       20.371   161.6
1.5010        -6010.371    -6030.717       20.346   161.4
1.5015        -6010.366    -6030.734       20.369   161.6
1.5020        -6010.353    -6030.752       20.399   161.9
1.5025        -6010.332    -6030.771       20.439   162.2
1.5030        -6010.282    -6030.791       20.509   162.7
1.5035        -6010.264    -6030.811       20.547   163.0
1.5040        -6010.273    -6030.832       20.559   163.1
1.5045        -6010.248    -6030.851       20.603   163.5
1.5050        -6010.235    -6030.870       20.635   163.7
1.5055        -6010.203    -6030.888       20.685   164.1
1.5060        -6010.236    -6030.904       20.669   164.0
1.5065        -6010.260    -6030.919       20.659   163.9
1.5070        -6010.284    -6030.932       20.648   163.8
1.5075        -6010.254    -6030.943       20.690   164.2
1.5080        -6010.242    -6030.952       20.710   164.3
1.5085        -6010.243    -6030.959       20.716   164.4
1.5090        -6010.260    -6030.964       20.705   164.3
1.5095        -6010.251    -6030.967       20.716   164.4
1.5100        -6010.252    -6030.967       20.715   164.4
1.5105        -6010.261    -6030.964       20.703   164.3
1.5110        -6010.262    -6030.959       20.697   164.2
1.5115        -6010.280    -6030.952       20.672   164.0
1.5120        -6010.312    -6030.943       20.630   163.7
1.5125        -6010.297    -6030.932       20.635   163.7
1.5130        -6010.301    -6030.919       20.618   163.6
1.5135        -6010.250    -6030.904       20.654   163.9
1.5140        -6010.235    -6030.887       20.652   163.9
1.5145        -6010.259    -6030.867       20.609   163.5
1.5150        -6010.266    -6030.846       20.580   163.3
1.5155        -6010.278    -6030.822       20.544   163.0
1.5160        -6010.266    -6030.797       20.531   162.9
1.5165        -6010.278    -6030.769       20.492   162.6
1.5170        -6010.287    -6030.740       20.453   162.3
1.5175        -6010.279    -6030.711       20.432   162.1
1.5180        -6010.311    -6030.680       20.369   161.6
1.5185        -6010.284    -6030.650       20.366   161.6
1.5190        -6010.293    -6030.619       20.326   161.3
1.5195        -6010.291    -6030.588       20.297   161.1
1.5200        -6010.265    -6030.556       20.291   161.0
1.5205        -6010.223    -6030.524       20.300   161.1
1.5210        -6010.224    -6030.490       20.267   160.8
1.5215        -6010.228    -6030.457       20.229   160.5
1.5220        -6010.219    -6030.423       20.204   160.3
1.5225        -6010.184    -6030.389       20.205   160.3
1.5230        -6010.172    -6030.354       20.183   160.1
1.5235        -6010.140    -6030.320       20.181   160.1
1.5240        -6010.118    -6030.287       20.169   160.0
1.5245        -6010.121    -6030.255       20.134   159.8
1.5250        -6010.066    -6030.224       20.158   159.9
1.5255        -6010.058    -6030.194       20.136   159.8
1.5260        -6010.050    -6030.164       20.113   159.6
1.5265        -6010.030    -6030.134       20.104   159.5
1.5270        -6010.042    -6030.106       20.064   159.2
1.5275        -6010.040    -6030.078       20.038   159.0
1.5280        -6010.020    -6030.050       20.030   158.9
1.5285        -6010.029    -6030.024       19.995   158.7
1.5290        -6010.020    -6029.998       19.978   158.5
1.5295        -6010.041    -6029.973       19.932   158.2
1.5300        -6010.054    -6029.948       19.894   157.9
1.5305        -6010.095    -6029.925       19.830   157.3
1.5310        -6010.059    -6029.903       19.844   157.5
1.5315        -6010.049    -6029.883       19.834   157.4
1.5320        -6010.060    -6029.863       19.803   157.1
1.5325        -6010.043    -6029.845       19.802   157.1
1.5330        -6010.037    -6029.827       19.790   157.0
1.5335        -6009.992    -6029.810       19.818   157.3
1.5340        -6009.978    -6029.795       19.817   157.2
1.5345        -6009.953    -6029.781       19.828   157.3
1.5350        -6009.981    -6029.767       19.786   157.0
1.5355        -6009.981    -6029.756       19.774   156.9
1.5360        -6010.035    -6029.744       19.710   156.4
1.5365        -6010.035    -6029.735       19.701   156.3
1.5370        -6010.061    -6029.728       19.667   156.1
1.5375        -6010.114    -6029.723       19.609   155.6
1.5380        -6010.117    -6029.719       19.601   155.5
1.5385        -6010.150    -6029.715       19.566   155.2
1.5390        -6010.174    -6029.713       19.539   155.0
1.5395        -6010.174    -6029.711       19.537   155.0
1.5400        -6010.131    -6029.709       19.577   155.3
1.5405        -6010.117    -6029.707       19.590   155.4
1.5410        -6010.118    -6029.704       19.586   155.4
1.5415        -6010.111    -6029.701       19.589   155.4
1.5420        -6010.118    -6029.697       19.579   155.4
1.5425        -6010.130    -6029.694       19.564   155.2
1.5430        -6010.137    -6029.690       19.552   155.1
1.5435        -6010.126    -6029.685       19.559   155.2
1.5440        -6010.124    -6029.680       19.556   155.2
1.5445        -6010.070    -6029.676       19.606   155.6
1.5450        -6010.072    -6029.672       19.600   155.5
1.5455        -6010.086    -6029.667       19.581   155.4
1.5460        -6010.084    -6029.661       19.577   155.3
1.5465        -6010.096    -6029.655       19.559   155.2
1.5470        -6010.079    -6029.649       19.570   155.3
1.5475        -6010.058    -6029.643       19.585   155.4
1.5480        -6010.037    -6029.635       19.598   155.5
1.5485        -6010.003    -6029.628       19.625   155.7
1.5490        -6009.956    -6029.619       19.662   156.0
1.5495        -6009.951    -6029.610       19.659   156.0
1.5500        -6009.945    -6029.601       19.657   156.0
1.5505        -6009.949    -6029.593       19.644   155.9
1.5510        -6009.965    -6029.585       19.619   155.7
1.5515        -6009.951    -6029.576       19.625   155.7
1.5520        -6009.955    -6029.569       19.613   155.6
1.5525        -6009.944    -6029.561       19.617   155.7
1.5530        -6009.916    -6029.554       19.638   155.8
1.5535        -6009.915    -6029.548       19.633   155.8
1.5540        -6009.879    -6029.543       19.664   156.0
1.5545        -6009.860    -6029.539       19.679   156.1
1.5550        -6009.861    -6029.536       19.675   156.1
1.5555        -6009.866    -6029.535       19.670   156.1
1.5560        -6009.880    -6029.536       19.656   156.0
1.5565        -6009.841    -6029.537       19.696   156.3
1.5570        -6009.886    -6029.540       19.654   155.9
1.5575        -6009.866    -6029.545       19.679   156.1
1.5580        -6009.837    -6029.551       19.714   156.4
1.5585        -6009.820    -6029.558       19.737   156.6
1.5590        -6009.830    -6029.567       19.737   156.6
1.5595        -6009.814    -6029.578       19.764   156.8
1.5600        -6009.810    -6029.589       19.779   156.9
1.5605        -6009.797    -6029.602       19.806   157.2
1.5610        -6009.828    -6029.616       19.788   157.0
1.5615        -6009.847    -6029.631       19.784   157.0
1.5620        -6009.831    -6029.646       19.815   157.2
1.5625        -6009.798    -6029.663       19.866   157.6
1.5630        -6009.783    -6029.682       19.898   157.9
1.5635        -6009.771    -6029.701       19.931   158.1
1.5640        -6009.752    -6029.721       19.969   158.5
1.5645        -6009.733    -6029.742       20.009   158.8
1.5650        -6009.733    -6029.763       20.030   158.9
1.5655        -6009.729    -6029.783       20.055   159.1
1.5660        -6009.742    -6029.804       20.062   159.2
1.5665        -6009.749    -6029.826       20.077   159.3
1.5670        -6009.729    -6029.848       20.119   159.6
1.5675        -6009.710    -6029.870       20.160   160.0
1.5680        -6009.686    -6029.892       20.206   160.3
1.5685        -6009.661    -6029.913       20.253   160.7
1.5690        -6009.671    -6029.934       20.262   160.8
1.5695        -6009.619    -6029.954       20.334   161.3
1.5700        -6009.606    -6029.973       20.367   161.6
1.5705        -6009.605    -6029.992       20.387   161.8
1.5710        -6009.576    -6030.012       20.436   162.2
1.5715        -6009.554    -6030.030       20.476   162.5
1.5720        -6009.494    -6030.048       20.554   163.1
1.5725        -6009.512    -6030.064       20.553   163.1
1.5730        -6009.517    -6030.080       20.563   163.2
1.5735        -6009.532    -6030.094       20.562   163.2
1.5740        -6009.524    -6030.107       20.583   163.3
1.5745        -6009.541    -6030.120       20.578   163.3
1.5750        -6009.534    -6030.133       20.599   163.4
1.5755        -6009.509    -6030.146       20.637   163.8
1.5760        -6009.476    -6030.161       20.685   164.1
1.5765        -6009.498    -6030.176       20.678   164.1
1.5770        -6009.457    -6030.191       20.735   164.5
1.5775        -6009.446    -6030.207       20.761   164.7
1.5780        -6009.454    -6030.222       20.769   164.8
1.5785        -6009.426    -6030.237       20.811   165.1
1.5790        -6009.443    -6030.251       20.808   165.1
1.5795        -6009.446    -6030.265       20.819   165.2
1.5800        -6009.436    -6030.278       20.842   165.4
1.5805        -6009.407    -6030.291       20.884   165.7
1.5810        -6009.384    -6030.303       20.919   166.0
1.5815        -6009.409    -6030.314       20.905   165.9
1.5820        -6009.412    -6030.324       20.912   165.9
1.5825        -6009.380    -6030.333       20.953   166.3
1.5830        -6009.370    -6030.340       20.970   166.4
1.5835        -6009.363    -6030.347       20.983   166.5
1.5840        -6009.364    -6030.353       20.988   166.5
1.5845        -6009.349    -6030.357       21.008   166.7
1.5850        -6009.257    -6030.359       21.102   167.4
1.5855        -6009.233    -6030.359       21.126   167.6
1.5860        -6009.247    -6030.358       21.111   167.5
1.5865        -6009.265    -6030.355       21.090   167.3
1.5870        -6009.289    -6030.350       21.062   167.1
1.5875        -6009.266    -6030.344       21.079   167.3
1.5880        -6009.253    -6030.337       21.084   167.3
1.5885        -6009.237    -6030.328       21.091   167.4
1.5890        -6009.257    -6030.317       21.061   167.1
1.5895        -6009.214    -6030.306       21.092   167.4
1.5900        -6009.197    -6030.292       21.095   167.4
1.5905        -6009.190    -6030.275       21.086   167.3
1.5910        -6009.139    -6030.258       21.119   167.6
1.5915        -6009.143    -6030.239       21.096   167.4
1.5920        -6009.161    -6030.218       21.057   167.1
1.5925        -6009.165    -6030.194       21.029   166.9
1.5930        -6009.156    -6030.170       21.014   166.7
1.5935        -6009.109    -6030.144       21.035   166.9
1.5940        -6009.093    -6030.118       21.025   166.8
1.5945        -6009.092    -6030.091       20.999   166.6
1.5950        -6009.082    -6030.062       20.980   166.5
1.5955        -6009.102    -6030.033       20.931   166.1
1.5960        -6009.097    -6030.004       20.906   165.9
1.5965        -6009.078    -6029.974       20.896   165.8
1.5970        -6009.124    -6029.946       20.821   165.2
1.5975        -6009.109    -6029.917       20.808   165.1
1.5980        -6009.084    -6029.889       20.804   165.1
1.5985        -6009.049    -6029.861       20.812   165.1
1.5990        -6009.060    -6029.833       20.772   164.8
1.5995        -6009.030    -6029.806       20.775   164.8
1.6000        -6009.024    -6029.780       20.755   164.7
1.6005        -6009.031    -6029.755       20.724   164.4
1.6010        -6009.018    -6029.732       20.714   164.4
1.6015        -6009.015    -6029.710       20.695   164.2
1.6020        -6009.021    -6029.688       20.667   164.0
1.6025        -6009.032    -6029.667       20.636   163.7
1.6030        -6009.047    -6029.649       20.602   163.5
1.6035        -6009.064    -6029.631       20.568   163.2
1.6040        -6009.078    -6029.616       20.539   163.0
1.6045        -6009.051    -6029.604       20.553   163.1
1.6050        -6009.042    -6029.593       20.551   163.1
1.6055        -6009.024    -6029.584       20.560   163.1
1.6060        -6009.024    -6029.578       20.554   163.1
1.6065        -6009.000    -6029.576       20.576   163.3
1.6070        -6008.962    -6029.576       20.614   163.6
1.6075        -6009.000    -6029.579       20.579   163.3
1.6080        -6008.994    -6029.586       20.591   163.4
1.6085        -6008.985    -6029.593       20.609   163.5
1.6090        -6008.962    -6029.602       20.641   163.8
1.6095        -6008.988    -6029.614       20.625   163.7
1.6100        -6008.953    -6029.627       20.674   164.0
1.6105        -6008.953    -6029.641       20.688   164.2
1.6110        -6008.944    -6029.658       20.713   164.4
1.6115        -6009.020    -6029.675       20.655   163.9
1.6120        -6009.022    -6029.694       20.672   164.0
1.6125        -6008.996    -6029.715       20.718   164.4
1.6130        -6008.993    -6029.737       20.744   164.6
1.6135        -6009.013    -6029.762       20.749   164.6
1.6140        -6009.026    -6029.788       20.762   164.7
1.6145        -6009.033    -6029.815       20.782   164.9
1.6150        -6009.028    -6029.841       20.813   165.1
1.6155        -6009.044    -6029.867       20.823   165.2
1.6160        -6009.029    -6029.894       20.864   165.6
1.6165        -6009.037    -6029.920       20.884   165.7
1.6170        -6009.026    -6029.947       20.921   166.0
1.6175        -6009.026    -6029.972       20.946   166.2
1.6180        -6009.016    -6029.997       20.981   166.5
1.6185        -6009.008    -6030.021       21.013   166.7
1.6190        -6009.060    -6030.045       20.985   166.5
1.6195        -6009.038    -6030.068       21.030   166.9
1.6200        -6009.012    -6030.090       21.078   167.2
1.6205        -6009.003    -6030.111       21.108   167.5
1.6210        -6008.985    -6030.131       21.145   167.8
1.6215        -6008.987    -6030.149       21.162   167.9
1.6220        -6008.998    -6030.166       21.168   168.0
1.6225        -6008.988    -6030.183       21.194   168.2
1.6230        -6008.962    -6030.198       21.236   168.5
1.6235        -6008.987    -6030.211       21.224   168.4
1.6240        -6008.984    -6030.222       21.237   168.5
1.6245        -6008.951    -6030.231       21.280   168.8
1.6250        -6008.903    -6030.238       21.335   169.3
1.6255        -6008.867    -6030.243       21.376   169.6
1.6260        -6008.872    -6030.246       21.374   169.6
1.6265        -6008.808    -6030.248       21.440   170.1
1.6270        -6008.813    -6030.249       21.436   170.1
1.6275        -6008.788    -6030.249       21.461   170.3
1.6280        -6008.837    -6030.247       21.410   169.9
1.6285        -6008.840    -6030.243       21.403   169.8
1.6290        -6008.847    -6030.239       21.391   169.7
1.6295        -6008.819    -6030.234       21.415   169.9
1.6300        -6008.812    -6030.228       21.416   169.9
1.6305        -6008.782    -6030.222       21.440   170.1
1.6310        -6008.761    -6030.215       21.454   170.2
1.6315        -6008.759    -6030.208       21.448   170.2
1.6320        -6008.727    -6030.201       21.473   170.4
1.6325        -6008.760    -6030.194       21.434   170.1
1.6330        -6008.740    -6030.186       21.447   170.2
1.6335        -6008.764    -6030.180       21.416   169.9
1.6340        -6008.743    -6030.173       21.430   170.0
1.6345        -6008.732    -6030.166       21.434   170.1
1.6350        -6008.731    -6030.159       21.428   170.0
1.6355        -6008.700    -6030.152       21.452   170.2
1.6360        -6008.726    -6030.145       21.419   170.0
1.6365        -6008.744    -6030.138       21.394   169.8
1.6370        -6008.724    -6030.132       21.408   169.9
1.6375        -6008.716    -6030.126       21.410   169.9
1.6380        -6008.714    -6030.120       21.406   169.9
1.6385        -6008.718    -6030.116       21.398   169.8
1.6390        -6008.686    -6030.113       21.427   170.0
1.6395        -6008.626    -6030.109       21.483   170.5
1.6400        -6008.587    -6030.106       21.519   170.7
1.6405        -6008.561    -6030.102       21.542   170.9
1.6410        -6008.497    -6030.099       21.602   171.4
1.6415        -6008.493    -6030.095       21.602   171.4
1.6420        -6008.509    -6030.091       21.582   171.2
1.6425        -6008.478    -6030.087       21.609   171.5
1.6430        -6008.496    -6030.082       21.587   171.3
1.6435        -6008.506    -6030.077       21.571   171.2
1.6440        -6008.516    -6030.071       21.555   171.0
1.6445        -6008.500    -6030.065       21.564   171.1
1.6450        -6008.491    -6030.058       21.567   171.1
1.6455        -6008.489    -6030.050       21.561   171.1
1.6460        -6008.449    -6030.041       21.592   171.3
1.6465        -6008.409    -6030.030       21.621   171.6
1.6470        -6008.388    -6030.017       21.629   171.6
1.6475        -6008.404    -6030.004       21.600   171.4
1.6480        -6008.388    -6029.989       21.601   171.4
1.6485        -6008.360    -6029.973       21.613   171.5
1.6490        -6008.336    -6029.956       21.620   171.6
1.6495        -6008.322    -6029.938       21.616   171.5
1.6500        -6008.337    -6029.918       21.581   171.2
1.6505        -6008.346    -6029.898       21.552   171.0
1.6510        -6008.321    -6029.876       21.556   171.0
1.6515        -6008.314    -6029.854       21.540   170.9
1.6520        -6008.318    -6029.832       21.513   170.7
1.6525        -6008.325    -6029.808       21.483   170.5
1.6530        -6008.322    -6029.784       21.462   170.3
1.6535        -6008.285    -6029.760       21.475   170.4
1.6540        -6008.308    -6029.735       21.427   170.0
1.6545        -6008.298    -6029.712       21.414   169.9
1.6550        -6008.305    -6029.688       21.383   169.7
1.6555        -6008.299    -6029.665       21.366   169.5
1.6560        -6008.277    -6029.641       21.364   169.5
1.6565        -6008.238    -6029.617       21.379   169.6
1.6570        -6008.218    -6029.592       21.374   169.6
1.6575        -6008.190    -6029.567       21.376   169.6
1.6580        -6008.165    -6029.542       21.377   169.6
1.6585        -6008.127    -6029.516       21.389   169.7
1.6590        -6008.103    -6029.490       21.387   169.7
1.6595        -6008.112    -6029.463       21.351   169.4
1.6600        -6008.118    -6029.435       21.317   169.1
1.6605        -6008.132    -6029.407       21.275   168.8
1.6610        -6008.129    -6029.379       21.250   168.6
1.6615        -6008.123    -6029.349       21.226   168.4
1.6620        -6008.117    -6029.319       21.202   168.2
1.6625        -6008.150    -6029.288       21.138   167.7
1.6630        -6008.133    -6029.257       21.124   167.6
1.6635        -6008.122    -6029.226       21.104   167.5
1.6640        -6008.114    -6029.194       21.080   167.3
1.6645        -6008.110    -6029.162       21.052   167.0
1.6650        -6008.133    -6029.131       20.998   166.6
1.6655        -6008.115    -6029.101       20.986   166.5
1.6660        -6008.087    -6029.072       20.985   166.5
1.6665        -6008.038    -6029.043       21.005   166.7
1.6670        -6008.003    -6029.014       21.011   166.7
1.6675        -6007.991    -6028.985       20.994   166.6
1.6680        -6007.979    -6028.955       20.976   166.4
1.6685        -6007.994    -6028.926       20.932   166.1
1.6690        -6008.011    -6028.896       20.885   165.7
1.6695        -6007.979    -6028.867       20.888   165.7
1.6700        -6007.990    -6028.838       20.848   165.4
1.6705        -6007.989    -6028.810       20.821   165.2
1.6710        -6007.976    -6028.783       20.808   165.1
1.6715        -6007.972    -6028.758       20.786   164.9
1.6720        -6007.958    -6028.733       20.775   164.8
1.6725        -6007.934    -6028.710       20.776   164.8
1.6730        -6007.911    -6028.687       20.776   164.9
1.6735        -6007.873    -6028.666       20.793   165.0
1.6740        -6007.862    -6028.645       20.783   164.9
1.6745        -6007.824    -6028.625       20.801   165.0
1.6750        -6007.830    -6028.608       20.778   164.9
1.6755        -6007.804    -6028.593       20.789   165.0
1.6760        -6007.811    -6028.578       20.767   164.8
1.6765        -6007.821    -6028.564       20.743   164.6
1.6770        -6007.794    -6028.553       20.759   164.7
1.6775        -6007.748    -6028.544       20.795   165.0
1.6780        -6007.721    -6028.536       20.815   165.2
1.6785        -6007.701    -6028.530       20.829   165.3
1.6790        -6007.682    -6028.525       20.843   165.4
1.6795        -6007.651    -6028.523       20.872   165.6
1.6800        -6007.668    -6028.521       20.853   165.5
1.6805        -6007.668    -6028.521       20.852   165.5
1.6810        -6007.655    -6028.522       20.867   165.6
1.6815        -6007.650    -6028.525       20.875   165.6
1.6820        -6007.653    -6028.529       20.876   165.6
1.6825        -6007.644    -6028.535       20.891   165.8
1.6830        -6007.679    -6028.543       20.864   165.5
1.6835        -6007.660    -6028.552       20.892   165.8
1.6840        -6007.624    -6028.563       20.939   166.1
1.6845        -6007.629    -6028.574       20.945   166.2
1.6850        -6007.598    -6028.586       20.989   166.5
1.6855        -6007.576    -6028.598       21.022   166.8
1.6860        -6007.548    -6028.611       21.063   167.1
1.6865        -6007.544    -6028.625       21.081   167.3
1.6870        -6007.494    -6028.638       21.144   167.8
1.6875        -6007.447    -6028.652       21.205   168.3
1.6880        -6007.405    -6028.666       21.262   168.7
1.6885        -6007.398    -6028.681       21.283   168.9
1.6890        -6007.418    -6028.695       21.277   168.8
1.6895        -6007.440    -6028.709       21.269   168.8
1.6900        -6007.427    -6028.722       21.295   169.0
1.6905        -6007.434    -6028.736       21.301   169.0
1.6910        -6007.443    -6028.748       21.305   169.0
1.6915        -6007.420    -6028.759       21.339   169.3
1.6920        -6007.383    -6028.769       21.386   169.7
1.6925        -6007.354    -6028.778       21.424   170.0
1.6930        -6007.352    -6028.787       21.435   170.1
1.6935        -6007.337    -6028.795       21.458   170.3
1.6940        -6007.306    -6028.803       21.497   170.6
1.6945        -6007.286    -6028.810       21.523   170.8
1.6950        -6007.237    -6028.815       21.578   171.2
1.6955        -6007.178    -6028.819       21.640   171.7
1.6960        -6007.211    -6028.822       21.611   171.5
1.6965        -6007.170    -6028.825       21.656   171.8
1.6970        -6007.211    -6028.828       21.617   171.5
1.6975        -6007.200    -6028.831       21.631   171.6
1.6980        -6007.197    -6028.832       21.635   171.7
1.6985        -6007.172    -6028.832       21.661   171.9
1.6990        -6007.149    -6028.833       21.685   172.1
1.6995        -6007.133    -6028.834       21.701   172.2
1.7000        -6007.109    -6028.835       21.726   172.4
1.7005        -6007.100    -6028.835       21.735   172.5
1.7010        -6007.062    -6028.835       21.773   172.8
1.7015        -6007.046    -6028.835       21.789   172.9
1.7020        -6007.045    -6028.835       21.790   172.9
1.7025        -6007.050    -6028.835       21.785   172.9
1.7030        -6007.030    -6028.835       21.805   173.0
1.7035        -6007.034    -6028.835       21.802   173.0
1.7040        -6007.061    -6028.837       21.776   172.8
1.7045        -6007.077    -6028.839       21.762   172.7
1.7050        -6007.070    -6028.841       21.771   172.7
1.7055        -6007.022    -6028.843       21.821   173.1
1.7060        -6007.002    -6028.846       21.844   173.3
1.7065        -6007.025    -6028.849       21.824   173.2
1.7070        -6007.026    -6028.852       21.826   173.2
1.7075        -6007.014    -6028.855       21.841   173.3
1.7080        -6007.029    -6028.859       21.830   173.2
1.7085        -6006.974    -6028.862       21.888   173.7
1.7090        -6006.979    -6028.864       21.885   173.7
1.7095        -6006.992    -6028.867       21.874   173.6
1.7100        -6006.994    -6028.869       21.874   173.6
1.7105        -6007.005    -6028.871       21.866   173.5
1.7110        -6007.002    -6028.874       21.872   173.5
1.7115        -6006.997    -6028.878       21.881   173.6
1.7120        -6007.019    -6028.880       21.861   173.5
1.7125        -6007.024    -6028.883       21.859   173.4
1.7130        -6006.997    -6028.884       21.887   173.7
1.7135        -6007.025    -6028.885       21.859   173.4
1.7140        -6006.998    -6028.886       21.888   173.7
1.7145        -6006.996    -6028.886       21.890   173.7
1.7150        -6006.973    -6028.885       21.912   173.9
1.7155        -6006.994    -6028.884       21.890   173.7
1.7160        -6006.966    -6028.882       21.916   173.9
1.7165        -6006.967    -6028.879       21.912   173.9
1.7170        -6006.966    -6028.876       21.910   173.8
1.7175        -6006.964    -6028.872       21.908   173.8
1.7180        -6006.972    -6028.867       21.896   173.7
1.7185        -6006.965    -6028.863       21.898   173.8
1.7190        -6006.990    -6028.857       21.868   173.5
1.7195        -6006.979    -6028.851       21.872   173.5
1.7200        -6006.966    -6028.845       21.879   173.6
1.7205        -6006.945    -6028.838       21.894   173.7
1.7210        -6006.923    -6028.832       21.909   173.8
1.7215        -6006.900    -6028.825       21.926   174.0
1.7220        -6006.901    -6028.819       21.918   173.9
1.7225        -6006.834    -6028.811       21.978   174.4
1.7230        -6006.811    -6028.803       21.993   174.5
1.7235        -6006.828    -6028.794       21.966   174.3
1.7240        -6006.814    -6028.783       21.969   174.3
1.7245        -6006.834    -6028.772       21.938   174.1
1.7250        -6006.831    -6028.759       21.928   174.0
1.7255        -6006.810    -6028.746       21.937   174.1
1.7260        -6006.817    -6028.732       21.915   173.9
1.7265        -6006.794    -6028.716       21.923   174.0
1.7270        -6006.801    -6028.700       21.899   173.8
1.7275        -6006.805    -6028.684       21.879   173.6
1.7280        -6006.786    -6028.668       21.883   173.6
1.7285        -6006.778    -6028.652       21.874   173.6
1.7290        -6006.753    -6028.636       21.883   173.6
1.7295        -6006.769    -6028.620       21.851   173.4
1.7300        -6006.788    -6028.603       21.815   173.1
1.7305        -6006.855    -6028.586       21.730   172.4
1.7310        -6006.821    -6028.568       21.747   172.6
1.7315        -6006.822    -6028.550       21.728   172.4
1.7320        -6006.848    -6028.532       21.685   172.1
1.7325        -6006.803    -6028.516       21.713   172.3
1.7330        -6006.795    -6028.498       21.703   172.2
1.7335        -6006.809    -6028.482       21.673   172.0
1.7340        -6006.791    -6028.466       21.675   172.0
1.7345        -6006.784    -6028.450       21.666   171.9
1.7350        -6006.783    -6028.433       21.650   171.8
1.7355        -6006.779    -6028.418       21.639   171.7
1.7360        -6006.799    -6028.404       21.605   171.4
1.7365        -6006.791    -6028.390       21.599   171.4
1.7370        -6006.779    -6028.377       21.599   171.4
1.7375        -6006.743    -6028.364       21.622   171.6
1.7380        -6006.750    -6028.351       21.601   171.4
1.7385        -6006.716    -6028.338       21.622   171.6
1.7390        -6006.726    -6028.324       21.598   171.4
1.7395        -6006.698    -6028.310       21.613   171.5
1.7400        -6006.713    -6028.296       21.583   171.3
1.7405        -6006.643    -6028.281       21.638   171.7
1.7410        -6006.653    -6028.265       21.612   171.5
1.7415        -6006.593    -6028.248       21.655   171.8
1.7420        -6006.583    -6028.231       21.648   171.8
1.7425        -6006.592    -6028.213       21.621   171.6
1.7430        -6006.574    -6028.193       21.619   171.5
1.7435        -6006.580    -6028.173       21.593   171.3
1.7440        -6006.603    -6028.152       21.549   171.0
1.7445        -6006.591    -6028.129       21.538   170.9
1.7450        -6006.559    -6028.105       21.547   171.0
1.7455        -6006.567    -6028.081       21.514   170.7
1.7460        -6006.561    -6028.056       21.494   170.5
1.7465        -6006.553    -6028.030       21.477   170.4
1.7470        -6006.548    -6028.003       21.455   170.2
1.7475        -6006.520    -6027.977       21.456   170.3
1.7480        -6006.513    -6027.951       21.437   170.1
1.7485        -6006.482    -6027.925       21.443   170.1
1.7490        -6006.523    -6027.900       21.377   169.6
1.7495        -6006.528    -6027.876       21.347   169.4
1.7500        -6006.533    -6027.852       21.320   169.2
1.7505        -6006.516    -6027.830       21.314   169.1
1.7510        -6006.498    -6027.809       21.311   169.1
1.7515        -6006.482    -6027.791       21.308   169.1
1.7520        -6006.490    -6027.774       21.284   168.9
1.7525        -6006.474    -6027.760       21.286   168.9
1.7530        -6006.439    -6027.748       21.309   169.1
1.7535        -6006.433    -6027.740       21.307   169.1
1.7540        -6006.419    -6027.735       21.316   169.1
1.7545        -6006.455    -6027.731       21.276   168.8
1.7550        -6006.441    -6027.731       21.290   168.9
1.7555        -6006.386    -6027.734       21.348   169.4
1.7560        -6006.386    -6027.741       21.355   169.4
1.7565        -6006.383    -6027.752       21.369   169.6
1.7570        -6006.401    -6027.766       21.365   169.5
1.7575        -6006.377    -6027.783       21.406   169.8
1.7580        -6006.377    -6027.802       21.424   170.0
1.7585        -6006.380    -6027.822       21.443   170.1
1.7590        -6006.372    -6027.845       21.473   170.4
1.7595        -6006.321    -6027.872       21.551   171.0
1.7600        -6006.296    -6027.900       21.604   171.4
1.7605        -6006.260    -6027.930       21.670   171.9
1.7610        -6006.208    -6027.961       21.753   172.6
1.7615        -6006.194    -6027.993       21.800   173.0
1.7620        -6006.157    -6028.026       21.869   173.5
1.7625        -6006.175    -6028.058       21.884   173.6
1.7630        -6006.184    -6028.091       21.907   173.8
1.7635        -6006.184    -6028.125       21.941   174.1
1.7640        -6006.189    -6028.158       21.969   174.3
1.7645        -6006.180    -6028.190       22.010   174.6
1.7650        -6006.162    -6028.221       22.059   175.0
1.7655        -6006.136    -6028.253       22.117   175.5
1.7660        -6006.123    -6028.283       22.159   175.8
1.7665        -6006.103    -6028.312       22.209   176.2
1.7670        -6006.074    -6028.342       22.268   176.7
1.7675        -6006.074    -6028.371       22.297   176.9
1.7680        -6006.079    -6028.399       22.320   177.1
1.7685        -6006.064    -6028.424       22.360   177.4
1.7690        -6006.079    -6028.448       22.369   177.5
1.7695        -6006.085    -6028.471       22.385   177.6
1.7700        -6006.069    -6028.493       22.424   177.9
1.7705        -6006.039    -6028.514       22.475   178.3
1.7710        -6006.062    -6028.533       22.471   178.3
1.7715        -6006.069    -6028.550       22.482   178.4
1.7720        -6006.089    -6028.566       22.477   178.3
1.7725        -6006.070    -6028.580       22.511   178.6
1.7730        -6006.105    -6028.593       22.488   178.4
1.7735        -6006.083    -6028.605       22.522   178.7
1.7740        -6006.040    -6028.617       22.577   179.1
1.7745        -6006.015    -6028.627       22.613   179.4
1.7750        -6006.019    -6028.637       22.618   179.5
1.7755        -6006.012    -6028.646       22.635   179.6
1.7760        -6005.965    -6028.655       22.690   180.0
1.7765        -6005.969    -6028.663       22.694   180.1
1.7770        -6005.970    -6028.669       22.699   180.1
1.7775        -6005.999    -6028.676       22.677   179.9
1.7780        -6005.997    -6028.682       22.685   180.0
1.7785        -6005.997    -6028.690       22.693   180.1
1.7790        -6005.991    -6028.698       22.707   180.2
1.7795        -6005.983    -6028.707       22.725   180.3
1.7800        -6005.991    -6028.716       22.725   180.3
1.7805        -6005.962    -6028.725       22.762   180.6
1.7810        -6005.900    -6028.733       22.833   181.2
1.7815        -6005.909    -6028.741       22.832   181.2
1.7820        -6005.884    -6028.749       22.864   181.4
1.7825        -6005.861    -6028.757       22.896   181.7
1.7830        -6005.843    -6028.765       22.922   181.9
1.7835        -6005.821    -6028.772       22.950   182.1
1.7840        -6005.804    -6028.778       22.974   182.3
1.7845        -6005.791    -6028.785       22.994   182.5
1.7850        -6005.763    -6028.793       23.030   182.7
1.7855        -6005.801    -6028.802       23.001   182.5
1.7860        -6005.809    -6028.811       23.001   182.5
1.7865        -6005.804    -6028.820       23.015   182.6
1.7870        -6005.795    -6028.829       23.034   182.8
1.7875        -6005.742    -6028.837       23.095   183.3
1.7880        -6005.732    -6028.847       23.114   183.4
1.7885        -6005.712    -6028.857       23.145   183.6
1.7890        -6005.657    -6028.866       23.209   184.2
1.7895        -6005.657    -6028.875       23.218   184.2
1.7900        -6005.625    -6028.882       23.257   184.5
1.7905        -6005.627    -6028.888       23.262   184.6
1.7910        -6005.621    -6028.894       23.273   184.7
1.7915        -6005.593    -6028.899       23.306   184.9
1.7920        -6005.587    -6028.903       23.316   185.0
1.7925        -6005.557    -6028.907       23.350   185.3
1.7930        -6005.540    -6028.909       23.369   185.4
1.7935        -6005.530    -6028.909       23.379   185.5
1.7940        -6005.507    -6028.907       23.400   185.7
1.7945        -6005.481    -6028.904       23.423   185.9
1.7950        -6005.486    -6028.899       23.412   185.8
1.7955        -6005.428    -6028.892       23.464   186.2
1.7960        -6005.425    -6028.885       23.460   186.1
1.7965        -6005.410    -6028.876       23.465   186.2
1.7970        -6005.384    -6028.865       23.481   186.3
1.7975        -6005.375    -6028.853       23.479   186.3
1.7980        -6005.355    -6028.840       23.485   186.4
1.7985        -6005.327    -6028.826       23.499   186.5
1.7990        -6005.335    -6028.809       23.474   186.3
1.7995        -6005.286    -6028.792       23.506   186.5
1.8000        -6005.278    -6028.773       23.495   186.4
1.8005        -6005.285    -6028.751       23.467   186.2
1.8010        -6005.262    -6028.728       23.466   186.2
1.8015        -6005.268    -6028.702       23.435   185.9
1.8020        -6005.235    -6028.675       23.440   186.0
1.8025        -6005.242    -6028.645       23.403   185.7
1.8030        -6005.254    -6028.613       23.359   185.3
1.8035        -6005.252    -6028.580       23.327   185.1
1.8040        -6005.281    -6028.545       23.264   184.6
1.8045        -6005.245    -6028.508       23.263   184.6
1.8050        -6005.231    -6028.469       23.238   184.4
1.8055        -6005.201    -6028.429       23.228   184.3
1.8060        -6005.128    -6028.387       23.260   184.6
1.8065        -6005.084    -6028.345       23.261   184.6
1.8070        -6005.050    -6028.300       23.250   184.5
1.8075        -6005.102    -6028.254       23.152   183.7
1.8080        -6005.067    -6028.206       23.139   183.6
1.8085        -6005.042    -6028.157       23.115   183.4
1.8090        -6005.028    -6028.106       23.077   183.1
1.8095        -6004.988    -6028.053       23.064   183.0
1.8100        -6004.942    -6027.998       23.057   182.9
1.8105        -6004.906    -6027.941       23.035   182.8
1.8110        -6004.897    -6027.882       22.985   182.4
1.8115        -6004.854    -6027.823       22.969   182.3
1.8120        -6004.823    -6027.764       22.941   182.0
1.8125        -6004.847    -6027.702       22.856   181.4
1.8130        -6004.822    -6027.640       22.818   181.1
1.8135        -6004.811    -6027.577       22.766   180.6
1.8140        -6004.822    -6027.513       22.692   180.1
1.8145        -6004.805    -6027.449       22.644   179.7
1.8150        -6004.815    -6027.384       22.569   179.1
1.8155        -6004.798    -6027.321       22.522   178.7
1.8160        -6004.814    -6027.258       22.444   178.1
1.8165        -6004.808    -6027.197       22.390   177.7
1.8170        -6004.803    -6027.139       22.336   177.2
1.8175        -6004.778    -6027.081       22.304   177.0
1.8180        -6004.756    -6027.027       22.271   176.7
1.8185        -6004.770    -6026.976       22.206   176.2
1.8190        -6004.778    -6026.928       22.150   175.8
1.8195        -6004.772    -6026.884       22.112   175.5
1.8200        -6004.758    -6026.844       22.086   175.2
1.8205        -6004.735    -6026.809       22.074   175.2
1.8210        -6004.750    -6026.779       22.029   174.8
1.8215        -6004.739    -6026.753       22.014   174.7
1.8220        -6004.716    -6026.734       22.018   174.7
1.8225        -6004.705    -6026.722       22.017   174.7
1.8230        -6004.696    -6026.716       22.020   174.7
1.8235        -6004.686    -6026.716       22.030   174.8
1.8240        -6004.658    -6026.722       22.064   175.1
1.8245        -6004.639    -6026.734       22.095   175.3
1.8250        -6004.707    -6026.753       22.046   174.9
1.8255        -6004.669    -6026.778       22.108   175.4
1.8260        -6004.661    -6026.808       22.147   175.7
1.8265        -6004.619    -6026.844       22.225   176.3
1.8270        -6004.595    -6026.886       22.291   176.9
1.8275        -6004.612    -6026.934       22.322   177.1
1.8280        -6004.585    -6026.988       22.403   177.8
1.8285        -6004.549    -6027.046       22.497   178.5
1.8290        -6004.534    -6027.110       22.576   179.1
1.8295        -6004.532    -6027.179       22.647   179.7
1.8300        -6004.482    -6027.252       22.770   180.7
1.8305        -6004.459    -6027.329       22.870   181.5
1.8310        -6004.443    -6027.409       22.966   182.2
1.8315        -6004.425    -6027.492       23.068   183.0
1.8320        -6004.435    -6027.579       23.144   183.6
1.8325        -6004.417    -6027.668       23.251   184.5
1.8330        -6004.439    -6027.758       23.319   185.0
1.8335        -6004.425    -6027.851       23.426   185.9
1.8340        -6004.392    -6027.943       23.551   186.9
1.8345        -6004.402    -6028.036       23.634   187.5
1.8350        -6004.407    -6028.128       23.721   188.2
1.8355        -6004.430    -6028.219       23.789   188.8
1.8360        -6004.423    -6028.308       23.885   189.5
1.8365        -6004.448    -6028.397       23.949   190.0
1.8370        -6004.427    -6028.484       24.057   190.9
1.8375        -6004.434    -6028.568       24.134   191.5
1.8380        -6004.433    -6028.649       24.216   192.1
1.8385        -6004.457    -6028.726       24.269   192.6
1.8390        -6004.430    -6028.799       24.370   193.4
1.8395        -6004.430    -6028.868       24.438   193.9
1.8400        -6004.421    -6028.931       24.510   194.5
1.8405        -6004.386    -6028.990       24.604   195.2
1.8410        -6004.368    -6029.043       24.675   195.8
1.8415        -6004.375    -6029.091       24.716   196.1
1.8420        -6004.346    -6029.133       24.786   196.7
1.8425        -6004.318    -6029.169       24.851   197.2
1.8430        -6004.359    -6029.198       24.840   197.1
1.8435        -6004.354    -6029.222       24.868   197.3
1.8440        -6004.359    -6029.240       24.881   197.4
1.8445        -6004.387    -6029.252       24.865   197.3
1.8450        -6004.361    -6029.257       24.896   197.5
1.8455        -6004.400    -6029.257       24.856   197.2
1.8460        -6004.388    -6029.249       24.862   197.3
1.8465        -6004.376    -6029.236       24.860   197.3
1.8470        -6004.400    -6029.217       24.816   196.9
1.8475        -6004.403    -6029.192       24.789   196.7
1.8480        -6004.409    -6029.161       24.752   196.4
1.8485        -6004.410    -6029.125       24.716   196.1
1.8490        -6004.424    -6029.084       24.660   195.7
1.8495        -6004.446    -6029.037       24.591   195.1
1.8500        -6004.457    -6028.986       24.529   194.6
1.8505        -6004.426    -6028.930       24.504   194.4
1.8510        -6004.421    -6028.871       24.449   194.0
1.8515        -6004.378    -6028.807       24.429   193.8
1.8520        -6004.389    -6028.740       24.351   193.2
1.8525        -6004.400    -6028.669       24.270   192.6
1.8530        -6004.406    -6028.596       24.189   191.9
1.8535        -6004.359    -6028.519       24.160   191.7
1.8540        -6004.326    -6028.440       24.114   191.3
1.8545        -6004.323    -6028.358       24.035   190.7
1.8550        -6004.295    -6028.275       23.979   190.3
1.8555        -6004.299    -6028.190       23.891   189.6
1.8560        -6004.304    -6028.103       23.799   188.8
1.8565        -6004.285    -6028.015       23.730   188.3
1.8570        -6004.272    -6027.926       23.654   187.7
1.8575        -6004.264    -6027.834       23.570   187.0
1.8580        -6004.215    -6027.742       23.528   186.7
1.8585        -6004.277    -6027.648       23.371   185.4
1.8590        -6004.246    -6027.554       23.308   184.9
1.8595        -6004.233    -6027.459       23.227   184.3
1.8600        -6004.181    -6027.365       23.183   184.0
1.8605        -6004.157    -6027.271       23.114   183.4
1.8610        -6004.161    -6027.178       23.017   182.6
1.8615        -6004.162    -6027.088       22.925   181.9
1.8620        -6004.186    -6026.998       22.813   181.0
1.8625        -6004.178    -6026.910       22.732   180.4
1.8630        -6004.160    -6026.825       22.664   179.8
1.8635        -6004.167    -6026.741       22.574   179.1
1.8640        -6004.163    -6026.660       22.497   178.5
1.8645        -6004.144    -6026.581       22.437   178.0
1.8650        -6004.163    -6026.506       22.343   177.3
1.8655        -6004.169    -6026.434       22.265   176.7
1.8660        -6004.159    -6026.367       22.208   176.2
1.8665        -6004.141    -6026.304       22.163   175.9
1.8670        -6004.140    -6026.244       22.104   175.4
1.8675        -6004.129    -6026.189       22.060   175.0
1.8680        -6004.140    -6026.138       21.997   174.5
1.8685        -6004.117    -6026.090       21.972   174.3
1.8690        -6004.103    -6026.046       21.944   174.1
1.8695        -6004.059    -6026.008       21.949   174.2
1.8700        -6004.077    -6025.973       21.897   173.7
1.8705        -6004.043    -6025.944       21.901   173.8
1.8710        -6004.041    -6025.918       21.878   173.6
1.8715        -6004.030    -6025.898       21.868   173.5
1.8720        -6003.994    -6025.882       21.888   173.7
1.8725        -6004.001    -6025.871       21.869   173.5
1.8730        -6004.023    -6025.864       21.841   173.3
1.8735        -6004.057    -6025.862       21.805   173.0
1.8740        -6004.087    -6025.863       21.776   172.8
1.8745        -6004.039    -6025.868       21.829   173.2
1.8750        -6004.024    -6025.877       21.852   173.4
1.8755        -6004.024    -6025.890       21.866   173.5
1.8760        -6004.020    -6025.908       21.888   173.7
1.8765        -6004.031    -6025.930       21.899   173.8
1.8770        -6004.040    -6025.955       21.915   173.9
1.8775        -6004.069    -6025.985       21.916   173.9
1.8780        -6004.049    -6026.019       21.969   174.3
1.8785        -6004.017    -6026.056       22.039   174.9
1.8790        -6004.027    -6026.096       22.069   175.1
1.8795        -6004.015    -6026.138       22.124   175.5
1.8800        -6004.003    -6026.182       22.179   176.0
1.8805        -6004.004    -6026.227       22.222   176.3
1.8810        -6004.017    -6026.273       22.256   176.6
1.8815        -6003.969    -6026.320       22.351   177.3
1.8820        -6003.985    -6026.368       22.383   177.6
1.8825        -6004.029    -6026.417       22.388   177.6
1.8830        -6004.047    -6026.466       22.419   177.9
1.8835        -6004.029    -6026.517       22.488   178.4
1.8840        -6004.089    -6026.569       22.480   178.4
1.8845        -6004.113    -6026.620       22.507   178.6
1.8850        -6004.121    -6026.672       22.551   178.9
1.8855        -6004.139    -6026.724       22.585   179.2
1.8860        -6004.147    -6026.776       22.629   179.6
1.8865        -6004.131    -6026.828       22.697   180.1
1.8870        -6004.142    -6026.879       22.738   180.4
1.8875        -6004.122    -6026.930       22.809   181.0
1.8880        -6004.136    -6026.979       22.844   181.3
1.8885        -6004.118    -6027.028       22.910   181.8
1.8890        -6004.082    -6027.076       22.994   182.5
1.8895        -6004.049    -6027.123       23.074   183.1
1.8900        -6004.055    -6027.169       23.113   183.4
1.8905        -6004.056    -6027.213       23.157   183.7
1.8910        -6004.045    -6027.255       23.210   184.2
1.8915        -6004.060    -6027.295       23.235   184.4
1.8920        -6004.072    -6027.333       23.262   184.6
1.8925        -6004.021    -6027.370       23.349   185.3
1.8930        -6003.994    -6027.404       23.409   185.7
1.8935        -6003.973    -6027.433       23.460   186.1
1.8940        -6003.928    -6027.460       23.531   186.7
1.8945        -6003.911    -6027.483       23.572   187.0
1.8950        -6003.910    -6027.505       23.595   187.2
1.8955        -6003.863    -6027.523       23.660   187.7
1.8960        -6003.854    -6027.538       23.685   187.9
1.8965        -6003.800    -6027.549       23.749   188.4
1.8970        -6003.782    -6027.557       23.775   188.6
1.8975        -6003.754    -6027.562       23.808   188.9
1.8980        -6003.776    -6027.563       23.787   188.7
1.8985        -6003.778    -6027.561       23.783   188.7
1.8990        -6003.735    -6027.556       23.822   189.0
1.8995        -6003.733    -6027.549       23.816   189.0
1.9000        -6003.766    -6027.538       23.772   188.6
1.9005        -6003.738    -6027.524       23.786   188.7
1.9010        -6003.743    -6027.507       23.764   188.6
1.9015        -6003.724    -6027.489       23.764   188.6
1.9020        -6003.735    -6027.467       23.732   188.3
1.9025        -6003.701    -6027.442       23.741   188.4
1.9030        -6003.716    -6027.416       23.700   188.0
1.9035        -6003.692    -6027.388       23.695   188.0
1.9040        -6003.708    -6027.357       23.649   187.6
1.9045        -6003.675    -6027.326       23.650   187.7
1.9050        -6003.609    -6027.291       23.682   187.9
1.9055        -6003.597    -6027.256       23.659   187.7
1.9060        -6003.607    -6027.220       23.613   187.4
1.9065        -6003.570    -6027.184       23.614   187.4
1.9070        -6003.554    -6027.147       23.593   187.2
1.9075        -6003.553    -6027.110       23.557   186.9
1.9080        -6003.590    -6027.074       23.484   186.3
1.9085        -6003.605    -6027.038       23.433   185.9
1.9090        -6003.598    -6027.003       23.406   185.7
1.9095        -6003.582    -6026.971       23.389   185.6
1.9100        -6003.587    -6026.939       23.352   185.3
1.9105        -6003.593    -6026.908       23.315   185.0
1.9110        -6003.521    -6026.878       23.357   185.3
1.9115        -6003.519    -6026.851       23.332   185.1
1.9120        -6003.510    -6026.824       23.314   185.0
1.9125        -6003.518    -6026.800       23.282   184.7
1.9130        -6003.556    -6026.779       23.224   184.3
1.9135        -6003.552    -6026.761       23.209   184.2
1.9140        -6003.540    -6026.745       23.205   184.1
1.9145        -6003.525    -6026.732       23.207   184.1
1.9150        -6003.505    -6026.721       23.217   184.2
1.9155        -6003.524    -6026.713       23.189   184.0
1.9160        -6003.495    -6026.707       23.212   184.2
1.9165        -6003.503    -6026.704       23.201   184.1
1.9170        -6003.504    -6026.705       23.200   184.1
1.9175        -6003.519    -6026.708       23.189   184.0
1.9180        -6003.510    -6026.714       23.205   184.1
1.9185        -6003.525    -6026.724       23.198   184.1
1.9190        -6003.494    -6026.736       23.242   184.4
1.9195        -6003.491    -6026.751       23.260   184.6
1.9200        -6003.452    -6026.768       23.316   185.0
1.9205        -6003.452    -6026.789       23.337   185.2
1.9210        -6003.461    -6026.813       23.352   185.3
1.9215        -6003.488    -6026.839       23.351   185.3
1.9220        -6003.492    -6026.868       23.376   185.5
1.9225        -6003.470    -6026.898       23.428   185.9
1.9230        -6003.447    -6026.931       23.484   186.3
1.9235        -6003.464    -6026.966       23.502   186.5
1.9240        -6003.437    -6027.001       23.565   187.0
1.9245        -6003.419    -6027.038       23.619   187.4
1.9250        -6003.389    -6027.075       23.686   187.9
1.9255        -6003.399    -6027.111       23.712   188.1
1.9260        -6003.405    -6027.148       23.744   188.4
1.9265        -6003.391    -6027.185       23.794   188.8
1.9270        -6003.380    -6027.222       23.841   189.2
1.9275        -6003.386    -6027.257       23.872   189.4
1.9280        -6003.375    -6027.292       23.917   189.8
1.9285        -6003.362    -6027.327       23.965   190.2
1.9290        -6003.371    -6027.360       23.989   190.3
1.9295        -6003.365    -6027.390       24.025   190.6
1.9300        -6003.343    -6027.418       24.075   191.0
1.9305        -6003.279    -6027.441       24.163   191.7
1.9310        -6003.261    -6027.462       24.201   192.0
1.9315        -6003.285    -6027.479       24.194   192.0
1.9320        -6003.298    -6027.493       24.195   192.0
1.9325        -6003.295    -6027.503       24.208   192.1
1.9330        -6003.267    -6027.509       24.243   192.4
1.9335        -6003.244    -6027.512       24.268   192.6
1.9340        -6003.227    -6027.510       24.283   192.7
1.9345        -6003.219    -6027.506       24.286   192.7
1.9350        -6003.187    -6027.497       24.310   192.9
1.9355        -6003.205    -6027.485       24.279   192.6
1.9360        -6003.182    -6027.468       24.287   192.7
1.9365        -6003.093    -6027.448       24.355   193.3
1.9370        -6003.142    -6027.425       24.283   192.7
1.9375        -6003.159    -6027.396       24.238   192.3
1.9380        -6003.136    -6027.364       24.229   192.2
1.9385        -6003.128    -6027.329       24.201   192.0
1.9390        -6003.089    -6027.290       24.202   192.0
1.9395        -6003.053    -6027.248       24.195   192.0
1.9400        -6003.008    -6027.202       24.195   192.0
1.9405        -6003.012    -6027.153       24.142   191.6
1.9410        -6003.006    -6027.102       24.097   191.2
1.9415        -6002.988    -6027.049       24.061   190.9
1.9420        -6002.987    -6026.994       24.007   190.5
1.9425        -6002.972    -6026.937       23.965   190.2
1.9430        -6002.948    -6026.879       23.931   189.9
1.9435        -6002.925    -6026.819       23.895   189.6
1.9440        -6002.907    -6026.758       23.852   189.3
1.9445        -6002.907    -6026.697       23.790   188.8
1.9450        -6002.873    -6026.635       23.762   188.5
1.9455        -6002.827    -6026.574       23.747   188.4
1.9460        -6002.804    -6026.513       23.709   188.1
1.9465        -6002.820    -6026.453       23.633   187.5
1.9470        -6002.809    -6026.394       23.585   187.1
1.9475        -6002.796    -6026.336       23.541   186.8
1.9480        -6002.751    -6026.280       23.529   186.7
1.9485        -6002.780    -6026.226       23.446   186.0
1.9490        -6002.773    -6026.176       23.403   185.7
1.9495        -6002.698    -6026.129       23.431   185.9
1.9500        -6002.731    -6026.085       23.354   185.3
1.9505        -6002.717    -6026.044       23.326   185.1
1.9510        -6002.687    -6026.005       23.318   185.0
1.9515        -6002.690    -6025.970       23.280   184.7
1.9520        -6002.705    -6025.939       23.234   184.4
1.9525        -6002.723    -6025.913       23.189   184.0
1.9530        -6002.753    -6025.892       23.139   183.6
1.9535        -6002.762    -6025.876       23.113   183.4
1.9540        -6002.750    -6025.864       23.114   183.4
1.9545        -6002.736    -6025.857       23.120   183.5
1.9550        -6002.698    -6025.853       23.155   183.7
1.9555        -6002.665    -6025.855       23.190   184.0
1.9560        -6002.675    -6025.863       23.188   184.0
1.9565        -6002.653    -6025.876       23.223   184.3
1.9570        -6002.642    -6025.894       23.253   184.5
1.9575        -6002.648    -6025.917       23.269   184.6
1.9580        -6002.655    -6025.943       23.288   184.8
1.9585        -6002.654    -6025.973       23.319   185.0
1.9590        -6002.656    -6026.006       23.351   185.3
1.9595        -6002.675    -6026.044       23.368   185.4
1.9600        -6002.656    -6026.086       23.429   185.9
1.9605        -6002.635    -6026.130       23.495   186.4
1.9610        -6002.682    -6026.177       23.496   186.4
1.9615        -6002.714    -6026.227       23.512   186.6
1.9620        -6002.711    -6026.279       23.568   187.0
1.9625        -6002.700    -6026.332       23.632   187.5
1.9630        -6002.701    -6026.386       23.686   187.9
1.9635        -6002.720    -6026.442       23.722   188.2
1.9640        -6002.755    -6026.499       23.743   188.4
1.9645        -6002.749    -6026.554       23.805   188.9
1.9650        -6002.759    -6026.608       23.848   189.2
1.9655        -6002.759    -6026.660       23.902   189.7
1.9660        -6002.741    -6026.712       23.970   190.2
1.9665        -6002.779    -6026.762       23.983   190.3
1.9670        -6002.778    -6026.811       24.033   190.7
1.9675        -6002.759    -6026.858       24.099   191.2
1.9680        -6002.732    -6026.903       24.171   191.8
1.9685        -6002.724    -6026.946       24.222   192.2
1.9690        -6002.705    -6026.985       24.281   192.7
1.9695        -6002.713    -6027.022       24.310   192.9
1.9700        -6002.671    -6027.056       24.385   193.5
1.9705        -6002.660    -6027.085       24.426   193.8
1.9710        -6002.631    -6027.111       24.480   194.2
1.9715        -6002.647    -6027.132       24.485   194.3
1.9720        -6002.667    -6027.148       24.481   194.3
1.9725        -6002.654    -6027.162       24.508   194.5
1.9730        -6002.626    -6027.171       24.545   194.8
1.9735        -6002.573    -6027.177       24.604   195.2
1.9740        -6002.556    -6027.179       24.623   195.4
1.9745        -6002.579    -6027.177       24.598   195.2
1.9750        -6002.577    -6027.171       24.594   195.1
1.9755        -6002.545    -6027.159       24.614   195.3
1.9760        -6002.565    -6027.144       24.580   195.0
1.9765        -6002.567    -6027.127       24.560   194.9
1.9770        -6002.585    -6027.106       24.521   194.6
1.9775        -6002.573    -6027.083       24.510   194.5
1.9780        -6002.550    -6027.058       24.509   194.5
1.9785        -6002.561    -6027.031       24.470   194.2
1.9790        -6002.549    -6027.001       24.453   194.0
1.9795        -6002.539    -6026.969       24.429   193.8
1.9800        -6002.549    -6026.933       24.384   193.5
1.9805        -6002.568    -6026.896       24.328   193.0
1.9810        -6002.581    -6026.859       24.278   192.6
1.9815        -6002.581    -6026.820       24.239   192.3
1.9820        -6002.600    -6026.781       24.181   191.9
1.9825        -6002.594    -6026.742       24.148   191.6
1.9830        -6002.556    -6026.703       24.147   191.6
1.9835        -6002.553    -6026.664       24.112   191.3
1.9840        -6002.551    -6026.626       24.075   191.0
1.9845        -6002.517    -6026.588       24.071   191.0
1.9850        -6002.495    -6026.550       24.055   190.9
1.9855        -6002.470    -6026.513       24.043   190.8
1.9860        -6002.437    -6026.477       24.040   190.7
1.9865        -6002.483    -6026.442       23.959   190.1
1.9870        -6002.479    -6026.409       23.930   189.9
1.9875        -6002.459    -6026.378       23.919   189.8
1.9880        -6002.389    -6026.349       23.960   190.1
1.9885        -6002.366    -6026.322       23.955   190.1
1.9890        -6002.305    -6026.298       23.993   190.4
1.9895        -6002.328    -6026.277       23.949   190.0
1.9900        -6002.345    -6026.258       23.913   189.7
1.9905        -6002.340    -6026.243       23.903   189.7
1.9910        -6002.313    -6026.231       23.918   189.8
1.9915        -6002.323    -6026.222       23.899   189.6
1.9920        -6002.303    -6026.217       23.914   189.8
1.9925        -6002.301    -6026.215       23.914   189.8
1.9930        -6002.264    -6026.215       23.951   190.0
1.9935        -6002.249    -6026.219       23.970   190.2
1.9940        -6002.300    -6026.226       23.926   189.8
1.9945        -6002.313    -6026.235       23.921   189.8
1.9950        -6002.306    -6026.247       23.941   190.0
1.9955        -6002.266    -6026.261       23.995   190.4
1.9960        -6002.253    -6026.277       24.023   190.6
1.9965        -6002.243    -6026.295       24.053   190.9
1.9970        -6002.223    -6026.316       24.093   191.2
1.9975        -6002.257    -6026.339       24.082   191.1
1.9980        -6002.203    -6026.364       24.161   191.7
1.9985        -6002.175    -6026.391       24.216   192.2
1.9990        -6002.173    -6026.419       24.246   192.4
1.9995        -6002.157    -6026.448       24.291   192.7
2.0000        -6002.154    -6026.476       24.322   193.0
2.0005        -6002.177    -6026.504       24.327   193.0
2.0010        -6002.147    -6026.533       24.386   193.5
2.0015        -6002.113    -6026.560       24.447   194.0
2.0020        -6002.103    -6026.586       24.483   194.3
2.0025        -6002.061    -6026.612       24.551   194.8
2.0030        -6002.064    -6026.637       24.573   195.0
2.0035        -6002.074    -6026.660       24.586   195.1
2.0040        -6002.053    -6026.682       24.629   195.4
2.0045        -6002.050    -6026.701       24.650   195.6
2.0050        -6002.022    -6026.718       24.696   196.0
2.0055        -6002.016    -6026.733       24.717   196.1
2.0060        -6002.023    -6026.746       24.723   196.2
2.0065        -6001.985    -6026.756       24.771   196.6
2.0070        -6001.988    -6026.763       24.775   196.6
2.0075        -6002.029    -6026.767       24.738   196.3
2.0080        -6002.035    -6026.767       24.733   196.2
2.0085        -6002.017    -6026.766       24.749   196.4
2.0090        -6002.009    -6026.762       24.753   196.4
2.0095        -6001.999    -6026.756       24.757   196.4
2.0100        -6002.016    -6026.747       24.731   196.2
2.0105        -6002.029    -6026.736       24.706   196.0
2.0110        -6002.003    -6026.722       24.719   196.1
2.0115        -6002.003    -6026.705       24.702   196.0
2.0120        -6002.009    -6026.686       24.677   195.8
2.0125        -6002.013    -6026.665       24.652   195.6
2.0130        -6001.984    -6026.642       24.658   195.7
2.0135        -6002.007    -6026.616       24.610   195.3
2.0140        -6002.006    -6026.589       24.583   195.1
2.0145        -6001.943    -6026.559       24.616   195.3
2.0150        -6001.913    -6026.527       24.615   195.3
2.0155        -6001.904    -6026.495       24.591   195.1
2.0160        -6001.845    -6026.461       24.616   195.3
2.0165        -6001.837    -6026.426       24.589   195.1
2.0170        -6001.838    -6026.390       24.552   194.8
2.0175        -6001.819    -6026.352       24.534   194.7
2.0180        -6001.816    -6026.314       24.498   194.4
2.0185        -6001.737    -6026.275       24.538   194.7
2.0190        -6001.723    -6026.236       24.513   194.5
2.0195        -6001.722    -6026.197       24.475   194.2
2.0200        -6001.738    -6026.159       24.421   193.8
2.0205        -6001.716    -6026.122       24.406   193.7
2.0210        -6001.725    -6026.085       24.361   193.3
2.0215        -6001.723    -6026.050       24.327   193.0
2.0220        -6001.672    -6026.017       24.345   193.2
2.0225        -6001.638    -6025.984       24.346   193.2
2.0230        -6001.662    -6025.953       24.291   192.7
2.0235        -6001.680    -6025.923       24.243   192.4
2.0240        -6001.679    -6025.895       24.216   192.1
2.0245        -6001.702    -6025.868       24.166   191.7
2.0250        -6001.668    -6025.842       24.174   191.8
2.0255        -6001.618    -6025.818       24.200   192.0
2.0260        -6001.601    -6025.796       24.194   192.0
2.0265        -6001.588    -6025.775       24.187   191.9
2.0270        -6001.612    -6025.756       24.144   191.6
2.0275        -6001.633    -6025.738       24.105   191.3
2.0280        -6001.635    -6025.721       24.086   191.1
2.0285        -6001.618    -6025.706       24.087   191.1
2.0290        -6001.589    -6025.692       24.103   191.2
2.0295        -6001.592    -6025.681       24.089   191.1
2.0300        -6001.607    -6025.671       24.064   190.9
2.0305        -6001.598    -6025.664       24.065   191.0
2.0310        -6001.594    -6025.657       24.064   190.9
2.0315        -6001.598    -6025.651       24.052   190.8
2.0320        -6001.585    -6025.645       24.060   190.9
2.0325        -6001.579    -6025.640       24.061   190.9
2.0330        -6001.568    -6025.637       24.069   191.0
2.0335        -6001.559    -6025.634       24.075   191.0
2.0340        -6001.577    -6025.631       24.054   190.9
2.0345        -6001.578    -6025.629       24.051   190.8
2.0350        -6001.560    -6025.629       24.069   191.0
2.0355        -6001.541    -6025.629       24.087   191.1
2.0360        -6001.523    -6025.630       24.107   191.3
2.0365        -6001.484    -6025.633       24.149   191.6
2.0370        -6001.476    -6025.635       24.159   191.7
2.0375        -6001.449    -6025.639       24.190   191.9
2.0380        -6001.423    -6025.643       24.220   192.2
2.0385        -6001.400    -6025.647       24.247   192.4
2.0390        -6001.364    -6025.654       24.291   192.7
2.0395        -6001.372    -6025.661       24.290   192.7
2.0400        -6001.390    -6025.670       24.280   192.7
2.0405        -6001.362    -6025.679       24.317   192.9
2.0410        -6001.338    -6025.689       24.351   193.2
2.0415        -6001.386    -6025.703       24.317   192.9
2.0420        -6001.401    -6025.718       24.317   192.9
2.0425        -6001.419    -6025.736       24.316   192.9
2.0430        -6001.417    -6025.756       24.339   193.1
2.0435        -6001.426    -6025.779       24.353   193.2
2.0440        -6001.337    -6025.804       24.468   194.1
2.0445        -6001.306    -6025.832       24.526   194.6
2.0450        -6001.264    -6025.862       24.597   195.2
2.0455        -6001.259    -6025.893       24.634   195.5
2.0460        -6001.208    -6025.926       24.717   196.1
2.0465        -6001.211    -6025.960       24.749   196.4
2.0470        -6001.211    -6025.996       24.785   196.7
2.0475        -6001.201    -6026.033       24.832   197.0
2.0480        -6001.202    -6026.071       24.869   197.3
2.0485        -6001.234    -6026.110       24.876   197.4
2.0490        -6001.228    -6026.150       24.922   197.7
2.0495        -6001.209    -6026.189       24.981   198.2
2.0500        -6001.200    -6026.230       25.030   198.6
2.0505        -6001.209    -6026.271       25.061   198.9
2.0510        -6001.205    -6026.313       25.108   199.2
2.0515        -6001.222    -6026.355       25.134   199.4
2.0520        -6001.248    -6026.400       25.152   199.6
2.0525        -6001.292    -6026.444       25.151   199.6
2.0530        -6001.270    -6026.488       25.218   200.1
2.0535        -6001.207    -6026.532       25.325   200.9
2.0540        -6001.208    -6026.577       25.369   201.3
2.0545        -6001.249    -6026.621       25.372   201.3
2.0550        -6001.246    -6026.665       25.419   201.7
2.0555        -6001.237    -6026.710       25.473   202.1
2.0560        -6001.236    -6026.754       25.518   202.5
2.0565        -6001.218    -6026.797       25.579   203.0
2.0570        -6001.239    -6026.839       25.600   203.1
2.0575        -6001.196    -6026.879       25.683   203.8
2.0580        -6001.219    -6026.917       25.698   203.9
2.0585        -6001.193    -6026.953       25.760   204.4
2.0590        -6001.219    -6026.986       25.767   204.5
2.0595        -6001.222    -6027.016       25.793   204.7
2.0600        -6001.187    -6027.042       25.855   205.1
2.0605        -6001.197    -6027.065       25.868   205.3
2.0610        -6001.196    -6027.084       25.888   205.4
2.0615        -6001.194    -6027.097       25.903   205.5
2.0620        -6001.190    -6027.108       25.918   205.7
2.0625        -6001.168    -6027.114       25.946   205.9
2.0630        -6001.157    -6027.116       25.959   206.0
2.0635        -6001.139    -6027.114       25.976   206.1
2.0640        -6001.094    -6027.108       26.014   206.4
2.0645        -6001.106    -6027.098       25.992   206.2
2.0650        -6001.125    -6027.083       25.958   206.0
2.0655        -6001.143    -6027.065       25.922   205.7
2.0660        -6001.136    -6027.040       25.904   205.5
2.0665        -6001.129    -6027.012       25.883   205.4
2.0670        -6001.147    -6026.980       25.833   205.0
2.0675        -6001.109    -6026.943       25.834   205.0
2.0680        -6001.125    -6026.902       25.777   204.5
2.0685        -6001.101    -6026.857       25.756   204.4
2.0690        -6001.080    -6026.809       25.730   204.2
2.0695        -6001.072    -6026.759       25.687   203.8
2.0700        -6001.086    -6026.706       25.621   203.3
2.0705        -6001.061    -6026.652       25.591   203.1
2.0710        -6001.042    -6026.596       25.554   202.8
2.0715        -6001.042    -6026.537       25.496   202.3
2.0720        -6001.035    -6026.478       25.443   201.9
2.0725        -6000.996    -6026.416       25.419   201.7
2.0730        -6000.969    -6026.352       25.383   201.4
2.0735        -6000.964    -6026.288       25.324   200.9
2.0740        -6000.975    -6026.222       25.247   200.3
2.0745        -6000.924    -6026.156       25.231   200.2
2.0750        -6000.935    -6026.089       25.155   199.6
2.0755        -6000.896    -6026.024       25.127   199.4
2.0760        -6000.873    -6025.959       25.086   199.1
2.0765        -6000.890    -6025.895       25.005   198.4
2.0770        -6000.900    -6025.834       24.934   197.8
2.0775        -6000.868    -6025.773       24.906   197.6
2.0780        -6000.827    -6025.715       24.888   197.5
2.0785        -6000.776    -6025.658       24.881   197.4
2.0790        -6000.745    -6025.602       24.857   197.2
2.0795        -6000.762    -6025.547       24.785   196.7
2.0800        -6000.719    -6025.496       24.776   196.6
2.0805        -6000.741    -6025.446       24.705   196.0
2.0810        -6000.751    -6025.400       24.649   195.6
2.0815        -6000.777    -6025.357       24.581   195.0
2.0820        -6000.758    -6025.318       24.560   194.9
2.0825        -6000.787    -6025.281       24.494   194.3
2.0830        -6000.775    -6025.247       24.472   194.2
2.0835        -6000.737    -6025.217       24.479   194.2
2.0840        -6000.702    -6025.190       24.489   194.3
2.0845        -6000.695    -6025.167       24.472   194.2
2.0850        -6000.696    -6025.147       24.451   194.0
2.0855        -6000.696    -6025.130       24.434   193.9
2.0860        -6000.646    -6025.115       24.469   194.2
2.0865        -6000.605    -6025.103       24.497   194.4
2.0870        -6000.592    -6025.092       24.500   194.4
2.0875        -6000.596    -6025.085       24.489   194.3
2.0880        -6000.580    -6025.079       24.499   194.4
2.0885        -6000.592    -6025.076       24.484   194.3
2.0890        -6000.563    -6025.075       24.513   194.5
2.0895        -6000.552    -6025.076       24.524   194.6
2.0900        -6000.535    -6025.077       24.541   194.7
2.0905        -6000.511    -6025.078       24.567   194.9
2.0910        -6000.513    -6025.080       24.567   194.9
2.0915        -6000.469    -6025.082       24.613   195.3
2.0920        -6000.446    -6025.083       24.637   195.5
2.0925        -6000.501    -6025.085       24.584   195.1
2.0930        -6000.507    -6025.086       24.579   195.0
2.0935        -6000.508    -6025.087       24.579   195.0
2.0940        -6000.502    -6025.088       24.586   195.1
2.0945        -6000.470    -6025.087       24.617   195.3
2.0950        -6000.438    -6025.085       24.648   195.6
2.0955        -6000.413    -6025.083       24.670   195.7
2.0960        -6000.416    -6025.081       24.664   195.7
2.0965        -6000.385    -6025.078       24.693   195.9
2.0970        -6000.376    -6025.073       24.697   196.0
2.0975        -6000.368    -6025.067       24.700   196.0
2.0980        -6000.394    -6025.060       24.666   195.7
2.0985        -6000.436    -6025.051       24.615   195.3
2.0990        -6000.407    -6025.042       24.635   195.5
2.0995        -6000.410    -6025.032       24.622   195.4
2.1000        -6000.379    -6025.021       24.642   195.5
2.1005        -6000.406    -6025.010       24.603   195.2
2.1010        -6000.367    -6024.997       24.630   195.4
2.1015        -6000.361    -6024.984       24.623   195.4
2.1020        -6000.405    -6024.971       24.566   194.9
2.1025        -6000.424    -6024.958       24.534   194.7
2.1030        -6000.424    -6024.947       24.523   194.6
2.1035        -6000.418    -6024.936       24.518   194.5
2.1040        -6000.389    -6024.925       24.536   194.7
2.1045        -6000.379    -6024.917       24.537   194.7
2.1050        -6000.405    -6024.910       24.505   194.4
2.1055        -6000.402    -6024.905       24.502   194.4
2.1060        -6000.432    -6024.901       24.469   194.2
2.1065        -6000.436    -6024.898       24.463   194.1
2.1070        -6000.438    -6024.898       24.460   194.1
2.1075        -6000.410    -6024.900       24.490   194.3
2.1080        -6000.375    -6024.902       24.527   194.6
2.1085        -6000.343    -6024.907       24.564   194.9
2.1090        -6000.317    -6024.913       24.596   195.2
2.1095        -6000.331    -6024.919       24.588   195.1
2.1100        -6000.334    -6024.927       24.592   195.1
2.1105        -6000.277    -6024.935       24.658   195.7
2.1110        -6000.294    -6024.943       24.649   195.6
2.1115        -6000.296    -6024.951       24.654   195.6
2.1120        -6000.286    -6024.960       24.674   195.8
2.1125        -6000.234    -6024.970       24.736   196.3
2.1130        -6000.222    -6024.980       24.758   196.4
2.1135        -6000.208    -6024.990       24.783   196.6
2.1140        -6000.228    -6025.002       24.774   196.6
2.1145        -6000.179    -6025.013       24.834   197.0
2.1150        -6000.176    -6025.025       24.849   197.2
2.1155        -6000.170    -6025.038       24.867   197.3
2.1160        -6000.168    -6025.051       24.882   197.4
2.1165        -6000.190    -6025.064       24.874   197.4
2.1170        -6000.130    -6025.077       24.946   197.9
2.1175        -6000.105    -6025.090       24.985   198.2
2.1180        -6000.078    -6025.101       25.023   198.6
2.1185        -6000.074    -6025.113       25.039   198.7
2.1190        -6000.048    -6025.125       25.077   199.0
2.1195        -6000.056    -6025.136       25.081   199.0
2.1200        -6000.104    -6025.147       25.043   198.7
2.1205        -6000.117    -6025.156       25.039   198.7
2.1210        -6000.068    -6025.164       25.096   199.1
2.1215        -6000.060    -6025.172       25.112   199.3
2.1220        -6000.035    -6025.179       25.144   199.5
2.1225        -6000.018    -6025.185       25.168   199.7
2.1230        -6000.053    -6025.192       25.139   199.5
2.1235        -6000.080    -6025.198       25.118   199.3
2.1240        -6000.063    -6025.203       25.140   199.5
2.1245        -6000.023    -6025.209       25.185   199.8
2.1250        -5999.972    -6025.215       25.242   200.3
2.1255        -5999.953    -6025.219       25.266   200.5
2.1260        -5999.944    -6025.221       25.277   200.6
2.1265        -5999.939    -6025.222       25.283   200.6
2.1270        -5999.898    -6025.222       25.324   200.9
2.1275        -5999.864    -6025.222       25.357   201.2
2.1280        -5999.831    -6025.221       25.390   201.5
2.1285        -5999.849    -6025.218       25.369   201.3
2.1290        -5999.815    -6025.214       25.399   201.5
2.1295        -5999.823    -6025.209       25.386   201.4
2.1300        -5999.808    -6025.204       25.396   201.5
2.1305        -5999.820    -6025.197       25.377   201.4
2.1310        -5999.800    -6025.190       25.389   201.5
2.1315        -5999.776    -6025.182       25.405   201.6
2.1320        -5999.741    -6025.172       25.431   201.8
2.1325        -5999.748    -6025.162       25.413   201.6
2.1330        -5999.772    -6025.151       25.379   201.4
2.1335        -5999.772    -6025.141       25.369   201.3
2.1340        -5999.770    -6025.134       25.364   201.3
2.1345        -5999.756    -6025.127       25.371   201.3
2.1350        -5999.776    -6025.122       25.346   201.1
2.1355        -5999.806    -6025.119       25.313   200.8
2.1360        -5999.796    -6025.117       25.322   200.9
2.1365        -5999.790    -6025.118       25.328   201.0
2.1370        -5999.785    -6025.121       25.337   201.0
2.1375        -5999.795    -6025.126       25.331   201.0
2.1380        -5999.821    -6025.133       25.312   200.8
2.1385        -5999.773    -6025.141       25.369   201.3
2.1390        -5999.770    -6025.152       25.381   201.4
2.1395        -5999.752    -6025.164       25.412   201.6
2.1400        -5999.732    -6025.178       25.446   201.9
2.1405        -5999.694    -6025.193       25.499   202.3
2.1410        -5999.691    -6025.210       25.519   202.5
2.1415        -5999.687    -6025.229       25.542   202.7
2.1420        -5999.659    -6025.250       25.591   203.1
2.1425        -5999.688    -6025.272       25.584   203.0
2.1430        -5999.695    -6025.294       25.600   203.1
2.1435        -5999.645    -6025.317       25.673   203.7
2.1440        -5999.638    -6025.340       25.702   203.9
2.1445        -5999.652    -6025.361       25.709   204.0
2.1450        -5999.683    -6025.381       25.698   203.9
2.1455        -5999.672    -6025.402       25.729   204.2
2.1460        -5999.646    -6025.421       25.775   204.5
2.1465        -5999.675    -6025.439       25.763   204.4
2.1470        -5999.668    -6025.455       25.787   204.6
2.1475        -5999.651    -6025.469       25.817   204.9
2.1480        -5999.645    -6025.480       25.834   205.0
2.1485        -5999.628    -6025.488       25.860   205.2
2.1490        -5999.625    -6025.493       25.868   205.3
2.1495        -5999.643    -6025.496       25.853   205.1
2.1500        -5999.666    -6025.495       25.829   204.9
2.1505        -5999.684    -6025.491       25.807   204.8
2.1510        -5999.675    -6025.483       25.808   204.8
2.1515        -5999.655    -6025.472       25.816   204.8
2.1520        -5999.642    -6025.457       25.815   204.8
2.1525        -5999.637    -6025.441       25.803   204.7
2.1530        -5999.620    -6025.421       25.801   204.7
2.1535        -5999.584    -6025.398       25.814   204.8
2.1540        -5999.599    -6025.370       25.771   204.5
2.1545        -5999.614    -6025.339       25.725   204.1
2.1550        -5999.571    -6025.305       25.735   204.2
2.1555        -5999.548    -6025.269       25.721   204.1
2.1560        -5999.552    -6025.232       25.680   203.8
2.1565        -5999.468    -6025.194       25.726   204.1
2.1570        -5999.496    -6025.155       25.659   203.6
2.1575        -5999.490    -6025.115       25.625   203.3
2.1580        -5999.460    -6025.073       25.612   203.2
2.1585        -5999.462    -6025.030       25.567   202.9
2.1590        -5999.439    -6024.986       25.547   202.7
2.1595        -5999.480    -6024.943       25.463   202.0
2.1600        -5999.500    -6024.900       25.400   201.5
2.1605        -5999.509    -6024.858       25.349   201.1
2.1610        -5999.484    -6024.816       25.332   201.0
2.1615        -5999.452    -6024.777       25.325   201.0
2.1620        -5999.439    -6024.740       25.302   200.8
2.1625        -5999.448    -6024.705       25.257   200.4
2.1630        -5999.450    -6024.672       25.222   200.1
2.1635        -5999.449    -6024.640       25.191   199.9
2.1640        -5999.447    -6024.610       25.163   199.7
2.1645        -5999.447    -6024.584       25.136   199.4
2.1650        -5999.463    -6024.560       25.097   199.1
2.1655        -5999.479    -6024.541       25.062   198.9
2.1660        -5999.492    -6024.524       25.033   198.6
2.1665        -5999.533    -6024.511       24.978   198.2
2.1670        -5999.516    -6024.500       24.983   198.2
2.1675        -5999.536    -6024.491       24.955   198.0
2.1680        -5999.531    -6024.487       24.956   198.0
2.1685        -5999.508    -6024.484       24.976   198.2
2.1690        -5999.525    -6024.484       24.959   198.0
2.1695        -5999.547    -6024.486       24.939   197.9
2.1700        -5999.543    -6024.489       24.946   197.9
2.1705        -5999.513    -6024.494       24.982   198.2
2.1710        -5999.485    -6024.502       25.017   198.5
2.1715        -5999.490    -6024.511       25.021   198.5
2.1720        -5999.466    -6024.522       25.056   198.8
2.1725        -5999.465    -6024.535       25.070   198.9
2.1730        -5999.494    -6024.549       25.056   198.8
2.1735        -5999.448    -6024.565       25.116   199.3
2.1740        -5999.443    -6024.580       25.137   199.5
2.1745        -5999.442    -6024.596       25.154   199.6
2.1750        -5999.445    -6024.611       25.166   199.7
2.1755        -5999.455    -6024.625       25.170   199.7
2.1760        -5999.458    -6024.639       25.181   199.8
2.1765        -5999.447    -6024.651       25.204   200.0
2.1770        -5999.395    -6024.663       25.268   200.5
2.1775        -5999.416    -6024.674       25.258   200.4
2.1780        -5999.418    -6024.684       25.266   200.5
2.1785        -5999.404    -6024.693       25.290   200.7
2.1790        -5999.398    -6024.700       25.302   200.8
2.1795        -5999.412    -6024.704       25.292   200.7
2.1800        -5999.404    -6024.705       25.301   200.8
2.1805        -5999.456    -6024.703       25.248   200.3
2.1810        -5999.458    -6024.701       25.243   200.3
2.1815        -5999.402    -6024.698       25.296   200.7
2.1820        -5999.396    -6024.693       25.297   200.7
2.1825        -5999.370    -6024.687       25.318   200.9
2.1830        -5999.353    -6024.680       25.328   201.0
2.1835        -5999.381    -6024.672       25.291   200.7
2.1840        -5999.394    -6024.662       25.268   200.5
2.1845        -5999.385    -6024.652       25.267   200.5
2.1850        -5999.368    -6024.642       25.274   200.5
2.1855        -5999.349    -6024.632       25.284   200.6
2.1860        -5999.396    -6024.624       25.228   200.2
2.1865        -5999.393    -6024.618       25.225   200.2
2.1870        -5999.460    -6024.613       25.153   199.6
2.1875        -5999.475    -6024.608       25.133   199.4
2.1880        -5999.471    -6024.605       25.135   199.4
2.1885        -5999.475    -6024.605       25.130   199.4
2.1890        -5999.420    -6024.605       25.185   199.8
2.1895        -5999.445    -6024.608       25.163   199.7
2.1900        -5999.443    -6024.613       25.170   199.7
2.1905        -5999.453    -6024.621       25.169   199.7
2.1910        -5999.449    -6024.632       25.183   199.8
2.1915        -5999.434    -6024.646       25.212   200.1
2.1920        -5999.440    -6024.662       25.222   200.1
2.1925        -5999.436    -6024.680       25.244   200.3
2.1930        -5999.427    -6024.699       25.272   200.5
2.1935        -5999.425    -6024.719       25.294   200.7
2.1940        -5999.363    -6024.742       25.379   201.4
2.1945        -5999.337    -6024.768       25.430   201.8
2.1950        -5999.374    -6024.795       25.422   201.7
2.1955        -5999.378    -6024.824       25.446   201.9
2.1960        -5999.383    -6024.855       25.472   202.1
2.1965        -5999.365    -6024.886       25.521   202.5
2.1970        -5999.367    -6024.919       25.552   202.7
2.1975        -5999.419    -6024.953       25.534   202.6
2.1980        -5999.402    -6024.989       25.587   203.0
2.1985        -5999.353    -6025.026       25.674   203.7
2.1990        -5999.360    -6025.065       25.704   204.0
2.1995        -5999.318    -6025.104       25.786   204.6
2.2000        -5999.285    -6025.143       25.858   205.2
2.2005        -5999.306    -6025.183       25.877   205.3
2.2010        -5999.304    -6025.222       25.918   205.7
2.2015        -5999.280    -6025.261       25.981   206.1
2.2020        -5999.296    -6025.298       26.002   206.3
2.2025        -5999.272    -6025.335       26.063   206.8
2.2030        -5999.273    -6025.371       26.098   207.1
2.2035        -5999.311    -6025.405       26.093   207.0
2.2040        -5999.348    -6025.436       26.089   207.0
2.2045        -5999.317    -6025.467       26.149   207.5
2.2050        -5999.385    -6025.496       26.111   207.2
2.2055        -5999.406    -6025.523       26.117   207.2
2.2060        -5999.335    -6025.550       26.215   208.0
2.2065        -5999.362    -6025.575       26.212   208.0
2.2070        -5999.322    -6025.597       26.275   208.5
2.2075        -5999.281    -6025.617       26.336   209.0
2.2080        -5999.281    -6025.635       26.354   209.1
2.2085        -5999.243    -6025.649       26.406   209.5
2.2090        -5999.229    -6025.659       26.431   209.7
2.2095        -5999.211    -6025.666       26.455   209.9
2.2100        -5999.196    -6025.669       26.473   210.1
2.2105        -5999.166    -6025.669       26.503   210.3
2.2110        -5999.184    -6025.666       26.482   210.1
2.2115        -5999.206    -6025.659       26.453   209.9
2.2120        -5999.196    -6025.648       26.453   209.9
2.2125        -5999.209    -6025.635       26.426   209.7
2.2130        -5999.200    -6025.618       26.418   209.6
2.2135        -5999.143    -6025.598       26.455   209.9
2.2140        -5999.113    -6025.574       26.461   210.0
2.2145        -5999.095    -6025.547       26.452   209.9
2.2150        -5999.089    -6025.515       26.426   209.7
2.2155        -5999.075    -6025.481       26.406   209.5
2.2160        -5999.093    -6025.443       26.350   209.1
2.2165        -5999.122    -6025.402       26.280   208.5
2.2170        -5999.160    -6025.358       26.198   207.9
2.2175        -5999.114    -6025.311       26.197   207.9
2.2180        -5999.115    -6025.260       26.145   207.5
2.2185        -5999.091    -6025.206       26.115   207.2
2.2190        -5999.126    -6025.150       26.024   206.5
2.2195        -5999.126    -6025.092       25.966   206.0
2.2200        -5999.154    -6025.031       25.877   205.3
2.2205        -5999.134    -6024.968       25.834   205.0
2.2210        -5999.114    -6024.904       25.790   204.6
2.2215        -5999.094    -6024.838       25.744   204.3
2.2220        -5999.062    -6024.772       25.710   204.0
2.2225        -5999.083    -6024.707       25.624   203.3
2.2230        -5999.024    -6024.641       25.617   203.3
2.2235        -5999.027    -6024.574       25.547   202.7
2.2240        -5999.020    -6024.507       25.486   202.2
2.2245        -5998.999    -6024.440       25.441   201.9
2.2250        -5999.006    -6024.375       25.370   201.3
2.2255        -5998.990    -6024.311       25.321   200.9
2.2260        -5998.944    -6024.249       25.305   200.8
2.2265        -5998.972    -6024.189       25.217   200.1
2.2270        -5998.955    -6024.133       25.178   199.8
2.2275        -5998.949    -6024.079       25.131   199.4
2.2280        -5998.930    -6024.028       25.098   199.1
2.2285        -5998.943    -6023.980       25.037   198.7
2.2290        -5998.898    -6023.935       25.036   198.7
2.2295        -5998.909    -6023.894       24.985   198.2
2.2300        -5998.875    -6023.858       24.983   198.2
2.2305        -5998.902    -6023.826       24.925   197.8
2.2310        -5998.893    -6023.801       24.907   197.6
2.2315        -5998.891    -6023.780       24.889   197.5
2.2320        -5998.850    -6023.764       24.914   197.7
2.2325        -5998.846    -6023.752       24.906   197.6
2.2330        -5998.833    -6023.746       24.913   197.7
2.2335        -5998.806    -6023.744       24.938   197.9
2.2340        -5998.810    -6023.749       24.938   197.9
2.2345        -5998.858    -6023.759       24.901   197.6
2.2350        -5998.839    -6023.775       24.936   197.9
2.2355        -5998.824    -6023.795       24.971   198.1
2.2360        -5998.823    -6023.821       24.997   198.3
2.2365        -5998.841    -6023.851       25.010   198.4
2.2370        -5998.799    -6023.886       25.087   199.1
2.2375        -5998.804    -6023.925       25.121   199.3
2.2380        -5998.766    -6023.967       25.201   200.0
2.2385        -5998.750    -6024.013       25.263   200.5
2.2390        -5998.734    -6024.061       25.327   201.0
2.2395        -5998.698    -6024.111       25.414   201.6
2.2400        -5998.683    -6024.164       25.481   202.2
2.2405        -5998.658    -6024.218       25.560   202.8
2.2410        -5998.652    -6024.274       25.623   203.3
2.2415        -5998.629    -6024.332       25.703   203.9
2.2420        -5998.594    -6024.391       25.797   204.7
2.2425        -5998.586    -6024.451       25.865   205.2
2.2430        -5998.594    -6024.509       25.915   205.6
2.2435        -5998.585    -6024.566       25.981   206.2
2.2440        -5998.582    -6024.620       26.038   206.6
2.2445        -5998.585    -6024.673       26.088   207.0
2.2450        -5998.554    -6024.722       26.168   207.6
2.2455        -5998.514    -6024.770       26.255   208.3
2.2460        -5998.488    -6024.814       26.326   208.9
2.2465        -5998.481    -6024.855       26.375   209.3
2.2470        -5998.485    -6024.894       26.410   209.6
2.2475        -5998.485    -6024.931       26.446   209.8
2.2480        -5998.448    -6024.963       26.515   210.4
2.2485        -5998.457    -6024.991       26.534   210.5
2.2490        -5998.422    -6025.015       26.593   211.0
2.2495        -5998.425    -6025.036       26.610   211.1
2.2500        -5998.474    -6025.053       26.579   210.9
2.2505        -5998.463    -6025.066       26.602   211.1
2.2510        -5998.506    -6025.074       26.568   210.8
2.2515        -5998.497    -6025.078       26.581   210.9
2.2520        -5998.537    -6025.078       26.541   210.6
2.2525        -5998.534    -6025.074       26.540   210.6
2.2530        -5998.530    -6025.068       26.537   210.6
2.2535        -5998.488    -6025.057       26.569   210.8
2.2540        -5998.452    -6025.044       26.592   211.0
2.2545        -5998.433    -6025.027       26.594   211.0
2.2550        -5998.384    -6025.007       26.623   211.2
2.2555        -5998.350    -6024.984       26.634   211.3
2.2560        -5998.315    -6024.958       26.643   211.4
2.2565        -5998.309    -6024.930       26.621   211.2
2.2570        -5998.289    -6024.900       26.611   211.2
2.2575        -5998.294    -6024.868       26.575   210.9
2.2580        -5998.275    -6024.835       26.561   210.8
2.2585        -5998.245    -6024.803       26.557   210.7
2.2590        -5998.230    -6024.770       26.541   210.6
2.2595        -5998.259    -6024.738       26.479   210.1
2.2600        -5998.275    -6024.707       26.432   209.7
2.2605        -5998.264    -6024.677       26.413   209.6
2.2610        -5998.271    -6024.648       26.377   209.3
2.2615        -5998.308    -6024.620       26.311   208.8
2.2620        -5998.275    -6024.593       26.318   208.8
2.2625        -5998.274    -6024.568       26.294   208.6
2.2630        -5998.260    -6024.546       26.287   208.6
2.2635        -5998.261    -6024.528       26.268   208.4
2.2640        -5998.241    -6024.514       26.273   208.5
2.2645        -5998.226    -6024.502       26.276   208.5
2.2650        -5998.274    -6024.494       26.220   208.0
2.2655        -5998.305    -6024.488       26.183   207.8
2.2660        -5998.284    -6024.486       26.202   207.9
2.2665        -5998.249    -6024.486       26.236   208.2
2.2670        -5998.196    -6024.488       26.292   208.6
2.2675        -5998.185    -6024.492       26.308   208.7
2.2680        -5998.153    -6024.500       26.348   209.1
2.2685        -5998.191    -6024.510       26.319   208.8
2.2690        -5998.179    -6024.523       26.344   209.0
2.2695        -5998.148    -6024.536       26.388   209.4
2.2700        -5998.116    -6024.552       26.436   209.8
2.2705        -5998.102    -6024.570       26.468   210.0
2.2710        -5998.084    -6024.590       26.506   210.3
2.2715        -5998.104    -6024.612       26.508   210.3
2.2720        -5998.118    -6024.634       26.517   210.4
2.2725        -5998.082    -6024.657       26.575   210.9
2.2730        -5998.087    -6024.681       26.594   211.0
2.2735        -5998.083    -6024.705       26.622   211.2
2.2740        -5998.069    -6024.730       26.661   211.5
2.2745        -5998.058    -6024.754       26.696   211.8
2.2750        -5998.043    -6024.778       26.734   212.1
2.2755        -5998.047    -6024.801       26.754   212.3
2.2760        -5998.033    -6024.823       26.791   212.6
2.2765        -5998.020    -6024.845       26.825   212.9
2.2770        -5998.040    -6024.864       26.824   212.8
2.2775        -5998.024    -6024.882       26.858   213.1
2.2780        -5997.989    -6024.897       26.909   213.5
2.2785        -5998.003    -6024.911       26.908   213.5
2.2790        -5998.018    -6024.921       26.903   213.5
2.2795        -5998.024    -6024.929       26.905   213.5
2.2800        -5998.057    -6024.934       26.876   213.3
2.2805        -5998.000    -6024.936       26.936   213.7
2.2810        -5997.980    -6024.936       26.956   213.9
2.2815        -5997.969    -6024.932       26.963   213.9
2.2820        -5997.948    -6024.926       26.978   214.1
2.2825        -5997.962    -6024.917       26.955   213.9
2.2830        -5997.895    -6024.904       27.009   214.3
2.2835        -5997.886    -6024.887       27.000   214.2
2.2840        -5997.873    -6024.866       26.993   214.2
2.2845        -5997.912    -6024.841       26.930   213.7
2.2850        -5997.888    -6024.814       26.927   213.7
2.2855        -5997.861    -6024.784       26.923   213.6
2.2860        -5997.838    -6024.750       26.912   213.5
2.2865        -5997.846    -6024.714       26.868   213.2
2.2870        -5997.891    -6024.675       26.784   212.5
2.2875        -5997.844    -6024.633       26.789   212.6
2.2880        -5997.822    -6024.587       26.765   212.4
2.2885        -5997.859    -6024.538       26.680   211.7
2.2890        -5997.831    -6024.487       26.656   211.5
2.2895        -5997.843    -6024.433       26.590   211.0
2.2900        -5997.803    -6024.378       26.575   210.9
2.2905        -5997.776    -6024.323       26.547   210.6
2.2910        -5997.806    -6024.266       26.460   209.9
2.2915        -5997.784    -6024.207       26.423   209.7
2.2920        -5997.774    -6024.149       26.375   209.3
2.2925        -5997.795    -6024.090       26.295   208.6
2.2930        -5997.787    -6024.029       26.242   208.2
2.2935        -5997.770    -6023.968       26.198   207.9
2.2940        -5997.772    -6023.907       26.135   207.4
2.2945        -5997.814    -6023.846       26.032   206.6
2.2950        -5997.796    -6023.786       25.990   206.2
2.2955        -5997.775    -6023.724       25.949   205.9
2.2960        -5997.812    -6023.663       25.851   205.1
2.2965        -5997.795    -6023.602       25.808   204.8
2.2970        -5997.825    -6023.543       25.718   204.1
2.2975        -5997.862    -6023.487       25.625   203.3
2.2980        -5997.907    -6023.433       25.526   202.5
2.2985        -5997.881    -6023.383       25.502   202.4
2.2990        -5997.870    -6023.335       25.464   202.1
2.2995        -5997.839    -6023.290       25.451   201.9
2.3000        -5997.834    -6023.248       25.414   201.6
2.3005        -5997.834    -6023.209       25.375   201.3
2.3010        -5997.841    -6023.175       25.335   201.0
2.3015        -5997.875    -6023.146       25.271   200.5
2.3020        -5997.871    -6023.121       25.250   200.3
2.3025        -5997.857    -6023.101       25.244   200.3
2.3030        -5997.864    -6023.085       25.221   200.1
2.3035        -5997.874    -6023.073       25.199   199.9
2.3040        -5997.823    -6023.067       25.244   200.3
2.3045        -5997.843    -6023.065       25.221   200.1
2.3050        -5997.834    -6023.067       25.232   200.2
2.3055        -5997.806    -6023.074       25.268   200.5
2.3060        -5997.805    -6023.085       25.280   200.6
2.3065        -5997.812    -6023.101       25.290   200.7
2.3070        -5997.777    -6023.122       25.345   201.1
2.3075        -5997.751    -6023.148       25.397   201.5
2.3080        -5997.783    -6023.177       25.394   201.5
2.3085        -5997.779    -6023.212       25.433   201.8
2.3090        -5997.786    -6023.251       25.465   202.1
2.3095        -5997.730    -6023.292       25.562   202.8
2.3100        -5997.707    -6023.337       25.630   203.4
2.3105        -5997.686    -6023.384       25.697   203.9
2.3110        -5997.672    -6023.433       25.761   204.4
2.3115        -5997.651    -6023.483       25.832   205.0
2.3120        -5997.612    -6023.535       25.924   205.7
2.3125        -5997.650    -6023.587       25.937   205.8
2.3130        -5997.672    -6023.639       25.967   206.0
2.3135        -5997.668    -6023.691       26.023   206.5
2.3140        -5997.642    -6023.742       26.101   207.1
2.3145        -5997.602    -6023.793       26.192   207.8
2.3150        -5997.533    -6023.842       26.310   208.8
2.3155        -5997.512    -6023.890       26.378   209.3
2.3160        -5997.497    -6023.937       26.441   209.8
2.3165        -5997.488    -6023.981       26.493   210.2
2.3170        -5997.501    -6024.021       26.520   210.4
2.3175        -5997.490    -6024.058       26.568   210.8
2.3180        -5997.510    -6024.091       26.581   210.9
2.3185        -5997.554    -6024.121       26.567   210.8
2.3190        -5997.534    -6024.147       26.613   211.2
2.3195        -5997.565    -6024.168       26.604   211.1
2.3200        -5997.553    -6024.184       26.632   211.3
2.3205        -5997.514    -6024.195       26.681   211.7
2.3210        -5997.471    -6024.201       26.730   212.1
2.3215        -5997.503    -6024.201       26.698   211.8
2.3220        -5997.463    -6024.196       26.732   212.1
2.3225        -5997.451    -6024.185       26.734   212.1
2.3230        -5997.402    -6024.169       26.767   212.4
2.3235        -5997.401    -6024.148       26.746   212.2
2.3240        -5997.378    -6024.122       26.745   212.2
2.3245        -5997.346    -6024.094       26.748   212.2
2.3250        -5997.333    -6024.060       26.727   212.1
2.3255        -5997.318    -6024.023       26.706   211.9
2.3260        -5997.283    -6023.984       26.701   211.9
2.3265        -5997.259    -6023.942       26.683   211.7
2.3270        -5997.279    -6023.897       26.617   211.2
2.3275        -5997.332    -6023.850       26.519   210.4
2.3280        -5997.292    -6023.803       26.511   210.4
2.3285        -5997.244    -6023.755       26.510   210.4
2.3290        -5997.241    -6023.706       26.465   210.0
2.3295        -5997.214    -6023.658       26.444   209.8
2.3300        -5997.215    -6023.611       26.396   209.4
2.3305        -5997.234    -6023.566       26.333   208.9
2.3310        -5997.234    -6023.525       26.291   208.6
2.3315        -5997.208    -6023.486       26.279   208.5
2.3320        -5997.218    -6023.452       26.233   208.2
2.3325        -5997.202    -6023.420       26.218   208.0
2.3330        -5997.188    -6023.393       26.205   207.9
2.3335        -5997.191    -6023.369       26.179   207.7
2.3340        -5997.168    -6023.351       26.183   207.8
2.3345        -5997.175    -6023.337       26.162   207.6
2.3350        -5997.219    -6023.330       26.111   207.2
2.3355        -5997.227    -6023.328       26.101   207.1
2.3360        -5997.196    -6023.331       26.136   207.4
2.3365        -5997.159    -6023.340       26.181   207.7
2.3370        -5997.152    -6023.354       26.202   207.9
2.3375        -5997.156    -6023.375       26.219   208.0
2.3380        -5997.153    -6023.400       26.247   208.3
2.3385        -5997.119    -6023.430       26.311   208.8
2.3390        -5997.169    -6023.465       26.296   208.7
2.3395        -5997.176    -6023.504       26.328   208.9
2.3400        -5997.169    -6023.546       26.377   209.3
2.3405        -5997.159    -6023.592       26.433   209.7
2.3410        -5997.146    -6023.639       26.493   210.2
2.3415        -5997.119    -6023.689       26.570   210.8
2.3420        -5997.071    -6023.741       26.670   211.6
2.3425        -5997.011    -6023.797       26.785   212.5
2.3430        -5997.014    -6023.853       26.839   213.0
2.3435        -5997.037    -6023.911       26.874   213.2
2.3440        -5997.106    -6023.970       26.864   213.2
2.3445        -5997.138    -6024.028       26.889   213.4
2.3450        -5997.128    -6024.085       26.957   213.9
2.3455        -5997.108    -6024.141       27.033   214.5
2.3460        -5997.117    -6024.197       27.079   214.9
2.3465        -5997.099    -6024.251       27.152   215.4
2.3470        -5997.076    -6024.304       27.228   216.0
2.3475        -5997.071    -6024.355       27.284   216.5
2.3480        -5997.069    -6024.405       27.336   216.9
2.3485        -5997.044    -6024.452       27.409   217.5
2.3490        -5997.071    -6024.496       27.426   217.6
2.3495        -5997.042    -6024.538       27.495   218.2
2.3500        -5997.098    -6024.575       27.477   218.0
2.3505        -5997.139    -6024.610       27.471   218.0
2.3510        -5997.146    -6024.641       27.495   218.2
2.3515        -5997.154    -6024.669       27.516   218.3
2.3520        -5997.187    -6024.695       27.508   218.3
2.3525        -5997.198    -6024.717       27.519   218.4
2.3530        -5997.185    -6024.735       27.550   218.6
2.3535        -5997.158    -6024.750       27.591   218.9
2.3540        -5997.159    -6024.761       27.602   219.0
2.3545        -5997.188    -6024.770       27.582   218.9
2.3550        -5997.152    -6024.774       27.623   219.2
2.3555        -5997.145    -6024.776       27.631   219.2
2.3560        -5997.198    -6024.774       27.577   218.8
2.3565        -5997.178    -6024.769       27.591   218.9
2.3570        -5997.217    -6024.761       27.544   218.6
2.3575        -5997.231    -6024.751       27.520   218.4
2.3580        -5997.247    -6024.739       27.492   218.1
2.3585        -5997.226    -6024.724       27.498   218.2
2.3590        -5997.247    -6024.706       27.458   217.9
2.3595        -5997.198    -6024.685       27.487   218.1
2.3600        -5997.225    -6024.662       27.437   217.7
2.3605        -5997.196    -6024.638       27.442   217.7
2.3610        -5997.169    -6024.611       27.442   217.7
2.3615        -5997.184    -6024.582       27.399   217.4
2.3620        -5997.189    -6024.552       27.362   217.1
2.3625        -5997.135    -6024.519       27.384   217.3
2.3630        -5997.154    -6024.484       27.330   216.9
2.3635        -5997.133    -6024.446       27.313   216.7
2.3640        -5997.099    -6024.407       27.308   216.7
2.3645        -5997.084    -6024.366       27.282   216.5
2.3650        -5997.087    -6024.324       27.237   216.1
2.3655        -5997.057    -6024.281       27.224   216.0
2.3660        -5997.047    -6024.236       27.189   215.7
2.3665        -5997.053    -6024.191       27.137   215.3
2.3670        -5997.010    -6024.146       27.136   215.3
2.3675        -5997.040    -6024.102       27.061   214.7
2.3680        -5997.081    -6024.058       26.977   214.1
2.3685        -5997.052    -6024.014       26.962   213.9
2.3690        -5997.003    -6023.970       26.966   214.0
2.3695        -5997.011    -6023.927       26.916   213.6
2.3700        -5997.025    -6023.886       26.860   213.1
2.3705        -5997.034    -6023.845       26.811   212.7
2.3710        -5997.106    -6023.808       26.702   211.9
2.3715        -5997.066    -6023.772       26.706   211.9
2.3720        -5997.024    -6023.738       26.714   212.0
2.3725        -5997.032    -6023.706       26.674   211.7
2.3730        -5997.030    -6023.677       26.648   211.4
2.3735        -5996.996    -6023.652       26.656   211.5
2.3740        -5996.962    -6023.629       26.667   211.6
2.3745        -5996.978    -6023.609       26.631   211.3
2.3750        -5996.948    -6023.590       26.642   211.4
2.3755        -5996.934    -6023.574       26.640   211.4
2.3760        -5996.937    -6023.560       26.623   211.2
2.3765        -5996.945    -6023.547       26.602   211.1
2.3770        -5996.956    -6023.537       26.581   210.9
2.3775        -5996.942    -6023.528       26.586   211.0
2.3780        -5996.944    -6023.521       26.576   210.9
2.3785        -5996.875    -6023.515       26.640   211.4
2.3790        -5996.858    -6023.511       26.653   211.5
2.3795        -5996.857    -6023.509       26.652   211.5
2.3800        -5996.853    -6023.508       26.655   211.5
2.3805        -5996.828    -6023.509       26.681   211.7
2.3810        -5996.854    -6023.512       26.658   211.5
2.3815        -5996.869    -6023.516       26.647   211.4
2.3820        -5996.870    -6023.522       26.652   211.5
2.3825        -5996.880    -6023.530       26.650   211.5
2.3830        -5996.886    -6023.538       26.652   211.5
2.3835        -5996.900    -6023.547       26.647   211.4
2.3840        -5996.923    -6023.557       26.635   211.3
2.3845        -5996.939    -6023.569       26.630   211.3
2.3850        -5996.949    -6023.582       26.634   211.3
2.3855        -5996.923    -6023.598       26.675   211.7
2.3860        -5996.961    -6023.614       26.654   211.5
2.3865        -5996.956    -6023.631       26.675   211.7
2.3870        -5996.968    -6023.647       26.679   211.7
2.3875        -5996.955    -6023.664       26.709   211.9
2.3880        -5996.981    -6023.680       26.699   211.9
2.3885        -5996.973    -6023.695       26.722   212.0
2.3890        -5996.963    -6023.710       26.747   212.2
2.3895        -5996.962    -6023.724       26.761   212.3
2.3900        -5996.961    -6023.737       26.776   212.5
2.3905        -5996.945    -6023.750       26.806   212.7
2.3910        -5996.956    -6023.764       26.808   212.7
2.3915        -5996.932    -6023.776       26.844   213.0
2.3920        -5996.949    -6023.788       26.840   213.0
2.3925        -5996.932    -6023.799       26.867   213.2
2.3930        -5996.875    -6023.808       26.933   213.7
2.3935        -5996.869    -6023.817       26.947   213.8
2.3940        -5996.876    -6023.824       26.948   213.8
2.3945        -5996.909    -6023.829       26.921   213.6
2.3950        -5996.885    -6023.834       26.948   213.8
2.3955        -5996.915    -6023.836       26.921   213.6
2.3960        -5996.873    -6023.838       26.965   214.0
2.3965        -5996.904    -6023.838       26.934   213.7
2.3970        -5996.877    -6023.836       26.960   213.9
2.3975        -5996.886    -6023.834       26.948   213.8
2.3980        -5996.932    -6023.830       26.898   213.4
2.3985        -5996.964    -6023.825       26.861   213.1
2.3990        -5996.975    -6023.819       26.844   213.0
2.3995        -5996.954    -6023.812       26.858   213.1
2.4000        -5996.952    -6023.804       26.853   213.1
2.4005        -5996.905    -6023.796       26.891   213.4
2.4010        -5996.864    -6023.788       26.923   213.6
2.4015        -5996.832    -6023.779       26.948   213.8
2.4020        -5996.791    -6023.770       26.979   214.1
2.4025        -5996.790    -6023.760       26.969   214.0
2.4030        -5996.778    -6023.750       26.972   214.0
2.4035        -5996.773    -6023.741       26.968   214.0
2.4040        -5996.785    -6023.732       26.947   213.8
2.4045        -5996.808    -6023.723       26.916   213.6
2.4050        -5996.820    -6023.715       26.895   213.4
2.4055        -5996.785    -6023.710       26.925   213.6
2.4060        -5996.837    -6023.705       26.868   213.2
2.4065        -5996.835    -6023.700       26.865   213.2
2.4070        -5996.840    -6023.697       26.857   213.1
2.4075        -5996.801    -6023.695       26.895   213.4
2.4080        -5996.746    -6023.696       26.950   213.8
2.4085        -5996.732    -6023.698       26.966   214.0
2.4090        -5996.729    -6023.702       26.973   214.0
2.4095        -5996.735    -6023.709       26.974   214.0
2.4100        -5996.705    -6023.716       27.011   214.3
2.4105        -5996.660    -6023.724       27.064   214.7
2.4110        -5996.661    -6023.734       27.073   214.8
2.4115        -5996.633    -6023.743       27.110   215.1
2.4120        -5996.646    -6023.752       27.106   215.1
2.4125        -5996.623    -6023.762       27.138   215.3
2.4130        -5996.619    -6023.772       27.153   215.5
2.4135        -5996.621    -6023.783       27.163   215.5
2.4140        -5996.581    -6023.796       27.215   215.9
2.4145        -5996.568    -6023.808       27.240   216.1
2.4150        -5996.580    -6023.821       27.240   216.1
2.4155        -5996.604    -6023.833       27.229   216.1
2.4160        -5996.566    -6023.845       27.279   216.5
2.4165        -5996.546    -6023.857       27.311   216.7
2.4170        -5996.559    -6023.868       27.309   216.7
2.4175        -5996.555    -6023.880       27.325   216.8
2.4180        -5996.559    -6023.891       27.331   216.9
2.4185        -5996.534    -6023.901       27.367   217.1
2.4190        -5996.496    -6023.911       27.414   217.5
2.4195        -5996.478    -6023.919       27.442   217.7
2.4200        -5996.455    -6023.926       27.471   218.0
2.4205        -5996.421    -6023.931       27.510   218.3
2.4210        -5996.398    -6023.935       27.537   218.5
2.4215        -5996.384    -6023.937       27.552   218.6
2.4220        -5996.392    -6023.937       27.545   218.6
2.4225        -5996.384    -6023.935       27.551   218.6
2.4230        -5996.412    -6023.931       27.519   218.4
2.4235        -5996.415    -6023.926       27.510   218.3
2.4240        -5996.391    -6023.918       27.527   218.4
2.4245        -5996.378    -6023.907       27.529   218.4
2.4250        -5996.344    -6023.895       27.551   218.6
2.4255        -5996.387    -6023.881       27.494   218.2
2.4260        -5996.384    -6023.866       27.482   218.1
2.4265        -5996.386    -6023.848       27.461   217.9
2.4270        -5996.377    -6023.827       27.450   217.8
2.4275        -5996.348    -6023.805       27.457   217.9
2.4280        -5996.398    -6023.782       27.384   217.3
2.4285        -5996.384    -6023.757       27.374   217.2
2.4290        -5996.370    -6023.732       27.362   217.1
2.4295        -5996.371    -6023.705       27.334   216.9
2.4300        -5996.367    -6023.678       27.311   216.7
2.4305        -5996.376    -6023.650       27.274   216.4
2.4310        -5996.438    -6023.623       27.185   215.7
2.4315        -5996.430    -6023.594       27.164   215.5
2.4320        -5996.481    -6023.566       27.084   214.9
2.4325        -5996.459    -6023.538       27.079   214.9
2.4330        -5996.472    -6023.510       27.038   214.5
2.4335        -5996.458    -6023.483       27.025   214.4
2.4340        -5996.459    -6023.455       26.996   214.2
2.4345        -5996.493    -6023.430       26.937   213.7
2.4350        -5996.507    -6023.405       26.898   213.4
2.4355        -5996.488    -6023.381       26.894   213.4
2.4360        -5996.459    -6023.360       26.901   213.5
2.4365        -5996.441    -6023.339       26.899   213.4
2.4370        -5996.438    -6023.319       26.882   213.3
2.4375        -5996.394    -6023.301       26.907   213.5
2.4380        -5996.373    -6023.285       26.912   213.5
2.4385        -5996.398    -6023.270       26.872   213.2
2.4390        -5996.347    -6023.258       26.910   213.5
2.4395        -5996.367    -6023.247       26.879   213.3
2.4400        -5996.353    -6023.238       26.885   213.3
2.4405        -5996.366    -6023.232       26.866   213.2
2.4410        -5996.375    -6023.227       26.851   213.1
2.4415        -5996.411    -6023.224       26.813   212.8
2.4420        -5996.360    -6023.222       26.863   213.1
2.4425        -5996.338    -6023.224       26.886   213.3
2.4430        -5996.334    -6023.227       26.893   213.4
2.4435        -5996.283    -6023.232       26.949   213.8
2.4440        -5996.290    -6023.239       26.949   213.8
2.4445        -5996.291    -6023.248       26.957   213.9
2.4450        -5996.313    -6023.258       26.945   213.8
2.4455        -5996.289    -6023.269       26.981   214.1
2.4460        -5996.257    -6023.282       27.026   214.4
2.4465        -5996.260    -6023.296       27.036   214.5
2.4470        -5996.264    -6023.312       27.047   214.6
2.4475        -5996.261    -6023.327       27.066   214.8
2.4480        -5996.339    -6023.343       27.005   214.3
2.4485        -5996.283    -6023.361       27.078   214.9
2.4490        -5996.261    -6023.379       27.118   215.2
2.4495        -5996.242    -6023.396       27.154   215.5
2.4500        -5996.219    -6023.413       27.194   215.8
2.4505        -5996.265    -6023.430       27.165   215.5
2.4510        -5996.248    -6023.447       27.199   215.8
2.4515        -5996.234    -6023.465       27.231   216.1
2.4520        -5996.209    -6023.485       27.275   216.4
2.4525        -5996.197    -6023.504       27.307   216.7
2.4530        -5996.180    -6023.523       27.343   217.0
2.4535        -5996.206    -6023.543       27.337   216.9
2.4540        -5996.193    -6023.563       27.370   217.2
2.4545        -5996.218    -6023.583       27.366   217.1
2.4550        -5996.258    -6023.604       27.346   217.0
2.4555        -5996.255    -6023.626       27.371   217.2
2.4560        -5996.297    -6023.649       27.352   217.0
2.4565        -5996.327    -6023.673       27.346   217.0
2.4570        -5996.332    -6023.697       27.365   217.1
2.4575        -5996.319    -6023.720       27.402   217.4
2.4580        -5996.319    -6023.743       27.425   217.6
2.4585        -5996.290    -6023.766       27.476   218.0
2.4590        -5996.330    -6023.787       27.457   217.9
2.4595        -5996.313    -6023.808       27.495   218.2
2.4600        -5996.300    -6023.829       27.529   218.4
2.4605        -5996.300    -6023.850       27.549   218.6
2.4610        -5996.281    -6023.869       27.588   218.9
2.4615        -5996.251    -6023.887       27.636   219.3
2.4620        -5996.232    -6023.904       27.672   219.6
2.4625        -5996.218    -6023.920       27.702   219.8
2.4630        -5996.228    -6023.935       27.707   219.8
2.4635        -5996.262    -6023.948       27.686   219.7
2.4640        -5996.243    -6023.962       27.719   219.9
2.4645        -5996.261    -6023.974       27.713   219.9
2.4650        -5996.263    -6023.986       27.723   220.0
2.4655        -5996.243    -6023.996       27.753   220.2
2.4660        -5996.212    -6024.004       27.792   220.5
2.4665        -5996.169    -6024.011       27.843   220.9
2.4670        -5996.152    -6024.018       27.866   221.1
2.4675        -5996.135    -6024.023       27.888   221.3
2.4680        -5996.115    -6024.026       27.911   221.5
2.4685        -5996.102    -6024.027       27.926   221.6
2.4690        -5996.103    -6024.028       27.925   221.6
2.4695        -5996.083    -6024.028       27.945   221.7
2.4700        -5996.074    -6024.028       27.954   221.8
2.4705        -5996.039    -6024.027       27.988   222.1
2.4710        -5996.072    -6024.025       27.953   221.8
2.4715        -5996.118    -6024.023       27.905   221.4
2.4720        -5996.148    -6024.020       27.872   221.2
2.4725        -5996.154    -6024.017       27.863   221.1
2.4730        -5996.102    -6024.013       27.911   221.5
2.4735        -5996.121    -6024.008       27.888   221.3
2.4740        -5996.118    -6024.002       27.884   221.3
2.4745        -5996.160    -6023.994       27.835   220.9
2.4750        -5996.116    -6023.986       27.871   221.1
2.4755        -5996.084    -6023.978       27.894   221.3
2.4760        -5996.009    -6023.968       27.960   221.9
2.4765        -5996.019    -6023.959       27.940   221.7
2.4770        -5996.004    -6023.947       27.943   221.7
2.4775        -5995.989    -6023.935       27.946   221.7
2.4780        -5995.993    -6023.921       27.928   221.6
2.4785        -5995.979    -6023.906       27.927   221.6
2.4790        -5995.980    -6023.889       27.908   221.4
2.4795        -5995.966    -6023.870       27.904   221.4
2.4800        -5995.958    -6023.850       27.893   221.3
2.4805        -5995.962    -6023.828       27.866   221.1
2.4810        -5995.934    -6023.804       27.870   221.1
2.4815        -5995.937    -6023.780       27.843   220.9
2.4820        -5995.880    -6023.755       27.874   221.2
2.4825        -5995.849    -6023.726       27.877   221.2
2.4830        -5995.892    -6023.696       27.804   220.6
2.4835        -5995.899    -6023.664       27.765   220.3
2.4840        -5995.868    -6023.631       27.763   220.3
2.4845        -5995.859    -6023.595       27.737   220.1
2.4850        -5995.868    -6023.558       27.689   219.7
2.4855        -5995.885    -6023.519       27.634   219.3
2.4860        -5995.877    -6023.480       27.603   219.0
2.4865        -5995.854    -6023.441       27.586   218.9
2.4870        -5995.828    -6023.401       27.573   218.8
2.4875        -5995.788    -6023.361       27.573   218.8
2.4880        -5995.774    -6023.321       27.547   218.6
2.4885        -5995.793    -6023.281       27.488   218.1
2.4890        -5995.774    -6023.241       27.467   217.9
2.4895        -5995.755    -6023.202       27.447   217.8
2.4900        -5995.713    -6023.165       27.452   217.8
2.4905        -5995.757    -6023.128       27.370   217.2
2.4910        -5995.776    -6023.092       27.316   216.7
2.4915        -5995.729    -6023.058       27.328   216.8
2.4920        -5995.736    -6023.026       27.290   216.5
2.4925        -5995.729    -6022.997       27.268   216.4
2.4930        -5995.749    -6022.972       27.222   216.0
2.4935        -5995.770    -6022.949       27.179   215.7
2.4940        -5995.812    -6022.929       27.117   215.2
2.4945        -5995.811    -6022.913       27.102   215.0
2.4950        -5995.869    -6022.900       27.031   214.5
2.4955        -5995.859    -6022.890       27.031   214.5
2.4960        -5995.860    -6022.883       27.023   214.4
2.4965        -5995.840    -6022.879       27.040   214.6
2.4970        -5995.859    -6022.879       27.019   214.4
2.4975        -5995.823    -6022.882       27.059   214.7
2.4980        -5995.825    -6022.888       27.063   214.7
2.4985        -5995.815    -6022.897       27.082   214.9
2.4990        -5995.806    -6022.909       27.103   215.1
2.4995        -5995.810    -6022.924       27.114   215.1
2.5000        -5995.779    -6022.943       27.164   215.5
2.5005        -5995.776    -6022.966       27.189   215.7
2.5010        -5995.776    -6022.990       27.214   215.9
2.5015        -5995.786    -6023.017       27.230   216.1
2.5020        -5995.752    -6023.045       27.293   216.6
2.5025        -5995.717    -6023.076       27.359   217.1
2.5030        -5995.727    -6023.107       27.381   217.3
2.5035        -5995.682    -6023.140       27.458   217.9
2.5040        -5995.705    -6023.174       27.469   218.0
2.5045        -5995.714    -6023.207       27.493   218.2
2.5050        -5995.724    -6023.240       27.516   218.3
2.5055        -5995.786    -6023.274       27.487   218.1
2.5060        -5995.789    -6023.307       27.518   218.4
2.5065        -5995.745    -6023.339       27.594   219.0
2.5070        -5995.716    -6023.370       27.654   219.4
2.5075        -5995.691    -6023.399       27.708   219.9
2.5080        -5995.688    -6023.427       27.739   220.1
2.5085        -5995.656    -6023.454       27.797   220.6
2.5090        -5995.690    -6023.476       27.787   220.5
2.5095        -5995.681    -6023.496       27.815   220.7
2.5100        -5995.676    -6023.512       27.836   220.9
2.5105        -5995.649    -6023.523       27.874   221.2
2.5110        -5995.673    -6023.531       27.857   221.0
2.5115        -5995.698    -6023.535       27.837   220.9
2.5120        -5995.709    -6023.536       27.826   220.8
2.5125        -5995.696    -6023.532       27.837   220.9
2.5130        -5995.734    -6023.526       27.791   220.5
2.5135        -5995.749    -6023.515       27.767   220.3
2.5140        -5995.708    -6023.501       27.793   220.5
2.5145        -5995.714    -6023.482       27.768   220.3
2.5150        -5995.717    -6023.459       27.742   220.1
2.5155        -5995.735    -6023.432       27.697   219.8
2.5160        -5995.707    -6023.402       27.695   219.7
2.5165        -5995.671    -6023.367       27.696   219.8
2.5170        -5995.675    -6023.328       27.653   219.4
2.5175        -5995.665    -6023.286       27.620   219.2
2.5180        -5995.601    -6023.241       27.640   219.3
2.5185        -5995.586    -6023.194       27.608   219.1
2.5190        -5995.579    -6023.142       27.563   218.7
2.5195        -5995.602    -6023.087       27.485   218.1
2.5200        -5995.644    -6023.029       27.385   217.3
2.5205        -5995.644    -6022.969       27.325   216.8
2.5210        -5995.638    -6022.908       27.270   216.4
2.5215        -5995.668    -6022.845       27.177   215.6
2.5220        -5995.685    -6022.781       27.097   215.0
2.5225        -5995.653    -6022.718       27.065   214.8
2.5230        -5995.657    -6022.655       26.998   214.2
2.5235        -5995.653    -6022.593       26.940   213.8
2.5240        -5995.668    -6022.532       26.864   213.2
2.5245        -5995.682    -6022.473       26.791   212.6
2.5250        -5995.664    -6022.417       26.754   212.3
2.5255        -5995.637    -6022.365       26.728   212.1
2.5260        -5995.643    -6022.318       26.675   211.7
2.5265        -5995.636    -6022.274       26.637   211.4
2.5270        -5995.674    -6022.234       26.561   210.8
2.5275        -5995.663    -6022.201       26.538   210.6
2.5280        -5995.673    -6022.172       26.499   210.3
2.5285        -5995.660    -6022.149       26.490   210.2
2.5290        -5995.635    -6022.132       26.497   210.2
2.5295        -5995.614    -6022.119       26.505   210.3
2.5300        -5995.599    -6022.111       26.511   210.4
2.5305        -5995.628    -6022.108       26.480   210.1
2.5310        -5995.628    -6022.110       26.483   210.1
2.5315        -5995.600    -6022.117       26.517   210.4
2.5320        -5995.564    -6022.129       26.565   210.8
2.5325        -5995.563    -6022.145       26.582   210.9
2.5330        -5995.522    -6022.166       26.644   211.4
2.5335        -5995.501    -6022.191       26.690   211.8
2.5340        -5995.521    -6022.221       26.699   211.9
2.5345        -5995.497    -6022.254       26.757   212.3
2.5350        -5995.489    -6022.291       26.802   212.7
2.5355        -5995.473    -6022.332       26.859   213.1
2.5360        -5995.453    -6022.376       26.923   213.6
2.5365        -5995.484    -6022.423       26.939   213.8
2.5370        -5995.478    -6022.473       26.995   214.2
2.5375        -5995.480    -6022.526       27.046   214.6
2.5380        -5995.489    -6022.579       27.090   215.0
2.5385        -5995.487    -6022.634       27.146   215.4
2.5390        -5995.510    -6022.689       27.178   215.7
2.5395        -5995.512    -6022.744       27.232   216.1
2.5400        -5995.507    -6022.800       27.294   216.6
2.5405        -5995.553    -6022.857       27.303   216.6
2.5410        -5995.536    -6022.912       27.376   217.2
2.5415        -5995.563    -6022.968       27.404   217.4
2.5420        -5995.544    -6023.022       27.478   218.0
2.5425        -5995.576    -6023.076       27.500   218.2
2.5430        -5995.553    -6023.129       27.576   218.8
2.5435        -5995.553    -6023.180       27.627   219.2
2.5440        -5995.551    -6023.229       27.678   219.6
2.5445        -5995.593    -6023.275       27.683   219.7
2.5450        -5995.614    -6023.319       27.706   219.8
2.5455        -5995.559    -6023.360       27.801   220.6
2.5460        -5995.559    -6023.398       27.839   220.9
2.5465        -5995.556    -6023.433       27.877   221.2
2.5470        -5995.564    -6023.466       27.901   221.4
2.5475        -5995.597    -6023.494       27.897   221.4
2.5480        -5995.616    -6023.518       27.901   221.4
2.5485        -5995.640    -6023.538       27.898   221.4
2.5490        -5995.598    -6023.555       27.957   221.8
2.5495        -5995.592    -6023.569       27.977   222.0
2.5500        -5995.553    -6023.580       28.027   222.4
2.5505        -5995.592    -6023.587       27.995   222.1
2.5510        -5995.549    -6023.591       28.042   222.5
2.5515        -5995.559    -6023.591       28.032   222.4
2.5520        -5995.557    -6023.589       28.032   222.4
2.5525        -5995.542    -6023.584       28.041   222.5
2.5530        -5995.525    -6023.575       28.049   222.6
2.5535        -5995.490    -6023.563       28.073   222.7
2.5540        -5995.523    -6023.548       28.025   222.4
2.5545        -5995.489    -6023.530       28.041   222.5
2.5550        -5995.505    -6023.510       28.005   222.2
2.5555        -5995.513    -6023.487       27.974   222.0
2.5560        -5995.480    -6023.462       27.982   222.0
2.5565        -5995.476    -6023.436       27.960   221.9
2.5570        -5995.528    -6023.408       27.880   221.2
2.5575        -5995.522    -6023.379       27.857   221.0
2.5580        -5995.476    -6023.348       27.872   221.2
2.5585        -5995.474    -6023.316       27.843   220.9
2.5590        -5995.458    -6023.283       27.825   220.8
2.5595        -5995.478    -6023.249       27.771   220.4
2.5600        -5995.476    -6023.215       27.739   220.1
2.5605        -5995.462    -6023.183       27.721   220.0
2.5610        -5995.486    -6023.153       27.667   219.5
2.5615        -5995.460    -6023.124       27.664   219.5
2.5620        -5995.491    -6023.096       27.605   219.0
2.5625        -5995.505    -6023.069       27.565   218.7
2.5630        -5995.485    -6023.046       27.561   218.7
2.5635        -5995.446    -6023.024       27.578   218.8
2.5640        -5995.446    -6023.004       27.559   218.7
2.5645        -5995.426    -6022.988       27.562   218.7
2.5650        -5995.416    -6022.976       27.560   218.7
2.5655        -5995.417    -6022.966       27.550   218.6
2.5660        -5995.468    -6022.961       27.493   218.1
2.5665        -5995.411    -6022.958       27.547   218.6
2.5670        -5995.382    -6022.959       27.577   218.8
2.5675        -5995.374    -6022.964       27.589   218.9
2.5680        -5995.386    -6022.972       27.586   218.9
2.5685        -5995.366    -6022.984       27.617   219.1
2.5690        -5995.366    -6022.999       27.633   219.3
2.5695        -5995.339    -6023.018       27.680   219.6
2.5700        -5995.327    -6023.039       27.712   219.9
2.5705        -5995.337    -6023.063       27.726   220.0
2.5710        -5995.329    -6023.091       27.762   220.3
2.5715        -5995.319    -6023.121       27.802   220.6
2.5720        -5995.325    -6023.154       27.829   220.8
2.5725        -5995.284    -6023.189       27.905   221.4
2.5730        -5995.262    -6023.226       27.964   221.9
2.5735        -5995.259    -6023.265       28.006   222.2
2.5740        -5995.277    -6023.305       28.028   222.4
2.5745        -5995.222    -6023.343       28.121   223.1
2.5750        -5995.204    -6023.382       28.178   223.6
2.5755        -5995.200    -6023.420       28.220   223.9
2.5760        -5995.188    -6023.456       28.268   224.3
2.5765        -5995.188    -6023.490       28.302   224.6
2.5770        -5995.168    -6023.522       28.354   225.0
2.5775        -5995.172    -6023.553       28.382   225.2
2.5780        -5995.157    -6023.581       28.424   225.5
2.5785        -5995.126    -6023.605       28.479   226.0
2.5790        -5995.129    -6023.626       28.497   226.1
2.5795        -5995.175    -6023.645       28.470   225.9
2.5800        -5995.219    -6023.662       28.443   225.7
2.5805        -5995.269    -6023.675       28.406   225.4
2.5810        -5995.261    -6023.686       28.425   225.5
2.5815        -5995.244    -6023.694       28.450   225.7
2.5820        -5995.276    -6023.700       28.424   225.5
2.5825        -5995.274    -6023.701       28.427   225.6
2.5830        -5995.297    -6023.698       28.401   225.4
2.5835        -5995.300    -6023.692       28.392   225.3
2.5840        -5995.329    -6023.681       28.352   225.0
2.5845        -5995.330    -6023.666       28.336   224.8
2.5850        -5995.351    -6023.647       28.296   224.5
2.5855        -5995.305    -6023.625       28.320   224.7
2.5860        -5995.288    -6023.601       28.313   224.7
2.5865        -5995.283    -6023.573       28.291   224.5
2.5870        -5995.264    -6023.543       28.279   224.4
2.5875        -5995.218    -6023.509       28.291   224.5
2.5880        -5995.227    -6023.472       28.245   224.1
2.5885        -5995.211    -6023.432       28.220   223.9
2.5890        -5995.224    -6023.389       28.166   223.5
2.5895        -5995.246    -6023.345       28.099   223.0
2.5900        -5995.305    -6023.299       27.994   222.1
2.5905        -5995.339    -6023.251       27.912   221.5
2.5910        -5995.322    -6023.203       27.881   221.2
2.5915        -5995.279    -6023.155       27.876   221.2
2.5920        -5995.288    -6023.106       27.818   220.7
2.5925        -5995.269    -6023.059       27.789   220.5
2.5930        -5995.250    -6023.011       27.761   220.3
2.5935        -5995.292    -6022.963       27.671   219.6
2.5940        -5995.311    -6022.916       27.605   219.0
2.5945        -5995.329    -6022.871       27.541   218.5
2.5950        -5995.306    -6022.827       27.521   218.4
2.5955        -5995.361    -6022.785       27.423   217.6
2.5960        -5995.359    -6022.746       27.387   217.3
2.5965        -5995.285    -6022.712       27.427   217.6
2.5970        -5995.243    -6022.681       27.438   217.7
2.5975        -5995.227    -6022.654       27.427   217.6
2.5980        -5995.179    -6022.631       27.451   217.8
2.5985        -5995.189    -6022.612       27.423   217.6
2.5990        -5995.173    -6022.597       27.424   217.6
2.5995        -5995.186    -6022.586       27.400   217.4
2.6000        -5995.163    -6022.580       27.416   217.5
2.6005        -5995.200    -6022.577       27.377   217.2
2.6010        -5995.254    -6022.578       27.323   216.8
2.6015        -5995.253    -6022.583       27.330   216.9
2.6020        -5995.270    -6022.591       27.321   216.8
2.6025        -5995.258    -6022.603       27.344   217.0
2.6030        -5995.205    -6022.617       27.412   217.5
2.6035        -5995.193    -6022.634       27.441   217.7
2.6040        -5995.194    -6022.654       27.460   217.9
2.6045        -5995.199    -6022.675       27.476   218.0
2.6050        -5995.236    -6022.699       27.463   217.9
2.6055        -5995.194    -6022.722       27.528   218.4
2.6060        -5995.158    -6022.746       27.588   218.9
2.6065        -5995.134    -6022.770       27.635   219.3
2.6070        -5995.111    -6022.793       27.682   219.7
2.6075        -5995.112    -6022.817       27.704   219.8
2.6080        -5995.132    -6022.839       27.707   219.8
2.6085        -5995.119    -6022.862       27.743   220.1
2.6090        -5995.152    -6022.885       27.733   220.1
2.6095        -5995.171    -6022.906       27.736   220.1
2.6100        -5995.189    -6022.928       27.738   220.1
2.6105        -5995.175    -6022.949       27.774   220.4
2.6110        -5995.194    -6022.968       27.774   220.4
2.6115        -5995.185    -6022.987       27.803   220.6
2.6120        -5995.173    -6023.006       27.832   220.8
2.6125        -5995.132    -6023.022       27.890   221.3
2.6130        -5995.091    -6023.039       27.948   221.8
2.6135        -5995.096    -6023.053       27.957   221.8
2.6140        -5995.051    -6023.067       28.016   222.3
2.6145        -5995.071    -6023.079       28.008   222.2
2.6150        -5995.061    -6023.091       28.031   222.4
2.6155        -5995.071    -6023.102       28.032   222.4
2.6160        -5995.042    -6023.112       28.070   222.7
2.6165        -5995.041    -6023.121       28.080   222.8
2.6170        -5995.026    -6023.128       28.102   223.0
2.6175        -5995.005    -6023.134       28.129   223.2
2.6180        -5994.992    -6023.138       28.146   223.3
2.6185        -5994.998    -6023.140       28.142   223.3
2.6190        -5994.958    -6023.142       28.184   223.6
2.6195        -5994.945    -6023.141       28.195   223.7
2.6200        -5994.984    -6023.136       28.152   223.4
2.6205        -5995.023    -6023.130       28.107   223.0
2.6210        -5995.046    -6023.122       28.077   222.8
2.6215        -5995.043    -6023.112       28.069   222.7
2.6220        -5994.999    -6023.100       28.101   223.0
2.6225        -5995.057    -6023.086       28.029   222.4
2.6230        -5995.044    -6023.070       28.026   222.4
2.6235        -5995.065    -6023.054       27.989   222.1
2.6240        -5995.070    -6023.035       27.965   221.9
2.6245        -5995.072    -6023.016       27.944   221.7
2.6250        -5995.035    -6022.995       27.960   221.9
2.6255        -5995.059    -6022.973       27.914   221.5
2.6260        -5995.040    -6022.952       27.911   221.5
2.6265        -5995.065    -6022.930       27.865   221.1
2.6270        -5995.063    -6022.909       27.845   220.9
2.6275        -5995.040    -6022.886       27.846   221.0
2.6280        -5995.045    -6022.863       27.818   220.7
2.6285        -5995.019    -6022.840       27.821   220.8
2.6290        -5995.015    -6022.817       27.802   220.6
2.6295        -5995.030    -6022.794       27.764   220.3
2.6300        -5995.019    -6022.772       27.754   220.2
2.6305        -5994.972    -6022.752       27.779   220.4
2.6310        -5994.967    -6022.732       27.765   220.3
2.6315        -5994.941    -6022.714       27.773   220.4
2.6320        -5994.931    -6022.697       27.766   220.3
2.6325        -5994.884    -6022.680       27.796   220.6
2.6330        -5994.914    -6022.665       27.751   220.2
2.6335        -5994.902    -6022.652       27.750   220.2
2.6340        -5994.925    -6022.640       27.715   219.9
2.6345        -5994.908    -6022.630       27.723   220.0
2.6350        -5994.832    -6022.623       27.792   220.5
2.6355        -5994.858    -6022.616       27.759   220.3
2.6360        -5994.865    -6022.610       27.745   220.1
2.6365        -5994.868    -6022.605       27.737   220.1
2.6370        -5994.862    -6022.601       27.739   220.1
2.6375        -5994.840    -6022.601       27.761   220.3
2.6380        -5994.813    -6022.604       27.790   220.5
2.6385        -5994.826    -6022.608       27.782   220.4
2.6390        -5994.800    -6022.614       27.814   220.7
2.6395        -5994.794    -6022.623       27.829   220.8
2.6400        -5994.771    -6022.635       27.864   221.1
2.6405        -5994.704    -6022.650       27.946   221.7
2.6410        -5994.696    -6022.668       27.971   221.9
2.6415        -5994.683    -6022.690       28.007   222.2
2.6420        -5994.668    -6022.714       28.046   222.5
2.6425        -5994.645    -6022.741       28.096   222.9
2.6430        -5994.624    -6022.771       28.147   223.3
2.6435        -5994.620    -6022.803       28.183   223.6
2.6440        -5994.661    -6022.837       28.177   223.6
2.6445        -5994.673    -6022.872       28.199   223.8
2.6450        -5994.608    -6022.908       28.300   224.5
2.6455        -5994.591    -6022.945       28.355   225.0
2.6460        -5994.592    -6022.984       28.392   225.3
2.6465        -5994.594    -6023.022       28.429   225.6
2.6470        -5994.577    -6023.061       28.484   226.0
2.6475        -5994.575    -6023.100       28.525   226.3
2.6480        -5994.522    -6023.137       28.615   227.1
2.6485        -5994.529    -6023.173       28.644   227.3
2.6490        -5994.530    -6023.207       28.677   227.5
2.6495        -5994.555    -6023.240       28.685   227.6
2.6500        -5994.488    -6023.270       28.782   228.4
2.6505        -5994.465    -6023.298       28.833   228.8
2.6510        -5994.442    -6023.324       28.882   229.2
2.6515        -5994.431    -6023.347       28.916   229.4
2.6520        -5994.445    -6023.367       28.922   229.5
2.6525        -5994.381    -6023.385       29.003   230.1
2.6530        -5994.327    -6023.398       29.071   230.7
2.6535        -5994.259    -6023.408       29.149   231.3
2.6540        -5994.247    -6023.414       29.167   231.4
2.6545        -5994.224    -6023.415       29.191   231.6
2.6550        -5994.241    -6023.411       29.170   231.5
2.6555        -5994.219    -6023.403       29.183   231.6
2.6560        -5994.197    -6023.388       29.191   231.6
2.6565        -5994.162    -6023.368       29.206   231.7
2.6570        -5994.187    -6023.343       29.156   231.3
2.6575        -5994.212    -6023.314       29.102   230.9
2.6580        -5994.229    -6023.280       29.051   230.5
2.6585        -5994.230    -6023.242       29.012   230.2
2.6590        -5994.207    -6023.199       28.992   230.0
2.6595        -5994.215    -6023.152       28.937   229.6
2.6600        -5994.174    -6023.100       28.925   229.5
2.6605        -5994.149    -6023.043       28.894   229.3
2.6610        -5994.113    -6022.982       28.869   229.1
2.6615        -5994.117    -6022.917       28.800   228.5
2.6620        -5994.087    -6022.849       28.763   228.2
2.6625        -5994.055    -6022.779       28.724   227.9
2.6630        -5994.032    -6022.705       28.674   227.5
2.6635        -5994.017    -6022.628       28.611   227.0
2.6640        -5994.030    -6022.549       28.518   226.3
2.6645        -5994.008    -6022.468       28.460   225.8
2.6650        -5994.015    -6022.387       28.372   225.1
2.6655        -5994.003    -6022.305       28.302   224.6
2.6660        -5993.992    -6022.224       28.232   224.0
2.6665        -5993.967    -6022.144       28.177   223.6
2.6670        -5993.995    -6022.065       28.070   222.7
2.6675        -5993.963    -6021.988       28.025   222.4
2.6680        -5993.935    -6021.915       27.979   222.0
2.6685        -5993.925    -6021.843       27.918   221.5
2.6690        -5993.956    -6021.775       27.819   220.7
2.6695        -5993.935    -6021.712       27.776   220.4
2.6700        -5993.939    -6021.653       27.714   219.9
2.6705        -5993.946    -6021.601       27.654   219.4
2.6710        -5993.928    -6021.554       27.626   219.2
2.6715        -5993.904    -6021.513       27.609   219.1
2.6720        -5993.914    -6021.479       27.564   218.7
2.6725        -5993.898    -6021.451       27.553   218.6
2.6730        -5993.868    -6021.430       27.563   218.7
2.6735        -5993.839    -6021.415       27.577   218.8
2.6740        -5993.819    -6021.408       27.589   218.9
2.6745        -5993.769    -6021.406       27.637   219.3
2.6750        -5993.776    -6021.411       27.634   219.3
2.6755        -5993.804    -6021.420       27.616   219.1
2.6760        -5993.820    -6021.436       27.616   219.1
2.6765        -5993.784    -6021.458       27.674   219.6
2.6770        -5993.736    -6021.483       27.747   220.2
2.6775        -5993.640    -6021.512       27.873   221.2
2.6780        -5993.624    -6021.545       27.921   221.5
2.6785        -5993.622    -6021.580       27.958   221.8
2.6790        -5993.597    -6021.617       28.020   222.3
2.6795        -5993.574    -6021.656       28.082   222.8
2.6800        -5993.548    -6021.696       28.147   223.3
2.6805        -5993.541    -6021.737       28.197   223.7
2.6810        -5993.551    -6021.780       28.228   224.0
2.6815        -5993.576    -6021.823       28.246   224.1
2.6820        -5993.624    -6021.865       28.241   224.1
2.6825        -5993.603    -6021.906       28.303   224.6
2.6830        -5993.606    -6021.946       28.340   224.9
2.6835        -5993.613    -6021.985       28.372   225.1
2.6840        -5993.644    -6022.022       28.377   225.2
2.6845        -5993.626    -6022.056       28.430   225.6
2.6850        -5993.623    -6022.088       28.465   225.9
2.6855        -5993.606    -6022.117       28.511   226.2
2.6860        -5993.565    -6022.143       28.578   226.8
2.6865        -5993.600    -6022.167       28.567   226.7
2.6870        -5993.612    -6022.189       28.577   226.8
2.6875        -5993.611    -6022.207       28.595   226.9
2.6880        -5993.587    -6022.222       28.635   227.2
2.6885        -5993.586    -6022.236       28.650   227.3
2.6890        -5993.621    -6022.245       28.624   227.1
2.6895        -5993.581    -6022.251       28.670   227.5
2.6900        -5993.589    -6022.254       28.665   227.4
2.6905        -5993.600    -6022.255       28.655   227.4
2.6910        -5993.586    -6022.254       28.668   227.5
2.6915        -5993.563    -6022.251       28.688   227.6
2.6920        -5993.511    -6022.246       28.735   228.0
2.6925        -5993.517    -6022.240       28.723   227.9
2.6930        -5993.504    -6022.232       28.729   228.0
2.6935        -5993.525    -6022.223       28.699   227.7
2.6940        -5993.482    -6022.213       28.731   228.0
2.6945        -5993.488    -6022.202       28.714   227.8
2.6950        -5993.473    -6022.189       28.715   227.8
2.6955        -5993.445    -6022.174       28.730   228.0
2.6960        -5993.407    -6022.160       28.753   228.1
2.6965        -5993.444    -6022.144       28.700   227.7
2.6970        -5993.412    -6022.127       28.715   227.8
2.6975        -5993.411    -6022.109       28.699   227.7
2.6980        -5993.448    -6022.090       28.642   227.3
2.6985        -5993.430    -6022.071       28.641   227.3
2.6990        -5993.436    -6022.053       28.616   227.1
2.6995        -5993.473    -6022.035       28.562   226.6
2.7000        -5993.461    -6022.018       28.557   226.6
2.7005        -5993.468    -6022.002       28.534   226.4
2.7010        -5993.468    -6021.988       28.520   226.3
2.7015        -5993.473    -6021.975       28.502   226.2
2.7020        -5993.468    -6021.965       28.496   226.1
2.7025        -5993.490    -6021.957       28.467   225.9
2.7030        -5993.480    -6021.950       28.471   225.9
2.7035        -5993.467    -6021.945       28.478   226.0
2.7040        -5993.458    -6021.943       28.485   226.0
2.7045        -5993.460    -6021.941       28.482   226.0
2.7050        -5993.484    -6021.942       28.458   225.8
2.7055        -5993.466    -6021.944       28.478   226.0
2.7060        -5993.468    -6021.949       28.481   226.0
2.7065        -5993.476    -6021.955       28.479   226.0
2.7070        -5993.450    -6021.963       28.514   226.2
2.7075        -5993.435    -6021.974       28.539   226.4
2.7080        -5993.405    -6021.986       28.581   226.8
2.7085        -5993.406    -6022.000       28.594   226.9
2.7090        -5993.399    -6022.017       28.618   227.1
2.7095        -5993.384    -6022.035       28.651   227.3
2.7100        -5993.362    -6022.053       28.691   227.7
2.7105        -5993.384    -6022.072       28.688   227.6
2.7110        -5993.386    -6022.092       28.706   227.8
2.7115        -5993.383    -6022.114       28.730   228.0
2.7120        -5993.363    -6022.135       28.772   228.3
2.7125        -5993.359    -6022.156       28.797   228.5
2.7130        -5993.375    -6022.178       28.803   228.5
2.7135        -5993.376    -6022.199       28.822   228.7
2.7140        -5993.374    -6022.219       28.845   228.9
2.7145        -5993.364    -6022.238       28.874   229.1
2.7150        -5993.335    -6022.256       28.921   229.5
2.7155        -5993.359    -6022.273       28.914   229.4
2.7160        -5993.345    -6022.289       28.944   229.7
2.7165        -5993.299    -6022.303       29.005   230.1
2.7170        -5993.283    -6022.316       29.033   230.4
2.7175        -5993.266    -6022.326       29.060   230.6
2.7180        -5993.276    -6022.333       29.058   230.6
2.7185        -5993.288    -6022.337       29.049   230.5
2.7190        -5993.288    -6022.337       29.049   230.5
2.7195        -5993.325    -6022.335       29.010   230.2
2.7200        -5993.341    -6022.330       28.988   230.0
2.7205        -5993.309    -6022.322       29.013   230.2
2.7210        -5993.339    -6022.311       28.972   229.9
2.7215        -5993.351    -6022.297       28.946   229.7
2.7220        -5993.324    -6022.280       28.956   229.8
2.7225        -5993.326    -6022.260       28.935   229.6
2.7230        -5993.295    -6022.238       28.942   229.6
2.7235        -5993.362    -6022.211       28.850   228.9
2.7240        -5993.361    -6022.182       28.821   228.7
2.7245        -5993.356    -6022.151       28.794   228.5
2.7250        -5993.315    -6022.116       28.801   228.5
2.7255        -5993.315    -6022.079       28.765   228.2
2.7260        -5993.319    -6022.043       28.724   227.9
2.7265        -5993.275    -6022.004       28.729   228.0
2.7270        -5993.252    -6021.965       28.713   227.8
2.7275        -5993.218    -6021.925       28.707   227.8
2.7280        -5993.178    -6021.884       28.706   227.8
2.7285        -5993.231    -6021.842       28.611   227.0
2.7290        -5993.192    -6021.801       28.609   227.0
2.7295        -5993.147    -6021.759       28.612   227.0
2.7300        -5993.150    -6021.719       28.569   226.7
2.7305        -5993.138    -6021.679       28.541   226.5
2.7310        -5993.128    -6021.640       28.511   226.2
2.7315        -5993.138    -6021.601       28.463   225.8
2.7320        -5993.130    -6021.563       28.433   225.6
2.7325        -5993.139    -6021.526       28.388   225.2
2.7330        -5993.120    -6021.492       28.371   225.1
2.7335        -5993.173    -6021.458       28.285   224.4
2.7340        -5993.160    -6021.426       28.266   224.3
2.7345        -5993.168    -6021.396       28.228   224.0
2.7350        -5993.148    -6021.369       28.221   223.9
2.7355        -5993.139    -6021.344       28.204   223.8
2.7360        -5993.122    -6021.321       28.199   223.8
2.7365        -5993.127    -6021.300       28.172   223.5
2.7370        -5993.110    -6021.281       28.171   223.5
2.7375        -5993.140    -6021.265       28.125   223.2
2.7380        -5993.102    -6021.250       28.148   223.3
2.7385        -5993.069    -6021.237       28.168   223.5
2.7390        -5993.023    -6021.226       28.203   223.8
2.7395        -5993.035    -6021.218       28.183   223.6
2.7400        -5993.065    -6021.210       28.145   223.3
2.7405        -5993.094    -6021.205       28.110   223.0
2.7410        -5993.101    -6021.201       28.101   223.0
2.7415        -5993.086    -6021.200       28.113   223.1
2.7420        -5993.057    -6021.199       28.142   223.3
2.7425        -5992.980    -6021.199       28.219   223.9
2.7430        -5993.024    -6021.201       28.177   223.6
2.7435        -5992.995    -6021.204       28.209   223.8
2.7440        -5993.012    -6021.210       28.198   223.7
2.7445        -5993.024    -6021.218       28.194   223.7
2.7450        -5992.994    -6021.228       28.234   224.0
2.7455        -5992.914    -6021.240       28.327   224.8
2.7460        -5992.898    -6021.255       28.358   225.0
2.7465        -5992.926    -6021.271       28.345   224.9
2.7470        -5992.898    -6021.288       28.390   225.3
2.7475        -5992.906    -6021.306       28.400   225.3
2.7480        -5992.918    -6021.326       28.408   225.4
2.7485        -5992.911    -6021.349       28.438   225.6
2.7490        -5992.890    -6021.372       28.482   226.0
2.7495        -5992.892    -6021.396       28.504   226.2
2.7500        -5992.889    -6021.420       28.531   226.4
2.7505        -5992.864    -6021.444       28.580   226.8
2.7510        -5992.857    -6021.469       28.612   227.0
2.7515        -5992.851    -6021.493       28.642   227.3
2.7520        -5992.823    -6021.518       28.694   227.7
2.7525        -5992.852    -6021.541       28.689   227.6
2.7530        -5992.863    -6021.563       28.700   227.7
2.7535        -5992.809    -6021.584       28.775   228.3
2.7540        -5992.779    -6021.602       28.824   228.7
2.7545        -5992.806    -6021.619       28.813   228.6
2.7550        -5992.819    -6021.634       28.814   228.6
2.7555        -5992.829    -6021.646       28.818   228.7
2.7560        -5992.837    -6021.655       28.818   228.7
2.7565        -5992.803    -6021.662       28.859   229.0
2.7570        -5992.797    -6021.666       28.870   229.1
2.7575        -5992.797    -6021.669       28.872   229.1
2.7580        -5992.830    -6021.670       28.840   228.8
2.7585        -5992.817    -6021.668       28.851   228.9
2.7590        -5992.855    -6021.665       28.810   228.6
2.7595        -5992.874    -6021.660       28.786   228.4
2.7600        -5992.891    -6021.651       28.760   228.2
2.7605        -5992.886    -6021.641       28.755   228.2
2.7610        -5992.883    -6021.629       28.746   228.1
2.7615        -5992.904    -6021.614       28.711   227.8
2.7620        -5992.879    -6021.599       28.721   227.9
2.7625        -5992.896    -6021.583       28.687   227.6
2.7630        -5992.916    -6021.566       28.649   227.3
2.7635        -5992.938    -6021.548       28.611   227.0
2.7640        -5992.957    -6021.531       28.573   226.7
2.7645        -5992.980    -6021.514       28.534   226.4
2.7650        -5993.023    -6021.498       28.475   225.9
2.7655        -5993.078    -6021.481       28.403   225.4
2.7660        -5993.047    -6021.464       28.418   225.5
2.7665        -5993.048    -6021.447       28.399   225.3
2.7670        -5993.048    -6021.430       28.381   225.2
2.7675        -5993.059    -6021.411       28.352   225.0
2.7680        -5993.036    -6021.392       28.356   225.0
2.7685        -5993.037    -6021.373       28.335   224.8
2.7690        -5993.050    -6021.353       28.303   224.6
2.7695        -5993.077    -6021.333       28.256   224.2
2.7700        -5993.126    -6021.313       28.187   223.7
2.7705        -5993.088    -6021.292       28.204   223.8
2.7710        -5993.062    -6021.271       28.210   223.8
2.7715        -5993.040    -6021.250       28.209   223.8
2.7720        -5993.030    -6021.228       28.198   223.7
2.7725        -5993.061    -6021.206       28.145   223.3
2.7730        -5993.038    -6021.184       28.146   223.3
2.7735        -5993.053    -6021.163       28.110   223.0
2.7740        -5993.077    -6021.142       28.064   222.7
2.7745        -5993.071    -6021.121       28.050   222.6
2.7750        -5993.076    -6021.102       28.026   222.4
2.7755        -5993.077    -6021.082       28.006   222.2
2.7760        -5993.042    -6021.063       28.022   222.3
2.7765        -5992.992    -6021.045       28.053   222.6
2.7770        -5992.982    -6021.029       28.046   222.5
2.7775        -5992.994    -6021.014       28.019   222.3
2.7780        -5993.063    -6021.000       27.937   221.7
2.7785        -5993.044    -6020.988       27.944   221.7
2.7790        -5993.066    -6020.977       27.911   221.5
2.7795        -5993.054    -6020.969       27.915   221.5
2.7800        -5993.079    -6020.963       27.885   221.3
2.7805        -5993.045    -6020.959       27.913   221.5
2.7810        -5993.023    -6020.956       27.933   221.6
2.7815        -5992.997    -6020.956       27.959   221.8
2.7820        -5993.024    -6020.958       27.935   221.7
2.7825        -5993.022    -6020.963       27.941   221.7
2.7830        -5992.980    -6020.971       27.990   222.1
2.7835        -5992.919    -6020.980       28.061   222.7
2.7840        -5992.850    -6020.992       28.142   223.3
2.7845        -5992.781    -6021.007       28.225   224.0
2.7850        -5992.798    -6021.023       28.225   224.0
2.7855        -5992.796    -6021.041       28.245   224.1
2.7860        -5992.833    -6021.060       28.227   224.0
2.7865        -5992.833    -6021.081       28.248   224.1
2.7870        -5992.860    -6021.104       28.243   224.1
2.7875        -5992.846    -6021.129       28.282   224.4
2.7880        -5992.826    -6021.155       28.329   224.8
2.7885        -5992.785    -6021.183       28.398   225.3
2.7890        -5992.795    -6021.211       28.416   225.5
2.7895        -5992.790    -6021.240       28.450   225.7
2.7900        -5992.737    -6021.270       28.533   226.4
2.7905        -5992.682    -6021.302       28.619   227.1
2.7910        -5992.631    -6021.334       28.703   227.7
2.7915        -5992.602    -6021.367       28.765   228.2
2.7920        -5992.615    -6021.401       28.786   228.4
2.7925        -5992.569    -6021.436       28.867   229.0
2.7930        -5992.533    -6021.470       28.937   229.6
2.7935        -5992.517    -6021.505       28.988   230.0
2.7940        -5992.497    -6021.540       29.043   230.4
2.7945        -5992.446    -6021.575       29.129   231.1
2.7950        -5992.423    -6021.609       29.186   231.6
2.7955        -5992.460    -6021.642       29.183   231.6
2.7960        -5992.447    -6021.675       29.228   231.9
2.7965        -5992.407    -6021.706       29.299   232.5
2.7970        -5992.425    -6021.736       29.312   232.6
2.7975        -5992.455    -6021.764       29.309   232.6
2.7980        -5992.464    -6021.791       29.327   232.7
2.7985        -5992.480    -6021.816       29.336   232.8
2.7990        -5992.499    -6021.840       29.341   232.8
2.7995        -5992.540    -6021.863       29.323   232.7
2.8000        -5992.509    -6021.885       29.376   233.1
2.8005        -5992.534    -6021.905       29.371   233.0
2.8010        -5992.543    -6021.924       29.380   233.1
2.8015        -5992.517    -6021.942       29.424   233.5
2.8020        -5992.465    -6021.960       29.494   234.0
2.8025        -5992.447    -6021.976       29.530   234.3
2.8030        -5992.429    -6021.992       29.563   234.6
2.8035        -5992.449    -6022.005       29.556   234.5
2.8040        -5992.460    -6022.017       29.558   234.5
2.8045        -5992.469    -6022.029       29.560   234.5
2.8050        -5992.489    -6022.039       29.549   234.5
2.8055        -5992.463    -6022.047       29.585   234.7
2.8060        -5992.483    -6022.054       29.571   234.6
2.8065        -5992.520    -6022.061       29.540   234.4
2.8070        -5992.505    -6022.066       29.561   234.6
2.8075        -5992.510    -6022.071       29.561   234.6
2.8080        -5992.543    -6022.075       29.532   234.3
2.8085        -5992.518    -6022.079       29.560   234.6
2.8090        -5992.531    -6022.081       29.550   234.5
2.8095        -5992.526    -6022.083       29.557   234.5
2.8100        -5992.530    -6022.085       29.555   234.5
2.8105        -5992.559    -6022.085       29.526   234.3
2.8110        -5992.524    -6022.083       29.559   234.5
2.8115        -5992.538    -6022.081       29.544   234.4
2.8120        -5992.497    -6022.078       29.581   234.7
2.8125        -5992.451    -6022.073       29.622   235.0
2.8130        -5992.462    -6022.067       29.604   234.9
2.8135        -5992.469    -6022.059       29.590   234.8
2.8140        -5992.468    -6022.051       29.583   234.7
2.8145        -5992.499    -6022.042       29.543   234.4
2.8150        -5992.541    -6022.033       29.492   234.0
2.8155        -5992.533    -6022.023       29.490   234.0
2.8160        -5992.487    -6022.013       29.526   234.3
2.8165        -5992.463    -6022.003       29.540   234.4
2.8170        -5992.507    -6021.994       29.487   234.0
2.8175        -5992.458    -6021.984       29.526   234.3
2.8180        -5992.433    -6021.974       29.541   234.4
2.8185        -5992.408    -6021.964       29.556   234.5
2.8190        -5992.427    -6021.953       29.526   234.3
2.8195        -5992.413    -6021.943       29.530   234.3
2.8200        -5992.415    -6021.933       29.517   234.2
2.8205        -5992.423    -6021.923       29.501   234.1
2.8210        -5992.448    -6021.915       29.467   233.8
2.8215        -5992.481    -6021.908       29.427   233.5
2.8220        -5992.468    -6021.902       29.434   233.5
2.8225        -5992.440    -6021.899       29.459   233.7
2.8230        -5992.396    -6021.898       29.502   234.1
2.8235        -5992.398    -6021.901       29.503   234.1
2.8240        -5992.412    -6021.907       29.495   234.0
2.8245        -5992.409    -6021.916       29.506   234.1
2.8250        -5992.416    -6021.927       29.511   234.2
2.8255        -5992.344    -6021.939       29.596   234.8
2.8260        -5992.300    -6021.953       29.653   235.3
2.8265        -5992.273    -6021.968       29.695   235.6
2.8270        -5992.203    -6021.984       29.781   236.3
2.8275        -5992.176    -6022.001       29.825   236.7
2.8280        -5992.147    -6022.019       29.872   237.0
2.8285        -5992.133    -6022.037       29.904   237.3
2.8290        -5992.135    -6022.056       29.921   237.4
2.8295        -5992.152    -6022.075       29.923   237.4
2.8300        -5992.134    -6022.094       29.960   237.7
2.8305        -5992.129    -6022.113       29.984   237.9
2.8310        -5992.157    -6022.130       29.973   237.8
2.8315        -5992.160    -6022.147       29.987   237.9
2.8320        -5992.155    -6022.161       30.006   238.1
2.8325        -5992.174    -6022.173       30.000   238.0
2.8330        -5992.114    -6022.183       30.068   238.6
2.8335        -5992.090    -6022.189       30.099   238.8
2.8340        -5992.137    -6022.193       30.055   238.5
2.8345        -5992.147    -6022.192       30.045   238.4
2.8350        -5992.187    -6022.188       30.001   238.0
2.8355        -5992.203    -6022.181       29.978   237.9
2.8360        -5992.202    -6022.169       29.967   237.8
2.8365        -5992.243    -6022.153       29.910   237.3
2.8370        -5992.265    -6022.133       29.868   237.0
2.8375        -5992.284    -6022.110       29.826   236.7
2.8380        -5992.312    -6022.082       29.770   236.2
2.8385        -5992.289    -6022.051       29.762   236.2
2.8390        -5992.309    -6022.017       29.708   235.7
2.8395        -5992.339    -6021.980       29.642   235.2
2.8400        -5992.283    -6021.941       29.658   235.3
2.8405        -5992.284    -6021.898       29.614   235.0
2.8410        -5992.293    -6021.853       29.560   234.6
2.8415        -5992.301    -6021.808       29.507   234.1
2.8420        -5992.268    -6021.763       29.494   234.0
2.8425        -5992.254    -6021.716       29.462   233.8
2.8430        -5992.267    -6021.669       29.402   233.3
2.8435        -5992.305    -6021.620       29.315   232.6
2.8440        -5992.332    -6021.571       29.239   232.0
2.8445        -5992.304    -6021.522       29.218   231.8
2.8450        -5992.318    -6021.473       29.155   231.3
2.8455        -5992.401    -6021.425       29.024   230.3
2.8460        -5992.361    -6021.378       29.017   230.2
2.8465        -5992.339    -6021.332       28.993   230.1
2.8470        -5992.305    -6021.288       28.983   230.0
2.8475        -5992.355    -6021.245       28.889   229.2
2.8480        -5992.351    -6021.203       28.851   228.9
2.8485        -5992.341    -6021.163       28.822   228.7
2.8490        -5992.302    -6021.125       28.823   228.7
2.8495        -5992.316    -6021.090       28.774   228.3
2.8500        -5992.308    -6021.060       28.752   228.1
2.8505        -5992.304    -6021.034       28.730   228.0
2.8510        -5992.285    -6021.011       28.726   227.9
2.8515        -5992.317    -6020.992       28.675   227.5
2.8520        -5992.301    -6020.976       28.675   227.5
2.8525        -5992.299    -6020.964       28.665   227.4
2.8530        -5992.318    -6020.957       28.638   227.2
2.8535        -5992.306    -6020.952       28.646   227.3
2.8540        -5992.298    -6020.951       28.653   227.4
2.8545        -5992.315    -6020.953       28.638   227.2
2.8550        -5992.280    -6020.958       28.677   227.5
2.8555        -5992.254    -6020.966       28.712   227.8
2.8560        -5992.218    -6020.977       28.759   228.2
2.8565        -5992.191    -6020.991       28.800   228.5
2.8570        -5992.195    -6021.007       28.812   228.6
2.8575        -5992.203    -6021.026       28.823   228.7
2.8580        -5992.233    -6021.047       28.814   228.6
2.8585        -5992.241    -6021.071       28.830   228.8
2.8590        -5992.242    -6021.096       28.853   228.9
2.8595        -5992.212    -6021.122       28.910   229.4
2.8600        -5992.238    -6021.149       28.911   229.4
2.8605        -5992.214    -6021.178       28.964   229.8
2.8610        -5992.221    -6021.206       28.985   230.0
2.8615        -5992.253    -6021.233       28.981   230.0
2.8620        -5992.288    -6021.260       28.973   229.9
2.8625        -5992.263    -6021.288       29.025   230.3
2.8630        -5992.239    -6021.315       29.076   230.7
2.8635        -5992.251    -6021.341       29.090   230.8
2.8640        -5992.237    -6021.366       29.129   231.1
2.8645        -5992.242    -6021.390       29.148   231.3
2.8650        -5992.207    -6021.414       29.207   231.7
2.8655        -5992.258    -6021.436       29.178   231.5
2.8660        -5992.263    -6021.457       29.195   231.7
2.8665        -5992.257    -6021.477       29.220   231.8
2.8670        -5992.267    -6021.495       29.228   231.9
2.8675        -5992.261    -6021.512       29.251   232.1
2.8680        -5992.243    -6021.526       29.283   232.4
2.8685        -5992.228    -6021.538       29.309   232.6
2.8690        -5992.191    -6021.548       29.357   232.9
2.8695        -5992.157    -6021.555       29.398   233.3
2.8700        -5992.154    -6021.560       29.406   233.3
2.8705        -5992.121    -6021.562       29.442   233.6
2.8710        -5992.109    -6021.563       29.454   233.7
2.8715        -5992.109    -6021.562       29.452   233.7
2.8720        -5992.107    -6021.558       29.451   233.7
2.8725        -5992.107    -6021.552       29.446   233.6
2.8730        -5992.138    -6021.544       29.406   233.3
2.8735        -5992.167    -6021.536       29.369   233.0
2.8740        -5992.161    -6021.528       29.367   233.0
2.8745        -5992.154    -6021.519       29.365   233.0
2.8750        -5992.145    -6021.509       29.364   233.0
2.8755        -5992.138    -6021.498       29.359   233.0
2.8760        -5992.145    -6021.486       29.341   232.8
2.8765        -5992.127    -6021.473       29.346   232.9
2.8770        -5992.108    -6021.461       29.353   232.9
2.8775        -5992.111    -6021.449       29.338   232.8
2.8780        -5992.087    -6021.437       29.350   232.9
2.8785        -5992.089    -6021.425       29.336   232.8
2.8790        -5992.053    -6021.413       29.359   233.0
2.8795        -5992.046    -6021.400       29.354   232.9
2.8800        -5992.045    -6021.386       29.342   232.8
2.8805        -5992.072    -6021.372       29.300   232.5
2.8810        -5992.090    -6021.358       29.268   232.2
2.8815        -5992.041    -6021.344       29.304   232.5
2.8820        -5992.059    -6021.330       29.270   232.3
2.8825        -5992.040    -6021.314       29.274   232.3
2.8830        -5992.072    -6021.298       29.226   231.9
2.8835        -5992.089    -6021.283       29.194   231.6
2.8840        -5992.075    -6021.268       29.193   231.6
2.8845        -5992.146    -6021.252       29.106   230.9
2.8850        -5992.126    -6021.235       29.109   231.0
2.8855        -5992.108    -6021.217       29.109   231.0
2.8860        -5992.103    -6021.201       29.097   230.9
2.8865        -5992.149    -6021.184       29.035   230.4
2.8870        -5992.161    -6021.168       29.007   230.2
2.8875        -5992.176    -6021.152       28.976   229.9
2.8880        -5992.180    -6021.138       28.958   229.8
2.8885        -5992.172    -6021.124       28.953   229.7
2.8890        -5992.132    -6021.112       28.980   229.9
2.8895        -5992.074    -6021.101       29.027   230.3
2.8900        -5992.033    -6021.090       29.056   230.6
2.8905        -5992.066    -6021.079       29.014   230.2
2.8910        -5992.070    -6021.070       29.000   230.1
2.8915        -5992.069    -6021.062       28.993   230.1
2.8920        -5992.057    -6021.056       28.999   230.1
2.8925        -5992.068    -6021.052       28.983   230.0
2.8930        -5992.087    -6021.048       28.961   229.8
2.8935        -5992.089    -6021.046       28.957   229.8
2.8940        -5992.086    -6021.043       28.958   229.8
2.8945        -5992.071    -6021.042       28.970   229.9
2.8950        -5992.094    -6021.041       28.947   229.7
2.8955        -5992.088    -6021.043       28.955   229.7
2.8960        -5992.088    -6021.047       28.959   229.8
2.8965        -5992.028    -6021.052       29.024   230.3
2.8970        -5992.042    -6021.061       29.019   230.3
2.8975        -5992.068    -6021.071       29.003   230.1
2.8980        -5992.046    -6021.083       29.037   230.4
2.8985        -5992.055    -6021.096       29.041   230.4
2.8990        -5992.083    -6021.112       29.029   230.3
2.8995        -5992.086    -6021.130       29.044   230.5
2.9000        -5992.076    -6021.150       29.074   230.7
2.9005        -5992.113    -6021.172       29.060   230.6
2.9010        -5992.100    -6021.197       29.096   230.9
2.9015        -5992.051    -6021.222       29.171   231.5
2.9020        -5992.012    -6021.249       29.237   232.0
2.9025        -5992.022    -6021.277       29.256   232.1
2.9030        -5992.036    -6021.306       29.270   232.3
2.9035        -5992.018    -6021.336       29.318   232.6
2.9040        -5991.951    -6021.367       29.416   233.4
2.9045        -5991.943    -6021.398       29.455   233.7
2.9050        -5991.915    -6021.430       29.514   234.2
2.9055        -5991.964    -6021.461       29.498   234.1
2.9060        -5991.935    -6021.493       29.558   234.5
2.9065        -5991.928    -6021.523       29.595   234.8
2.9070        -5991.915    -6021.553       29.638   235.2
2.9075        -5991.891    -6021.582       29.690   235.6
2.9080        -5991.898    -6021.609       29.711   235.7
2.9085        -5991.897    -6021.634       29.737   236.0
2.9090        -5991.874    -6021.658       29.784   236.3
2.9095        -5991.826    -6021.679       29.853   236.9
2.9100        -5991.892    -6021.696       29.805   236.5
2.9105        -5991.923    -6021.711       29.788   236.4
2.9110        -5991.932    -6021.724       29.792   236.4
2.9115        -5991.868    -6021.733       29.865   237.0
2.9120        -5991.853    -6021.740       29.887   237.1
2.9125        -5991.799    -6021.744       29.945   237.6
2.9130        -5991.765    -6021.745       29.980   237.9
2.9135        -5991.761    -6021.742       29.980   237.9
2.9140        -5991.763    -6021.735       29.972   237.8
2.9145        -5991.757    -6021.725       29.968   237.8
2.9150        -5991.718    -6021.712       29.994   238.0
2.9155        -5991.708    -6021.694       29.987   237.9
2.9160        -5991.689    -6021.672       29.983   237.9
2.9165        -5991.664    -6021.646       29.982   237.9
2.9170        -5991.623    -6021.616       29.993   238.0
2.9175        -5991.596    -6021.581       29.985   237.9
2.9180        -5991.638    -6021.542       29.904   237.3
2.9185        -5991.608    -6021.499       29.891   237.2
2.9190        -5991.580    -6021.452       29.872   237.0
2.9195        -5991.601    -6021.401       29.800   236.5
2.9200        -5991.599    -6021.346       29.747   236.0
2.9205        -5991.615    -6021.289       29.673   235.5
2.9210        -5991.613    -6021.228       29.615   235.0
2.9215        -5991.615    -6021.165       29.550   234.5
2.9220        -5991.658    -6021.100       29.442   233.6
2.9225        -5991.612    -6021.033       29.421   233.4
2.9230        -5991.566    -6020.965       29.399   233.3
2.9235        -5991.601    -6020.895       29.294   232.4
2.9240        -5991.566    -6020.825       29.259   232.2
2.9245        -5991.536    -6020.755       29.219   231.8
2.9250        -5991.551    -6020.686       29.134   231.2
2.9255        -5991.544    -6020.619       29.074   230.7
2.9260        -5991.557    -6020.554       28.997   230.1
2.9265        -5991.586    -6020.493       28.907   229.4
2.9270        -5991.527    -6020.435       28.907   229.4
2.9275        -5991.529    -6020.380       28.851   228.9
2.9280        -5991.509    -6020.330       28.822   228.7
2.9285        -5991.467    -6020.285       28.817   228.7
2.9290        -5991.446    -6020.243       28.797   228.5
2.9295        -5991.411    -6020.206       28.795   228.5
2.9300        -5991.444    -6020.173       28.729   228.0
2.9305        -5991.428    -6020.144       28.716   227.9
2.9310        -5991.389    -6020.120       28.731   228.0
2.9315        -5991.356    -6020.101       28.745   228.1
2.9320        -5991.281    -6020.087       28.806   228.6
2.9325        -5991.310    -6020.078       28.767   228.3
2.9330        -5991.337    -6020.073       28.737   228.0
2.9335        -5991.312    -6020.075       28.763   228.2
2.9340        -5991.266    -6020.082       28.816   228.6
2.9345        -5991.282    -6020.093       28.811   228.6
2.9350        -5991.310    -6020.107       28.797   228.5
2.9355        -5991.326    -6020.126       28.799   228.5
2.9360        -5991.311    -6020.147       28.836   228.8
2.9365        -5991.263    -6020.173       28.910   229.4
2.9370        -5991.262    -6020.201       28.939   229.6
2.9375        -5991.265    -6020.233       28.968   229.9
2.9380        -5991.255    -6020.267       29.013   230.2
2.9385        -5991.273    -6020.304       29.031   230.4
2.9390        -5991.284    -6020.342       29.059   230.6
2.9395        -5991.284    -6020.382       29.098   230.9
2.9400        -5991.282    -6020.424       29.142   231.2
2.9405        -5991.257    -6020.467       29.210   231.8
2.9410        -5991.267    -6020.512       29.245   232.0
2.9415        -5991.279    -6020.559       29.280   232.3
2.9420        -5991.261    -6020.607       29.346   232.9
2.9425        -5991.238    -6020.656       29.418   233.4
2.9430        -5991.215    -6020.706       29.492   234.0
2.9435        -5991.155    -6020.757       29.602   234.9
2.9440        -5991.159    -6020.809       29.650   235.3
2.9445        -5991.164    -6020.863       29.698   235.6
2.9450        -5991.165    -6020.915       29.751   236.1
2.9455        -5991.161    -6020.968       29.807   236.5
2.9460        -5991.162    -6021.020       29.858   236.9
2.9465        -5991.168    -6021.073       29.905   237.3
2.9470        -5991.105    -6021.125       30.020   238.2
2.9475        -5991.106    -6021.176       30.070   238.6
2.9480        -5991.139    -6021.225       30.086   238.7
2.9485        -5991.131    -6021.273       30.142   239.2
2.9490        -5991.126    -6021.318       30.192   239.6
2.9495        -5991.078    -6021.361       30.283   240.3
2.9500        -5991.051    -6021.403       30.351   240.8
2.9505        -5991.050    -6021.441       30.391   241.1
2.9510        -5991.081    -6021.477       30.396   241.2
2.9515        -5991.117    -6021.509       30.392   241.1
2.9520        -5991.136    -6021.536       30.401   241.2
2.9525        -5991.116    -6021.560       30.444   241.6
2.9530        -5991.106    -6021.581       30.475   241.8
2.9535        -5991.097    -6021.598       30.501   242.0
2.9540        -5991.071    -6021.612       30.541   242.3
2.9545        -5991.032    -6021.623       30.591   242.7
2.9550        -5991.045    -6021.631       30.586   242.7
2.9555        -5991.070    -6021.635       30.565   242.5
2.9560        -5991.055    -6021.636       30.580   242.6
2.9565        -5991.070    -6021.633       30.562   242.5
2.9570        -5991.038    -6021.627       30.589   242.7
2.9575        -5991.030    -6021.619       30.588   242.7
2.9580        -5991.059    -6021.608       30.548   242.4
2.9585        -5991.007    -6021.595       30.588   242.7
2.9590        -5990.983    -6021.580       30.597   242.8
2.9595        -5990.935    -6021.562       30.627   243.0
2.9600        -5990.879    -6021.540       30.662   243.3
2.9605        -5990.827    -6021.516       30.689   243.5
2.9610        -5990.831    -6021.491       30.660   243.3
2.9615        -5990.846    -6021.463       30.617   242.9
2.9620        -5990.847    -6021.434       30.587   242.7
2.9625        -5990.820    -6021.404       30.583   242.7
2.9630        -5990.765    -6021.371       30.606   242.8
2.9635        -5990.745    -6021.337       30.592   242.7
2.9640        -5990.725    -6021.302       30.577   242.6
2.9645        -5990.741    -6021.266       30.526   242.2
2.9650        -5990.700    -6021.231       30.531   242.3
2.9655        -5990.677    -6021.195       30.519   242.2
2.9660        -5990.642    -6021.161       30.518   242.2
2.9665        -5990.682    -6021.126       30.444   241.6
2.9670        -5990.644    -6021.090       30.446   241.6
2.9675        -5990.641    -6021.054       30.413   241.3
2.9680        -5990.642    -6021.020       30.378   241.0
2.9685        -5990.611    -6020.986       30.375   241.0
2.9690        -5990.608    -6020.953       30.345   240.8
2.9695        -5990.637    -6020.923       30.285   240.3
2.9700        -5990.643    -6020.894       30.251   240.0
2.9705        -5990.616    -6020.867       30.251   240.0
2.9710        -5990.638    -6020.844       30.205   239.7
2.9715        -5990.636    -6020.822       30.187   239.5
2.9720        -5990.643    -6020.803       30.159   239.3
2.9725        -5990.640    -6020.785       30.145   239.2
2.9730        -5990.613    -6020.768       30.155   239.3
2.9735        -5990.607    -6020.755       30.149   239.2
2.9740        -5990.559    -6020.745       30.186   239.5
2.9745        -5990.532    -6020.737       30.205   239.7
2.9750        -5990.510    -6020.732       30.222   239.8
2.9755        -5990.528    -6020.729       30.201   239.6
2.9760        -5990.544    -6020.730       30.186   239.5
2.9765        -5990.578    -6020.733       30.155   239.3
2.9770        -5990.551    -6020.739       30.188   239.5
2.9775        -5990.570    -6020.747       30.177   239.4
2.9780        -5990.541    -6020.758       30.217   239.8
2.9785        -5990.510    -6020.771       30.261   240.1
2.9790        -5990.501    -6020.786       30.285   240.3
2.9795        -5990.435    -6020.803       30.369   241.0
2.9800        -5990.446    -6020.822       30.376   241.0
2.9805        -5990.445    -6020.842       30.397   241.2
2.9810        -5990.459    -6020.863       30.404   241.2
2.9815        -5990.441    -6020.884       30.443   241.6
2.9820        -5990.444    -6020.904       30.460   241.7
2.9825        -5990.436    -6020.924       30.487   241.9
2.9830        -5990.462    -6020.942       30.480   241.8
2.9835        -5990.458    -6020.960       30.502   242.0
2.9840        -5990.447    -6020.975       30.528   242.2
2.9845        -5990.425    -6020.989       30.565   242.5
2.9850        -5990.412    -6021.000       30.588   242.7
2.9855        -5990.379    -6021.009       30.630   243.0
2.9860        -5990.357    -6021.017       30.659   243.3
2.9865        -5990.385    -6021.022       30.636   243.1
2.9870        -5990.388    -6021.023       30.635   243.1
2.9875        -5990.401    -6021.021       30.620   243.0
2.9880        -5990.377    -6021.015       30.638   243.1
2.9885        -5990.307    -6021.004       30.697   243.6
2.9890        -5990.282    -6020.990       30.708   243.7
2.9895        -5990.293    -6020.970       30.677   243.4
2.9900        -5990.312    -6020.947       30.635   243.1
2.9905        -5990.314    -6020.921       30.607   242.9
2.9910        -5990.320    -6020.891       30.571   242.6
2.9915        -5990.262    -6020.858       30.596   242.8
2.9920        -5990.249    -6020.822       30.573   242.6
2.9925        -5990.233    -6020.782       30.549   242.4
2.9930        -5990.252    -6020.741       30.490   241.9
2.9935        -5990.264    -6020.698       30.434   241.5
2.9940        -5990.229    -6020.653       30.424   241.4
2.9945        -5990.261    -6020.607       30.346   240.8
2.9950        -5990.303    -6020.560       30.257   240.1
2.9955        -5990.318    -6020.512       30.194   239.6
2.9960        -5990.261    -6020.465       30.205   239.7
2.9965        -5990.233    -6020.419       30.186   239.5
2.9970        -5990.261    -6020.373       30.112   238.9
2.9975        -5990.248    -6020.328       30.079   238.7
2.9980        -5990.263    -6020.283       30.020   238.2
2.9985        -5990.258    -6020.240       29.982   237.9
2.9990        -5990.254    -6020.200       29.946   237.6
2.9995        -5990.252    -6020.163       29.911   237.3
3.0000        -5990.275    -6020.129       29.854   236.9
3.0005        -5990.305    -6020.099       29.795   236.4
3.0010        -5990.276    -6020.074       29.799   236.4
3.0015        -5990.300    -6020.054       29.754   236.1
3.0020        -5990.302    -6020.038       29.735   235.9
3.0025        -5990.296    -6020.026       29.730   235.9
3.0030        -5990.307    -6020.019       29.712   235.8
3.0035        -5990.277    -6020.017       29.741   236.0
3.0040        -5990.256    -6020.019       29.763   236.2
3.0045        -5990.256    -6020.025       29.769   236.2
3.0050        -5990.258    -6020.034       29.776   236.3
3.0055        -5990.230    -6020.047       29.817   236.6
3.0060        -5990.222    -6020.063       29.841   236.8
3.0065        -5990.267    -6020.082       29.816   236.6
3.0070        -5990.235    -6020.104       29.870   237.0
3.0075        -5990.208    -6020.128       29.920   237.4
3.0080        -5990.205    -6020.155       29.950   237.6
3.0085        -5990.202    -6020.183       29.981   237.9
3.0090        -5990.196    -6020.213       30.017   238.2
3.0095        -5990.178    -6020.241       30.063   238.5
3.0100        -5990.189    -6020.270       30.081   238.7
3.0105        -5990.174    -6020.298       30.124   239.0
3.0110        -5990.160    -6020.325       30.165   239.3
3.0115        -5990.169    -6020.350       30.182   239.5
3.0120        -5990.172    -6020.374       30.202   239.6
3.0125        -5990.175    -6020.395       30.220   239.8
3.0130        -5990.097    -6020.413       30.315   240.5
3.0135        -5990.062    -6020.427       30.364   240.9
3.0140        -5990.078    -6020.436       30.358   240.9
3.0145        -5990.078    -6020.441       30.364   240.9
3.0150        -5990.074    -6020.443       30.369   241.0
3.0155        -5990.061    -6020.438       30.378   241.0
3.0160        -5990.070    -6020.429       30.360   240.9
3.0165        -5990.081    -6020.415       30.334   240.7
3.0170        -5990.118    -6020.397       30.278   240.2
3.0175        -5990.120    -6020.373       30.253   240.0
3.0180        -5990.096    -6020.344       30.248   240.0
3.0185        -5990.075    -6020.311       30.236   239.9
3.0190        -5990.058    -6020.271       30.214   239.7
3.0195        -5990.011    -6020.228       30.217   239.8
3.0200        -5990.029    -6020.180       30.151   239.2
3.0205        -5990.012    -6020.128       30.116   239.0
3.0210        -5990.002    -6020.071       30.068   238.6
3.0215        -5989.988    -6020.010       30.022   238.2
3.0220        -5989.951    -6019.946       29.995   238.0
3.0225        -5989.950    -6019.879       29.929   237.5
3.0230        -5989.983    -6019.810       29.827   236.7
3.0235        -5990.037    -6019.740       29.703   235.7
3.0240        -5990.019    -6019.670       29.651   235.3
3.0245        -5989.992    -6019.599       29.607   234.9
3.0250        -5989.930    -6019.528       29.598   234.8
3.0255        -5989.882    -6019.456       29.574   234.7
3.0260        -5989.848    -6019.384       29.536   234.4
3.0265        -5989.857    -6019.312       29.456   233.7
3.0270        -5989.821    -6019.243       29.422   233.5
3.0275        -5989.823    -6019.176       29.352   232.9
3.0280        -5989.754    -6019.112       29.358   232.9
3.0285        -5989.768    -6019.051       29.282   232.3
3.0290        -5989.764    -6018.992       29.228   231.9
3.0295        -5989.756    -6018.936       29.179   231.5
3.0300        -5989.742    -6018.884       29.142   231.2
3.0305        -5989.699    -6018.838       29.138   231.2
3.0310        -5989.695    -6018.797       29.102   230.9
3.0315        -5989.747    -6018.761       29.014   230.2
3.0320        -5989.732    -6018.729       28.997   230.1
3.0325        -5989.748    -6018.701       28.952   229.7
3.0330        -5989.724    -6018.679       28.955   229.7
3.0335        -5989.709    -6018.661       28.953   229.7
3.0340        -5989.673    -6018.648       28.976   229.9
3.0345        -5989.681    -6018.641       28.960   229.8
3.0350        -5989.691    -6018.640       28.949   229.7
3.0355        -5989.691    -6018.646       28.955   229.7
3.0360        -5989.702    -6018.656       28.954   229.7
3.0365        -5989.715    -6018.671       28.956   229.8
3.0370        -5989.676    -6018.691       29.016   230.2
3.0375        -5989.689    -6018.717       29.028   230.3
3.0380        -5989.714    -6018.746       29.032   230.4
3.0385        -5989.701    -6018.779       29.078   230.7
3.0390        -5989.649    -6018.816       29.167   231.4
3.0395        -5989.680    -6018.856       29.176   231.5
3.0400        -5989.655    -6018.900       29.245   232.1
3.0405        -5989.673    -6018.948       29.274   232.3
3.0410        -5989.695    -6018.999       29.304   232.5
3.0415        -5989.676    -6019.052       29.376   233.1
3.0420        -5989.693    -6019.107       29.414   233.4
3.0425        -5989.702    -6019.163       29.461   233.8
3.0430        -5989.710    -6019.221       29.511   234.2
3.0435        -5989.709    -6019.281       29.571   234.6
3.0440        -5989.675    -6019.342       29.666   235.4
3.0445        -5989.678    -6019.403       29.725   235.9
3.0450        -5989.685    -6019.465       29.781   236.3
3.0455        -5989.689    -6019.528       29.839   236.8
3.0460        -5989.653    -6019.590       29.936   237.5
3.0465        -5989.706    -6019.650       29.945   237.6
3.0470        -5989.733    -6019.709       29.975   237.8
3.0475        -5989.726    -6019.766       30.040   238.4
3.0480        -5989.723    -6019.822       30.099   238.8
3.0485        -5989.732    -6019.876       30.143   239.2
3.0490        -5989.719    -6019.926       30.208   239.7
3.0495        -5989.676    -6019.973       30.296   240.4
3.0500        -5989.633    -6020.014       30.381   241.1
3.0505        -5989.636    -6020.051       30.415   241.3
3.0510        -5989.616    -6020.082       30.466   241.7
3.0515        -5989.604    -6020.109       30.505   242.0
3.0520        -5989.570    -6020.131       30.562   242.5
3.0525        -5989.556    -6020.149       30.593   242.7
3.0530        -5989.555    -6020.160       30.606   242.8
3.0535        -5989.530    -6020.167       30.638   243.1
3.0540        -5989.553    -6020.169       30.616   242.9
3.0545        -5989.604    -6020.168       30.563   242.5
3.0550        -5989.548    -6020.162       30.614   242.9
3.0555        -5989.528    -6020.152       30.624   243.0
3.0560        -5989.555    -6020.138       30.583   242.7
3.0565        -5989.519    -6020.121       30.602   242.8
3.0570        -5989.534    -6020.102       30.568   242.5
3.0575        -5989.549    -6020.081       30.532   242.3
3.0580        -5989.577    -6020.057       30.480   241.8
3.0585        -5989.585    -6020.030       30.445   241.6
3.0590        -5989.507    -6020.002       30.495   242.0
3.0595        -5989.448    -6019.972       30.524   242.2
3.0600        -5989.458    -6019.942       30.484   241.9
3.0605        -5989.443    -6019.911       30.468   241.8
3.0610        -5989.452    -6019.880       30.427   241.4
3.0615        -5989.391    -6019.848       30.457   241.7
3.0620        -5989.376    -6019.816       30.440   241.5
3.0625        -5989.390    -6019.785       30.395   241.2
3.0630        -5989.375    -6019.755       30.380   241.1
3.0635        -5989.373    -6019.727       30.354   240.8
3.0640        -5989.385    -6019.699       30.315   240.5
3.0645        -5989.377    -6019.674       30.297   240.4
3.0650        -5989.358    -6019.650       30.292   240.4
3.0655        -5989.327    -6019.627       30.300   240.4
3.0660        -5989.334    -6019.606       30.272   240.2
3.0665        -5989.344    -6019.586       30.242   240.0
3.0670        -5989.326    -6019.569       30.243   240.0
3.0675        -5989.319    -6019.555       30.236   239.9
3.0680        -5989.318    -6019.542       30.224   239.8
3.0685        -5989.298    -6019.533       30.234   239.9
3.0690        -5989.315    -6019.526       30.211   239.7
3.0695        -5989.354    -6019.522       30.168   239.4
3.0700        -5989.356    -6019.521       30.166   239.4
3.0705        -5989.393    -6019.525       30.132   239.1
3.0710        -5989.379    -6019.531       30.153   239.3
3.0715        -5989.401    -6019.541       30.140   239.2
3.0720        -5989.406    -6019.554       30.148   239.2
3.0725        -5989.385    -6019.571       30.186   239.5
3.0730        -5989.381    -6019.590       30.209   239.7
3.0735        -5989.367    -6019.614       30.246   240.0
3.0740        -5989.358    -6019.640       30.282   240.3
3.0745        -5989.363    -6019.670       30.307   240.5
3.0750        -5989.378    -6019.703       30.325   240.6
3.0755        -5989.390    -6019.738       30.349   240.8
3.0760        -5989.422    -6019.778       30.356   240.9
3.0765        -5989.343    -6019.819       30.476   241.8
3.0770        -5989.300    -6019.862       30.563   242.5
3.0775        -5989.270    -6019.907       30.637   243.1
3.0780        -5989.249    -6019.953       30.704   243.6
3.0785        -5989.231    -6020.001       30.770   244.2
3.0790        -5989.240    -6020.050       30.810   244.5
3.0795        -5989.233    -6020.101       30.868   244.9
3.0800        -5989.249    -6020.152       30.903   245.2
3.0805        -5989.222    -6020.204       30.982   245.8
3.0810        -5989.221    -6020.255       31.034   246.2
3.0815        -5989.225    -6020.306       31.080   246.6
3.0820        -5989.195    -6020.355       31.159   247.2
3.0825        -5989.167    -6020.403       31.236   247.8
3.0830        -5989.161    -6020.450       31.289   248.3
3.0835        -5989.185    -6020.495       31.310   248.4
3.0840        -5989.183    -6020.538       31.355   248.8
3.0845        -5989.177    -6020.578       31.401   249.2
3.0850        -5989.164    -6020.617       31.453   249.6
3.0855        -5989.148    -6020.652       31.504   250.0
3.0860        -5989.103    -6020.685       31.582   250.6
3.0865        -5989.143    -6020.714       31.572   250.5
3.0870        -5989.141    -6020.740       31.599   250.7
3.0875        -5989.156    -6020.763       31.607   250.8
3.0880        -5989.177    -6020.784       31.607   250.8
3.0885        -5989.188    -6020.802       31.614   250.8
3.0890        -5989.171    -6020.817       31.645   251.1
3.0895        -5989.148    -6020.828       31.680   251.4
3.0900        -5989.119    -6020.838       31.719   251.7
3.0905        -5989.099    -6020.845       31.746   251.9
3.0910        -5989.094    -6020.850       31.756   252.0
3.0915        -5989.117    -6020.852       31.735   251.8
3.0920        -5989.113    -6020.851       31.738   251.8
3.0925        -5989.106    -6020.848       31.742   251.9
3.0930        -5989.059    -6020.843       31.783   252.2
3.0935        -5989.081    -6020.834       31.753   251.9
3.0940        -5989.068    -6020.824       31.756   252.0
3.0945        -5989.054    -6020.813       31.759   252.0
3.0950        -5988.998    -6020.800       31.802   252.3
3.0955        -5988.986    -6020.788       31.802   252.3
3.0960        -5989.006    -6020.775       31.769   252.1
3.0965        -5988.963    -6020.762       31.799   252.3
3.0970        -5988.920    -6020.750       31.830   252.6
3.0975        -5988.895    -6020.737       31.842   252.7
3.0980        -5988.910    -6020.725       31.815   252.4
3.0985        -5988.962    -6020.712       31.750   251.9
3.0990        -5988.944    -6020.699       31.755   252.0
3.0995        -5988.955    -6020.687       31.732   251.8
3.1000        -5988.890    -6020.676       31.786   252.2
3.1005        -5988.857    -6020.665       31.808   252.4
3.1010        -5988.854    -6020.654       31.800   252.3
3.1015        -5988.858    -6020.643       31.785   252.2
3.1020        -5988.818    -6020.633       31.814   252.4
3.1025        -5988.838    -6020.622       31.784   252.2
3.1030        -5988.819    -6020.611       31.792   252.3
3.1035        -5988.787    -6020.601       31.813   252.4
3.1040        -5988.791    -6020.589       31.798   252.3
3.1045        -5988.771    -6020.577       31.806   252.4
3.1050        -5988.739    -6020.564       31.825   252.5
3.1055        -5988.734    -6020.551       31.818   252.5
3.1060        -5988.699    -6020.537       31.838   252.6
3.1065        -5988.668    -6020.522       31.854   252.7
3.1070        -5988.648    -6020.505       31.857   252.8
3.1075        -5988.604    -6020.487       31.883   253.0
3.1080        -5988.623    -6020.468       31.845   252.7
3.1085        -5988.669    -6020.447       31.778   252.2
3.1090        -5988.650    -6020.426       31.776   252.1
3.1095        -5988.633    -6020.404       31.771   252.1
3.1100        -5988.655    -6020.380       31.725   251.7
3.1105        -5988.648    -6020.355       31.708   251.6
3.1110        -5988.647    -6020.329       31.682   251.4
3.1115        -5988.660    -6020.302       31.642   251.1
3.1120        -5988.678    -6020.274       31.596   250.7
3.1125        -5988.689    -6020.245       31.556   250.4
3.1130        -5988.695    -6020.217       31.522   250.1
3.1135        -5988.664    -6020.188       31.523   250.1
3.1140        -5988.670    -6020.159       31.490   249.9
3.1145        -5988.644    -6020.131       31.487   249.8
3.1150        -5988.593    -6020.103       31.509   250.0
3.1155        -5988.652    -6020.075       31.423   249.3
3.1160        -5988.644    -6020.048       31.404   249.2
3.1165        -5988.619    -6020.022       31.402   249.2
3.1170        -5988.579    -6019.997       31.419   249.3
3.1175        -5988.573    -6019.974       31.401   249.2
3.1180        -5988.577    -6019.952       31.376   249.0
3.1185        -5988.534    -6019.933       31.399   249.1
3.1190        -5988.539    -6019.915       31.375   249.0
3.1195        -5988.511    -6019.899       31.388   249.1
3.1200        -5988.486    -6019.885       31.398   249.1
3.1205        -5988.496    -6019.871       31.376   249.0
3.1210        -5988.482    -6019.858       31.376   249.0
3.1215        -5988.478    -6019.846       31.367   248.9
3.1220        -5988.442    -6019.834       31.392   249.1
3.1225        -5988.457    -6019.825       31.368   248.9
3.1230        -5988.475    -6019.817       31.342   248.7
3.1235        -5988.476    -6019.811       31.335   248.6
3.1240        -5988.447    -6019.806       31.359   248.8
3.1245        -5988.452    -6019.802       31.350   248.8
3.1250        -5988.425    -6019.800       31.376   249.0
3.1255        -5988.463    -6019.800       31.336   248.6
3.1260        -5988.480    -6019.800       31.320   248.5
3.1265        -5988.509    -6019.800       31.291   248.3
3.1270        -5988.538    -6019.803       31.265   248.1
3.1275        -5988.509    -6019.807       31.298   248.3
3.1280        -5988.461    -6019.813       31.352   248.8
3.1285        -5988.458    -6019.820       31.362   248.8
3.1290        -5988.424    -6019.827       31.403   249.2
3.1295        -5988.422    -6019.836       31.414   249.3
3.1300        -5988.447    -6019.844       31.397   249.1
3.1305        -5988.431    -6019.852       31.422   249.3
3.1310        -5988.366    -6019.861       31.495   249.9
3.1315        -5988.400    -6019.869       31.469   249.7
3.1320        -5988.367    -6019.875       31.508   250.0
3.1325        -5988.345    -6019.881       31.535   250.2
3.1330        -5988.395    -6019.885       31.490   249.9
3.1335        -5988.353    -6019.888       31.535   250.2
3.1340        -5988.337    -6019.889       31.552   250.4
3.1345        -5988.342    -6019.888       31.547   250.3
3.1350        -5988.284    -6019.887       31.603   250.8
3.1355        -5988.303    -6019.883       31.580   250.6
3.1360        -5988.315    -6019.878       31.562   250.4
3.1365        -5988.325    -6019.871       31.546   250.3
3.1370        -5988.318    -6019.862       31.544   250.3
3.1375        -5988.300    -6019.853       31.552   250.4
3.1380        -5988.272    -6019.841       31.569   250.5
3.1385        -5988.323    -6019.828       31.505   250.0
3.1390        -5988.314    -6019.813       31.499   249.9
3.1395        -5988.275    -6019.799       31.523   250.1
3.1400        -5988.301    -6019.783       31.482   249.8
3.1405        -5988.350    -6019.767       31.417   249.3
3.1410        -5988.273    -6019.750       31.477   249.8
3.1415        -5988.292    -6019.733       31.442   249.5
3.1420        -5988.233    -6019.717       31.483   249.8
3.1425        -5988.226    -6019.701       31.475   249.7
3.1430        -5988.182    -6019.687       31.506   250.0
3.1435        -5988.137    -6019.673       31.536   250.2
3.1440        -5988.125    -6019.660       31.535   250.2
3.1445        -5988.136    -6019.647       31.511   250.0
3.1450        -5988.103    -6019.634       31.531   250.2
3.1455        -5988.054    -6019.622       31.568   250.5
3.1460        -5988.069    -6019.611       31.542   250.3
3.1465        -5988.030    -6019.601       31.571   250.5
3.1470        -5987.982    -6019.594       31.612   250.8
3.1475        -5987.938    -6019.587       31.649   251.1
3.1480        -5988.007    -6019.582       31.575   250.5
3.1485        -5988.027    -6019.579       31.552   250.4
3.1490        -5988.031    -6019.578       31.547   250.3
3.1495        -5988.014    -6019.578       31.564   250.5
3.1500        -5988.016    -6019.581       31.565   250.5
3.1505        -5988.021    -6019.587       31.566   250.5
3.1510        -5988.013    -6019.596       31.582   250.6
3.1515        -5987.996    -6019.606       31.610   250.8
3.1520        -5987.958    -6019.619       31.662   251.2
3.1525        -5987.967    -6019.634       31.668   251.3
3.1530        -5987.930    -6019.650       31.720   251.7
3.1535        -5987.891    -6019.667       31.775   252.1
3.1540        -5987.882    -6019.682       31.800   252.3
3.1545        -5987.886    -6019.697       31.811   252.4
3.1550        -5987.886    -6019.710       31.824   252.5
3.1555        -5987.912    -6019.722       31.810   252.4
3.1560        -5987.830    -6019.732       31.903   253.1
3.1565        -5987.830    -6019.742       31.912   253.2
3.1570        -5987.770    -6019.751       31.980   253.8
3.1575        -5987.775    -6019.758       31.983   253.8
3.1580        -5987.839    -6019.762       31.923   253.3
3.1585        -5987.852    -6019.765       31.913   253.2
3.1590        -5987.850    -6019.766       31.917   253.2
3.1595        -5987.875    -6019.765       31.890   253.0
3.1600        -5987.906    -6019.762       31.856   252.8
3.1605        -5987.924    -6019.757       31.832   252.6
3.1610        -5987.915    -6019.749       31.835   252.6
3.1615        -5987.902    -6019.739       31.836   252.6
3.1620        -5987.856    -6019.724       31.868   252.9
3.1625        -5987.863    -6019.706       31.844   252.7
3.1630        -5987.872    -6019.684       31.812   252.4
3.1635        -5987.918    -6019.660       31.742   251.9
3.1640        -5987.905    -6019.632       31.727   251.7
3.1645        -5987.911    -6019.600       31.689   251.4
3.1650        -5987.917    -6019.565       31.647   251.1
3.1655        -5987.931    -6019.526       31.596   250.7
3.1660        -5987.873    -6019.486       31.613   250.8
3.1665        -5987.846    -6019.443       31.597   250.7
3.1670        -5987.852    -6019.400       31.547   250.3
3.1675        -5987.853    -6019.355       31.502   250.0
3.1680        -5987.907    -6019.310       31.403   249.2
3.1685        -5987.885    -6019.263       31.378   249.0
3.1690        -5987.826    -6019.216       31.390   249.1
3.1695        -5987.849    -6019.169       31.321   248.5
3.1700        -5987.832    -6019.124       31.292   248.3
3.1705        -5987.831    -6019.079       31.248   247.9
3.1710        -5987.831    -6019.035       31.203   247.6
3.1715        -5987.843    -6018.992       31.149   247.2
3.1720        -5987.815    -6018.952       31.137   247.1
3.1725        -5987.859    -6018.913       31.054   246.4
3.1730        -5987.816    -6018.876       31.060   246.5
3.1735        -5987.858    -6018.842       30.984   245.9
3.1740        -5987.826    -6018.810       30.985   245.9
3.1745        -5987.757    -6018.782       31.024   246.2
3.1750        -5987.809    -6018.757       30.948   245.6
3.1755        -5987.831    -6018.736       30.905   245.2
3.1760        -5987.775    -6018.718       30.942   245.5
3.1765        -5987.736    -6018.704       30.968   245.7
3.1770        -5987.737    -6018.693       30.956   245.6
3.1775        -5987.727    -6018.685       30.959   245.6
3.1780        -5987.763    -6018.681       30.918   245.3
3.1785        -5987.752    -6018.680       30.928   245.4
3.1790        -5987.764    -6018.682       30.918   245.3
3.1795        -5987.716    -6018.687       30.971   245.7
3.1800        -5987.640    -6018.696       31.056   246.4
3.1805        -5987.593    -6018.709       31.116   246.9
3.1810        -5987.586    -6018.725       31.139   247.1
3.1815        -5987.616    -6018.744       31.129   247.0
3.1820        -5987.623    -6018.765       31.142   247.1
3.1825        -5987.595    -6018.788       31.193   247.5
3.1830        -5987.582    -6018.814       31.233   247.8
3.1835        -5987.571    -6018.842       31.271   248.1
3.1840        -5987.601    -6018.872       31.272   248.1
3.1845        -5987.578    -6018.905       31.326   248.6
3.1850        -5987.644    -6018.939       31.294   248.3
3.1855        -5987.642    -6018.974       31.332   248.6
3.1860        -5987.668    -6019.011       31.342   248.7
3.1865        -5987.702    -6019.049       31.346   248.7
3.1870        -5987.657    -6019.088       31.430   249.4
3.1875        -5987.601    -6019.127       31.526   250.2
3.1880        -5987.608    -6019.166       31.558   250.4
3.1885        -5987.585    -6019.204       31.619   250.9
3.1890        -5987.597    -6019.241       31.643   251.1
3.1895        -5987.583    -6019.276       31.693   251.5
3.1900        -5987.562    -6019.310       31.748   251.9
3.1905        -5987.570    -6019.340       31.771   252.1
3.1910        -5987.612    -6019.368       31.756   252.0
3.1915        -5987.597    -6019.392       31.795   252.3
3.1920        -5987.566    -6019.415       31.849   252.7
3.1925        -5987.586    -6019.435       31.849   252.7
3.1930        -5987.586    -6019.451       31.866   252.8
3.1935        -5987.604    -6019.464       31.859   252.8
3.1940        -5987.550    -6019.473       31.923   253.3
3.1945        -5987.534    -6019.479       31.945   253.5
3.1950        -5987.540    -6019.482       31.941   253.4
3.1955        -5987.533    -6019.482       31.949   253.5
3.1960        -5987.539    -6019.479       31.940   253.4
3.1965        -5987.545    -6019.474       31.929   253.3
3.1970        -5987.500    -6019.466       31.966   253.6
3.1975        -5987.507    -6019.456       31.949   253.5
3.1980        -5987.489    -6019.445       31.956   253.6
3.1985        -5987.529    -6019.432       31.904   253.1
3.1990        -5987.543    -6019.418       31.875   252.9
3.1995        -5987.555    -6019.403       31.848   252.7
3.2000        -5987.585    -6019.386       31.801   252.3
3.2005        -5987.577    -6019.370       31.793   252.3
3.2010        -5987.562    -6019.354       31.792   252.3
3.2015        -5987.601    -6019.339       31.739   251.8
3.2020        -5987.595    -6019.325       31.730   251.8
3.2025        -5987.562    -6019.313       31.751   251.9
3.2030        -5987.559    -6019.302       31.744   251.9
3.2035        -5987.547    -6019.292       31.745   251.9
3.2040        -5987.465    -6019.284       31.819   252.5
3.2045        -5987.424    -6019.277       31.853   252.7
3.2050        -5987.452    -6019.271       31.819   252.5
3.2055        -5987.449    -6019.265       31.816   252.5
3.2060        -5987.386    -6019.261       31.875   252.9
3.2065        -5987.387    -6019.257       31.869   252.9
3.2070        -5987.404    -6019.252       31.848   252.7
3.2075        -5987.428    -6019.249       31.821   252.5
3.2080        -5987.416    -6019.247       31.831   252.6
3.2085        -5987.405    -6019.246       31.841   252.6
3.2090        -5987.433    -6019.244       31.812   252.4
3.2095        -5987.466    -6019.242       31.776   252.1
3.2100        -5987.458    -6019.238       31.780   252.2
3.2105        -5987.471    -6019.234       31.763   252.0
3.2110        -5987.490    -6019.229       31.739   251.8
3.2115        -5987.508    -6019.224       31.716   251.7
3.2120        -5987.489    -6019.217       31.728   251.7
3.2125        -5987.506    -6019.208       31.703   251.6
3.2130        -5987.506    -6019.198       31.693   251.5
3.2135        -5987.504    -6019.187       31.683   251.4
3.2140        -5987.480    -6019.174       31.694   251.5
3.2145        -5987.474    -6019.159       31.685   251.4
3.2150        -5987.476    -6019.143       31.667   251.3
3.2155        -5987.419    -6019.126       31.707   251.6
3.2160        -5987.379    -6019.106       31.727   251.7
3.2165        -5987.367    -6019.086       31.719   251.7
3.2170        -5987.306    -6019.062       31.756   252.0
3.2175        -5987.342    -6019.038       31.696   251.5
3.2180        -5987.311    -6019.013       31.702   251.5
3.2185        -5987.292    -6018.986       31.694   251.5
3.2190        -5987.333    -6018.959       31.626   250.9
3.2195        -5987.295    -6018.930       31.635   251.0
3.2200        -5987.289    -6018.900       31.611   250.8
3.2205        -5987.262    -6018.870       31.608   250.8
3.2210        -5987.210    -6018.840       31.631   251.0
3.2215        -5987.216    -6018.812       31.596   250.7
3.2220        -5987.177    -6018.784       31.607   250.8
3.2225        -5987.230    -6018.758       31.528   250.2
3.2230        -5987.251    -6018.734       31.483   249.8
3.2235        -5987.305    -6018.712       31.407   249.2
3.2240        -5987.273    -6018.691       31.418   249.3
3.2245        -5987.312    -6018.673       31.361   248.8
3.2250        -5987.323    -6018.658       31.335   248.6
3.2255        -5987.318    -6018.646       31.328   248.6
3.2260        -5987.311    -6018.639       31.328   248.6
3.2265        -5987.229    -6018.635       31.406   249.2
3.2270        -5987.166    -6018.635       31.469   249.7
3.2275        -5987.192    -6018.638       31.445   249.5
3.2280        -5987.157    -6018.645       31.488   249.9
3.2285        -5987.149    -6018.657       31.507   250.0
3.2290        -5987.141    -6018.671       31.529   250.2
3.2295        -5987.150    -6018.687       31.538   250.2
3.2300        -5987.143    -6018.708       31.565   250.5
3.2305        -5987.154    -6018.731       31.577   250.6
3.2310        -5987.178    -6018.757       31.579   250.6
3.2315        -5987.178    -6018.787       31.609   250.8
3.2320        -5987.187    -6018.820       31.632   251.0
3.2325        -5987.150    -6018.854       31.704   251.6
3.2330        -5987.133    -6018.890       31.757   252.0
3.2335        -5987.216    -6018.927       31.710   251.6
3.2340        -5987.245    -6018.964       31.719   251.7
3.2345        -5987.227    -6019.001       31.774   252.1
3.2350        -5987.209    -6019.038       31.828   252.5
3.2355        -5987.217    -6019.073       31.857   252.8
3.2360        -5987.223    -6019.108       31.885   253.0
3.2365        -5987.192    -6019.141       31.948   253.5
3.2370        -5987.179    -6019.172       31.993   253.9
3.2375        -5987.183    -6019.203       32.019   254.1
3.2380        -5987.144    -6019.231       32.088   254.6
3.2385        -5987.117    -6019.259       32.142   255.0
3.2390        -5987.096    -6019.285       32.189   255.4
3.2395        -5987.103    -6019.308       32.205   255.5
3.2400        -5987.106    -6019.328       32.222   255.7
3.2405        -5987.110    -6019.345       32.235   255.8
3.2410        -5987.132    -6019.359       32.227   255.7
3.2415        -5987.129    -6019.371       32.242   255.8
3.2420        -5987.151    -6019.379       32.229   255.7
3.2425        -5987.098    -6019.384       32.286   256.2
3.2430        -5987.070    -6019.386       32.316   256.4
3.2435        -5987.041    -6019.385       32.344   256.6
3.2440        -5987.009    -6019.379       32.370   256.8
3.2445        -5987.037    -6019.371       32.334   256.6
3.2450        -5986.947    -6019.361       32.415   257.2
3.2455        -5986.931    -6019.348       32.417   257.2
3.2460        -5986.880    -6019.333       32.453   257.5
3.2465        -5986.880    -6019.314       32.434   257.4
3.2470        -5986.916    -6019.294       32.378   256.9
3.2475        -5986.872    -6019.270       32.399   257.1
3.2480        -5986.894    -6019.245       32.351   256.7
3.2485        -5986.873    -6019.217       32.344   256.6
3.2490        -5986.893    -6019.187       32.294   256.2
3.2495        -5986.920    -6019.157       32.237   255.8
3.2500        -5986.951    -6019.125       32.174   255.3
3.2505        -5986.948    -6019.092       32.144   255.1
3.2510        -5986.966    -6019.057       32.091   254.6
3.2515        -5986.980    -6019.020       32.040   254.2
3.2520        -5986.875    -6018.982       32.107   254.8
3.2525        -5986.951    -6018.942       31.990   253.8
3.2530        -5986.942    -6018.899       31.957   253.6
3.2535        -5986.951    -6018.856       31.906   253.2
3.2540        -5986.952    -6018.812       31.861   252.8
3.2545        -5986.991    -6018.768       31.776   252.1
3.2550        -5986.935    -6018.722       31.787   252.2
3.2555        -5986.946    -6018.677       31.731   251.8
3.2560        -5986.941    -6018.631       31.690   251.5
3.2565        -5986.903    -6018.585       31.682   251.4
3.2570        -5986.832    -6018.540       31.708   251.6
3.2575        -5986.902    -6018.496       31.594   250.7
3.2580        -5986.895    -6018.454       31.559   250.4
3.2585        -5986.918    -6018.411       31.494   249.9
3.2590        -5986.926    -6018.370       31.445   249.5
3.2595        -5986.881    -6018.330       31.449   249.5
3.2600        -5986.868    -6018.291       31.423   249.3
3.2605        -5986.819    -6018.253       31.434   249.4
3.2610        -5986.816    -6018.215       31.399   249.1
3.2615        -5986.824    -6018.180       31.355   248.8
3.2620        -5986.848    -6018.145       31.297   248.3
3.2625        -5986.770    -6018.112       31.343   248.7
3.2630        -5986.792    -6018.081       31.289   248.3
3.2635        -5986.773    -6018.050       31.277   248.2
3.2640        -5986.782    -6018.020       31.238   247.9
3.2645        -5986.809    -6017.991       31.181   247.4
3.2650        -5986.774    -6017.962       31.188   247.5
3.2655        -5986.752    -6017.935       31.183   247.4
3.2660        -5986.812    -6017.910       31.098   246.8
3.2665        -5986.759    -6017.887       31.128   247.0
3.2670        -5986.767    -6017.866       31.099   246.8
3.2675        -5986.792    -6017.847       31.054   246.4
3.2680        -5986.810    -6017.830       31.020   246.1
3.2685        -5986.785    -6017.816       31.031   246.2
3.2690        -5986.780    -6017.804       31.024   246.2
3.2695        -5986.791    -6017.793       31.002   246.0
3.2700        -5986.808    -6017.783       30.974   245.8
3.2705        -5986.861    -6017.774       30.913   245.3
3.2710        -5986.856    -6017.767       30.911   245.3
3.2715        -5986.881    -6017.761       30.880   245.0
3.2720        -5986.836    -6017.757       30.921   245.4
3.2725        -5986.839    -6017.756       30.917   245.3
3.2730        -5986.834    -6017.756       30.922   245.4
3.2735        -5986.812    -6017.759       30.947   245.6
3.2740        -5986.829    -6017.764       30.935   245.5
3.2745        -5986.846    -6017.771       30.925   245.4
3.2750        -5986.799    -6017.779       30.980   245.8
3.2755        -5986.780    -6017.790       31.010   246.1
3.2760        -5986.739    -6017.803       31.064   246.5
3.2765        -5986.700    -6017.817       31.117   246.9
3.2770        -5986.710    -6017.830       31.121   246.9
3.2775        -5986.753    -6017.845       31.092   246.7
3.2780        -5986.693    -6017.861       31.168   247.3
3.2785        -5986.664    -6017.878       31.215   247.7
3.2790        -5986.661    -6017.898       31.237   247.9
3.2795        -5986.599    -6017.920       31.321   248.5
3.2800        -5986.586    -6017.944       31.358   248.8
3.2805        -5986.614    -6017.969       31.355   248.8
3.2810        -5986.588    -6017.994       31.407   249.2
3.2815        -5986.537    -6018.021       31.483   249.8
3.2820        -5986.496    -6018.047       31.551   250.3
3.2825        -5986.491    -6018.073       31.582   250.6
3.2830        -5986.467    -6018.101       31.634   251.0
3.2835        -5986.453    -6018.129       31.677   251.3
3.2840        -5986.562    -6018.159       31.598   250.7
3.2845        -5986.553    -6018.190       31.637   251.0
3.2850        -5986.585    -6018.221       31.636   251.0
3.2855        -5986.607    -6018.252       31.645   251.1
3.2860        -5986.664    -6018.284       31.619   250.9
3.2865        -5986.649    -6018.314       31.665   251.3
3.2870        -5986.703    -6018.344       31.641   251.1
3.2875        -5986.714    -6018.374       31.660   251.2
3.2880        -5986.736    -6018.403       31.667   251.3
3.2885        -5986.713    -6018.432       31.719   251.7
3.2890        -5986.689    -6018.460       31.771   252.1
3.2895        -5986.705    -6018.489       31.783   252.2
3.2900        -5986.691    -6018.517       31.826   252.5
3.2905        -5986.710    -6018.544       31.834   252.6
3.2910        -5986.718    -6018.571       31.853   252.7
3.2915        -5986.686    -6018.598       31.912   253.2
3.2920        -5986.741    -6018.625       31.884   253.0
3.2925        -5986.767    -6018.652       31.885   253.0
3.2930        -5986.769    -6018.679       31.909   253.2
3.2935        -5986.772    -6018.706       31.934   253.4
3.2940        -5986.778    -6018.735       31.957   253.6
3.2945        -5986.844    -6018.764       31.919   253.3
3.2950        -5986.865    -6018.793       31.929   253.3
3.2955        -5986.876    -6018.824       31.948   253.5
3.2960        -5986.869    -6018.855       31.986   253.8
3.2965        -5986.871    -6018.886       32.015   254.0
3.2970        -5986.863    -6018.918       32.055   254.3
3.2975        -5986.892    -6018.951       32.059   254.4
3.2980        -5986.871    -6018.985       32.114   254.8
3.2985        -5986.864    -6019.019       32.155   255.1
3.2990        -5986.822    -6019.054       32.232   255.8
3.2995        -5986.791    -6019.088       32.297   256.3
3.3000        -5986.751    -6019.121       32.370   256.8
3.3005        -5986.730    -6019.155       32.425   257.3
3.3010        -5986.713    -6019.190       32.477   257.7
3.3015        -5986.766    -6019.226       32.460   257.6
3.3020        -5986.750    -6019.262       32.511   258.0
3.3025        -5986.735    -6019.297       32.562   258.4
3.3030        -5986.731    -6019.332       32.600   258.7
3.3035        -5986.766    -6019.364       32.599   258.7
3.3040        -5986.797    -6019.397       32.600   258.7
3.3045        -5986.767    -6019.428       32.661   259.2
3.3050        -5986.756    -6019.458       32.702   259.5
3.3055        -5986.759    -6019.487       32.728   259.7
3.3060        -5986.774    -6019.515       32.741   259.8
3.3065        -5986.801    -6019.543       32.742   259.8
3.3070        -5986.769    -6019.570       32.801   260.3
3.3075        -5986.777    -6019.597       32.820   260.4
3.3080        -5986.767    -6019.623       32.856   260.7
3.3085        -5986.741    -6019.649       32.908   261.1
3.3090        -5986.776    -6019.674       32.898   261.0
3.3095        -5986.831    -6019.698       32.867   260.8
3.3100        -5986.847    -6019.721       32.874   260.8
3.3105        -5986.884    -6019.743       32.859   260.7
3.3110        -5986.890    -6019.762       32.872   260.8
3.3115        -5986.887    -6019.778       32.891   261.0
3.3120        -5986.929    -6019.792       32.863   260.8
3.3125        -5986.892    -6019.805       32.914   261.2
3.3130        -5986.914    -6019.817       32.903   261.1
3.3135        -5986.889    -6019.827       32.938   261.4
3.3140        -5986.859    -6019.834       32.975   261.6
3.3145        -5986.846    -6019.838       32.992   261.8
3.3150        -5986.870    -6019.840       32.970   261.6
3.3155        -5986.866    -6019.838       32.973   261.6
3.3160        -5986.886    -6019.834       32.948   261.4
3.3165        -5986.897    -6019.828       32.931   261.3
3.3170        -5986.896    -6019.818       32.922   261.2
3.3175        -5986.905    -6019.804       32.899   261.0
3.3180        -5986.891    -6019.786       32.895   261.0
3.3185        -5986.934    -6019.764       32.830   260.5
3.3190        -5986.913    -6019.738       32.825   260.5
3.3195        -5986.869    -6019.708       32.839   260.6
3.3200        -5986.854    -6019.675       32.822   260.4
3.3205        -5986.830    -6019.638       32.807   260.3
3.3210        -5986.808    -6019.597       32.789   260.2
3.3215        -5986.771    -6019.553       32.782   260.1
3.3220        -5986.812    -6019.504       32.693   259.4
3.3225        -5986.771    -6019.453       32.682   259.3
3.3230        -5986.755    -6019.398       32.643   259.0
3.3235        -5986.787    -6019.342       32.555   258.3
3.3240        -5986.804    -6019.284       32.480   257.7
3.3245        -5986.775    -6019.224       32.449   257.5
3.3250        -5986.815    -6019.164       32.349   256.7
3.3255        -5986.801    -6019.103       32.302   256.3
3.3260        -5986.818    -6019.043       32.224   255.7
3.3265        -5986.814    -6018.982       32.168   255.2
3.3270        -5986.825    -6018.922       32.097   254.7
3.3275        -5986.797    -6018.864       32.067   254.4
3.3280        -5986.786    -6018.807       32.021   254.1
3.3285        -5986.772    -6018.749       31.978   253.7
3.3290        -5986.777    -6018.693       31.915   253.2
3.3295        -5986.802    -6018.638       31.836   252.6
3.3300        -5986.829    -6018.586       31.757   252.0
3.3305        -5986.805    -6018.537       31.732   251.8
3.3310        -5986.781    -6018.491       31.710   251.6
3.3315        -5986.768    -6018.449       31.680   251.4
3.3320        -5986.743    -6018.410       31.667   251.3
3.3325        -5986.743    -6018.376       31.633   251.0
3.3330        -5986.707    -6018.347       31.639   251.0
3.3335        -5986.695    -6018.321       31.625   250.9
3.3340        -5986.705    -6018.297       31.593   250.7
3.3345        -5986.660    -6018.280       31.620   250.9
3.3350        -5986.675    -6018.266       31.591   250.7
3.3355        -5986.687    -6018.256       31.569   250.5
3.3360        -5986.658    -6018.249       31.591   250.7
3.3365        -5986.678    -6018.247       31.569   250.5
3.3370        -5986.639    -6018.248       31.609   250.8
3.3375        -5986.658    -6018.253       31.595   250.7
3.3380        -5986.639    -6018.262       31.623   250.9
3.3385        -5986.600    -6018.273       31.672   251.3
3.3390        -5986.574    -6018.287       31.713   251.6
3.3395        -5986.512    -6018.305       31.793   252.3
3.3400        -5986.518    -6018.326       31.809   252.4
3.3405        -5986.518    -6018.349       31.831   252.6
3.3410        -5986.554    -6018.375       31.821   252.5
3.3415        -5986.518    -6018.403       31.886   253.0
3.3420        -5986.476    -6018.435       31.959   253.6
3.3425        -5986.479    -6018.469       31.990   253.8
3.3430        -5986.477    -6018.506       32.030   254.1
3.3435        -5986.437    -6018.545       32.108   254.8
3.3440        -5986.422    -6018.587       32.165   255.2
3.3445        -5986.466    -6018.630       32.164   255.2
3.3450        -5986.440    -6018.674       32.233   255.8
3.3455        -5986.466    -6018.717       32.251   255.9
3.3460        -5986.455    -6018.761       32.306   256.3
3.3465        -5986.391    -6018.806       32.415   257.2
3.3470        -5986.391    -6018.851       32.459   257.6
3.3475        -5986.423    -6018.894       32.471   257.6
3.3480        -5986.464    -6018.936       32.472   257.7
3.3485        -5986.455    -6018.975       32.520   258.0
3.3490        -5986.430    -6019.012       32.581   258.5
3.3495        -5986.365    -6019.045       32.680   259.3
3.3500        -5986.357    -6019.073       32.717   259.6
3.3505        -5986.347    -6019.098       32.751   259.9
3.3510        -5986.360    -6019.120       32.759   259.9
3.3515        -5986.336    -6019.135       32.800   260.3
3.3520        -5986.342    -6019.145       32.803   260.3
3.3525        -5986.350    -6019.151       32.801   260.3
3.3530        -5986.323    -6019.152       32.829   260.5
3.3535        -5986.327    -6019.149       32.822   260.4
3.3540        -5986.335    -6019.140       32.805   260.3
3.3545        -5986.384    -6019.126       32.742   259.8
3.3550        -5986.428    -6019.107       32.678   259.3
3.3555        -5986.460    -6019.083       32.622   258.9
3.3560        -5986.482    -6019.054       32.571   258.4
3.3565        -5986.443    -6019.021       32.578   258.5
3.3570        -5986.440    -6018.985       32.544   258.2
3.3575        -5986.471    -6018.946       32.474   257.7
3.3580        -5986.505    -6018.903       32.398   257.1
3.3585        -5986.470    -6018.860       32.389   257.0
3.3590        -5986.468    -6018.814       32.346   256.7
3.3595        -5986.495    -6018.768       32.273   256.1
3.3600        -5986.467    -6018.721       32.254   255.9
3.3605        -5986.447    -6018.674       32.226   255.7
3.3610        -5986.425    -6018.627       32.202   255.5
3.3615        -5986.444    -6018.581       32.137   255.0
3.3620        -5986.492    -6018.537       32.045   254.3
3.3625        -5986.534    -6018.495       31.962   253.6
3.3630        -5986.509    -6018.456       31.947   253.5
3.3635        -5986.467    -6018.418       31.952   253.5
3.3640        -5986.444    -6018.385       31.941   253.4
3.3645        -5986.450    -6018.354       31.904   253.1
3.3650        -5986.421    -6018.325       31.904   253.1
3.3655        -5986.429    -6018.299       31.869   252.9
3.3660        -5986.408    -6018.276       31.868   252.9
3.3665        -5986.431    -6018.257       31.826   252.5
3.3670        -5986.427    -6018.243       31.816   252.5
3.3675        -5986.460    -6018.233       31.773   252.1
3.3680        -5986.481    -6018.227       31.746   251.9
3.3685        -5986.479    -6018.227       31.748   251.9
3.3690        -5986.433    -6018.230       31.797   252.3
3.3695        -5986.438    -6018.239       31.801   252.3
3.3700        -5986.419    -6018.250       31.832   252.6
3.3705        -5986.437    -6018.267       31.830   252.6
3.3710        -5986.469    -6018.288       31.819   252.5
3.3715        -5986.509    -6018.312       31.803   252.4
3.3720        -5986.483    -6018.341       31.858   252.8
3.3725        -5986.492    -6018.372       31.881   253.0
3.3730        -5986.489    -6018.408       31.920   253.3
3.3735        -5986.482    -6018.448       31.966   253.6
3.3740        -5986.478    -6018.489       32.011   254.0
3.3745        -5986.428    -6018.532       32.104   254.7
3.3750        -5986.426    -6018.578       32.152   255.1
3.3755        -5986.419    -6018.625       32.206   255.5
3.3760        -5986.421    -6018.674       32.253   255.9
3.3765        -5986.410    -6018.723       32.313   256.4
3.3770        -5986.369    -6018.773       32.404   257.1
3.3775        -5986.386    -6018.822       32.436   257.4
3.3780        -5986.368    -6018.870       32.502   257.9
3.3785        -5986.349    -6018.916       32.566   258.4
3.3790        -5986.391    -6018.960       32.569   258.4
3.3795        -5986.386    -6019.002       32.616   258.8
3.3800        -5986.404    -6019.041       32.637   259.0
3.3805        -5986.440    -6019.079       32.639   259.0
3.3810        -5986.462    -6019.115       32.653   259.1
3.3815        -5986.420    -6019.147       32.727   259.7
3.3820        -5986.426    -6019.176       32.750   259.9
3.3825        -5986.402    -6019.201       32.800   260.3
3.3830        -5986.350    -6019.223       32.873   260.8
3.3835        -5986.305    -6019.243       32.938   261.4
3.3840        -5986.340    -6019.258       32.918   261.2
3.3845        -5986.337    -6019.269       32.932   261.3
3.3850        -5986.362    -6019.277       32.915   261.2
3.3855        -5986.372    -6019.280       32.908   261.1
3.3860        -5986.358    -6019.278       32.921   261.2
3.3865        -5986.316    -6019.273       32.957   261.5
3.3870        -5986.338    -6019.264       32.926   261.3
3.3875        -5986.354    -6019.253       32.898   261.0
3.3880        -5986.320    -6019.238       32.918   261.2
3.3885        -5986.302    -6019.219       32.917   261.2
3.3890        -5986.325    -6019.197       32.872   260.8
3.3895        -5986.312    -6019.173       32.861   260.7
3.3900        -5986.308    -6019.147       32.839   260.6
3.3905        -5986.272    -6019.119       32.846   260.6
3.3910        -5986.240    -6019.090       32.850   260.7
3.3915        -5986.245    -6019.058       32.813   260.4
3.3920        -5986.291    -6019.025       32.733   259.7
3.3925        -5986.309    -6018.991       32.683   259.3
3.3930        -5986.308    -6018.957       32.649   259.1
3.3935        -5986.299    -6018.919       32.621   258.8
3.3940        -5986.278    -6018.881       32.603   258.7
3.3945        -5986.230    -6018.842       32.611   258.8
3.3950        -5986.210    -6018.801       32.591   258.6
3.3955        -5986.238    -6018.760       32.522   258.1
3.3960        -5986.230    -6018.718       32.488   257.8
3.3965        -5986.237    -6018.675       32.439   257.4
3.3970        -5986.218    -6018.632       32.413   257.2
3.3975        -5986.211    -6018.588       32.377   256.9
3.3980        -5986.269    -6018.543       32.274   256.1
3.3985        -5986.272    -6018.498       32.226   255.7
3.3990        -5986.294    -6018.453       32.159   255.2
3.3995        -5986.313    -6018.408       32.095   254.7
3.4000        -5986.309    -6018.363       32.054   254.3
3.4005        -5986.294    -6018.317       32.023   254.1
3.4010        -5986.328    -6018.271       31.944   253.5
3.4015        -5986.291    -6018.225       31.935   253.4
3.4020        -5986.259    -6018.180       31.920   253.3
3.4025        -5986.254    -6018.135       31.881   253.0
3.4030        -5986.223    -6018.090       31.868   252.9
3.4035        -5986.186    -6018.045       31.859   252.8
3.4040        -5986.154    -6018.001       31.847   252.7
3.4045        -5986.164    -6017.958       31.794   252.3
3.4050        -5986.147    -6017.915       31.769   252.1
3.4055        -5986.141    -6017.873       31.732   251.8
3.4060        -5986.111    -6017.834       31.722   251.7
3.4065        -5986.117    -6017.796       31.679   251.4
3.4070        -5986.124    -6017.760       31.636   251.0
3.4075        -5986.064    -6017.724       31.661   251.2
3.4080        -5986.055    -6017.690       31.636   251.0
3.4085        -5986.045    -6017.659       31.615   250.9
3.4090        -5986.041    -6017.630       31.589   250.6
3.4095        -5986.005    -6017.604       31.598   250.7
3.4100        -5985.991    -6017.578       31.587   250.6
3.4105        -5986.004    -6017.556       31.551   250.4
3.4110        -5985.980    -6017.536       31.556   250.4
3.4115        -5986.039    -6017.520       31.481   249.8
3.4120        -5986.079    -6017.508       31.429   249.4
3.4125        -5986.070    -6017.499       31.429   249.4
3.4130        -5986.093    -6017.493       31.400   249.2
3.4135        -5986.083    -6017.490       31.407   249.2
3.4140        -5986.099    -6017.490       31.391   249.1
3.4145        -5986.111    -6017.492       31.381   249.0
3.4150        -5986.138    -6017.497       31.359   248.8
3.4155        -5986.159    -6017.504       31.345   248.7
3.4160        -5986.166    -6017.514       31.348   248.7
3.4165        -5986.179    -6017.526       31.347   248.7
3.4170        -5986.167    -6017.540       31.372   248.9
3.4175        -5986.151    -6017.555       31.403   249.2
3.4180        -5986.179    -6017.571       31.392   249.1
3.4185        -5986.165    -6017.589       31.425   249.3
3.4190        -5986.195    -6017.608       31.413   249.3
3.4195        -5986.185    -6017.628       31.443   249.5
3.4200        -5986.146    -6017.649       31.503   250.0
3.4205        -5986.151    -6017.671       31.521   250.1
3.4210        -5986.126    -6017.694       31.568   250.5
3.4215        -5986.106    -6017.717       31.610   250.8
3.4220        -5986.077    -6017.740       31.663   251.2
3.4225        -5986.079    -6017.763       31.684   251.4
3.4230        -5986.121    -6017.786       31.665   251.3
3.4235        -5986.155    -6017.809       31.654   251.2
3.4240        -5986.128    -6017.833       31.704   251.6
3.4245        -5986.129    -6017.857       31.729   251.8
3.4250        -5986.093    -6017.884       31.790   252.2
3.4255        -5986.093    -6017.910       31.818   252.5
3.4260        -5986.076    -6017.938       31.862   252.8
3.4265        -5986.084    -6017.967       31.883   253.0
3.4270        -5986.071    -6017.997       31.926   253.3
3.4275        -5986.111    -6018.027       31.916   253.2
3.4280        -5986.064    -6018.058       31.994   253.9
3.4285        -5986.027    -6018.089       32.063   254.4
3.4290        -5986.006    -6018.122       32.116   254.8
3.4295        -5986.016    -6018.155       32.138   255.0
3.4300        -5985.998    -6018.187       32.189   255.4
3.4305        -5986.042    -6018.217       32.175   255.3
3.4310        -5986.058    -6018.248       32.189   255.4
3.4315        -5986.012    -6018.276       32.263   256.0
3.4320        -5986.005    -6018.303       32.298   256.3
3.4325        -5986.023    -6018.328       32.305   256.3
3.4330        -5986.037    -6018.351       32.315   256.4
3.4335        -5986.021    -6018.373       32.352   256.7
3.4340        -5985.995    -6018.392       32.397   257.1
3.4345        -5985.994    -6018.409       32.415   257.2
3.4350        -5985.996    -6018.423       32.428   257.3
3.4355        -5985.991    -6018.434       32.443   257.4
3.4360        -5985.989    -6018.443       32.454   257.5
3.4365        -5986.031    -6018.450       32.419   257.2
3.4370        -5986.047    -6018.455       32.408   257.1
3.4375        -5986.044    -6018.458       32.414   257.2
3.4380        -5986.030    -6018.458       32.428   257.3
3.4385        -5986.026    -6018.455       32.429   257.3
3.4390        -5986.064    -6018.450       32.386   257.0
3.4395        -5986.098    -6018.443       32.345   256.7
3.4400        -5986.047    -6018.436       32.389   257.0
3.4405        -5985.980    -6018.428       32.448   257.5
3.4410        -5985.916    -6018.420       32.504   257.9
3.4415        -5985.915    -6018.412       32.498   257.9
3.4420        -5985.888    -6018.404       32.516   258.0
3.4425        -5985.912    -6018.397       32.484   257.8
3.4430        -5985.871    -6018.389       32.518   258.0
3.4435        -5985.869    -6018.381       32.512   258.0
3.4440        -5985.873    -6018.374       32.500   257.9
3.4445        -5985.862    -6018.367       32.504   257.9
3.4450        -5985.849    -6018.361       32.512   258.0
3.4455        -5985.852    -6018.356       32.504   257.9
3.4460        -5985.893    -6018.352       32.459   257.6
3.4465        -5985.849    -6018.349       32.501   257.9
3.4470        -5985.858    -6018.347       32.489   257.8
3.4475        -5985.861    -6018.346       32.485   257.8
3.4480        -5985.809    -6018.345       32.537   258.2
3.4485        -5985.826    -6018.346       32.520   258.0
3.4490        -5985.877    -6018.349       32.472   257.7
3.4495        -5985.914    -6018.354       32.440   257.4
3.4500        -5985.910    -6018.361       32.451   257.5
3.4505        -5985.945    -6018.367       32.423   257.3
3.4510        -5985.955    -6018.375       32.420   257.2
3.4515        -5985.908    -6018.384       32.476   257.7
3.4520        -5985.895    -6018.395       32.499   257.9
3.4525        -5985.933    -6018.408       32.475   257.7
3.4530        -5985.983    -6018.423       32.440   257.4
3.4535        -5985.990    -6018.439       32.448   257.5
3.4540        -5986.007    -6018.456       32.449   257.5
3.4545        -5986.005    -6018.474       32.468   257.6
3.4550        -5985.970    -6018.491       32.521   258.0
3.4555        -5985.952    -6018.511       32.559   258.3
3.4560        -5985.959    -6018.532       32.573   258.5
3.4565        -5985.982    -6018.554       32.572   258.4
3.4570        -5985.966    -6018.576       32.610   258.8
3.4575        -5985.944    -6018.598       32.654   259.1
3.4580        -5985.917    -6018.621       32.704   259.5
3.4585        -5985.905    -6018.644       32.739   259.8
3.4590        -5985.907    -6018.667       32.760   259.9
3.4595        -5985.898    -6018.691       32.793   260.2
3.4600        -5985.862    -6018.715       32.853   260.7
3.4605        -5985.860    -6018.737       32.877   260.9
3.4610        -5985.897    -6018.759       32.863   260.8
3.4615        -5985.896    -6018.781       32.885   260.9
3.4620        -5985.930    -6018.802       32.872   260.8
3.4625        -5985.925    -6018.823       32.898   261.0
3.4630        -5985.902    -6018.844       32.941   261.4
3.4635        -5985.934    -6018.864       32.930   261.3
3.4640        -5985.910    -6018.884       32.975   261.6
3.4645        -5985.905    -6018.904       32.999   261.8
3.4650        -5985.886    -6018.923       33.037   262.1
3.4655        -5985.840    -6018.942       33.102   262.7
3.4660        -5985.843    -6018.961       33.118   262.8
3.4665        -5985.846    -6018.980       33.134   262.9
3.4670        -5985.872    -6018.999       33.127   262.9
3.4675        -5985.853    -6019.018       33.166   263.2
3.4680        -5985.840    -6019.038       33.199   263.4
3.4685        -5985.760    -6019.059       33.300   264.2
3.4690        -5985.806    -6019.081       33.276   264.0
3.4695        -5985.773    -6019.103       33.330   264.5
3.4700        -5985.760    -6019.125       33.365   264.7
3.4705        -5985.759    -6019.146       33.387   264.9
3.4710        -5985.763    -6019.167       33.404   265.1
3.4715        -5985.809    -6019.186       33.377   264.8
3.4720        -5985.834    -6019.204       33.370   264.8
3.4725        -5985.852    -6019.220       33.368   264.8
3.4730        -5985.883    -6019.234       33.351   264.6
3.4735        -5985.858    -6019.246       33.388   264.9
3.4740        -5985.854    -6019.257       33.403   265.0
3.4745        -5985.883    -6019.265       33.382   264.9
3.4750        -5985.881    -6019.271       33.391   264.9
3.4755        -5985.865    -6019.276       33.411   265.1
3.4760        -5985.831    -6019.280       33.449   265.4
3.4765        -5985.840    -6019.283       33.443   265.4
3.4770        -5985.843    -6019.285       33.442   265.4
3.4775        -5985.855    -6019.285       33.429   265.3
3.4780        -5985.856    -6019.284       33.428   265.2
3.4785        -5985.885    -6019.282       33.397   265.0
3.4790        -5985.914    -6019.278       33.364   264.7
3.4795        -5985.964    -6019.274       33.310   264.3
3.4800        -5985.971    -6019.270       33.298   264.2
3.4805        -5985.955    -6019.265       33.310   264.3
3.4810        -5985.970    -6019.260       33.290   264.1
3.4815        -5985.944    -6019.254       33.311   264.3
3.4820        -5985.979    -6019.248       33.270   264.0
3.4825        -5986.004    -6019.241       33.238   263.7
3.4830        -5985.973    -6019.233       33.260   263.9
3.4835        -5985.943    -6019.223       33.280   264.1
3.4840        -5985.984    -6019.213       33.229   263.7
3.4845        -5985.965    -6019.201       33.236   263.7
3.4850        -5985.967    -6019.189       33.222   263.6
3.4855        -5985.977    -6019.176       33.199   263.4
3.4860        -5986.018    -6019.160       33.143   263.0
3.4865        -5985.969    -6019.143       33.174   263.2
3.4870        -5985.976    -6019.123       33.147   263.0
3.4875        -5985.905    -6019.102       33.196   263.4
3.4880        -5985.826    -6019.078       33.252   263.8
3.4885        -5985.815    -6019.051       33.237   263.7
3.4890        -5985.822    -6019.021       33.200   263.4
3.4895        -5985.798    -6018.989       33.191   263.4
3.4900        -5985.799    -6018.953       33.154   263.1
3.4905        -5985.791    -6018.915       33.124   262.8
3.4910        -5985.825    -6018.874       33.049   262.2
3.4915        -5985.794    -6018.832       33.037   262.1
3.4920        -5985.772    -6018.787       33.016   262.0
3.4925        -5985.756    -6018.741       32.984   261.7
3.4930        -5985.720    -6018.692       32.972   261.6
3.4935        -5985.720    -6018.642       32.922   261.2
3.4940        -5985.701    -6018.591       32.890   261.0
3.4945        -5985.680    -6018.538       32.857   260.7
3.4950        -5985.657    -6018.483       32.826   260.5
3.4955        -5985.632    -6018.429       32.797   260.2
3.4960        -5985.626    -6018.374       32.747   259.8
3.4965        -5985.632    -6018.319       32.687   259.4
3.4970        -5985.614    -6018.263       32.649   259.1
3.4975        -5985.640    -6018.208       32.568   258.4
3.4980        -5985.587    -6018.153       32.566   258.4
3.4985        -5985.602    -6018.098       32.496   257.8
3.4990        -5985.588    -6018.044       32.456   257.5
3.4995        -5985.596    -6017.990       32.394   257.0
3.5000        -5985.598    -6017.937       32.339   256.6
3.5005        -5985.604    -6017.885       32.281   256.1
3.5010        -5985.686    -6017.834       32.148   255.1
3.5015        -5985.715    -6017.785       32.070   254.5
3.5020        -5985.717    -6017.737       32.021   254.1
3.5025        -5985.710    -6017.691       31.980   253.8
3.5030        -5985.700    -6017.645       31.945   253.5
3.5035        -5985.675    -6017.599       31.925   253.3
3.5040        -5985.648    -6017.555       31.907   253.2
3.5045        -5985.602    -6017.512       31.911   253.2
3.5050        -5985.567    -6017.472       31.905   253.2
3.5055        -5985.525    -6017.433       31.908   253.2
3.5060        -5985.515    -6017.396       31.881   253.0
3.5065        -5985.510    -6017.360       31.851   252.7
3.5070        -5985.434    -6017.326       31.893   253.1
3.5075        -5985.429    -6017.294       31.865   252.8
3.5080        -5985.456    -6017.263       31.807   252.4
3.5085        -5985.422    -6017.235       31.812   252.4
3.5090        -5985.434    -6017.208       31.773   252.1
3.5095        -5985.454    -6017.182       31.728   251.8
3.5100        -5985.418    -6017.158       31.740   251.8
3.5105        -5985.434    -6017.134       31.700   251.5
3.5110        -5985.388    -6017.112       31.724   251.7
3.5115        -5985.374    -6017.093       31.718   251.7
3.5120        -5985.369    -6017.076       31.707   251.6
3.5125        -5985.380    -6017.060       31.680   251.4
3.5130        -5985.344    -6017.046       31.702   251.6
3.5135        -5985.339    -6017.033       31.694   251.5
3.5140        -5985.322    -6017.022       31.700   251.5
3.5145        -5985.328    -6017.013       31.685   251.4
3.5150        -5985.294    -6017.006       31.712   251.6
3.5155        -5985.276    -6017.000       31.724   251.7
3.5160        -5985.274    -6016.996       31.723   251.7
3.5165        -5985.263    -6016.994       31.732   251.8
3.5170        -5985.241    -6016.995       31.753   252.0
3.5175        -5985.216    -6016.999       31.782   252.2
3.5180        -5985.196    -6017.006       31.810   252.4
3.5185        -5985.208    -6017.015       31.806   252.4
3.5190        -5985.219    -6017.026       31.807   252.4
3.5195        -5985.168    -6017.039       31.870   252.9
3.5200        -5985.230    -6017.053       31.824   252.5
3.5205        -5985.271    -6017.071       31.800   252.3
3.5210        -5985.219    -6017.090       31.871   252.9
3.5215        -5985.209    -6017.112       31.903   253.1
3.5220        -5985.162    -6017.135       31.973   253.7
3.5225        -5985.170    -6017.160       31.991   253.8
3.5230        -5985.134    -6017.187       32.053   254.3
3.5235        -5985.112    -6017.216       32.104   254.7
3.5240        -5985.114    -6017.246       32.131   255.0
3.5245        -5985.142    -6017.276       32.134   255.0
3.5250        -5985.174    -6017.306       32.133   255.0
3.5255        -5985.163    -6017.338       32.175   255.3
3.5260        -5985.127    -6017.370       32.243   255.8
3.5265        -5985.129    -6017.402       32.272   256.1
3.5270        -5985.035    -6017.434       32.399   257.1
3.5275        -5985.014    -6017.464       32.451   257.5
3.5280        -5985.029    -6017.495       32.466   257.6
3.5285        -5984.975    -6017.524       32.549   258.3
3.5290        -5984.995    -6017.552       32.557   258.3
3.5295        -5985.010    -6017.580       32.569   258.4
3.5300        -5985.056    -6017.606       32.549   258.3
3.5305        -5985.109    -6017.630       32.520   258.0
3.5310        -5985.153    -6017.652       32.499   257.9
3.5315        -5985.124    -6017.674       32.549   258.3
3.5320        -5985.114    -6017.692       32.579   258.5
3.5325        -5985.052    -6017.709       32.657   259.1
3.5330        -5985.015    -6017.723       32.708   259.5
3.5335        -5984.976    -6017.734       32.758   259.9
3.5340        -5984.968    -6017.744       32.776   260.1
3.5345        -5984.949    -6017.752       32.803   260.3
3.5350        -5984.962    -6017.759       32.797   260.2
3.5355        -5984.959    -6017.766       32.807   260.3
3.5360        -5984.962    -6017.770       32.808   260.3
3.5365        -5984.976    -6017.772       32.796   260.2
3.5370        -5984.957    -6017.772       32.815   260.4
3.5375        -5984.952    -6017.770       32.818   260.4
3.5380        -5984.952    -6017.767       32.815   260.4
3.5385        -5984.938    -6017.761       32.824   260.4
3.5390        -5984.922    -6017.754       32.832   260.5
3.5395        -5984.853    -6017.746       32.893   261.0
3.5400        -5984.798    -6017.736       32.938   261.4
3.5405        -5984.797    -6017.725       32.928   261.3
3.5410        -5984.820    -6017.715       32.895   261.0
3.5415        -5984.789    -6017.704       32.914   261.2
3.5420        -5984.795    -6017.691       32.896   261.0
3.5425        -5984.797    -6017.677       32.880   260.9
3.5430        -5984.760    -6017.662       32.901   261.1
3.5435        -5984.706    -6017.647       32.941   261.4
3.5440        -5984.691    -6017.632       32.941   261.4
3.5445        -5984.748    -6017.618       32.870   260.8
3.5450        -5984.743    -6017.604       32.861   260.7
3.5455        -5984.737    -6017.591       32.854   260.7
3.5460        -5984.607    -6017.579       32.972   261.6
3.5465        -5984.608    -6017.569       32.962   261.5
3.5470        -5984.610    -6017.561       32.951   261.5
3.5475        -5984.619    -6017.553       32.934   261.3
3.5480        -5984.639    -6017.548       32.909   261.1
3.5485        -5984.648    -6017.544       32.896   261.0
3.5490        -5984.654    -6017.544       32.890   261.0
3.5495        -5984.680    -6017.545       32.865   260.8
3.5500        -5984.656    -6017.547       32.891   261.0
3.5505        -5984.678    -6017.551       32.873   260.8
3.5510        -5984.662    -6017.557       32.895   261.0
3.5515        -5984.705    -6017.565       32.860   260.7
3.5520        -5984.708    -6017.575       32.867   260.8
3.5525        -5984.748    -6017.587       32.839   260.6
3.5530        -5984.731    -6017.601       32.870   260.8
3.5535        -5984.715    -6017.617       32.903   261.1
3.5540        -5984.734    -6017.635       32.901   261.1
3.5545        -5984.713    -6017.654       32.941   261.4
3.5550        -5984.760    -6017.672       32.912   261.1
3.5555        -5984.801    -6017.691       32.890   261.0
3.5560        -5984.798    -6017.710       32.912   261.1
3.5565        -5984.810    -6017.728       32.919   261.2
3.5570        -5984.808    -6017.746       32.938   261.4
3.5575        -5984.822    -6017.763       32.941   261.4
3.5580        -5984.784    -6017.779       32.995   261.8
3.5585        -5984.795    -6017.795       33.000   261.8
3.5590        -5984.805    -6017.809       33.004   261.9
3.5595        -5984.807    -6017.822       33.015   262.0
3.5600        -5984.787    -6017.834       33.046   262.2
3.5605        -5984.765    -6017.841       33.076   262.5
3.5610        -5984.755    -6017.845       33.091   262.6
3.5615        -5984.784    -6017.846       33.062   262.3
3.5620        -5984.787    -6017.843       33.056   262.3
3.5625        -5984.751    -6017.836       33.086   262.5
3.5630        -5984.771    -6017.825       33.055   262.3
3.5635        -5984.764    -6017.810       33.046   262.2
3.5640        -5984.792    -6017.791       32.999   261.8
3.5645        -5984.832    -6017.768       32.937   261.3
3.5650        -5984.852    -6017.742       32.890   261.0
3.5655        -5984.856    -6017.712       32.856   260.7
3.5660        -5984.882    -6017.678       32.796   260.2
3.5665        -5984.891    -6017.642       32.751   259.9
3.5670        -5984.872    -6017.603       32.731   259.7
3.5675        -5984.897    -6017.561       32.664   259.2
3.5680        -5984.875    -6017.518       32.643   259.0
3.5685        -5984.880    -6017.473       32.592   258.6
3.5690        -5984.876    -6017.425       32.549   258.3
3.5695        -5984.858    -6017.378       32.520   258.0
3.5700        -5984.841    -6017.330       32.489   257.8
3.5705        -5984.830    -6017.283       32.454   257.5
3.5710        -5984.851    -6017.237       32.386   257.0
3.5715        -5984.837    -6017.193       32.355   256.7
3.5720        -5984.841    -6017.152       32.311   256.4
3.5725        -5984.798    -6017.116       32.317   256.4
3.5730        -5984.818    -6017.083       32.264   256.0
3.5735        -5984.805    -6017.054       32.248   255.9
3.5740        -5984.763    -6017.027       32.264   256.0
3.5745        -5984.796    -6017.005       32.209   255.6
3.5750        -5984.801    -6016.989       32.187   255.4
3.5755        -5984.776    -6016.978       32.202   255.5
3.5760        -5984.811    -6016.974       32.163   255.2
3.5765        -5984.792    -6016.976       32.184   255.4
3.5770        -5984.752    -6016.985       32.232   255.8
3.5775        -5984.746    -6016.999       32.253   255.9
3.5780        -5984.737    -6017.020       32.283   256.2
3.5785        -5984.741    -6017.048       32.307   256.3
3.5790        -5984.727    -6017.081       32.354   256.7
3.5795        -5984.778    -6017.121       32.343   256.6
3.5800        -5984.783    -6017.166       32.384   257.0
3.5805        -5984.831    -6017.216       32.385   257.0
3.5810        -5984.854    -6017.272       32.418   257.2
3.5815        -5984.832    -6017.333       32.501   257.9
3.5820        -5984.869    -6017.400       32.530   258.1
3.5825        -5984.898    -6017.470       32.572   258.4
3.5830        -5984.928    -6017.543       32.615   258.8
3.5835        -5984.959    -6017.618       32.660   259.1
3.5840        -5984.982    -6017.697       32.714   259.6
3.5845        -5984.992    -6017.776       32.784   260.1
3.5850        -5984.998    -6017.857       32.859   260.7
3.5855        -5985.008    -6017.938       32.930   261.3
3.5860        -5984.963    -6018.019       33.056   262.3
3.5865        -5984.937    -6018.099       33.163   263.1
3.5870        -5984.962    -6018.177       33.216   263.6
3.5875        -5984.933    -6018.254       33.321   264.4
3.5880        -5984.983    -6018.330       33.347   264.6
3.5885        -5985.020    -6018.402       33.382   264.9
3.5890        -5985.055    -6018.470       33.415   265.1
3.5895        -5985.064    -6018.535       33.470   265.6
3.5900        -5985.084    -6018.596       33.512   265.9
3.5905        -5985.048    -6018.654       33.606   266.7
3.5910        -5985.050    -6018.708       33.657   267.1
3.5915        -5985.044    -6018.756       33.712   267.5
3.5920        -5985.037    -6018.800       33.763   267.9
3.5925        -5985.058    -6018.838       33.780   268.0
3.5930        -5985.091    -6018.871       33.780   268.0
3.5935        -5985.098    -6018.899       33.801   268.2
3.5940        -5985.098    -6018.921       33.822   268.4
3.5945        -5985.133    -6018.938       33.805   268.2
3.5950        -5985.075    -6018.950       33.875   268.8
3.5955        -5985.099    -6018.956       33.857   268.6
3.5960        -5985.095    -6018.957       33.862   268.7
3.5965        -5985.119    -6018.953       33.834   268.5
3.5970        -5985.105    -6018.945       33.840   268.5
3.5975        -5985.045    -6018.931       33.887   268.9
3.5980        -5985.037    -6018.913       33.877   268.8
3.5985        -5985.027    -6018.890       33.863   268.7
3.5990        -5984.993    -6018.862       33.869   268.7
3.5995        -5985.085    -6018.830       33.744   267.8
3.6000        -5985.085    -6018.794       33.709   267.5
3.6005        -5985.102    -6018.756       33.654   267.0
3.6010        -5985.070    -6018.714       33.645   267.0
3.6015        -5985.098    -6018.670       33.572   266.4
3.6020        -5985.081    -6018.623       33.543   266.2
3.6025        -5985.066    -6018.573       33.507   265.9
3.6030        -5985.076    -6018.521       33.445   265.4
3.6035        -5985.064    -6018.468       33.404   265.1
3.6040        -5985.077    -6018.412       33.335   264.5
3.6045        -5985.060    -6018.355       33.296   264.2
3.6050        -5985.068    -6018.298       33.231   263.7
3.6055        -5985.047    -6018.241       33.194   263.4
3.6060        -5985.043    -6018.184       33.141   263.0
3.6065        -5985.034    -6018.126       33.092   262.6
3.6070        -5985.048    -6018.067       33.020   262.0
3.6075        -5985.070    -6018.010       32.940   261.4
3.6080        -5985.061    -6017.954       32.893   261.0
3.6085        -5985.021    -6017.900       32.879   260.9
3.6090        -5985.040    -6017.847       32.806   260.3
3.6095        -5985.036    -6017.794       32.758   259.9
3.6100        -5985.018    -6017.744       32.726   259.7
3.6105        -5985.016    -6017.695       32.679   259.3
3.6110        -5984.987    -6017.648       32.661   259.2
3.6115        -5984.961    -6017.603       32.643   259.0
3.6120        -5984.974    -6017.560       32.586   258.6
3.6125        -5984.971    -6017.519       32.548   258.3
3.6130        -5984.971    -6017.479       32.508   257.9
3.6135        -5984.975    -6017.440       32.466   257.6
3.6140        -5984.952    -6017.406       32.454   257.5
3.6145        -5984.991    -6017.375       32.384   257.0
3.6150        -5985.016    -6017.348       32.331   256.5
3.6155        -5984.988    -6017.322       32.334   256.6
3.6160        -5984.955    -6017.301       32.346   256.7
3.6165        -5984.980    -6017.283       32.303   256.3
3.6170        -5985.031    -6017.269       32.238   255.8
3.6175        -5984.994    -6017.258       32.263   256.0
3.6180        -5984.985    -6017.250       32.265   256.0
3.6185        -5985.033    -6017.246       32.214   255.6
3.6190        -5985.055    -6017.246       32.191   255.4
3.6195        -5985.080    -6017.249       32.170   255.3
3.6200        -5985.083    -6017.256       32.173   255.3
3.6205        -5985.049    -6017.265       32.216   255.6
3.6210        -5985.035    -6017.277       32.243   255.8
3.6215        -5985.039    -6017.294       32.255   255.9
3.6220        -5985.057    -6017.313       32.256   255.9
3.6225        -5985.052    -6017.335       32.283   256.2
3.6230        -5985.024    -6017.360       32.337   256.6
3.6235        -5985.011    -6017.388       32.377   256.9
3.6240        -5985.012    -6017.418       32.406   257.1
3.6245        -5985.051    -6017.451       32.400   257.1
3.6250        -5985.042    -6017.484       32.442   257.4
3.6255        -5985.042    -6017.518       32.476   257.7
3.6260        -5985.033    -6017.553       32.520   258.0
3.6265        -5984.982    -6017.588       32.606   258.7
3.6270        -5985.005    -6017.623       32.618   258.8
3.6275        -5985.028    -6017.659       32.631   258.9
3.6280        -5985.057    -6017.694       32.637   259.0
3.6285        -5985.081    -6017.729       32.648   259.1
3.6290        -5985.086    -6017.763       32.677   259.3
3.6295        -5985.078    -6017.797       32.718   259.6
3.6300        -5985.075    -6017.829       32.754   259.9
3.6305        -5985.054    -6017.858       32.804   260.3
3.6310        -5985.033    -6017.885       32.852   260.7
3.6315        -5985.009    -6017.911       32.902   261.1
3.6320        -5984.950    -6017.935       32.985   261.7
3.6325        -5984.914    -6017.956       33.042   262.2
3.6330        -5984.869    -6017.974       33.105   262.7
3.6335        -5984.843    -6017.988       33.145   263.0
3.6340        -5984.839    -6017.998       33.159   263.1
3.6345        -5984.829    -6018.006       33.177   263.2
3.6350        -5984.845    -6018.010       33.165   263.2
3.6355        -5984.813    -6018.012       33.199   263.4
3.6360        -5984.823    -6018.010       33.187   263.3
3.6365        -5984.777    -6018.005       33.229   263.7
3.6370        -5984.773    -6017.997       33.224   263.6
3.6375        -5984.788    -6017.985       33.197   263.4
3.6380        -5984.778    -6017.971       33.194   263.4
3.6385        -5984.792    -6017.954       33.162   263.1
3.6390        -5984.783    -6017.933       33.150   263.0
3.6395        -5984.789    -6017.910       33.121   262.8
3.6400        -5984.815    -6017.886       33.071   262.4
3.6405        -5984.799    -6017.860       33.061   262.3
3.6410        -5984.782    -6017.833       33.050   262.2
3.6415        -5984.802    -6017.805       33.003   261.9
3.6420        -5984.776    -6017.777       33.001   261.8
3.6425        -5984.763    -6017.748       32.985   261.7
3.6430        -5984.756    -6017.720       32.963   261.6
3.6435        -5984.772    -6017.693       32.921   261.2
3.6440        -5984.784    -6017.667       32.883   260.9
3.6445        -5984.749    -6017.643       32.894   261.0
3.6450        -5984.726    -6017.621       32.895   261.0
3.6455        -5984.708    -6017.603       32.895   261.0
3.6460        -5984.636    -6017.589       32.953   261.5
3.6465        -5984.673    -6017.578       32.905   261.1
3.6470        -5984.662    -6017.572       32.911   261.1
3.6475        -5984.677    -6017.571       32.895   261.0
3.6480        -5984.674    -6017.576       32.902   261.1
3.6485        -5984.715    -6017.586       32.871   260.8
3.6490        -5984.782    -6017.602       32.820   260.4
3.6495        -5984.736    -6017.625       32.889   261.0
3.6500        -5984.741    -6017.652       32.912   261.1
3.6505        -5984.766    -6017.686       32.920   261.2
3.6510        -5984.785    -6017.725       32.940   261.4
3.6515        -5984.823    -6017.769       32.945   261.4
3.6520        -5984.842    -6017.816       32.974   261.6
3.6525        -5984.816    -6017.865       33.049   262.2
3.6530        -5984.847    -6017.917       33.070   262.4
3.6535        -5984.834    -6017.971       33.137   262.9
3.6540        -5984.760    -6018.027       33.267   264.0
3.6545        -5984.758    -6018.084       33.326   264.4
3.6550        -5984.746    -6018.143       33.396   265.0
3.6555        -5984.770    -6018.201       33.430   265.3
3.6560        -5984.852    -6018.260       33.408   265.1
3.6565        -5984.867    -6018.318       33.451   265.4
3.6570        -5984.877    -6018.376       33.498   265.8
3.6575        -5984.888    -6018.432       33.544   266.2
3.6580        -5984.841    -6018.488       33.647   267.0
3.6585        -5984.846    -6018.542       33.696   267.4
3.6590        -5984.853    -6018.595       33.742   267.7
3.6595        -5984.859    -6018.646       33.786   268.1
3.6600        -5984.865    -6018.693       33.828   268.4
3.6605        -5984.847    -6018.738       33.891   268.9
3.6610        -5984.864    -6018.779       33.915   269.1
3.6615        -5984.866    -6018.817       33.951   269.4
3.6620        -5984.901    -6018.852       33.951   269.4
3.6625        -5984.881    -6018.883       34.002   269.8
3.6630        -5984.871    -6018.909       34.038   270.1
3.6635        -5984.881    -6018.933       34.051   270.2
3.6640        -5984.862    -6018.952       34.090   270.5
3.6645        -5984.910    -6018.967       34.058   270.2
3.6650        -5984.886    -6018.978       34.092   270.5
3.6655        -5984.834    -6018.985       34.150   271.0
3.6660        -5984.835    -6018.987       34.153   271.0
3.6665        -5984.854    -6018.987       34.132   270.8
3.6670        -5984.852    -6018.982       34.130   270.8
3.6675        -5984.850    -6018.974       34.124   270.8
3.6680        -5984.888    -6018.960       34.073   270.4
3.6685        -5984.946    -6018.942       33.997   269.8
3.6690        -5984.876    -6018.920       34.043   270.1
3.6695        -5984.835    -6018.894       34.060   270.3
3.6700        -5984.818    -6018.865       34.047   270.1
3.6705        -5984.834    -6018.831       33.997   269.8
3.6710        -5984.870    -6018.794       33.924   269.2
3.6715        -5984.868    -6018.753       33.885   268.9
3.6720        -5984.850    -6018.710       33.860   268.7
3.6725        -5984.819    -6018.664       33.845   268.6
3.6730        -5984.850    -6018.617       33.767   267.9
3.6735        -5984.798    -6018.568       33.770   268.0
3.6740        -5984.786    -6018.518       33.732   267.7
3.6745        -5984.752    -6018.468       33.716   267.5
3.6750        -5984.749    -6018.417       33.668   267.1
3.6755        -5984.769    -6018.364       33.595   266.6
3.6760        -5984.789    -6018.310       33.521   266.0
3.6765        -5984.863    -6018.256       33.393   265.0
3.6770        -5984.843    -6018.203       33.360   264.7
3.6775        -5984.852    -6018.150       33.298   264.2
3.6780        -5984.821    -6018.098       33.277   264.0
3.6785        -5984.810    -6018.048       33.238   263.7
3.6790        -5984.809    -6017.999       33.190   263.4
3.6795        -5984.766    -6017.951       33.185   263.3
3.6800        -5984.737    -6017.905       33.168   263.2
3.6805        -5984.764    -6017.861       33.097   262.6
3.6810        -5984.721    -6017.820       33.099   262.6
3.6815        -5984.715    -6017.781       33.065   262.4
3.6820        -5984.717    -6017.745       33.028   262.1
3.6825        -5984.697    -6017.712       33.015   262.0
3.6830        -5984.692    -6017.682       32.990   261.8
3.6835        -5984.723    -6017.655       32.933   261.3
3.6840        -5984.732    -6017.632       32.900   261.1
3.6845        -5984.724    -6017.611       32.887   260.9
3.6850        -5984.677    -6017.594       32.917   261.2
3.6855        -5984.708    -6017.580       32.872   260.8
3.6860        -5984.676    -6017.570       32.893   261.0
3.6865        -5984.684    -6017.563       32.879   260.9
3.6870        -5984.667    -6017.559       32.892   261.0
3.6875        -5984.665    -6017.558       32.893   261.0
3.6880        -5984.671    -6017.559       32.888   261.0
3.6885        -5984.686    -6017.563       32.877   260.9
3.6890        -5984.719    -6017.571       32.851   260.7
3.6895        -5984.713    -6017.580       32.867   260.8
3.6900        -5984.723    -6017.592       32.868   260.8
3.6905        -5984.736    -6017.607       32.871   260.8
3.6910        -5984.706    -6017.624       32.918   261.2
3.6915        -5984.697    -6017.643       32.946   261.4
3.6920        -5984.710    -6017.663       32.954   261.5
3.6925        -5984.669    -6017.684       33.015   262.0
3.6930        -5984.652    -6017.706       33.053   262.3
3.6935        -5984.702    -6017.727       33.026   262.0
3.6940        -5984.741    -6017.749       33.008   261.9
3.6945        -5984.689    -6017.770       33.081   262.5
3.6950        -5984.672    -6017.790       33.118   262.8
3.6955        -5984.741    -6017.809       33.069   262.4
3.6960        -5984.714    -6017.826       33.112   262.7
3.6965        -5984.690    -6017.841       33.152   263.1
3.6970        -5984.700    -6017.855       33.155   263.1
3.6975        -5984.707    -6017.867       33.160   263.1
3.6980        -5984.685    -6017.876       33.191   263.4
3.6985        -5984.659    -6017.884       33.224   263.6
3.6990        -5984.682    -6017.887       33.205   263.5
3.6995        -5984.709    -6017.888       33.179   263.3
3.7000        -5984.713    -6017.885       33.171   263.2
3.7005        -5984.728    -6017.879       33.151   263.0
3.7010        -5984.722    -6017.872       33.150   263.0
3.7015        -5984.728    -6017.863       33.135   262.9
3.7020        -5984.684    -6017.853       33.169   263.2
3.7025        -5984.676    -6017.841       33.165   263.2
3.7030        -5984.620    -6017.826       33.206   263.5
3.7035        -5984.600    -6017.811       33.211   263.5
3.7040        -5984.639    -6017.793       33.155   263.1
3.7045        -5984.656    -6017.775       33.119   262.8
3.7050        -5984.650    -6017.758       33.108   262.7
3.7055        -5984.683    -6017.741       33.058   262.3
3.7060        -5984.738    -6017.724       32.987   261.7
3.7065        -5984.720    -6017.708       32.988   261.8
3.7070        -5984.733    -6017.693       32.960   261.5
3.7075        -5984.747    -6017.678       32.932   261.3
3.7080        -5984.751    -6017.664       32.913   261.2
3.7085        -5984.730    -6017.652       32.922   261.2
3.7090        -5984.730    -6017.641       32.911   261.1
3.7095        -5984.743    -6017.633       32.890   261.0
3.7100        -5984.718    -6017.628       32.910   261.1
3.7105        -5984.729    -6017.625       32.896   261.0
3.7110        -5984.714    -6017.625       32.911   261.1
3.7115        -5984.717    -6017.627       32.910   261.1
3.7120        -5984.707    -6017.633       32.926   261.3
3.7125        -5984.666    -6017.640       32.974   261.6
3.7130        -5984.683    -6017.651       32.968   261.6
3.7135        -5984.671    -6017.662       32.991   261.8
3.7140        -5984.644    -6017.674       33.030   262.1
3.7145        -5984.645    -6017.687       33.042   262.2
3.7150        -5984.634    -6017.703       33.068   262.4
3.7155        -5984.666    -6017.720       33.054   262.3
3.7160        -5984.743    -6017.737       32.995   261.8
3.7165        -5984.794    -6017.755       32.962   261.5
3.7170        -5984.830    -6017.774       32.944   261.4
3.7175        -5984.798    -6017.792       32.994   261.8
3.7180        -5984.738    -6017.810       33.073   262.4
3.7185        -5984.785    -6017.828       33.043   262.2
3.7190        -5984.761    -6017.844       33.083   262.5
3.7195        -5984.773    -6017.859       33.086   262.5
3.7200        -5984.796    -6017.872       33.076   262.4
3.7205        -5984.797    -6017.884       33.086   262.5
3.7210        -5984.785    -6017.894       33.110   262.7
3.7215        -5984.768    -6017.904       33.135   262.9
3.7220        -5984.777    -6017.912       33.135   262.9
3.7225        -5984.772    -6017.918       33.146   263.0
3.7230        -5984.730    -6017.923       33.193   263.4
3.7235        -5984.772    -6017.927       33.154   263.1
3.7240        -5984.725    -6017.928       33.204   263.5
3.7245        -5984.724    -6017.929       33.205   263.5
3.7250        -5984.718    -6017.928       33.210   263.5
3.7255        -5984.718    -6017.926       33.208   263.5
3.7260        -5984.725    -6017.922       33.197   263.4
3.7265        -5984.786    -6017.918       33.132   262.9
3.7270        -5984.779    -6017.913       33.134   262.9
3.7275        -5984.837    -6017.907       33.071   262.4
3.7280        -5984.823    -6017.902       33.079   262.5
3.7285        -5984.837    -6017.897       33.060   262.3
3.7290        -5984.819    -6017.891       33.072   262.4
3.7295        -5984.792    -6017.887       33.094   262.6
3.7300        -5984.801    -6017.882       33.081   262.5
3.7305        -5984.774    -6017.878       33.104   262.7
3.7310        -5984.769    -6017.876       33.107   262.7
3.7315        -5984.752    -6017.875       33.123   262.8
3.7320        -5984.758    -6017.875       33.118   262.8
3.7325        -5984.718    -6017.876       33.159   263.1
3.7330        -5984.778    -6017.879       33.102   262.7
3.7335        -5984.778    -6017.884       33.107   262.7
3.7340        -5984.769    -6017.890       33.121   262.8
3.7345        -5984.769    -6017.897       33.128   262.9
3.7350        -5984.763    -6017.906       33.143   263.0
3.7355        -5984.782    -6017.917       33.134   262.9
3.7360        -5984.817    -6017.929       33.112   262.7
3.7365        -5984.868    -6017.942       33.074   262.4
3.7370        -5984.845    -6017.958       33.113   262.7
3.7375        -5984.844    -6017.974       33.130   262.9
3.7380        -5984.883    -6017.991       33.108   262.7
3.7385        -5984.889    -6018.008       33.119   262.8
3.7390        -5984.888    -6018.027       33.138   262.9
3.7395        -5984.848    -6018.045       33.197   263.4
3.7400        -5984.793    -6018.063       33.270   264.0
3.7405        -5984.818    -6018.081       33.263   263.9
3.7410        -5984.795    -6018.099       33.304   264.3
3.7415        -5984.786    -6018.117       33.331   264.5
3.7420        -5984.740    -6018.136       33.396   265.0
3.7425        -5984.712    -6018.152       33.440   265.3
3.7430        -5984.740    -6018.167       33.428   265.2
3.7435        -5984.724    -6018.181       33.457   265.5
3.7440        -5984.735    -6018.193       33.458   265.5
3.7445        -5984.730    -6018.204       33.473   265.6
3.7450        -5984.694    -6018.212       33.518   266.0
3.7455        -5984.693    -6018.217       33.523   266.0
3.7460        -5984.723    -6018.219       33.496   265.8
3.7465        -5984.730    -6018.217       33.487   265.7
3.7470        -5984.761    -6018.212       33.451   265.4
3.7475        -5984.775    -6018.205       33.430   265.3
3.7480        -5984.782    -6018.195       33.413   265.1
3.7485        -5984.752    -6018.182       33.430   265.3
3.7490        -5984.717    -6018.167       33.450   265.4
3.7495        -5984.712    -6018.147       33.435   265.3
3.7500        -5984.716    -6018.124       33.408   265.1
3.7505        -5984.747    -6018.097       33.351   264.6
3.7510        -5984.727    -6018.066       33.339   264.5
3.7515        -5984.710    -6018.032       33.322   264.4
3.7520        -5984.686    -6017.996       33.310   264.3
3.7525        -5984.730    -6017.958       33.228   263.7
3.7530        -5984.697    -6017.917       33.220   263.6
3.7535        -5984.713    -6017.874       33.161   263.1
3.7540        -5984.748    -6017.828       33.080   262.5
3.7545        -5984.756    -6017.779       33.024   262.0
3.7550        -5984.792    -6017.728       32.937   261.3
3.7555        -5984.793    -6017.675       32.881   260.9
3.7560        -5984.788    -6017.620       32.832   260.5
3.7565        -5984.768    -6017.564       32.796   260.2
3.7570        -5984.776    -6017.507       32.731   259.7
3.7575        -5984.752    -6017.451       32.699   259.5
3.7580        -5984.741    -6017.393       32.652   259.1
3.7585        -5984.748    -6017.335       32.588   258.6
3.7590        -5984.749    -6017.277       32.529   258.1
3.7595        -5984.728    -6017.220       32.492   257.8
3.7600        -5984.767    -6017.163       32.396   257.1
3.7605        -5984.749    -6017.107       32.358   256.8
3.7610        -5984.724    -6017.052       32.328   256.5
3.7615        -5984.724    -6017.000       32.275   256.1
3.7620        -5984.745    -6016.950       32.205   255.5
3.7625        -5984.790    -6016.903       32.114   254.8
3.7630        -5984.762    -6016.859       32.097   254.7
3.7635        -5984.753    -6016.818       32.065   254.4
3.7640        -5984.729    -6016.779       32.050   254.3
3.7645        -5984.692    -6016.744       32.053   254.3
3.7650        -5984.674    -6016.713       32.039   254.2
3.7655        -5984.657    -6016.686       32.029   254.1
3.7660        -5984.630    -6016.664       32.034   254.2
3.7665        -5984.638    -6016.647       32.009   254.0
3.7670        -5984.680    -6016.636       31.956   253.6
3.7675        -5984.634    -6016.630       31.995   253.9
3.7680        -5984.600    -6016.630       32.029   254.1
3.7685        -5984.549    -6016.635       32.086   254.6
3.7690        -5984.568    -6016.645       32.077   254.5
3.7695        -5984.588    -6016.660       32.073   254.5
3.7700        -5984.527    -6016.680       32.153   255.1
3.7705        -5984.488    -6016.703       32.216   255.6
3.7710        -5984.492    -6016.732       32.240   255.8
3.7715        -5984.414    -6016.766       32.352   256.7
3.7720        -5984.382    -6016.804       32.422   257.3
3.7725        -5984.352    -6016.845       32.494   257.8
3.7730        -5984.307    -6016.890       32.583   258.5
3.7735        -5984.360    -6016.938       32.579   258.5
3.7740        -5984.342    -6016.989       32.647   259.0
3.7745        -5984.320    -6017.042       32.723   259.6
3.7750        -5984.337    -6017.099       32.762   260.0
3.7755        -5984.315    -6017.157       32.842   260.6
3.7760        -5984.310    -6017.217       32.907   261.1
3.7765        -5984.312    -6017.278       32.966   261.6
3.7770        -5984.321    -6017.341       33.019   262.0
3.7775        -5984.297    -6017.404       33.108   262.7
3.7780        -5984.346    -6017.468       33.122   262.8
3.7785        -5984.393    -6017.531       33.138   262.9
3.7790        -5984.343    -6017.595       33.252   263.8
3.7795        -5984.334    -6017.657       33.323   264.4
3.7800        -5984.341    -6017.717       33.376   264.8
3.7805        -5984.343    -6017.774       33.431   265.3
3.7810        -5984.286    -6017.831       33.544   266.2
3.7815        -5984.281    -6017.884       33.603   266.6
3.7820        -5984.309    -6017.937       33.628   266.8
3.7825        -5984.320    -6017.987       33.668   267.1
3.7830        -5984.332    -6018.038       33.706   267.4
3.7835        -5984.312    -6018.086       33.773   268.0
3.7840        -5984.328    -6018.131       33.803   268.2
3.7845        -5984.377    -6018.173       33.797   268.2
3.7850        -5984.383    -6018.212       33.829   268.4
3.7855        -5984.391    -6018.247       33.855   268.6
3.7860        -5984.355    -6018.278       33.923   269.2
3.7865        -5984.333    -6018.305       33.972   269.6
3.7870        -5984.360    -6018.329       33.968   269.5
3.7875        -5984.383    -6018.348       33.965   269.5
3.7880        -5984.367    -6018.363       33.996   269.7
3.7885        -5984.364    -6018.374       34.010   269.9
3.7890        -5984.380    -6018.381       34.001   269.8
3.7895        -5984.404    -6018.385       33.980   269.6
3.7900        -5984.388    -6018.384       33.996   269.8
3.7905        -5984.417    -6018.380       33.963   269.5
3.7910        -5984.389    -6018.372       33.983   269.6
3.7915        -5984.352    -6018.361       34.009   269.9
3.7920        -5984.363    -6018.346       33.983   269.6
3.7925        -5984.418    -6018.328       33.910   269.1
3.7930        -5984.418    -6018.307       33.888   268.9
3.7935        -5984.390    -6018.281       33.891   268.9
3.7940        -5984.415    -6018.253       33.837   268.5
3.7945        -5984.461    -6018.221       33.760   267.9
3.7950        -5984.453    -6018.185       33.732   267.7
3.7955        -5984.480    -6018.147       33.666   267.1
3.7960        -5984.467    -6018.107       33.640   266.9
3.7965        -5984.471    -6018.065       33.594   266.6
3.7970        -5984.502    -6018.023       33.521   266.0
3.7975        -5984.498    -6017.981       33.483   265.7
3.7980        -5984.470    -6017.938       33.468   265.6
3.7985        -5984.451    -6017.896       33.444   265.4
3.7990        -5984.425    -6017.853       33.428   265.2
3.7995        -5984.485    -6017.811       33.326   264.4
3.8000        -5984.521    -6017.771       33.250   263.8
3.8005        -5984.529    -6017.732       33.202   263.5
3.8010        -5984.546    -6017.693       33.147   263.0
3.8015        -5984.544    -6017.657       33.113   262.7
3.8020        -5984.600    -6017.622       33.021   262.0
3.8025        -5984.627    -6017.588       32.961   261.5
3.8030        -5984.652    -6017.557       32.906   261.1
3.8035        -5984.628    -6017.530       32.902   261.1
3.8040        -5984.549    -6017.507       32.958   261.5
3.8045        -5984.526    -6017.488       32.961   261.5
3.8050        -5984.537    -6017.473       32.936   261.3
3.8055        -5984.462    -6017.464       33.002   261.9
3.8060        -5984.463    -6017.458       32.995   261.8
3.8065        -5984.380    -6017.456       33.076   262.4
3.8070        -5984.391    -6017.456       33.065   262.4
3.8075        -5984.367    -6017.459       33.092   262.6
3.8080        -5984.370    -6017.465       33.095   262.6
3.8085        -5984.407    -6017.472       33.064   262.4
3.8090        -5984.428    -6017.480       33.052   262.3
3.8095        -5984.392    -6017.490       33.098   262.6
3.8100        -5984.348    -6017.502       33.154   263.1
3.8105        -5984.352    -6017.516       33.165   263.2
3.8110        -5984.362    -6017.532       33.170   263.2
3.8115        -5984.346    -6017.549       33.203   263.5
3.8120        -5984.351    -6017.566       33.216   263.6
3.8125        -5984.351    -6017.584       33.233   263.7
3.8130        -5984.324    -6017.602       33.279   264.1
3.8135        -5984.274    -6017.621       33.347   264.6
3.8140        -5984.225    -6017.639       33.414   265.1
3.8145        -5984.234    -6017.655       33.421   265.2
3.8150        -5984.240    -6017.671       33.431   265.3
3.8155        -5984.203    -6017.685       33.482   265.7
3.8160        -5984.193    -6017.699       33.506   265.9
3.8165        -5984.187    -6017.710       33.524   266.0
3.8170        -5984.134    -6017.720       33.586   266.5
3.8175        -5984.086    -6017.727       33.641   266.9
3.8180        -5984.118    -6017.731       33.613   266.7
3.8185        -5984.128    -6017.733       33.605   266.6
3.8190        -5984.077    -6017.732       33.655   267.0
3.8195        -5984.014    -6017.727       33.712   267.5
3.8200        -5983.987    -6017.718       33.731   267.6
3.8205        -5983.984    -6017.706       33.721   267.6
3.8210        -5983.995    -6017.690       33.696   267.4
3.8215        -5983.981    -6017.671       33.690   267.3
3.8220        -5983.952    -6017.649       33.697   267.4
3.8225        -5983.925    -6017.624       33.699   267.4
3.8230        -5983.932    -6017.595       33.663   267.1
3.8235        -5983.975    -6017.565       33.590   266.5
3.8240        -5983.978    -6017.533       33.555   266.2
3.8245        -5983.976    -6017.496       33.520   266.0
3.8250        -5983.966    -6017.457       33.491   265.7
3.8255        -5983.971    -6017.416       33.446   265.4
3.8260        -5983.976    -6017.373       33.397   265.0
3.8265        -5983.982    -6017.328       33.347   264.6
3.8270        -5983.946    -6017.283       33.337   264.5
3.8275        -5983.919    -6017.236       33.317   264.4
3.8280        -5983.924    -6017.190       33.266   264.0
3.8285        -5983.940    -6017.143       33.203   263.5
3.8290        -5983.924    -6017.098       33.175   263.2
3.8295        -5983.909    -6017.055       33.145   263.0
3.8300        -5983.927    -6017.013       33.086   262.5
3.8305        -5983.930    -6016.974       33.044   262.2
3.8310        -5983.932    -6016.938       33.007   261.9
3.8315        -5983.919    -6016.905       32.987   261.7
3.8320        -5983.945    -6016.877       32.931   261.3
3.8325        -5983.962    -6016.853       32.891   261.0
3.8330        -5983.992    -6016.833       32.840   260.6
3.8335        -5983.985    -6016.817       32.831   260.5
3.8340        -5983.990    -6016.804       32.814   260.4
3.8345        -5984.049    -6016.797       32.748   259.8
3.8350        -5984.098    -6016.796       32.698   259.5
3.8355        -5984.036    -6016.800       32.764   260.0
3.8360        -5984.083    -6016.809       32.726   259.7
3.8365        -5984.095    -6016.821       32.726   259.7
3.8370        -5984.075    -6016.840       32.765   260.0
3.8375        -5984.048    -6016.863       32.815   260.4
3.8380        -5984.017    -6016.892       32.876   260.9
3.8385        -5983.926    -6016.925       32.999   261.8
3.8390        -5983.876    -6016.961       33.085   262.5
3.8395        -5983.858    -6017.001       33.143   263.0
3.8400        -5983.864    -6017.044       33.181   263.3
3.8405        -5983.864    -6017.090       33.227   263.6
3.8410        -5983.796    -6017.137       33.341   264.5
3.8415        -5983.824    -6017.184       33.361   264.7
3.8420        -5983.834    -6017.232       33.399   265.0
3.8425        -5983.843    -6017.280       33.437   265.3
3.8430        -5983.875    -6017.325       33.450   265.4
3.8435        -5983.821    -6017.369       33.548   266.2
3.8440        -5983.833    -6017.411       33.577   266.4
3.8445        -5983.849    -6017.450       33.602   266.6
3.8450        -5983.839    -6017.486       33.647   267.0
3.8455        -5983.837    -6017.519       33.682   267.3
3.8460        -5983.828    -6017.547       33.719   267.5
3.8465        -5983.770    -6017.571       33.801   268.2
3.8470        -5983.779    -6017.590       33.811   268.3
3.8475        -5983.775    -6017.604       33.829   268.4
3.8480        -5983.757    -6017.615       33.858   268.7
3.8485        -5983.747    -6017.621       33.873   268.8
3.8490        -5983.766    -6017.622       33.856   268.6
3.8495        -5983.748    -6017.619       33.870   268.8
3.8500        -5983.800    -6017.611       33.811   268.3
3.8505        -5983.791    -6017.599       33.809   268.3
3.8510        -5983.757    -6017.585       33.828   268.4
3.8515        -5983.799    -6017.567       33.769   267.9
3.8520        -5983.848    -6017.546       33.699   267.4
3.8525        -5983.826    -6017.523       33.697   267.4
3.8530        -5983.816    -6017.497       33.681   267.3
3.8535        -5983.835    -6017.469       33.633   266.9
3.8540        -5983.850    -6017.439       33.589   266.5
3.8545        -5983.866    -6017.408       33.542   266.1
3.8550        -5983.873    -6017.376       33.503   265.8
3.8555        -5983.874    -6017.344       33.470   265.6
3.8560        -5983.834    -6017.311       33.477   265.6
3.8565        -5983.817    -6017.278       33.462   265.5
3.8570        -5983.845    -6017.246       33.401   265.0
3.8575        -5983.821    -6017.214       33.393   265.0
3.8580        -5983.839    -6017.182       33.343   264.6
3.8585        -5983.801    -6017.151       33.350   264.6
3.8590        -5983.854    -6017.118       33.264   263.9
3.8595        -5983.823    -6017.086       33.263   263.9
3.8600        -5983.854    -6017.054       33.200   263.4
3.8605        -5983.865    -6017.023       33.158   263.1
3.8610        -5983.843    -6016.992       33.149   263.0
3.8615        -5983.836    -6016.961       33.125   262.8
3.8620        -5983.856    -6016.931       33.075   262.4
3.8625        -5983.852    -6016.903       33.051   262.2
3.8630        -5983.857    -6016.876       33.019   262.0
3.8635        -5983.898    -6016.849       32.951   261.5
3.8640        -5983.930    -6016.825       32.894   261.0
3.8645        -5983.950    -6016.801       32.851   260.7
3.8650        -5983.981    -6016.781       32.801   260.3
3.8655        -5983.973    -6016.763       32.790   260.2
3.8660        -5983.963    -6016.747       32.784   260.1
3.8665        -5984.003    -6016.730       32.727   259.7
3.8670        -5984.028    -6016.715       32.687   259.4
3.8675        -5984.007    -6016.702       32.695   259.4
3.8680        -5983.989    -6016.690       32.701   259.5
3.8685        -5984.013    -6016.680       32.667   259.2
3.8690        -5984.041    -6016.671       32.630   258.9
3.8695        -5984.045    -6016.662       32.617   258.8
3.8700        -5984.053    -6016.656       32.602   258.7
3.8705        -5984.100    -6016.651       32.551   258.3
3.8710        -5984.071    -6016.647       32.576   258.5
3.8715        -5984.011    -6016.643       32.632   258.9
3.8720        -5983.990    -6016.640       32.650   259.1
3.8725        -5983.955    -6016.638       32.683   259.3
3.8730        -5983.999    -6016.636       32.638   259.0
3.8735        -5984.042    -6016.636       32.594   258.6
3.8740        -5984.067    -6016.637       32.570   258.4
3.8745        -5984.071    -6016.639       32.568   258.4
3.8750        -5984.072    -6016.641       32.569   258.4
3.8755        -5984.063    -6016.645       32.582   258.5
3.8760        -5984.082    -6016.652       32.570   258.4
3.8765        -5984.070    -6016.659       32.589   258.6
3.8770        -5984.067    -6016.668       32.601   258.7
3.8775        -5984.002    -6016.678       32.677   259.3
3.8780        -5984.043    -6016.690       32.647   259.0
3.8785        -5984.037    -6016.703       32.665   259.2
3.8790        -5984.012    -6016.717       32.705   259.5
3.8795        -5983.979    -6016.731       32.753   259.9
3.8800        -5983.960    -6016.746       32.786   260.1
3.8805        -5983.947    -6016.760       32.813   260.4
3.8810        -5983.959    -6016.773       32.813   260.4
3.8815        -5983.928    -6016.786       32.858   260.7
3.8820        -5983.918    -6016.799       32.881   260.9
3.8825        -5983.951    -6016.813       32.862   260.7
3.8830        -5983.964    -6016.825       32.861   260.7
3.8835        -5983.960    -6016.836       32.876   260.9
3.8840        -5983.999    -6016.847       32.848   260.6
3.8845        -5983.993    -6016.855       32.862   260.8
3.8850        -5983.988    -6016.861       32.873   260.8
3.8855        -5983.933    -6016.863       32.930   261.3
3.8860        -5983.879    -6016.860       32.982   261.7
3.8865        -5983.888    -6016.856       32.968   261.6
3.8870        -5983.882    -6016.849       32.967   261.6
3.8875        -5983.896    -6016.839       32.944   261.4
3.8880        -5983.883    -6016.828       32.945   261.4
3.8885        -5983.875    -6016.816       32.941   261.4
3.8890        -5983.833    -6016.802       32.969   261.6
3.8895        -5983.826    -6016.787       32.961   261.5
3.8900        -5983.799    -6016.771       32.972   261.6
3.8905        -5983.799    -6016.753       32.954   261.5
3.8910        -5983.802    -6016.734       32.932   261.3
3.8915        -5983.750    -6016.716       32.966   261.6
3.8920        -5983.786    -6016.699       32.913   261.2
3.8925        -5983.818    -6016.681       32.863   260.8
3.8930        -5983.846    -6016.665       32.819   260.4
3.8935        -5983.868    -6016.649       32.781   260.1
3.8940        -5983.802    -6016.634       32.832   260.5
3.8945        -5983.821    -6016.621       32.800   260.3
3.8950        -5983.808    -6016.610       32.803   260.3
3.8955        -5983.820    -6016.601       32.781   260.1
3.8960        -5983.790    -6016.594       32.804   260.3
3.8965        -5983.761    -6016.589       32.828   260.5
3.8970        -5983.761    -6016.588       32.828   260.5
3.8975        -5983.757    -6016.590       32.833   260.5
3.8980        -5983.742    -6016.593       32.851   260.7
3.8985        -5983.751    -6016.598       32.847   260.6
3.8990        -5983.807    -6016.605       32.798   260.2
3.8995        -5983.815    -6016.614       32.799   260.2
3.9000        -5983.838    -6016.624       32.786   260.1
3.9005        -5983.768    -6016.635       32.867   260.8
3.9010        -5983.795    -6016.648       32.854   260.7
3.9015        -5983.819    -6016.663       32.845   260.6
3.9020        -5983.773    -6016.679       32.906   261.1
3.9025        -5983.759    -6016.696       32.937   261.3
3.9030        -5983.802    -6016.714       32.911   261.1
3.9035        -5983.814    -6016.733       32.920   261.2
3.9040        -5983.835    -6016.754       32.919   261.2
3.9045        -5983.892    -6016.775       32.884   260.9
3.9050        -5983.900    -6016.798       32.898   261.0
3.9055        -5983.921    -6016.823       32.902   261.1
3.9060        -5983.903    -6016.848       32.944   261.4
3.9065        -5983.936    -6016.873       32.937   261.3
3.9070        -5983.967    -6016.901       32.934   261.3
3.9075        -5983.973    -6016.930       32.957   261.5
3.9080        -5983.980    -6016.960       32.980   261.7
3.9085        -5984.002    -6016.992       32.991   261.8
3.9090        -5983.975    -6017.026       33.051   262.2
3.9095        -5983.936    -6017.061       33.124   262.8
3.9100        -5983.955    -6017.097       33.142   263.0
3.9105        -5983.953    -6017.135       33.181   263.3
3.9110        -5983.942    -6017.175       33.234   263.7
3.9115        -5983.973    -6017.219       33.246   263.8
3.9120        -5983.976    -6017.264       33.288   264.1
3.9125        -5983.982    -6017.312       33.330   264.5
3.9130        -5984.001    -6017.362       33.360   264.7
3.9135        -5984.021    -6017.411       33.390   264.9
3.9140        -5983.978    -6017.461       33.484   265.7
3.9145        -5983.951    -6017.512       33.561   266.3
3.9150        -5983.950    -6017.565       33.614   266.7
3.9155        -5983.950    -6017.618       33.668   267.1
3.9160        -5983.943    -6017.671       33.728   267.6
3.9165        -5983.873    -6017.724       33.851   268.6
3.9170        -5983.906    -6017.777       33.871   268.8
3.9175        -5983.930    -6017.829       33.898   269.0
3.9180        -5983.924    -6017.881       33.957   269.4
3.9185        -5983.891    -6017.933       34.042   270.1
3.9190        -5983.925    -6017.984       34.059   270.2
3.9195        -5983.890    -6018.033       34.143   270.9
3.9200        -5983.842    -6018.080       34.238   271.7
3.9205        -5983.839    -6018.125       34.286   272.0
3.9210        -5983.855    -6018.168       34.313   272.3
3.9215        -5983.884    -6018.207       34.323   272.3
3.9220        -5983.916    -6018.243       34.327   272.4
3.9225        -5983.892    -6018.276       34.384   272.8
3.9230        -5983.915    -6018.305       34.390   272.9
3.9235        -5983.918    -6018.330       34.413   273.1
3.9240        -5983.935    -6018.353       34.418   273.1
3.9245        -5983.895    -6018.372       34.477   273.6
3.9250        -5983.872    -6018.386       34.515   273.9
3.9255        -5983.897    -6018.397       34.501   273.8
3.9260        -5983.908    -6018.404       34.496   273.7
3.9265        -5983.907    -6018.406       34.500   273.7
3.9270        -5983.921    -6018.407       34.486   273.6
3.9275        -5983.848    -6018.403       34.555   274.2
3.9280        -5983.844    -6018.396       34.552   274.2
3.9285        -5983.819    -6018.385       34.566   274.3
3.9290        -5983.810    -6018.369       34.559   274.2
3.9295        -5983.804    -6018.349       34.545   274.1
3.9300        -5983.783    -6018.326       34.543   274.1
3.9305        -5983.755    -6018.300       34.544   274.1
3.9310        -5983.807    -6018.271       34.463   273.5
3.9315        -5983.814    -6018.240       34.426   273.2
3.9320        -5983.841    -6018.208       34.367   272.7
3.9325        -5983.823    -6018.175       34.352   272.6
3.9330        -5983.788    -6018.142       34.354   272.6
3.9335        -5983.801    -6018.107       34.306   272.2
3.9340        -5983.721    -6018.072       34.351   272.6
3.9345        -5983.721    -6018.037       34.316   272.3
3.9350        -5983.683    -6018.003       34.320   272.3
3.9355        -5983.641    -6017.968       34.327   272.4
3.9360        -5983.647    -6017.934       34.286   272.1
3.9365        -5983.612    -6017.899       34.287   272.1
3.9370        -5983.619    -6017.866       34.247   271.7
3.9375        -5983.536    -6017.835       34.299   272.2
3.9380        -5983.540    -6017.807       34.266   271.9
3.9385        -5983.579    -6017.780       34.202   271.4
3.9390        -5983.575    -6017.757       34.182   271.2
3.9395        -5983.596    -6017.738       34.142   270.9
3.9400        -5983.647    -6017.721       34.074   270.4
3.9405        -5983.635    -6017.705       34.071   270.3
3.9410        -5983.652    -6017.694       34.042   270.1
3.9415        -5983.673    -6017.684       34.010   269.9
3.9420        -5983.644    -6017.678       34.034   270.1
3.9425        -5983.637    -6017.675       34.038   270.1
3.9430        -5983.637    -6017.674       34.037   270.1
3.9435        -5983.657    -6017.675       34.018   269.9
3.9440        -5983.641    -6017.679       34.038   270.1
3.9445        -5983.680    -6017.686       34.006   269.8
3.9450        -5983.718    -6017.694       33.976   269.6
3.9455        -5983.738    -6017.704       33.966   269.5
3.9460        -5983.797    -6017.715       33.917   269.1
3.9465        -5983.793    -6017.727       33.935   269.3
3.9470        -5983.827    -6017.740       33.913   269.1
3.9475        -5983.848    -6017.754       33.906   269.0
3.9480        -5983.840    -6017.769       33.929   269.2
3.9485        -5983.847    -6017.784       33.937   269.3
3.9490        -5983.809    -6017.798       33.989   269.7
3.9495        -5983.770    -6017.813       34.042   270.1
3.9500        -5983.843    -6017.826       33.983   269.6
3.9505        -5983.844    -6017.839       33.995   269.7
3.9510        -5983.838    -6017.851       34.013   269.9
3.9515        -5983.868    -6017.862       33.993   269.7
3.9520        -5983.890    -6017.871       33.981   269.6
3.9525        -5983.941    -6017.878       33.937   269.3
3.9530        -5983.901    -6017.884       33.983   269.6
3.9535        -5983.934    -6017.887       33.953   269.4
3.9540        -5983.905    -6017.889       33.985   269.7
3.9545        -5983.940    -6017.891       33.951   269.4
3.9550        -5983.917    -6017.891       33.974   269.6
3.9555        -5983.927    -6017.890       33.963   269.5
3.9560        -5983.912    -6017.887       33.976   269.6
3.9565        -5983.875    -6017.882       34.007   269.8
3.9570        -5983.893    -6017.876       33.983   269.6
3.9575        -5983.869    -6017.866       33.997   269.8
3.9580        -5983.880    -6017.853       33.973   269.6
3.9585        -5983.852    -6017.838       33.986   269.7
3.9590        -5983.872    -6017.820       33.948   269.4
3.9595        -5983.865    -6017.799       33.934   269.3
3.9600        -5983.873    -6017.775       33.903   269.0
3.9605        -5983.930    -6017.749       33.819   268.3
3.9610        -5983.909    -6017.722       33.812   268.3
3.9615        -5983.921    -6017.692       33.771   268.0
3.9620        -5983.940    -6017.660       33.721   267.6
3.9625        -5983.947    -6017.627       33.680   267.2
3.9630        -5983.939    -6017.594       33.655   267.0
3.9635        -5983.950    -6017.560       33.610   266.7
3.9640        -5983.978    -6017.525       33.547   266.2
3.9645        -5983.984    -6017.490       33.507   265.9
3.9650        -5983.952    -6017.457       33.505   265.9
3.9655        -5983.959    -6017.425       33.466   265.5
3.9660        -5983.959    -6017.394       33.435   265.3
3.9665        -5984.034    -6017.365       33.331   264.5
3.9670        -5984.078    -6017.339       33.261   263.9
3.9675        -5984.058    -6017.316       33.258   263.9
3.9680        -5984.060    -6017.295       33.234   263.7
3.9685        -5984.052    -6017.277       33.225   263.6
3.9690        -5984.050    -6017.262       33.212   263.5
3.9695        -5984.021    -6017.251       33.231   263.7
3.9700        -5984.003    -6017.244       33.241   263.8
3.9705        -5984.014    -6017.240       33.226   263.6
3.9710        -5983.998    -6017.239       33.241   263.8
3.9715        -5983.945    -6017.241       33.295   264.2
3.9720        -5983.967    -6017.245       33.277   264.0
3.9725        -5983.944    -6017.252       33.308   264.3
3.9730        -5983.888    -6017.263       33.375   264.8
3.9735        -5983.890    -6017.277       33.387   264.9
3.9740        -5983.866    -6017.294       33.428   265.2
3.9745        -5983.845    -6017.313       33.468   265.6
3.9750        -5983.829    -6017.333       33.505   265.8
3.9755        -5983.847    -6017.356       33.509   265.9
3.9760        -5983.828    -6017.380       33.552   266.2
3.9765        -5983.853    -6017.405       33.552   266.2
3.9770        -5983.879    -6017.430       33.551   266.2
3.9775        -5983.879    -6017.455       33.576   266.4
3.9780        -5983.907    -6017.481       33.575   266.4
3.9785        -5983.906    -6017.506       33.600   266.6
3.9790        -5983.905    -6017.530       33.625   266.8
3.9795        -5983.920    -6017.552       33.632   266.9
3.9800        -5983.937    -6017.573       33.636   266.9
3.9805        -5983.965    -6017.594       33.629   266.8
3.9810        -5983.974    -6017.612       33.638   266.9
3.9815        -5983.923    -6017.626       33.703   267.4
3.9820        -5983.849    -6017.636       33.787   268.1
3.9825        -5983.857    -6017.643       33.786   268.1
3.9830        -5983.851    -6017.646       33.795   268.2
3.9835        -5983.843    -6017.645       33.803   268.2
3.9840        -5983.866    -6017.641       33.774   268.0
3.9845        -5983.877    -6017.632       33.754   267.8
3.9850        -5983.835    -6017.618       33.783   268.1
3.9855        -5983.829    -6017.601       33.772   268.0
3.9860        -5983.783    -6017.580       33.797   268.2
3.9865        -5983.720    -6017.555       33.835   268.5
3.9870        -5983.756    -6017.526       33.771   268.0
3.9875        -5983.758    -6017.494       33.736   267.7
3.9880        -5983.734    -6017.458       33.723   267.6
3.9885        -5983.713    -6017.417       33.704   267.4
3.9890        -5983.687    -6017.374       33.687   267.3
3.9895        -5983.708    -6017.328       33.620   266.8
3.9900        -5983.732    -6017.280       33.548   266.2
3.9905        -5983.696    -6017.231       33.535   266.1
3.9910        -5983.716    -6017.179       33.463   265.5
3.9915        -5983.607    -6017.124       33.517   265.9
3.9920        -5983.596    -6017.069       33.473   265.6
3.9925        -5983.616    -6017.012       33.396   265.0
3.9930        -5983.627    -6016.956       33.329   264.5
3.9935        -5983.624    -6016.900       33.276   264.0
3.9940        -5983.591    -6016.845       33.254   263.9
3.9945        -5983.538    -6016.792       33.254   263.9
3.9950        -5983.554    -6016.740       33.186   263.3
3.9955        -5983.578    -6016.692       33.114   262.7
3.9960        -5983.554    -6016.646       33.092   262.6
3.9965        -5983.525    -6016.604       33.078   262.5
3.9970        -5983.560    -6016.566       33.005   261.9
3.9975        -5983.556    -6016.532       32.976   261.7
3.9980        -5983.606    -6016.502       32.897   261.0
3.9985        -5983.623    -6016.478       32.854   260.7
3.9990        -5983.643    -6016.458       32.815   260.4
3.9995        -5983.619    -6016.444       32.825   260.5
4.0000        -5983.670    -6016.435       32.766   260.0
4.0005        -5983.670    -6016.432       32.763   260.0
4.0010        -5983.652    -6016.435       32.783   260.1
4.0015        -5983.650    -6016.443       32.792   260.2
4.0020        -5983.646    -6016.456       32.810   260.3
4.0025        -5983.659    -6016.473       32.814   260.4
4.0030        -5983.661    -6016.496       32.835   260.5
4.0035        -5983.625    -6016.524       32.899   261.0
4.0040        -5983.622    -6016.556       32.933   261.3
4.0045        -5983.599    -6016.590       32.991   261.8
4.0050        -5983.563    -6016.628       33.065   262.4
4.0055        -5983.519    -6016.668       33.149   263.0
4.0060        -5983.535    -6016.711       33.175   263.2
4.0065        -5983.607    -6016.753       33.146   263.0
4.0070        -5983.595    -6016.796       33.201   263.4
4.0075        -5983.555    -6016.840       33.285   264.1
4.0080        -5983.618    -6016.884       33.266   264.0
4.0085        -5983.596    -6016.928       33.332   264.5
4.0090        -5983.595    -6016.971       33.376   264.8
4.0095        -5983.599    -6017.012       33.413   265.1
4.0100        -5983.628    -6017.053       33.425   265.2
4.0105        -5983.620    -6017.094       33.474   265.6
4.0110        -5983.600    -6017.132       33.532   266.1
4.0115        -5983.644    -6017.169       33.525   266.0
4.0120        -5983.602    -6017.205       33.603   266.6
4.0125        -5983.601    -6017.238       33.637   266.9
4.0130        -5983.599    -6017.268       33.669   267.2
4.0135        -5983.609    -6017.295       33.686   267.3
4.0140        -5983.582    -6017.318       33.736   267.7
4.0145        -5983.655    -6017.338       33.683   267.3
4.0150        -5983.653    -6017.355       33.702   267.4
4.0155        -5983.673    -6017.368       33.695   267.4
4.0160        -5983.650    -6017.377       33.727   267.6
4.0165        -5983.595    -6017.381       33.787   268.1
4.0170        -5983.663    -6017.381       33.719   267.5
4.0175        -5983.647    -6017.378       33.731   267.6
4.0180        -5983.676    -6017.371       33.695   267.4
4.0185        -5983.664    -6017.358       33.694   267.4
4.0190        -5983.657    -6017.342       33.685   267.3
4.0195        -5983.676    -6017.323       33.647   267.0
4.0200        -5983.678    -6017.303       33.625   266.8
4.0205        -5983.637    -6017.281       33.644   267.0
4.0210        -5983.640    -6017.256       33.616   266.7
4.0215        -5983.670    -6017.229       33.559   266.3
4.0220        -5983.679    -6017.200       33.521   266.0
4.0225        -5983.652    -6017.170       33.518   266.0
4.0230        -5983.657    -6017.140       33.483   265.7
4.0235        -5983.679    -6017.110       33.431   265.3
4.0240        -5983.727    -6017.081       33.354   264.7
4.0245        -5983.723    -6017.052       33.329   264.5
4.0250        -5983.736    -6017.023       33.287   264.1
4.0255        -5983.751    -6016.995       33.245   263.8
4.0260        -5983.747    -6016.968       33.221   263.6
4.0265        -5983.820    -6016.943       33.122   262.8
4.0270        -5983.816    -6016.920       33.104   262.7
4.0275        -5983.852    -6016.901       33.049   262.2
4.0280        -5983.847    -6016.884       33.038   262.1
4.0285        -5983.854    -6016.871       33.017   262.0
4.0290        -5983.810    -6016.861       33.051   262.2
4.0295        -5983.861    -6016.854       32.993   261.8
4.0300        -5983.874    -6016.851       32.977   261.7
4.0305        -5983.831    -6016.850       33.019   262.0
4.0310        -5983.831    -6016.853       33.021   262.0
4.0315        -5983.836    -6016.858       33.022   262.0
4.0320        -5983.826    -6016.866       33.040   262.2
4.0325        -5983.771    -6016.876       33.106   262.7
4.0330        -5983.811    -6016.889       33.078   262.5
4.0335        -5983.791    -6016.904       33.113   262.7
4.0340        -5983.816    -6016.923       33.107   262.7
4.0345        -5983.826    -6016.943       33.117   262.8
4.0350        -5983.871    -6016.964       33.093   262.6
4.0355        -5983.906    -6016.986       33.081   262.5
4.0360        -5983.949    -6017.009       33.060   262.3
4.0365        -5983.911    -6017.032       33.122   262.8
4.0370        -5983.892    -6017.056       33.164   263.1
4.0375        -5983.884    -6017.079       33.195   263.4
4.0380        -5983.911    -6017.103       33.192   263.4
4.0385        -5983.936    -6017.126       33.191   263.4
4.0390        -5983.912    -6017.149       33.237   263.7
4.0395        -5983.927    -6017.171       33.244   263.8
4.0400        -5983.940    -6017.193       33.252   263.8
4.0405        -5983.918    -6017.213       33.295   264.2
4.0410        -5983.925    -6017.233       33.308   264.3
4.0415        -5983.939    -6017.252       33.313   264.3
4.0420        -5983.923    -6017.269       33.346   264.6
4.0425        -5983.923    -6017.285       33.362   264.7
4.0430        -5983.937    -6017.299       33.362   264.7
4.0435        -5983.924    -6017.312       33.387   264.9
4.0440        -5983.945    -6017.320       33.376   264.8
4.0445        -5983.908    -6017.326       33.418   265.2
4.0450        -5983.928    -6017.329       33.401   265.0
4.0455        -5983.932    -6017.328       33.397   265.0
4.0460        -5983.879    -6017.323       33.444   265.4
4.0465        -5983.922    -6017.316       33.394   265.0
4.0470        -5983.929    -6017.305       33.376   264.8
4.0475        -5983.880    -6017.291       33.411   265.1
4.0480        -5983.886    -6017.274       33.388   264.9
4.0485        -5983.880    -6017.253       33.373   264.8
4.0490        -5983.886    -6017.231       33.346   264.6
4.0495        -5983.891    -6017.207       33.316   264.4
4.0500        -5983.871    -6017.180       33.309   264.3
4.0505        -5983.881    -6017.152       33.271   264.0
4.0510        -5983.890    -6017.123       33.234   263.7
4.0515        -5983.914    -6017.093       33.179   263.3
4.0520        -5983.960    -6017.062       33.102   262.7
4.0525        -5983.953    -6017.030       33.077   262.5
4.0530        -5983.952    -6016.999       33.047   262.2
4.0535        -5983.936    -6016.969       33.033   262.1
4.0540        -5983.981    -6016.940       32.960   261.5
4.0545        -5983.990    -6016.911       32.922   261.2
4.0550        -5983.960    -6016.883       32.923   261.2
4.0555        -5983.961    -6016.858       32.897   261.0
4.0560        -5983.899    -6016.835       32.936   261.3
4.0565        -5983.906    -6016.815       32.909   261.1
4.0570        -5983.879    -6016.799       32.920   261.2
4.0575        -5983.871    -6016.785       32.914   261.2
4.0580        -5983.923    -6016.774       32.851   260.7
4.0585        -5983.937    -6016.767       32.830   260.5
4.0590        -5983.963    -6016.765       32.801   260.3
4.0595        -5983.924    -6016.766       32.842   260.6
4.0600        -5983.927    -6016.771       32.844   260.6
4.0605        -5983.952    -6016.779       32.827   260.5
4.0610        -5983.985    -6016.792       32.807   260.3
4.0615        -5984.011    -6016.809       32.799   260.2
4.0620        -5983.992    -6016.831       32.838   260.6
4.0625        -5983.986    -6016.856       32.870   260.8
4.0630        -5984.003    -6016.883       32.880   260.9
4.0635        -5983.977    -6016.911       32.935   261.3
4.0640        -5983.955    -6016.941       32.986   261.7
4.0645        -5983.945    -6016.973       33.029   262.1
4.0650        -5983.919    -6017.006       33.087   262.5
4.0655        -5983.953    -6017.039       33.086   262.5
4.0660        -5983.947    -6017.072       33.126   262.8
4.0665        -5983.904    -6017.107       33.203   263.5
4.0670        -5983.885    -6017.142       33.258   263.9
4.0675        -5983.832    -6017.178       33.346   264.6
4.0680        -5983.830    -6017.214       33.384   264.9
4.0685        -5983.800    -6017.251       33.451   265.4
4.0690        -5983.793    -6017.286       33.493   265.8
4.0695        -5983.801    -6017.321       33.520   266.0
4.0700        -5983.810    -6017.354       33.544   266.2
4.0705        -5983.767    -6017.387       33.619   266.8
4.0710        -5983.760    -6017.419       33.659   267.1
4.0715        -5983.778    -6017.451       33.673   267.2
4.0720        -5983.808    -6017.482       33.674   267.2
4.0725        -5983.786    -6017.511       33.725   267.6
4.0730        -5983.735    -6017.540       33.805   268.2
4.0735        -5983.694    -6017.568       33.874   268.8
4.0740        -5983.654    -6017.594       33.941   269.3
4.0745        -5983.612    -6017.619       34.007   269.8
4.0750        -5983.625    -6017.644       34.019   269.9
4.0755        -5983.596    -6017.667       34.071   270.3
4.0760        -5983.656    -6017.688       34.032   270.0
4.0765        -5983.688    -6017.708       34.020   269.9
4.0770        -5983.693    -6017.725       34.032   270.0
4.0775        -5983.655    -6017.740       34.086   270.5
4.0780        -5983.646    -6017.755       34.109   270.6
4.0785        -5983.625    -6017.769       34.144   270.9
4.0790        -5983.686    -6017.781       34.095   270.5
4.0795        -5983.701    -6017.791       34.090   270.5
4.0800        -5983.668    -6017.799       34.132   270.8
4.0805        -5983.652    -6017.807       34.154   271.0
4.0810        -5983.645    -6017.814       34.168   271.1
4.0815        -5983.677    -6017.820       34.143   270.9
4.0820        -5983.613    -6017.826       34.213   271.5
4.0825        -5983.594    -6017.831       34.237   271.7
4.0830        -5983.570    -6017.836       34.266   271.9
4.0835        -5983.630    -6017.840       34.210   271.4
4.0840        -5983.597    -6017.843       34.246   271.7
4.0845        -5983.604    -6017.846       34.242   271.7
4.0850        -5983.606    -6017.848       34.242   271.7
4.0855        -5983.581    -6017.849       34.268   271.9
4.0860        -5983.587    -6017.850       34.264   271.9
4.0865        -5983.592    -6017.850       34.259   271.8
4.0870        -5983.529    -6017.850       34.321   272.3
4.0875        -5983.504    -6017.849       34.345   272.5
4.0880        -5983.472    -6017.847       34.376   272.8
4.0885        -5983.437    -6017.845       34.408   273.0
4.0890        -5983.423    -6017.842       34.419   273.1
4.0895        -5983.428    -6017.838       34.410   273.0
4.0900        -5983.449    -6017.834       34.385   272.8
4.0905        -5983.422    -6017.830       34.408   273.0
4.0910        -5983.406    -6017.826       34.420   273.1
4.0915        -5983.387    -6017.821       34.434   273.2
4.0920        -5983.434    -6017.814       34.380   272.8
4.0925        -5983.384    -6017.806       34.422   273.1
4.0930        -5983.399    -6017.797       34.398   272.9
4.0935        -5983.389    -6017.787       34.398   272.9
4.0940        -5983.411    -6017.775       34.364   272.7
4.0945        -5983.422    -6017.761       34.339   272.5
4.0950        -5983.410    -6017.746       34.336   272.4
4.0955        -5983.413    -6017.729       34.316   272.3
4.0960        -5983.451    -6017.710       34.259   271.8
4.0965        -5983.515    -6017.690       34.174   271.2
4.0970        -5983.552    -6017.667       34.115   270.7
4.0975        -5983.551    -6017.643       34.092   270.5
4.0980        -5983.548    -6017.619       34.071   270.3
4.0985        -5983.513    -6017.593       34.080   270.4
4.0990        -5983.547    -6017.566       34.019   269.9
4.0995        -5983.588    -6017.536       33.948   269.4
4.1000        -5983.564    -6017.504       33.940   269.3
4.1005        -5983.552    -6017.470       33.917   269.1
4.1010        -5983.578    -6017.436       33.858   268.7
4.1015        -5983.548    -6017.401       33.853   268.6
4.1020        -5983.497    -6017.365       33.868   268.7
4.1025        -5983.500    -6017.329       33.829   268.4
4.1030        -5983.501    -6017.293       33.792   268.1
4.1035        -5983.526    -6017.257       33.731   267.6
4.1040        -5983.512    -6017.222       33.710   267.5
4.1045        -5983.527    -6017.188       33.661   267.1
4.1050        -5983.497    -6017.154       33.657   267.1
4.1055        -5983.493    -6017.120       33.627   266.8
4.1060        -5983.459    -6017.087       33.628   266.8
4.1065        -5983.467    -6017.056       33.590   266.5
4.1070        -5983.450    -6017.027       33.577   266.4
4.1075        -5983.460    -6016.999       33.538   266.1
4.1080        -5983.453    -6016.971       33.518   266.0
4.1085        -5983.482    -6016.944       33.462   265.5
4.1090        -5983.444    -6016.918       33.475   265.6
4.1095        -5983.463    -6016.895       33.432   265.3
4.1100        -5983.425    -6016.872       33.447   265.4
4.1105        -5983.425    -6016.851       33.427   265.2
4.1110        -5983.397    -6016.833       33.435   265.3
4.1115        -5983.369    -6016.815       33.446   265.4
4.1120        -5983.397    -6016.801       33.404   265.1
4.1125        -5983.386    -6016.790       33.404   265.0
4.1130        -5983.412    -6016.779       33.367   264.8
4.1135        -5983.385    -6016.768       33.383   264.9
4.1140        -5983.425    -6016.758       33.333   264.5
4.1145        -5983.539    -6016.750       33.211   263.5
4.1150        -5983.545    -6016.743       33.198   263.4
4.1155        -5983.621    -6016.736       33.116   262.8
4.1160        -5983.646    -6016.731       33.085   262.5
4.1165        -5983.622    -6016.727       33.104   262.7
4.1170        -5983.615    -6016.724       33.108   262.7
4.1175        -5983.657    -6016.720       33.064   262.4
4.1180        -5983.647    -6016.718       33.071   262.4
4.1185        -5983.653    -6016.717       33.064   262.4
4.1190        -5983.686    -6016.715       33.030   262.1
4.1195        -5983.684    -6016.714       33.030   262.1
4.1200        -5983.644    -6016.712       33.068   262.4
4.1205        -5983.594    -6016.711       33.116   262.8
4.1210        -5983.593    -6016.710       33.117   262.8
4.1215        -5983.555    -6016.708       33.154   263.1
4.1220        -5983.539    -6016.706       33.167   263.2
4.1225        -5983.549    -6016.704       33.155   263.1
4.1230        -5983.547    -6016.701       33.154   263.1
4.1235        -5983.539    -6016.699       33.160   263.1
4.1240        -5983.528    -6016.697       33.169   263.2
4.1245        -5983.512    -6016.695       33.183   263.3
4.1250        -5983.519    -6016.694       33.175   263.2
4.1255        -5983.511    -6016.694       33.183   263.3
4.1260        -5983.450    -6016.695       33.244   263.8
4.1265        -5983.440    -6016.697       33.256   263.9
4.1270        -5983.480    -6016.701       33.220   263.6
4.1275        -5983.464    -6016.706       33.242   263.8
4.1280        -5983.455    -6016.712       33.257   263.9
4.1285        -5983.484    -6016.720       33.236   263.7
4.1290        -5983.509    -6016.727       33.218   263.6
4.1295        -5983.514    -6016.736       33.222   263.6
4.1300        -5983.465    -6016.747       33.281   264.1
4.1305        -5983.476    -6016.758       33.282   264.1
4.1310        -5983.517    -6016.772       33.254   263.9
4.1315        -5983.539    -6016.788       33.249   263.8
4.1320        -5983.539    -6016.807       33.268   264.0
4.1325        -5983.520    -6016.827       33.308   264.3
4.1330        -5983.533    -6016.849       33.316   264.4
4.1335        -5983.520    -6016.872       33.352   264.6
4.1340        -5983.548    -6016.896       33.348   264.6
4.1345        -5983.508    -6016.921       33.412   265.1
4.1350        -5983.524    -6016.944       33.420   265.2
4.1355        -5983.488    -6016.966       33.478   265.6
4.1360        -5983.489    -6016.986       33.498   265.8
4.1365        -5983.454    -6017.005       33.551   266.2
4.1370        -5983.462    -6017.022       33.560   266.3
4.1375        -5983.447    -6017.037       33.591   266.5
4.1380        -5983.486    -6017.049       33.563   266.3
4.1385        -5983.502    -6017.058       33.557   266.3
4.1390        -5983.482    -6017.064       33.582   266.5
4.1395        -5983.499    -6017.066       33.567   266.3
4.1400        -5983.498    -6017.066       33.568   266.4
4.1405        -5983.491    -6017.063       33.572   266.4
4.1410        -5983.469    -6017.060       33.591   266.5
4.1415        -5983.469    -6017.053       33.584   266.5
4.1420        -5983.495    -6017.046       33.551   266.2
4.1425        -5983.536    -6017.036       33.500   265.8
4.1430        -5983.461    -6017.023       33.562   266.3
4.1435        -5983.504    -6017.009       33.504   265.8
4.1440        -5983.462    -6016.991       33.530   266.0
4.1445        -5983.435    -6016.972       33.537   266.1
4.1450        -5983.463    -6016.952       33.488   265.7
4.1455        -5983.422    -6016.931       33.510   265.9
4.1460        -5983.458    -6016.909       33.451   265.4
4.1465        -5983.453    -6016.887       33.434   265.3
4.1470        -5983.491    -6016.865       33.374   264.8
4.1475        -5983.496    -6016.842       33.345   264.6
4.1480        -5983.471    -6016.819       33.348   264.6
4.1485        -5983.498    -6016.795       33.297   264.2
4.1490        -5983.459    -6016.772       33.314   264.3
4.1495        -5983.452    -6016.750       33.298   264.2
4.1500        -5983.462    -6016.729       33.268   264.0
4.1505        -5983.429    -6016.711       33.282   264.1
4.1510        -5983.402    -6016.695       33.293   264.2
4.1515        -5983.418    -6016.682       33.264   263.9
4.1520        -5983.453    -6016.670       33.217   263.6
4.1525        -5983.439    -6016.662       33.223   263.6
4.1530        -5983.439    -6016.657       33.218   263.6
4.1535        -5983.401    -6016.655       33.254   263.9
4.1540        -5983.345    -6016.655       33.310   264.3
4.1545        -5983.310    -6016.658       33.348   264.6
4.1550        -5983.341    -6016.663       33.323   264.4
4.1555        -5983.363    -6016.670       33.307   264.3
4.1560        -5983.371    -6016.679       33.308   264.3
4.1565        -5983.399    -6016.689       33.291   264.2
4.1570        -5983.363    -6016.700       33.337   264.5
4.1575        -5983.370    -6016.714       33.343   264.6
4.1580        -5983.357    -6016.728       33.371   264.8
4.1585        -5983.299    -6016.743       33.444   265.4
4.1590        -5983.336    -6016.759       33.423   265.2
4.1595        -5983.350    -6016.776       33.426   265.2
4.1600        -5983.319    -6016.795       33.476   265.6
4.1605        -5983.354    -6016.816       33.461   265.5
4.1610        -5983.329    -6016.837       33.509   265.9
4.1615        -5983.333    -6016.861       33.528   266.0
4.1620        -5983.324    -6016.887       33.563   266.3
4.1625        -5983.338    -6016.913       33.575   266.4
4.1630        -5983.365    -6016.941       33.576   266.4
4.1635        -5983.378    -6016.971       33.593   266.5
4.1640        -5983.374    -6017.001       33.627   266.8
4.1645        -5983.343    -6017.032       33.690   267.3
4.1650        -5983.349    -6017.064       33.715   267.5
4.1655        -5983.360    -6017.096       33.736   267.7
4.1660        -5983.401    -6017.127       33.726   267.6
4.1665        -5983.429    -6017.158       33.728   267.6
4.1670        -5983.440    -6017.188       33.748   267.8
4.1675        -5983.406    -6017.217       33.811   268.3
4.1680        -5983.424    -6017.246       33.822   268.4
4.1685        -5983.423    -6017.276       33.853   268.6
4.1690        -5983.470    -6017.304       33.834   268.5
4.1695        -5983.472    -6017.334       33.862   268.7
4.1700        -5983.509    -6017.364       33.855   268.6
4.1705        -5983.532    -6017.394       33.862   268.7
4.1710        -5983.536    -6017.424       33.888   268.9
4.1715        -5983.521    -6017.454       33.933   269.2
4.1720        -5983.502    -6017.483       33.982   269.6
4.1725        -5983.549    -6017.512       33.963   269.5
4.1730        -5983.514    -6017.541       34.027   270.0
4.1735        -5983.500    -6017.569       34.070   270.3
4.1740        -5983.467    -6017.597       34.130   270.8
4.1745        -5983.412    -6017.623       34.211   271.5
4.1750        -5983.445    -6017.648       34.203   271.4
4.1755        -5983.426    -6017.672       34.246   271.7
4.1760        -5983.396    -6017.695       34.299   272.2
4.1765        -5983.387    -6017.717       34.331   272.4
4.1770        -5983.397    -6017.738       34.341   272.5
4.1775        -5983.429    -6017.756       34.327   272.4
4.1780        -5983.478    -6017.772       34.293   272.1
4.1785        -5983.511    -6017.784       34.272   271.9
4.1790        -5983.567    -6017.794       34.226   271.6
4.1795        -5983.610    -6017.800       34.190   271.3
4.1800        -5983.622    -6017.804       34.182   271.2
4.1805        -5983.587    -6017.805       34.218   271.5
4.1810        -5983.574    -6017.805       34.231   271.6
4.1815        -5983.605    -6017.803       34.198   271.3
4.1820        -5983.572    -6017.798       34.226   271.6
4.1825        -5983.538    -6017.792       34.254   271.8
4.1830        -5983.508    -6017.782       34.274   272.0
4.1835        -5983.540    -6017.770       34.230   271.6
4.1840        -5983.537    -6017.754       34.217   271.5
4.1845        -5983.524    -6017.735       34.211   271.5
4.1850        -5983.572    -6017.714       34.142   270.9
4.1855        -5983.557    -6017.690       34.134   270.8
4.1860        -5983.543    -6017.665       34.122   270.8
4.1865        -5983.551    -6017.639       34.088   270.5
4.1870        -5983.545    -6017.611       34.066   270.3
4.1875        -5983.527    -6017.583       34.056   270.2
4.1880        -5983.497    -6017.553       34.057   270.2
4.1885        -5983.470    -6017.523       34.053   270.2
4.1890        -5983.501    -6017.492       33.991   269.7
4.1895        -5983.482    -6017.462       33.980   269.6
4.1900        -5983.479    -6017.434       33.955   269.4
4.1905        -5983.499    -6017.405       33.906   269.0
4.1910        -5983.499    -6017.377       33.878   268.8
4.1915        -5983.508    -6017.350       33.842   268.5
4.1920        -5983.476    -6017.325       33.849   268.6
4.1925        -5983.523    -6017.304       33.781   268.0
4.1930        -5983.516    -6017.285       33.769   267.9
4.1935        -5983.534    -6017.269       33.734   267.7
4.1940        -5983.552    -6017.255       33.703   267.4
4.1945        -5983.603    -6017.245       33.643   266.9
4.1950        -5983.574    -6017.239       33.665   267.1
4.1955        -5983.561    -6017.236       33.676   267.2
4.1960        -5983.537    -6017.236       33.699   267.4
4.1965        -5983.530    -6017.238       33.708   267.5
4.1970        -5983.539    -6017.242       33.703   267.4
4.1975        -5983.502    -6017.250       33.747   267.8
4.1980        -5983.502    -6017.260       33.758   267.9
4.1985        -5983.476    -6017.272       33.797   268.2
4.1990        -5983.501    -6017.287       33.786   268.1
4.1995        -5983.515    -6017.303       33.788   268.1
4.2000        -5983.533    -6017.321       33.788   268.1
4.2005        -5983.509    -6017.342       33.832   268.4
4.2010        -5983.470    -6017.364       33.894   268.9
4.2015        -5983.493    -6017.386       33.893   268.9
4.2020        -5983.502    -6017.411       33.908   269.1
4.2025        -5983.517    -6017.436       33.919   269.1
4.2030        -5983.530    -6017.461       33.931   269.2
4.2035        -5983.528    -6017.488       33.960   269.5
4.2040        -5983.517    -6017.517       34.000   269.8
4.2045        -5983.520    -6017.547       34.027   270.0
4.2050        -5983.550    -6017.577       34.027   270.0
4.2055        -5983.552    -6017.608       34.056   270.2
4.2060        -5983.501    -6017.640       34.139   270.9
4.2065        -5983.489    -6017.671       34.183   271.2
4.2070        -5983.438    -6017.702       34.265   271.9
4.2075        -5983.421    -6017.733       34.311   272.2
4.2080        -5983.409    -6017.763       34.354   272.6
4.2085        -5983.400    -6017.791       34.391   272.9
4.2090        -5983.413    -6017.819       34.406   273.0
4.2095        -5983.390    -6017.846       34.457   273.4
4.2100        -5983.331    -6017.874       34.543   274.1
4.2105        -5983.314    -6017.901       34.587   274.4
4.2110        -5983.282    -6017.927       34.646   274.9
4.2115        -5983.291    -6017.954       34.662   275.0
4.2120        -5983.305    -6017.979       34.674   275.1
4.2125        -5983.236    -6018.004       34.768   275.9
4.2130        -5983.168    -6018.026       34.858   276.6
4.2135        -5983.217    -6018.046       34.829   276.4
4.2140        -5983.225    -6018.063       34.839   276.4
4.2145        -5983.201    -6018.079       34.878   276.7
4.2150        -5983.191    -6018.092       34.901   276.9
4.2155        -5983.192    -6018.102       34.910   277.0
4.2160        -5983.158    -6018.107       34.950   277.3
4.2165        -5983.117    -6018.109       34.992   277.7
4.2170        -5983.120    -6018.107       34.988   277.6
4.2175        -5983.083    -6018.103       35.020   277.9
4.2180        -5983.114    -6018.095       34.980   277.6
4.2185        -5983.098    -6018.084       34.986   277.6
4.2190        -5983.065    -6018.069       35.005   277.8
4.2195        -5983.063    -6018.052       34.990   277.6
4.2200        -5983.061    -6018.032       34.971   277.5
4.2205        -5983.116    -6018.010       34.894   276.9
4.2210        -5983.127    -6017.986       34.859   276.6
4.2215        -5983.133    -6017.961       34.828   276.4
4.2220        -5983.173    -6017.935       34.762   275.8
4.2225        -5983.134    -6017.909       34.775   275.9
4.2230        -5983.111    -6017.881       34.771   275.9
4.2235        -5983.114    -6017.853       34.739   275.6
4.2240        -5983.108    -6017.825       34.717   275.5
4.2245        -5983.119    -6017.797       34.678   275.2
4.2250        -5983.114    -6017.769       34.655   275.0
4.2255        -5983.101    -6017.740       34.639   274.8
4.2260        -5983.132    -6017.708       34.576   274.4
4.2265        -5983.187    -6017.677       34.490   273.7
4.2270        -5983.189    -6017.646       34.457   273.4
4.2275        -5983.166    -6017.615       34.449   273.3
4.2280        -5983.173    -6017.584       34.411   273.0
4.2285        -5983.133    -6017.553       34.420   273.1
4.2290        -5983.183    -6017.522       34.339   272.5
4.2295        -5983.198    -6017.491       34.293   272.1
4.2300        -5983.155    -6017.460       34.305   272.2
4.2305        -5983.158    -6017.430       34.272   271.9
4.2310        -5983.162    -6017.400       34.239   271.7
4.2315        -5983.154    -6017.371       34.217   271.5
4.2320        -5983.183    -6017.342       34.158   271.0
4.2325        -5983.183    -6017.313       34.130   270.8
4.2330        -5983.176    -6017.284       34.109   270.6
4.2335        -5983.111    -6017.257       34.145   270.9
4.2340        -5983.073    -6017.229       34.156   271.0
4.2345        -5983.032    -6017.203       34.171   271.1
4.2350        -5983.020    -6017.177       34.157   271.0
4.2355        -5983.064    -6017.153       34.089   270.5
4.2360        -5983.073    -6017.130       34.057   270.2
4.2365        -5983.086    -6017.109       34.023   270.0
4.2370        -5983.121    -6017.089       33.968   269.5
4.2375        -5983.120    -6017.072       33.952   269.4
4.2380        -5983.131    -6017.057       33.926   269.2
4.2385        -5983.133    -6017.046       33.913   269.1
4.2390        -5983.145    -6017.039       33.894   268.9
4.2395        -5983.128    -6017.035       33.907   269.0
4.2400        -5983.146    -6017.035       33.889   268.9
4.2405        -5983.185    -6017.039       33.854   268.6
4.2410        -5983.167    -6017.047       33.880   268.8
4.2415        -5983.139    -6017.059       33.919   269.1
4.2420        -5983.131    -6017.073       33.942   269.3
4.2425        -5983.114    -6017.091       33.977   269.6
4.2430        -5983.119    -6017.112       33.994   269.7
4.2435        -5983.081    -6017.137       34.056   270.2
4.2440        -5983.102    -6017.165       34.062   270.3
4.2445        -5983.077    -6017.196       34.119   270.7
4.2450        -5983.014    -6017.231       34.217   271.5
4.2455        -5982.972    -6017.269       34.297   272.1
4.2460        -5982.950    -6017.308       34.359   272.6
4.2465        -5982.987    -6017.351       34.364   272.7
4.2470        -5983.010    -6017.396       34.386   272.8
4.2475        -5982.997    -6017.442       34.445   273.3
4.2480        -5983.015    -6017.490       34.476   273.6
4.2485        -5983.019    -6017.541       34.522   273.9
4.2490        -5982.997    -6017.592       34.596   274.5
4.2495        -5983.051    -6017.646       34.595   274.5
4.2500        -5983.057    -6017.699       34.642   274.9
4.2505        -5983.079    -6017.751       34.673   275.1
4.2510        -5983.021    -6017.803       34.782   276.0
4.2515        -5983.007    -6017.853       34.845   276.5
4.2520        -5982.986    -6017.901       34.914   277.0
4.2525        -5982.983    -6017.946       34.963   277.4
4.2530        -5982.962    -6017.989       35.027   277.9
4.2535        -5982.919    -6018.029       35.110   278.6
4.2540        -5982.988    -6018.066       35.077   278.3
4.2545        -5983.022    -6018.099       35.076   278.3
4.2550        -5983.053    -6018.127       35.074   278.3
4.2555        -5983.053    -6018.150       35.097   278.5
4.2560        -5983.086    -6018.169       35.083   278.4
4.2565        -5983.110    -6018.183       35.073   278.3
4.2570        -5983.130    -6018.192       35.063   278.2
4.2575        -5983.164    -6018.199       35.035   278.0
4.2580        -5983.194    -6018.201       35.007   277.8
4.2585        -5983.179    -6018.200       35.021   277.9
4.2590        -5983.148    -6018.195       35.047   278.1
4.2595        -5983.189    -6018.185       34.996   277.7
4.2600        -5983.207    -6018.172       34.966   277.4
4.2605        -5983.189    -6018.156       34.967   277.5
4.2610        -5983.214    -6018.136       34.921   277.1
4.2615        -5983.202    -6018.112       34.911   277.0
4.2620        -5983.151    -6018.086       34.935   277.2
4.2625        -5983.086    -6018.057       34.971   277.5
4.2630        -5983.091    -6018.026       34.935   277.2
4.2635        -5983.105    -6017.992       34.888   276.8
4.2640        -5983.107    -6017.956       34.849   276.5
4.2645        -5983.090    -6017.917       34.827   276.3
4.2650        -5983.133    -6017.875       34.741   275.7
4.2655        -5983.176    -6017.831       34.655   275.0
4.2660        -5983.198    -6017.785       34.586   274.4
4.2665        -5983.213    -6017.738       34.525   273.9
4.2670        -5983.240    -6017.692       34.452   273.4
4.2675        -5983.220    -6017.645       34.425   273.2
4.2680        -5983.274    -6017.596       34.322   272.3
4.2685        -5983.235    -6017.547       34.312   272.3
4.2690        -5983.218    -6017.498       34.280   272.0
4.2695        -5983.226    -6017.449       34.223   271.5
4.2700        -5983.241    -6017.399       34.158   271.0
4.2705        -5983.256    -6017.349       34.093   270.5
4.2710        -5983.239    -6017.299       34.060   270.3
4.2715        -5983.237    -6017.249       34.012   269.9
4.2720        -5983.289    -6017.200       33.911   269.1
4.2725        -5983.278    -6017.152       33.874   268.8
4.2730        -5983.276    -6017.106       33.829   268.4
4.2735        -5983.299    -6017.061       33.762   267.9
4.2740        -5983.313    -6017.019       33.706   267.4
4.2745        -5983.275    -6016.978       33.703   267.4
4.2750        -5983.281    -6016.939       33.658   267.1
4.2755        -5983.223    -6016.902       33.679   267.2
4.2760        -5983.244    -6016.867       33.623   266.8
4.2765        -5983.203    -6016.835       33.631   266.9
4.2770        -5983.151    -6016.804       33.653   267.0
4.2775        -5983.178    -6016.775       33.597   266.6
4.2780        -5983.184    -6016.747       33.563   266.3
4.2785        -5983.152    -6016.720       33.568   266.4
4.2790        -5983.176    -6016.694       33.517   266.0
4.2795        -5983.148    -6016.668       33.520   266.0
4.2800        -5983.135    -6016.642       33.507   265.9
4.2805        -5983.138    -6016.618       33.480   265.7
4.2810        -5983.125    -6016.594       33.469   265.6
4.2815        -5983.092    -6016.571       33.479   265.6
4.2820        -5983.100    -6016.546       33.446   265.4
4.2825        -5983.143    -6016.523       33.380   264.9
4.2830        -5983.185    -6016.498       33.314   264.3
4.2835        -5983.170    -6016.475       33.305   264.3
4.2840        -5983.200    -6016.451       33.251   263.8
4.2845        -5983.206    -6016.429       33.223   263.6
4.2850        -5983.192    -6016.407       33.215   263.6
4.2855        -5983.189    -6016.386       33.197   263.4
4.2860        -5983.198    -6016.367       33.168   263.2
4.2865        -5983.182    -6016.349       33.167   263.2
4.2870        -5983.177    -6016.333       33.156   263.1
4.2875        -5983.144    -6016.318       33.174   263.2
4.2880        -5983.191    -6016.304       33.113   262.7
4.2885        -5983.191    -6016.291       33.101   262.6
4.2890        -5983.218    -6016.279       33.061   262.3
4.2895        -5983.207    -6016.268       33.061   262.3
4.2900        -5983.235    -6016.259       33.024   262.0
4.2905        -5983.201    -6016.250       33.049   262.2
4.2910        -5983.211    -6016.242       33.031   262.1
4.2915        -5983.206    -6016.236       33.030   262.1
4.2920        -5983.184    -6016.229       33.046   262.2
4.2925        -5983.170    -6016.222       33.052   262.3
4.2930        -5983.170    -6016.215       33.045   262.2
4.2935        -5983.180    -6016.208       33.028   262.1
4.2940        -5983.179    -6016.200       33.022   262.0
4.2945        -5983.186    -6016.194       33.008   261.9
4.2950        -5983.201    -6016.189       32.988   261.7
4.2955        -5983.195    -6016.183       32.988   261.8
4.2960        -5983.146    -6016.178       33.032   262.1
4.2965        -5983.145    -6016.174       33.030   262.1
4.2970        -5983.110    -6016.171       33.061   262.3
4.2975        -5983.079    -6016.168       33.088   262.5
4.2980        -5983.069    -6016.165       33.095   262.6
4.2985        -5983.050    -6016.163       33.112   262.7
4.2990        -5983.039    -6016.163       33.124   262.8
4.2995        -5983.030    -6016.165       33.135   262.9
4.3000        -5983.024    -6016.170       33.146   263.0
4.3005        -5983.030    -6016.176       33.146   263.0
4.3010        -5983.001    -6016.185       33.184   263.3
4.3015        -5982.972    -6016.196       33.224   263.6
4.3020        -5982.970    -6016.207       33.237   263.7
4.3025        -5982.945    -6016.220       33.275   264.0
4.3030        -5982.996    -6016.235       33.239   263.7
4.3035        -5983.038    -6016.250       33.212   263.5
4.3040        -5983.039    -6016.266       33.227   263.6
4.3045        -5982.987    -6016.281       33.294   264.2
4.3050        -5982.932    -6016.296       33.364   264.7
4.3055        -5982.928    -6016.311       33.383   264.9
4.3060        -5982.923    -6016.325       33.402   265.0
4.3065        -5982.943    -6016.337       33.395   265.0
4.3070        -5982.911    -6016.349       33.438   265.3
4.3075        -5982.902    -6016.361       33.459   265.5
4.3080        -5982.850    -6016.372       33.522   266.0
4.3085        -5982.808    -6016.382       33.574   266.4
4.3090        -5982.817    -6016.393       33.576   266.4
4.3095        -5982.805    -6016.402       33.597   266.6
4.3100        -5982.807    -6016.411       33.604   266.6
4.3105        -5982.800    -6016.419       33.619   266.8
4.3110        -5982.781    -6016.426       33.645   267.0
4.3115        -5982.805    -6016.432       33.627   266.8
4.3120        -5982.774    -6016.438       33.664   267.1
4.3125        -5982.807    -6016.442       33.635   266.9
4.3130        -5982.810    -6016.446       33.636   266.9
4.3135        -5982.808    -6016.449       33.641   266.9
4.3140        -5982.824    -6016.450       33.626   266.8
4.3145        -5982.821    -6016.451       33.630   266.8
4.3150        -5982.864    -6016.451       33.587   266.5
4.3155        -5982.857    -6016.449       33.591   266.5
4.3160        -5982.855    -6016.445       33.590   266.5
4.3165        -5982.816    -6016.439       33.622   266.8
4.3170        -5982.848    -6016.431       33.583   266.5
4.3175        -5982.840    -6016.421       33.581   266.5
4.3180        -5982.872    -6016.409       33.538   266.1
4.3185        -5982.887    -6016.396       33.509   265.9
4.3190        -5982.862    -6016.381       33.518   266.0
4.3195        -5982.796    -6016.365       33.568   266.4
4.3200        -5982.805    -6016.348       33.542   266.1
4.3205        -5982.786    -6016.329       33.544   266.2
4.3210        -5982.845    -6016.312       33.467   265.6
4.3215        -5982.828    -6016.294       33.466   265.5
4.3220        -5982.790    -6016.276       33.487   265.7
4.3225        -5982.788    -6016.260       33.471   265.6
4.3230        -5982.784    -6016.244       33.460   265.5
4.3235        -5982.750    -6016.229       33.479   265.6
4.3240        -5982.753    -6016.216       33.463   265.5
4.3245        -5982.711    -6016.204       33.493   265.8
4.3250        -5982.686    -6016.195       33.509   265.9
4.3255        -5982.717    -6016.187       33.470   265.6
4.3260        -5982.729    -6016.181       33.451   265.4
4.3265        -5982.770    -6016.177       33.406   265.1
4.3270        -5982.759    -6016.176       33.418   265.2
4.3275        -5982.752    -6016.179       33.427   265.2
4.3280        -5982.694    -6016.185       33.490   265.7
4.3285        -5982.700    -6016.193       33.493   265.8
4.3290        -5982.721    -6016.205       33.485   265.7
4.3295        -5982.707    -6016.221       33.514   265.9
4.3300        -5982.662    -6016.241       33.579   266.4
4.3305        -5982.630    -6016.264       33.634   266.9
4.3310        -5982.649    -6016.290       33.641   266.9
4.3315        -5982.654    -6016.319       33.664   267.1
4.3320        -5982.692    -6016.350       33.659   267.1
4.3325        -5982.673    -6016.385       33.713   267.5
4.3330        -5982.638    -6016.423       33.785   268.1
4.3335        -5982.636    -6016.463       33.827   268.4
4.3340        -5982.643    -6016.505       33.862   268.7
4.3345        -5982.622    -6016.548       33.925   269.2
4.3350        -5982.608    -6016.591       33.984   269.7
4.3355        -5982.650    -6016.636       33.986   269.7
4.3360        -5982.697    -6016.681       33.984   269.7
4.3365        -5982.707    -6016.727       34.020   269.9
4.3370        -5982.666    -6016.775       34.108   270.6
4.3375        -5982.701    -6016.822       34.122   270.7
4.3380        -5982.671    -6016.868       34.197   271.3
4.3385        -5982.647    -6016.913       34.266   271.9
4.3390        -5982.669    -6016.956       34.287   272.1
4.3395        -5982.672    -6016.997       34.325   272.4
4.3400        -5982.677    -6017.037       34.360   272.6
4.3405        -5982.656    -6017.075       34.419   273.1
4.3410        -5982.654    -6017.111       34.457   273.4
4.3415        -5982.675    -6017.145       34.470   273.5
4.3420        -5982.628    -6017.178       34.551   274.1
4.3425        -5982.633    -6017.209       34.576   274.4
4.3430        -5982.671    -6017.238       34.567   274.3
4.3435        -5982.629    -6017.265       34.636   274.8
4.3440        -5982.631    -6017.290       34.659   275.0
4.3445        -5982.619    -6017.313       34.694   275.3
4.3450        -5982.612    -6017.333       34.721   275.5
4.3455        -5982.617    -6017.350       34.734   275.6
4.3460        -5982.655    -6017.366       34.711   275.4
4.3465        -5982.680    -6017.380       34.700   275.3
4.3470        -5982.702    -6017.392       34.691   275.3
4.3475        -5982.751    -6017.402       34.652   274.9
4.3480        -5982.770    -6017.409       34.638   274.8
4.3485        -5982.806    -6017.412       34.606   274.6
4.3490        -5982.841    -6017.412       34.571   274.3
4.3495        -5982.876    -6017.410       34.534   274.0
4.3500        -5982.864    -6017.405       34.541   274.1
4.3505        -5982.827    -6017.396       34.569   274.3
4.3510        -5982.765    -6017.384       34.619   274.7
4.3515        -5982.793    -6017.369       34.576   274.4
4.3520        -5982.840    -6017.351       34.511   273.8
4.3525        -5982.747    -6017.328       34.581   274.4
4.3530        -5982.747    -6017.302       34.555   274.2
4.3535        -5982.758    -6017.272       34.514   273.9
4.3540        -5982.750    -6017.238       34.488   273.7
4.3545        -5982.745    -6017.201       34.456   273.4
4.3550        -5982.787    -6017.161       34.374   272.7
4.3555        -5982.772    -6017.118       34.346   272.5
4.3560        -5982.812    -6017.074       34.262   271.9
4.3565        -5982.771    -6017.029       34.258   271.8
4.3570        -5982.799    -6016.983       34.184   271.2
4.3575        -5982.796    -6016.936       34.139   270.9
4.3580        -5982.816    -6016.888       34.071   270.3
4.3585        -5982.905    -6016.840       33.936   269.3
4.3590        -5982.875    -6016.793       33.919   269.1
4.3595        -5982.858    -6016.748       33.890   268.9
4.3600        -5982.840    -6016.704       33.864   268.7
4.3605        -5982.882    -6016.662       33.780   268.0
4.3610        -5982.863    -6016.622       33.759   267.9
4.3615        -5982.856    -6016.583       33.728   267.6
4.3620        -5982.828    -6016.547       33.719   267.6
4.3625        -5982.786    -6016.512       33.726   267.6
4.3630        -5982.762    -6016.480       33.718   267.5
4.3635        -5982.756    -6016.451       33.695   267.4
4.3640        -5982.763    -6016.424       33.662   267.1
4.3645        -5982.711    -6016.402       33.691   267.3
4.3650        -5982.699    -6016.382       33.683   267.3
4.3655        -5982.691    -6016.365       33.674   267.2
4.3660        -5982.679    -6016.350       33.671   267.2
4.3665        -5982.667    -6016.338       33.671   267.2
4.3670        -5982.681    -6016.330       33.649   267.0
4.3675        -5982.686    -6016.327       33.641   266.9
4.3680        -5982.643    -6016.327       33.683   267.3
4.3685        -5982.627    -6016.330       33.703   267.4
4.3690        -5982.589    -6016.337       33.748   267.8
4.3695        -5982.580    -6016.348       33.768   267.9
4.3700        -5982.584    -6016.364       33.780   268.0
4.3705        -5982.598    -6016.383       33.786   268.1
4.3710        -5982.673    -6016.408       33.735   267.7
4.3715        -5982.729    -6016.436       33.707   267.5
4.3720        -5982.732    -6016.469       33.737   267.7
4.3725        -5982.740    -6016.506       33.766   267.9
4.3730        -5982.700    -6016.545       33.845   268.6
4.3735        -5982.759    -6016.587       33.828   268.4
4.3740        -5982.729    -6016.631       33.902   269.0
4.3745        -5982.810    -6016.676       33.865   268.7
4.3750        -5982.801    -6016.722       33.921   269.2
4.3755        -5982.816    -6016.769       33.952   269.4
4.3760        -5982.786    -6016.816       34.029   270.0
4.3765        -5982.824    -6016.864       34.039   270.1
4.3770        -5982.805    -6016.911       34.106   270.6
4.3775        -5982.807    -6016.958       34.151   271.0
4.3780        -5982.802    -6017.006       34.204   271.4
4.3785        -5982.776    -6017.052       34.277   272.0
4.3790        -5982.743    -6017.097       34.354   272.6
4.3795        -5982.688    -6017.139       34.451   273.4
4.3800        -5982.635    -6017.178       34.543   274.1
4.3805        -5982.689    -6017.215       34.525   273.9
4.3810        -5982.697    -6017.248       34.551   274.2
4.3815        -5982.723    -6017.279       34.557   274.2
4.3820        -5982.804    -6017.307       34.503   273.8
4.3825        -5982.763    -6017.330       34.567   274.3
4.3830        -5982.762    -6017.349       34.587   274.4
4.3835        -5982.765    -6017.364       34.599   274.5
4.3840        -5982.740    -6017.375       34.636   274.8
4.3845        -5982.728    -6017.383       34.655   275.0
4.3850        -5982.745    -6017.386       34.641   274.9
4.3855        -5982.771    -6017.385       34.613   274.6
4.3860        -5982.739    -6017.382       34.643   274.9
4.3865        -5982.729    -6017.375       34.647   274.9
4.3870        -5982.709    -6017.366       34.657   275.0
4.3875        -5982.665    -6017.353       34.687   275.2
4.3880        -5982.664    -6017.335       34.672   275.1
4.3885        -5982.691    -6017.315       34.624   274.7
4.3890        -5982.704    -6017.292       34.588   274.4
4.3895        -5982.707    -6017.266       34.559   274.2
4.3900        -5982.698    -6017.238       34.540   274.1
4.3905        -5982.699    -6017.208       34.509   273.8
4.3910        -5982.695    -6017.173       34.478   273.6
4.3915        -5982.713    -6017.136       34.422   273.1
4.3920        -5982.704    -6017.097       34.393   272.9
4.3925        -5982.679    -6017.056       34.377   272.8
4.3930        -5982.638    -6017.013       34.374   272.8
4.3935        -5982.609    -6016.968       34.359   272.6
4.3940        -5982.611    -6016.922       34.310   272.2
4.3945        -5982.643    -6016.873       34.230   271.6
4.3950        -5982.664    -6016.823       34.160   271.0
4.3955        -5982.656    -6016.772       34.116   270.7
4.3960        -5982.670    -6016.719       34.048   270.2
4.3965        -5982.684    -6016.664       33.981   269.6
4.3970        -5982.652    -6016.609       33.958   269.4
4.3975        -5982.690    -6016.555       33.865   268.7
4.3980        -5982.701    -6016.503       33.802   268.2
4.3985        -5982.652    -6016.450       33.798   268.2
4.3990        -5982.580    -6016.397       33.817   268.3
4.3995        -5982.561    -6016.347       33.786   268.1
4.4000        -5982.560    -6016.298       33.738   267.7
4.4005        -5982.601    -6016.253       33.651   267.0
4.4010        -5982.561    -6016.210       33.649   267.0
4.4015        -5982.479    -6016.168       33.690   267.3
4.4020        -5982.476    -6016.129       33.653   267.0
4.4025        -5982.494    -6016.092       33.599   266.6
4.4030        -5982.507    -6016.059       33.551   266.2
4.4035        -5982.489    -6016.028       33.539   266.1
4.4040        -5982.450    -6016.002       33.552   266.2
4.4045        -5982.471    -6015.980       33.509   265.9
4.4050        -5982.443    -6015.962       33.519   266.0
4.4055        -5982.472    -6015.948       33.476   265.6
4.4060        -5982.409    -6015.938       33.529   266.0
4.4065        -5982.405    -6015.932       33.527   266.0
4.4070        -5982.371    -6015.931       33.560   266.3
4.4075        -5982.371    -6015.934       33.563   266.3
4.4080        -5982.342    -6015.940       33.599   266.6
4.4085        -5982.370    -6015.951       33.581   266.5
4.4090        -5982.449    -6015.965       33.516   265.9
4.4095        -5982.419    -6015.983       33.563   266.3
4.4100        -5982.403    -6016.002       33.599   266.6
4.4105        -5982.333    -6016.025       33.692   267.3
4.4110        -5982.285    -6016.051       33.766   267.9
4.4115        -5982.262    -6016.078       33.816   268.3
4.4120        -5982.297    -6016.106       33.810   268.3
4.4125        -5982.285    -6016.137       33.851   268.6
4.4130        -5982.288    -6016.169       33.881   268.8
4.4135        -5982.300    -6016.201       33.901   269.0
4.4140        -5982.288    -6016.232       33.944   269.3
4.4145        -5982.265    -6016.263       33.998   269.8
4.4150        -5982.242    -6016.293       34.051   270.2
4.4155        -5982.173    -6016.322       34.149   271.0
4.4160        -5982.200    -6016.351       34.151   271.0
4.4165        -5982.202    -6016.378       34.176   271.2
4.4170        -5982.205    -6016.404       34.199   271.4
4.4175        -5982.206    -6016.428       34.222   271.5
4.4180        -5982.161    -6016.450       34.290   272.1
4.4185        -5982.196    -6016.471       34.275   272.0
4.4190        -5982.196    -6016.491       34.295   272.1
4.4195        -5982.179    -6016.509       34.330   272.4
4.4200        -5982.187    -6016.524       34.337   272.5
4.4205        -5982.133    -6016.539       34.405   273.0
4.4210        -5982.139    -6016.552       34.413   273.1
4.4215        -5982.172    -6016.563       34.391   272.9
4.4220        -5982.192    -6016.572       34.380   272.8
4.4225        -5982.239    -6016.580       34.342   272.5
4.4230        -5982.193    -6016.588       34.395   272.9
4.4235        -5982.173    -6016.595       34.422   273.1
4.4240        -5982.187    -6016.602       34.415   273.1
4.4245        -5982.207    -6016.609       34.402   273.0
4.4250        -5982.183    -6016.616       34.433   273.2
4.4255        -5982.196    -6016.623       34.427   273.2
4.4260        -5982.219    -6016.632       34.413   273.1
4.4265        -5982.255    -6016.642       34.387   272.9
4.4270        -5982.266    -6016.652       34.386   272.8
4.4275        -5982.257    -6016.663       34.406   273.0
4.4280        -5982.247    -6016.676       34.429   273.2
4.4285        -5982.225    -6016.691       34.466   273.5
4.4290        -5982.215    -6016.706       34.491   273.7
4.4295        -5982.231    -6016.723       34.492   273.7
4.4300        -5982.250    -6016.741       34.491   273.7
4.4305        -5982.294    -6016.760       34.466   273.5
4.4310        -5982.264    -6016.780       34.516   273.9
4.4315        -5982.274    -6016.801       34.527   274.0
4.4320        -5982.263    -6016.823       34.560   274.2
4.4325        -5982.244    -6016.846       34.602   274.6
4.4330        -5982.278    -6016.869       34.591   274.5
4.4335        -5982.274    -6016.892       34.618   274.7
4.4340        -5982.257    -6016.915       34.658   275.0
4.4345        -5982.319    -6016.938       34.619   274.7
4.4350        -5982.333    -6016.960       34.627   274.8
4.4355        -5982.343    -6016.981       34.639   274.8
4.4360        -5982.356    -6017.002       34.646   274.9
4.4365        -5982.384    -6017.021       34.638   274.8
4.4370        -5982.368    -6017.040       34.672   275.1
4.4375        -5982.362    -6017.058       34.696   275.3
4.4380        -5982.355    -6017.075       34.720   275.5
4.4385        -5982.315    -6017.092       34.777   275.9
4.4390        -5982.364    -6017.109       34.745   275.7
4.4395        -5982.355    -6017.126       34.771   275.9
4.4400        -5982.374    -6017.142       34.768   275.9
4.4405        -5982.330    -6017.158       34.829   276.4
4.4410        -5982.314    -6017.174       34.860   276.6
4.4415        -5982.294    -6017.191       34.897   276.9
4.4420        -5982.308    -6017.206       34.898   276.9
4.4425        -5982.335    -6017.219       34.884   276.8
4.4430        -5982.308    -6017.231       34.923   277.1
4.4435        -5982.301    -6017.242       34.941   277.2
4.4440        -5982.315    -6017.253       34.938   277.2
4.4445        -5982.272    -6017.262       34.991   277.6
4.4450        -5982.261    -6017.271       35.010   277.8
4.4455        -5982.270    -6017.280       35.010   277.8
4.4460        -5982.309    -6017.289       34.980   277.6
4.4465        -5982.298    -6017.296       34.997   277.7
4.4470        -5982.321    -6017.302       34.981   277.6
4.4475        -5982.348    -6017.307       34.958   277.4
4.4480        -5982.345    -6017.310       34.966   277.4
4.4485        -5982.374    -6017.312       34.938   277.2
4.4490        -5982.335    -6017.313       34.977   277.5
4.4495        -5982.367    -6017.313       34.946   277.3
4.4500        -5982.331    -6017.313       34.982   277.6
4.4505        -5982.317    -6017.312       34.996   277.7
4.4510        -5982.336    -6017.312       34.976   277.5
4.4515        -5982.345    -6017.312       34.967   277.5
4.4520        -5982.345    -6017.312       34.967   277.5
4.4525        -5982.346    -6017.311       34.966   277.4
4.4530        -5982.339    -6017.310       34.971   277.5
4.4535        -5982.312    -6017.307       34.995   277.7
4.4540        -5982.322    -6017.303       34.981   277.6
4.4545        -5982.294    -6017.301       35.008   277.8
4.4550        -5982.280    -6017.299       35.019   277.9
4.4555        -5982.283    -6017.298       35.015   277.8
4.4560        -5982.320    -6017.297       34.977   277.5
4.4565        -5982.279    -6017.296       35.017   277.8
4.4570        -5982.293    -6017.295       35.002   277.7
4.4575        -5982.243    -6017.293       35.050   278.1
4.4580        -5982.166    -6017.291       35.125   278.7
4.4585        -5982.213    -6017.291       35.077   278.3
4.4590        -5982.237    -6017.292       35.054   278.1
4.4595        -5982.238    -6017.293       35.056   278.2
4.4600        -5982.223    -6017.294       35.071   278.3
4.4605        -5982.223    -6017.296       35.074   278.3
4.4610        -5982.216    -6017.299       35.082   278.4
4.4615        -5982.258    -6017.301       35.043   278.1
4.4620        -5982.225    -6017.303       35.077   278.3
4.4625        -5982.248    -6017.303       35.056   278.2
4.4630        -5982.224    -6017.305       35.080   278.4
4.4635        -5982.247    -6017.306       35.059   278.2
4.4640        -5982.274    -6017.308       35.033   278.0
4.4645        -5982.301    -6017.308       35.007   277.8
4.4650        -5982.292    -6017.307       35.015   277.8
4.4655        -5982.348    -6017.304       34.956   277.4
4.4660        -5982.323    -6017.301       34.978   277.5
4.4665        -5982.268    -6017.295       35.027   277.9
4.4670        -5982.267    -6017.289       35.022   277.9
4.4675        -5982.231    -6017.280       35.049   278.1
4.4680        -5982.166    -6017.269       35.103   278.5
4.4685        -5982.144    -6017.255       35.111   278.6
4.4690        -5982.185    -6017.240       35.055   278.2
4.4695        -5982.166    -6017.222       35.056   278.2
4.4700        -5982.152    -6017.200       35.049   278.1
4.4705        -5982.128    -6017.176       35.048   278.1
4.4710        -5982.108    -6017.150       35.042   278.0
4.4715        -5982.125    -6017.121       34.996   277.7
4.4720        -5982.160    -6017.091       34.932   277.2
4.4725        -5982.109    -6017.059       34.950   277.3
4.4730        -5982.105    -6017.026       34.921   277.1
4.4735        -5982.085    -6016.991       34.906   277.0
4.4740        -5982.076    -6016.955       34.879   276.8
4.4745        -5982.052    -6016.919       34.866   276.7
4.4750        -5982.048    -6016.881       34.833   276.4
4.4755        -5982.015    -6016.841       34.826   276.3
4.4760        -5982.002    -6016.800       34.798   276.1
4.4765        -5982.003    -6016.757       34.754   275.8
4.4770        -5981.985    -6016.714       34.729   275.6
4.4775        -5981.931    -6016.669       34.737   275.6
4.4780        -5981.938    -6016.622       34.684   275.2
4.4785        -5981.914    -6016.573       34.659   275.0
4.4790        -5981.944    -6016.525       34.581   274.4
4.4795        -5981.906    -6016.476       34.570   274.3
4.4800        -5981.897    -6016.426       34.529   274.0
4.4805        -5981.925    -6016.376       34.451   273.4
4.4810        -5981.930    -6016.325       34.395   272.9
4.4815        -5981.894    -6016.274       34.380   272.8
4.4820        -5981.861    -6016.224       34.363   272.7
4.4825        -5981.853    -6016.175       34.322   272.3
4.4830        -5981.860    -6016.128       34.268   271.9
4.4835        -5981.926    -6016.084       34.158   271.0
4.4840        -5981.924    -6016.041       34.118   270.7
4.4845        -5981.926    -6016.001       34.075   270.4
4.4850        -5981.880    -6015.962       34.082   270.4
4.4855        -5981.860    -6015.927       34.067   270.3
4.4860        -5981.898    -6015.892       33.994   269.7
4.4865        -5981.866    -6015.860       33.994   269.7
4.4870        -5981.910    -6015.831       33.920   269.1
4.4875        -5981.820    -6015.805       33.985   269.7
4.4880        -5981.787    -6015.783       33.995   269.7
4.4885        -5981.786    -6015.763       33.977   269.6
4.4890        -5981.782    -6015.748       33.966   269.5
4.4895        -5981.800    -6015.736       33.936   269.3
4.4900        -5981.845    -6015.729       33.884   268.9
4.4905        -5981.853    -6015.726       33.873   268.8
4.4910        -5981.858    -6015.728       33.870   268.7
4.4915        -5981.903    -6015.735       33.831   268.4
4.4920        -5981.879    -6015.745       33.866   268.7
4.4925        -5981.834    -6015.758       33.924   269.2
4.4930        -5981.869    -6015.775       33.907   269.0
4.4935        -5981.857    -6015.794       33.937   269.3
4.4940        -5981.847    -6015.816       33.968   269.5
4.4945        -5981.849    -6015.839       33.990   269.7
4.4950        -5981.812    -6015.864       34.052   270.2
4.4955        -5981.786    -6015.890       34.104   270.6
4.4960        -5981.777    -6015.916       34.138   270.9
4.4965        -5981.773    -6015.941       34.167   271.1
4.4970        -5981.782    -6015.965       34.182   271.2
4.4975        -5981.777    -6015.988       34.211   271.5
4.4980        -5981.796    -6016.012       34.216   271.5
4.4985        -5981.800    -6016.035       34.236   271.7
4.4990        -5981.793    -6016.058       34.266   271.9
4.4995        -5981.808    -6016.080       34.272   271.9
4.5000        -5981.800    -6016.100       34.300   272.2
4.5005        -5981.850    -6016.117       34.267   271.9
4.5010        -5981.844    -6016.131       34.287   272.1
4.5015        -5981.817    -6016.143       34.326   272.4
4.5020        -5981.827    -6016.151       34.325   272.4
4.5025        -5981.875    -6016.155       34.280   272.0
4.5030        -5981.888    -6016.156       34.268   271.9
4.5035        -5981.897    -6016.155       34.258   271.8
4.5040        -5981.855    -6016.150       34.294   272.1
4.5045        -5981.811    -6016.140       34.329   272.4
4.5050        -5981.835    -6016.127       34.292   272.1
4.5055        -5981.788    -6016.109       34.321   272.3
4.5060        -5981.769    -6016.088       34.320   272.3
4.5065        -5981.754    -6016.064       34.309   272.2
4.5070        -5981.773    -6016.035       34.262   271.9
4.5075        -5981.812    -6016.003       34.190   271.3
4.5080        -5981.798    -6015.967       34.169   271.1
4.5085        -5981.756    -6015.928       34.172   271.1
4.5090        -5981.715    -6015.885       34.171   271.1
4.5095        -5981.763    -6015.840       34.077   270.4
4.5100        -5981.752    -6015.792       34.040   270.1
4.5105        -5981.747    -6015.741       33.994   269.7
4.5110        -5981.752    -6015.688       33.936   269.3
4.5115        -5981.786    -6015.633       33.847   268.6
4.5120        -5981.797    -6015.577       33.781   268.0
4.5125        -5981.743    -6015.521       33.778   268.0
4.5130        -5981.734    -6015.464       33.730   267.6
4.5135        -5981.705    -6015.408       33.703   267.4
4.5140        -5981.771    -6015.352       33.581   266.5
4.5145        -5981.727    -6015.296       33.569   266.4
4.5150        -5981.706    -6015.242       33.536   266.1
4.5155        -5981.672    -6015.190       33.518   266.0
4.5160        -5981.665    -6015.140       33.475   265.6
4.5165        -5981.616    -6015.091       33.475   265.6
4.5170        -5981.617    -6015.044       33.427   265.2
4.5175        -5981.658    -6014.999       33.341   264.5
4.5180        -5981.669    -6014.957       33.287   264.1
4.5185        -5981.689    -6014.917       33.228   263.7
4.5190        -5981.692    -6014.881       33.189   263.3
4.5195        -5981.695    -6014.849       33.154   263.1
4.5200        -5981.739    -6014.820       33.081   262.5
4.5205        -5981.709    -6014.794       33.085   262.5
4.5210        -5981.733    -6014.772       33.038   262.1
4.5215        -5981.732    -6014.753       33.021   262.0
4.5220        -5981.684    -6014.739       33.054   262.3
4.5225        -5981.679    -6014.729       33.050   262.2
4.5230        -5981.613    -6014.724       33.111   262.7
4.5235        -5981.597    -6014.722       33.125   262.8
4.5240        -5981.652    -6014.726       33.074   262.4
4.5245        -5981.639    -6014.734       33.095   262.6
4.5250        -5981.669    -6014.747       33.079   262.5
4.5255        -5981.636    -6014.765       33.129   262.9
4.5260        -5981.664    -6014.788       33.125   262.8
4.5265        -5981.628    -6014.816       33.188   263.3
4.5270        -5981.650    -6014.849       33.198   263.4
4.5275        -5981.655    -6014.885       33.230   263.7
4.5280        -5981.653    -6014.927       33.273   264.0
4.5285        -5981.677    -6014.972       33.295   264.2
4.5290        -5981.707    -6015.023       33.316   264.4
4.5295        -5981.706    -6015.078       33.373   264.8
4.5300        -5981.740    -6015.138       33.398   265.0
4.5305        -5981.714    -6015.201       33.487   265.7
4.5310        -5981.721    -6015.266       33.545   266.2
4.5315        -5981.729    -6015.335       33.606   266.7
4.5320        -5981.684    -6015.406       33.721   267.6
4.5325        -5981.725    -6015.479       33.754   267.8
4.5330        -5981.703    -6015.554       33.852   268.6
4.5335        -5981.743    -6015.631       33.888   268.9
4.5340        -5981.773    -6015.709       33.935   269.3
4.5345        -5981.752    -6015.788       34.036   270.1
4.5350        -5981.760    -6015.866       34.107   270.6
4.5355        -5981.788    -6015.944       34.157   271.0
4.5360        -5981.769    -6016.022       34.252   271.8
4.5365        -5981.719    -6016.099       34.379   272.8
4.5370        -5981.691    -6016.174       34.483   273.6
4.5375        -5981.630    -6016.247       34.617   274.7
4.5380        -5981.663    -6016.316       34.652   275.0
4.5385        -5981.622    -6016.381       34.759   275.8
4.5390        -5981.610    -6016.443       34.833   276.4
4.5395        -5981.610    -6016.500       34.890   276.8
4.5400        -5981.630    -6016.552       34.922   277.1
4.5405        -5981.665    -6016.599       34.934   277.2
4.5410        -5981.661    -6016.641       34.980   277.6
4.5415        -5981.618    -6016.678       35.059   278.2
4.5420        -5981.655    -6016.708       35.053   278.1
4.5425        -5981.684    -6016.732       35.048   278.1
4.5430        -5981.712    -6016.751       35.039   278.0
4.5435        -5981.747    -6016.764       35.017   277.9
4.5440        -5981.718    -6016.772       35.054   278.1
4.5445        -5981.719    -6016.775       35.056   278.2
4.5450        -5981.722    -6016.772       35.050   278.1
4.5455        -5981.735    -6016.763       35.028   277.9
4.5460        -5981.763    -6016.749       34.986   277.6
4.5465        -5981.768    -6016.731       34.964   277.4
4.5470        -5981.718    -6016.709       34.991   277.6
4.5475        -5981.721    -6016.681       34.960   277.4
4.5480        -5981.704    -6016.650       34.945   277.3
4.5485        -5981.621    -6016.615       34.994   277.7
4.5490        -5981.606    -6016.578       34.972   277.5
4.5495        -5981.549    -6016.537       34.989   277.6
4.5500        -5981.609    -6016.495       34.886   276.8
4.5505        -5981.581    -6016.453       34.871   276.7
4.5510        -5981.550    -6016.410       34.860   276.6
4.5515        -5981.545    -6016.367       34.822   276.3
4.5520        -5981.543    -6016.325       34.782   276.0
4.5525        -5981.520    -6016.285       34.765   275.8
4.5530        -5981.498    -6016.245       34.746   275.7
4.5535        -5981.462    -6016.206       34.744   275.7
4.5540        -5981.461    -6016.170       34.709   275.4
4.5545        -5981.435    -6016.137       34.702   275.3
4.5550        -5981.433    -6016.108       34.675   275.1
4.5555        -5981.416    -6016.084       34.668   275.1
4.5560        -5981.404    -6016.064       34.660   275.0
4.5565        -5981.448    -6016.048       34.600   274.5
4.5570        -5981.482    -6016.036       34.554   274.2
4.5575        -5981.474    -6016.028       34.554   274.2
4.5580        -5981.496    -6016.026       34.530   274.0
4.5585        -5981.483    -6016.029       34.545   274.1
4.5590        -5981.486    -6016.036       34.550   274.1
4.5595        -5981.437    -6016.048       34.611   274.6
4.5600        -5981.405    -6016.063       34.658   275.0
4.5605        -5981.359    -6016.081       34.722   275.5
4.5610        -5981.412    -6016.102       34.690   275.3
4.5615        -5981.362    -6016.126       34.765   275.8
4.5620        -5981.345    -6016.153       34.808   276.2
4.5625        -5981.364    -6016.182       34.818   276.3
4.5630        -5981.355    -6016.212       34.857   276.6
4.5635        -5981.414    -6016.245       34.831   276.4
4.5640        -5981.382    -6016.280       34.897   276.9
4.5645        -5981.397    -6016.315       34.918   277.1
4.5650        -5981.389    -6016.350       34.962   277.4
4.5655        -5981.413    -6016.385       34.972   277.5
4.5660        -5981.394    -6016.420       35.027   277.9
4.5665        -5981.430    -6016.454       35.024   277.9
4.5670        -5981.449    -6016.488       35.039   278.0
4.5675        -5981.412    -6016.520       35.108   278.6
4.5680        -5981.409    -6016.550       35.141   278.8
4.5685        -5981.383    -6016.580       35.197   279.3
4.5690        -5981.418    -6016.609       35.191   279.2
4.5695        -5981.406    -6016.638       35.231   279.6
4.5700        -5981.416    -6016.664       35.248   279.7
4.5705        -5981.394    -6016.688       35.293   280.0
4.5710        -5981.362    -6016.709       35.346   280.5
4.5715        -5981.344    -6016.730       35.385   280.8
4.5720        -5981.392    -6016.749       35.356   280.5
4.5725        -5981.385    -6016.767       35.382   280.7
4.5730        -5981.329    -6016.782       35.453   281.3
4.5735        -5981.293    -6016.794       35.501   281.7
4.5740        -5981.259    -6016.803       35.544   282.0
4.5745        -5981.198    -6016.810       35.612   282.6
4.5750        -5981.171    -6016.815       35.644   282.8
4.5755        -5981.151    -6016.817       35.666   283.0
4.5760        -5981.135    -6016.816       35.681   283.1
4.5765        -5981.164    -6016.812       35.648   282.9
4.5770        -5981.141    -6016.805       35.664   283.0
4.5775        -5981.147    -6016.794       35.647   282.8
4.5780        -5981.100    -6016.781       35.681   283.1
4.5785        -5981.108    -6016.766       35.658   282.9
4.5790        -5981.111    -6016.749       35.638   282.8
4.5795        -5981.085    -6016.728       35.643   282.8
4.5800        -5981.124    -6016.706       35.582   282.3
4.5805        -5981.144    -6016.680       35.536   282.0
4.5810        -5981.166    -6016.652       35.486   281.6
4.5815        -5981.210    -6016.623       35.413   281.0
4.5820        -5981.272    -6016.592       35.320   280.3
4.5825        -5981.256    -6016.560       35.304   280.1
4.5830        -5981.196    -6016.528       35.331   280.3
4.5835        -5981.195    -6016.495       35.300   280.1
4.5840        -5981.200    -6016.462       35.262   279.8
4.5845        -5981.242    -6016.430       35.188   279.2
4.5850        -5981.214    -6016.397       35.184   279.2
4.5855        -5981.237    -6016.366       35.129   278.7
4.5860        -5981.205    -6016.335       35.129   278.7
4.5865        -5981.151    -6016.305       35.153   278.9
4.5870        -5981.178    -6016.277       35.098   278.5
4.5875        -5981.171    -6016.251       35.079   278.3
4.5880        -5981.193    -6016.228       35.035   278.0
4.5885        -5981.192    -6016.209       35.018   277.9
4.5890        -5981.184    -6016.194       35.010   277.8
4.5895        -5981.169    -6016.183       35.014   277.8
4.5900        -5981.225    -6016.176       34.951   277.3
4.5905        -5981.207    -6016.171       34.964   277.4
4.5910        -5981.213    -6016.170       34.958   277.4
4.5915        -5981.201    -6016.174       34.973   277.5
4.5920        -5981.219    -6016.181       34.962   277.4
4.5925        -5981.191    -6016.192       35.001   277.7
4.5930        -5981.212    -6016.206       34.995   277.7
4.5935        -5981.238    -6016.224       34.986   277.6
4.5940        -5981.260    -6016.243       34.983   277.6
4.5945        -5981.235    -6016.264       35.029   277.9
4.5950        -5981.224    -6016.286       35.063   278.2
4.5955        -5981.238    -6016.309       35.071   278.3
4.5960        -5981.223    -6016.331       35.108   278.6
4.5965        -5981.248    -6016.353       35.105   278.6
4.5970        -5981.243    -6016.373       35.131   278.8
4.5975        -5981.268    -6016.393       35.125   278.7
4.5980        -5981.257    -6016.413       35.155   278.9
4.5985        -5981.274    -6016.430       35.156   279.0
4.5990        -5981.261    -6016.446       35.184   279.2
4.5995        -5981.267    -6016.459       35.192   279.2
4.6000        -5981.270    -6016.470       35.201   279.3
4.6005        -5981.266    -6016.478       35.212   279.4
4.6010        -5981.229    -6016.483       35.254   279.7
4.6015        -5981.239    -6016.488       35.249   279.7
4.6020        -5981.276    -6016.491       35.215   279.4
4.6025        -5981.290    -6016.495       35.205   279.3
4.6030        -5981.316    -6016.496       35.180   279.1
4.6035        -5981.277    -6016.497       35.219   279.5
4.6040        -5981.295    -6016.497       35.202   279.3
4.6045        -5981.258    -6016.496       35.239   279.6
4.6050        -5981.237    -6016.493       35.256   279.7
4.6055        -5981.213    -6016.487       35.274   279.9
4.6060        -5981.171    -6016.481       35.310   280.2
4.6065        -5981.190    -6016.474       35.284   280.0
4.6070        -5981.164    -6016.465       35.301   280.1
4.6075        -5981.143    -6016.454       35.311   280.2
4.6080        -5981.172    -6016.443       35.271   279.9
4.6085        -5981.169    -6016.431       35.262   279.8
4.6090        -5981.140    -6016.418       35.278   279.9
4.6095        -5981.155    -6016.405       35.250   279.7
4.6100        -5981.128    -6016.392       35.264   279.8
4.6105        -5981.093    -6016.377       35.284   280.0
4.6110        -5981.101    -6016.360       35.259   279.8
4.6115        -5981.120    -6016.341       35.221   279.5
4.6120        -5981.146    -6016.321       35.175   279.1
4.6125        -5981.126    -6016.298       35.172   279.1
4.6130        -5981.118    -6016.272       35.155   278.9
4.6135        -5981.122    -6016.244       35.122   278.7
4.6140        -5981.113    -6016.214       35.101   278.5
4.6145        -5981.130    -6016.181       35.051   278.1
4.6150        -5981.148    -6016.146       34.998   277.7
4.6155        -5981.104    -6016.108       35.004   277.8
4.6160        -5981.052    -6016.066       35.014   277.8
4.6165        -5981.063    -6016.022       34.959   277.4
4.6170        -5981.040    -6015.976       34.936   277.2
4.6175        -5981.052    -6015.927       34.875   276.7
4.6180        -5981.046    -6015.877       34.831   276.4
4.6185        -5981.066    -6015.826       34.760   275.8
4.6190        -5981.081    -6015.774       34.693   275.3
4.6195        -5981.099    -6015.722       34.623   274.7
4.6200        -5981.105    -6015.669       34.564   274.3
4.6205        -5981.103    -6015.616       34.514   273.9
4.6210        -5981.077    -6015.564       34.487   273.6
4.6215        -5981.064    -6015.515       34.451   273.4
4.6220        -5981.071    -6015.467       34.396   272.9
4.6225        -5980.999    -6015.421       34.422   273.1
4.6230        -5980.962    -6015.378       34.416   273.1
4.6235        -5980.989    -6015.338       34.349   272.5
4.6240        -5980.970    -6015.303       34.333   272.4
4.6245        -5981.027    -6015.272       34.245   271.7
4.6250        -5981.011    -6015.246       34.235   271.6
4.6255        -5981.068    -6015.224       34.156   271.0
4.6260        -5981.054    -6015.208       34.154   271.0
4.6265        -5981.072    -6015.197       34.125   270.8
4.6270        -5981.140    -6015.191       34.051   270.2
4.6275        -5981.162    -6015.192       34.030   270.0
4.6280        -5981.200    -6015.199       34.000   269.8
4.6285        -5981.244    -6015.213       33.970   269.5
4.6290        -5981.215    -6015.232       34.017   269.9
4.6295        -5981.224    -6015.255       34.031   270.0
4.6300        -5981.237    -6015.284       34.047   270.2
4.6305        -5981.239    -6015.319       34.080   270.4
4.6310        -5981.276    -6015.359       34.083   270.4
4.6315        -5981.282    -6015.405       34.122   270.7
4.6320        -5981.310    -6015.454       34.143   270.9
4.6325        -5981.343    -6015.507       34.164   271.1
4.6330        -5981.369    -6015.563       34.194   271.3
4.6335        -5981.398    -6015.622       34.224   271.6
4.6340        -5981.361    -6015.683       34.323   272.3
4.6345        -5981.389    -6015.745       34.355   272.6
4.6350        -5981.364    -6015.807       34.443   273.3
4.6355        -5981.354    -6015.870       34.516   273.9
4.6360        -5981.326    -6015.933       34.607   274.6
4.6365        -5981.283    -6015.996       34.713   275.4
4.6370        -5981.270    -6016.058       34.787   276.0
4.6375        -5981.289    -6016.120       34.831   276.4
4.6380        -5981.341    -6016.180       34.840   276.4
4.6385        -5981.369    -6016.240       34.871   276.7
4.6390        -5981.345    -6016.297       34.952   277.3
4.6395        -5981.355    -6016.351       34.996   277.7
4.6400        -5981.317    -6016.402       35.085   278.4
4.6405        -5981.344    -6016.451       35.107   278.6
4.6410        -5981.337    -6016.497       35.161   279.0
4.6415        -5981.368    -6016.539       35.171   279.1
4.6420        -5981.371    -6016.577       35.206   279.3
4.6425        -5981.392    -6016.611       35.219   279.5
4.6430        -5981.426    -6016.642       35.216   279.4
4.6435        -5981.348    -6016.669       35.321   280.3
4.6440        -5981.364    -6016.691       35.327   280.3
4.6445        -5981.367    -6016.708       35.340   280.4
4.6450        -5981.354    -6016.718       35.364   280.6
4.6455        -5981.356    -6016.726       35.370   280.7
4.6460        -5981.349    -6016.729       35.380   280.7
4.6465        -5981.326    -6016.727       35.401   280.9
4.6470        -5981.317    -6016.721       35.404   280.9
4.6475        -5981.332    -6016.711       35.379   280.7
4.6480        -5981.333    -6016.697       35.364   280.6
4.6485        -5981.372    -6016.681       35.308   280.2
4.6490        -5981.373    -6016.660       35.287   280.0
4.6495        -5981.383    -6016.637       35.254   279.7
4.6500        -5981.304    -6016.611       35.306   280.1
4.6505        -5981.279    -6016.582       35.303   280.1
4.6510        -5981.242    -6016.549       35.307   280.2
4.6515        -5981.212    -6016.513       35.301   280.1
4.6520        -5981.237    -6016.473       35.237   279.6
4.6525        -5981.218    -6016.432       35.214   279.4
4.6530        -5981.219    -6016.390       35.171   279.1
4.6535        -5981.275    -6016.346       35.070   278.3
4.6540        -5981.263    -6016.301       35.038   278.0
4.6545        -5981.338    -6016.257       34.919   277.1
4.6550        -5981.335    -6016.211       34.876   276.7
4.6555        -5981.358    -6016.164       34.807   276.2
4.6560        -5981.352    -6016.116       34.764   275.8
4.6565        -5981.341    -6016.069       34.728   275.6
4.6570        -5981.342    -6016.021       34.679   275.2
4.6575        -5981.365    -6015.973       34.608   274.6
4.6580        -5981.447    -6015.926       34.478   273.6
4.6585        -5981.437    -6015.879       34.443   273.3
4.6590        -5981.393    -6015.835       34.441   273.3
4.6595        -5981.394    -6015.791       34.398   272.9
4.6600        -5981.373    -6015.750       34.377   272.8
4.6605        -5981.381    -6015.712       34.331   272.4
4.6610        -5981.360    -6015.678       34.318   272.3
4.6615        -5981.348    -6015.646       34.298   272.1
4.6620        -5981.334    -6015.619       34.285   272.0
4.6625        -5981.295    -6015.594       34.299   272.2
4.6630        -5981.288    -6015.573       34.286   272.0
4.6635        -5981.298    -6015.557       34.259   271.8
4.6640        -5981.295    -6015.544       34.250   271.8
4.6645        -5981.261    -6015.534       34.273   271.9
4.6650        -5981.266    -6015.528       34.262   271.9
4.6655        -5981.240    -6015.524       34.284   272.0
4.6660        -5981.247    -6015.523       34.276   272.0
4.6665        -5981.285    -6015.527       34.242   271.7
4.6670        -5981.308    -6015.534       34.225   271.6
4.6675        -5981.338    -6015.544       34.206   271.4
4.6680        -5981.298    -6015.556       34.258   271.8
4.6685        -5981.318    -6015.568       34.250   271.8
4.6690        -5981.324    -6015.581       34.258   271.8
4.6695        -5981.306    -6015.596       34.290   272.1
4.6700        -5981.279    -6015.611       34.332   272.4
4.6705        -5981.276    -6015.627       34.352   272.6
4.6710        -5981.294    -6015.645       34.351   272.6
4.6715        -5981.303    -6015.664       34.361   272.6
4.6720        -5981.353    -6015.683       34.331   272.4
4.6725        -5981.332    -6015.702       34.370   272.7
4.6730        -5981.322    -6015.721       34.398   272.9
4.6735        -5981.270    -6015.738       34.468   273.5
4.6740        -5981.215    -6015.754       34.539   274.1
4.6745        -5981.225    -6015.768       34.543   274.1
4.6750        -5981.242    -6015.779       34.537   274.0
4.6755        -5981.260    -6015.788       34.528   274.0
4.6760        -5981.215    -6015.794       34.579   274.4
4.6765        -5981.259    -6015.797       34.538   274.0
4.6770        -5981.297    -6015.798       34.501   273.8
4.6775        -5981.324    -6015.797       34.473   273.5
4.6780        -5981.362    -6015.791       34.429   273.2
4.6785        -5981.385    -6015.783       34.399   272.9
4.6790        -5981.378    -6015.772       34.393   272.9
4.6795        -5981.391    -6015.758       34.367   272.7
4.6800        -5981.374    -6015.741       34.367   272.7
4.6805        -5981.412    -6015.721       34.308   272.2
4.6810        -5981.410    -6015.698       34.288   272.1
4.6815        -5981.396    -6015.673       34.276   272.0
4.6820        -5981.402    -6015.645       34.243   271.7
4.6825        -5981.418    -6015.616       34.198   271.3
4.6830        -5981.431    -6015.585       34.154   271.0
4.6835        -5981.410    -6015.552       34.142   270.9
4.6840        -5981.430    -6015.518       34.088   270.5
4.6845        -5981.394    -6015.483       34.089   270.5
4.6850        -5981.386    -6015.450       34.064   270.3
4.6855        -5981.418    -6015.417       33.999   269.8
4.6860        -5981.388    -6015.384       33.996   269.8
4.6865        -5981.362    -6015.352       33.990   269.7
4.6870        -5981.386    -6015.322       33.936   269.3
4.6875        -5981.388    -6015.294       33.906   269.0
4.6880        -5981.381    -6015.267       33.886   268.9
4.6885        -5981.387    -6015.243       33.855   268.6
4.6890        -5981.403    -6015.220       33.817   268.3
4.6895        -5981.472    -6015.201       33.729   267.6
4.6900        -5981.471    -6015.185       33.714   267.5
4.6905        -5981.465    -6015.173       33.708   267.5
4.6910        -5981.460    -6015.163       33.703   267.4
4.6915        -5981.516    -6015.154       33.638   266.9
4.6920        -5981.548    -6015.149       33.601   266.6
4.6925        -5981.482    -6015.148       33.666   267.1
4.6930        -5981.486    -6015.150       33.664   267.1
4.6935        -5981.468    -6015.155       33.687   267.3
4.6940        -5981.458    -6015.163       33.704   267.4
4.6945        -5981.419    -6015.172       33.753   267.8
4.6950        -5981.424    -6015.183       33.760   267.9
4.6955        -5981.452    -6015.197       33.745   267.8
4.6960        -5981.432    -6015.212       33.781   268.0
4.6965        -5981.442    -6015.230       33.788   268.1
4.6970        -5981.482    -6015.248       33.766   267.9
4.6975        -5981.544    -6015.268       33.723   267.6
4.6980        -5981.480    -6015.289       33.810   268.3
4.6985        -5981.495    -6015.312       33.817   268.3
4.6990        -5981.536    -6015.337       33.801   268.2
4.6995        -5981.528    -6015.363       33.834   268.5
4.7000        -5981.515    -6015.389       33.875   268.8
4.7005        -5981.511    -6015.417       33.906   269.0
4.7010        -5981.522    -6015.446       33.924   269.2
4.7015        -5981.550    -6015.476       33.926   269.2
4.7020        -5981.555    -6015.507       33.952   269.4
4.7025        -5981.551    -6015.541       33.990   269.7
4.7030        -5981.567    -6015.576       34.009   269.8
4.7035        -5981.577    -6015.613       34.035   270.1
4.7040        -5981.564    -6015.651       34.087   270.5
4.7045        -5981.563    -6015.691       34.128   270.8
4.7050        -5981.546    -6015.732       34.186   271.3
4.7055        -5981.552    -6015.776       34.223   271.6
4.7060        -5981.530    -6015.821       34.292   272.1
4.7065        -5981.530    -6015.870       34.341   272.5
4.7070        -5981.558    -6015.922       34.365   272.7
4.7075        -5981.567    -6015.977       34.410   273.0
4.7080        -5981.524    -6016.035       34.510   273.8
4.7085        -5981.543    -6016.094       34.551   274.2
4.7090        -5981.550    -6016.156       34.606   274.6
4.7095        -5981.545    -6016.219       34.674   275.1
4.7100        -5981.479    -6016.284       34.805   276.2
4.7105        -5981.464    -6016.350       34.886   276.8
4.7110        -5981.464    -6016.419       34.955   277.4
4.7115        -5981.430    -6016.490       35.060   278.2
4.7120        -5981.429    -6016.562       35.133   278.8
4.7125        -5981.437    -6016.636       35.199   279.3
4.7130        -5981.431    -6016.710       35.279   279.9
4.7135        -5981.439    -6016.784       35.345   280.5
4.7140        -5981.492    -6016.857       35.365   280.6
4.7145        -5981.495    -6016.928       35.433   281.2
4.7150        -5981.507    -6016.999       35.492   281.6
4.7155        -5981.505    -6017.070       35.564   282.2
4.7160        -5981.544    -6017.138       35.594   282.4
4.7165        -5981.548    -6017.204       35.656   282.9
4.7170        -5981.589    -6017.267       35.679   283.1
4.7175        -5981.608    -6017.327       35.719   283.4
4.7180        -5981.582    -6017.382       35.800   284.1
4.7185        -5981.548    -6017.435       35.887   284.7
4.7190        -5981.572    -6017.484       35.912   285.0
4.7195        -5981.567    -6017.530       35.963   285.4
4.7200        -5981.565    -6017.571       36.006   285.7
4.7205        -5981.560    -6017.609       36.049   286.0
4.7210        -5981.501    -6017.642       36.141   286.8
4.7215        -5981.523    -6017.668       36.145   286.8
4.7220        -5981.525    -6017.689       36.164   286.9
4.7225        -5981.489    -6017.704       36.216   287.4
4.7230        -5981.466    -6017.714       36.248   287.6
4.7235        -5981.456    -6017.717       36.261   287.7
4.7240        -5981.503    -6017.714       36.211   287.3
4.7245        -5981.551    -6017.705       36.155   286.9
4.7250        -5981.536    -6017.691       36.154   286.9
4.7255        -5981.490    -6017.670       36.180   287.1
4.7260        -5981.423    -6017.643       36.221   287.4
4.7265        -5981.455    -6017.611       36.157   286.9
4.7270        -5981.460    -6017.574       36.113   286.5
4.7275        -5981.548    -6017.530       35.982   285.5
4.7280        -5981.546    -6017.482       35.937   285.1
4.7285        -5981.523    -6017.429       35.906   284.9
4.7290        -5981.505    -6017.372       35.867   284.6
4.7295        -5981.549    -6017.309       35.761   283.8
4.7300        -5981.527    -6017.242       35.715   283.4
4.7305        -5981.520    -6017.172       35.652   282.9
4.7310        -5981.503    -6017.099       35.596   282.4
4.7315        -5981.474    -6017.025       35.551   282.1
4.7320        -5981.484    -6016.949       35.465   281.4
4.7325        -5981.431    -6016.871       35.440   281.2
4.7330        -5981.472    -6016.791       35.318   280.2
4.7335        -5981.543    -6016.711       35.168   279.0
4.7340        -5981.598    -6016.634       35.036   278.0
4.7345        -5981.611    -6016.558       34.947   277.3
4.7350        -5981.654    -6016.483       34.829   276.4
4.7355        -5981.637    -6016.411       34.774   275.9
4.7360        -5981.632    -6016.341       34.708   275.4
4.7365        -5981.622    -6016.273       34.651   274.9
4.7370        -5981.646    -6016.209       34.563   274.2
4.7375        -5981.650    -6016.149       34.498   273.7
4.7380        -5981.644    -6016.094       34.450   273.3
4.7385        -5981.660    -6016.044       34.385   272.8
4.7390        -5981.718    -6016.001       34.282   272.0
4.7395        -5981.703    -6015.963       34.261   271.8
4.7400        -5981.703    -6015.932       34.230   271.6
4.7405        -5981.675    -6015.909       34.233   271.6
4.7410        -5981.659    -6015.893       34.234   271.6
4.7415        -5981.652    -6015.883       34.232   271.6
4.7420        -5981.693    -6015.882       34.189   271.3
4.7425        -5981.778    -6015.888       34.110   270.7
4.7430        -5981.797    -6015.901       34.103   270.6
4.7435        -5981.770    -6015.921       34.150   271.0
4.7440        -5981.749    -6015.947       34.198   271.3
4.7445        -5981.759    -6015.980       34.221   271.5
4.7450        -5981.808    -6016.020       34.212   271.5
4.7455        -5981.818    -6016.067       34.249   271.8
4.7460        -5981.822    -6016.119       34.297   272.1
4.7465        -5981.854    -6016.176       34.321   272.3
4.7470        -5981.860    -6016.236       34.376   272.8
4.7475        -5981.860    -6016.300       34.440   273.3
4.7480        -5981.885    -6016.367       34.482   273.6
4.7485        -5981.864    -6016.437       34.573   274.3
4.7490        -5981.866    -6016.508       34.642   274.9
4.7495        -5981.915    -6016.579       34.665   275.1
4.7500        -5981.954    -6016.652       34.698   275.3
4.7505        -5981.986    -6016.724       34.739   275.6
4.7510        -5981.946    -6016.797       34.851   276.5
4.7515        -5981.903    -6016.869       34.966   277.4
4.7520        -5981.888    -6016.940       35.051   278.1
4.7525        -5981.855    -6017.008       35.153   278.9
4.7530        -5981.849    -6017.073       35.223   279.5
4.7535        -5981.876    -6017.133       35.257   279.8
4.7540        -5981.861    -6017.189       35.329   280.3
4.7545        -5981.820    -6017.240       35.420   281.0
4.7550        -5981.782    -6017.286       35.503   281.7
4.7555        -5981.725    -6017.326       35.601   282.5
4.7560        -5981.730    -6017.361       35.631   282.7
4.7565        -5981.741    -6017.389       35.648   282.9
4.7570        -5981.730    -6017.408       35.679   283.1
4.7575        -5981.754    -6017.422       35.668   283.0
4.7580        -5981.783    -6017.428       35.645   282.8
4.7585        -5981.791    -6017.427       35.636   282.8
4.7590        -5981.784    -6017.419       35.635   282.8
4.7595        -5981.732    -6017.403       35.671   283.0
4.7600        -5981.743    -6017.381       35.638   282.8
4.7605        -5981.737    -6017.352       35.614   282.6
4.7610        -5981.735    -6017.316       35.581   282.3
4.7615        -5981.719    -6017.273       35.554   282.1
4.7620        -5981.737    -6017.224       35.487   281.6
4.7625        -5981.724    -6017.168       35.444   281.2
4.7630        -5981.724    -6017.109       35.385   280.8
4.7635        -5981.723    -6017.044       35.321   280.3
4.7640        -5981.745    -6016.973       35.228   279.5
4.7645        -5981.767    -6016.897       35.130   278.8
4.7650        -5981.718    -6016.817       35.099   278.5
4.7655        -5981.749    -6016.733       34.985   277.6
4.7660        -5981.789    -6016.646       34.857   276.6
4.7665        -5981.755    -6016.557       34.802   276.1
4.7670        -5981.675    -6016.466       34.791   276.1
4.7675        -5981.668    -6016.373       34.705   275.4
4.7680        -5981.669    -6016.280       34.611   274.6
4.7685        -5981.646    -6016.184       34.539   274.1
4.7690        -5981.606    -6016.088       34.482   273.6
4.7695        -5981.634    -6015.992       34.358   272.6
4.7700        -5981.634    -6015.897       34.263   271.9
4.7705        -5981.618    -6015.803       34.185   271.2
4.7710        -5981.624    -6015.710       34.086   270.5
4.7715        -5981.687    -6015.620       33.933   269.2
4.7720        -5981.697    -6015.533       33.836   268.5
4.7725        -5981.714    -6015.450       33.736   267.7
4.7730        -5981.697    -6015.370       33.673   267.2
4.7735        -5981.715    -6015.295       33.580   266.4
4.7740        -5981.701    -6015.224       33.524   266.0
4.7745        -5981.716    -6015.158       33.442   265.4
4.7750        -5981.709    -6015.098       33.389   264.9
4.7755        -5981.695    -6015.044       33.349   264.6
4.7760        -5981.702    -6014.993       33.290   264.2
4.7765        -5981.730    -6014.948       33.218   263.6
4.7770        -5981.730    -6014.908       33.177   263.3
4.7775        -5981.725    -6014.874       33.149   263.0
4.7780        -5981.751    -6014.846       33.095   262.6
4.7785        -5981.727    -6014.825       33.098   262.6
4.7790        -5981.734    -6014.810       33.076   262.4
4.7795        -5981.752    -6014.801       33.049   262.2
4.7800        -5981.727    -6014.796       33.069   262.4
4.7805        -5981.701    -6014.798       33.097   262.6
4.7810        -5981.723    -6014.803       33.080   262.5
4.7815        -5981.789    -6014.814       33.025   262.0
4.7820        -5981.810    -6014.830       33.020   262.0
4.7825        -5981.783    -6014.850       33.067   262.4
4.7830        -5981.774    -6014.873       33.099   262.6
4.7835        -5981.726    -6014.899       33.173   263.2
4.7840        -5981.718    -6014.929       33.212   263.5
4.7845        -5981.742    -6014.961       33.219   263.6
4.7850        -5981.765    -6014.996       33.232   263.7
4.7855        -5981.744    -6015.033       33.290   264.1
4.7860        -5981.725    -6015.072       33.347   264.6
4.7865        -5981.754    -6015.112       33.359   264.7
4.7870        -5981.770    -6015.154       33.384   264.9
4.7875        -5981.747    -6015.196       33.450   265.4
4.7880        -5981.752    -6015.239       33.487   265.7
4.7885        -5981.822    -6015.281       33.459   265.5
4.7890        -5981.818    -6015.322       33.504   265.8
4.7895        -5981.802    -6015.363       33.562   266.3
4.7900        -5981.856    -6015.404       33.548   266.2
4.7905        -5981.842    -6015.442       33.600   266.6
4.7910        -5981.825    -6015.479       33.654   267.0
4.7915        -5981.808    -6015.516       33.708   267.5
4.7920        -5981.813    -6015.551       33.738   267.7
4.7925        -5981.793    -6015.585       33.792   268.1
4.7930        -5981.749    -6015.618       33.869   268.7
4.7935        -5981.742    -6015.650       33.908   269.0
4.7940        -5981.709    -6015.680       33.971   269.6
4.7945        -5981.707    -6015.707       34.000   269.8
4.7950        -5981.680    -6015.732       34.052   270.2
4.7955        -5981.689    -6015.755       34.066   270.3
4.7960        -5981.758    -6015.777       34.019   269.9
4.7965        -5981.758    -6015.795       34.037   270.1
4.7970        -5981.783    -6015.811       34.028   270.0
4.7975        -5981.814    -6015.824       34.010   269.9
4.7980        -5981.823    -6015.834       34.011   269.9
4.7985        -5981.840    -6015.841       34.002   269.8
4.7990        -5981.882    -6015.847       33.964   269.5
4.7995        -5981.830    -6015.848       34.018   269.9
4.8000        -5981.782    -6015.848       34.066   270.3
4.8005        -5981.770    -6015.845       34.075   270.4
4.8010        -5981.763    -6015.840       34.077   270.4
4.8015        -5981.788    -6015.833       34.044   270.1
4.8020        -5981.798    -6015.824       34.026   270.0
4.8025        -5981.719    -6015.813       34.094   270.5
4.8030        -5981.696    -6015.801       34.105   270.6
4.8035        -5981.731    -6015.788       34.057   270.2
4.8040        -5981.644    -6015.775       34.132   270.8
4.8045        -5981.638    -6015.762       34.124   270.8
4.8050        -5981.668    -6015.750       34.081   270.4
4.8055        -5981.662    -6015.738       34.076   270.4
4.8060        -5981.601    -6015.728       34.127   270.8
4.8065        -5981.603    -6015.721       34.118   270.7
4.8070        -5981.576    -6015.716       34.141   270.9
4.8075        -5981.537    -6015.713       34.177   271.2
4.8080        -5981.536    -6015.714       34.178   271.2
4.8085        -5981.544    -6015.716       34.173   271.2
4.8090        -5981.546    -6015.723       34.177   271.2
4.8095        -5981.605    -6015.735       34.130   270.8
4.8100        -5981.642    -6015.751       34.109   270.6
4.8105        -5981.631    -6015.772       34.141   270.9
4.8110        -5981.581    -6015.798       34.216   271.5
4.8115        -5981.631    -6015.829       34.197   271.3
4.8120        -5981.608    -6015.864       34.256   271.8
4.8125        -5981.603    -6015.904       34.301   272.2
4.8130        -5981.602    -6015.949       34.346   272.5
4.8135        -5981.574    -6015.998       34.425   273.1
4.8140        -5981.607    -6016.053       34.446   273.3
4.8145        -5981.595    -6016.112       34.516   273.9
4.8150        -5981.592    -6016.176       34.583   274.4
4.8155        -5981.544    -6016.245       34.701   275.3
4.8160        -5981.555    -6016.317       34.762   275.8
4.8165        -5981.541    -6016.391       34.849   276.5
4.8170        -5981.587    -6016.466       34.879   276.8
4.8175        -5981.623    -6016.543       34.920   277.1
4.8180        -5981.655    -6016.620       34.965   277.4
4.8185        -5981.649    -6016.698       35.049   278.1
4.8190        -5981.652    -6016.776       35.123   278.7
4.8195        -5981.613    -6016.853       35.240   279.6
4.8200        -5981.602    -6016.929       35.328   280.3
4.8205        -5981.587    -6017.004       35.417   281.0
4.8210        -5981.564    -6017.075       35.511   281.8
4.8215        -5981.539    -6017.143       35.604   282.5
4.8220        -5981.466    -6017.206       35.740   283.6
4.8225        -5981.496    -6017.265       35.769   283.8
4.8230        -5981.543    -6017.320       35.777   283.9
4.8235        -5981.602    -6017.370       35.768   283.8
4.8240        -5981.590    -6017.416       35.826   284.3
4.8245        -5981.587    -6017.458       35.872   284.6
4.8250        -5981.582    -6017.495       35.914   285.0
4.8255        -5981.609    -6017.527       35.918   285.0
4.8260        -5981.621    -6017.553       35.932   285.1
4.8265        -5981.674    -6017.575       35.901   284.9
4.8270        -5981.666    -6017.590       35.924   285.0
4.8275        -5981.641    -6017.600       35.958   285.3
4.8280        -5981.651    -6017.603       35.952   285.3
4.8285        -5981.645    -6017.602       35.957   285.3
4.8290        -5981.644    -6017.596       35.951   285.3
4.8295        -5981.644    -6017.585       35.941   285.2
4.8300        -5981.656    -6017.568       35.912   285.0
4.8305        -5981.641    -6017.546       35.906   284.9
4.8310        -5981.658    -6017.519       35.861   284.5
4.8315        -5981.653    -6017.488       35.835   284.3
4.8320        -5981.647    -6017.451       35.804   284.1
4.8325        -5981.696    -6017.411       35.715   283.4
4.8330        -5981.690    -6017.366       35.676   283.1
4.8335        -5981.726    -6017.317       35.591   282.4
4.8340        -5981.703    -6017.264       35.561   282.2
4.8345        -5981.669    -6017.208       35.538   282.0
4.8350        -5981.675    -6017.149       35.473   281.5
4.8355        -5981.750    -6017.088       35.338   280.4
4.8360        -5981.733    -6017.024       35.291   280.0
4.8365        -5981.677    -6016.959       35.282   280.0
4.8370        -5981.707    -6016.894       35.187   279.2
4.8375        -5981.695    -6016.826       35.131   278.8
4.8380        -5981.666    -6016.759       35.094   278.5
4.8385        -5981.635    -6016.694       35.059   278.2
4.8390        -5981.643    -6016.628       34.985   277.6
4.8395        -5981.594    -6016.565       34.971   277.5
4.8400        -5981.632    -6016.505       34.873   276.7
4.8405        -5981.654    -6016.447       34.793   276.1
4.8410        -5981.623    -6016.390       34.767   275.9
4.8415        -5981.654    -6016.337       34.683   275.2
4.8420        -5981.655    -6016.289       34.634   274.8
4.8425        -5981.647    -6016.246       34.599   274.5
4.8430        -5981.659    -6016.206       34.547   274.1
4.8435        -5981.656    -6016.170       34.514   273.9
4.8440        -5981.707    -6016.139       34.432   273.2
4.8445        -5981.647    -6016.113       34.466   273.5
4.8450        -5981.658    -6016.093       34.435   273.2
4.8455        -5981.672    -6016.077       34.405   273.0
4.8460        -5981.681    -6016.067       34.386   272.8
4.8465        -5981.678    -6016.063       34.384   272.8
4.8470        -5981.696    -6016.063       34.366   272.7
4.8475        -5981.661    -6016.067       34.407   273.0
4.8480        -5981.646    -6016.076       34.430   273.2
4.8485        -5981.658    -6016.088       34.430   273.2
4.8490        -5981.640    -6016.103       34.463   273.5
4.8495        -5981.659    -6016.121       34.462   273.4
4.8500        -5981.624    -6016.142       34.518   273.9
4.8505        -5981.672    -6016.166       34.494   273.7
4.8510        -5981.709    -6016.192       34.483   273.6
4.8515        -5981.710    -6016.220       34.511   273.8
4.8520        -5981.690    -6016.252       34.563   274.2
4.8525        -5981.726    -6016.286       34.560   274.2
4.8530        -5981.718    -6016.320       34.602   274.6
4.8535        -5981.700    -6016.355       34.655   275.0
4.8540        -5981.715    -6016.392       34.677   275.1
4.8545        -5981.681    -6016.429       34.748   275.7
4.8550        -5981.705    -6016.467       34.763   275.8
4.8555        -5981.738    -6016.507       34.769   275.9
4.8560        -5981.748    -6016.545       34.797   276.1
4.8565        -5981.774    -6016.583       34.809   276.2
4.8570        -5981.779    -6016.620       34.841   276.5
4.8575        -5981.765    -6016.656       34.892   276.9
4.8580        -5981.726    -6016.691       34.965   277.4
4.8585        -5981.706    -6016.723       35.017   277.9
4.8590        -5981.709    -6016.753       35.044   278.1
4.8595        -5981.706    -6016.782       35.075   278.3
4.8600        -5981.745    -6016.809       35.064   278.2
4.8605        -5981.699    -6016.834       35.135   278.8
4.8610        -5981.679    -6016.858       35.178   279.1
4.8615        -5981.669    -6016.880       35.211   279.4
4.8620        -5981.665    -6016.899       35.234   279.6
4.8625        -5981.642    -6016.916       35.274   279.9
4.8630        -5981.646    -6016.932       35.286   280.0
4.8635        -5981.622    -6016.946       35.324   280.3
4.8640        -5981.649    -6016.959       35.309   280.2
4.8645        -5981.658    -6016.970       35.312   280.2
4.8650        -5981.603    -6016.979       35.376   280.7
4.8655        -5981.646    -6016.987       35.341   280.4
4.8660        -5981.641    -6016.993       35.353   280.5
4.8665        -5981.645    -6017.000       35.355   280.5
4.8670        -5981.613    -6017.004       35.391   280.8
4.8675        -5981.587    -6017.008       35.420   281.1
4.8680        -5981.551    -6017.010       35.459   281.4
4.8685        -5981.520    -6017.011       35.491   281.6
4.8690        -5981.507    -6017.011       35.504   281.7
4.8695        -5981.540    -6017.009       35.468   281.4
4.8700        -5981.526    -6017.005       35.479   281.5
4.8705        -5981.539    -6016.998       35.459   281.4
4.8710        -5981.529    -6016.990       35.461   281.4
4.8715        -5981.572    -6016.979       35.408   281.0
4.8720        -5981.582    -6016.965       35.383   280.8
4.8725        -5981.573    -6016.948       35.376   280.7
4.8730        -5981.564    -6016.930       35.366   280.6
4.8735        -5981.548    -6016.910       35.362   280.6
4.8740        -5981.536    -6016.887       35.351   280.5
4.8745        -5981.519    -6016.863       35.343   280.4
4.8750        -5981.443    -6016.836       35.393   280.8
4.8755        -5981.467    -6016.806       35.339   280.4
4.8760        -5981.459    -6016.773       35.314   280.2
4.8765        -5981.437    -6016.735       35.299   280.1
4.8770        -5981.400    -6016.694       35.294   280.0
4.8775        -5981.379    -6016.650       35.271   279.9
4.8780        -5981.401    -6016.604       35.203   279.3
4.8785        -5981.379    -6016.555       35.175   279.1
4.8790        -5981.358    -6016.503       35.145   278.9
4.8795        -5981.337    -6016.448       35.111   278.6
4.8800        -5981.361    -6016.390       35.029   277.9
4.8805        -5981.310    -6016.331       35.020   277.9
4.8810        -5981.312    -6016.268       34.956   277.4
4.8815        -5981.344    -6016.203       34.859   276.6
4.8820        -5981.372    -6016.137       34.765   275.8
4.8825        -5981.376    -6016.070       34.694   275.3
4.8830        -5981.358    -6016.002       34.644   274.9
4.8835        -5981.363    -6015.933       34.571   274.3
4.8840        -5981.333    -6015.865       34.532   274.0
4.8845        -5981.340    -6015.797       34.457   273.4
4.8850        -5981.327    -6015.731       34.404   273.0
4.8855        -5981.361    -6015.666       34.305   272.2
4.8860        -5981.353    -6015.603       34.250   271.8
4.8865        -5981.338    -6015.540       34.203   271.4
4.8870        -5981.297    -6015.480       34.183   271.2
4.8875        -5981.266    -6015.421       34.155   271.0
4.8880        -5981.248    -6015.364       34.116   270.7
4.8885        -5981.243    -6015.309       34.065   270.3
4.8890        -5981.242    -6015.256       34.014   269.9
4.8895        -5981.241    -6015.205       33.965   269.5
4.8900        -5981.242    -6015.156       33.914   269.1
4.8905        -5981.232    -6015.110       33.878   268.8
4.8910        -5981.308    -6015.068       33.760   267.9
4.8915        -5981.270    -6015.028       33.758   267.9
4.8920        -5981.241    -6014.991       33.750   267.8
4.8925        -5981.231    -6014.958       33.726   267.6
4.8930        -5981.253    -6014.928       33.675   267.2
4.8935        -5981.255    -6014.902       33.647   267.0
4.8940        -5981.267    -6014.880       33.613   266.7
4.8945        -5981.261    -6014.861       33.600   266.6
4.8950        -5981.230    -6014.846       33.616   266.7
4.8955        -5981.283    -6014.834       33.551   266.2
4.8960        -5981.281    -6014.825       33.543   266.2
4.8965        -5981.306    -6014.819       33.513   265.9
4.8970        -5981.311    -6014.817       33.506   265.9
4.8975        -5981.334    -6014.818       33.484   265.7
4.8980        -5981.336    -6014.820       33.485   265.7
4.8985        -5981.394    -6014.827       33.433   265.3
4.8990        -5981.376    -6014.835       33.459   265.5
4.8995        -5981.342    -6014.847       33.505   265.8
4.9000        -5981.366    -6014.860       33.494   265.8
4.9005        -5981.373    -6014.875       33.502   265.8
4.9010        -5981.346    -6014.892       33.546   266.2
4.9015        -5981.327    -6014.912       33.585   266.5
4.9020        -5981.282    -6014.933       33.651   267.0
4.9025        -5981.258    -6014.957       33.698   267.4
4.9030        -5981.282    -6014.981       33.699   267.4
4.9035        -5981.302    -6015.006       33.704   267.4
4.9040        -5981.282    -6015.031       33.749   267.8
4.9045        -5981.299    -6015.057       33.758   267.9
4.9050        -5981.297    -6015.083       33.786   268.1
4.9055        -5981.315    -6015.110       33.795   268.2
4.9060        -5981.342    -6015.135       33.793   268.1
4.9065        -5981.375    -6015.160       33.785   268.1
4.9070        -5981.373    -6015.187       33.814   268.3
4.9075        -5981.330    -6015.214       33.884   268.9
4.9080        -5981.372    -6015.243       33.870   268.8
4.9085        -5981.401    -6015.272       33.871   268.8
4.9090        -5981.381    -6015.303       33.922   269.2
4.9095        -5981.364    -6015.335       33.971   269.6
4.9100        -5981.387    -6015.369       33.982   269.6
4.9105        -5981.373    -6015.403       34.031   270.0
4.9110        -5981.315    -6015.437       34.122   270.7
4.9115        -5981.286    -6015.470       34.184   271.2
4.9120        -5981.325    -6015.504       34.178   271.2
4.9125        -5981.331    -6015.538       34.206   271.4
4.9130        -5981.341    -6015.572       34.231   271.6
4.9135        -5981.305    -6015.609       34.304   272.2
4.9140        -5981.318    -6015.648       34.330   272.4
4.9145        -5981.284    -6015.688       34.404   273.0
4.9150        -5981.277    -6015.727       34.451   273.4
4.9155        -5981.261    -6015.766       34.506   273.8
4.9160        -5981.263    -6015.804       34.541   274.1
4.9165        -5981.243    -6015.842       34.599   274.5
4.9170        -5981.288    -6015.881       34.593   274.5
4.9175        -5981.249    -6015.919       34.670   275.1
4.9180        -5981.245    -6015.956       34.711   275.4
4.9185        -5981.195    -6015.994       34.798   276.1
4.9190        -5981.177    -6016.031       34.855   276.6
4.9195        -5981.172    -6016.069       34.897   276.9
4.9200        -5981.197    -6016.106       34.909   277.0
4.9205        -5981.194    -6016.142       34.948   277.3
4.9210        -5981.178    -6016.177       34.999   277.7
4.9215        -5981.171    -6016.211       35.041   278.0
4.9220        -5981.182    -6016.244       35.062   278.2
4.9225        -5981.164    -6016.274       35.110   278.6
4.9230        -5981.171    -6016.303       35.131   278.8
4.9235        -5981.165    -6016.329       35.165   279.0
4.9240        -5981.169    -6016.354       35.184   279.2
4.9245        -5981.192    -6016.376       35.185   279.2
4.9250        -5981.171    -6016.396       35.225   279.5
4.9255        -5981.210    -6016.412       35.202   279.3
4.9260        -5981.202    -6016.425       35.223   279.5
4.9265        -5981.191    -6016.436       35.245   279.7
4.9270        -5981.224    -6016.443       35.219   279.5
4.9275        -5981.268    -6016.449       35.181   279.1
4.9280        -5981.285    -6016.453       35.168   279.0
4.9285        -5981.272    -6016.455       35.183   279.2
4.9290        -5981.267    -6016.454       35.187   279.2
4.9295        -5981.252    -6016.451       35.199   279.3
4.9300        -5981.246    -6016.445       35.199   279.3
4.9305        -5981.214    -6016.437       35.223   279.5
4.9310        -5981.203    -6016.425       35.222   279.5
4.9315        -5981.196    -6016.410       35.213   279.4
4.9320        -5981.166    -6016.390       35.224   279.5
4.9325        -5981.110    -6016.368       35.257   279.8
4.9330        -5981.136    -6016.341       35.205   279.3
4.9335        -5981.142    -6016.310       35.168   279.0
4.9340        -5981.121    -6016.276       35.155   278.9
4.9345        -5981.115    -6016.239       35.124   278.7
4.9350        -5981.135    -6016.201       35.066   278.2
4.9355        -5981.120    -6016.161       35.041   278.0
4.9360        -5981.149    -6016.118       34.969   277.5
4.9365        -5981.095    -6016.073       34.979   277.5
4.9370        -5981.123    -6016.026       34.903   276.9
4.9375        -5981.134    -6015.978       34.844   276.5
4.9380        -5981.117    -6015.927       34.810   276.2
4.9385        -5981.134    -6015.875       34.741   275.7
4.9390        -5981.152    -6015.822       34.669   275.1
4.9395        -5981.120    -6015.768       34.648   274.9
4.9400        -5981.183    -6015.713       34.530   274.0
4.9405        -5981.206    -6015.658       34.453   273.4
4.9410        -5981.202    -6015.605       34.403   273.0
4.9415        -5981.186    -6015.552       34.366   272.7
4.9420        -5981.202    -6015.502       34.300   272.2
4.9425        -5981.159    -6015.454       34.295   272.1
4.9430        -5981.155    -6015.407       34.252   271.8
4.9435        -5981.180    -6015.363       34.184   271.2
4.9440        -5981.183    -6015.324       34.141   270.9
4.9445        -5981.258    -6015.289       34.031   270.0
4.9450        -5981.239    -6015.257       34.017   269.9
4.9455        -5981.244    -6015.229       33.985   269.7
4.9460        -5981.242    -6015.205       33.964   269.5
4.9465        -5981.283    -6015.187       33.904   269.0
4.9470        -5981.310    -6015.175       33.865   268.7
4.9475        -5981.337    -6015.167       33.830   268.4
4.9480        -5981.335    -6015.166       33.831   268.4
4.9485        -5981.362    -6015.171       33.810   268.3
4.9490        -5981.381    -6015.181       33.800   268.2
4.9495        -5981.332    -6015.194       33.863   268.7
4.9500        -5981.357    -6015.212       33.855   268.6
4.9505        -5981.372    -6015.235       33.863   268.7
4.9510        -5981.389    -6015.263       33.874   268.8
4.9515        -5981.375    -6015.295       33.920   269.1
4.9520        -5981.439    -6015.333       33.895   268.9
4.9525        -5981.467    -6015.376       33.910   269.1
4.9530        -5981.454    -6015.424       33.970   269.5
4.9535        -5981.466    -6015.475       34.009   269.8
4.9540        -5981.449    -6015.530       34.081   270.4
4.9545        -5981.411    -6015.589       34.178   271.2
4.9550        -5981.449    -6015.650       34.201   271.4
4.9555        -5981.457    -6015.713       34.256   271.8
4.9560        -5981.481    -6015.778       34.297   272.1
4.9565        -5981.430    -6015.845       34.415   273.1
4.9570        -5981.409    -6015.913       34.504   273.8
4.9575        -5981.385    -6015.981       34.596   274.5
4.9580        -5981.337    -6016.048       34.712   275.4
4.9585        -5981.338    -6016.115       34.777   275.9
4.9590        -5981.295    -6016.179       34.884   276.8
4.9595        -5981.273    -6016.241       34.967   277.5
4.9600        -5981.274    -6016.301       35.027   277.9
4.9605        -5981.327    -6016.359       35.032   278.0
4.9610        -5981.308    -6016.415       35.107   278.6
4.9615        -5981.296    -6016.468       35.172   279.1
4.9620        -5981.295    -6016.516       35.221   279.5
4.9625        -5981.298    -6016.560       35.262   279.8
4.9630        -5981.330    -6016.599       35.268   279.8
4.9635        -5981.340    -6016.631       35.291   280.0
4.9640        -5981.312    -6016.659       35.348   280.5
4.9645        -5981.319    -6016.681       35.362   280.6
4.9650        -5981.342    -6016.698       35.356   280.5
4.9655        -5981.295    -6016.709       35.414   281.0
4.9660        -5981.289    -6016.715       35.426   281.1
4.9665        -5981.258    -6016.716       35.458   281.3
4.9670        -5981.294    -6016.711       35.418   281.0
4.9675        -5981.274    -6016.703       35.429   281.1
4.9680        -5981.269    -6016.688       35.419   281.0
4.9685        -5981.251    -6016.670       35.420   281.0
4.9690        -5981.255    -6016.649       35.393   280.8
4.9695        -5981.279    -6016.625       35.346   280.5
4.9700        -5981.200    -6016.599       35.399   280.9
4.9705        -5981.170    -6016.573       35.402   280.9
4.9710        -5981.111    -6016.544       35.433   281.2
4.9715        -5981.113    -6016.514       35.401   280.9
4.9720        -5981.093    -6016.483       35.390   280.8
4.9725        -5981.064    -6016.452       35.387   280.8
4.9730        -5981.073    -6016.419       35.346   280.5
4.9735        -5981.070    -6016.387       35.317   280.2
4.9740        -5981.072    -6016.354       35.282   280.0
4.9745        -5981.039    -6016.320       35.281   279.9
4.9750        -5981.056    -6016.287       35.231   279.5
4.9755        -5981.072    -6016.254       35.183   279.2
4.9760        -5981.054    -6016.221       35.167   279.0
4.9765        -5981.054    -6016.190       35.136   278.8
4.9770        -5981.077    -6016.160       35.083   278.4
4.9775        -5981.031    -6016.132       35.101   278.5
4.9780        -5980.938    -6016.107       35.168   279.1
4.9785        -5980.942    -6016.085       35.143   278.8
4.9790        -5980.959    -6016.065       35.106   278.6
4.9795        -5980.982    -6016.049       35.067   278.2
4.9800        -5980.994    -6016.034       35.041   278.0
4.9805        -5980.933    -6016.024       35.091   278.4
4.9810        -5981.000    -6016.015       35.015   277.8
4.9815        -5980.938    -6016.009       35.071   278.3
4.9820        -5980.936    -6016.004       35.069   278.3
4.9825        -5980.943    -6016.002       35.059   278.2
4.9830        -5980.894    -6016.002       35.108   278.6
4.9835        -5980.918    -6016.005       35.087   278.4
4.9840        -5980.914    -6016.010       35.095   278.5
4.9845        -5980.893    -6016.017       35.124   278.7
4.9850        -5980.855    -6016.027       35.172   279.1
4.9855        -5980.836    -6016.038       35.202   279.3
4.9860        -5980.845    -6016.051       35.206   279.3
4.9865        -5980.856    -6016.065       35.209   279.4
4.9870        -5980.873    -6016.080       35.207   279.4
4.9875        -5980.886    -6016.096       35.210   279.4
4.9880        -5980.893    -6016.114       35.221   279.5
4.9885        -5980.937    -6016.133       35.195   279.3
4.9890        -5980.906    -6016.153       35.247   279.7
4.9895        -5980.906    -6016.173       35.267   279.8
4.9900        -5980.952    -6016.194       35.242   279.6
4.9905        -5980.922    -6016.213       35.291   280.0
4.9910        -5980.898    -6016.232       35.334   280.4
4.9915        -5980.892    -6016.249       35.357   280.5
4.9920        -5980.876    -6016.264       35.389   280.8
4.9925        -5980.844    -6016.277       35.433   281.2
4.9930        -5980.779    -6016.288       35.509   281.8
4.9935        -5980.767    -6016.296       35.529   281.9
4.9940        -5980.751    -6016.300       35.549   282.1
4.9945        -5980.693    -6016.300       35.608   282.5
4.9950        -5980.696    -6016.297       35.602   282.5
4.9955        -5980.732    -6016.290       35.558   282.1
4.9960        -5980.710    -6016.280       35.569   282.2
4.9965        -5980.704    -6016.265       35.561   282.2
4.9970        -5980.675    -6016.247       35.572   282.3
4.9975        -5980.663    -6016.225       35.562   282.2
4.9980        -5980.670    -6016.200       35.531   281.9
4.9985        -5980.675    -6016.172       35.497   281.7
4.9990        -5980.647    -6016.140       35.493   281.6
4.9995        -5980.722    -6016.105       35.383   280.8
5.0000        -5980.700    -6016.066       35.366   280.6
