Time[ps]      Etot[eV]     Epot[eV]     Ekin[eV]    T[K]
0.0000        -6045.444    -6045.444        0.000     0.0
0.0005        -6045.426    -6045.447        0.021     0.2
0.0010        -6045.408    -6045.455        0.047     0.4
0.0015        -6045.392    -6045.469        0.077     0.6
0.0020        -6045.372    -6045.488        0.116     0.9
0.0025        -6045.352    -6045.512        0.159     1.3
0.0030        -6045.333    -6045.541        0.208     1.6
0.0035        -6045.318    -6045.575        0.257     2.0
0.0040        -6045.297    -6045.613        0.316     2.5
0.0045        -6045.275    -6045.656        0.381     3.0
0.0050        -6045.251    -6045.702        0.451     3.6
0.0055        -6045.228    -6045.752        0.524     4.2
0.0060        -6045.204    -6045.805        0.601     4.8
0.0065        -6045.190    -6045.861        0.671     5.3
0.0070        -6045.176    -6045.920        0.744     5.9
0.0075        -6045.160    -6045.980        0.820     6.5
0.0080        -6045.140    -6046.042        0.902     7.2
0.0085        -6045.124    -6046.106        0.982     7.8
0.0090        -6045.107    -6046.171        1.064     8.4
0.0095        -6045.078    -6046.236        1.159     9.2
0.0100        -6045.066    -6046.302        1.236     9.8
0.0105        -6045.048    -6046.368        1.320    10.5
0.0110        -6045.030    -6046.433        1.403    11.1
0.0115        -6045.004    -6046.498        1.494    11.9
0.0120        -6044.983    -6046.562        1.580    12.5
0.0125        -6044.972    -6046.625        1.653    13.1
0.0130        -6044.954    -6046.686        1.731    13.7
0.0135        -6044.921    -6046.745        1.824    14.5
0.0140        -6044.909    -6046.802        1.893    15.0
0.0145        -6044.879    -6046.856        1.977    15.7
0.0150        -6044.866    -6046.908        2.042    16.2
0.0155        -6044.859    -6046.957        2.098    16.6
0.0160        -6044.839    -6047.003        2.164    17.2
0.0165        -6044.828    -6047.045        2.217    17.6
0.0170        -6044.817    -6047.084        2.267    18.0
0.0175        -6044.799    -6047.119        2.320    18.4
0.0180        -6044.795    -6047.150        2.355    18.7
0.0185        -6044.787    -6047.177        2.389    19.0
0.0190        -6044.772    -6047.199        2.427    19.3
0.0195        -6044.750    -6047.217        2.467    19.6
0.0200        -6044.733    -6047.231        2.498    19.8
0.0205        -6044.708    -6047.241        2.532    20.1
0.0210        -6044.692    -6047.247        2.554    20.3
0.0215        -6044.665    -6047.248        2.583    20.5
0.0220        -6044.659    -6047.246        2.587    20.5
0.0225        -6044.635    -6047.240        2.606    20.7
0.0230        -6044.621    -6047.231        2.610    20.7
0.0235        -6044.618    -6047.218        2.601    20.6
0.0240        -6044.600    -6047.203        2.603    20.7
0.0245        -6044.589    -6047.185        2.595    20.6
0.0250        -6044.584    -6047.165        2.580    20.5
0.0255        -6044.572    -6047.143        2.570    20.4
0.0260        -6044.548    -6047.119        2.571    20.4
0.0265        -6044.551    -6047.094        2.543    20.2
0.0270        -6044.530    -6047.067        2.537    20.1
0.0275        -6044.513    -6047.040        2.526    20.0
0.0280        -6044.500    -6047.011        2.511    19.9
0.0285        -6044.474    -6046.982        2.508    19.9
0.0290        -6044.456    -6046.952        2.496    19.8
0.0295        -6044.430    -6046.921        2.491    19.8
0.0300        -6044.414    -6046.890        2.476    19.6
0.0305        -6044.396    -6046.858        2.462    19.5
0.0310        -6044.391    -6046.826        2.435    19.3
0.0315        -6044.367    -6046.794        2.428    19.3
0.0320        -6044.345    -6046.763        2.418    19.2
0.0325        -6044.331    -6046.731        2.400    19.0
0.0330        -6044.319    -6046.701        2.382    18.9
0.0335        -6044.310    -6046.671        2.361    18.7
0.0340        -6044.292    -6046.642        2.350    18.6
0.0345        -6044.272    -6046.614        2.342    18.6
0.0350        -6044.254    -6046.589        2.335    18.5
0.0355        -6044.213    -6046.566        2.353    18.7
0.0360        -6044.186    -6046.545        2.360    18.7
0.0365        -6044.162    -6046.528        2.366    18.8
0.0370        -6044.156    -6046.513        2.357    18.7
0.0375        -6044.133    -6046.502        2.369    18.8
0.0380        -6044.119    -6046.494        2.375    18.8
0.0385        -6044.100    -6046.490        2.390    19.0
0.0390        -6044.089    -6046.490        2.401    19.1
0.0395        -6044.051    -6046.494        2.443    19.4
0.0400        -6044.038    -6046.501        2.463    19.5
0.0405        -6044.026    -6046.512        2.486    19.7
0.0410        -6044.017    -6046.526        2.509    19.9
0.0415        -6043.992    -6046.544        2.552    20.2
0.0420        -6043.980    -6046.563        2.584    20.5
0.0425        -6043.966    -6046.585        2.619    20.8
0.0430        -6043.959    -6046.609        2.650    21.0
0.0435        -6043.950    -6046.635        2.685    21.3
0.0440        -6043.920    -6046.661        2.741    21.8
0.0445        -6043.899    -6046.688        2.789    22.1
0.0450        -6043.898    -6046.715        2.817    22.4
0.0455        -6043.868    -6046.742        2.874    22.8
0.0460        -6043.856    -6046.769        2.913    23.1
0.0465        -6043.848    -6046.795        2.947    23.4
0.0470        -6043.844    -6046.819        2.975    23.6
0.0475        -6043.825    -6046.843        3.018    23.9
0.0480        -6043.810    -6046.865        3.055    24.2
0.0485        -6043.795    -6046.886        3.090    24.5
0.0490        -6043.779    -6046.905        3.125    24.8
0.0495        -6043.771    -6046.922        3.151    25.0
0.0500        -6043.754    -6046.937        3.183    25.3
0.0505        -6043.736    -6046.951        3.214    25.5
0.0510        -6043.730    -6046.962        3.232    25.6
0.0515        -6043.713    -6046.971        3.259    25.9
0.0520        -6043.686    -6046.979        3.292    26.1
0.0525        -6043.692    -6046.984        3.292    26.1
0.0530        -6043.658    -6046.987        3.329    26.4
0.0535        -6043.645    -6046.988        3.342    26.5
0.0540        -6043.628    -6046.986        3.358    26.6
0.0545        -6043.596    -6046.983        3.386    26.9
0.0550        -6043.588    -6046.976        3.389    26.9
0.0555        -6043.570    -6046.968        3.397    27.0
0.0560        -6043.574    -6046.957        3.383    26.8
0.0565        -6043.552    -6046.943        3.391    26.9
0.0570        -6043.538    -6046.926        3.388    26.9
0.0575        -6043.512    -6046.907        3.395    26.9
0.0580        -6043.497    -6046.885        3.388    26.9
0.0585        -6043.489    -6046.860        3.372    26.8
0.0590        -6043.465    -6046.833        3.368    26.7
0.0595        -6043.434    -6046.803        3.369    26.7
0.0600        -6043.405    -6046.771        3.366    26.7
0.0605        -6043.379    -6046.738        3.359    26.7
0.0610        -6043.364    -6046.703        3.338    26.5
0.0615        -6043.365    -6046.667        3.302    26.2
0.0620        -6043.352    -6046.630        3.278    26.0
0.0625        -6043.326    -6046.593        3.267    25.9
0.0630        -6043.310    -6046.556        3.247    25.8
0.0635        -6043.303    -6046.520        3.217    25.5
0.0640        -6043.280    -6046.484        3.204    25.4
0.0645        -6043.243    -6046.450        3.206    25.4
0.0650        -6043.233    -6046.418        3.185    25.3
0.0655        -6043.208    -6046.388        3.180    25.2
0.0660        -6043.188    -6046.361        3.173    25.2
0.0665        -6043.172    -6046.336        3.165    25.1
0.0670        -6043.158    -6046.316        3.158    25.1
0.0675        -6043.136    -6046.299        3.163    25.1
0.0680        -6043.139    -6046.285        3.146    25.0
0.0685        -6043.127    -6046.275        3.147    25.0
0.0690        -6043.120    -6046.267        3.147    25.0
0.0695        -6043.100    -6046.264        3.164    25.1
0.0700        -6043.094    -6046.263        3.169    25.1
0.0705        -6043.078    -6046.265        3.187    25.3
0.0710        -6043.058    -6046.271        3.212    25.5
0.0715        -6043.023    -6046.279        3.256    25.8
0.0720        -6042.998    -6046.289        3.290    26.1
0.0725        -6042.987    -6046.300        3.314    26.3
0.0730        -6042.972    -6046.314        3.342    26.5
0.0735        -6042.962    -6046.329        3.367    26.7
0.0740        -6042.940    -6046.345        3.405    27.0
0.0745        -6042.918    -6046.361        3.444    27.3
0.0750        -6042.902    -6046.378        3.476    27.6
0.0755        -6042.903    -6046.394        3.491    27.7
0.0760        -6042.881    -6046.411        3.530    28.0
0.0765        -6042.848    -6046.427        3.578    28.4
0.0770        -6042.835    -6046.442        3.607    28.6
0.0775        -6042.808    -6046.456        3.648    28.9
0.0780        -6042.804    -6046.469        3.665    29.1
0.0785        -6042.779    -6046.481        3.702    29.4
0.0790        -6042.761    -6046.491        3.730    29.6
0.0795        -6042.742    -6046.499        3.757    29.8
0.0800        -6042.729    -6046.505        3.776    30.0
0.0805        -6042.719    -6046.509        3.790    30.1
0.0810        -6042.701    -6046.510        3.809    30.2
0.0815        -6042.701    -6046.509        3.808    30.2
0.0820        -6042.690    -6046.505        3.815    30.3
0.0825        -6042.658    -6046.499        3.841    30.5
0.0830        -6042.645    -6046.490        3.845    30.5
0.0835        -6042.628    -6046.480        3.852    30.6
0.0840        -6042.615    -6046.466        3.852    30.6
0.0845        -6042.589    -6046.451        3.862    30.6
0.0850        -6042.584    -6046.433        3.849    30.5
0.0855        -6042.562    -6046.414        3.851    30.6
0.0860        -6042.547    -6046.392        3.845    30.5
0.0865        -6042.530    -6046.370        3.839    30.5
0.0870        -6042.515    -6046.346        3.830    30.4
0.0875        -6042.503    -6046.321        3.818    30.3
0.0880        -6042.485    -6046.296        3.811    30.2
0.0885        -6042.473    -6046.269        3.796    30.1
0.0890        -6042.451    -6046.243        3.792    30.1
0.0895        -6042.448    -6046.216        3.768    29.9
0.0900        -6042.440    -6046.189        3.750    29.8
0.0905        -6042.436    -6046.163        3.727    29.6
0.0910        -6042.422    -6046.137        3.715    29.5
0.0915        -6042.397    -6046.111        3.713    29.5
0.0920        -6042.384    -6046.086        3.702    29.4
0.0925        -6042.355    -6046.061        3.706    29.4
0.0930        -6042.329    -6046.037        3.708    29.4
0.0935        -6042.307    -6046.014        3.707    29.4
0.0940        -6042.276    -6045.991        3.716    29.5
0.0945        -6042.263    -6045.969        3.706    29.4
0.0950        -6042.260    -6045.949        3.689    29.3
0.0955        -6042.251    -6045.929        3.677    29.2
0.0960        -6042.246    -6045.910        3.664    29.1
0.0965        -6042.228    -6045.893        3.665    29.1
0.0970        -6042.216    -6045.877        3.661    29.0
0.0975        -6042.202    -6045.862        3.660    29.0
0.0980        -6042.183    -6045.849        3.666    29.1
0.0985        -6042.169    -6045.836        3.667    29.1
0.0990        -6042.138    -6045.825        3.686    29.2
0.0995        -6042.109    -6045.814        3.705    29.4
0.1000        -6042.096    -6045.804        3.707    29.4
0.1005        -6042.085    -6045.795        3.710    29.4
0.1010        -6042.059    -6045.787        3.728    29.6
0.1015        -6042.036    -6045.780        3.744    29.7
0.1020        -6042.007    -6045.774        3.766    29.9
0.1025        -6042.007    -6045.768        3.761    29.8
0.1030        -6041.990    -6045.763        3.773    29.9
0.1035        -6041.983    -6045.759        3.776    30.0
0.1040        -6041.952    -6045.756        3.804    30.2
0.1045        -6041.947    -6045.752        3.805    30.2
0.1050        -6041.928    -6045.749        3.820    30.3
0.1055        -6041.903    -6045.745        3.842    30.5
0.1060        -6041.898    -6045.742        3.843    30.5
0.1065        -6041.892    -6045.738        3.846    30.5
0.1070        -6041.874    -6045.734        3.860    30.6
0.1075        -6041.869    -6045.729        3.860    30.6
0.1080        -6041.857    -6045.724        3.867    30.7
0.1085        -6041.846    -6045.718        3.873    30.7
0.1090        -6041.840    -6045.712        3.871    30.7
0.1095        -6041.831    -6045.705        3.874    30.7
0.1100        -6041.814    -6045.698        3.883    30.8
0.1105        -6041.800    -6045.690        3.890    30.9
0.1110        -6041.793    -6045.681        3.888    30.9
0.1115        -6041.767    -6045.672        3.905    31.0
0.1120        -6041.748    -6045.662        3.914    31.1
0.1125        -6041.739    -6045.651        3.912    31.0
0.1130        -6041.724    -6045.639        3.915    31.1
0.1135        -6041.717    -6045.627        3.910    31.0
0.1140        -6041.718    -6045.615        3.897    30.9
0.1145        -6041.711    -6045.603        3.891    30.9
0.1150        -6041.688    -6045.590        3.902    31.0
0.1155        -6041.665    -6045.577        3.912    31.0
0.1160        -6041.644    -6045.563        3.919    31.1
0.1165        -6041.626    -6045.549        3.923    31.1
0.1170        -6041.622    -6045.534        3.912    31.0
0.1175        -6041.614    -6045.519        3.905    31.0
0.1180        -6041.584    -6045.503        3.919    31.1
0.1185        -6041.584    -6045.488        3.903    31.0
0.1190        -6041.569    -6045.473        3.904    31.0
0.1195        -6041.538    -6045.457        3.919    31.1
0.1200        -6041.529    -6045.442        3.914    31.1
0.1205        -6041.519    -6045.427        3.909    31.0
0.1210        -6041.483    -6045.413        3.930    31.2
0.1215        -6041.456    -6045.398        3.942    31.3
0.1220        -6041.424    -6045.384        3.960    31.4
0.1225        -6041.396    -6045.371        3.974    31.5
0.1230        -6041.378    -6045.357        3.979    31.6
0.1235        -6041.369    -6045.344        3.975    31.5
0.1240        -6041.346    -6045.332        3.986    31.6
0.1245        -6041.324    -6045.320        3.996    31.7
0.1250        -6041.296    -6045.308        4.012    31.8
0.1255        -6041.282    -6045.298        4.015    31.9
0.1260        -6041.273    -6045.288        4.014    31.9
0.1265        -6041.261    -6045.278        4.017    31.9
0.1270        -6041.254    -6045.270        4.016    31.9
0.1275        -6041.219    -6045.262        4.043    32.1
0.1280        -6041.208    -6045.255        4.046    32.1
0.1285        -6041.178    -6045.248        4.070    32.3
0.1290        -6041.156    -6045.243        4.088    32.4
0.1295        -6041.132    -6045.239        4.106    32.6
0.1300        -6041.106    -6045.236        4.129    32.8
0.1305        -6041.095    -6045.233        4.138    32.8
0.1310        -6041.082    -6045.232        4.149    32.9
0.1315        -6041.065    -6045.231        4.166    33.1
0.1320        -6041.061    -6045.232        4.171    33.1
0.1325        -6041.049    -6045.233        4.184    33.2
0.1330        -6041.024    -6045.235        4.212    33.4
0.1335        -6041.012    -6045.238        4.226    33.5
0.1340        -6041.004    -6045.243        4.239    33.6
0.1345        -6040.965    -6045.248        4.283    34.0
0.1350        -6040.942    -6045.254        4.312    34.2
0.1355        -6040.917    -6045.262        4.345    34.5
0.1360        -6040.900    -6045.271        4.371    34.7
0.1365        -6040.878    -6045.281        4.402    34.9
0.1370        -6040.865    -6045.292        4.427    35.1
0.1375        -6040.843    -6045.304        4.461    35.4
0.1380        -6040.818    -6045.317        4.499    35.7
0.1385        -6040.791    -6045.330        4.540    36.0
0.1390        -6040.777    -6045.345        4.567    36.2
0.1395        -6040.779    -6045.360        4.580    36.3
0.1400        -6040.760    -6045.376        4.616    36.6
0.1405        -6040.740    -6045.392        4.652    36.9
0.1410        -6040.719    -6045.408        4.689    37.2
0.1415        -6040.712    -6045.424        4.712    37.4
0.1420        -6040.691    -6045.440        4.749    37.7
0.1425        -6040.683    -6045.455        4.772    37.9
0.1430        -6040.683    -6045.469        4.785    38.0
0.1435        -6040.665    -6045.483        4.818    38.2
0.1440        -6040.653    -6045.496        4.843    38.4
0.1445        -6040.636    -6045.508        4.872    38.7
0.1450        -6040.604    -6045.520        4.917    39.0
0.1455        -6040.620    -6045.531        4.911    39.0
0.1460        -6040.594    -6045.542        4.948    39.3
0.1465        -6040.593    -6045.552        4.959    39.3
0.1470        -6040.564    -6045.561        4.998    39.7
0.1475        -6040.544    -6045.570        5.026    39.9
0.1480        -6040.546    -6045.579        5.033    39.9
0.1485        -6040.512    -6045.587        5.076    40.3
0.1490        -6040.503    -6045.595        5.092    40.4
0.1495        -6040.503    -6045.602        5.099    40.5
0.1500        -6040.486    -6045.609        5.123    40.6
0.1505        -6040.474    -6045.615        5.141    40.8
0.1510        -6040.475    -6045.620        5.145    40.8
0.1515        -6040.454    -6045.625        5.171    41.0
0.1520        -6040.440    -6045.629        5.190    41.2
0.1525        -6040.407    -6045.632        5.225    41.5
0.1530        -6040.388    -6045.633        5.245    41.6
0.1535        -6040.379    -6045.633        5.254    41.7
0.1540        -6040.361    -6045.631        5.270    41.8
0.1545        -6040.347    -6045.628        5.281    41.9
0.1550        -6040.336    -6045.622        5.286    41.9
0.1555        -6040.333    -6045.615        5.281    41.9
0.1560        -6040.360    -6045.605        5.244    41.6
0.1565        -6040.352    -6045.593        5.241    41.6
0.1570        -6040.344    -6045.579        5.234    41.5
0.1575        -6040.323    -6045.562        5.239    41.6
0.1580        -6040.296    -6045.543        5.247    41.6
0.1585        -6040.266    -6045.522        5.257    41.7
0.1590        -6040.271    -6045.500        5.229    41.5
0.1595        -6040.263    -6045.475        5.212    41.4
0.1600        -6040.245    -6045.449        5.204    41.3
0.1605        -6040.229    -6045.422        5.194    41.2
0.1610        -6040.209    -6045.393        5.185    41.1
0.1615        -6040.158    -6045.363        5.205    41.3
0.1620        -6040.142    -6045.331        5.189    41.2
0.1625        -6040.145    -6045.298        5.153    40.9
0.1630        -6040.134    -6045.264        5.130    40.7
0.1635        -6040.135    -6045.229        5.094    40.4
0.1640        -6040.125    -6045.193        5.068    40.2
0.1645        -6040.119    -6045.156        5.037    40.0
0.1650        -6040.104    -6045.118        5.014    39.8
0.1655        -6040.104    -6045.079        4.975    39.5
0.1660        -6040.070    -6045.041        4.971    39.4
0.1665        -6040.056    -6045.003        4.947    39.3
0.1670        -6040.054    -6044.966        4.912    39.0
0.1675        -6040.049    -6044.930        4.881    38.7
0.1680        -6040.039    -6044.894        4.855    38.5
0.1685        -6040.008    -6044.860        4.852    38.5
0.1690        -6039.980    -6044.828        4.848    38.5
0.1695        -6039.969    -6044.798        4.829    38.3
0.1700        -6039.951    -6044.771        4.820    38.2
0.1705        -6039.943    -6044.746        4.803    38.1
0.1710        -6039.909    -6044.724        4.815    38.2
0.1715        -6039.862    -6044.705        4.843    38.4
0.1720        -6039.843    -6044.689        4.847    38.5
0.1725        -6039.824    -6044.677        4.853    38.5
0.1730        -6039.802    -6044.668        4.866    38.6
0.1735        -6039.785    -6044.662        4.877    38.7
0.1740        -6039.780    -6044.659        4.879    38.7
0.1745        -6039.766    -6044.659        4.893    38.8
0.1750        -6039.748    -6044.661        4.913    39.0
0.1755        -6039.729    -6044.666        4.936    39.2
0.1760        -6039.722    -6044.672        4.950    39.3
0.1765        -6039.696    -6044.681        4.985    39.6
0.1770        -6039.693    -6044.691        4.997    39.7
0.1775        -6039.675    -6044.702        5.027    39.9
0.1780        -6039.658    -6044.713        5.055    40.1
0.1785        -6039.638    -6044.725        5.087    40.4
0.1790        -6039.637    -6044.738        5.101    40.5
0.1795        -6039.607    -6044.750        5.142    40.8
0.1800        -6039.590    -6044.761        5.171    41.0
0.1805        -6039.573    -6044.771        5.198    41.2
0.1810        -6039.563    -6044.780        5.217    41.4
0.1815        -6039.529    -6044.788        5.258    41.7
0.1820        -6039.504    -6044.794        5.290    42.0
0.1825        -6039.480    -6044.799        5.319    42.2
0.1830        -6039.464    -6044.802        5.337    42.4
0.1835        -6039.449    -6044.803        5.354    42.5
0.1840        -6039.440    -6044.803        5.363    42.6
0.1845        -6039.442    -6044.802        5.359    42.5
0.1850        -6039.426    -6044.799        5.372    42.6
0.1855        -6039.418    -6044.794        5.376    42.7
0.1860        -6039.408    -6044.789        5.381    42.7
0.1865        -6039.385    -6044.782        5.396    42.8
0.1870        -6039.380    -6044.773        5.393    42.8
0.1875        -6039.352    -6044.763        5.411    42.9
0.1880        -6039.333    -6044.751        5.419    43.0
0.1885        -6039.334    -6044.738        5.404    42.9
0.1890        -6039.311    -6044.723        5.412    42.9
0.1895        -6039.304    -6044.707        5.404    42.9
0.1900        -6039.308    -6044.690        5.382    42.7
0.1905        -6039.290    -6044.672        5.382    42.7
0.1910        -6039.278    -6044.652        5.374    42.6
0.1915        -6039.268    -6044.632        5.364    42.6
0.1920        -6039.232    -6044.610        5.378    42.7
0.1925        -6039.214    -6044.588        5.374    42.6
0.1930        -6039.199    -6044.565        5.366    42.6
0.1935        -6039.199    -6044.540        5.341    42.4
0.1940        -6039.188    -6044.515        5.326    42.3
0.1945        -6039.169    -6044.489        5.320    42.2
0.1950        -6039.165    -6044.462        5.297    42.0
0.1955        -6039.157    -6044.435        5.279    41.9
0.1960        -6039.134    -6044.408        5.275    41.9
0.1965        -6039.114    -6044.381        5.267    41.8
0.1970        -6039.110    -6044.355        5.244    41.6
0.1975        -6039.113    -6044.329        5.216    41.4
0.1980        -6039.107    -6044.304        5.196    41.2
0.1985        -6039.085    -6044.279        5.194    41.2
0.1990        -6039.072    -6044.256        5.184    41.1
0.1995        -6039.032    -6044.234        5.201    41.3
0.2000        -6039.033    -6044.213        5.180    41.1
0.2005        -6039.027    -6044.194        5.167    41.0
0.2010        -6039.005    -6044.177        5.172    41.0
0.2015        -6039.010    -6044.162        5.152    40.9
0.2020        -6038.967    -6044.150        5.183    41.1
0.2025        -6038.938    -6044.139        5.201    41.3
0.2030        -6038.920    -6044.131        5.212    41.4
0.2035        -6038.914    -6044.126        5.212    41.4
0.2040        -6038.887    -6044.122        5.235    41.5
0.2045        -6038.859    -6044.122        5.263    41.8
0.2050        -6038.839    -6044.123        5.284    41.9
0.2055        -6038.849    -6044.127        5.277    41.9
0.2060        -6038.827    -6044.132        5.305    42.1
0.2065        -6038.817    -6044.139        5.322    42.2
0.2070        -6038.802    -6044.148        5.346    42.4
0.2075        -6038.790    -6044.158        5.368    42.6
0.2080        -6038.782    -6044.169        5.387    42.7
0.2085        -6038.769    -6044.181        5.412    42.9
0.2090        -6038.759    -6044.194        5.435    43.1
0.2095        -6038.731    -6044.209        5.478    43.5
0.2100        -6038.701    -6044.224        5.523    43.8
0.2105        -6038.676    -6044.239        5.563    44.1
0.2110        -6038.649    -6044.254        5.604    44.5
0.2115        -6038.635    -6044.269        5.634    44.7
0.2120        -6038.593    -6044.283        5.690    45.1
0.2125        -6038.579    -6044.297        5.718    45.4
0.2130        -6038.551    -6044.310        5.759    45.7
0.2135        -6038.524    -6044.322        5.798    46.0
0.2140        -6038.514    -6044.333        5.818    46.2
0.2145        -6038.517    -6044.342        5.825    46.2
0.2150        -6038.511    -6044.350        5.839    46.3
0.2155        -6038.520    -6044.357        5.837    46.3
0.2160        -6038.496    -6044.363        5.866    46.5
0.2165        -6038.477    -6044.367        5.890    46.7
0.2170        -6038.451    -6044.371        5.921    47.0
0.2175        -6038.446    -6044.374        5.928    47.0
0.2180        -6038.423    -6044.375        5.953    47.2
0.2185        -6038.417    -6044.376        5.958    47.3
0.2190        -6038.379    -6044.375        5.996    47.6
0.2195        -6038.372    -6044.373        6.001    47.6
0.2200        -6038.349    -6044.370        6.021    47.8
0.2205        -6038.319    -6044.366        6.047    48.0
0.2210        -6038.313    -6044.361        6.047    48.0
0.2215        -6038.312    -6044.355        6.042    47.9
0.2220        -6038.296    -6044.349        6.053    48.0
0.2225        -6038.277    -6044.343        6.065    48.1
0.2230        -6038.266    -6044.337        6.070    48.2
0.2235        -6038.275    -6044.330        6.056    48.0
0.2240        -6038.260    -6044.324        6.064    48.1
0.2245        -6038.240    -6044.317        6.077    48.2
0.2250        -6038.229    -6044.310        6.082    48.3
0.2255        -6038.197    -6044.304        6.107    48.5
0.2260        -6038.178    -6044.299        6.120    48.6
0.2265        -6038.172    -6044.293        6.121    48.6
0.2270        -6038.146    -6044.289        6.142    48.7
0.2275        -6038.119    -6044.285        6.166    48.9
0.2280        -6038.088    -6044.281        6.194    49.1
0.2285        -6038.053    -6044.278        6.225    49.4
0.2290        -6038.039    -6044.274        6.234    49.5
0.2295        -6038.018    -6044.270        6.252    49.6
0.2300        -6037.982    -6044.267        6.285    49.9
0.2305        -6037.991    -6044.265        6.274    49.8
0.2310        -6037.978    -6044.263        6.285    49.9
0.2315        -6037.961    -6044.262        6.301    50.0
0.2320        -6037.958    -6044.262        6.304    50.0
0.2325        -6037.946    -6044.263        6.317    50.1
0.2330        -6037.952    -6044.265        6.314    50.1
0.2335        -6037.947    -6044.269        6.321    50.2
0.2340        -6037.940    -6044.273        6.332    50.2
0.2345        -6037.935    -6044.277        6.341    50.3
0.2350        -6037.907    -6044.282        6.375    50.6
0.2355        -6037.881    -6044.288        6.408    50.8
0.2360        -6037.874    -6044.296        6.422    51.0
0.2365        -6037.860    -6044.305        6.444    51.1
0.2370        -6037.835    -6044.314        6.479    51.4
0.2375        -6037.818    -6044.324        6.506    51.6
0.2380        -6037.783    -6044.335        6.552    52.0
0.2385        -6037.758    -6044.347        6.588    52.3
0.2390        -6037.743    -6044.359        6.616    52.5
0.2395        -6037.734    -6044.371        6.637    52.7
0.2400        -6037.732    -6044.384        6.653    52.8
0.2405        -6037.713    -6044.398        6.685    53.0
0.2410        -6037.694    -6044.411        6.717    53.3
0.2415        -6037.660    -6044.424        6.764    53.7
0.2420        -6037.644    -6044.437        6.793    53.9
0.2425        -6037.610    -6044.448        6.838    54.3
0.2430        -6037.604    -6044.459        6.855    54.4
0.2435        -6037.595    -6044.469        6.874    54.5
0.2440        -6037.571    -6044.478        6.907    54.8
0.2445        -6037.557    -6044.486        6.929    55.0
0.2450        -6037.534    -6044.493        6.960    55.2
0.2455        -6037.526    -6044.499        6.974    55.3
0.2460        -6037.516    -6044.504        6.988    55.4
0.2465        -6037.484    -6044.507        7.023    55.7
0.2470        -6037.464    -6044.509        7.044    55.9
0.2475        -6037.445    -6044.509        7.064    56.1
0.2480        -6037.442    -6044.508        7.066    56.1
0.2485        -6037.444    -6044.505        7.060    56.0
0.2490        -6037.436    -6044.501        7.065    56.1
0.2495        -6037.431    -6044.495        7.064    56.1
0.2500        -6037.417    -6044.488        7.071    56.1
0.2505        -6037.415    -6044.480        7.064    56.1
0.2510        -6037.401    -6044.470        7.068    56.1
0.2515        -6037.378    -6044.458        7.080    56.2
0.2520        -6037.375    -6044.446        7.071    56.1
0.2525        -6037.369    -6044.432        7.064    56.0
0.2530        -6037.345    -6044.417        7.073    56.1
0.2535        -6037.298    -6044.401        7.103    56.4
0.2540        -6037.262    -6044.384        7.122    56.5
0.2545        -6037.236    -6044.365        7.129    56.6
0.2550        -6037.204    -6044.346        7.141    56.7
0.2555        -6037.174    -6044.324        7.150    56.7
0.2560        -6037.141    -6044.302        7.161    56.8
0.2565        -6037.129    -6044.278        7.149    56.7
0.2570        -6037.112    -6044.253        7.141    56.7
0.2575        -6037.103    -6044.227        7.124    56.5
0.2580        -6037.089    -6044.200        7.111    56.4
0.2585        -6037.084    -6044.171        7.088    56.2
0.2590        -6037.058    -6044.142        7.084    56.2
0.2595        -6037.054    -6044.112        7.058    56.0
0.2600        -6037.039    -6044.082        7.043    55.9
0.2605        -6037.038    -6044.052        7.013    55.6
0.2610        -6037.012    -6044.021        7.009    55.6
0.2615        -6036.963    -6043.990        7.027    55.8
0.2620        -6036.943    -6043.960        7.017    55.7
0.2625        -6036.928    -6043.930        7.002    55.6
0.2630        -6036.919    -6043.901        6.982    55.4
0.2635        -6036.899    -6043.872        6.973    55.3
0.2640        -6036.874    -6043.844        6.970    55.3
0.2645        -6036.832    -6043.817        6.985    55.4
0.2650        -6036.813    -6043.791        6.978    55.4
0.2655        -6036.803    -6043.765        6.962    55.2
0.2660        -6036.797    -6043.741        6.943    55.1
0.2665        -6036.778    -6043.717        6.939    55.1
0.2670        -6036.760    -6043.694        6.934    55.0
0.2675        -6036.722    -6043.671        6.949    55.1
0.2680        -6036.697    -6043.649        6.952    55.2
0.2685        -6036.664    -6043.627        6.963    55.2
0.2690        -6036.661    -6043.607        6.945    55.1
0.2695        -6036.635    -6043.588        6.953    55.2
0.2700        -6036.636    -6043.570        6.934    55.0
0.2705        -6036.620    -6043.553        6.933    55.0
0.2710        -6036.604    -6043.538        6.933    55.0
0.2715        -6036.582    -6043.523        6.941    55.1
0.2720        -6036.563    -6043.510        6.947    55.1
0.2725        -6036.531    -6043.498        6.967    55.3
0.2730        -6036.508    -6043.487        6.979    55.4
0.2735        -6036.514    -6043.477        6.964    55.3
0.2740        -6036.500    -6043.469        6.969    55.3
0.2745        -6036.465    -6043.461        6.996    55.5
0.2750        -6036.441    -6043.454        7.013    55.6
0.2755        -6036.433    -6043.448        7.015    55.7
0.2760        -6036.419    -6043.443        7.024    55.7
0.2765        -6036.405    -6043.439        7.034    55.8
0.2770        -6036.392    -6043.435        7.043    55.9
0.2775        -6036.351    -6043.433        7.082    56.2
0.2780        -6036.348    -6043.431        7.083    56.2
0.2785        -6036.314    -6043.431        7.117    56.5
0.2790        -6036.301    -6043.431        7.131    56.6
0.2795        -6036.286    -6043.433        7.146    56.7
0.2800        -6036.265    -6043.435        7.170    56.9
0.2805        -6036.257    -6043.439        7.182    57.0
0.2810        -6036.257    -6043.442        7.184    57.0
0.2815        -6036.229    -6043.445        7.216    57.3
0.2820        -6036.194    -6043.449        7.254    57.6
0.2825        -6036.178    -6043.453        7.275    57.7
0.2830        -6036.169    -6043.458        7.289    57.8
0.2835        -6036.177    -6043.463        7.286    57.8
0.2840        -6036.146    -6043.468        7.322    58.1
0.2845        -6036.118    -6043.472        7.354    58.4
0.2850        -6036.116    -6043.476        7.360    58.4
0.2855        -6036.111    -6043.481        7.370    58.5
0.2860        -6036.109    -6043.484        7.375    58.5
0.2865        -6036.098    -6043.488        7.390    58.6
0.2870        -6036.095    -6043.491        7.397    58.7
0.2875        -6036.046    -6043.495        7.449    59.1
0.2880        -6036.033    -6043.497        7.464    59.2
0.2885        -6036.004    -6043.499        7.495    59.5
0.2890        -6035.990    -6043.499        7.508    59.6
0.2895        -6035.962    -6043.498        7.536    59.8
0.2900        -6035.933    -6043.496        7.562    60.0
0.2905        -6035.924    -6043.493        7.569    60.1
0.2910        -6035.924    -6043.489        7.565    60.0
0.2915        -6035.932    -6043.484        7.552    59.9
0.2920        -6035.906    -6043.478        7.572    60.1
0.2925        -6035.894    -6043.470        7.576    60.1
0.2930        -6035.872    -6043.461        7.589    60.2
0.2935        -6035.851    -6043.452        7.601    60.3
0.2940        -6035.846    -6043.441        7.595    60.3
0.2945        -6035.820    -6043.429        7.609    60.4
0.2950        -6035.835    -6043.416        7.580    60.1
0.2955        -6035.816    -6043.401        7.585    60.2
0.2960        -6035.808    -6043.385        7.577    60.1
0.2965        -6035.804    -6043.368        7.564    60.0
0.2970        -6035.792    -6043.351        7.559    60.0
0.2975        -6035.782    -6043.332        7.550    59.9
0.2980        -6035.770    -6043.312        7.542    59.8
0.2985        -6035.767    -6043.292        7.525    59.7
0.2990        -6035.749    -6043.271        7.522    59.7
0.2995        -6035.744    -6043.250        7.506    59.6
0.3000        -6035.720    -6043.228        7.508    59.6
0.3005        -6035.708    -6043.206        7.499    59.5
0.3010        -6035.707    -6043.184        7.477    59.3
0.3015        -6035.679    -6043.162        7.483    59.4
0.3020        -6035.669    -6043.139        7.470    59.3
0.3025        -6035.651    -6043.116        7.466    59.2
0.3030        -6035.634    -6043.093        7.460    59.2
0.3035        -6035.622    -6043.071        7.449    59.1
0.3040        -6035.610    -6043.050        7.440    59.0
0.3045        -6035.585    -6043.029        7.444    59.1
0.3050        -6035.573    -6043.009        7.436    59.0
0.3055        -6035.549    -6042.991        7.442    59.0
0.3060        -6035.525    -6042.973        7.448    59.1
0.3065        -6035.506    -6042.957        7.451    59.1
0.3070        -6035.518    -6042.941        7.424    58.9
0.3075        -6035.512    -6042.928        7.416    58.8
0.3080        -6035.489    -6042.915        7.426    58.9
0.3085        -6035.472    -6042.903        7.431    59.0
0.3090        -6035.481    -6042.892        7.411    58.8
0.3095        -6035.478    -6042.882        7.404    58.7
0.3100        -6035.454    -6042.872        7.419    58.9
0.3105        -6035.448    -6042.864        7.417    58.8
0.3110        -6035.407    -6042.857        7.450    59.1
0.3115        -6035.404    -6042.851        7.447    59.1
0.3120        -6035.389    -6042.846        7.457    59.2
0.3125        -6035.388    -6042.841        7.453    59.1
0.3130        -6035.383    -6042.838        7.455    59.2
0.3135        -6035.349    -6042.835        7.486    59.4
0.3140        -6035.327    -6042.831        7.505    59.5
0.3145        -6035.300    -6042.828        7.528    59.7
0.3150        -6035.303    -6042.824        7.521    59.7
0.3155        -6035.295    -6042.820        7.525    59.7
0.3160        -6035.274    -6042.816        7.542    59.8
0.3165        -6035.275    -6042.811        7.536    59.8
0.3170        -6035.250    -6042.807        7.557    60.0
0.3175        -6035.229    -6042.803        7.574    60.1
0.3180        -6035.212    -6042.799        7.587    60.2
0.3185        -6035.199    -6042.794        7.595    60.3
0.3190        -6035.190    -6042.788        7.598    60.3
0.3195        -6035.203    -6042.782        7.579    60.1
0.3200        -6035.174    -6042.774        7.600    60.3
0.3205        -6035.176    -6042.766        7.590    60.2
0.3210        -6035.163    -6042.757        7.594    60.3
0.3215        -6035.136    -6042.748        7.611    60.4
0.3220        -6035.117    -6042.737        7.620    60.5
0.3225        -6035.087    -6042.726        7.639    60.6
0.3230        -6035.065    -6042.713        7.648    60.7
0.3235        -6035.063    -6042.701        7.638    60.6
0.3240        -6035.069    -6042.688        7.618    60.4
0.3245        -6035.045    -6042.674        7.629    60.5
0.3250        -6035.040    -6042.660        7.619    60.5
0.3255        -6035.026    -6042.644        7.618    60.4
0.3260        -6035.024    -6042.628        7.604    60.3
0.3265        -6035.005    -6042.612        7.607    60.4
0.3270        -6034.970    -6042.595        7.625    60.5
0.3275        -6034.969    -6042.578        7.609    60.4
0.3280        -6034.967    -6042.560        7.593    60.2
0.3285        -6034.964    -6042.541        7.577    60.1
0.3290        -6034.957    -6042.521        7.564    60.0
0.3295        -6034.927    -6042.501        7.574    60.1
0.3300        -6034.924    -6042.481        7.557    60.0
0.3305        -6034.918    -6042.460        7.542    59.8
0.3310        -6034.906    -6042.439        7.534    59.8
0.3315        -6034.911    -6042.418        7.507    59.6
0.3320        -6034.901    -6042.397        7.496    59.5
0.3325        -6034.884    -6042.374        7.490    59.4
0.3330        -6034.844    -6042.352        7.508    59.6
0.3335        -6034.818    -6042.329        7.511    59.6
0.3340        -6034.809    -6042.306        7.497    59.5
0.3345        -6034.806    -6042.284        7.477    59.3
0.3350        -6034.777    -6042.261        7.485    59.4
0.3355        -6034.757    -6042.239        7.482    59.4
0.3360        -6034.745    -6042.216        7.471    59.3
0.3365        -6034.750    -6042.194        7.444    59.1
0.3370        -6034.728    -6042.172        7.444    59.1
0.3375        -6034.712    -6042.151        7.439    59.0
0.3380        -6034.694    -6042.131        7.437    59.0
0.3385        -6034.687    -6042.111        7.424    58.9
0.3390        -6034.683    -6042.092        7.409    58.8
0.3395        -6034.676    -6042.073        7.397    58.7
0.3400        -6034.637    -6042.055        7.418    58.9
0.3405        -6034.619    -6042.038        7.419    58.9
0.3410        -6034.612    -6042.022        7.410    58.8
0.3415        -6034.579    -6042.007        7.428    58.9
0.3420        -6034.562    -6041.993        7.431    59.0
0.3425        -6034.538    -6041.980        7.442    59.1
0.3430        -6034.520    -6041.968        7.448    59.1
0.3435        -6034.515    -6041.957        7.442    59.0
0.3440        -6034.489    -6041.946        7.458    59.2
0.3445        -6034.443    -6041.937        7.493    59.5
0.3450        -6034.434    -6041.928        7.494    59.5
0.3455        -6034.426    -6041.920        7.494    59.5
0.3460        -6034.407    -6041.913        7.506    59.6
0.3465        -6034.403    -6041.907        7.504    59.5
0.3470        -6034.396    -6041.901        7.506    59.6
0.3475        -6034.366    -6041.896        7.530    59.7
0.3480        -6034.330    -6041.891        7.562    60.0
0.3485        -6034.309    -6041.887        7.578    60.1
0.3490        -6034.323    -6041.884        7.561    60.0
0.3495        -6034.272    -6041.881        7.609    60.4
0.3500        -6034.272    -6041.879        7.607    60.4
0.3505        -6034.245    -6041.878        7.633    60.6
0.3510        -6034.228    -6041.877        7.650    60.7
0.3515        -6034.214    -6041.877        7.663    60.8
0.3520        -6034.182    -6041.876        7.695    61.1
0.3525        -6034.152    -6041.876        7.725    61.3
0.3530        -6034.149    -6041.877        7.727    61.3
0.3535        -6034.128    -6041.878        7.750    61.5
0.3540        -6034.098    -6041.880        7.781    61.7
0.3545        -6034.094    -6041.882        7.788    61.8
0.3550        -6034.092    -6041.884        7.793    61.8
0.3555        -6034.092    -6041.887        7.795    61.8
0.3560        -6034.086    -6041.891        7.805    61.9
0.3565        -6034.037    -6041.895        7.858    62.3
0.3570        -6034.028    -6041.899        7.871    62.5
0.3575        -6034.014    -6041.902        7.889    62.6
0.3580        -6033.998    -6041.906        7.908    62.7
0.3585        -6033.982    -6041.909        7.927    62.9
0.3590        -6033.951    -6041.911        7.960    63.2
0.3595        -6033.921    -6041.913        7.992    63.4
0.3600        -6033.897    -6041.915        8.018    63.6
0.3605        -6033.889    -6041.915        8.027    63.7
0.3610        -6033.878    -6041.916        8.037    63.8
0.3615        -6033.866    -6041.915        8.049    63.9
0.3620        -6033.827    -6041.914        8.086    64.2
0.3625        -6033.831    -6041.912        8.081    64.1
0.3630        -6033.780    -6041.909        8.129    64.5
0.3635        -6033.758    -6041.905        8.148    64.6
0.3640        -6033.774    -6041.901        8.127    64.5
0.3645        -6033.754    -6041.896        8.143    64.6
0.3650        -6033.729    -6041.891        8.162    64.8
0.3655        -6033.700    -6041.884        8.184    64.9
0.3660        -6033.684    -6041.876        8.192    65.0
0.3665        -6033.674    -6041.868        8.193    65.0
0.3670        -6033.652    -6041.858        8.206    65.1
0.3675        -6033.651    -6041.848        8.197    65.0
0.3680        -6033.656    -6041.838        8.182    64.9
0.3685        -6033.652    -6041.826        8.175    64.9
0.3690        -6033.643    -6041.813        8.170    64.8
0.3695        -6033.624    -6041.798        8.175    64.9
0.3700        -6033.612    -6041.783        8.171    64.8
0.3705        -6033.595    -6041.766        8.171    64.8
0.3710        -6033.595    -6041.750        8.155    64.7
0.3715        -6033.577    -6041.733        8.155    64.7
0.3720        -6033.564    -6041.716        8.152    64.7
0.3725        -6033.542    -6041.698        8.156    64.7
0.3730        -6033.532    -6041.680        8.148    64.7
0.3735        -6033.518    -6041.662        8.144    64.6
0.3740        -6033.491    -6041.645        8.155    64.7
0.3745        -6033.458    -6041.629        8.171    64.8
0.3750        -6033.439    -6041.614        8.175    64.9
0.3755        -6033.432    -6041.599        8.167    64.8
0.3760        -6033.429    -6041.585        8.155    64.7
0.3765        -6033.411    -6041.572        8.160    64.8
0.3770        -6033.404    -6041.560        8.156    64.7
0.3775        -6033.386    -6041.550        8.164    64.8
0.3780        -6033.385    -6041.541        8.156    64.7
0.3785        -6033.398    -6041.534        8.135    64.6
0.3790        -6033.356    -6041.528        8.172    64.8
0.3795        -6033.327    -6041.524        8.197    65.0
0.3800        -6033.305    -6041.521        8.216    65.2
0.3805        -6033.298    -6041.520        8.223    65.2
0.3810        -6033.277    -6041.521        8.244    65.4
0.3815        -6033.273    -6041.522        8.250    65.5
0.3820        -6033.235    -6041.527        8.292    65.8
0.3825        -6033.239    -6041.532        8.293    65.8
0.3830        -6033.205    -6041.539        8.334    66.1
0.3835        -6033.196    -6041.548        8.351    66.3
0.3840        -6033.172    -6041.557        8.385    66.5
0.3845        -6033.134    -6041.568        8.434    66.9
0.3850        -6033.120    -6041.580        8.459    67.1
0.3855        -6033.107    -6041.593        8.485    67.3
0.3860        -6033.081    -6041.606        8.525    67.6
0.3865        -6033.073    -6041.619        8.546    67.8
0.3870        -6033.076    -6041.633        8.557    67.9
0.3875        -6033.077    -6041.646        8.569    68.0
0.3880        -6033.069    -6041.658        8.589    68.1
0.3885        -6033.053    -6041.670        8.618    68.4
0.3890        -6033.039    -6041.682        8.644    68.6
0.3895        -6032.993    -6041.694        8.701    69.0
0.3900        -6032.970    -6041.706        8.736    69.3
0.3905        -6032.949    -6041.717        8.768    69.6
0.3910        -6032.971    -6041.728        8.758    69.5
0.3915        -6032.937    -6041.740        8.803    69.8
0.3920        -6032.943    -6041.751        8.807    69.9
0.3925        -6032.941    -6041.760        8.820    70.0
0.3930        -6032.894    -6041.770        8.876    70.4
0.3935        -6032.882    -6041.780        8.897    70.6
0.3940        -6032.885    -6041.789        8.904    70.7
0.3945        -6032.847    -6041.798        8.951    71.0
0.3950        -6032.815    -6041.806        8.991    71.3
0.3955        -6032.827    -6041.813        8.986    71.3
0.3960        -6032.803    -6041.820        9.017    71.5
0.3965        -6032.780    -6041.825        9.045    71.8
0.3970        -6032.764    -6041.829        9.065    71.9
0.3975        -6032.733    -6041.833        9.100    72.2
0.3980        -6032.722    -6041.836        9.113    72.3
0.3985        -6032.710    -6041.838        9.127    72.4
0.3990        -6032.690    -6041.839        9.149    72.6
0.3995        -6032.650    -6041.839        9.189    72.9
0.4000        -6032.628    -6041.838        9.210    73.1
0.4005        -6032.643    -6041.837        9.194    72.9
0.4010        -6032.653    -6041.834        9.181    72.9
0.4015        -6032.623    -6041.831        9.208    73.1
0.4020        -6032.598    -6041.826        9.229    73.2
0.4025        -6032.576    -6041.821        9.246    73.4
0.4030        -6032.568    -6041.816        9.248    73.4
0.4035        -6032.573    -6041.810        9.238    73.3
0.4040        -6032.569    -6041.804        9.235    73.3
0.4045        -6032.563    -6041.797        9.234    73.3
0.4050        -6032.551    -6041.789        9.237    73.3
0.4055        -6032.538    -6041.780        9.241    73.3
0.4060        -6032.576    -6041.771        9.195    73.0
0.4065        -6032.567    -6041.762        9.194    73.0
0.4070        -6032.565    -6041.752        9.186    72.9
0.4075        -6032.571    -6041.741        9.170    72.8
0.4080        -6032.553    -6041.729        9.176    72.8
0.4085        -6032.557    -6041.718        9.161    72.7
0.4090        -6032.559    -6041.705        9.147    72.6
0.4095        -6032.559    -6041.693        9.134    72.5
0.4100        -6032.519    -6041.680        9.162    72.7
0.4105        -6032.508    -6041.668        9.160    72.7
0.4110        -6032.502    -6041.656        9.154    72.6
0.4115        -6032.485    -6041.645        9.160    72.7
0.4120        -6032.467    -6041.634        9.167    72.7
0.4125        -6032.452    -6041.624        9.173    72.8
0.4130        -6032.466    -6041.615        9.148    72.6
0.4135        -6032.415    -6041.606        9.191    72.9
0.4140        -6032.393    -6041.599        9.206    73.0
0.4145        -6032.359    -6041.592        9.233    73.3
0.4150        -6032.333    -6041.587        9.254    73.4
0.4155        -6032.315    -6041.582        9.268    73.5
0.4160        -6032.290    -6041.578        9.288    73.7
0.4165        -6032.289    -6041.575        9.286    73.7
0.4170        -6032.271    -6041.573        9.302    73.8
0.4175        -6032.252    -6041.572        9.320    74.0
0.4180        -6032.246    -6041.572        9.325    74.0
0.4185        -6032.239    -6041.572        9.333    74.1
0.4190        -6032.198    -6041.572        9.374    74.4
0.4195        -6032.181    -6041.572        9.391    74.5
0.4200        -6032.189    -6041.573        9.384    74.5
0.4205        -6032.153    -6041.574        9.420    74.7
0.4210        -6032.105    -6041.575        9.470    75.1
0.4215        -6032.076    -6041.576        9.500    75.4
0.4220        -6032.055    -6041.577        9.523    75.6
0.4225        -6032.045    -6041.578        9.533    75.6
0.4230        -6032.048    -6041.578        9.530    75.6
0.4235        -6032.020    -6041.579        9.559    75.8
0.4240        -6031.996    -6041.579        9.583    76.0
0.4245        -6032.001    -6041.579        9.578    76.0
0.4250        -6031.956    -6041.579        9.623    76.4
0.4255        -6031.909    -6041.577        9.668    76.7
0.4260        -6031.886    -6041.575        9.689    76.9
0.4265        -6031.886    -6041.572        9.686    76.9
0.4270        -6031.847    -6041.567        9.721    77.1
0.4275        -6031.826    -6041.562        9.736    77.3
0.4280        -6031.818    -6041.556        9.738    77.3
0.4285        -6031.786    -6041.549        9.764    77.5
0.4290        -6031.771    -6041.542        9.771    77.5
0.4295        -6031.743    -6041.533        9.790    77.7
0.4300        -6031.735    -6041.523        9.788    77.7
0.4305        -6031.698    -6041.512        9.813    77.9
0.4310        -6031.673    -6041.500        9.827    78.0
0.4315        -6031.679    -6041.487        9.809    77.8
0.4320        -6031.679    -6041.474        9.795    77.7
0.4325        -6031.671    -6041.460        9.790    77.7
0.4330        -6031.660    -6041.445        9.786    77.6
0.4335        -6031.627    -6041.430        9.803    77.8
0.4340        -6031.634    -6041.414        9.781    77.6
0.4345        -6031.613    -6041.398        9.785    77.6
0.4350        -6031.581    -6041.381        9.799    77.8
0.4355        -6031.543    -6041.363        9.820    77.9
0.4360        -6031.513    -6041.344        9.831    78.0
0.4365        -6031.520    -6041.326        9.805    77.8
0.4370        -6031.491    -6041.307        9.816    77.9
0.4375        -6031.483    -6041.288        9.806    77.8
0.4380        -6031.453    -6041.271        9.818    77.9
0.4385        -6031.444    -6041.253        9.810    77.8
0.4390        -6031.434    -6041.237        9.803    77.8
0.4395        -6031.409    -6041.222        9.813    77.9
0.4400        -6031.386    -6041.207        9.821    77.9
0.4405        -6031.402    -6041.193        9.791    77.7
0.4410        -6031.393    -6041.179        9.786    77.7
0.4415        -6031.370    -6041.166        9.796    77.7
0.4420        -6031.372    -6041.154        9.782    77.6
0.4425        -6031.347    -6041.143        9.796    77.7
0.4430        -6031.357    -6041.132        9.775    77.6
0.4435        -6031.371    -6041.122        9.751    77.4
0.4440        -6031.357    -6041.112        9.756    77.4
0.4445        -6031.361    -6041.104        9.743    77.3
0.4450        -6031.344    -6041.095        9.752    77.4
0.4455        -6031.321    -6041.087        9.767    77.5
0.4460        -6031.316    -6041.080        9.764    77.5
0.4465        -6031.285    -6041.073        9.788    77.7
0.4470        -6031.285    -6041.065        9.780    77.6
0.4475        -6031.244    -6041.057        9.813    77.9
0.4480        -6031.227    -6041.050        9.823    77.9
0.4485        -6031.231    -6041.043        9.813    77.9
0.4490        -6031.237    -6041.036        9.799    77.8
0.4495        -6031.206    -6041.029        9.822    77.9
0.4500        -6031.196    -6041.021        9.825    78.0
0.4505        -6031.207    -6041.013        9.806    77.8
0.4510        -6031.176    -6041.005        9.829    78.0
0.4515        -6031.204    -6040.996        9.792    77.7
0.4520        -6031.186    -6040.987        9.801    77.8
0.4525        -6031.186    -6040.978        9.791    77.7
0.4530        -6031.184    -6040.968        9.783    77.6
0.4535        -6031.167    -6040.957        9.790    77.7
0.4540        -6031.151    -6040.946        9.795    77.7
0.4545        -6031.135    -6040.934        9.799    77.8
0.4550        -6031.111    -6040.922        9.811    77.8
0.4555        -6031.097    -6040.910        9.812    77.9
0.4560        -6031.073    -6040.897        9.824    77.9
0.4565        -6031.069    -6040.883        9.814    77.9
0.4570        -6031.073    -6040.868        9.795    77.7
0.4575        -6031.068    -6040.853        9.785    77.6
0.4580        -6031.060    -6040.838        9.778    77.6
0.4585        -6031.045    -6040.823        9.778    77.6
0.4590        -6031.039    -6040.807        9.769    77.5
0.4595        -6031.051    -6040.791        9.740    77.3
0.4600        -6031.022    -6040.775        9.752    77.4
0.4605        -6031.028    -6040.758        9.730    77.2
0.4610        -6031.056    -6040.740        9.684    76.8
0.4615        -6031.060    -6040.721        9.661    76.7
0.4620        -6031.069    -6040.702        9.633    76.4
0.4625        -6031.054    -6040.682        9.628    76.4
0.4630        -6031.045    -6040.662        9.618    76.3
0.4635        -6030.998    -6040.642        9.644    76.5
0.4640        -6030.986    -6040.622        9.636    76.5
0.4645        -6030.992    -6040.602        9.610    76.3
0.4650        -6030.983    -6040.582        9.599    76.2
0.4655        -6030.943    -6040.562        9.619    76.3
0.4660        -6030.940    -6040.542        9.602    76.2
0.4665        -6030.952    -6040.523        9.570    75.9
0.4670        -6030.945    -6040.504        9.559    75.8
0.4675        -6030.920    -6040.485        9.564    75.9
0.4680        -6030.899    -6040.466        9.567    75.9
0.4685        -6030.883    -6040.447        9.564    75.9
0.4690        -6030.894    -6040.428        9.534    75.6
0.4695        -6030.897    -6040.410        9.513    75.5
0.4700        -6030.869    -6040.392        9.523    75.6
0.4705        -6030.855    -6040.374        9.519    75.5
0.4710        -6030.804    -6040.357        9.553    75.8
0.4715        -6030.794    -6040.340        9.546    75.7
0.4720        -6030.791    -6040.323        9.532    75.6
0.4725        -6030.760    -6040.307        9.548    75.8
0.4730        -6030.735    -6040.292        9.557    75.8
0.4735        -6030.723    -6040.278        9.555    75.8
0.4740        -6030.700    -6040.264        9.564    75.9
0.4745        -6030.674    -6040.251        9.577    76.0
0.4750        -6030.657    -6040.239        9.582    76.0
0.4755        -6030.647    -6040.227        9.580    76.0
0.4760        -6030.595    -6040.216        9.621    76.3
0.4765        -6030.594    -6040.206        9.612    76.3
0.4770        -6030.606    -6040.197        9.591    76.1
0.4775        -6030.580    -6040.188        9.608    76.2
0.4780        -6030.551    -6040.179        9.628    76.4
0.4785        -6030.528    -6040.171        9.643    76.5
0.4790        -6030.488    -6040.163        9.675    76.8
0.4795        -6030.487    -6040.155        9.669    76.7
0.4800        -6030.460    -6040.148        9.688    76.9
0.4805        -6030.435    -6040.141        9.706    77.0
0.4810        -6030.426    -6040.134        9.708    77.0
0.4815        -6030.446    -6040.127        9.682    76.8
0.4820        -6030.444    -6040.121        9.677    76.8
0.4825        -6030.401    -6040.114        9.713    77.1
0.4830        -6030.390    -6040.107        9.718    77.1
0.4835        -6030.354    -6040.100        9.746    77.3
0.4840        -6030.334    -6040.093        9.759    77.4
0.4845        -6030.313    -6040.086        9.773    77.5
0.4850        -6030.284    -6040.079        9.795    77.7
0.4855        -6030.263    -6040.073        9.809    77.8
0.4860        -6030.266    -6040.066        9.800    77.8
0.4865        -6030.239    -6040.059        9.820    77.9
0.4870        -6030.233    -6040.052        9.819    77.9
0.4875        -6030.184    -6040.046        9.861    78.2
0.4880        -6030.168    -6040.038        9.870    78.3
0.4885        -6030.138    -6040.031        9.893    78.5
0.4890        -6030.145    -6040.024        9.879    78.4
0.4895        -6030.160    -6040.016        9.856    78.2
0.4900        -6030.143    -6040.008        9.865    78.3
0.4905        -6030.158    -6040.001        9.843    78.1
0.4910        -6030.139    -6039.993        9.854    78.2
0.4915        -6030.137    -6039.984        9.847    78.1
0.4920        -6030.123    -6039.975        9.852    78.2
0.4925        -6030.085    -6039.966        9.881    78.4
0.4930        -6030.061    -6039.956        9.895    78.5
0.4935        -6030.058    -6039.946        9.888    78.5
0.4940        -6030.040    -6039.935        9.895    78.5
0.4945        -6030.035    -6039.924        9.889    78.5
0.4950        -6030.020    -6039.911        9.891    78.5
0.4955        -6029.987    -6039.899        9.912    78.6
0.4960        -6029.995    -6039.886        9.891    78.5
0.4965        -6029.953    -6039.873        9.920    78.7
0.4970        -6029.948    -6039.860        9.912    78.6
0.4975        -6029.945    -6039.847        9.902    78.6
0.4980        -6029.927    -6039.832        9.905    78.6
0.4985        -6029.908    -6039.818        9.909    78.6
0.4990        -6029.888    -6039.802        9.914    78.7
0.4995        -6029.883    -6039.787        9.904    78.6
0.5000        -6029.853    -6039.772        9.919    78.7
0.5005        -6029.856    -6039.756        9.900    78.6
0.5010        -6029.836    -6039.741        9.905    78.6
0.5015        -6029.798    -6039.726        9.928    78.8
0.5020        -6029.787    -6039.712        9.925    78.8
0.5025        -6029.754    -6039.698        9.945    78.9
0.5030        -6029.758    -6039.685        9.928    78.8
0.5035        -6029.730    -6039.673        9.943    78.9
0.5040        -6029.702    -6039.661        9.959    79.0
0.5045        -6029.678    -6039.650        9.972    79.1
0.5050        -6029.668    -6039.640        9.972    79.1
0.5055        -6029.655    -6039.630        9.975    79.1
0.5060        -6029.646    -6039.621        9.975    79.1
0.5065        -6029.642    -6039.614        9.972    79.1
0.5070        -6029.625    -6039.607        9.983    79.2
0.5075        -6029.620    -6039.602        9.982    79.2
0.5080        -6029.616    -6039.598        9.982    79.2
0.5085        -6029.615    -6039.594        9.979    79.2
0.5090        -6029.617    -6039.591        9.974    79.1
0.5095        -6029.610    -6039.589        9.979    79.2
0.5100        -6029.594    -6039.588        9.994    79.3
0.5105        -6029.565    -6039.588       10.022    79.5
0.5110        -6029.556    -6039.588       10.032    79.6
0.5115        -6029.548    -6039.590       10.042    79.7
0.5120        -6029.516    -6039.593       10.077    80.0
0.5125        -6029.526    -6039.596       10.071    79.9
0.5130        -6029.501    -6039.600       10.099    80.1
0.5135        -6029.462    -6039.604       10.142    80.5
0.5140        -6029.418    -6039.608       10.190    80.9
0.5145        -6029.403    -6039.614       10.211    81.0
0.5150        -6029.402    -6039.619       10.217    81.1
0.5155        -6029.370    -6039.625       10.254    81.4
0.5160        -6029.344    -6039.630       10.287    81.6
0.5165        -6029.331    -6039.636       10.305    81.8
0.5170        -6029.313    -6039.641       10.328    81.9
0.5175        -6029.290    -6039.646       10.356    82.2
0.5180        -6029.257    -6039.650       10.394    82.5
0.5185        -6029.260    -6039.654       10.394    82.5
0.5190        -6029.247    -6039.657       10.410    82.6
0.5195        -6029.222    -6039.660       10.438    82.8
0.5200        -6029.223    -6039.662       10.438    82.8
0.5205        -6029.202    -6039.662       10.460    83.0
0.5210        -6029.192    -6039.663       10.471    83.1
0.5215        -6029.144    -6039.663       10.519    83.5
0.5220        -6029.125    -6039.662       10.537    83.6
0.5225        -6029.127    -6039.661       10.534    83.6
0.5230        -6029.109    -6039.658       10.550    83.7
0.5235        -6029.091    -6039.655       10.564    83.8
0.5240        -6029.063    -6039.650       10.587    84.0
0.5245        -6029.060    -6039.644       10.584    84.0
0.5250        -6029.040    -6039.637       10.596    84.1
0.5255        -6029.028    -6039.627       10.600    84.1
0.5260        -6029.027    -6039.617       10.590    84.0
0.5265        -6029.007    -6039.604       10.597    84.1
0.5270        -6028.985    -6039.591       10.606    84.2
0.5275        -6028.982    -6039.577       10.594    84.1
0.5280        -6028.969    -6039.561       10.592    84.0
0.5285        -6028.958    -6039.545       10.587    84.0
0.5290        -6028.948    -6039.528       10.579    83.9
0.5295        -6028.937    -6039.509       10.572    83.9
0.5300        -6028.911    -6039.489       10.578    83.9
0.5305        -6028.899    -6039.469       10.570    83.9
0.5310        -6028.871    -6039.447       10.576    83.9
0.5315        -6028.860    -6039.425       10.564    83.8
0.5320        -6028.831    -6039.402       10.571    83.9
0.5325        -6028.812    -6039.378       10.566    83.8
0.5330        -6028.816    -6039.354       10.538    83.6
0.5335        -6028.780    -6039.329       10.549    83.7
0.5340        -6028.770    -6039.304       10.534    83.6
0.5345        -6028.755    -6039.279       10.524    83.5
0.5350        -6028.720    -6039.254       10.534    83.6
0.5355        -6028.694    -6039.229       10.535    83.6
0.5360        -6028.667    -6039.204       10.537    83.6
0.5365        -6028.661    -6039.180       10.519    83.5
0.5370        -6028.628    -6039.156       10.528    83.5
0.5375        -6028.597    -6039.132       10.535    83.6
0.5380        -6028.609    -6039.109       10.500    83.3
0.5385        -6028.604    -6039.087       10.482    83.2
0.5390        -6028.589    -6039.066       10.477    83.1
0.5395        -6028.558    -6039.046       10.488    83.2
0.5400        -6028.547    -6039.028       10.481    83.2
0.5405        -6028.566    -6039.010       10.445    82.9
0.5410        -6028.560    -6038.995       10.435    82.8
0.5415        -6028.565    -6038.981       10.417    82.7
0.5420        -6028.537    -6038.969       10.433    82.8
0.5425        -6028.508    -6038.959       10.451    82.9
0.5430        -6028.483    -6038.951       10.469    83.1
0.5435        -6028.467    -6038.945       10.478    83.1
0.5440        -6028.464    -6038.941       10.477    83.1
0.5445        -6028.429    -6038.939       10.510    83.4
0.5450        -6028.418    -6038.939       10.521    83.5
0.5455        -6028.359    -6038.942       10.582    84.0
0.5460        -6028.343    -6038.945       10.602    84.1
0.5465        -6028.344    -6038.951       10.607    84.2
0.5470        -6028.330    -6038.958       10.629    84.3
0.5475        -6028.321    -6038.968       10.647    84.5
0.5480        -6028.301    -6038.979       10.678    84.7
0.5485        -6028.271    -6038.992       10.721    85.1
0.5490        -6028.251    -6039.007       10.756    85.3
0.5495        -6028.226    -6039.023       10.797    85.7
0.5500        -6028.201    -6039.041       10.840    86.0
0.5505        -6028.187    -6039.060       10.873    86.3
0.5510        -6028.157    -6039.080       10.923    86.7
0.5515        -6028.120    -6039.100       10.981    87.1
0.5520        -6028.140    -6039.123       10.983    87.1
0.5525        -6028.115    -6039.147       11.031    87.5
0.5530        -6028.107    -6039.171       11.064    87.8
0.5535        -6028.099    -6039.196       11.097    88.1
0.5540        -6028.111    -6039.222       11.111    88.2
0.5545        -6028.072    -6039.247       11.175    88.7
0.5550        -6028.041    -6039.273       11.232    89.1
0.5555        -6028.036    -6039.299       11.264    89.4
0.5560        -6027.996    -6039.326       11.330    89.9
0.5565        -6027.944    -6039.352       11.408    90.5
0.5570        -6027.946    -6039.378       11.432    90.7
0.5575        -6027.964    -6039.404       11.440    90.8
0.5580        -6027.957    -6039.430       11.473    91.0
0.5585        -6027.943    -6039.454       11.511    91.3
0.5590        -6027.948    -6039.477       11.529    91.5
0.5595        -6027.930    -6039.498       11.569    91.8
0.5600        -6027.890    -6039.519       11.628    92.3
0.5605        -6027.876    -6039.537       11.661    92.5
0.5610        -6027.835    -6039.554       11.719    93.0
0.5615        -6027.808    -6039.569       11.761    93.3
0.5620        -6027.779    -6039.582       11.803    93.7
0.5625        -6027.781    -6039.593       11.811    93.7
0.5630        -6027.755    -6039.602       11.846    94.0
0.5635        -6027.759    -6039.609       11.850    94.0
0.5640        -6027.763    -6039.613       11.850    94.0
0.5645        -6027.731    -6039.616       11.885    94.3
0.5650        -6027.707    -6039.616       11.909    94.5
0.5655        -6027.693    -6039.614       11.920    94.6
0.5660        -6027.688    -6039.609       11.921    94.6
0.5665        -6027.685    -6039.603       11.918    94.6
0.5670        -6027.693    -6039.595       11.903    94.4
0.5675        -6027.684    -6039.585       11.901    94.4
0.5680        -6027.693    -6039.573       11.881    94.3
0.5685        -6027.658    -6039.561       11.902    94.4
0.5690        -6027.653    -6039.546       11.893    94.4
0.5695        -6027.585    -6039.530       11.945    94.8
0.5700        -6027.575    -6039.513       11.938    94.7
0.5705        -6027.550    -6039.495       11.944    94.8
0.5710        -6027.521    -6039.474       11.953    94.8
0.5715        -6027.482    -6039.453       11.971    95.0
0.5720        -6027.451    -6039.430       11.979    95.0
0.5725        -6027.441    -6039.407       11.966    94.9
0.5730        -6027.420    -6039.384       11.964    94.9
0.5735        -6027.397    -6039.360       11.963    94.9
0.5740        -6027.405    -6039.336       11.930    94.7
0.5745        -6027.383    -6039.311       11.928    94.6
0.5750        -6027.358    -6039.286       11.928    94.6
0.5755        -6027.350    -6039.261       11.911    94.5
0.5760        -6027.339    -6039.237       11.898    94.4
0.5765        -6027.326    -6039.214       11.888    94.3
0.5770        -6027.295    -6039.192       11.898    94.4
0.5775        -6027.281    -6039.171       11.890    94.3
0.5780        -6027.298    -6039.152       11.854    94.1
0.5785        -6027.287    -6039.133       11.846    94.0
0.5790        -6027.305    -6039.115       11.811    93.7
0.5795        -6027.301    -6039.098       11.798    93.6
0.5800        -6027.285    -6039.083       11.798    93.6
0.5805        -6027.285    -6039.068       11.783    93.5
0.5810        -6027.284    -6039.055       11.771    93.4
0.5815        -6027.309    -6039.044       11.734    93.1
0.5820        -6027.321    -6039.034       11.714    92.9
0.5825        -6027.310    -6039.027       11.717    93.0
0.5830        -6027.300    -6039.022       11.721    93.0
0.5835        -6027.273    -6039.018       11.744    93.2
0.5840        -6027.263    -6039.016       11.752    93.3
0.5845        -6027.232    -6039.015       11.783    93.5
0.5850        -6027.237    -6039.016       11.778    93.5
0.5855        -6027.225    -6039.018       11.793    93.6
0.5860        -6027.251    -6039.021       11.769    93.4
0.5865        -6027.260    -6039.025       11.765    93.4
0.5870        -6027.234    -6039.030       11.797    93.6
0.5875        -6027.217    -6039.036       11.819    93.8
0.5880        -6027.162    -6039.042       11.880    94.3
0.5885        -6027.102    -6039.050       11.948    94.8
0.5890        -6027.077    -6039.058       11.981    95.1
0.5895        -6027.033    -6039.067       12.034    95.5
0.5900        -6027.030    -6039.077       12.047    95.6
0.5905        -6027.014    -6039.087       12.073    95.8
0.5910        -6027.013    -6039.098       12.085    95.9
0.5915        -6026.995    -6039.109       12.113    96.1
0.5920        -6026.972    -6039.121       12.149    96.4
0.5925        -6026.957    -6039.132       12.175    96.6
0.5930        -6026.960    -6039.143       12.183    96.7
0.5935        -6026.948    -6039.154       12.206    96.8
0.5940        -6026.933    -6039.164       12.230    97.0
0.5945        -6026.947    -6039.172       12.225    97.0
0.5950        -6026.929    -6039.179       12.250    97.2
0.5955        -6026.916    -6039.184       12.268    97.3
0.5960        -6026.914    -6039.187       12.274    97.4
0.5965        -6026.897    -6039.189       12.292    97.5
0.5970        -6026.883    -6039.188       12.305    97.6
0.5975        -6026.860    -6039.185       12.325    97.8
0.5980        -6026.809    -6039.180       12.371    98.2
0.5985        -6026.810    -6039.174       12.364    98.1
0.5990        -6026.789    -6039.166       12.377    98.2
0.5995        -6026.773    -6039.156       12.383    98.3
0.6000        -6026.759    -6039.143       12.384    98.3
0.6005        -6026.777    -6039.128       12.351    98.0
0.6010        -6026.756    -6039.110       12.353    98.0
0.6015        -6026.748    -6039.089       12.342    97.9
0.6020        -6026.733    -6039.067       12.334    97.9
0.6025        -6026.706    -6039.041       12.335    97.9
0.6030        -6026.674    -6039.013       12.340    97.9
0.6035        -6026.703    -6038.984       12.281    97.4
0.6040        -6026.730    -6038.953       12.223    97.0
0.6045        -6026.713    -6038.921       12.208    96.9
0.6050        -6026.710    -6038.887       12.177    96.6
0.6055        -6026.695    -6038.853       12.158    96.5
0.6060        -6026.672    -6038.817       12.146    96.4
0.6065        -6026.649    -6038.781       12.133    96.3
0.6070        -6026.646    -6038.745       12.099    96.0
0.6075        -6026.629    -6038.707       12.078    95.8
0.6080        -6026.605    -6038.669       12.064    95.7
0.6085        -6026.595    -6038.632       12.037    95.5
0.6090        -6026.582    -6038.594       12.012    95.3
0.6095        -6026.594    -6038.557       11.962    94.9
0.6100        -6026.561    -6038.520       11.960    94.9
0.6105        -6026.536    -6038.484       11.947    94.8
0.6110        -6026.514    -6038.447       11.934    94.7
0.6115        -6026.489    -6038.412       11.923    94.6
0.6120        -6026.500    -6038.378       11.878    94.3
0.6125        -6026.477    -6038.346       11.869    94.2
0.6130        -6026.461    -6038.315       11.854    94.1
0.6135        -6026.442    -6038.285       11.843    94.0
0.6140        -6026.435    -6038.257       11.822    93.8
0.6145        -6026.422    -6038.232       11.810    93.7
0.6150        -6026.433    -6038.209       11.776    93.4
0.6155        -6026.456    -6038.188       11.733    93.1
0.6160        -6026.419    -6038.170       11.751    93.2
0.6165        -6026.410    -6038.155       11.744    93.2
0.6170        -6026.384    -6038.142       11.758    93.3
0.6175        -6026.363    -6038.132       11.769    93.4
0.6180        -6026.343    -6038.123       11.780    93.5
0.6185        -6026.334    -6038.118       11.783    93.5
0.6190        -6026.315    -6038.114       11.799    93.6
0.6195        -6026.313    -6038.113       11.801    93.6
0.6200        -6026.308    -6038.114       11.806    93.7
0.6205        -6026.290    -6038.117       11.826    93.8
0.6210        -6026.297    -6038.121       11.824    93.8
0.6215        -6026.285    -6038.127       11.842    94.0
0.6220        -6026.266    -6038.134       11.868    94.2
0.6225        -6026.250    -6038.144       11.894    94.4
0.6230        -6026.231    -6038.155       11.924    94.6
0.6235        -6026.240    -6038.167       11.927    94.6
0.6240        -6026.230    -6038.180       11.950    94.8
0.6245        -6026.224    -6038.194       11.970    95.0
0.6250        -6026.230    -6038.209       11.979    95.1
0.6255        -6026.213    -6038.225       12.012    95.3
0.6260        -6026.178    -6038.242       12.064    95.7
0.6265        -6026.139    -6038.258       12.119    96.2
0.6270        -6026.136    -6038.273       12.137    96.3
0.6275        -6026.128    -6038.289       12.160    96.5
0.6280        -6026.100    -6038.304       12.205    96.8
0.6285        -6026.043    -6038.320       12.277    97.4
0.6290        -6026.001    -6038.336       12.334    97.9
0.6295        -6026.011    -6038.351       12.339    97.9
0.6300        -6025.979    -6038.364       12.386    98.3
0.6305        -6025.950    -6038.377       12.426    98.6
0.6310        -6025.943    -6038.388       12.445    98.7
0.6315        -6025.913    -6038.398       12.485    99.1
0.6320        -6025.911    -6038.406       12.494    99.1
0.6325        -6025.905    -6038.412       12.507    99.2
0.6330        -6025.886    -6038.417       12.531    99.4
0.6335        -6025.895    -6038.420       12.525    99.4
0.6340        -6025.868    -6038.420       12.553    99.6
0.6345        -6025.857    -6038.419       12.562    99.7
0.6350        -6025.847    -6038.416       12.569    99.7
0.6355        -6025.859    -6038.411       12.551    99.6
0.6360        -6025.871    -6038.404       12.533    99.4
0.6365        -6025.854    -6038.395       12.541    99.5
0.6370        -6025.851    -6038.384       12.533    99.4
0.6375        -6025.823    -6038.371       12.549    99.6
0.6380        -6025.770    -6038.356       12.586    99.9
0.6385        -6025.753    -6038.339       12.586    99.9
0.6390        -6025.769    -6038.321       12.552    99.6
0.6395        -6025.760    -6038.302       12.542    99.5
0.6400        -6025.754    -6038.282       12.527    99.4
0.6405        -6025.750    -6038.260       12.510    99.3
0.6410        -6025.729    -6038.236       12.507    99.2
0.6415        -6025.687    -6038.211       12.524    99.4
0.6420        -6025.694    -6038.185       12.491    99.1
0.6425        -6025.690    -6038.157       12.468    98.9
0.6430        -6025.693    -6038.129       12.436    98.7
0.6435        -6025.688    -6038.100       12.411    98.5
0.6440        -6025.678    -6038.070       12.392    98.3
0.6445        -6025.687    -6038.040       12.353    98.0
0.6450        -6025.691    -6038.010       12.319    97.7
0.6455        -6025.679    -6037.980       12.301    97.6
0.6460        -6025.677    -6037.950       12.273    97.4
0.6465        -6025.669    -6037.920       12.252    97.2
0.6470        -6025.658    -6037.891       12.233    97.1
0.6475        -6025.643    -6037.863       12.221    97.0
0.6480        -6025.605    -6037.836       12.231    97.0
0.6485        -6025.603    -6037.809       12.206    96.9
0.6490        -6025.587    -6037.783       12.196    96.8
0.6495        -6025.587    -6037.757       12.170    96.6
0.6500        -6025.571    -6037.732       12.161    96.5
0.6505        -6025.567    -6037.708       12.142    96.3
0.6510        -6025.568    -6037.685       12.117    96.1
0.6515        -6025.553    -6037.664       12.111    96.1
0.6520        -6025.548    -6037.644       12.096    96.0
0.6525        -6025.543    -6037.627       12.084    95.9
0.6530        -6025.502    -6037.610       12.108    96.1
0.6535        -6025.471    -6037.594       12.123    96.2
0.6540        -6025.445    -6037.580       12.134    96.3
0.6545        -6025.417    -6037.566       12.148    96.4
0.6550        -6025.394    -6037.553       12.158    96.5
0.6555        -6025.403    -6037.541       12.138    96.3
0.6560        -6025.409    -6037.530       12.121    96.2
0.6565        -6025.416    -6037.521       12.105    96.1
0.6570        -6025.386    -6037.513       12.127    96.2
0.6575        -6025.385    -6037.507       12.121    96.2
0.6580        -6025.366    -6037.501       12.135    96.3
0.6585        -6025.355    -6037.497       12.142    96.3
0.6590        -6025.348    -6037.494       12.147    96.4
0.6595        -6025.320    -6037.493       12.173    96.6
0.6600        -6025.308    -6037.492       12.184    96.7
0.6605        -6025.300    -6037.492       12.193    96.7
0.6610        -6025.306    -6037.493       12.187    96.7
0.6615        -6025.285    -6037.494       12.209    96.9
0.6620        -6025.270    -6037.496       12.226    97.0
0.6625        -6025.230    -6037.500       12.269    97.4
0.6630        -6025.248    -6037.503       12.256    97.2
0.6635        -6025.230    -6037.508       12.277    97.4
0.6640        -6025.217    -6037.512       12.295    97.6
0.6645        -6025.240    -6037.516       12.276    97.4
0.6650        -6025.221    -6037.520       12.299    97.6
0.6655        -6025.207    -6037.525       12.319    97.7
0.6660        -6025.192    -6037.531       12.339    97.9
0.6665        -6025.185    -6037.537       12.352    98.0
0.6670        -6025.193    -6037.544       12.351    98.0
0.6675        -6025.194    -6037.552       12.358    98.1
0.6680        -6025.205    -6037.560       12.355    98.0
0.6685        -6025.186    -6037.570       12.384    98.3
0.6690        -6025.160    -6037.580       12.420    98.5
0.6695        -6025.162    -6037.590       12.428    98.6
0.6700        -6025.145    -6037.602       12.456    98.8
0.6705        -6025.133    -6037.614       12.481    99.0
0.6710        -6025.127    -6037.627       12.499    99.2
0.6715        -6025.120    -6037.640       12.520    99.3
0.6720        -6025.094    -6037.654       12.560    99.7
0.6725        -6025.110    -6037.668       12.558    99.6
0.6730        -6025.122    -6037.682       12.559    99.7
0.6735        -6025.111    -6037.696       12.585    99.9
0.6740        -6025.087    -6037.711       12.623   100.2
0.6745        -6025.067    -6037.725       12.658   100.4
0.6750        -6025.064    -6037.739       12.676   100.6
0.6755        -6025.055    -6037.754       12.698   100.8
0.6760        -6025.070    -6037.769       12.699   100.8
0.6765        -6025.071    -6037.783       12.713   100.9
0.6770        -6025.089    -6037.797       12.708   100.8
0.6775        -6025.090    -6037.811       12.721   100.9
0.6780        -6025.100    -6037.824       12.724   101.0
0.6785        -6025.069    -6037.837       12.768   101.3
0.6790        -6025.066    -6037.849       12.783   101.4
0.6795        -6025.021    -6037.861       12.840   101.9
0.6800        -6025.030    -6037.872       12.842   101.9
0.6805        -6024.994    -6037.882       12.888   102.3
0.6810        -6024.973    -6037.891       12.918   102.5
0.6815        -6024.968    -6037.899       12.932   102.6
0.6820        -6024.955    -6037.906       12.951   102.8
0.6825        -6024.924    -6037.913       12.989   103.1
0.6830        -6024.906    -6037.917       13.011   103.2
0.6835        -6024.890    -6037.920       13.030   103.4
0.6840        -6024.867    -6037.921       13.055   103.6
0.6845        -6024.824    -6037.921       13.096   103.9
0.6850        -6024.832    -6037.918       13.086   103.8
0.6855        -6024.825    -6037.914       13.089   103.9
0.6860        -6024.802    -6037.908       13.106   104.0
0.6865        -6024.796    -6037.902       13.105   104.0
0.6870        -6024.776    -6037.893       13.118   104.1
0.6875        -6024.776    -6037.883       13.107   104.0
0.6880        -6024.768    -6037.872       13.104   104.0
0.6885        -6024.787    -6037.859       13.072   103.7
0.6890        -6024.741    -6037.843       13.101   104.0
0.6895        -6024.727    -6037.824       13.097   103.9
0.6900        -6024.711    -6037.804       13.093   103.9
0.6905        -6024.709    -6037.783       13.073   103.7
0.6910        -6024.717    -6037.760       13.043   103.5
0.6915        -6024.715    -6037.736       13.021   103.3
0.6920        -6024.715    -6037.710       12.995   103.1
0.6925        -6024.698    -6037.683       12.986   103.0
0.6930        -6024.671    -6037.656       12.985   103.0
0.6935        -6024.651    -6037.627       12.976   103.0
0.6940        -6024.624    -6037.596       12.972   102.9
0.6945        -6024.590    -6037.565       12.975   103.0
0.6950        -6024.579    -6037.533       12.953   102.8
0.6955        -6024.572    -6037.500       12.928   102.6
0.6960        -6024.558    -6037.466       12.908   102.4
0.6965        -6024.530    -6037.431       12.901   102.4
0.6970        -6024.510    -6037.395       12.885   102.2
0.6975        -6024.493    -6037.358       12.866   102.1
0.6980        -6024.508    -6037.322       12.814   101.7
0.6985        -6024.479    -6037.286       12.807   101.6
0.6990        -6024.461    -6037.250       12.789   101.5
0.6995        -6024.458    -6037.215       12.756   101.2
0.7000        -6024.452    -6037.181       12.729   101.0
0.7005        -6024.422    -6037.147       12.725   101.0
0.7010        -6024.410    -6037.113       12.703   100.8
0.7015        -6024.372    -6037.081       12.709   100.8
0.7020        -6024.363    -6037.049       12.686   100.7
0.7025        -6024.338    -6037.018       12.680   100.6
0.7030        -6024.318    -6036.988       12.670   100.5
0.7035        -6024.334    -6036.960       12.626   100.2
0.7040        -6024.314    -6036.934       12.620   100.1
0.7045        -6024.309    -6036.909       12.600   100.0
0.7050        -6024.303    -6036.885       12.583    99.8
0.7055        -6024.288    -6036.864       12.576    99.8
0.7060        -6024.292    -6036.844       12.552    99.6
0.7065        -6024.302    -6036.826       12.524    99.4
0.7070        -6024.311    -6036.809       12.498    99.2
0.7075        -6024.289    -6036.795       12.506    99.2
0.7080        -6024.267    -6036.782       12.515    99.3
0.7085        -6024.254    -6036.771       12.517    99.3
0.7090        -6024.213    -6036.761       12.547    99.6
0.7095        -6024.192    -6036.752       12.560    99.7
0.7100        -6024.199    -6036.745       12.546    99.5
0.7105        -6024.197    -6036.739       12.543    99.5
0.7110        -6024.205    -6036.735       12.530    99.4
0.7115        -6024.173    -6036.733       12.560    99.7
0.7120        -6024.184    -6036.732       12.549    99.6
0.7125        -6024.169    -6036.733       12.565    99.7
0.7130        -6024.156    -6036.736       12.581    99.8
0.7135        -6024.130    -6036.741       12.611   100.1
0.7140        -6024.121    -6036.746       12.625   100.2
0.7145        -6024.097    -6036.753       12.656   100.4
0.7150        -6024.097    -6036.762       12.665   100.5
0.7155        -6024.088    -6036.772       12.684   100.6
0.7160        -6024.069    -6036.784       12.715   100.9
0.7165        -6024.060    -6036.795       12.736   101.1
0.7170        -6024.037    -6036.808       12.771   101.3
0.7175        -6024.028    -6036.822       12.794   101.5
0.7180        -6023.973    -6036.837       12.864   102.1
0.7185        -6023.972    -6036.852       12.879   102.2
0.7190        -6023.955    -6036.868       12.914   102.5
0.7195        -6023.969    -6036.885       12.915   102.5
0.7200        -6023.963    -6036.901       12.938   102.7
0.7205        -6023.979    -6036.918       12.939   102.7
0.7210        -6023.966    -6036.935       12.969   102.9
0.7215        -6023.946    -6036.952       13.005   103.2
0.7220        -6023.936    -6036.968       13.032   103.4
0.7225        -6023.914    -6036.984       13.070   103.7
0.7230        -6023.894    -6037.000       13.106   104.0
0.7235        -6023.871    -6037.015       13.144   104.3
0.7240        -6023.833    -6037.030       13.197   104.7
0.7245        -6023.835    -6037.044       13.210   104.8
0.7250        -6023.794    -6037.058       13.264   105.2
0.7255        -6023.797    -6037.072       13.275   105.3
0.7260        -6023.784    -6037.086       13.301   105.5
0.7265        -6023.737    -6037.099       13.362   106.0
0.7270        -6023.730    -6037.111       13.381   106.2
0.7275        -6023.755    -6037.123       13.367   106.1
0.7280        -6023.724    -6037.134       13.410   106.4
0.7285        -6023.698    -6037.144       13.445   106.7
0.7290        -6023.682    -6037.153       13.471   106.9
0.7295        -6023.686    -6037.162       13.475   106.9
0.7300        -6023.659    -6037.170       13.510   107.2
0.7305        -6023.670    -6037.177       13.507   107.2
0.7310        -6023.660    -6037.183       13.523   107.3
0.7315        -6023.630    -6037.189       13.559   107.6
0.7320        -6023.627    -6037.194       13.567   107.7
0.7325        -6023.614    -6037.199       13.585   107.8
0.7330        -6023.626    -6037.204       13.578   107.7
0.7335        -6023.648    -6037.208       13.560   107.6
0.7340        -6023.618    -6037.211       13.593   107.9
0.7345        -6023.645    -6037.214       13.569   107.7
0.7350        -6023.610    -6037.216       13.605   108.0
0.7355        -6023.605    -6037.218       13.613   108.0
0.7360        -6023.598    -6037.219       13.622   108.1
0.7365        -6023.612    -6037.220       13.609   108.0
0.7370        -6023.604    -6037.221       13.617   108.1
0.7375        -6023.591    -6037.221       13.630   108.1
0.7380        -6023.575    -6037.221       13.645   108.3
0.7385        -6023.544    -6037.220       13.676   108.5
0.7390        -6023.490    -6037.218       13.727   108.9
0.7395        -6023.455    -6037.215       13.760   109.2
0.7400        -6023.415    -6037.212       13.797   109.5
0.7405        -6023.440    -6037.208       13.768   109.2
0.7410        -6023.447    -6037.203       13.756   109.1
0.7415        -6023.391    -6037.197       13.806   109.5
0.7420        -6023.369    -6037.189       13.820   109.7
0.7425        -6023.345    -6037.181       13.836   109.8
0.7430        -6023.315    -6037.172       13.856   109.9
0.7435        -6023.280    -6037.161       13.882   110.1
0.7440        -6023.250    -6037.150       13.900   110.3
0.7445        -6023.216    -6037.139       13.923   110.5
0.7450        -6023.235    -6037.127       13.892   110.2
0.7455        -6023.253    -6037.114       13.861   110.0
0.7460        -6023.244    -6037.100       13.856   109.9
0.7465        -6023.225    -6037.084       13.860   110.0
0.7470        -6023.194    -6037.069       13.875   110.1
0.7475        -6023.159    -6037.054       13.895   110.3
0.7480        -6023.120    -6037.037       13.917   110.4
0.7485        -6023.108    -6037.020       13.912   110.4
0.7490        -6023.088    -6037.002       13.914   110.4
0.7495        -6023.106    -6036.984       13.878   110.1
0.7500        -6023.115    -6036.965       13.850   109.9
0.7505        -6023.089    -6036.945       13.856   109.9
0.7510        -6023.089    -6036.925       13.836   109.8
0.7515        -6023.080    -6036.904       13.825   109.7
0.7520        -6023.052    -6036.883       13.831   109.7
0.7525        -6023.059    -6036.862       13.803   109.5
0.7530        -6023.068    -6036.840       13.772   109.3
0.7535        -6023.052    -6036.819       13.766   109.2
0.7540        -6023.037    -6036.796       13.759   109.2
0.7545        -6023.035    -6036.773       13.738   109.0
0.7550        -6023.040    -6036.751       13.710   108.8
0.7555        -6023.028    -6036.729       13.701   108.7
0.7560        -6023.019    -6036.708       13.689   108.6
0.7565        -6022.999    -6036.687       13.688   108.6
0.7570        -6022.970    -6036.666       13.697   108.7
0.7575        -6022.953    -6036.646       13.693   108.6
0.7580        -6022.935    -6036.626       13.691   108.6
0.7585        -6022.903    -6036.606       13.704   108.7
0.7590        -6022.889    -6036.588       13.699   108.7
0.7595        -6022.862    -6036.570       13.709   108.8
0.7600        -6022.867    -6036.554       13.687   108.6
0.7605        -6022.865    -6036.537       13.672   108.5
0.7610        -6022.837    -6036.523       13.686   108.6
0.7615        -6022.834    -6036.510       13.676   108.5
0.7620        -6022.812    -6036.499       13.687   108.6
0.7625        -6022.817    -6036.488       13.671   108.5
0.7630        -6022.791    -6036.478       13.687   108.6
0.7635        -6022.748    -6036.470       13.722   108.9
0.7640        -6022.722    -6036.464       13.741   109.0
0.7645        -6022.695    -6036.458       13.763   109.2
0.7650        -6022.687    -6036.454       13.767   109.2
0.7655        -6022.665    -6036.450       13.785   109.4
0.7660        -6022.676    -6036.447       13.771   109.3
0.7665        -6022.665    -6036.445       13.779   109.3
0.7670        -6022.658    -6036.442       13.784   109.4
0.7675        -6022.632    -6036.441       13.809   109.6
0.7680        -6022.595    -6036.440       13.844   109.9
0.7685        -6022.592    -6036.439       13.847   109.9
0.7690        -6022.595    -6036.439       13.844   109.8
0.7695        -6022.583    -6036.440       13.856   109.9
0.7700        -6022.566    -6036.441       13.875   110.1
0.7705        -6022.572    -6036.442       13.870   110.1
0.7710        -6022.555    -6036.444       13.889   110.2
0.7715        -6022.535    -6036.447       13.912   110.4
0.7720        -6022.542    -6036.449       13.907   110.3
0.7725        -6022.512    -6036.451       13.939   110.6
0.7730        -6022.509    -6036.453       13.944   110.6
0.7735        -6022.486    -6036.455       13.969   110.8
0.7740        -6022.442    -6036.456       14.014   111.2
0.7745        -6022.425    -6036.457       14.032   111.3
0.7750        -6022.440    -6036.457       14.017   111.2
0.7755        -6022.425    -6036.457       14.032   111.3
0.7760        -6022.416    -6036.456       14.040   111.4
0.7765        -6022.386    -6036.455       14.069   111.6
0.7770        -6022.382    -6036.453       14.071   111.6
0.7775        -6022.381    -6036.451       14.070   111.6
0.7780        -6022.392    -6036.448       14.056   111.5
0.7785        -6022.357    -6036.445       14.088   111.8
0.7790        -6022.360    -6036.442       14.081   111.7
0.7795        -6022.382    -6036.438       14.056   111.5
0.7800        -6022.351    -6036.434       14.082   111.7
0.7805        -6022.357    -6036.429       14.072   111.7
0.7810        -6022.361    -6036.425       14.064   111.6
0.7815        -6022.370    -6036.421       14.051   111.5
0.7820        -6022.355    -6036.417       14.062   111.6
0.7825        -6022.342    -6036.413       14.071   111.6
0.7830        -6022.324    -6036.409       14.084   111.8
0.7835        -6022.319    -6036.405       14.086   111.8
0.7840        -6022.274    -6036.403       14.129   112.1
0.7845        -6022.262    -6036.400       14.138   112.2
0.7850        -6022.258    -6036.399       14.141   112.2
0.7855        -6022.227    -6036.397       14.170   112.4
0.7860        -6022.179    -6036.396       14.217   112.8
0.7865        -6022.187    -6036.394       14.208   112.7
0.7870        -6022.168    -6036.393       14.225   112.9
0.7875        -6022.148    -6036.391       14.243   113.0
0.7880        -6022.136    -6036.389       14.253   113.1
0.7885        -6022.127    -6036.388       14.261   113.2
0.7890        -6022.134    -6036.388       14.253   113.1
0.7895        -6022.163    -6036.388       14.225   112.9
0.7900        -6022.144    -6036.389       14.245   113.0
0.7905        -6022.163    -6036.392       14.229   112.9
0.7910        -6022.157    -6036.395       14.238   113.0
0.7915        -6022.173    -6036.398       14.226   112.9
0.7920        -6022.105    -6036.402       14.296   113.4
0.7925        -6022.086    -6036.405       14.319   113.6
0.7930        -6022.066    -6036.410       14.343   113.8
0.7935        -6022.080    -6036.413       14.333   113.7
0.7940        -6022.071    -6036.417       14.346   113.8
0.7945        -6022.047    -6036.420       14.373   114.0
0.7950        -6022.031    -6036.424       14.392   114.2
0.7955        -6022.031    -6036.427       14.396   114.2
0.7960        -6022.048    -6036.430       14.382   114.1
0.7965        -6022.057    -6036.433       14.377   114.1
0.7970        -6022.050    -6036.436       14.386   114.1
0.7975        -6022.067    -6036.439       14.372   114.0
0.7980        -6022.032    -6036.441       14.409   114.3
0.7985        -6022.018    -6036.442       14.424   114.4
0.7990        -6021.992    -6036.443       14.451   114.7
0.7995        -6021.974    -6036.443       14.469   114.8
0.8000        -6021.962    -6036.442       14.480   114.9
0.8005        -6021.961    -6036.440       14.479   114.9
0.8010        -6021.963    -6036.438       14.475   114.9
0.8015        -6021.938    -6036.435       14.497   115.0
0.8020        -6021.958    -6036.432       14.474   114.8
0.8025        -6021.982    -6036.429       14.446   114.6
0.8030        -6021.963    -6036.425       14.462   114.7
0.8035        -6021.939    -6036.419       14.480   114.9
0.8040        -6021.928    -6036.414       14.486   114.9
0.8045        -6021.941    -6036.408       14.467   114.8
0.8050        -6021.922    -6036.402       14.480   114.9
0.8055        -6021.921    -6036.395       14.474   114.8
0.8060        -6021.921    -6036.388       14.468   114.8
0.8065        -6021.919    -6036.381       14.462   114.7
0.8070        -6021.900    -6036.372       14.472   114.8
0.8075        -6021.886    -6036.362       14.477   114.9
0.8080        -6021.880    -6036.352       14.472   114.8
0.8085        -6021.885    -6036.340       14.455   114.7
0.8090        -6021.860    -6036.328       14.467   114.8
0.8095        -6021.861    -6036.314       14.453   114.7
0.8100        -6021.868    -6036.299       14.431   114.5
0.8105        -6021.862    -6036.284       14.422   114.4
0.8110        -6021.837    -6036.268       14.432   114.5
0.8115        -6021.788    -6036.252       14.465   114.8
0.8120        -6021.767    -6036.235       14.469   114.8
0.8125        -6021.737    -6036.217       14.480   114.9
0.8130        -6021.737    -6036.198       14.461   114.7
0.8135        -6021.737    -6036.179       14.441   114.6
0.8140        -6021.739    -6036.159       14.420   114.4
0.8145        -6021.695    -6036.139       14.443   114.6
0.8150        -6021.699    -6036.116       14.418   114.4
0.8155        -6021.686    -6036.093       14.407   114.3
0.8160        -6021.690    -6036.069       14.379   114.1
0.8165        -6021.694    -6036.045       14.351   113.9
0.8170        -6021.673    -6036.020       14.347   113.8
0.8175        -6021.662    -6035.995       14.332   113.7
0.8180        -6021.671    -6035.970       14.299   113.5
0.8185        -6021.688    -6035.944       14.256   113.1
0.8190        -6021.657    -6035.918       14.261   113.2
0.8195        -6021.634    -6035.891       14.258   113.1
0.8200        -6021.611    -6035.865       14.254   113.1
0.8205        -6021.591    -6035.839       14.248   113.1
0.8210        -6021.585    -6035.813       14.228   112.9
0.8215        -6021.569    -6035.787       14.219   112.8
0.8220        -6021.535    -6035.761       14.226   112.9
0.8225        -6021.514    -6035.735       14.221   112.8
0.8230        -6021.526    -6035.710       14.183   112.5
0.8235        -6021.528    -6035.686       14.158   112.3
0.8240        -6021.569    -6035.662       14.093   111.8
0.8245        -6021.581    -6035.639       14.058   111.5
0.8250        -6021.564    -6035.616       14.053   111.5
0.8255        -6021.564    -6035.595       14.031   111.3
0.8260        -6021.531    -6035.574       14.043   111.4
0.8265        -6021.521    -6035.555       14.034   111.4
0.8270        -6021.494    -6035.536       14.042   111.4
0.8275        -6021.519    -6035.518       13.998   111.1
0.8280        -6021.535    -6035.499       13.964   110.8
0.8285        -6021.539    -6035.482       13.942   110.6
0.8290        -6021.539    -6035.464       13.925   110.5
0.8295        -6021.525    -6035.448       13.923   110.5
0.8300        -6021.507    -6035.433       13.926   110.5
0.8305        -6021.496    -6035.419       13.923   110.5
0.8310        -6021.447    -6035.405       13.959   110.8
0.8315        -6021.439    -6035.393       13.954   110.7
0.8320        -6021.435    -6035.381       13.946   110.7
0.8325        -6021.417    -6035.370       13.953   110.7
0.8330        -6021.384    -6035.359       13.975   110.9
0.8335        -6021.405    -6035.349       13.944   110.6
0.8340        -6021.402    -6035.340       13.938   110.6
0.8345        -6021.403    -6035.331       13.928   110.5
0.8350        -6021.394    -6035.323       13.929   110.5
0.8355        -6021.388    -6035.315       13.927   110.5
0.8360        -6021.313    -6035.307       13.994   111.0
0.8365        -6021.285    -6035.299       14.015   111.2
0.8370        -6021.235    -6035.292       14.056   111.5
0.8375        -6021.192    -6035.284       14.091   111.8
0.8380        -6021.168    -6035.275       14.107   111.9
0.8385        -6021.137    -6035.265       14.129   112.1
0.8390        -6021.119    -6035.257       14.137   112.2
0.8395        -6021.073    -6035.248       14.176   112.5
0.8400        -6021.052    -6035.240       14.188   112.6
0.8405        -6021.033    -6035.232       14.199   112.7
0.8410        -6020.995    -6035.224       14.229   112.9
0.8415        -6021.017    -6035.216       14.199   112.7
0.8420        -6020.999    -6035.207       14.208   112.7
0.8425        -6021.010    -6035.197       14.187   112.6
0.8430        -6020.989    -6035.188       14.199   112.7
0.8435        -6020.996    -6035.178       14.182   112.5
0.8440        -6020.955    -6035.168       14.213   112.8
0.8445        -6020.923    -6035.158       14.235   112.9
0.8450        -6020.919    -6035.148       14.229   112.9
0.8455        -6020.898    -6035.137       14.239   113.0
0.8460        -6020.882    -6035.126       14.245   113.0
0.8465        -6020.862    -6035.116       14.254   113.1
0.8470        -6020.828    -6035.105       14.277   113.3
0.8475        -6020.808    -6035.095       14.287   113.4
0.8480        -6020.798    -6035.085       14.288   113.4
0.8485        -6020.807    -6035.076       14.269   113.2
0.8490        -6020.826    -6035.068       14.242   113.0
0.8495        -6020.810    -6035.060       14.250   113.1
0.8500        -6020.767    -6035.054       14.287   113.4
0.8505        -6020.741    -6035.048       14.307   113.5
0.8510        -6020.719    -6035.043       14.324   113.7
0.8515        -6020.708    -6035.039       14.331   113.7
0.8520        -6020.678    -6035.035       14.357   113.9
0.8525        -6020.623    -6035.032       14.410   114.3
0.8530        -6020.591    -6035.029       14.438   114.6
0.8535        -6020.600    -6035.027       14.426   114.5
0.8540        -6020.573    -6035.025       14.452   114.7
0.8545        -6020.569    -6035.025       14.456   114.7
0.8550        -6020.546    -6035.026       14.480   114.9
0.8555        -6020.528    -6035.028       14.501   115.1
0.8560        -6020.542    -6035.030       14.488   115.0
0.8565        -6020.533    -6035.034       14.501   115.1
0.8570        -6020.542    -6035.037       14.496   115.0
0.8575        -6020.504    -6035.042       14.538   115.4
0.8580        -6020.453    -6035.046       14.593   115.8
0.8585        -6020.428    -6035.051       14.623   116.0
0.8590        -6020.429    -6035.056       14.627   116.1
0.8595        -6020.409    -6035.062       14.653   116.3
0.8600        -6020.401    -6035.068       14.667   116.4
0.8605        -6020.413    -6035.074       14.661   116.3
0.8610        -6020.388    -6035.079       14.692   116.6
0.8615        -6020.369    -6035.085       14.716   116.8
0.8620        -6020.375    -6035.091       14.716   116.8
0.8625        -6020.346    -6035.097       14.751   117.0
0.8630        -6020.313    -6035.103       14.790   117.4
0.8635        -6020.272    -6035.109       14.836   117.7
0.8640        -6020.266    -6035.115       14.849   117.8
0.8645        -6020.249    -6035.121       14.871   118.0
0.8650        -6020.238    -6035.126       14.888   118.1
0.8655        -6020.216    -6035.132       14.916   118.4
0.8660        -6020.200    -6035.137       14.937   118.5
0.8665        -6020.218    -6035.142       14.924   118.4
0.8670        -6020.185    -6035.147       14.963   118.7
0.8675        -6020.159    -6035.153       14.994   119.0
0.8680        -6020.164    -6035.158       14.994   119.0
0.8685        -6020.136    -6035.164       15.028   119.2
0.8690        -6020.124    -6035.170       15.046   119.4
0.8695        -6020.164    -6035.175       15.011   119.1
0.8700        -6020.146    -6035.180       15.034   119.3
0.8705        -6020.136    -6035.185       15.049   119.4
0.8710        -6020.112    -6035.191       15.079   119.6
0.8715        -6020.116    -6035.196       15.081   119.7
0.8720        -6020.118    -6035.202       15.084   119.7
0.8725        -6020.104    -6035.207       15.103   119.8
0.8730        -6020.104    -6035.212       15.109   119.9
0.8735        -6020.104    -6035.218       15.114   119.9
0.8740        -6020.117    -6035.222       15.105   119.9
0.8745        -6020.146    -6035.227       15.081   119.7
0.8750        -6020.130    -6035.231       15.100   119.8
0.8755        -6020.126    -6035.234       15.108   119.9
0.8760        -6020.103    -6035.236       15.133   120.1
0.8765        -6020.126    -6035.237       15.111   119.9
0.8770        -6020.065    -6035.239       15.174   120.4
0.8775        -6020.050    -6035.240       15.190   120.5
0.8780        -6020.040    -6035.242       15.202   120.6
0.8785        -6020.004    -6035.243       15.239   120.9
0.8790        -6020.003    -6035.243       15.240   120.9
0.8795        -6019.997    -6035.243       15.246   121.0
0.8800        -6019.953    -6035.243       15.290   121.3
0.8805        -6019.933    -6035.242       15.309   121.5
0.8810        -6019.907    -6035.241       15.334   121.7
0.8815        -6019.875    -6035.241       15.366   121.9
0.8820        -6019.879    -6035.240       15.361   121.9
0.8825        -6019.819    -6035.238       15.419   122.3
0.8830        -6019.807    -6035.236       15.429   122.4
0.8835        -6019.810    -6035.234       15.424   122.4
0.8840        -6019.809    -6035.231       15.422   122.4
0.8845        -6019.784    -6035.229       15.444   122.5
0.8850        -6019.748    -6035.226       15.478   122.8
0.8855        -6019.713    -6035.223       15.511   123.1
0.8860        -6019.701    -6035.220       15.519   123.1
0.8865        -6019.656    -6035.216       15.561   123.5
0.8870        -6019.607    -6035.212       15.605   123.8
0.8875        -6019.613    -6035.207       15.594   123.7
0.8880        -6019.609    -6035.201       15.592   123.7
0.8885        -6019.581    -6035.195       15.614   123.9
0.8890        -6019.593    -6035.188       15.594   123.7
0.8895        -6019.569    -6035.180       15.612   123.9
0.8900        -6019.593    -6035.173       15.579   123.6
0.8905        -6019.538    -6035.165       15.627   124.0
0.8910        -6019.574    -6035.157       15.583   123.6
0.8915        -6019.548    -6035.149       15.601   123.8
0.8920        -6019.544    -6035.140       15.596   123.7
0.8925        -6019.580    -6035.130       15.550   123.4
0.8930        -6019.558    -6035.119       15.562   123.5
0.8935        -6019.533    -6035.108       15.575   123.6
0.8940        -6019.514    -6035.096       15.582   123.6
0.8945        -6019.490    -6035.085       15.595   123.7
0.8950        -6019.484    -6035.073       15.589   123.7
0.8955        -6019.453    -6035.062       15.609   123.9
0.8960        -6019.412    -6035.051       15.639   124.1
0.8965        -6019.411    -6035.041       15.630   124.0
0.8970        -6019.377    -6035.030       15.653   124.2
0.8975        -6019.348    -6035.019       15.671   124.3
0.8980        -6019.309    -6035.008       15.699   124.6
0.8985        -6019.299    -6034.997       15.698   124.6
0.8990        -6019.287    -6034.985       15.698   124.6
0.8995        -6019.238    -6034.973       15.735   124.8
0.9000        -6019.181    -6034.960       15.780   125.2
0.9005        -6019.197    -6034.948       15.751   125.0
0.9010        -6019.158    -6034.936       15.778   125.2
0.9015        -6019.148    -6034.924       15.776   125.2
0.9020        -6019.133    -6034.912       15.779   125.2
0.9025        -6019.085    -6034.901       15.816   125.5
0.9030        -6019.051    -6034.891       15.840   125.7
0.9035        -6019.062    -6034.882       15.820   125.5
0.9040        -6019.040    -6034.873       15.833   125.6
0.9045        -6019.032    -6034.865       15.833   125.6
0.9050        -6019.013    -6034.858       15.846   125.7
0.9055        -6018.992    -6034.852       15.860   125.8
0.9060        -6018.997    -6034.846       15.849   125.8
0.9065        -6018.964    -6034.841       15.877   126.0
0.9070        -6018.997    -6034.837       15.840   125.7
0.9075        -6018.985    -6034.834       15.849   125.8
0.9080        -6018.958    -6034.833       15.875   126.0
0.9085        -6018.986    -6034.833       15.847   125.7
0.9090        -6018.967    -6034.834       15.867   125.9
0.9095        -6018.945    -6034.835       15.890   126.1
0.9100        -6018.928    -6034.838       15.910   126.2
0.9105        -6018.894    -6034.841       15.947   126.5
0.9110        -6018.875    -6034.845       15.970   126.7
0.9115        -6018.882    -6034.850       15.968   126.7
0.9120        -6018.855    -6034.855       16.000   127.0
0.9125        -6018.839    -6034.861       16.022   127.1
0.9130        -6018.826    -6034.867       16.041   127.3
0.9135        -6018.848    -6034.873       16.025   127.2
0.9140        -6018.815    -6034.880       16.066   127.5
0.9145        -6018.773    -6034.888       16.115   127.9
0.9150        -6018.774    -6034.895       16.122   127.9
0.9155        -6018.754    -6034.904       16.150   128.1
0.9160        -6018.748    -6034.912       16.164   128.3
0.9165        -6018.738    -6034.921       16.184   128.4
0.9170        -6018.768    -6034.930       16.162   128.2
0.9175        -6018.755    -6034.939       16.184   128.4
0.9180        -6018.762    -6034.948       16.186   128.4
0.9185        -6018.738    -6034.958       16.219   128.7
0.9190        -6018.758    -6034.967       16.209   128.6
0.9195        -6018.735    -6034.976       16.241   128.9
0.9200        -6018.742    -6034.984       16.242   128.9
0.9205        -6018.733    -6034.992       16.258   129.0
0.9210        -6018.754    -6034.999       16.245   128.9
0.9215        -6018.723    -6035.006       16.283   129.2
0.9220        -6018.719    -6035.012       16.293   129.3
0.9225        -6018.719    -6035.018       16.299   129.3
0.9230        -6018.720    -6035.024       16.304   129.4
0.9235        -6018.711    -6035.028       16.316   129.5
0.9240        -6018.714    -6035.032       16.318   129.5
0.9245        -6018.722    -6035.036       16.314   129.4
0.9250        -6018.665    -6035.039       16.374   129.9
0.9255        -6018.613    -6035.041       16.428   130.3
0.9260        -6018.625    -6035.042       16.417   130.3
0.9265        -6018.614    -6035.042       16.428   130.3
0.9270        -6018.640    -6035.041       16.401   130.1
0.9275        -6018.622    -6035.039       16.417   130.3
0.9280        -6018.604    -6035.035       16.432   130.4
0.9285        -6018.622    -6035.031       16.408   130.2
0.9290        -6018.602    -6035.025       16.423   130.3
0.9295        -6018.590    -6035.019       16.429   130.4
0.9300        -6018.597    -6035.013       16.416   130.3
0.9305        -6018.617    -6035.005       16.389   130.0
0.9310        -6018.607    -6034.997       16.391   130.1
0.9315        -6018.586    -6034.988       16.402   130.1
0.9320        -6018.579    -6034.977       16.398   130.1
0.9325        -6018.522    -6034.966       16.444   130.5
0.9330        -6018.500    -6034.955       16.455   130.6
0.9335        -6018.545    -6034.943       16.397   130.1
0.9340        -6018.478    -6034.930       16.453   130.5
0.9345        -6018.474    -6034.917       16.443   130.5
0.9350        -6018.472    -6034.904       16.432   130.4
0.9355        -6018.486    -6034.890       16.405   130.2
0.9360        -6018.492    -6034.876       16.384   130.0
0.9365        -6018.488    -6034.860       16.372   129.9
0.9370        -6018.492    -6034.843       16.351   129.7
0.9375        -6018.478    -6034.825       16.347   129.7
0.9380        -6018.474    -6034.806       16.332   129.6
0.9385        -6018.441    -6034.787       16.346   129.7
0.9390        -6018.419    -6034.768       16.348   129.7
0.9395        -6018.437    -6034.748       16.311   129.4
0.9400        -6018.416    -6034.728       16.313   129.4
0.9405        -6018.411    -6034.709       16.298   129.3
0.9410        -6018.425    -6034.688       16.263   129.0
0.9415        -6018.414    -6034.667       16.253   129.0
0.9420        -6018.400    -6034.647       16.247   128.9
0.9425        -6018.356    -6034.626       16.270   129.1
0.9430        -6018.339    -6034.606       16.266   129.1
0.9435        -6018.346    -6034.586       16.240   128.9
0.9440        -6018.343    -6034.568       16.225   128.7
0.9445        -6018.318    -6034.550       16.232   128.8
0.9450        -6018.354    -6034.532       16.179   128.4
0.9455        -6018.333    -6034.516       16.183   128.4
0.9460        -6018.326    -6034.501       16.176   128.3
0.9465        -6018.334    -6034.486       16.152   128.2
0.9470        -6018.332    -6034.472       16.140   128.1
0.9475        -6018.304    -6034.460       16.155   128.2
0.9480        -6018.301    -6034.448       16.147   128.1
0.9485        -6018.299    -6034.438       16.139   128.1
0.9490        -6018.265    -6034.428       16.163   128.3
0.9495        -6018.261    -6034.421       16.159   128.2
0.9500        -6018.240    -6034.414       16.173   128.3
0.9505        -6018.242    -6034.409       16.166   128.3
0.9510        -6018.240    -6034.405       16.165   128.3
0.9515        -6018.242    -6034.403       16.161   128.2
0.9520        -6018.227    -6034.401       16.174   128.3
0.9525        -6018.222    -6034.400       16.178   128.4
0.9530        -6018.250    -6034.400       16.150   128.1
0.9535        -6018.237    -6034.401       16.164   128.3
0.9540        -6018.233    -6034.402       16.168   128.3
0.9545        -6018.213    -6034.403       16.190   128.5
0.9550        -6018.198    -6034.405       16.207   128.6
0.9555        -6018.216    -6034.407       16.191   128.5
0.9560        -6018.220    -6034.409       16.189   128.5
0.9565        -6018.220    -6034.410       16.191   128.5
0.9570        -6018.203    -6034.411       16.208   128.6
0.9575        -6018.186    -6034.411       16.225   128.7
0.9580        -6018.182    -6034.410       16.228   128.8
0.9585        -6018.148    -6034.409       16.261   129.0
0.9590        -6018.125    -6034.406       16.281   129.2
0.9595        -6018.141    -6034.400       16.259   129.0
0.9600        -6018.153    -6034.394       16.241   128.9
0.9605        -6018.153    -6034.387       16.233   128.8
0.9610        -6018.144    -6034.378       16.234   128.8
0.9615        -6018.147    -6034.368       16.220   128.7
0.9620        -6018.175    -6034.357       16.182   128.4
0.9625        -6018.182    -6034.345       16.163   128.3
0.9630        -6018.155    -6034.333       16.177   128.4
0.9635        -6018.119    -6034.319       16.201   128.5
0.9640        -6018.085    -6034.305       16.220   128.7
0.9645        -6018.116    -6034.290       16.174   128.3
0.9650        -6018.088    -6034.273       16.184   128.4
0.9655        -6018.059    -6034.254       16.195   128.5
0.9660        -6018.026    -6034.235       16.209   128.6
0.9665        -6018.006    -6034.214       16.209   128.6
0.9670        -6017.979    -6034.192       16.212   128.6
0.9675        -6017.971    -6034.168       16.197   128.5
0.9680        -6017.985    -6034.141       16.156   128.2
0.9685        -6017.981    -6034.113       16.132   128.0
0.9690        -6017.947    -6034.083       16.136   128.0
0.9695        -6017.951    -6034.053       16.102   127.8
0.9700        -6017.908    -6034.021       16.113   127.9
0.9705        -6017.912    -6033.987       16.076   127.6
0.9710        -6017.896    -6033.953       16.058   127.4
0.9715        -6017.880    -6033.919       16.038   127.3
0.9720        -6017.857    -6033.883       16.026   127.2
0.9725        -6017.824    -6033.845       16.022   127.1
0.9730        -6017.813    -6033.808       15.995   126.9
0.9735        -6017.834    -6033.771       15.937   126.5
0.9740        -6017.868    -6033.733       15.865   125.9
0.9745        -6017.856    -6033.697       15.841   125.7
0.9750        -6017.839    -6033.661       15.822   125.5
0.9755        -6017.844    -6033.627       15.783   125.2
0.9760        -6017.774    -6033.593       15.819   125.5
0.9765        -6017.736    -6033.562       15.826   125.6
0.9770        -6017.743    -6033.531       15.788   125.3
0.9775        -6017.737    -6033.502       15.766   125.1
0.9780        -6017.743    -6033.475       15.731   124.8
0.9785        -6017.743    -6033.448       15.704   124.6
0.9790        -6017.751    -6033.424       15.673   124.4
0.9795        -6017.774    -6033.403       15.629   124.0
0.9800        -6017.786    -6033.384       15.598   123.8
0.9805        -6017.762    -6033.367       15.605   123.8
0.9810        -6017.764    -6033.352       15.588   123.7
0.9815        -6017.758    -6033.339       15.581   123.6
0.9820        -6017.782    -6033.327       15.545   123.3
0.9825        -6017.782    -6033.318       15.536   123.3
0.9830        -6017.775    -6033.310       15.535   123.3
0.9835        -6017.756    -6033.305       15.549   123.4
0.9840        -6017.722    -6033.301       15.578   123.6
0.9845        -6017.692    -6033.300       15.607   123.8
0.9850        -6017.670    -6033.301       15.631   124.0
0.9855        -6017.686    -6033.304       15.618   123.9
0.9860        -6017.678    -6033.309       15.631   124.0
0.9865        -6017.661    -6033.316       15.654   124.2
0.9870        -6017.649    -6033.325       15.677   124.4
0.9875        -6017.626    -6033.337       15.711   124.7
0.9880        -6017.631    -6033.349       15.719   124.7
0.9885        -6017.626    -6033.364       15.739   124.9
0.9890        -6017.624    -6033.381       15.757   125.0
0.9895        -6017.587    -6033.400       15.812   125.5
0.9900        -6017.588    -6033.420       15.832   125.6
0.9905        -6017.540    -6033.441       15.901   126.2
0.9910        -6017.534    -6033.465       15.930   126.4
0.9915        -6017.571    -6033.489       15.918   126.3
0.9920        -6017.555    -6033.514       15.958   126.6
0.9925        -6017.532    -6033.539       16.007   127.0
0.9930        -6017.495    -6033.565       16.070   127.5
0.9935        -6017.473    -6033.592       16.119   127.9
0.9940        -6017.416    -6033.620       16.204   128.6
0.9945        -6017.439    -6033.647       16.208   128.6
0.9950        -6017.400    -6033.673       16.273   129.1
0.9955        -6017.384    -6033.699       16.316   129.5
0.9960        -6017.370    -6033.725       16.355   129.8
0.9965        -6017.348    -6033.749       16.401   130.1
0.9970        -6017.320    -6033.772       16.452   130.5
0.9975        -6017.284    -6033.793       16.509   131.0
0.9980        -6017.270    -6033.812       16.542   131.3
0.9985        -6017.207    -6033.829       16.621   131.9
0.9990        -6017.180    -6033.843       16.662   132.2
0.9995        -6017.209    -6033.855       16.646   132.1
1.0000        -6017.201    -6033.864       16.663   132.2
1.0005        -6017.178    -6033.872       16.694   132.5
1.0010        -6017.141    -6033.878       16.737   132.8
1.0015        -6017.115    -6033.882       16.767   133.0
1.0020        -6017.078    -6033.884       16.805   133.3
1.0025        -6017.094    -6033.884       16.791   133.2
1.0030        -6017.074    -6033.882       16.807   133.4
1.0035        -6017.030    -6033.877       16.847   133.7
1.0040        -6017.032    -6033.871       16.839   133.6
1.0045        -6016.984    -6033.863       16.879   133.9
1.0050        -6016.947    -6033.852       16.906   134.1
1.0055        -6016.925    -6033.841       16.915   134.2
1.0060        -6016.947    -6033.827       16.880   133.9
1.0065        -6016.930    -6033.811       16.881   133.9
1.0070        -6016.903    -6033.794       16.891   134.0
1.0075        -6016.880    -6033.773       16.893   134.0
1.0080        -6016.888    -6033.751       16.863   133.8
1.0085        -6016.848    -6033.726       16.878   133.9
1.0090        -6016.854    -6033.700       16.846   133.7
1.0095        -6016.831    -6033.674       16.843   133.6
1.0100        -6016.786    -6033.647       16.860   133.8
1.0105        -6016.783    -6033.618       16.835   133.6
1.0110        -6016.785    -6033.590       16.805   133.3
1.0115        -6016.819    -6033.562       16.742   132.8
1.0120        -6016.800    -6033.532       16.732   132.8
1.0125        -6016.788    -6033.501       16.714   132.6
1.0130        -6016.814    -6033.471       16.657   132.2
1.0135        -6016.820    -6033.440       16.620   131.9
1.0140        -6016.851    -6033.409       16.558   131.4
1.0145        -6016.862    -6033.379       16.517   131.1
1.0150        -6016.879    -6033.349       16.470   130.7
1.0155        -6016.877    -6033.320       16.443   130.5
1.0160        -6016.906    -6033.292       16.386   130.0
1.0165        -6016.903    -6033.266       16.363   129.8
1.0170        -6016.884    -6033.240       16.356   129.8
1.0175        -6016.875    -6033.215       16.340   129.7
1.0180        -6016.862    -6033.192       16.330   129.6
1.0185        -6016.857    -6033.171       16.313   129.4
1.0190        -6016.816    -6033.151       16.335   129.6
1.0195        -6016.807    -6033.134       16.327   129.5
1.0200        -6016.771    -6033.119       16.347   129.7
1.0205        -6016.746    -6033.106       16.360   129.8
1.0210        -6016.729    -6033.095       16.366   129.9
1.0215        -6016.729    -6033.087       16.359   129.8
1.0220        -6016.715    -6033.082       16.367   129.9
1.0225        -6016.736    -6033.081       16.344   129.7
1.0230        -6016.730    -6033.082       16.352   129.7
1.0235        -6016.760    -6033.087       16.327   129.5
1.0240        -6016.748    -6033.093       16.345   129.7
1.0245        -6016.751    -6033.103       16.352   129.8
1.0250        -6016.692    -6033.115       16.423   130.3
1.0255        -6016.677    -6033.129       16.451   130.5
1.0260        -6016.617    -6033.143       16.526   131.1
1.0265        -6016.644    -6033.158       16.514   131.0
1.0270        -6016.621    -6033.175       16.554   131.4
1.0275        -6016.606    -6033.192       16.586   131.6
1.0280        -6016.613    -6033.209       16.597   131.7
1.0285        -6016.608    -6033.227       16.619   131.9
1.0290        -6016.624    -6033.246       16.622   131.9
1.0295        -6016.611    -6033.265       16.654   132.1
1.0300        -6016.600    -6033.285       16.686   132.4
1.0305        -6016.570    -6033.306       16.737   132.8
1.0310        -6016.577    -6033.328       16.750   132.9
1.0315        -6016.568    -6033.349       16.781   133.1
1.0320        -6016.603    -6033.370       16.766   133.0
1.0325        -6016.614    -6033.390       16.776   133.1
1.0330        -6016.610    -6033.410       16.801   133.3
1.0335        -6016.621    -6033.430       16.810   133.4
1.0340        -6016.607    -6033.449       16.842   133.6
1.0345        -6016.608    -6033.467       16.858   133.8
1.0350        -6016.594    -6033.484       16.890   134.0
1.0355        -6016.571    -6033.499       16.928   134.3
1.0360        -6016.561    -6033.514       16.953   134.5
1.0365        -6016.545    -6033.527       16.982   134.7
1.0370        -6016.517    -6033.540       17.023   135.1
1.0375        -6016.488    -6033.552       17.064   135.4
1.0380        -6016.466    -6033.563       17.097   135.7
1.0385        -6016.424    -6033.572       17.148   136.1
1.0390        -6016.436    -6033.580       17.144   136.0
1.0395        -6016.426    -6033.588       17.162   136.2
1.0400        -6016.443    -6033.594       17.151   136.1
1.0405        -6016.411    -6033.600       17.189   136.4
1.0410        -6016.389    -6033.604       17.215   136.6
1.0415        -6016.402    -6033.607       17.205   136.5
1.0420        -6016.394    -6033.610       17.216   136.6
1.0425        -6016.372    -6033.611       17.240   136.8
1.0430        -6016.359    -6033.612       17.253   136.9
1.0435        -6016.288    -6033.611       17.323   137.5
1.0440        -6016.309    -6033.611       17.301   137.3
1.0445        -6016.315    -6033.610       17.295   137.2
1.0450        -6016.332    -6033.608       17.276   137.1
1.0455        -6016.330    -6033.607       17.277   137.1
1.0460        -6016.330    -6033.605       17.275   137.1
1.0465        -6016.302    -6033.601       17.299   137.3
1.0470        -6016.289    -6033.597       17.308   137.3
1.0475        -6016.257    -6033.593       17.335   137.6
1.0480        -6016.234    -6033.588       17.354   137.7
1.0485        -6016.249    -6033.583       17.334   137.5
1.0490        -6016.236    -6033.579       17.344   137.6
1.0495        -6016.186    -6033.576       17.390   138.0
1.0500        -6016.225    -6033.574       17.348   137.7
1.0505        -6016.253    -6033.571       17.318   137.4
1.0510        -6016.246    -6033.569       17.324   137.5
1.0515        -6016.215    -6033.568       17.353   137.7
1.0520        -6016.177    -6033.568       17.390   138.0
1.0525        -6016.167    -6033.568       17.401   138.1
1.0530        -6016.140    -6033.570       17.430   138.3
1.0535        -6016.108    -6033.572       17.464   138.6
1.0540        -6016.084    -6033.576       17.492   138.8
1.0545        -6016.059    -6033.580       17.521   139.0
1.0550        -6016.072    -6033.585       17.512   139.0
1.0555        -6016.065    -6033.590       17.525   139.1
1.0560        -6016.094    -6033.596       17.502   138.9
1.0565        -6016.078    -6033.603       17.524   139.1
1.0570        -6016.065    -6033.610       17.545   139.2
1.0575        -6016.073    -6033.619       17.547   139.2
1.0580        -6016.051    -6033.629       17.579   139.5
1.0585        -6016.030    -6033.639       17.610   139.7
1.0590        -6016.032    -6033.650       17.618   139.8
1.0595        -6016.039    -6033.661       17.622   139.8
1.0600        -6016.032    -6033.673       17.641   140.0
1.0605        -6016.032    -6033.685       17.653   140.1
1.0610        -6016.026    -6033.697       17.671   140.2
1.0615        -6015.975    -6033.710       17.735   140.7
1.0620        -6015.976    -6033.723       17.747   140.8
1.0625        -6015.942    -6033.736       17.794   141.2
1.0630        -6015.917    -6033.749       17.831   141.5
1.0635        -6015.910    -6033.760       17.850   141.6
1.0640        -6015.872    -6033.771       17.899   142.0
1.0645        -6015.833    -6033.781       17.948   142.4
1.0650        -6015.810    -6033.789       17.979   142.7
1.0655        -6015.795    -6033.796       18.001   142.8
1.0660        -6015.793    -6033.801       18.007   142.9
1.0665        -6015.790    -6033.804       18.015   142.9
1.0670        -6015.806    -6033.806       18.000   142.8
1.0675        -6015.824    -6033.807       17.982   142.7
1.0680        -6015.863    -6033.805       17.943   142.4
1.0685        -6015.844    -6033.802       17.957   142.5
1.0690        -6015.827    -6033.796       17.969   142.6
1.0695        -6015.800    -6033.787       17.987   142.7
1.0700        -6015.755    -6033.777       18.023   143.0
1.0705        -6015.752    -6033.766       18.014   142.9
1.0710        -6015.772    -6033.752       17.980   142.7
1.0715        -6015.739    -6033.737       17.998   142.8
1.0720        -6015.723    -6033.719       17.995   142.8
1.0725        -6015.711    -6033.700       17.989   142.7
1.0730        -6015.702    -6033.679       17.977   142.6
1.0735        -6015.695    -6033.656       17.961   142.5
1.0740        -6015.712    -6033.631       17.919   142.2
1.0745        -6015.703    -6033.605       17.902   142.0
1.0750        -6015.724    -6033.579       17.855   141.7
1.0755        -6015.716    -6033.551       17.835   141.5
1.0760        -6015.681    -6033.522       17.841   141.6
1.0765        -6015.638    -6033.493       17.855   141.7
1.0770        -6015.612    -6033.463       17.851   141.6
1.0775        -6015.633    -6033.433       17.800   141.2
1.0780        -6015.616    -6033.403       17.787   141.1
1.0785        -6015.571    -6033.373       17.803   141.3
1.0790        -6015.572    -6033.345       17.772   141.0
1.0795        -6015.552    -6033.316       17.764   141.0
1.0800        -6015.573    -6033.287       17.714   140.6
1.0805        -6015.581    -6033.259       17.677   140.3
1.0810        -6015.554    -6033.232       17.678   140.3
1.0815        -6015.554    -6033.206       17.651   140.1
1.0820        -6015.571    -6033.181       17.610   139.7
1.0825        -6015.541    -6033.157       17.615   139.8
1.0830        -6015.511    -6033.134       17.623   139.8
1.0835        -6015.519    -6033.113       17.594   139.6
1.0840        -6015.488    -6033.092       17.604   139.7
1.0845        -6015.448    -6033.072       17.624   139.8
1.0850        -6015.461    -6033.054       17.593   139.6
1.0855        -6015.447    -6033.038       17.591   139.6
1.0860        -6015.471    -6033.023       17.552   139.3
1.0865        -6015.460    -6033.011       17.551   139.3
1.0870        -6015.458    -6033.001       17.543   139.2
1.0875        -6015.416    -6032.991       17.575   139.5
1.0880        -6015.390    -6032.984       17.594   139.6
1.0885        -6015.395    -6032.977       17.582   139.5
1.0890        -6015.371    -6032.971       17.600   139.6
1.0895        -6015.382    -6032.967       17.585   139.5
1.0900        -6015.404    -6032.963       17.559   139.3
1.0905        -6015.431    -6032.960       17.529   139.1
1.0910        -6015.433    -6032.959       17.526   139.1
1.0915        -6015.405    -6032.959       17.554   139.3
1.0920        -6015.382    -6032.960       17.578   139.5
1.0925        -6015.339    -6032.963       17.624   139.8
1.0930        -6015.325    -6032.965       17.641   140.0
1.0935        -6015.304    -6032.969       17.665   140.2
1.0940        -6015.283    -6032.973       17.690   140.4
1.0945        -6015.251    -6032.977       17.727   140.7
1.0950        -6015.202    -6032.981       17.779   141.1
1.0955        -6015.197    -6032.984       17.787   141.1
1.0960        -6015.190    -6032.988       17.798   141.2
1.0965        -6015.198    -6032.992       17.794   141.2
1.0970        -6015.185    -6032.996       17.811   141.3
1.0975        -6015.183    -6032.999       17.816   141.4
1.0980        -6015.175    -6033.003       17.828   141.5
1.0985        -6015.169    -6033.006       17.838   141.5
1.0990        -6015.156    -6033.010       17.853   141.7
1.0995        -6015.186    -6033.012       17.826   141.4
1.1000        -6015.176    -6033.015       17.839   141.6
1.1005        -6015.151    -6033.018       17.867   141.8
1.1010        -6015.148    -6033.021       17.873   141.8
1.1015        -6015.179    -6033.024       17.846   141.6
1.1020        -6015.175    -6033.027       17.852   141.7
1.1025        -6015.175    -6033.029       17.855   141.7
1.1030        -6015.153    -6033.032       17.879   141.9
1.1035        -6015.157    -6033.035       17.878   141.9
1.1040        -6015.153    -6033.037       17.885   141.9
1.1045        -6015.158    -6033.039       17.880   141.9
1.1050        -6015.119    -6033.040       17.921   142.2
1.1055        -6015.073    -6033.040       17.967   142.6
1.1060        -6015.036    -6033.040       18.004   142.9
1.1065        -6015.035    -6033.039       18.004   142.9
1.1070        -6014.986    -6033.037       18.051   143.2
1.1075        -6015.008    -6033.035       18.027   143.0
1.1080        -6014.972    -6033.032       18.061   143.3
1.1085        -6014.951    -6033.029       18.078   143.4
1.1090        -6014.922    -6033.026       18.104   143.6
1.1095        -6014.919    -6033.023       18.104   143.6
1.1100        -6014.951    -6033.019       18.068   143.4
1.1105        -6014.940    -6033.015       18.075   143.4
1.1110        -6014.896    -6033.011       18.115   143.7
1.1115        -6014.876    -6033.007       18.130   143.9
1.1120        -6014.835    -6033.002       18.167   144.1
1.1125        -6014.815    -6032.995       18.180   144.3
1.1130        -6014.817    -6032.988       18.171   144.2
1.1135        -6014.802    -6032.979       18.177   144.2
1.1140        -6014.804    -6032.971       18.167   144.2
1.1145        -6014.759    -6032.962       18.203   144.4
1.1150        -6014.735    -6032.951       18.216   144.5
1.1155        -6014.728    -6032.940       18.212   144.5
1.1160        -6014.718    -6032.928       18.210   144.5
1.1165        -6014.705    -6032.917       18.212   144.5
1.1170        -6014.722    -6032.905       18.183   144.3
1.1175        -6014.736    -6032.893       18.157   144.1
1.1180        -6014.699    -6032.881       18.183   144.3
1.1185        -6014.697    -6032.869       18.172   144.2
1.1190        -6014.753    -6032.856       18.103   143.6
1.1195        -6014.736    -6032.842       18.106   143.7
1.1200        -6014.711    -6032.828       18.116   143.7
1.1205        -6014.658    -6032.813       18.155   144.1
1.1210        -6014.646    -6032.798       18.152   144.0
1.1215        -6014.651    -6032.782       18.131   143.9
1.1220        -6014.652    -6032.766       18.114   143.7
1.1225        -6014.691    -6032.750       18.058   143.3
1.1230        -6014.647    -6032.733       18.087   143.5
1.1235        -6014.645    -6032.717       18.071   143.4
1.1240        -6014.624    -6032.700       18.076   143.4
1.1245        -6014.609    -6032.683       18.073   143.4
1.1250        -6014.624    -6032.665       18.041   143.1
1.1255        -6014.632    -6032.647       18.015   142.9
1.1260        -6014.600    -6032.629       18.029   143.1
1.1265        -6014.608    -6032.610       18.002   142.8
1.1270        -6014.616    -6032.591       17.975   142.6
1.1275        -6014.564    -6032.570       18.007   142.9
1.1280        -6014.572    -6032.549       17.977   142.6
1.1285        -6014.538    -6032.526       17.988   142.7
1.1290        -6014.542    -6032.503       17.961   142.5
1.1295        -6014.537    -6032.479       17.942   142.4
1.1300        -6014.509    -6032.453       17.944   142.4
1.1305        -6014.472    -6032.428       17.956   142.5
1.1310        -6014.440    -6032.403       17.963   142.5
1.1315        -6014.408    -6032.376       17.968   142.6
1.1320        -6014.407    -6032.349       17.942   142.4
1.1325        -6014.383    -6032.321       17.938   142.3
1.1330        -6014.391    -6032.292       17.902   142.0
1.1335        -6014.416    -6032.263       17.847   141.6
1.1340        -6014.421    -6032.233       17.812   141.3
1.1345        -6014.403    -6032.203       17.800   141.2
1.1350        -6014.407    -6032.172       17.764   141.0
1.1355        -6014.381    -6032.139       17.758   140.9
1.1360        -6014.369    -6032.106       17.737   140.7
1.1365        -6014.387    -6032.071       17.684   140.3
1.1370        -6014.356    -6032.037       17.681   140.3
1.1375        -6014.332    -6032.003       17.671   140.2
1.1380        -6014.322    -6031.970       17.649   140.0
1.1385        -6014.313    -6031.938       17.624   139.8
1.1390        -6014.282    -6031.905       17.623   139.8
1.1395        -6014.244    -6031.872       17.627   139.9
1.1400        -6014.248    -6031.839       17.591   139.6
1.1405        -6014.261    -6031.806       17.545   139.2
1.1410        -6014.249    -6031.774       17.525   139.1
1.1415        -6014.254    -6031.742       17.488   138.8
1.1420        -6014.292    -6031.711       17.419   138.2
1.1425        -6014.257    -6031.680       17.424   138.3
1.1430        -6014.212    -6031.652       17.440   138.4
1.1435        -6014.196    -6031.626       17.430   138.3
1.1440        -6014.190    -6031.602       17.412   138.2
1.1445        -6014.179    -6031.580       17.402   138.1
1.1450        -6014.199    -6031.561       17.361   137.8
1.1455        -6014.192    -6031.544       17.352   137.7
1.1460        -6014.150    -6031.529       17.379   137.9
1.1465        -6014.128    -6031.516       17.388   138.0
1.1470        -6014.111    -6031.507       17.395   138.0
1.1475        -6014.123    -6031.500       17.377   137.9
1.1480        -6014.089    -6031.495       17.406   138.1
1.1485        -6014.080    -6031.493       17.413   138.2
1.1490        -6014.085    -6031.495       17.409   138.1
1.1495        -6014.084    -6031.499       17.414   138.2
1.1500        -6014.094    -6031.505       17.410   138.1
1.1505        -6014.090    -6031.513       17.423   138.2
1.1510        -6014.065    -6031.523       17.458   138.5
1.1515        -6014.056    -6031.536       17.480   138.7
1.1520        -6014.064    -6031.551       17.487   138.8
1.1525        -6014.038    -6031.567       17.530   139.1
1.1530        -6014.050    -6031.586       17.536   139.1
1.1535        -6014.065    -6031.606       17.541   139.2
1.1540        -6014.039    -6031.627       17.587   139.6
1.1545        -6014.026    -6031.648       17.622   139.8
1.1550        -6014.021    -6031.670       17.649   140.0
1.1555        -6014.029    -6031.692       17.663   140.2
1.1560        -6014.006    -6031.715       17.708   140.5
1.1565        -6014.010    -6031.737       17.728   140.7
1.1570        -6013.984    -6031.760       17.775   141.0
1.1575        -6013.957    -6031.782       17.824   141.4
1.1580        -6013.945    -6031.804       17.859   141.7
1.1585        -6013.955    -6031.825       17.870   141.8
1.1590        -6013.975    -6031.846       17.871   141.8
1.1595        -6013.950    -6031.866       17.917   142.2
1.1600        -6013.945    -6031.885       17.941   142.4
1.1605        -6013.927    -6031.903       17.976   142.6
1.1610        -6013.888    -6031.920       18.032   143.1
1.1615        -6013.869    -6031.935       18.067   143.4
1.1620        -6013.833    -6031.950       18.117   143.8
1.1625        -6013.813    -6031.963       18.151   144.0
1.1630        -6013.834    -6031.975       18.141   143.9
1.1635        -6013.870    -6031.986       18.116   143.7
1.1640        -6013.880    -6031.995       18.115   143.7
1.1645        -6013.917    -6032.002       18.085   143.5
1.1650        -6013.904    -6032.009       18.105   143.7
1.1655        -6013.898    -6032.014       18.115   143.7
1.1660        -6013.871    -6032.017       18.146   144.0
1.1665        -6013.901    -6032.019       18.118   143.8
1.1670        -6013.866    -6032.020       18.154   144.0
1.1675        -6013.878    -6032.021       18.143   144.0
1.1680        -6013.875    -6032.021       18.146   144.0
1.1685        -6013.879    -6032.020       18.142   143.9
1.1690        -6013.884    -6032.018       18.134   143.9
1.1695        -6013.899    -6032.014       18.114   143.7
1.1700        -6013.869    -6032.009       18.140   143.9
1.1705        -6013.870    -6032.003       18.133   143.9
1.1710        -6013.871    -6031.997       18.126   143.8
1.1715        -6013.843    -6031.990       18.146   144.0
1.1720        -6013.813    -6031.982       18.168   144.2
1.1725        -6013.788    -6031.972       18.185   144.3
1.1730        -6013.779    -6031.962       18.182   144.3
1.1735        -6013.751    -6031.950       18.199   144.4
1.1740        -6013.725    -6031.938       18.213   144.5
1.1745        -6013.750    -6031.926       18.176   144.2
1.1750        -6013.734    -6031.913       18.179   144.2
1.1755        -6013.720    -6031.900       18.181   144.3
1.1760        -6013.747    -6031.888       18.141   143.9
1.1765        -6013.729    -6031.875       18.146   144.0
1.1770        -6013.711    -6031.861       18.150   144.0
1.1775        -6013.703    -6031.847       18.143   144.0
1.1780        -6013.692    -6031.833       18.141   143.9
1.1785        -6013.682    -6031.818       18.136   143.9
1.1790        -6013.682    -6031.805       18.123   143.8
1.1795        -6013.687    -6031.792       18.105   143.7
1.1800        -6013.681    -6031.780       18.100   143.6
1.1805        -6013.704    -6031.769       18.066   143.3
1.1810        -6013.681    -6031.758       18.077   143.4
1.1815        -6013.665    -6031.748       18.082   143.5
1.1820        -6013.665    -6031.739       18.073   143.4
1.1825        -6013.656    -6031.730       18.074   143.4
1.1830        -6013.590    -6031.722       18.131   143.9
1.1835        -6013.592    -6031.713       18.121   143.8
1.1840        -6013.610    -6031.706       18.096   143.6
1.1845        -6013.624    -6031.699       18.075   143.4
1.1850        -6013.587    -6031.694       18.107   143.7
1.1855        -6013.569    -6031.691       18.121   143.8
1.1860        -6013.579    -6031.688       18.109   143.7
1.1865        -6013.574    -6031.686       18.112   143.7
1.1870        -6013.605    -6031.686       18.080   143.5
1.1875        -6013.605    -6031.687       18.082   143.5
1.1880        -6013.604    -6031.689       18.085   143.5
1.1885        -6013.607    -6031.693       18.086   143.5
1.1890        -6013.609    -6031.699       18.090   143.5
1.1895        -6013.591    -6031.707       18.116   143.7
1.1900        -6013.578    -6031.717       18.138   143.9
1.1905        -6013.573    -6031.728       18.155   144.1
1.1910        -6013.565    -6031.742       18.177   144.2
1.1915        -6013.540    -6031.758       18.218   144.6
1.1920        -6013.553    -6031.775       18.222   144.6
1.1925        -6013.534    -6031.793       18.259   144.9
1.1930        -6013.546    -6031.812       18.265   144.9
1.1935        -6013.559    -6031.831       18.272   145.0
1.1940        -6013.531    -6031.851       18.320   145.4
1.1945        -6013.489    -6031.872       18.383   145.9
1.1950        -6013.469    -6031.891       18.423   146.2
1.1955        -6013.420    -6031.912       18.491   146.7
1.1960        -6013.387    -6031.932       18.544   147.1
1.1965        -6013.408    -6031.951       18.544   147.1
1.1970        -6013.431    -6031.970       18.540   147.1
1.1975        -6013.395    -6031.989       18.594   147.5
1.1980        -6013.368    -6032.008       18.640   147.9
1.1985        -6013.389    -6032.026       18.637   147.9
1.1990        -6013.375    -6032.042       18.667   148.1
1.1995        -6013.391    -6032.057       18.667   148.1
1.2000        -6013.381    -6032.071       18.690   148.3
1.2005        -6013.352    -6032.084       18.732   148.6
1.2010        -6013.391    -6032.095       18.704   148.4
1.2015        -6013.385    -6032.104       18.719   148.5
1.2020        -6013.375    -6032.112       18.737   148.7
1.2025        -6013.388    -6032.118       18.731   148.6
1.2030        -6013.361    -6032.123       18.762   148.9
1.2035        -6013.356    -6032.125       18.769   148.9
1.2040        -6013.312    -6032.125       18.813   149.3
1.2045        -6013.311    -6032.124       18.813   149.3
1.2050        -6013.277    -6032.121       18.845   149.5
1.2055        -6013.278    -6032.117       18.839   149.5
1.2060        -6013.266    -6032.112       18.846   149.5
1.2065        -6013.234    -6032.105       18.871   149.7
1.2070        -6013.208    -6032.096       18.888   149.9
1.2075        -6013.156    -6032.085       18.929   150.2
1.2080        -6013.138    -6032.072       18.934   150.2
1.2085        -6013.170    -6032.059       18.889   149.9
1.2090        -6013.141    -6032.044       18.903   150.0
1.2095        -6013.157    -6032.029       18.872   149.7
1.2100        -6013.150    -6032.013       18.863   149.7
1.2105        -6013.124    -6031.996       18.872   149.7
1.2110        -6013.094    -6031.979       18.884   149.8
1.2115        -6013.096    -6031.960       18.864   149.7
1.2120        -6013.097    -6031.941       18.845   149.5
1.2125        -6013.071    -6031.923       18.852   149.6
1.2130        -6013.074    -6031.905       18.831   149.4
1.2135        -6013.020    -6031.888       18.868   149.7
1.2140        -6012.990    -6031.870       18.880   149.8
1.2145        -6012.974    -6031.853       18.879   149.8
1.2150        -6012.980    -6031.837       18.856   149.6
1.2155        -6012.982    -6031.820       18.838   149.5
1.2160        -6012.956    -6031.804       18.849   149.6
1.2165        -6012.936    -6031.789       18.853   149.6
1.2170        -6012.932    -6031.775       18.843   149.5
1.2175        -6012.955    -6031.763       18.808   149.2
1.2180        -6012.965    -6031.751       18.786   149.1
1.2185        -6012.948    -6031.740       18.792   149.1
1.2190        -6012.956    -6031.731       18.775   149.0
1.2195        -6012.923    -6031.723       18.800   149.2
1.2200        -6012.925    -6031.717       18.792   149.1
1.2205        -6012.879    -6031.712       18.833   149.4
1.2210        -6012.896    -6031.710       18.813   149.3
1.2215        -6012.891    -6031.710       18.819   149.3
1.2220        -6012.909    -6031.713       18.804   149.2
1.2225        -6012.871    -6031.718       18.847   149.5
1.2230        -6012.853    -6031.724       18.871   149.7
1.2235        -6012.825    -6031.732       18.906   150.0
1.2240        -6012.793    -6031.741       18.948   150.3
1.2245        -6012.767    -6031.751       18.984   150.6
1.2250        -6012.768    -6031.762       18.994   150.7
1.2255        -6012.778    -6031.775       18.997   150.7
1.2260        -6012.789    -6031.787       18.998   150.7
1.2265        -6012.775    -6031.800       19.026   151.0
1.2270        -6012.734    -6031.813       19.080   151.4
1.2275        -6012.736    -6031.827       19.091   151.5
1.2280        -6012.717    -6031.840       19.123   151.7
1.2285        -6012.654    -6031.853       19.199   152.3
1.2290        -6012.621    -6031.866       19.244   152.7
1.2295        -6012.598    -6031.876       19.278   153.0
1.2300        -6012.573    -6031.884       19.311   153.2
1.2305        -6012.568    -6031.891       19.323   153.3
1.2310        -6012.575    -6031.896       19.321   153.3
1.2315        -6012.566    -6031.899       19.333   153.4
1.2320        -6012.546    -6031.900       19.354   153.6
1.2325        -6012.524    -6031.898       19.374   153.7
1.2330        -6012.530    -6031.894       19.363   153.6
1.2335        -6012.492    -6031.886       19.395   153.9
1.2340        -6012.468    -6031.876       19.408   154.0
1.2345        -6012.438    -6031.863       19.425   154.1
1.2350        -6012.413    -6031.849       19.435   154.2
1.2355        -6012.431    -6031.832       19.400   153.9
1.2360        -6012.421    -6031.812       19.391   153.9
1.2365        -6012.434    -6031.789       19.355   153.6
1.2370        -6012.474    -6031.765       19.291   153.1
1.2375        -6012.432    -6031.738       19.306   153.2
1.2380        -6012.418    -6031.709       19.290   153.1
1.2385        -6012.423    -6031.677       19.254   152.8
1.2390        -6012.403    -6031.644       19.241   152.7
1.2395        -6012.359    -6031.608       19.249   152.7
1.2400        -6012.367    -6031.571       19.204   152.4
1.2405        -6012.304    -6031.533       19.229   152.6
1.2410        -6012.301    -6031.493       19.192   152.3
1.2415        -6012.285    -6031.453       19.168   152.1
1.2420        -6012.265    -6031.411       19.146   151.9
1.2425        -6012.241    -6031.369       19.128   151.8
1.2430        -6012.239    -6031.327       19.088   151.5
1.2435        -6012.250    -6031.284       19.034   151.0
1.2440        -6012.239    -6031.242       19.003   150.8
1.2445        -6012.245    -6031.200       18.956   150.4
1.2450        -6012.238    -6031.158       18.921   150.1
1.2455        -6012.213    -6031.118       18.905   150.0
1.2460        -6012.228    -6031.079       18.851   149.6
1.2465        -6012.227    -6031.041       18.814   149.3
1.2470        -6012.209    -6031.005       18.796   149.1
1.2475        -6012.206    -6030.971       18.766   148.9
1.2480        -6012.183    -6030.940       18.757   148.8
1.2485        -6012.215    -6030.910       18.695   148.3
1.2490        -6012.199    -6030.882       18.683   148.2
1.2495        -6012.213    -6030.856       18.643   147.9
1.2500        -6012.201    -6030.833       18.632   147.8
1.2505        -6012.178    -6030.812       18.634   147.9
1.2510        -6012.181    -6030.794       18.613   147.7
1.2515        -6012.148    -6030.779       18.631   147.8
1.2520        -6012.179    -6030.768       18.589   147.5
1.2525        -6012.128    -6030.760       18.632   147.8
1.2530        -6012.101    -6030.756       18.655   148.0
1.2535        -6012.108    -6030.755       18.647   148.0
1.2540        -6012.100    -6030.758       18.658   148.0
1.2545        -6012.081    -6030.765       18.684   148.3
1.2550        -6012.077    -6030.774       18.697   148.4
1.2555        -6012.081    -6030.787       18.706   148.4
1.2560        -6012.090    -6030.803       18.713   148.5
1.2565        -6012.095    -6030.823       18.728   148.6
1.2570        -6012.138    -6030.845       18.707   148.4
1.2575        -6012.128    -6030.870       18.742   148.7
1.2580        -6012.120    -6030.898       18.778   149.0
1.2585        -6012.099    -6030.928       18.829   149.4
1.2590        -6012.063    -6030.960       18.897   149.9
1.2595        -6012.058    -6030.993       18.935   150.2
1.2600        -6012.035    -6031.026       18.991   150.7
1.2605        -6011.989    -6031.060       19.071   151.3
1.2610        -6011.991    -6031.093       19.102   151.6
1.2615        -6012.026    -6031.126       19.100   151.6
1.2620        -6011.995    -6031.160       19.165   152.1
1.2625        -6011.988    -6031.192       19.205   152.4
1.2630        -6012.002    -6031.223       19.221   152.5
1.2635        -6011.989    -6031.253       19.264   152.9
1.2640        -6011.970    -6031.281       19.310   153.2
1.2645        -6011.976    -6031.307       19.330   153.4
1.2650        -6011.948    -6031.330       19.382   153.8
1.2655        -6011.949    -6031.352       19.403   154.0
1.2660        -6011.936    -6031.371       19.434   154.2
1.2665        -6011.939    -6031.388       19.448   154.3
1.2670        -6011.936    -6031.402       19.465   154.5
1.2675        -6011.918    -6031.412       19.494   154.7
1.2680        -6011.892    -6031.419       19.527   154.9
1.2685        -6011.882    -6031.423       19.541   155.1
1.2690        -6011.865    -6031.422       19.557   155.2
1.2695        -6011.815    -6031.417       19.603   155.5
1.2700        -6011.785    -6031.410       19.625   155.7
1.2705        -6011.718    -6031.398       19.681   156.2
1.2710        -6011.697    -6031.383       19.686   156.2
1.2715        -6011.683    -6031.366       19.682   156.2
1.2720        -6011.649    -6031.346       19.696   156.3
1.2725        -6011.681    -6031.322       19.641   155.8
1.2730        -6011.669    -6031.296       19.627   155.7
1.2735        -6011.687    -6031.268       19.581   155.4
1.2740        -6011.670    -6031.237       19.567   155.3
1.2745        -6011.664    -6031.204       19.540   155.0
1.2750        -6011.648    -6031.169       19.521   154.9
1.2755        -6011.619    -6031.132       19.513   154.8
1.2760        -6011.570    -6031.092       19.522   154.9
1.2765        -6011.565    -6031.052       19.487   154.6
1.2770        -6011.567    -6031.010       19.443   154.3
1.2775        -6011.530    -6030.968       19.439   154.2
1.2780        -6011.462    -6030.926       19.463   154.4
1.2785        -6011.439    -6030.883       19.443   154.3
1.2790        -6011.407    -6030.839       19.432   154.2
1.2795        -6011.418    -6030.796       19.378   153.8
1.2800        -6011.407    -6030.754       19.347   153.5
1.2805        -6011.391    -6030.714       19.323   153.3
1.2810        -6011.388    -6030.675       19.286   153.0
1.2815        -6011.347    -6030.638       19.291   153.1
1.2820        -6011.330    -6030.604       19.273   152.9
1.2825        -6011.342    -6030.571       19.229   152.6
1.2830        -6011.300    -6030.541       19.242   152.7
1.2835        -6011.349    -6030.514       19.165   152.1
1.2840        -6011.350    -6030.490       19.140   151.9
1.2845        -6011.324    -6030.469       19.145   151.9
1.2850        -6011.341    -6030.451       19.109   151.6
1.2855        -6011.335    -6030.436       19.101   151.6
1.2860        -6011.306    -6030.424       19.118   151.7
1.2865        -6011.276    -6030.416       19.140   151.9
1.2870        -6011.299    -6030.411       19.112   151.6
1.2875        -6011.281    -6030.409       19.128   151.8
1.2880        -6011.268    -6030.411       19.142   151.9
1.2885        -6011.253    -6030.416       19.163   152.1
1.2890        -6011.235    -6030.425       19.190   152.3
1.2895        -6011.227    -6030.438       19.212   152.4
1.2900        -6011.219    -6030.454       19.235   152.6
1.2905        -6011.185    -6030.473       19.288   153.0
1.2910        -6011.214    -6030.495       19.281   153.0
1.2915        -6011.210    -6030.519       19.310   153.2
1.2920        -6011.208    -6030.547       19.339   153.5
1.2925        -6011.200    -6030.578       19.378   153.8
1.2930        -6011.207    -6030.611       19.404   154.0
1.2935        -6011.203    -6030.646       19.444   154.3
1.2940        -6011.209    -6030.684       19.475   154.5
1.2945        -6011.209    -6030.723       19.514   154.8
1.2950        -6011.203    -6030.764       19.561   155.2
1.2955        -6011.215    -6030.807       19.592   155.5
1.2960        -6011.217    -6030.852       19.635   155.8
1.2965        -6011.229    -6030.897       19.667   156.1
1.2970        -6011.234    -6030.941       19.707   156.4
1.2975        -6011.226    -6030.986       19.760   156.8
1.2980        -6011.233    -6031.031       19.798   157.1
1.2985        -6011.204    -6031.075       19.872   157.7
1.2990        -6011.157    -6031.120       19.963   158.4
1.2995        -6011.147    -6031.162       20.015   158.8
1.3000        -6011.149    -6031.205       20.056   159.1
1.3005        -6011.218    -6031.245       20.028   158.9
1.3010        -6011.186    -6031.284       20.098   159.5
1.3015        -6011.203    -6031.322       20.119   159.6
1.3020        -6011.203    -6031.356       20.153   159.9
1.3025        -6011.173    -6031.387       20.214   160.4
1.3030        -6011.152    -6031.416       20.264   160.8
1.3035        -6011.148    -6031.440       20.292   161.0
1.3040        -6011.119    -6031.461       20.342   161.4
1.3045        -6011.107    -6031.479       20.372   161.6
1.3050        -6011.109    -6031.493       20.384   161.7
1.3055        -6011.137    -6031.503       20.366   161.6
1.3060        -6011.109    -6031.511       20.402   161.9
1.3065        -6011.101    -6031.514       20.413   162.0
1.3070        -6011.084    -6031.514       20.431   162.1
1.3075        -6011.008    -6031.512       20.504   162.7
1.3080        -6011.026    -6031.507       20.480   162.5
1.3085        -6010.995    -6031.498       20.503   162.7
1.3090        -6010.990    -6031.488       20.498   162.6
1.3095        -6010.970    -6031.474       20.503   162.7
1.3100        -6010.903    -6031.457       20.554   163.1
1.3105        -6010.842    -6031.436       20.594   163.4
1.3110        -6010.837    -6031.413       20.576   163.3
1.3115        -6010.826    -6031.387       20.561   163.1
1.3120        -6010.828    -6031.358       20.531   162.9
1.3125        -6010.827    -6031.327       20.501   162.7
1.3130        -6010.827    -6031.295       20.468   162.4
1.3135        -6010.838    -6031.260       20.422   162.0
1.3140        -6010.808    -6031.224       20.415   162.0
1.3145        -6010.730    -6031.186       20.456   162.3
1.3150        -6010.733    -6031.148       20.415   162.0
1.3155        -6010.731    -6031.107       20.376   161.7
1.3160        -6010.745    -6031.067       20.321   161.2
1.3165        -6010.729    -6031.026       20.297   161.0
1.3170        -6010.698    -6030.984       20.286   161.0
1.3175        -6010.708    -6030.942       20.234   160.6
1.3180        -6010.667    -6030.897       20.230   160.5
1.3185        -6010.671    -6030.852       20.181   160.1
1.3190        -6010.681    -6030.807       20.126   159.7
1.3195        -6010.715    -6030.763       20.048   159.1
1.3200        -6010.694    -6030.719       20.025   158.9
1.3205        -6010.672    -6030.675       20.004   158.7
1.3210        -6010.630    -6030.633       20.003   158.7
1.3215        -6010.605    -6030.591       19.986   158.6
1.3220        -6010.597    -6030.550       19.953   158.3
1.3225        -6010.557    -6030.510       19.953   158.3
1.3230        -6010.527    -6030.471       19.944   158.3
1.3235        -6010.543    -6030.433       19.890   157.8
1.3240        -6010.536    -6030.396       19.860   157.6
1.3245        -6010.502    -6030.360       19.858   157.6
1.3250        -6010.473    -6030.328       19.854   157.5
1.3255        -6010.442    -6030.298       19.856   157.5
1.3260        -6010.440    -6030.270       19.829   157.3
1.3265        -6010.413    -6030.243       19.830   157.3
1.3270        -6010.414    -6030.219       19.805   157.1
1.3275        -6010.409    -6030.196       19.787   157.0
1.3280        -6010.450    -6030.176       19.725   156.5
1.3285        -6010.425    -6030.156       19.731   156.6
1.3290        -6010.436    -6030.138       19.701   156.3
1.3295        -6010.377    -6030.121       19.744   156.7
1.3300        -6010.391    -6030.107       19.716   156.4
1.3305        -6010.348    -6030.095       19.746   156.7
1.3310        -6010.360    -6030.084       19.724   156.5
1.3315        -6010.371    -6030.076       19.705   156.3
1.3320        -6010.380    -6030.069       19.689   156.2
1.3325        -6010.386    -6030.065       19.679   156.2
1.3330        -6010.365    -6030.063       19.698   156.3
1.3335        -6010.392    -6030.062       19.670   156.1
1.3340        -6010.402    -6030.063       19.662   156.0
1.3345        -6010.425    -6030.065       19.639   155.8
1.3350        -6010.419    -6030.067       19.648   155.9
1.3355        -6010.414    -6030.069       19.655   156.0
1.3360        -6010.384    -6030.072       19.687   156.2
1.3365        -6010.402    -6030.075       19.673   156.1
1.3370        -6010.430    -6030.081       19.651   155.9
1.3375        -6010.443    -6030.087       19.644   155.9
1.3380        -6010.431    -6030.093       19.662   156.0
1.3385        -6010.414    -6030.100       19.685   156.2
1.3390        -6010.378    -6030.106       19.728   156.5
1.3395        -6010.386    -6030.113       19.728   156.5
1.3400        -6010.335    -6030.120       19.784   157.0
1.3405        -6010.307    -6030.127       19.820   157.3
1.3410        -6010.280    -6030.134       19.854   157.5
1.3415        -6010.263    -6030.142       19.879   157.7
1.3420        -6010.263    -6030.148       19.886   157.8
1.3425        -6010.225    -6030.155       19.930   158.1
1.3430        -6010.193    -6030.162       19.969   158.4
1.3435        -6010.178    -6030.168       19.990   158.6
1.3440        -6010.144    -6030.176       20.032   159.0
1.3445        -6010.151    -6030.183       20.032   158.9
1.3450        -6010.114    -6030.189       20.075   159.3
1.3455        -6010.112    -6030.196       20.084   159.4
1.3460        -6010.089    -6030.203       20.114   159.6
1.3465        -6010.096    -6030.210       20.115   159.6
1.3470        -6010.067    -6030.218       20.151   159.9
1.3475        -6010.090    -6030.225       20.135   159.8
1.3480        -6010.126    -6030.232       20.106   159.5
1.3485        -6010.153    -6030.239       20.086   159.4
1.3490        -6010.163    -6030.246       20.083   159.3
1.3495        -6010.170    -6030.252       20.083   159.4
1.3500        -6010.133    -6030.259       20.126   159.7
1.3505        -6010.139    -6030.265       20.126   159.7
1.3510        -6010.111    -6030.273       20.162   160.0
1.3515        -6010.083    -6030.280       20.197   160.3
1.3520        -6010.059    -6030.286       20.227   160.5
1.3525        -6010.054    -6030.292       20.238   160.6
1.3530        -6010.069    -6030.298       20.229   160.5
1.3535        -6010.073    -6030.302       20.228   160.5
1.3540        -6010.073    -6030.305       20.233   160.5
1.3545        -6010.066    -6030.307       20.241   160.6
1.3550        -6010.059    -6030.309       20.251   160.7
1.3555        -6010.033    -6030.311       20.278   160.9
1.3560        -6010.043    -6030.313       20.270   160.8
1.3565        -6010.012    -6030.314       20.302   161.1
1.3570        -6010.017    -6030.315       20.298   161.1
1.3575        -6010.064    -6030.315       20.251   160.7
1.3580        -6010.091    -6030.314       20.223   160.5
1.3585        -6010.063    -6030.312       20.249   160.7
1.3590        -6010.045    -6030.309       20.264   160.8
1.3595        -6010.021    -6030.305       20.284   161.0
1.3600        -6010.061    -6030.301       20.241   160.6
1.3605        -6010.034    -6030.296       20.262   160.8
1.3610        -6010.061    -6030.290       20.228   160.5
1.3615        -6010.052    -6030.281       20.230   160.5
1.3620        -6010.011    -6030.273       20.262   160.8
1.3625        -6009.979    -6030.264       20.285   161.0
1.3630        -6009.963    -6030.254       20.291   161.0
1.3635        -6009.946    -6030.242       20.296   161.0
1.3640        -6009.948    -6030.229       20.281   160.9
1.3645        -6009.890    -6030.214       20.324   161.3
1.3650        -6009.872    -6030.198       20.326   161.3
1.3655        -6009.871    -6030.181       20.309   161.1
1.3660        -6009.882    -6030.161       20.279   160.9
1.3665        -6009.873    -6030.140       20.266   160.8
1.3670        -6009.868    -6030.118       20.250   160.7
1.3675        -6009.823    -6030.094       20.271   160.8
1.3680        -6009.815    -6030.069       20.255   160.7
1.3685        -6009.841    -6030.044       20.203   160.3
1.3690        -6009.854    -6030.018       20.164   160.0
1.3695        -6009.848    -6029.992       20.143   159.8
1.3700        -6009.858    -6029.965       20.107   159.5
1.3705        -6009.856    -6029.938       20.082   159.3
1.3710        -6009.826    -6029.911       20.085   159.4
1.3715        -6009.832    -6029.884       20.052   159.1
1.3720        -6009.785    -6029.857       20.071   159.3
1.3725        -6009.772    -6029.829       20.057   159.1
1.3730        -6009.739    -6029.803       20.064   159.2
1.3735        -6009.675    -6029.778       20.103   159.5
1.3740        -6009.629    -6029.754       20.125   159.7
1.3745        -6009.574    -6029.731       20.157   159.9
1.3750        -6009.556    -6029.709       20.154   159.9
1.3755        -6009.522    -6029.690       20.168   160.0
1.3760        -6009.528    -6029.673       20.145   159.8
1.3765        -6009.503    -6029.657       20.154   159.9
1.3770        -6009.539    -6029.644       20.105   159.5
1.3775        -6009.471    -6029.631       20.160   160.0
1.3780        -6009.476    -6029.620       20.145   159.8
1.3785        -6009.482    -6029.612       20.130   159.7
1.3790        -6009.478    -6029.606       20.128   159.7
1.3795        -6009.488    -6029.601       20.112   159.6
1.3800        -6009.506    -6029.598       20.092   159.4
1.3805        -6009.504    -6029.597       20.093   159.4
1.3810        -6009.507    -6029.597       20.091   159.4
1.3815        -6009.492    -6029.600       20.108   159.6
1.3820        -6009.499    -6029.604       20.105   159.5
1.3825        -6009.527    -6029.610       20.082   159.3
1.3830        -6009.498    -6029.617       20.119   159.6
1.3835        -6009.447    -6029.627       20.180   160.1
1.3840        -6009.423    -6029.637       20.213   160.4
1.3845        -6009.446    -6029.648       20.202   160.3
1.3850        -6009.425    -6029.661       20.236   160.6
1.3855        -6009.427    -6029.674       20.247   160.7
1.3860        -6009.421    -6029.687       20.266   160.8
1.3865        -6009.358    -6029.700       20.342   161.4
1.3870        -6009.331    -6029.713       20.382   161.7
1.3875        -6009.344    -6029.724       20.381   161.7
1.3880        -6009.381    -6029.736       20.355   161.5
1.3885        -6009.397    -6029.748       20.351   161.5
1.3890        -6009.398    -6029.759       20.361   161.6
1.3895        -6009.384    -6029.770       20.386   161.8
1.3900        -6009.364    -6029.780       20.417   162.0
1.3905        -6009.355    -6029.789       20.434   162.1
1.3910        -6009.336    -6029.797       20.462   162.4
1.3915        -6009.354    -6029.804       20.450   162.3
1.3920        -6009.350    -6029.808       20.458   162.3
1.3925        -6009.302    -6029.810       20.509   162.7
1.3930        -6009.321    -6029.812       20.491   162.6
1.3935        -6009.338    -6029.810       20.472   162.4
1.3940        -6009.306    -6029.806       20.500   162.7
1.3945        -6009.306    -6029.799       20.493   162.6
1.3950        -6009.276    -6029.790       20.514   162.8
1.3955        -6009.260    -6029.777       20.518   162.8
1.3960        -6009.229    -6029.762       20.533   162.9
1.3965        -6009.205    -6029.745       20.540   163.0
1.3970        -6009.177    -6029.725       20.548   163.0
1.3975        -6009.174    -6029.703       20.530   162.9
1.3980        -6009.158    -6029.680       20.522   162.8
1.3985        -6009.138    -6029.654       20.516   162.8
1.3990        -6009.134    -6029.626       20.492   162.6
1.3995        -6009.114    -6029.596       20.481   162.5
1.4000        -6009.086    -6029.563       20.477   162.5
1.4005        -6009.102    -6029.529       20.427   162.1
1.4010        -6009.103    -6029.495       20.392   161.8
1.4015        -6009.094    -6029.461       20.367   161.6
1.4020        -6009.086    -6029.425       20.339   161.4
1.4025        -6009.091    -6029.391       20.300   161.1
1.4030        -6009.113    -6029.357       20.244   160.6
1.4035        -6009.061    -6029.324       20.262   160.8
1.4040        -6009.014    -6029.292       20.278   160.9
1.4045        -6008.953    -6029.262       20.310   161.2
1.4050        -6008.944    -6029.234       20.291   161.0
1.4055        -6008.925    -6029.209       20.284   160.9
1.4060        -6008.936    -6029.186       20.250   160.7
1.4065        -6008.956    -6029.165       20.209   160.4
1.4070        -6008.961    -6029.147       20.186   160.2
1.4075        -6008.935    -6029.130       20.196   160.2
1.4080        -6008.929    -6029.116       20.188   160.2
1.4085        -6008.948    -6029.105       20.157   159.9
1.4090        -6008.925    -6029.097       20.172   160.1
1.4095        -6008.895    -6029.093       20.199   160.3
1.4100        -6008.895    -6029.092       20.197   160.3
1.4105        -6008.874    -6029.094       20.220   160.4
1.4110        -6008.876    -6029.097       20.222   160.5
1.4115        -6008.865    -6029.103       20.238   160.6
1.4120        -6008.868    -6029.111       20.243   160.6
1.4125        -6008.822    -6029.121       20.299   161.1
1.4130        -6008.799    -6029.134       20.335   161.3
1.4135        -6008.805    -6029.148       20.344   161.4
1.4140        -6008.805    -6029.165       20.359   161.5
1.4145        -6008.751    -6029.183       20.432   162.1
1.4150        -6008.728    -6029.203       20.475   162.5
1.4155        -6008.738    -6029.225       20.487   162.6
1.4160        -6008.742    -6029.248       20.507   162.7
1.4165        -6008.722    -6029.273       20.552   163.1
1.4170        -6008.699    -6029.300       20.600   163.5
1.4175        -6008.674    -6029.328       20.654   163.9
1.4180        -6008.685    -6029.358       20.674   164.0
1.4185        -6008.684    -6029.390       20.705   164.3
1.4190        -6008.672    -6029.422       20.750   164.6
1.4195        -6008.641    -6029.454       20.813   165.1
1.4200        -6008.670    -6029.487       20.817   165.2
1.4205        -6008.655    -6029.519       20.864   165.6
1.4210        -6008.682    -6029.551       20.869   165.6
1.4215        -6008.621    -6029.582       20.961   166.3
1.4220        -6008.616    -6029.613       20.997   166.6
1.4225        -6008.625    -6029.643       21.019   166.8
1.4230        -6008.614    -6029.673       21.058   167.1
1.4235        -6008.635    -6029.701       21.066   167.2
1.4240        -6008.627    -6029.729       21.102   167.4
1.4245        -6008.634    -6029.755       21.121   167.6
1.4250        -6008.648    -6029.780       21.133   167.7
1.4255        -6008.630    -6029.803       21.173   168.0
1.4260        -6008.633    -6029.825       21.191   168.1
1.4265        -6008.641    -6029.845       21.203   168.2
1.4270        -6008.644    -6029.863       21.220   168.4
1.4275        -6008.627    -6029.880       21.252   168.6
1.4280        -6008.617    -6029.895       21.277   168.8
1.4285        -6008.613    -6029.907       21.294   169.0
1.4290        -6008.580    -6029.918       21.338   169.3
1.4295        -6008.525    -6029.927       21.402   169.8
1.4300        -6008.516    -6029.934       21.418   169.9
1.4305        -6008.456    -6029.940       21.484   170.5
1.4310        -6008.462    -6029.943       21.481   170.4
1.4315        -6008.444    -6029.945       21.501   170.6
1.4320        -6008.451    -6029.945       21.494   170.5
1.4325        -6008.425    -6029.943       21.518   170.7
1.4330        -6008.432    -6029.940       21.509   170.7
1.4335        -6008.460    -6029.935       21.475   170.4
1.4340        -6008.427    -6029.929       21.501   170.6
1.4345        -6008.455    -6029.921       21.466   170.3
1.4350        -6008.406    -6029.911       21.505   170.6
1.4355        -6008.417    -6029.900       21.483   170.5
1.4360        -6008.393    -6029.889       21.496   170.6
1.4365        -6008.401    -6029.878       21.477   170.4
1.4370        -6008.410    -6029.866       21.457   170.3
1.4375        -6008.386    -6029.854       21.469   170.3
1.4380        -6008.349    -6029.842       21.493   170.5
1.4385        -6008.341    -6029.829       21.487   170.5
1.4390        -6008.301    -6029.816       21.515   170.7
1.4395        -6008.270    -6029.804       21.534   170.9
1.4400        -6008.266    -6029.792       21.526   170.8
1.4405        -6008.251    -6029.780       21.529   170.8
1.4410        -6008.286    -6029.770       21.484   170.5
1.4415        -6008.304    -6029.759       21.455   170.2
1.4420        -6008.313    -6029.749       21.437   170.1
1.4425        -6008.311    -6029.739       21.428   170.0
1.4430        -6008.326    -6029.731       21.405   169.8
1.4435        -6008.311    -6029.722       21.412   169.9
1.4440        -6008.317    -6029.715       21.399   169.8
1.4445        -6008.329    -6029.710       21.380   169.6
1.4450        -6008.361    -6029.705       21.344   169.4
1.4455        -6008.389    -6029.701       21.311   169.1
1.4460        -6008.383    -6029.698       21.315   169.1
1.4465        -6008.361    -6029.696       21.335   169.3
1.4470        -6008.375    -6029.695       21.320   169.2
1.4475        -6008.393    -6029.696       21.303   169.0
1.4480        -6008.385    -6029.697       21.313   169.1
1.4485        -6008.388    -6029.700       21.313   169.1
1.4490        -6008.354    -6029.703       21.348   169.4
1.4495        -6008.325    -6029.706       21.381   169.7
1.4500        -6008.313    -6029.712       21.399   169.8
1.4505        -6008.331    -6029.719       21.387   169.7
1.4510        -6008.259    -6029.726       21.468   170.3
1.4515        -6008.263    -6029.735       21.472   170.4
1.4520        -6008.240    -6029.745       21.505   170.6
1.4525        -6008.220    -6029.754       21.534   170.9
1.4530        -6008.269    -6029.763       21.494   170.6
1.4535        -6008.238    -6029.772       21.535   170.9
1.4540        -6008.197    -6029.781       21.584   171.3
1.4545        -6008.126    -6029.790       21.664   171.9
1.4550        -6008.107    -6029.799       21.692   172.1
1.4555        -6008.065    -6029.808       21.742   172.5
1.4560        -6008.044    -6029.817       21.773   172.8
1.4565        -6008.035    -6029.827       21.793   172.9
1.4570        -6008.005    -6029.837       21.832   173.2
1.4575        -6007.997    -6029.847       21.850   173.4
1.4580        -6007.972    -6029.857       21.885   173.7
1.4585        -6007.984    -6029.866       21.882   173.6
1.4590        -6008.021    -6029.875       21.854   173.4
1.4595        -6007.987    -6029.884       21.898   173.8
1.4600        -6007.987    -6029.894       21.907   173.8
1.4605        -6007.978    -6029.903       21.925   174.0
1.4610        -6007.956    -6029.912       21.955   174.2
1.4615        -6007.934    -6029.920       21.986   174.5
1.4620        -6007.884    -6029.929       22.045   174.9
1.4625        -6007.880    -6029.938       22.058   175.0
1.4630        -6007.866    -6029.947       22.081   175.2
1.4635        -6007.856    -6029.955       22.098   175.3
1.4640        -6007.846    -6029.963       22.117   175.5
1.4645        -6007.810    -6029.971       22.161   175.8
1.4650        -6007.844    -6029.979       22.135   175.6
1.4655        -6007.812    -6029.987       22.175   176.0
1.4660        -6007.796    -6029.995       22.199   176.1
1.4665        -6007.755    -6030.002       22.247   176.5
1.4670        -6007.730    -6030.010       22.279   176.8
1.4675        -6007.733    -6030.017       22.284   176.8
1.4680        -6007.732    -6030.025       22.293   176.9
1.4685        -6007.732    -6030.032       22.300   176.9
1.4690        -6007.731    -6030.040       22.309   177.0
1.4695        -6007.694    -6030.046       22.352   177.4
1.4700        -6007.696    -6030.053       22.356   177.4
1.4705        -6007.714    -6030.059       22.345   177.3
1.4710        -6007.735    -6030.065       22.330   177.2
1.4715        -6007.714    -6030.070       22.356   177.4
1.4720        -6007.735    -6030.075       22.340   177.3
1.4725        -6007.716    -6030.079       22.362   177.4
1.4730        -6007.737    -6030.082       22.345   177.3
1.4735        -6007.766    -6030.084       22.318   177.1
1.4740        -6007.757    -6030.085       22.328   177.2
1.4745        -6007.715    -6030.085       22.370   177.5
1.4750        -6007.692    -6030.083       22.392   177.7
1.4755        -6007.695    -6030.080       22.385   177.6
1.4760        -6007.696    -6030.076       22.381   177.6
1.4765        -6007.709    -6030.071       22.361   177.4
1.4770        -6007.694    -6030.063       22.369   177.5
1.4775        -6007.697    -6030.054       22.358   177.4
1.4780        -6007.709    -6030.043       22.334   177.2
1.4785        -6007.754    -6030.031       22.277   176.8
1.4790        -6007.742    -6030.016       22.274   176.7
1.4795        -6007.736    -6030.000       22.264   176.7
1.4800        -6007.757    -6029.982       22.225   176.4
1.4805        -6007.749    -6029.963       22.215   176.3
1.4810        -6007.703    -6029.943       22.240   176.5
1.4815        -6007.720    -6029.922       22.202   176.2
1.4820        -6007.720    -6029.899       22.179   176.0
1.4825        -6007.744    -6029.874       22.130   175.6
1.4830        -6007.738    -6029.849       22.111   175.4
1.4835        -6007.714    -6029.823       22.110   175.4
1.4840        -6007.679    -6029.797       22.117   175.5
1.4845        -6007.698    -6029.770       22.072   175.1
1.4850        -6007.675    -6029.744       22.068   175.1
1.4855        -6007.678    -6029.717       22.039   174.9
1.4860        -6007.637    -6029.691       22.054   175.0
1.4865        -6007.639    -6029.664       22.025   174.8
1.4870        -6007.627    -6029.637       22.011   174.6
1.4875        -6007.605    -6029.612       22.007   174.6
1.4880        -6007.598    -6029.586       21.988   174.5
1.4885        -6007.563    -6029.561       21.998   174.5
1.4890        -6007.543    -6029.538       21.994   174.5
1.4895        -6007.555    -6029.514       21.959   174.2
1.4900        -6007.542    -6029.492       21.950   174.2
1.4905        -6007.551    -6029.469       21.918   173.9
1.4910        -6007.535    -6029.446       21.911   173.9
1.4915        -6007.535    -6029.424       21.889   173.7
1.4920        -6007.569    -6029.402       21.833   173.2
1.4925        -6007.581    -6029.379       21.798   173.0
1.4930        -6007.560    -6029.357       21.798   173.0
1.4935        -6007.562    -6029.335       21.773   172.8
1.4940        -6007.557    -6029.312       21.754   172.6
1.4945        -6007.535    -6029.288       21.754   172.6
1.4950        -6007.503    -6029.264       21.761   172.7
1.4955        -6007.530    -6029.239       21.709   172.3
1.4960        -6007.519    -6029.212       21.693   172.1
1.4965        -6007.496    -6029.185       21.689   172.1
1.4970        -6007.474    -6029.156       21.682   172.0
1.4975        -6007.494    -6029.126       21.632   171.6
1.4980        -6007.483    -6029.096       21.613   171.5
1.4985        -6007.435    -6029.063       21.629   171.6
1.4990        -6007.457    -6029.029       21.572   171.2
1.4995        -6007.418    -6028.994       21.575   171.2
1.5000        -6007.374    -6028.957       21.583   171.3
1.5005        -6007.324    -6028.920       21.596   171.4
1.5010        -6007.306    -6028.881       21.575   171.2
1.5015        -6007.342    -6028.841       21.499   170.6
1.5020        -6007.346    -6028.800       21.454   170.2
1.5025        -6007.325    -6028.757       21.432   170.1
1.5030        -6007.297    -6028.714       21.417   169.9
1.5035        -6007.252    -6028.669       21.417   169.9
1.5040        -6007.235    -6028.624       21.389   169.7
1.5045        -6007.223    -6028.578       21.355   169.4
1.5050        -6007.182    -6028.532       21.350   169.4
1.5055        -6007.174    -6028.485       21.312   169.1
1.5060        -6007.100    -6028.438       21.339   169.3
1.5065        -6007.086    -6028.391       21.306   169.1
1.5070        -6007.071    -6028.344       21.273   168.8
1.5075        -6007.073    -6028.298       21.226   168.4
1.5080        -6007.024    -6028.253       21.229   168.4
1.5085        -6007.018    -6028.207       21.189   168.1
1.5090        -6007.022    -6028.164       21.143   167.8
1.5095        -6007.015    -6028.124       21.109   167.5
1.5100        -6007.004    -6028.085       21.081   167.3
1.5105        -6006.989    -6028.049       21.060   167.1
1.5110        -6006.982    -6028.016       21.034   166.9
1.5115        -6006.998    -6027.986       20.988   166.5
1.5120        -6007.024    -6027.960       20.936   166.1
1.5125        -6007.002    -6027.937       20.935   166.1
1.5130        -6007.042    -6027.917       20.875   165.6
1.5135        -6007.027    -6027.900       20.874   165.6
1.5140        -6007.009    -6027.887       20.878   165.7
1.5145        -6006.967    -6027.878       20.911   165.9
1.5150        -6006.966    -6027.872       20.906   165.9
1.5155        -6006.937    -6027.869       20.933   166.1
1.5160        -6006.899    -6027.870       20.971   166.4
1.5165        -6006.901    -6027.874       20.973   166.4
1.5170        -6006.904    -6027.882       20.978   166.5
1.5175        -6006.881    -6027.891       21.010   166.7
1.5180        -6006.884    -6027.902       21.018   166.8
1.5185        -6006.862    -6027.915       21.053   167.0
1.5190        -6006.849    -6027.930       21.081   167.3
1.5195        -6006.841    -6027.945       21.104   167.5
1.5200        -6006.854    -6027.961       21.107   167.5
1.5205        -6006.877    -6027.979       21.102   167.4
1.5210        -6006.864    -6027.997       21.133   167.7
1.5215        -6006.826    -6028.015       21.190   168.1
1.5220        -6006.847    -6028.034       21.187   168.1
1.5225        -6006.855    -6028.052       21.197   168.2
1.5230        -6006.872    -6028.070       21.198   168.2
1.5235        -6006.859    -6028.087       21.228   168.4
1.5240        -6006.830    -6028.104       21.274   168.8
1.5245        -6006.864    -6028.120       21.256   168.7
1.5250        -6006.827    -6028.136       21.309   169.1
1.5255        -6006.821    -6028.150       21.329   169.2
1.5260        -6006.832    -6028.163       21.331   169.3
1.5265        -6006.824    -6028.175       21.351   169.4
1.5270        -6006.800    -6028.186       21.386   169.7
1.5275        -6006.762    -6028.196       21.434   170.1
1.5280        -6006.786    -6028.205       21.419   170.0
1.5285        -6006.781    -6028.213       21.432   170.1
1.5290        -6006.795    -6028.220       21.425   170.0
1.5295        -6006.781    -6028.225       21.444   170.2
1.5300        -6006.780    -6028.227       21.447   170.2
1.5305        -6006.764    -6028.228       21.465   170.3
1.5310        -6006.737    -6028.227       21.491   170.5
1.5315        -6006.703    -6028.224       21.521   170.8
1.5320        -6006.722    -6028.219       21.497   170.6
1.5325        -6006.706    -6028.212       21.506   170.6
1.5330        -6006.693    -6028.203       21.510   170.7
1.5335        -6006.697    -6028.192       21.494   170.6
1.5340        -6006.670    -6028.179       21.508   170.7
1.5345        -6006.656    -6028.164       21.508   170.7
1.5350        -6006.637    -6028.146       21.509   170.7
1.5355        -6006.669    -6028.128       21.459   170.3
1.5360        -6006.668    -6028.108       21.440   170.1
1.5365        -6006.686    -6028.086       21.400   169.8
1.5370        -6006.638    -6028.062       21.423   170.0
1.5375        -6006.605    -6028.036       21.431   170.1
1.5380        -6006.651    -6028.010       21.359   169.5
1.5385        -6006.632    -6027.984       21.352   169.4
1.5390        -6006.625    -6027.958       21.332   169.3
1.5395        -6006.640    -6027.932       21.292   168.9
1.5400        -6006.616    -6027.906       21.290   168.9
1.5405        -6006.615    -6027.880       21.265   168.7
1.5410        -6006.642    -6027.854       21.212   168.3
1.5415        -6006.610    -6027.829       21.219   168.4
1.5420        -6006.596    -6027.806       21.210   168.3
1.5425        -6006.583    -6027.783       21.200   168.2
1.5430        -6006.591    -6027.761       21.171   168.0
1.5435        -6006.628    -6027.742       21.114   167.5
1.5440        -6006.593    -6027.724       21.131   167.7
1.5445        -6006.581    -6027.707       21.126   167.6
1.5450        -6006.557    -6027.692       21.135   167.7
1.5455        -6006.538    -6027.680       21.142   167.8
1.5460        -6006.558    -6027.669       21.111   167.5
1.5465        -6006.551    -6027.660       21.109   167.5
1.5470        -6006.557    -6027.653       21.096   167.4
1.5475        -6006.549    -6027.649       21.100   167.4
1.5480        -6006.566    -6027.646       21.080   167.3
1.5485        -6006.544    -6027.645       21.101   167.4
1.5490        -6006.539    -6027.646       21.107   167.5
1.5495        -6006.545    -6027.649       21.104   167.5
1.5500        -6006.513    -6027.653       21.140   167.7
1.5505        -6006.498    -6027.660       21.162   167.9
1.5510        -6006.500    -6027.669       21.169   168.0
1.5515        -6006.504    -6027.680       21.176   168.0
1.5520        -6006.497    -6027.693       21.196   168.2
1.5525        -6006.481    -6027.709       21.227   168.4
1.5530        -6006.456    -6027.727       21.271   168.8
1.5535        -6006.428    -6027.747       21.319   169.2
1.5540        -6006.440    -6027.770       21.330   169.2
1.5545        -6006.423    -6027.797       21.373   169.6
1.5550        -6006.379    -6027.825       21.447   170.2
1.5555        -6006.373    -6027.857       21.484   170.5
1.5560        -6006.393    -6027.889       21.496   170.6
1.5565        -6006.372    -6027.924       21.551   171.0
1.5570        -6006.366    -6027.960       21.594   171.3
1.5575        -6006.365    -6027.996       21.631   171.6
1.5580        -6006.341    -6028.034       21.692   172.1
1.5585        -6006.352    -6028.071       21.720   172.3
1.5590        -6006.345    -6028.110       21.765   172.7
1.5595        -6006.327    -6028.148       21.821   173.1
1.5600        -6006.316    -6028.187       21.871   173.5
1.5605        -6006.351    -6028.226       21.874   173.6
1.5610        -6006.339    -6028.264       21.925   174.0
1.5615        -6006.323    -6028.300       21.977   174.4
1.5620        -6006.349    -6028.336       21.987   174.5
1.5625        -6006.302    -6028.371       22.069   175.1
1.5630        -6006.301    -6028.405       22.104   175.4
1.5635        -6006.321    -6028.438       22.117   175.5
1.5640        -6006.313    -6028.469       22.156   175.8
1.5645        -6006.331    -6028.500       22.169   175.9
1.5650        -6006.310    -6028.529       22.220   176.3
1.5655        -6006.271    -6028.556       22.285   176.8
1.5660        -6006.274    -6028.581       22.307   177.0
1.5665        -6006.274    -6028.605       22.330   177.2
1.5670        -6006.248    -6028.627       22.379   177.6
1.5675        -6006.222    -6028.647       22.425   177.9
1.5680        -6006.196    -6028.667       22.471   178.3
1.5685        -6006.189    -6028.685       22.495   178.5
1.5690        -6006.245    -6028.701       22.455   178.2
1.5695        -6006.231    -6028.716       22.485   178.4
1.5700        -6006.260    -6028.730       22.470   178.3
1.5705        -6006.259    -6028.742       22.483   178.4
1.5710        -6006.263    -6028.752       22.490   178.4
1.5715        -6006.210    -6028.761       22.551   178.9
1.5720        -6006.150    -6028.768       22.619   179.5
1.5725        -6006.161    -6028.774       22.614   179.4
1.5730        -6006.153    -6028.780       22.626   179.5
1.5735        -6006.126    -6028.783       22.657   179.8
1.5740        -6006.122    -6028.786       22.664   179.8
1.5745        -6006.118    -6028.787       22.668   179.9
1.5750        -6006.121    -6028.786       22.665   179.8
1.5755        -6006.109    -6028.783       22.674   179.9
1.5760        -6006.117    -6028.780       22.663   179.8
1.5765        -6006.103    -6028.777       22.674   179.9
1.5770        -6006.103    -6028.775       22.671   179.9
1.5775        -6006.102    -6028.771       22.668   179.9
1.5780        -6006.106    -6028.766       22.660   179.8
1.5785        -6006.131    -6028.759       22.629   179.6
1.5790        -6006.120    -6028.753       22.633   179.6
1.5795        -6006.132    -6028.745       22.613   179.4
1.5800        -6006.126    -6028.737       22.610   179.4
1.5805        -6006.109    -6028.728       22.619   179.5
1.5810        -6006.035    -6028.720       22.684   180.0
1.5815        -6006.020    -6028.710       22.690   180.0
1.5820        -6006.032    -6028.700       22.668   179.9
1.5825        -6006.077    -6028.690       22.613   179.4
1.5830        -6006.074    -6028.679       22.605   179.4
1.5835        -6006.041    -6028.668       22.627   179.5
1.5840        -6006.038    -6028.655       22.617   179.5
1.5845        -6005.990    -6028.642       22.652   179.7
1.5850        -6006.005    -6028.629       22.625   179.5
1.5855        -6005.995    -6028.617       22.622   179.5
1.5860        -6005.966    -6028.604       22.638   179.6
1.5865        -6005.973    -6028.592       22.619   179.5
1.5870        -6006.008    -6028.580       22.572   179.1
1.5875        -6006.028    -6028.569       22.541   178.9
1.5880        -6006.021    -6028.557       22.536   178.8
1.5885        -6006.000    -6028.545       22.544   178.9
1.5890        -6005.940    -6028.534       22.594   179.3
1.5895        -6005.935    -6028.525       22.590   179.2
1.5900        -6005.929    -6028.516       22.587   179.2
1.5905        -6005.886    -6028.508       22.623   179.5
1.5910        -6005.870    -6028.502       22.632   179.6
1.5915        -6005.880    -6028.496       22.616   179.5
1.5920        -6005.915    -6028.492       22.577   179.1
1.5925        -6005.933    -6028.488       22.555   179.0
1.5930        -6005.906    -6028.486       22.580   179.2
1.5935        -6005.919    -6028.486       22.567   179.1
1.5940        -6005.882    -6028.486       22.604   179.4
1.5945        -6005.874    -6028.487       22.612   179.4
1.5950        -6005.861    -6028.488       22.626   179.5
1.5955        -6005.882    -6028.490       22.607   179.4
1.5960        -6005.882    -6028.493       22.611   179.4
1.5965        -6005.900    -6028.497       22.597   179.3
1.5970        -6005.869    -6028.501       22.632   179.6
1.5975        -6005.852    -6028.505       22.654   179.7
1.5980        -6005.876    -6028.510       22.634   179.6
1.5985        -6005.894    -6028.515       22.621   179.5
1.5990        -6005.908    -6028.520       22.612   179.4
1.5995        -6005.890    -6028.525       22.635   179.6
1.6000        -6005.918    -6028.529       22.611   179.4
1.6005        -6005.876    -6028.533       22.657   179.8
1.6010        -6005.854    -6028.536       22.682   180.0
1.6015        -6005.821    -6028.537       22.716   180.2
1.6020        -6005.845    -6028.537       22.692   180.1
1.6025        -6005.894    -6028.535       22.642   179.7
1.6030        -6005.880    -6028.532       22.652   179.7
1.6035        -6005.870    -6028.527       22.657   179.8
1.6040        -6005.859    -6028.522       22.664   179.8
1.6045        -6005.847    -6028.516       22.668   179.9
1.6050        -6005.823    -6028.508       22.685   180.0
1.6055        -6005.803    -6028.498       22.695   180.1
1.6060        -6005.819    -6028.487       22.668   179.9
1.6065        -6005.803    -6028.475       22.672   179.9
1.6070        -6005.795    -6028.462       22.667   179.9
1.6075        -6005.799    -6028.447       22.647   179.7
1.6080        -6005.786    -6028.430       22.643   179.7
1.6085        -6005.753    -6028.411       22.658   179.8
1.6090        -6005.753    -6028.392       22.639   179.6
1.6095        -6005.757    -6028.370       22.613   179.4
1.6100        -6005.778    -6028.348       22.570   179.1
1.6105        -6005.782    -6028.326       22.544   178.9
1.6110        -6005.735    -6028.302       22.567   179.1
1.6115        -6005.770    -6028.278       22.507   178.6
1.6120        -6005.745    -6028.252       22.507   178.6
1.6125        -6005.745    -6028.226       22.481   178.4
1.6130        -6005.747    -6028.199       22.451   178.1
1.6135        -6005.757    -6028.170       22.413   177.8
1.6140        -6005.798    -6028.140       22.342   177.3
1.6145        -6005.776    -6028.111       22.334   177.2
1.6150        -6005.785    -6028.080       22.295   176.9
1.6155        -6005.793    -6028.050       22.258   176.6
1.6160        -6005.780    -6028.021       22.241   176.5
1.6165        -6005.806    -6027.992       22.186   176.0
1.6170        -6005.795    -6027.964       22.169   175.9
1.6175        -6005.799    -6027.936       22.137   175.7
1.6180        -6005.809    -6027.909       22.100   175.4
1.6185        -6005.798    -6027.884       22.085   175.2
1.6190        -6005.787    -6027.859       22.072   175.1
1.6195        -6005.768    -6027.835       22.068   175.1
1.6200        -6005.743    -6027.814       22.072   175.1
1.6205        -6005.724    -6027.795       22.071   175.1
1.6210        -6005.739    -6027.778       22.039   174.9
1.6215        -6005.736    -6027.762       22.027   174.8
1.6220        -6005.712    -6027.748       22.036   174.9
1.6225        -6005.723    -6027.737       22.015   174.7
1.6230        -6005.691    -6027.728       22.037   174.9
1.6235        -6005.699    -6027.722       22.023   174.7
1.6240        -6005.704    -6027.718       22.013   174.7
1.6245        -6005.695    -6027.716       22.021   174.7
1.6250        -6005.671    -6027.718       22.047   174.9
1.6255        -6005.643    -6027.722       22.078   175.2
1.6260        -6005.601    -6027.728       22.127   175.6
1.6265        -6005.580    -6027.738       22.158   175.8
1.6270        -6005.569    -6027.751       22.182   176.0
1.6275        -6005.574    -6027.766       22.192   176.1
1.6280        -6005.553    -6027.783       22.230   176.4
1.6285        -6005.538    -6027.803       22.265   176.7
1.6290        -6005.524    -6027.826       22.302   177.0
1.6295        -6005.479    -6027.850       22.371   177.5
1.6300        -6005.468    -6027.876       22.408   177.8
1.6305        -6005.458    -6027.904       22.446   178.1
1.6310        -6005.461    -6027.933       22.472   178.3
1.6315        -6005.441    -6027.963       22.523   178.7
1.6320        -6005.429    -6027.995       22.566   179.1
1.6325        -6005.442    -6028.027       22.585   179.2
1.6330        -6005.405    -6028.060       22.655   179.8
1.6335        -6005.398    -6028.094       22.696   180.1
1.6340        -6005.394    -6028.128       22.734   180.4
1.6345        -6005.374    -6028.162       22.788   180.8
1.6350        -6005.393    -6028.196       22.803   180.9
1.6355        -6005.405    -6028.230       22.825   181.1
1.6360        -6005.430    -6028.263       22.832   181.2
1.6365        -6005.429    -6028.294       22.865   181.4
1.6370        -6005.433    -6028.325       22.893   181.6
1.6375        -6005.377    -6028.356       22.979   182.3
1.6380        -6005.343    -6028.386       23.043   182.8
1.6385        -6005.347    -6028.415       23.068   183.0
1.6390        -6005.315    -6028.442       23.127   183.5
1.6395        -6005.326    -6028.467       23.140   183.6
1.6400        -6005.278    -6028.490       23.212   184.2
1.6405        -6005.265    -6028.511       23.246   184.4
1.6410        -6005.222    -6028.529       23.307   184.9
1.6415        -6005.237    -6028.545       23.308   184.9
1.6420        -6005.208    -6028.558       23.350   185.3
1.6425        -6005.187    -6028.569       23.382   185.5
1.6430        -6005.177    -6028.579       23.402   185.7
1.6435        -6005.181    -6028.586       23.404   185.7
1.6440        -6005.135    -6028.590       23.455   186.1
1.6445        -6005.122    -6028.592       23.470   186.2
1.6450        -6005.103    -6028.591       23.488   186.4
1.6455        -6005.099    -6028.588       23.489   186.4
1.6460        -6005.053    -6028.582       23.529   186.7
1.6465        -6005.054    -6028.574       23.520   186.6
1.6470        -6005.066    -6028.564       23.498   186.5
1.6475        -6005.062    -6028.553       23.491   186.4
1.6480        -6005.053    -6028.540       23.487   186.4
1.6485        -6005.054    -6028.526       23.471   186.2
1.6490        -6005.029    -6028.510       23.481   186.3
1.6495        -6005.017    -6028.494       23.476   186.3
1.6500        -6005.018    -6028.477       23.459   186.1
1.6505        -6004.956    -6028.460       23.504   186.5
1.6510        -6004.968    -6028.441       23.474   186.3
1.6515        -6004.913    -6028.422       23.509   186.5
1.6520        -6004.953    -6028.403       23.450   186.1
1.6525        -6004.977    -6028.385       23.408   185.7
1.6530        -6004.963    -6028.366       23.403   185.7
1.6535        -6004.926    -6028.348       23.422   185.8
1.6540        -6004.883    -6028.330       23.447   186.0
1.6545        -6004.858    -6028.311       23.454   186.1
1.6550        -6004.871    -6028.294       23.423   185.9
1.6555        -6004.838    -6028.277       23.439   186.0
1.6560        -6004.811    -6028.261       23.450   186.1
1.6565        -6004.843    -6028.245       23.401   185.7
1.6570        -6004.830    -6028.230       23.400   185.7
1.6575        -6004.806    -6028.215       23.409   185.7
1.6580        -6004.820    -6028.200       23.381   185.5
1.6585        -6004.844    -6028.185       23.342   185.2
1.6590        -6004.832    -6028.170       23.339   185.2
1.6595        -6004.785    -6028.155       23.370   185.4
1.6600        -6004.800    -6028.140       23.340   185.2
1.6605        -6004.759    -6028.125       23.366   185.4
1.6610        -6004.753    -6028.110       23.357   185.3
1.6615        -6004.761    -6028.094       23.332   185.1
1.6620        -6004.758    -6028.077       23.319   185.0
1.6625        -6004.737    -6028.059       23.322   185.1
1.6630        -6004.762    -6028.041       23.279   184.7
1.6635        -6004.800    -6028.022       23.222   184.3
1.6640        -6004.775    -6028.003       23.228   184.3
1.6645        -6004.752    -6027.983       23.232   184.3
1.6650        -6004.767    -6027.964       23.197   184.1
1.6655        -6004.749    -6027.945       23.196   184.1
1.6660        -6004.720    -6027.925       23.204   184.1
1.6665        -6004.735    -6027.905       23.170   183.8
1.6670        -6004.764    -6027.884       23.121   183.5
1.6675        -6004.754    -6027.864       23.110   183.4
1.6680        -6004.738    -6027.844       23.107   183.3
1.6685        -6004.753    -6027.823       23.071   183.1
1.6690        -6004.748    -6027.802       23.054   182.9
1.6695        -6004.764    -6027.782       23.018   182.6
1.6700        -6004.769    -6027.762       22.994   182.4
1.6705        -6004.767    -6027.744       22.977   182.3
1.6710        -6004.748    -6027.725       22.977   182.3
1.6715        -6004.743    -6027.706       22.963   182.2
1.6720        -6004.705    -6027.689       22.984   182.4
1.6725        -6004.675    -6027.670       22.996   182.5
1.6730        -6004.665    -6027.651       22.986   182.4
1.6735        -6004.690    -6027.633       22.943   182.0
1.6740        -6004.670    -6027.615       22.944   182.1
1.6745        -6004.666    -6027.596       22.930   181.9
1.6750        -6004.689    -6027.577       22.888   181.6
1.6755        -6004.705    -6027.556       22.851   181.3
1.6760        -6004.686    -6027.534       22.848   181.3
1.6765        -6004.687    -6027.510       22.824   181.1
1.6770        -6004.685    -6027.487       22.802   180.9
1.6775        -6004.663    -6027.463       22.801   180.9
1.6780        -6004.626    -6027.439       22.812   181.0
1.6785        -6004.621    -6027.414       22.793   180.9
1.6790        -6004.610    -6027.389       22.779   180.7
1.6795        -6004.591    -6027.362       22.771   180.7
1.6800        -6004.591    -6027.335       22.744   180.5
1.6805        -6004.573    -6027.308       22.735   180.4
1.6810        -6004.572    -6027.280       22.707   180.2
1.6815        -6004.572    -6027.252       22.679   180.0
1.6820        -6004.583    -6027.223       22.640   179.6
1.6825        -6004.566    -6027.194       22.628   179.5
1.6830        -6004.539    -6027.165       22.626   179.5
1.6835        -6004.491    -6027.134       22.644   179.7
1.6840        -6004.489    -6027.103       22.614   179.4
1.6845        -6004.488    -6027.072       22.585   179.2
1.6850        -6004.445    -6027.043       22.598   179.3
1.6855        -6004.423    -6027.013       22.590   179.2
1.6860        -6004.446    -6026.984       22.538   178.8
1.6865        -6004.417    -6026.955       22.539   178.8
1.6870        -6004.421    -6026.927       22.506   178.6
1.6875        -6004.407    -6026.899       22.492   178.5
1.6880        -6004.406    -6026.872       22.467   178.3
1.6885        -6004.396    -6026.848       22.452   178.2
1.6890        -6004.353    -6026.826       22.473   178.3
1.6895        -6004.364    -6026.807       22.443   178.1
1.6900        -6004.346    -6026.790       22.444   178.1
1.6905        -6004.376    -6026.774       22.398   177.7
1.6910        -6004.384    -6026.760       22.376   177.5
1.6915        -6004.388    -6026.747       22.360   177.4
1.6920        -6004.363    -6026.737       22.374   177.5
1.6925        -6004.366    -6026.728       22.362   177.4
1.6930        -6004.331    -6026.721       22.390   177.7
1.6935        -6004.340    -6026.715       22.376   177.5
1.6940        -6004.320    -6026.711       22.390   177.7
1.6945        -6004.343    -6026.708       22.365   177.5
1.6950        -6004.339    -6026.707       22.368   177.5
1.6955        -6004.314    -6026.707       22.393   177.7
1.6960        -6004.283    -6026.707       22.424   177.9
1.6965        -6004.293    -6026.707       22.414   177.9
1.6970        -6004.254    -6026.708       22.454   178.2
1.6975        -6004.272    -6026.710       22.438   178.0
1.6980        -6004.270    -6026.713       22.444   178.1
1.6985        -6004.220    -6026.718       22.498   178.5
1.6990        -6004.223    -6026.723       22.500   178.5
1.6995        -6004.195    -6026.729       22.535   178.8
1.7000        -6004.212    -6026.736       22.524   178.7
1.7005        -6004.187    -6026.744       22.557   179.0
1.7010        -6004.160    -6026.753       22.593   179.3
1.7015        -6004.154    -6026.763       22.608   179.4
1.7020        -6004.187    -6026.774       22.587   179.2
1.7025        -6004.167    -6026.786       22.619   179.5
1.7030        -6004.143    -6026.798       22.655   179.8
1.7035        -6004.140    -6026.811       22.671   179.9
1.7040        -6004.114    -6026.823       22.709   180.2
1.7045        -6004.116    -6026.837       22.721   180.3
1.7050        -6004.087    -6026.852       22.765   180.6
1.7055        -6004.084    -6026.867       22.783   180.8
1.7060        -6004.055    -6026.883       22.829   181.1
1.7065        -6004.035    -6026.900       22.865   181.4
1.7070        -6004.078    -6026.916       22.838   181.2
1.7075        -6004.120    -6026.932       22.812   181.0
1.7080        -6004.109    -6026.949       22.841   181.2
1.7085        -6004.070    -6026.967       22.897   181.7
1.7090        -6004.089    -6026.984       22.895   181.7
1.7095        -6004.093    -6027.002       22.909   181.8
1.7100        -6004.053    -6027.020       22.967   182.2
1.7105        -6004.037    -6027.038       23.001   182.5
1.7110        -6004.014    -6027.056       23.042   182.8
1.7115        -6004.001    -6027.074       23.072   183.1
1.7120        -6003.968    -6027.091       23.123   183.5
1.7125        -6003.970    -6027.108       23.138   183.6
1.7130        -6003.987    -6027.126       23.139   183.6
1.7135        -6003.976    -6027.142       23.166   183.8
1.7140        -6003.976    -6027.157       23.182   183.9
1.7145        -6003.953    -6027.172       23.220   184.2
1.7150        -6003.991    -6027.187       23.197   184.1
1.7155        -6003.998    -6027.202       23.204   184.1
1.7160        -6003.955    -6027.216       23.260   184.6
1.7165        -6003.997    -6027.229       23.233   184.3
1.7170        -6003.978    -6027.242       23.265   184.6
1.7175        -6003.982    -6027.255       23.273   184.7
1.7180        -6003.986    -6027.266       23.280   184.7
1.7185        -6003.994    -6027.276       23.282   184.7
1.7190        -6003.990    -6027.286       23.297   184.9
1.7195        -6003.984    -6027.295       23.311   185.0
1.7200        -6003.976    -6027.303       23.327   185.1
1.7205        -6003.892    -6027.310       23.418   185.8
1.7210        -6003.876    -6027.316       23.440   186.0
1.7215        -6003.855    -6027.321       23.466   186.2
1.7220        -6003.836    -6027.325       23.490   186.4
1.7225        -6003.812    -6027.329       23.516   186.6
1.7230        -6003.762    -6027.331       23.569   187.0
1.7235        -6003.738    -6027.332       23.594   187.2
1.7240        -6003.710    -6027.333       23.623   187.4
1.7245        -6003.683    -6027.332       23.650   187.7
1.7250        -6003.649    -6027.330       23.681   187.9
1.7255        -6003.649    -6027.327       23.679   187.9
1.7260        -6003.590    -6027.323       23.733   188.3
1.7265        -6003.616    -6027.316       23.700   188.1
1.7270        -6003.619    -6027.308       23.689   188.0
1.7275        -6003.590    -6027.299       23.710   188.1
1.7280        -6003.595    -6027.289       23.694   188.0
1.7285        -6003.586    -6027.279       23.693   188.0
1.7290        -6003.607    -6027.266       23.659   187.7
1.7295        -6003.617    -6027.252       23.636   187.5
1.7300        -6003.605    -6027.238       23.633   187.5
1.7305        -6003.614    -6027.222       23.607   187.3
1.7310        -6003.573    -6027.204       23.632   187.5
1.7315        -6003.570    -6027.186       23.616   187.4
1.7320        -6003.574    -6027.166       23.593   187.2
1.7325        -6003.600    -6027.146       23.547   186.8
1.7330        -6003.605    -6027.125       23.520   186.6
1.7335        -6003.581    -6027.102       23.521   186.6
1.7340        -6003.591    -6027.077       23.486   186.4
1.7345        -6003.580    -6027.050       23.470   186.2
1.7350        -6003.539    -6027.023       23.484   186.3
1.7355        -6003.525    -6026.994       23.469   186.2
1.7360        -6003.511    -6026.963       23.452   186.1
1.7365        -6003.466    -6026.933       23.467   186.2
1.7370        -6003.473    -6026.902       23.429   185.9
1.7375        -6003.462    -6026.871       23.409   185.7
1.7380        -6003.477    -6026.841       23.364   185.4
1.7385        -6003.490    -6026.810       23.320   185.0
1.7390        -6003.481    -6026.780       23.300   184.9
1.7395        -6003.485    -6026.750       23.265   184.6
1.7400        -6003.460    -6026.721       23.261   184.6
1.7405        -6003.435    -6026.692       23.257   184.5
1.7410        -6003.385    -6026.664       23.279   184.7
1.7415        -6003.347    -6026.636       23.289   184.8
1.7420        -6003.343    -6026.609       23.265   184.6
1.7425        -6003.337    -6026.582       23.245   184.4
1.7430        -6003.284    -6026.557       23.272   184.7
1.7435        -6003.220    -6026.531       23.311   185.0
1.7440        -6003.195    -6026.507       23.312   185.0
1.7445        -6003.201    -6026.484       23.284   184.7
1.7450        -6003.139    -6026.463       23.324   185.1
1.7455        -6003.142    -6026.443       23.301   184.9
1.7460        -6003.149    -6026.426       23.277   184.7
1.7465        -6003.147    -6026.411       23.265   184.6
1.7470        -6003.138    -6026.399       23.260   184.6
1.7475        -6003.166    -6026.388       23.223   184.3
1.7480        -6003.152    -6026.379       23.227   184.3
1.7485        -6003.117    -6026.372       23.256   184.5
1.7490        -6003.121    -6026.369       23.248   184.5
1.7495        -6003.098    -6026.368       23.270   184.6
1.7500        -6003.109    -6026.370       23.261   184.6
1.7505        -6003.065    -6026.374       23.309   185.0
1.7510        -6003.019    -6026.380       23.362   185.4
1.7515        -6002.992    -6026.389       23.397   185.6
1.7520        -6002.967    -6026.399       23.431   185.9
1.7525        -6002.896    -6026.410       23.514   186.6
1.7530        -6002.842    -6026.423       23.581   187.1
1.7535        -6002.845    -6026.438       23.592   187.2
1.7540        -6002.817    -6026.453       23.636   187.5
1.7545        -6002.815    -6026.471       23.656   187.7
1.7550        -6002.855    -6026.488       23.633   187.5
1.7555        -6002.854    -6026.506       23.652   187.7
1.7560        -6002.863    -6026.524       23.660   187.7
1.7565        -6002.904    -6026.542       23.638   187.6
1.7570        -6002.923    -6026.561       23.638   187.6
1.7575        -6002.950    -6026.579       23.629   187.5
1.7580        -6002.992    -6026.596       23.604   187.3
1.7585        -6002.982    -6026.614       23.632   187.5
1.7590        -6002.950    -6026.631       23.681   187.9
1.7595        -6002.924    -6026.648       23.724   188.2
1.7600        -6002.937    -6026.664       23.727   188.3
1.7605        -6002.954    -6026.680       23.726   188.3
1.7610        -6002.971    -6026.697       23.726   188.3
1.7615        -6002.950    -6026.713       23.763   188.6
1.7620        -6002.921    -6026.727       23.806   188.9
1.7625        -6002.902    -6026.740       23.838   189.1
1.7630        -6002.878    -6026.752       23.874   189.4
1.7635        -6002.862    -6026.762       23.900   189.6
1.7640        -6002.865    -6026.771       23.906   189.7
1.7645        -6002.835    -6026.778       23.944   190.0
1.7650        -6002.834    -6026.785       23.951   190.0
1.7655        -6002.823    -6026.789       23.967   190.2
1.7660        -6002.806    -6026.793       23.986   190.3
1.7665        -6002.772    -6026.794       24.022   190.6
1.7670        -6002.741    -6026.793       24.052   190.8
1.7675        -6002.713    -6026.791       24.078   191.1
1.7680        -6002.699    -6026.787       24.088   191.1
1.7685        -6002.709    -6026.782       24.073   191.0
1.7690        -6002.748    -6026.775       24.027   190.6
1.7695        -6002.749    -6026.766       24.017   190.6
1.7700        -6002.720    -6026.758       24.038   190.7
1.7705        -6002.744    -6026.748       24.004   190.5
1.7710        -6002.688    -6026.737       24.049   190.8
1.7715        -6002.693    -6026.723       24.030   190.7
1.7720        -6002.663    -6026.708       24.046   190.8
1.7725        -6002.662    -6026.692       24.030   190.7
1.7730        -6002.627    -6026.675       24.047   190.8
1.7735        -6002.595    -6026.657       24.062   190.9
1.7740        -6002.552    -6026.638       24.086   191.1
1.7745        -6002.478    -6026.617       24.138   191.5
1.7750        -6002.499    -6026.594       24.095   191.2
1.7755        -6002.506    -6026.571       24.064   190.9
1.7760        -6002.465    -6026.546       24.081   191.1
1.7765        -6002.469    -6026.521       24.052   190.8
1.7770        -6002.419    -6026.495       24.076   191.0
1.7775        -6002.444    -6026.468       24.024   190.6
1.7780        -6002.444    -6026.440       23.996   190.4
1.7785        -6002.422    -6026.411       23.989   190.3
1.7790        -6002.411    -6026.380       23.969   190.2
1.7795        -6002.436    -6026.349       23.913   189.7
1.7800        -6002.399    -6026.317       23.918   189.8
1.7805        -6002.401    -6026.286       23.885   189.5
1.7810        -6002.390    -6026.254       23.864   189.4
1.7815        -6002.398    -6026.223       23.824   189.0
1.7820        -6002.424    -6026.191       23.767   188.6
1.7825        -6002.414    -6026.161       23.746   188.4
1.7830        -6002.420    -6026.131       23.711   188.1
1.7835        -6002.430    -6026.103       23.673   187.8
1.7840        -6002.413    -6026.077       23.663   187.8
1.7845        -6002.403    -6026.050       23.648   187.6
1.7850        -6002.371    -6026.025       23.654   187.7
1.7855        -6002.363    -6026.002       23.639   187.6
1.7860        -6002.345    -6025.980       23.636   187.5
1.7865        -6002.298    -6025.959       23.660   187.7
1.7870        -6002.284    -6025.938       23.654   187.7
1.7875        -6002.305    -6025.919       23.614   187.4
1.7880        -6002.301    -6025.902       23.601   187.3
1.7885        -6002.309    -6025.886       23.578   187.1
1.7890        -6002.331    -6025.872       23.541   186.8
1.7895        -6002.341    -6025.859       23.518   186.6
1.7900        -6002.324    -6025.848       23.523   186.7
1.7905        -6002.346    -6025.840       23.493   186.4
1.7910        -6002.338    -6025.834       23.496   186.4
1.7915        -6002.328    -6025.829       23.502   186.5
1.7920        -6002.296    -6025.826       23.530   186.7
1.7925        -6002.293    -6025.823       23.530   186.7
1.7930        -6002.302    -6025.821       23.520   186.6
1.7935        -6002.235    -6025.821       23.586   187.1
1.7940        -6002.233    -6025.821       23.588   187.2
1.7945        -6002.248    -6025.822       23.574   187.1
1.7950        -6002.274    -6025.824       23.550   186.9
1.7955        -6002.266    -6025.826       23.560   186.9
1.7960        -6002.261    -6025.830       23.569   187.0
1.7965        -6002.271    -6025.834       23.564   187.0
1.7970        -6002.277    -6025.838       23.562   187.0
1.7975        -6002.239    -6025.843       23.603   187.3
1.7980        -6002.263    -6025.847       23.584   187.1
1.7985        -6002.242    -6025.852       23.610   187.3
1.7990        -6002.246    -6025.857       23.611   187.3
1.7995        -6002.252    -6025.862       23.610   187.3
1.8000        -6002.245    -6025.867       23.622   187.4
1.8005        -6002.241    -6025.872       23.631   187.5
1.8010        -6002.238    -6025.878       23.640   187.6
1.8015        -6002.259    -6025.883       23.625   187.5
1.8020        -6002.263    -6025.890       23.626   187.5
1.8025        -6002.289    -6025.896       23.608   187.3
1.8030        -6002.297    -6025.903       23.606   187.3
1.8035        -6002.320    -6025.911       23.591   187.2
1.8040        -6002.308    -6025.921       23.613   187.4
1.8045        -6002.280    -6025.932       23.652   187.7
1.8050        -6002.220    -6025.943       23.723   188.2
1.8055        -6002.242    -6025.956       23.715   188.2
1.8060        -6002.243    -6025.970       23.726   188.3
1.8065        -6002.255    -6025.983       23.728   188.3
1.8070        -6002.253    -6025.997       23.744   188.4
1.8075        -6002.225    -6026.012       23.787   188.7
1.8080        -6002.206    -6026.030       23.824   189.0
1.8085        -6002.209    -6026.048       23.839   189.2
1.8090        -6002.225    -6026.067       23.842   189.2
1.8095        -6002.166    -6026.088       23.922   189.8
1.8100        -6002.146    -6026.110       23.964   190.2
1.8105        -6002.133    -6026.134       24.001   190.4
1.8110        -6002.155    -6026.159       24.004   190.5
1.8115        -6002.143    -6026.186       24.043   190.8
1.8120        -6002.170    -6026.213       24.043   190.8
1.8125        -6002.206    -6026.241       24.035   190.7
1.8130        -6002.197    -6026.271       24.074   191.0
1.8135        -6002.197    -6026.302       24.105   191.3
1.8140        -6002.188    -6026.335       24.147   191.6
1.8145        -6002.204    -6026.369       24.165   191.7
1.8150        -6002.245    -6026.404       24.159   191.7
1.8155        -6002.234    -6026.441       24.207   192.1
1.8160        -6002.188    -6026.478       24.291   192.7
1.8165        -6002.154    -6026.516       24.362   193.3
1.8170        -6002.173    -6026.554       24.382   193.5
1.8175        -6002.144    -6026.594       24.450   194.0
1.8180        -6002.160    -6026.634       24.473   194.2
1.8185        -6002.141    -6026.674       24.533   194.7
1.8190        -6002.089    -6026.715       24.626   195.4
1.8195        -6002.108    -6026.757       24.648   195.6
1.8200        -6002.083    -6026.798       24.714   196.1
1.8205        -6002.055    -6026.839       24.784   196.7
1.8210        -6002.046    -6026.881       24.835   197.1
1.8215        -6001.977    -6026.922       24.945   197.9
1.8220        -6001.981    -6026.964       24.983   198.2
1.8225        -6001.961    -6027.005       25.043   198.7
1.8230        -6001.990    -6027.046       25.056   198.8
1.8235        -6001.966    -6027.087       25.120   199.3
1.8240        -6002.021    -6027.126       25.105   199.2
1.8245        -6001.991    -6027.164       25.172   199.7
1.8250        -6002.015    -6027.200       25.185   199.8
1.8255        -6002.016    -6027.235       25.219   200.1
1.8260        -6002.028    -6027.269       25.241   200.3
1.8265        -6002.044    -6027.303       25.258   200.4
1.8270        -6002.001    -6027.334       25.333   201.0
1.8275        -6002.013    -6027.364       25.351   201.2
1.8280        -6001.965    -6027.391       25.427   201.8
1.8285        -6001.967    -6027.417       25.450   201.9
1.8290        -6001.986    -6027.441       25.455   202.0
1.8295        -6001.971    -6027.464       25.492   202.3
1.8300        -6001.991    -6027.483       25.492   202.3
1.8305        -6001.991    -6027.500       25.509   202.4
1.8310        -6002.001    -6027.515       25.514   202.4
1.8315        -6002.015    -6027.527       25.512   202.4
1.8320        -6002.018    -6027.537       25.520   202.5
1.8325        -6001.992    -6027.545       25.553   202.8
1.8330        -6001.967    -6027.549       25.582   203.0
1.8335        -6001.939    -6027.550       25.611   203.2
1.8340        -6001.934    -6027.549       25.615   203.2
1.8345        -6001.900    -6027.546       25.646   203.5
1.8350        -6001.918    -6027.539       25.622   203.3
1.8355        -6001.890    -6027.530       25.640   203.4
1.8360        -6001.863    -6027.519       25.656   203.6
1.8365        -6001.858    -6027.505       25.647   203.5
1.8370        -6001.845    -6027.489       25.645   203.5
1.8375        -6001.847    -6027.471       25.624   203.3
1.8380        -6001.849    -6027.451       25.602   203.1
1.8385        -6001.915    -6027.428       25.513   202.4
1.8390        -6001.907    -6027.402       25.495   202.3
1.8395        -6001.920    -6027.373       25.453   202.0
1.8400        -6001.947    -6027.342       25.395   201.5
1.8405        -6001.914    -6027.309       25.395   201.5
1.8410        -6001.950    -6027.275       25.326   201.0
1.8415        -6001.953    -6027.241       25.288   200.7
1.8420        -6001.965    -6027.205       25.241   200.3
1.8425        -6002.024    -6027.168       25.144   199.5
1.8430        -6002.039    -6027.130       25.091   199.1
1.8435        -6002.053    -6027.089       25.036   198.7
1.8440        -6002.010    -6027.048       25.038   198.7
1.8445        -6001.961    -6027.007       25.045   198.7
1.8450        -6001.950    -6026.965       25.015   198.5
1.8455        -6001.916    -6026.923       25.007   198.4
1.8460        -6001.916    -6026.881       24.965   198.1
1.8465        -6001.931    -6026.840       24.909   197.6
1.8470        -6001.944    -6026.799       24.854   197.2
1.8475        -6001.974    -6026.759       24.785   196.7
1.8480        -6002.015    -6026.720       24.705   196.0
1.8485        -6001.990    -6026.681       24.691   195.9
1.8490        -6002.023    -6026.643       24.620   195.3
1.8495        -6002.013    -6026.607       24.594   195.1
1.8500        -6001.980    -6026.571       24.592   195.1
1.8505        -6001.977    -6026.537       24.561   194.9
1.8510        -6002.006    -6026.505       24.499   194.4
1.8515        -6001.991    -6026.475       24.484   194.3
1.8520        -6002.018    -6026.446       24.428   193.8
1.8525        -6001.988    -6026.418       24.431   193.9
1.8530        -6001.956    -6026.393       24.437   193.9
1.8535        -6001.955    -6026.367       24.412   193.7
1.8540        -6001.947    -6026.342       24.395   193.6
1.8545        -6001.940    -6026.318       24.378   193.4
1.8550        -6001.941    -6026.296       24.355   193.2
1.8555        -6001.914    -6026.274       24.360   193.3
1.8560        -6001.920    -6026.255       24.335   193.1
1.8565        -6001.918    -6026.237       24.320   193.0
1.8570        -6001.947    -6026.221       24.274   192.6
1.8575        -6001.932    -6026.207       24.275   192.6
1.8580        -6001.887    -6026.193       24.306   192.9
1.8585        -6001.903    -6026.182       24.279   192.7
1.8590        -6001.886    -6026.173       24.287   192.7
1.8595        -6001.840    -6026.166       24.326   193.0
1.8600        -6001.813    -6026.160       24.347   193.2
1.8605        -6001.805    -6026.155       24.350   193.2
1.8610        -6001.767    -6026.152       24.385   193.5
1.8615        -6001.729    -6026.151       24.422   193.8
1.8620        -6001.749    -6026.151       24.402   193.6
1.8625        -6001.726    -6026.152       24.425   193.8
1.8630        -6001.735    -6026.154       24.419   193.8
1.8635        -6001.722    -6026.157       24.435   193.9
1.8640        -6001.731    -6026.161       24.430   193.8
1.8645        -6001.761    -6026.166       24.405   193.6
1.8650        -6001.723    -6026.171       24.448   194.0
1.8655        -6001.753    -6026.176       24.423   193.8
1.8660        -6001.752    -6026.181       24.429   193.8
1.8665        -6001.677    -6026.187       24.510   194.5
1.8670        -6001.651    -6026.193       24.542   194.7
1.8675        -6001.631    -6026.201       24.570   195.0
1.8680        -6001.649    -6026.208       24.559   194.9
1.8685        -6001.687    -6026.216       24.529   194.6
1.8690        -6001.661    -6026.224       24.563   194.9
1.8695        -6001.663    -6026.232       24.569   195.0
1.8700        -6001.621    -6026.240       24.620   195.4
1.8705        -6001.636    -6026.247       24.612   195.3
1.8710        -6001.610    -6026.253       24.644   195.5
1.8715        -6001.623    -6026.258       24.635   195.5
1.8720        -6001.599    -6026.263       24.664   195.7
1.8725        -6001.613    -6026.266       24.653   195.6
1.8730        -6001.582    -6026.267       24.685   195.9
1.8735        -6001.565    -6026.267       24.701   196.0
1.8740        -6001.518    -6026.265       24.747   196.4
1.8745        -6001.524    -6026.262       24.738   196.3
1.8750        -6001.531    -6026.257       24.727   196.2
1.8755        -6001.549    -6026.251       24.702   196.0
1.8760        -6001.604    -6026.242       24.638   195.5
1.8765        -6001.602    -6026.231       24.629   195.4
1.8770        -6001.608    -6026.218       24.611   195.3
1.8775        -6001.608    -6026.203       24.595   195.2
1.8780        -6001.596    -6026.186       24.590   195.1
1.8785        -6001.591    -6026.167       24.576   195.0
1.8790        -6001.599    -6026.146       24.547   194.8
1.8795        -6001.587    -6026.124       24.537   194.7
1.8800        -6001.607    -6026.100       24.494   194.3
1.8805        -6001.625    -6026.076       24.451   194.0
1.8810        -6001.639    -6026.051       24.412   193.7
1.8815        -6001.601    -6026.024       24.423   193.8
1.8820        -6001.597    -6025.995       24.398   193.6
1.8825        -6001.576    -6025.966       24.389   193.5
1.8830        -6001.542    -6025.935       24.393   193.6
1.8835        -6001.537    -6025.904       24.367   193.3
1.8840        -6001.506    -6025.873       24.367   193.3
1.8845        -6001.514    -6025.841       24.327   193.0
1.8850        -6001.550    -6025.810       24.260   192.5
1.8855        -6001.547    -6025.780       24.233   192.3
1.8860        -6001.514    -6025.750       24.236   192.3
1.8865        -6001.547    -6025.722       24.175   191.8
1.8870        -6001.539    -6025.694       24.156   191.7
1.8875        -6001.536    -6025.668       24.133   191.5
1.8880        -6001.474    -6025.644       24.170   191.8
1.8885        -6001.493    -6025.621       24.128   191.5
1.8890        -6001.467    -6025.600       24.133   191.5
1.8895        -6001.496    -6025.580       24.084   191.1
1.8900        -6001.501    -6025.560       24.059   190.9
1.8905        -6001.470    -6025.541       24.070   191.0
1.8910        -6001.459    -6025.524       24.065   190.9
1.8915        -6001.437    -6025.508       24.071   191.0
1.8920        -6001.392    -6025.493       24.101   191.2
1.8925        -6001.396    -6025.479       24.082   191.1
1.8930        -6001.378    -6025.465       24.087   191.1
1.8935        -6001.361    -6025.453       24.092   191.2
1.8940        -6001.351    -6025.442       24.092   191.2
1.8945        -6001.347    -6025.433       24.085   191.1
1.8950        -6001.363    -6025.424       24.061   190.9
1.8955        -6001.354    -6025.417       24.063   190.9
1.8960        -6001.329    -6025.410       24.082   191.1
1.8965        -6001.335    -6025.406       24.071   191.0
1.8970        -6001.346    -6025.402       24.056   190.9
1.8975        -6001.370    -6025.398       24.028   190.7
1.8980        -6001.326    -6025.395       24.069   191.0
1.8985        -6001.283    -6025.392       24.110   191.3
1.8990        -6001.294    -6025.389       24.095   191.2
1.8995        -6001.283    -6025.387       24.104   191.3
1.9000        -6001.251    -6025.385       24.134   191.5
1.9005        -6001.250    -6025.383       24.133   191.5
1.9010        -6001.244    -6025.381       24.137   191.5
1.9015        -6001.234    -6025.378       24.144   191.6
1.9020        -6001.216    -6025.375       24.159   191.7
1.9025        -6001.215    -6025.371       24.156   191.7
1.9030        -6001.199    -6025.366       24.167   191.8
1.9035        -6001.181    -6025.360       24.178   191.8
1.9040        -6001.148    -6025.353       24.206   192.1
1.9045        -6001.150    -6025.347       24.197   192.0
1.9050        -6001.134    -6025.340       24.206   192.1
1.9055        -6001.112    -6025.332       24.220   192.2
1.9060        -6001.130    -6025.324       24.194   192.0
1.9065        -6001.158    -6025.316       24.157   191.7
1.9070        -6001.120    -6025.307       24.187   191.9
1.9075        -6001.112    -6025.297       24.185   191.9
1.9080        -6001.112    -6025.286       24.175   191.8
1.9085        -6001.103    -6025.276       24.173   191.8
1.9090        -6001.145    -6025.264       24.119   191.4
1.9095        -6001.134    -6025.252       24.118   191.4
1.9100        -6001.082    -6025.240       24.158   191.7
1.9105        -6001.049    -6025.227       24.178   191.8
1.9110        -6001.019    -6025.212       24.194   192.0
1.9115        -6000.957    -6025.198       24.241   192.3
1.9120        -6000.974    -6025.184       24.210   192.1
1.9125        -6000.999    -6025.171       24.171   191.8
1.9130        -6001.039    -6025.158       24.119   191.4
1.9135        -6001.045    -6025.146       24.101   191.2
1.9140        -6001.086    -6025.134       24.049   190.8
1.9145        -6001.071    -6025.123       24.052   190.8
1.9150        -6001.075    -6025.113       24.038   190.7
1.9155        -6001.107    -6025.102       23.996   190.4
1.9160        -6001.084    -6025.093       24.010   190.5
1.9165        -6001.066    -6025.085       24.019   190.6
1.9170        -6001.068    -6025.078       24.010   190.5
1.9175        -6001.038    -6025.072       24.035   190.7
1.9180        -6001.047    -6025.067       24.021   190.6
1.9185        -6001.054    -6025.064       24.010   190.5
1.9190        -6001.070    -6025.062       23.992   190.4
1.9195        -6001.080    -6025.062       23.981   190.3
1.9200        -6001.075    -6025.063       23.989   190.3
1.9205        -6001.076    -6025.067       23.992   190.4
1.9210        -6001.076    -6025.074       23.998   190.4
1.9215        -6001.072    -6025.084       24.012   190.5
1.9220        -6001.056    -6025.095       24.039   190.7
1.9225        -6001.063    -6025.109       24.045   190.8
1.9230        -6001.053    -6025.125       24.072   191.0
1.9235        -6001.019    -6025.145       24.125   191.4
1.9240        -6000.966    -6025.167       24.201   192.0
1.9245        -6000.966    -6025.192       24.226   192.2
1.9250        -6000.966    -6025.221       24.254   192.5
1.9255        -6000.953    -6025.252       24.298   192.8
1.9260        -6000.902    -6025.285       24.383   193.5
1.9265        -6000.923    -6025.321       24.398   193.6
1.9270        -6000.881    -6025.358       24.477   194.2
1.9275        -6000.891    -6025.396       24.505   194.4
1.9280        -6000.876    -6025.435       24.560   194.9
1.9285        -6000.843    -6025.474       24.631   195.4
1.9290        -6000.852    -6025.512       24.661   195.7
1.9295        -6000.873    -6025.551       24.679   195.8
1.9300        -6000.886    -6025.591       24.705   196.0
1.9305        -6000.863    -6025.630       24.768   196.5
1.9310        -6000.858    -6025.671       24.812   196.9
1.9315        -6000.823    -6025.711       24.887   197.5
1.9320        -6000.819    -6025.750       24.931   197.8
1.9325        -6000.796    -6025.788       24.992   198.3
1.9330        -6000.779    -6025.825       25.046   198.7
1.9335        -6000.809    -6025.860       25.051   198.8
1.9340        -6000.795    -6025.893       25.098   199.1
1.9345        -6000.832    -6025.924       25.092   199.1
1.9350        -6000.788    -6025.953       25.165   199.7
1.9355        -6000.799    -6025.981       25.181   199.8
1.9360        -6000.868    -6026.006       25.138   199.5
1.9365        -6000.883    -6026.030       25.148   199.5
1.9370        -6000.891    -6026.053       25.162   199.7
1.9375        -6000.888    -6026.074       25.186   199.8
1.9380        -6000.910    -6026.093       25.183   199.8
1.9385        -6000.916    -6026.109       25.193   199.9
1.9390        -6000.871    -6026.123       25.252   200.4
1.9395        -6000.864    -6026.136       25.272   200.5
1.9400        -6000.834    -6026.148       25.314   200.9
1.9405        -6000.797    -6026.157       25.360   201.2
1.9410        -6000.847    -6026.163       25.315   200.9
1.9415        -6000.821    -6026.166       25.345   201.1
1.9420        -6000.778    -6026.167       25.389   201.5
1.9425        -6000.715    -6026.165       25.450   201.9
1.9430        -6000.668    -6026.160       25.493   202.3
1.9435        -6000.613    -6026.153       25.540   202.6
1.9440        -6000.652    -6026.142       25.491   202.3
1.9445        -6000.625    -6026.129       25.503   202.4
1.9450        -6000.622    -6026.113       25.491   202.3
1.9455        -6000.622    -6026.095       25.473   202.1
1.9460        -6000.611    -6026.075       25.464   202.1
1.9465        -6000.584    -6026.054       25.470   202.1
1.9470        -6000.594    -6026.032       25.438   201.8
1.9475        -6000.602    -6026.008       25.406   201.6
1.9480        -6000.582    -6025.983       25.401   201.6
1.9485        -6000.578    -6025.958       25.380   201.4
1.9490        -6000.589    -6025.932       25.343   201.1
1.9495        -6000.600    -6025.905       25.305   200.8
1.9500        -6000.578    -6025.877       25.300   200.7
1.9505        -6000.619    -6025.850       25.231   200.2
1.9510        -6000.629    -6025.822       25.194   199.9
1.9515        -6000.604    -6025.795       25.191   199.9
1.9520        -6000.610    -6025.769       25.159   199.6
1.9525        -6000.556    -6025.744       25.189   199.9
1.9530        -6000.511    -6025.720       25.209   200.0
1.9535        -6000.506    -6025.697       25.191   199.9
1.9540        -6000.529    -6025.676       25.147   199.5
1.9545        -6000.503    -6025.658       25.155   199.6
1.9550        -6000.500    -6025.641       25.141   199.5
1.9555        -6000.521    -6025.627       25.106   199.2
1.9560        -6000.558    -6025.615       25.057   198.8
1.9565        -6000.535    -6025.605       25.071   198.9
1.9570        -6000.511    -6025.597       25.087   199.1
1.9575        -6000.511    -6025.590       25.079   199.0
1.9580        -6000.563    -6025.585       25.023   198.5
1.9585        -6000.590    -6025.583       24.992   198.3
1.9590        -6000.623    -6025.582       24.959   198.0
1.9595        -6000.586    -6025.583       24.997   198.3
1.9600        -6000.512    -6025.587       25.074   199.0
1.9605        -6000.477    -6025.591       25.114   199.3
1.9610        -6000.427    -6025.596       25.169   199.7
1.9615        -6000.385    -6025.604       25.219   200.1
1.9620        -6000.368    -6025.614       25.246   200.3
1.9625        -6000.358    -6025.626       25.268   200.5
1.9630        -6000.315    -6025.639       25.324   200.9
1.9635        -6000.287    -6025.652       25.366   201.3
1.9640        -6000.307    -6025.667       25.360   201.2
1.9645        -6000.315    -6025.683       25.368   201.3
1.9650        -6000.315    -6025.699       25.384   201.4
1.9655        -6000.362    -6025.715       25.353   201.2
1.9660        -6000.374    -6025.732       25.358   201.2
1.9665        -6000.390    -6025.748       25.358   201.2
1.9670        -6000.349    -6025.763       25.414   201.7
1.9675        -6000.348    -6025.778       25.430   201.8
1.9680        -6000.358    -6025.793       25.435   201.8
1.9685        -6000.382    -6025.807       25.426   201.7
1.9690        -6000.378    -6025.821       25.443   201.9
1.9695        -6000.429    -6025.834       25.405   201.6
1.9700        -6000.429    -6025.847       25.417   201.7
1.9705        -6000.439    -6025.858       25.419   201.7
1.9710        -6000.404    -6025.869       25.465   202.1
1.9715        -6000.367    -6025.880       25.513   202.4
1.9720        -6000.392    -6025.889       25.498   202.3
1.9725        -6000.442    -6025.899       25.457   202.0
1.9730        -6000.417    -6025.908       25.491   202.3
1.9735        -6000.431    -6025.918       25.487   202.2
1.9740        -6000.412    -6025.926       25.514   202.4
1.9745        -6000.407    -6025.935       25.527   202.6
1.9750        -6000.383    -6025.942       25.559   202.8
1.9755        -6000.360    -6025.948       25.589   203.0
1.9760        -6000.380    -6025.954       25.575   202.9
1.9765        -6000.389    -6025.960       25.571   202.9
1.9770        -6000.338    -6025.965       25.627   203.3
1.9775        -6000.320    -6025.970       25.650   203.5
1.9780        -6000.363    -6025.974       25.612   203.2
1.9785        -6000.365    -6025.979       25.614   203.2
1.9790        -6000.421    -6025.982       25.562   202.8
1.9795        -6000.393    -6025.986       25.593   203.1
1.9800        -6000.373    -6025.991       25.619   203.3
1.9805        -6000.373    -6025.996       25.622   203.3
1.9810        -6000.328    -6025.999       25.671   203.7
1.9815        -6000.291    -6026.000       25.709   204.0
1.9820        -6000.314    -6026.000       25.686   203.8
1.9825        -6000.301    -6026.000       25.699   203.9
1.9830        -6000.294    -6026.000       25.705   204.0
1.9835        -6000.245    -6025.999       25.754   204.4
1.9840        -6000.219    -6025.999       25.779   204.6
1.9845        -6000.236    -6025.997       25.762   204.4
1.9850        -6000.276    -6025.995       25.720   204.1
1.9855        -6000.279    -6025.993       25.714   204.0
1.9860        -6000.289    -6025.990       25.701   203.9
1.9865        -6000.309    -6025.986       25.677   203.7
1.9870        -6000.324    -6025.980       25.656   203.6
1.9875        -6000.306    -6025.974       25.668   203.7
1.9880        -6000.398    -6025.967       25.569   202.9
1.9885        -6000.444    -6025.960       25.516   202.5
1.9890        -6000.411    -6025.952       25.541   202.7
1.9895        -6000.362    -6025.944       25.583   203.0
1.9900        -6000.318    -6025.937       25.619   203.3
1.9905        -6000.295    -6025.928       25.633   203.4
1.9910        -6000.290    -6025.919       25.629   203.4
1.9915        -6000.260    -6025.910       25.650   203.5
1.9920        -6000.243    -6025.902       25.658   203.6
1.9925        -6000.220    -6025.893       25.673   203.7
1.9930        -6000.251    -6025.885       25.633   203.4
1.9935        -6000.260    -6025.876       25.615   203.3
1.9940        -6000.260    -6025.866       25.606   203.2
1.9945        -6000.297    -6025.856       25.559   202.8
1.9950        -6000.288    -6025.847       25.558   202.8
1.9955        -6000.263    -6025.837       25.574   202.9
1.9960        -6000.245    -6025.827       25.582   203.0
1.9965        -6000.255    -6025.816       25.561   202.8
1.9970        -6000.261    -6025.806       25.545   202.7
1.9975        -6000.269    -6025.795       25.526   202.5
1.9980        -6000.251    -6025.785       25.533   202.6
1.9985        -6000.271    -6025.774       25.503   202.4
1.9990        -6000.312    -6025.762       25.450   201.9
1.9995        -6000.317    -6025.751       25.434   201.8
2.0000        -6000.318    -6025.740       25.423   201.7
2.0005        -6000.306    -6025.729       25.423   201.7
2.0010        -6000.304    -6025.717       25.413   201.6
2.0015        -6000.280    -6025.705       25.426   201.7
2.0020        -6000.284    -6025.693       25.409   201.6
2.0025        -6000.251    -6025.680       25.428   201.8
2.0030        -6000.202    -6025.667       25.464   202.1
2.0035        -6000.205    -6025.654       25.449   201.9
2.0040        -6000.184    -6025.640       25.456   202.0
2.0045        -6000.180    -6025.625       25.445   201.9
2.0050        -6000.156    -6025.610       25.454   202.0
2.0055        -6000.137    -6025.594       25.457   202.0
2.0060        -6000.114    -6025.579       25.464   202.1
2.0065        -6000.115    -6025.562       25.446   201.9
2.0070        -6000.100    -6025.545       25.445   201.9
2.0075        -6000.102    -6025.528       25.426   201.8
2.0080        -6000.069    -6025.510       25.442   201.9
2.0085        -6000.064    -6025.492       25.428   201.8
2.0090        -6000.058    -6025.473       25.415   201.7
2.0095        -6000.014    -6025.454       25.440   201.9
2.0100        -5999.973    -6025.435       25.462   202.0
2.0105        -5999.969    -6025.415       25.447   201.9
2.0110        -5999.993    -6025.396       25.404   201.6
2.0115        -6000.000    -6025.376       25.376   201.4
2.0120        -6000.016    -6025.356       25.339   201.1
2.0125        -5999.959    -6025.335       25.376   201.4
2.0130        -5999.963    -6025.315       25.352   201.2
2.0135        -5999.995    -6025.294       25.299   200.7
2.0140        -5999.961    -6025.273       25.311   200.8
2.0145        -5999.956    -6025.253       25.296   200.7
2.0150        -5999.908    -6025.233       25.325   200.9
2.0155        -5999.937    -6025.213       25.276   200.6
2.0160        -5999.912    -6025.193       25.281   200.6
2.0165        -5999.924    -6025.172       25.248   200.3
2.0170        -5999.916    -6025.151       25.235   200.2
2.0175        -5999.934    -6025.129       25.195   199.9
2.0180        -5999.926    -6025.106       25.180   199.8
2.0185        -5999.839    -6025.081       25.243   200.3
2.0190        -5999.831    -6025.056       25.226   200.2
2.0195        -5999.853    -6025.031       25.178   199.8
2.0200        -5999.824    -6025.004       25.181   199.8
2.0205        -5999.814    -6024.977       25.163   199.7
2.0210        -5999.813    -6024.947       25.134   199.4
2.0215        -5999.810    -6024.917       25.107   199.2
2.0220        -5999.793    -6024.885       25.092   199.1
2.0225        -5999.805    -6024.854       25.049   198.8
2.0230        -5999.788    -6024.821       25.034   198.6
2.0235        -5999.729    -6024.789       25.060   198.8
2.0240        -5999.723    -6024.755       25.031   198.6
2.0245        -5999.739    -6024.720       24.981   198.2
2.0250        -5999.714    -6024.685       24.971   198.1
2.0255        -5999.714    -6024.649       24.936   197.9
2.0260        -5999.688    -6024.613       24.925   197.8
2.0265        -5999.673    -6024.577       24.904   197.6
2.0270        -5999.672    -6024.541       24.869   197.3
2.0275        -5999.695    -6024.505       24.810   196.9
2.0280        -5999.673    -6024.469       24.796   196.7
2.0285        -5999.667    -6024.434       24.767   196.5
2.0290        -5999.667    -6024.400       24.733   196.2
2.0295        -5999.663    -6024.366       24.703   196.0
2.0300        -5999.650    -6024.334       24.684   195.9
2.0305        -5999.675    -6024.303       24.628   195.4
2.0310        -5999.646    -6024.274       24.628   195.4
2.0315        -5999.688    -6024.247       24.560   194.9
2.0320        -5999.670    -6024.223       24.553   194.8
2.0325        -5999.621    -6024.203       24.582   195.1
2.0330        -5999.564    -6024.187       24.623   195.4
2.0335        -5999.523    -6024.175       24.652   195.6
2.0340        -5999.529    -6024.166       24.637   195.5
2.0345        -5999.481    -6024.161       24.680   195.8
2.0350        -5999.427    -6024.160       24.733   196.2
2.0355        -5999.413    -6024.163       24.750   196.4
2.0360        -5999.446    -6024.172       24.727   196.2
2.0365        -5999.443    -6024.186       24.744   196.3
2.0370        -5999.442    -6024.203       24.762   196.5
2.0375        -5999.425    -6024.225       24.801   196.8
2.0380        -5999.390    -6024.251       24.861   197.3
2.0385        -5999.355    -6024.279       24.924   197.8
2.0390        -5999.344    -6024.311       24.967   198.1
2.0395        -5999.333    -6024.346       25.013   198.5
2.0400        -5999.350    -6024.384       25.033   198.6
2.0405        -5999.383    -6024.423       25.040   198.7
2.0410        -5999.357    -6024.465       25.108   199.2
2.0415        -5999.348    -6024.510       25.162   199.7
2.0420        -5999.393    -6024.557       25.163   199.7
2.0425        -5999.398    -6024.605       25.208   200.0
2.0430        -5999.355    -6024.654       25.300   200.7
2.0435        -5999.358    -6024.703       25.346   201.1
2.0440        -5999.321    -6024.753       25.432   201.8
2.0445        -5999.308    -6024.802       25.495   202.3
2.0450        -5999.284    -6024.852       25.568   202.9
2.0455        -5999.264    -6024.900       25.636   203.4
2.0460        -5999.237    -6024.947       25.710   204.0
2.0465        -5999.205    -6024.992       25.787   204.6
2.0470        -5999.194    -6025.033       25.839   205.0
2.0475        -5999.215    -6025.072       25.857   205.2
2.0480        -5999.203    -6025.108       25.905   205.5
2.0485        -5999.229    -6025.140       25.910   205.6
2.0490        -5999.220    -6025.167       25.947   205.9
2.0495        -5999.217    -6025.190       25.973   206.1
2.0500        -5999.248    -6025.208       25.961   206.0
2.0505        -5999.244    -6025.223       25.979   206.1
2.0510        -5999.259    -6025.232       25.974   206.1
2.0515        -5999.265    -6025.238       25.973   206.1
2.0520        -5999.268    -6025.239       25.971   206.1
2.0525        -5999.302    -6025.237       25.935   205.8
2.0530        -5999.278    -6025.230       25.952   205.9
2.0535        -5999.231    -6025.218       25.987   206.2
2.0540        -5999.203    -6025.202       25.999   206.3
2.0545        -5999.180    -6025.182       26.002   206.3
2.0550        -5999.172    -6025.158       25.986   206.2
2.0555        -5999.171    -6025.131       25.960   206.0
2.0560        -5999.160    -6025.101       25.941   205.8
2.0565        -5999.169    -6025.068       25.899   205.5
2.0570        -5999.211    -6025.032       25.821   204.9
2.0575        -5999.211    -6024.994       25.782   204.6
2.0580        -5999.211    -6024.953       25.741   204.3
2.0585        -5999.150    -6024.909       25.759   204.4
2.0590        -5999.138    -6024.864       25.726   204.1
2.0595        -5999.102    -6024.818       25.716   204.0
2.0600        -5999.058    -6024.771       25.713   204.0
2.0605        -5999.090    -6024.724       25.635   203.4
2.0610        -5999.085    -6024.678       25.593   203.1
2.0615        -5999.048    -6024.632       25.583   203.0
2.0620        -5999.007    -6024.586       25.580   203.0
2.0625        -5999.063    -6024.543       25.480   202.2
2.0630        -5999.052    -6024.502       25.450   201.9
2.0635        -5999.003    -6024.463       25.460   202.0
2.0640        -5999.033    -6024.427       25.394   201.5
2.0645        -5999.024    -6024.394       25.370   201.3
2.0650        -5999.041    -6024.364       25.324   200.9
2.0655        -5999.037    -6024.339       25.302   200.8
2.0660        -5999.037    -6024.319       25.282   200.6
2.0665        -5999.019    -6024.302       25.283   200.6
2.0670        -5998.996    -6024.290       25.294   200.7
2.0675        -5999.034    -6024.282       25.248   200.3
2.0680        -5999.053    -6024.279       25.226   200.2
2.0685        -5999.033    -6024.279       25.246   200.3
2.0690        -5999.057    -6024.283       25.226   200.2
2.0695        -5999.057    -6024.292       25.235   200.2
2.0700        -5999.022    -6024.304       25.281   200.6
2.0705        -5998.983    -6024.321       25.337   201.0
2.0710        -5998.989    -6024.341       25.352   201.2
2.0715        -5998.960    -6024.366       25.406   201.6
2.0720        -5998.919    -6024.394       25.475   202.1
2.0725        -5998.949    -6024.424       25.475   202.1
2.0730        -5998.958    -6024.457       25.499   202.3
2.0735        -5998.949    -6024.492       25.544   202.7
2.0740        -5998.944    -6024.530       25.586   203.0
2.0745        -5998.875    -6024.571       25.695   203.9
2.0750        -5998.868    -6024.612       25.744   204.3
2.0755        -5998.863    -6024.654       25.791   204.6
2.0760        -5998.898    -6024.697       25.800   204.7
2.0765        -5998.909    -6024.740       25.832   205.0
2.0770        -5998.932    -6024.784       25.853   205.1
2.0775        -5998.905    -6024.828       25.923   205.7
2.0780        -5998.933    -6024.872       25.939   205.8
2.0785        -5998.961    -6024.916       25.954   205.9
2.0790        -5998.978    -6024.960       25.982   206.2
2.0795        -5998.963    -6025.003       26.040   206.6
2.0800        -5998.960    -6025.045       26.085   207.0
2.0805        -5998.926    -6025.085       26.159   207.6
2.0810        -5998.926    -6025.123       26.197   207.9
2.0815        -5998.962    -6025.160       26.198   207.9
2.0820        -5998.964    -6025.196       26.232   208.1
2.0825        -5998.913    -6025.229       26.317   208.8
2.0830        -5998.923    -6025.261       26.338   209.0
2.0835        -5998.904    -6025.291       26.386   209.4
2.0840        -5998.879    -6025.318       26.439   209.8
2.0845        -5998.849    -6025.342       26.493   210.2
2.0850        -5998.846    -6025.363       26.517   210.4
2.0855        -5998.855    -6025.381       26.525   210.5
2.0860        -5998.917    -6025.395       26.478   210.1
2.0865        -5998.890    -6025.407       26.517   210.4
2.0870        -5998.882    -6025.416       26.534   210.5
2.0875        -5998.859    -6025.421       26.562   210.8
2.0880        -5998.867    -6025.424       26.557   210.7
2.0885        -5998.825    -6025.424       26.599   211.1
2.0890        -5998.763    -6025.422       26.659   211.5
2.0895        -5998.809    -6025.419       26.610   211.1
2.0900        -5998.840    -6025.414       26.574   210.9
2.0905        -5998.842    -6025.406       26.564   210.8
2.0910        -5998.827    -6025.395       26.568   210.8
2.0915        -5998.853    -6025.382       26.529   210.5
2.0920        -5998.862    -6025.367       26.505   210.3
2.0925        -5998.836    -6025.350       26.514   210.4
2.0930        -5998.857    -6025.330       26.473   210.1
2.0935        -5998.874    -6025.308       26.434   209.7
2.0940        -5998.883    -6025.286       26.403   209.5
2.0945        -5998.872    -6025.261       26.390   209.4
2.0950        -5998.859    -6025.235       26.377   209.3
2.0955        -5998.839    -6025.207       26.368   209.2
2.0960        -5998.851    -6025.176       26.325   208.9
2.0965        -5998.849    -6025.144       26.295   208.6
2.0970        -5998.870    -6025.111       26.241   208.2
2.0975        -5998.864    -6025.076       26.213   208.0
2.0980        -5998.836    -6025.041       26.205   207.9
2.0985        -5998.840    -6025.004       26.165   207.6
2.0990        -5998.868    -6024.968       26.100   207.1
2.0995        -5998.914    -6024.932       26.017   206.4
2.1000        -5998.931    -6024.896       25.965   206.0
2.1005        -5998.944    -6024.859       25.915   205.6
2.1010        -5998.905    -6024.822       25.917   205.6
2.1015        -5998.886    -6024.785       25.899   205.5
2.1020        -5998.857    -6024.748       25.891   205.4
2.1025        -5998.834    -6024.710       25.877   205.3
2.1030        -5998.842    -6024.672       25.831   205.0
2.1035        -5998.838    -6024.634       25.796   204.7
2.1040        -5998.883    -6024.594       25.711   204.0
2.1045        -5998.865    -6024.554       25.689   203.8
2.1050        -5998.888    -6024.513       25.625   203.3
2.1055        -5998.879    -6024.475       25.596   203.1
2.1060        -5998.834    -6024.437       25.603   203.2
2.1065        -5998.838    -6024.401       25.562   202.8
2.1070        -5998.777    -6024.364       25.587   203.0
2.1075        -5998.749    -6024.327       25.577   202.9
2.1080        -5998.769    -6024.291       25.522   202.5
2.1085        -5998.721    -6024.256       25.535   202.6
2.1090        -5998.729    -6024.223       25.494   202.3
2.1095        -5998.694    -6024.192       25.498   202.3
2.1100        -5998.698    -6024.162       25.464   202.1
2.1105        -5998.708    -6024.134       25.425   201.7
2.1110        -5998.697    -6024.108       25.410   201.6
2.1115        -5998.686    -6024.084       25.398   201.5
2.1120        -5998.685    -6024.065       25.380   201.4
2.1125        -5998.671    -6024.048       25.377   201.4
2.1130        -5998.694    -6024.035       25.341   201.1
2.1135        -5998.680    -6024.024       25.345   201.1
2.1140        -5998.683    -6024.018       25.335   201.0
2.1145        -5998.716    -6024.015       25.299   200.7
2.1150        -5998.697    -6024.017       25.320   200.9
2.1155        -5998.698    -6024.024       25.325   200.9
2.1160        -5998.675    -6024.036       25.361   201.2
2.1165        -5998.632    -6024.052       25.420   201.7
2.1170        -5998.619    -6024.072       25.453   202.0
2.1175        -5998.611    -6024.096       25.485   202.2
2.1180        -5998.587    -6024.123       25.535   202.6
2.1185        -5998.516    -6024.153       25.637   203.4
2.1190        -5998.535    -6024.187       25.652   203.5
2.1195        -5998.537    -6024.224       25.687   203.8
2.1200        -5998.534    -6024.263       25.729   204.1
2.1205        -5998.523    -6024.304       25.780   204.6
2.1210        -5998.518    -6024.346       25.828   204.9
2.1215        -5998.485    -6024.388       25.904   205.5
2.1220        -5998.448    -6024.431       25.984   206.2
2.1225        -5998.463    -6024.475       26.013   206.4
2.1230        -5998.452    -6024.520       26.068   206.8
2.1235        -5998.468    -6024.565       26.096   207.1
2.1240        -5998.502    -6024.608       26.106   207.1
2.1245        -5998.502    -6024.651       26.149   207.5
2.1250        -5998.483    -6024.692       26.209   208.0
2.1255        -5998.465    -6024.731       26.266   208.4
2.1260        -5998.474    -6024.769       26.295   208.6
2.1265        -5998.501    -6024.805       26.304   208.7
2.1270        -5998.474    -6024.838       26.364   209.2
2.1275        -5998.460    -6024.869       26.409   209.5
2.1280        -5998.441    -6024.896       26.455   209.9
2.1285        -5998.464    -6024.921       26.458   209.9
2.1290        -5998.508    -6024.943       26.435   209.8
2.1295        -5998.513    -6024.960       26.447   209.9
2.1300        -5998.550    -6024.975       26.425   209.7
2.1305        -5998.534    -6024.986       26.452   209.9
2.1310        -5998.556    -6024.993       26.436   209.8
2.1315        -5998.523    -6024.996       26.473   210.1
2.1320        -5998.502    -6024.995       26.493   210.2
2.1325        -5998.522    -6024.992       26.470   210.0
2.1330        -5998.563    -6024.985       26.422   209.7
2.1335        -5998.558    -6024.975       26.417   209.6
2.1340        -5998.515    -6024.962       26.447   209.9
2.1345        -5998.483    -6024.946       26.463   210.0
2.1350        -5998.521    -6024.928       26.407   209.5
2.1355        -5998.547    -6024.908       26.361   209.2
2.1360        -5998.521    -6024.887       26.366   209.2
2.1365        -5998.558    -6024.866       26.308   208.7
2.1370        -5998.548    -6024.844       26.296   208.6
2.1375        -5998.533    -6024.820       26.287   208.6
2.1380        -5998.549    -6024.797       26.248   208.3
2.1385        -5998.563    -6024.773       26.210   208.0
2.1390        -5998.534    -6024.749       26.215   208.0
2.1395        -5998.516    -6024.726       26.210   208.0
2.1400        -5998.505    -6024.702       26.198   207.9
2.1405        -5998.528    -6024.678       26.151   207.5
2.1410        -5998.506    -6024.655       26.149   207.5
2.1415        -5998.485    -6024.633       26.148   207.5
2.1420        -5998.479    -6024.611       26.132   207.3
2.1425        -5998.474    -6024.590       26.116   207.2
2.1430        -5998.494    -6024.571       26.077   206.9
2.1435        -5998.471    -6024.554       26.083   207.0
2.1440        -5998.449    -6024.538       26.088   207.0
2.1445        -5998.439    -6024.523       26.084   207.0
2.1450        -5998.491    -6024.508       26.016   206.4
2.1455        -5998.507    -6024.494       25.987   206.2
2.1460        -5998.509    -6024.482       25.973   206.1
2.1465        -5998.570    -6024.471       25.901   205.5
2.1470        -5998.561    -6024.462       25.901   205.5
2.1475        -5998.505    -6024.453       25.948   205.9
2.1480        -5998.518    -6024.446       25.929   205.7
2.1485        -5998.540    -6024.440       25.900   205.5
2.1490        -5998.495    -6024.435       25.940   205.8
2.1495        -5998.473    -6024.431       25.958   206.0
2.1500        -5998.484    -6024.426       25.942   205.8
2.1505        -5998.460    -6024.423       25.963   206.0
2.1510        -5998.481    -6024.420       25.938   205.8
2.1515        -5998.470    -6024.419       25.948   205.9
2.1520        -5998.427    -6024.419       25.992   206.2
2.1525        -5998.414    -6024.419       26.005   206.3
2.1530        -5998.407    -6024.419       26.013   206.4
2.1535        -5998.447    -6024.420       25.973   206.1
2.1540        -5998.444    -6024.421       25.976   206.1
2.1545        -5998.412    -6024.421       26.010   206.4
2.1550        -5998.377    -6024.422       26.045   206.7
2.1555        -5998.391    -6024.424       26.032   206.6
2.1560        -5998.381    -6024.426       26.044   206.7
2.1565        -5998.401    -6024.428       26.027   206.5
2.1570        -5998.387    -6024.431       26.044   206.7
2.1575        -5998.440    -6024.435       25.994   206.3
2.1580        -5998.403    -6024.439       26.036   206.6
2.1585        -5998.429    -6024.444       26.015   206.4
2.1590        -5998.415    -6024.450       26.035   206.6
2.1595        -5998.379    -6024.455       26.077   206.9
2.1600        -5998.376    -6024.461       26.085   207.0
2.1605        -5998.360    -6024.466       26.106   207.1
2.1610        -5998.385    -6024.473       26.088   207.0
2.1615        -5998.389    -6024.480       26.091   207.0
2.1620        -5998.366    -6024.488       26.122   207.3
2.1625        -5998.384    -6024.495       26.111   207.2
2.1630        -5998.332    -6024.504       26.173   207.7
2.1635        -5998.327    -6024.514       26.186   207.8
2.1640        -5998.305    -6024.525       26.220   208.0
2.1645        -5998.322    -6024.537       26.215   208.0
2.1650        -5998.319    -6024.550       26.231   208.1
2.1655        -5998.288    -6024.564       26.276   208.5
2.1660        -5998.312    -6024.578       26.266   208.4
2.1665        -5998.321    -6024.593       26.272   208.5
2.1670        -5998.312    -6024.609       26.297   208.7
2.1675        -5998.272    -6024.626       26.354   209.1
2.1680        -5998.297    -6024.644       26.347   209.1
2.1685        -5998.260    -6024.662       26.402   209.5
2.1690        -5998.248    -6024.682       26.433   209.7
2.1695        -5998.225    -6024.702       26.478   210.1
2.1700        -5998.225    -6024.723       26.498   210.3
2.1705        -5998.236    -6024.744       26.508   210.3
2.1710        -5998.217    -6024.766       26.549   210.7
2.1715        -5998.173    -6024.789       26.616   211.2
2.1720        -5998.167    -6024.812       26.645   211.4
2.1725        -5998.177    -6024.836       26.659   211.5
2.1730        -5998.208    -6024.861       26.653   211.5
2.1735        -5998.205    -6024.886       26.681   211.7
2.1740        -5998.173    -6024.911       26.738   212.2
2.1745        -5998.221    -6024.936       26.715   212.0
2.1750        -5998.195    -6024.961       26.766   212.4
2.1755        -5998.194    -6024.983       26.789   212.6
2.1760        -5998.219    -6025.004       26.785   212.5
2.1765        -5998.260    -6025.023       26.763   212.4
2.1770        -5998.241    -6025.039       26.799   212.6
2.1775        -5998.209    -6025.052       26.844   213.0
2.1780        -5998.175    -6025.063       26.888   213.3
2.1785        -5998.163    -6025.070       26.907   213.5
2.1790        -5998.167    -6025.074       26.908   213.5
2.1795        -5998.148    -6025.075       26.927   213.7
2.1800        -5998.169    -6025.073       26.904   213.5
2.1805        -5998.170    -6025.067       26.897   213.4
2.1810        -5998.181    -6025.058       26.877   213.3
2.1815        -5998.160    -6025.044       26.883   213.3
2.1820        -5998.143    -6025.026       26.883   213.3
2.1825        -5998.107    -6025.005       26.897   213.4
2.1830        -5998.161    -6024.980       26.819   212.8
2.1835        -5998.131    -6024.950       26.819   212.8
2.1840        -5998.088    -6024.916       26.829   212.9
2.1845        -5998.110    -6024.880       26.770   212.4
2.1850        -5998.088    -6024.840       26.752   212.3
2.1855        -5998.121    -6024.797       26.676   211.7
2.1860        -5998.094    -6024.752       26.657   211.5
2.1865        -5998.053    -6024.705       26.651   211.5
2.1870        -5998.011    -6024.657       26.645   211.4
2.1875        -5997.936    -6024.608       26.672   211.6
2.1880        -5997.866    -6024.559       26.693   211.8
2.1885        -5997.894    -6024.509       26.615   211.2
2.1890        -5997.909    -6024.458       26.549   210.7
2.1895        -5997.913    -6024.409       26.496   210.2
2.1900        -5997.838    -6024.361       26.523   210.5
2.1905        -5997.828    -6024.314       26.486   210.2
2.1910        -5997.798    -6024.268       26.470   210.0
2.1915        -5997.777    -6024.224       26.447   209.8
2.1920        -5997.753    -6024.183       26.430   209.7
2.1925        -5997.781    -6024.143       26.362   209.2
2.1930        -5997.778    -6024.104       26.325   208.9
2.1935        -5997.772    -6024.067       26.296   208.6
2.1940        -5997.736    -6024.033       26.297   208.7
2.1945        -5997.680    -6024.001       26.322   208.9
2.1950        -5997.726    -6023.972       26.246   208.3
2.1955        -5997.702    -6023.946       26.244   208.2
2.1960        -5997.712    -6023.923       26.211   208.0
2.1965        -5997.712    -6023.901       26.189   207.8
2.1970        -5997.733    -6023.882       26.149   207.5
2.1975        -5997.766    -6023.867       26.100   207.1
2.1980        -5997.725    -6023.852       26.127   207.3
2.1985        -5997.722    -6023.841       26.118   207.2
2.1990        -5997.717    -6023.831       26.114   207.2
2.1995        -5997.726    -6023.825       26.099   207.1
2.2000        -5997.718    -6023.821       26.103   207.1
2.2005        -5997.705    -6023.819       26.114   207.2
2.2010        -5997.677    -6023.819       26.142   207.4
2.2015        -5997.654    -6023.821       26.166   207.6
2.2020        -5997.675    -6023.824       26.149   207.5
2.2025        -5997.663    -6023.829       26.166   207.6
2.2030        -5997.694    -6023.836       26.142   207.4
2.2035        -5997.691    -6023.843       26.152   207.5
2.2040        -5997.696    -6023.852       26.156   207.5
2.2045        -5997.676    -6023.861       26.184   207.8
2.2050        -5997.654    -6023.871       26.217   208.0
2.2055        -5997.652    -6023.881       26.229   208.1
2.2060        -5997.673    -6023.893       26.219   208.0
2.2065        -5997.664    -6023.903       26.240   208.2
2.2070        -5997.666    -6023.913       26.248   208.3
2.2075        -5997.647    -6023.924       26.277   208.5
2.2080        -5997.622    -6023.934       26.312   208.8
2.2085        -5997.596    -6023.943       26.348   209.1
2.2090        -5997.572    -6023.952       26.380   209.3
2.2095        -5997.557    -6023.959       26.401   209.5
2.2100        -5997.528    -6023.965       26.438   209.8
2.2105        -5997.551    -6023.971       26.420   209.6
2.2110        -5997.579    -6023.975       26.397   209.5
2.2115        -5997.520    -6023.978       26.458   209.9
2.2120        -5997.527    -6023.979       26.453   209.9
2.2125        -5997.509    -6023.980       26.472   210.0
2.2130        -5997.489    -6023.979       26.491   210.2
2.2135        -5997.476    -6023.977       26.501   210.3
2.2140        -5997.503    -6023.974       26.471   210.0
2.2145        -5997.550    -6023.970       26.420   209.6
2.2150        -5997.583    -6023.963       26.380   209.3
2.2155        -5997.605    -6023.955       26.350   209.1
2.2160        -5997.620    -6023.945       26.324   208.9
2.2165        -5997.654    -6023.934       26.279   208.5
2.2170        -5997.643    -6023.922       26.279   208.5
2.2175        -5997.588    -6023.910       26.323   208.9
2.2180        -5997.595    -6023.898       26.303   208.7
2.2185        -5997.547    -6023.886       26.339   209.0
2.2190        -5997.558    -6023.874       26.316   208.8
2.2195        -5997.588    -6023.864       26.276   208.5
2.2200        -5997.619    -6023.855       26.235   208.2
2.2205        -5997.618    -6023.847       26.228   208.1
2.2210        -5997.629    -6023.840       26.211   208.0
2.2215        -5997.643    -6023.835       26.192   207.8
2.2220        -5997.631    -6023.832       26.201   207.9
2.2225        -5997.669    -6023.830       26.161   207.6
2.2230        -5997.682    -6023.831       26.149   207.5
2.2235        -5997.705    -6023.834       26.130   207.3
2.2240        -5997.680    -6023.841       26.161   207.6
2.2245        -5997.681    -6023.851       26.170   207.7
2.2250        -5997.663    -6023.864       26.201   207.9
2.2255        -5997.664    -6023.880       26.216   208.0
2.2260        -5997.651    -6023.899       26.248   208.3
2.2265        -5997.648    -6023.922       26.274   208.5
2.2270        -5997.662    -6023.947       26.285   208.6
2.2275        -5997.719    -6023.975       26.256   208.3
2.2280        -5997.727    -6024.004       26.277   208.5
2.2285        -5997.717    -6024.036       26.319   208.8
2.2290        -5997.721    -6024.069       26.348   209.1
2.2295        -5997.728    -6024.106       26.377   209.3
2.2300        -5997.762    -6024.145       26.383   209.3
2.2305        -5997.765    -6024.186       26.420   209.6
2.2310        -5997.817    -6024.228       26.410   209.6
2.2315        -5997.829    -6024.269       26.440   209.8
2.2320        -5997.858    -6024.311       26.453   209.9
2.2325        -5997.847    -6024.353       26.505   210.3
2.2330        -5997.828    -6024.394       26.565   210.8
2.2335        -5997.838    -6024.433       26.595   211.0
2.2340        -5997.853    -6024.471       26.618   211.2
2.2345        -5997.812    -6024.509       26.696   211.8
2.2350        -5997.758    -6024.544       26.786   212.5
2.2355        -5997.733    -6024.578       26.845   213.0
2.2360        -5997.728    -6024.610       26.882   213.3
2.2365        -5997.737    -6024.640       26.903   213.5
2.2370        -5997.720    -6024.667       26.947   213.8
2.2375        -5997.708    -6024.691       26.983   214.1
2.2380        -5997.646    -6024.711       27.066   214.8
2.2385        -5997.638    -6024.729       27.091   215.0
2.2390        -5997.611    -6024.742       27.131   215.3
2.2395        -5997.620    -6024.752       27.132   215.3
2.2400        -5997.654    -6024.757       27.103   215.1
2.2405        -5997.699    -6024.759       27.060   214.7
2.2410        -5997.705    -6024.757       27.052   214.7
2.2415        -5997.732    -6024.751       27.018   214.4
2.2420        -5997.756    -6024.741       26.985   214.1
2.2425        -5997.745    -6024.728       26.983   214.1
2.2430        -5997.740    -6024.711       26.971   214.0
2.2435        -5997.717    -6024.690       26.973   214.0
2.2440        -5997.715    -6024.666       26.951   213.8
2.2445        -5997.748    -6024.639       26.891   213.4
2.2450        -5997.735    -6024.610       26.875   213.2
2.2455        -5997.671    -6024.579       26.909   213.5
2.2460        -5997.720    -6024.546       26.826   212.9
2.2465        -5997.755    -6024.510       26.754   212.3
2.2470        -5997.792    -6024.471       26.679   211.7
2.2475        -5997.728    -6024.430       26.702   211.9
2.2480        -5997.717    -6024.388       26.671   211.6
2.2485        -5997.720    -6024.344       26.624   211.3
2.2490        -5997.716    -6024.299       26.583   210.9
2.2495        -5997.711    -6024.254       26.543   210.6
2.2500        -5997.732    -6024.209       26.478   210.1
2.2505        -5997.716    -6024.164       26.448   209.9
2.2510        -5997.686    -6024.117       26.431   209.7
2.2515        -5997.687    -6024.070       26.383   209.3
2.2520        -5997.679    -6024.024       26.344   209.0
2.2525        -5997.685    -6023.978       26.293   208.6
2.2530        -5997.679    -6023.935       26.256   208.3
2.2535        -5997.680    -6023.893       26.212   208.0
2.2540        -5997.670    -6023.852       26.181   207.7
2.2545        -5997.667    -6023.813       26.145   207.5
2.2550        -5997.701    -6023.775       26.074   206.9
2.2555        -5997.675    -6023.740       26.064   206.8
2.2560        -5997.652    -6023.706       26.055   206.7
2.2565        -5997.630    -6023.675       26.045   206.7
2.2570        -5997.650    -6023.645       25.995   206.3
2.2575        -5997.662    -6023.619       25.957   206.0
2.2580        -5997.589    -6023.594       26.005   206.3
2.2585        -5997.547    -6023.571       26.025   206.5
2.2590        -5997.555    -6023.549       25.994   206.3
2.2595        -5997.549    -6023.529       25.980   206.1
2.2600        -5997.538    -6023.511       25.973   206.1
2.2605        -5997.533    -6023.495       25.962   206.0
2.2610        -5997.482    -6023.481       25.999   206.3
2.2615        -5997.452    -6023.468       26.017   206.4
2.2620        -5997.416    -6023.458       26.041   206.6
2.2625        -5997.443    -6023.447       26.004   206.3
2.2630        -5997.421    -6023.439       26.018   206.4
2.2635        -5997.386    -6023.433       26.047   206.7
2.2640        -5997.354    -6023.427       26.073   206.9
2.2645        -5997.378    -6023.423       26.046   206.7
2.2650        -5997.360    -6023.421       26.060   206.8
2.2655        -5997.313    -6023.420       26.106   207.1
2.2660        -5997.312    -6023.421       26.109   207.2
2.2665        -5997.312    -6023.424       26.112   207.2
2.2670        -5997.287    -6023.429       26.142   207.4
2.2675        -5997.312    -6023.436       26.124   207.3
2.2680        -5997.254    -6023.445       26.191   207.8
2.2685        -5997.279    -6023.454       26.175   207.7
2.2690        -5997.321    -6023.464       26.143   207.4
2.2695        -5997.282    -6023.475       26.193   207.8
2.2700        -5997.255    -6023.487       26.233   208.1
2.2705        -5997.240    -6023.501       26.261   208.4
2.2710        -5997.223    -6023.516       26.294   208.6
2.2715        -5997.211    -6023.533       26.322   208.9
2.2720        -5997.221    -6023.550       26.329   208.9
2.2725        -5997.241    -6023.568       26.328   208.9
2.2730        -5997.233    -6023.588       26.355   209.1
2.2735        -5997.263    -6023.610       26.347   209.1
2.2740        -5997.288    -6023.633       26.345   209.0
2.2745        -5997.292    -6023.658       26.366   209.2
2.2750        -5997.311    -6023.685       26.374   209.3
2.2755        -5997.330    -6023.713       26.382   209.3
2.2760        -5997.352    -6023.741       26.389   209.4
2.2765        -5997.337    -6023.770       26.433   209.7
2.2770        -5997.314    -6023.800       26.486   210.2
2.2775        -5997.299    -6023.832       26.533   210.5
2.2780        -5997.266    -6023.865       26.598   211.0
2.2785        -5997.303    -6023.898       26.595   211.0
2.2790        -5997.282    -6023.932       26.650   211.5
2.2795        -5997.287    -6023.967       26.680   211.7
2.2800        -5997.304    -6024.002       26.699   211.8
2.2805        -5997.303    -6024.038       26.735   212.1
2.2810        -5997.300    -6024.075       26.775   212.5
2.2815        -5997.264    -6024.112       26.849   213.0
2.2820        -5997.217    -6024.150       26.933   213.7
2.2825        -5997.247    -6024.187       26.940   213.8
2.2830        -5997.265    -6024.223       26.958   213.9
2.2835        -5997.262    -6024.260       26.998   214.2
2.2840        -5997.274    -6024.296       27.022   214.4
2.2845        -5997.265    -6024.332       27.068   214.8
2.2850        -5997.269    -6024.368       27.100   215.0
2.2855        -5997.328    -6024.403       27.076   214.8
2.2860        -5997.308    -6024.436       27.127   215.2
2.2865        -5997.328    -6024.466       27.138   215.3
2.2870        -5997.293    -6024.495       27.202   215.8
2.2875        -5997.282    -6024.522       27.240   216.1
2.2880        -5997.292    -6024.546       27.254   216.3
2.2885        -5997.283    -6024.569       27.286   216.5
2.2890        -5997.308    -6024.589       27.281   216.5
2.2895        -5997.350    -6024.606       27.256   216.3
2.2900        -5997.356    -6024.622       27.265   216.3
2.2905        -5997.318    -6024.635       27.318   216.8
2.2910        -5997.279    -6024.647       27.369   217.2
2.2915        -5997.295    -6024.657       27.362   217.1
2.2920        -5997.285    -6024.666       27.381   217.3
2.2925        -5997.315    -6024.672       27.357   217.1
2.2930        -5997.317    -6024.677       27.360   217.1
2.2935        -5997.356    -6024.679       27.323   216.8
2.2940        -5997.353    -6024.680       27.327   216.8
2.2945        -5997.352    -6024.678       27.327   216.8
2.2950        -5997.361    -6024.675       27.314   216.7
2.2955        -5997.365    -6024.671       27.306   216.7
2.2960        -5997.329    -6024.667       27.339   216.9
2.2965        -5997.278    -6024.663       27.384   217.3
2.2970        -5997.279    -6024.658       27.379   217.2
2.2975        -5997.267    -6024.652       27.386   217.3
2.2980        -5997.273    -6024.647       27.374   217.2
2.2985        -5997.308    -6024.640       27.332   216.9
2.2990        -5997.304    -6024.634       27.330   216.9
2.2995        -5997.324    -6024.628       27.304   216.7
2.3000        -5997.305    -6024.624       27.319   216.8
2.3005        -5997.324    -6024.620       27.296   216.6
2.3010        -5997.319    -6024.616       27.297   216.6
2.3015        -5997.345    -6024.613       27.268   216.4
2.3020        -5997.394    -6024.610       27.216   216.0
2.3025        -5997.395    -6024.608       27.212   215.9
2.3030        -5997.365    -6024.606       27.241   216.2
2.3035        -5997.349    -6024.606       27.257   216.3
2.3040        -5997.326    -6024.606       27.280   216.5
2.3045        -5997.358    -6024.607       27.249   216.2
2.3050        -5997.312    -6024.607       27.295   216.6
2.3055        -5997.303    -6024.608       27.305   216.7
2.3060        -5997.290    -6024.609       27.320   216.8
2.3065        -5997.275    -6024.610       27.335   216.9
2.3070        -5997.268    -6024.611       27.344   217.0
2.3075        -5997.232    -6024.612       27.380   217.3
2.3080        -5997.252    -6024.612       27.359   217.1
2.3085        -5997.266    -6024.611       27.344   217.0
2.3090        -5997.259    -6024.609       27.349   217.0
2.3095        -5997.249    -6024.607       27.358   217.1
2.3100        -5997.254    -6024.606       27.352   217.0
2.3105        -5997.198    -6024.604       27.406   217.5
2.3110        -5997.218    -6024.601       27.383   217.3
2.3115        -5997.185    -6024.596       27.411   217.5
2.3120        -5997.211    -6024.588       27.377   217.2
2.3125        -5997.192    -6024.579       27.387   217.3
2.3130        -5997.214    -6024.569       27.355   217.1
2.3135        -5997.188    -6024.558       27.370   217.2
2.3140        -5997.205    -6024.546       27.341   216.9
2.3145        -5997.191    -6024.532       27.341   216.9
2.3150        -5997.148    -6024.516       27.368   217.2
2.3155        -5997.108    -6024.497       27.389   217.3
2.3160        -5997.138    -6024.477       27.338   216.9
2.3165        -5997.072    -6024.454       27.382   217.3
2.3170        -5997.026    -6024.430       27.404   217.4
2.3175        -5997.025    -6024.405       27.381   217.3
2.3180        -5997.006    -6024.378       27.372   217.2
2.3185        -5997.033    -6024.351       27.318   216.8
2.3190        -5997.060    -6024.321       27.261   216.3
2.3195        -5997.101    -6024.291       27.190   215.7
2.3200        -5997.098    -6024.258       27.160   215.5
2.3205        -5997.041    -6024.226       27.186   215.7
2.3210        -5996.992    -6024.195       27.203   215.8
2.3215        -5996.975    -6024.163       27.188   215.7
2.3220        -5996.959    -6024.130       27.171   215.6
2.3225        -5996.942    -6024.097       27.155   215.5
2.3230        -5996.953    -6024.065       27.111   215.1
2.3235        -5996.928    -6024.031       27.103   215.1
2.3240        -5996.903    -6023.999       27.096   215.0
2.3245        -5996.889    -6023.967       27.078   214.9
2.3250        -5996.888    -6023.937       27.049   214.6
2.3255        -5996.910    -6023.909       26.998   214.2
2.3260        -5996.868    -6023.882       27.014   214.3
2.3265        -5996.835    -6023.856       27.021   214.4
2.3270        -5996.827    -6023.832       27.005   214.3
2.3275        -5996.820    -6023.809       26.989   214.1
2.3280        -5996.793    -6023.787       26.994   214.2
2.3285        -5996.805    -6023.767       26.962   213.9
2.3290        -5996.811    -6023.748       26.937   213.7
2.3295        -5996.830    -6023.731       26.901   213.5
2.3300        -5996.814    -6023.717       26.903   213.5
2.3305        -5996.841    -6023.705       26.864   213.2
2.3310        -5996.825    -6023.694       26.869   213.2
2.3315        -5996.850    -6023.684       26.834   212.9
2.3320        -5996.865    -6023.675       26.810   212.7
2.3325        -5996.866    -6023.669       26.803   212.7
2.3330        -5996.879    -6023.665       26.786   212.5
2.3335        -5996.856    -6023.662       26.806   212.7
2.3340        -5996.870    -6023.661       26.791   212.6
2.3345        -5996.889    -6023.662       26.772   212.4
2.3350        -5996.883    -6023.662       26.779   212.5
2.3355        -5996.883    -6023.663       26.780   212.5
2.3360        -5996.881    -6023.664       26.783   212.5
2.3365        -5996.963    -6023.665       26.702   211.9
2.3370        -5996.945    -6023.667       26.722   212.0
2.3375        -5996.947    -6023.668       26.722   212.0
2.3380        -5996.884    -6023.670       26.786   212.5
2.3385        -5996.892    -6023.671       26.779   212.5
2.3390        -5996.841    -6023.673       26.832   212.9
2.3395        -5996.849    -6023.674       26.826   212.9
2.3400        -5996.816    -6023.675       26.859   213.1
2.3405        -5996.827    -6023.675       26.847   213.0
2.3410        -5996.829    -6023.673       26.845   213.0
2.3415        -5996.806    -6023.672       26.865   213.2
2.3420        -5996.817    -6023.669       26.852   213.1
2.3425        -5996.831    -6023.665       26.834   212.9
2.3430        -5996.812    -6023.660       26.848   213.0
2.3435        -5996.742    -6023.654       26.912   213.5
2.3440        -5996.757    -6023.648       26.891   213.4
2.3445        -5996.725    -6023.640       26.914   213.6
2.3450        -5996.727    -6023.630       26.904   213.5
2.3455        -5996.719    -6023.620       26.900   213.4
2.3460        -5996.696    -6023.607       26.911   213.5
2.3465        -5996.675    -6023.593       26.917   213.6
2.3470        -5996.657    -6023.577       26.920   213.6
2.3475        -5996.678    -6023.559       26.881   213.3
2.3480        -5996.707    -6023.540       26.833   212.9
2.3485        -5996.691    -6023.519       26.828   212.9
2.3490        -5996.706    -6023.496       26.790   212.6
2.3495        -5996.699    -6023.472       26.774   212.4
2.3500        -5996.715    -6023.446       26.731   212.1
2.3505        -5996.703    -6023.419       26.716   212.0
2.3510        -5996.737    -6023.390       26.653   211.5
2.3515        -5996.692    -6023.360       26.668   211.6
2.3520        -5996.664    -6023.331       26.667   211.6
2.3525        -5996.682    -6023.301       26.619   211.2
2.3530        -5996.685    -6023.271       26.586   211.0
2.3535        -5996.683    -6023.240       26.557   210.7
2.3540        -5996.682    -6023.209       26.527   210.5
2.3545        -5996.658    -6023.178       26.520   210.4
2.3550        -5996.630    -6023.145       26.515   210.4
2.3555        -5996.624    -6023.113       26.489   210.2
2.3560        -5996.577    -6023.080       26.503   210.3
2.3565        -5996.574    -6023.048       26.474   210.1
2.3570        -5996.514    -6023.016       26.502   210.3
2.3575        -5996.480    -6022.984       26.504   210.3
2.3580        -5996.493    -6022.953       26.460   210.0
2.3585        -5996.457    -6022.924       26.466   210.0
2.3590        -5996.443    -6022.895       26.453   209.9
2.3595        -5996.407    -6022.868       26.461   210.0
2.3600        -5996.392    -6022.841       26.449   209.9
2.3605        -5996.338    -6022.815       26.477   210.1
2.3610        -5996.321    -6022.790       26.469   210.0
2.3615        -5996.329    -6022.768       26.439   209.8
2.3620        -5996.297    -6022.749       26.452   209.9
2.3625        -5996.279    -6022.732       26.452   209.9
2.3630        -5996.256    -6022.717       26.460   210.0
2.3635        -5996.261    -6022.704       26.443   209.8
2.3640        -5996.240    -6022.694       26.454   209.9
2.3645        -5996.263    -6022.685       26.422   209.7
2.3650        -5996.213    -6022.680       26.467   210.0
2.3655        -5996.199    -6022.678       26.479   210.1
2.3660        -5996.227    -6022.679       26.452   209.9
2.3665        -5996.201    -6022.683       26.482   210.1
2.3670        -5996.230    -6022.690       26.460   210.0
2.3675        -5996.239    -6022.700       26.461   210.0
2.3680        -5996.212    -6022.714       26.501   210.3
2.3685        -5996.255    -6022.731       26.476   210.1
2.3690        -5996.276    -6022.752       26.476   210.1
2.3695        -5996.296    -6022.776       26.481   210.1
2.3700        -5996.251    -6022.804       26.553   210.7
2.3705        -5996.238    -6022.835       26.597   211.0
2.3710        -5996.224    -6022.868       26.644   211.4
2.3715        -5996.224    -6022.904       26.680   211.7
2.3720        -5996.229    -6022.942       26.713   212.0
2.3725        -5996.203    -6022.983       26.780   212.5
2.3730        -5996.185    -6023.026       26.841   213.0
2.3735        -5996.138    -6023.070       26.931   213.7
2.3740        -5996.143    -6023.114       26.971   214.0
2.3745        -5996.095    -6023.160       27.065   214.8
2.3750        -5996.079    -6023.205       27.127   215.2
2.3755        -5996.036    -6023.252       27.216   216.0
2.3760        -5996.051    -6023.298       27.247   216.2
2.3765        -5995.998    -6023.343       27.346   217.0
2.3770        -5995.994    -6023.388       27.394   217.4
2.3775        -5995.994    -6023.433       27.439   217.7
2.3780        -5996.016    -6023.476       27.460   217.9
2.3785        -5996.052    -6023.518       27.466   217.9
2.3790        -5996.030    -6023.558       27.528   218.4
2.3795        -5996.006    -6023.596       27.590   218.9
2.3800        -5995.993    -6023.630       27.637   219.3
2.3805        -5996.041    -6023.662       27.620   219.2
2.3810        -5995.999    -6023.690       27.691   219.7
2.3815        -5996.033    -6023.714       27.681   219.6
2.3820        -5996.068    -6023.736       27.668   219.5
2.3825        -5996.110    -6023.756       27.646   219.4
2.3830        -5996.128    -6023.771       27.643   219.3
2.3835        -5996.168    -6023.782       27.615   219.1
2.3840        -5996.158    -6023.789       27.631   219.2
2.3845        -5996.167    -6023.792       27.626   219.2
2.3850        -5996.128    -6023.791       27.663   219.5
2.3855        -5996.075    -6023.786       27.711   219.9
2.3860        -5996.079    -6023.777       27.698   219.8
2.3865        -5996.097    -6023.763       27.666   219.5
2.3870        -5996.129    -6023.745       27.615   219.1
2.3875        -5996.116    -6023.724       27.608   219.1
2.3880        -5996.129    -6023.699       27.570   218.8
2.3885        -5996.085    -6023.672       27.587   218.9
2.3890        -5996.084    -6023.640       27.556   218.6
2.3895        -5996.054    -6023.606       27.552   218.6
2.3900        -5996.056    -6023.568       27.512   218.3
2.3905        -5996.079    -6023.528       27.449   217.8
2.3910        -5996.117    -6023.486       27.369   217.2
2.3915        -5996.156    -6023.442       27.286   216.5
2.3920        -5996.182    -6023.395       27.212   215.9
2.3925        -5996.191    -6023.345       27.155   215.5
2.3930        -5996.190    -6023.294       27.104   215.1
2.3935        -5996.218    -6023.241       27.024   214.4
2.3940        -5996.230    -6023.187       26.957   213.9
2.3945        -5996.219    -6023.131       26.912   213.5
2.3950        -5996.224    -6023.075       26.851   213.1
2.3955        -5996.202    -6023.019       26.818   212.8
2.3960        -5996.183    -6022.963       26.780   212.5
2.3965        -5996.211    -6022.905       26.693   211.8
2.3970        -5996.209    -6022.847       26.638   211.4
2.3975        -5996.210    -6022.790       26.580   210.9
2.3980        -5996.174    -6022.733       26.559   210.7
2.3985        -5996.239    -6022.676       26.438   209.8
2.3990        -5996.227    -6022.620       26.393   209.4
2.3995        -5996.208    -6022.567       26.359   209.1
2.4000        -5996.165    -6022.514       26.350   209.1
2.4005        -5996.149    -6022.464       26.315   208.8
2.4010        -5996.143    -6022.416       26.273   208.5
2.4015        -5996.127    -6022.371       26.245   208.2
2.4020        -5996.147    -6022.330       26.183   207.8
2.4025        -5996.156    -6022.290       26.135   207.4
2.4030        -5996.170    -6022.253       26.084   207.0
2.4035        -5996.159    -6022.220       26.061   206.8
2.4040        -5996.144    -6022.189       26.045   206.7
2.4045        -5996.147    -6022.162       26.015   206.4
2.4050        -5996.119    -6022.138       26.020   206.5
2.4055        -5996.081    -6022.118       26.037   206.6
2.4060        -5996.079    -6022.102       26.023   206.5
2.4065        -5996.075    -6022.090       26.015   206.4
2.4070        -5996.040    -6022.083       26.043   206.6
2.4075        -5996.033    -6022.080       26.047   206.7
2.4080        -5996.025    -6022.081       26.056   206.7
2.4085        -5996.048    -6022.088       26.040   206.6
2.4090        -5996.072    -6022.098       26.027   206.5
2.4095        -5996.059    -6022.114       26.055   206.7
2.4100        -5996.012    -6022.134       26.123   207.3
2.4105        -5996.008    -6022.160       26.152   207.5
2.4110        -5996.014    -6022.191       26.177   207.7
2.4115        -5995.994    -6022.225       26.231   208.1
2.4120        -5995.983    -6022.264       26.281   208.5
2.4125        -5995.976    -6022.307       26.331   208.9
2.4130        -5996.001    -6022.352       26.351   209.1
2.4135        -5995.977    -6022.400       26.422   209.7
2.4140        -5995.989    -6022.451       26.462   210.0
2.4145        -5995.981    -6022.505       26.524   210.5
2.4150        -5996.008    -6022.560       26.552   210.7
2.4155        -5996.032    -6022.618       26.585   210.9
2.4160        -5995.994    -6022.677       26.683   211.7
2.4165        -5995.984    -6022.736       26.752   212.3
2.4170        -5995.981    -6022.797       26.816   212.8
2.4175        -5995.994    -6022.858       26.863   213.2
2.4180        -5995.957    -6022.919       26.962   213.9
2.4185        -5995.968    -6022.980       27.012   214.3
2.4190        -5995.998    -6023.040       27.042   214.6
2.4195        -5996.018    -6023.100       27.083   214.9
2.4200        -5996.020    -6023.160       27.140   215.3
2.4205        -5996.021    -6023.219       27.199   215.8
2.4210        -5996.022    -6023.278       27.256   216.3
2.4215        -5996.026    -6023.334       27.308   216.7
2.4220        -5996.043    -6023.387       27.344   217.0
2.4225        -5996.092    -6023.438       27.346   217.0
2.4230        -5996.049    -6023.486       27.437   217.7
2.4235        -5995.990    -6023.532       27.542   218.5
2.4240        -5995.999    -6023.575       27.576   218.8
2.4245        -5996.010    -6023.616       27.606   219.0
2.4250        -5996.012    -6023.653       27.641   219.3
2.4255        -5996.007    -6023.689       27.681   219.6
2.4260        -5995.986    -6023.722       27.736   220.1
2.4265        -5995.989    -6023.752       27.762   220.3
2.4270        -5996.007    -6023.779       27.772   220.4
2.4275        -5996.003    -6023.802       27.799   220.6
2.4280        -5996.019    -6023.824       27.805   220.6
2.4285        -5996.061    -6023.842       27.781   220.4
2.4290        -5996.020    -6023.858       27.838   220.9
2.4295        -5996.028    -6023.871       27.844   220.9
2.4300        -5996.028    -6023.882       27.854   221.0
2.4305        -5996.032    -6023.891       27.859   221.0
2.4310        -5996.065    -6023.898       27.832   220.8
2.4315        -5996.076    -6023.903       27.827   220.8
2.4320        -5996.090    -6023.906       27.816   220.7
2.4325        -5996.063    -6023.906       27.843   220.9
2.4330        -5996.052    -6023.903       27.851   221.0
2.4335        -5996.071    -6023.897       27.826   220.8
2.4340        -5996.068    -6023.889       27.821   220.7
2.4345        -5996.081    -6023.879       27.797   220.6
2.4350        -5996.090    -6023.866       27.775   220.4
2.4355        -5996.052    -6023.851       27.798   220.6
2.4360        -5996.045    -6023.833       27.788   220.5
2.4365        -5996.046    -6023.813       27.767   220.3
2.4370        -5995.999    -6023.792       27.793   220.5
2.4375        -5996.013    -6023.768       27.755   220.2
2.4380        -5996.014    -6023.743       27.729   220.0
2.4385        -5995.995    -6023.716       27.721   220.0
2.4390        -5996.008    -6023.687       27.680   219.6
2.4395        -5995.970    -6023.659       27.689   219.7
2.4400        -5995.989    -6023.631       27.642   219.3
2.4405        -5995.925    -6023.603       27.679   219.6
2.4410        -5995.942    -6023.577       27.635   219.3
2.4415        -5995.931    -6023.551       27.620   219.2
2.4420        -5995.936    -6023.527       27.591   218.9
2.4425        -5995.983    -6023.504       27.521   218.4
2.4430        -5995.952    -6023.483       27.531   218.5
2.4435        -5995.923    -6023.465       27.542   218.5
2.4440        -5995.929    -6023.449       27.519   218.4
2.4445        -5995.934    -6023.435       27.500   218.2
2.4450        -5995.910    -6023.424       27.514   218.3
2.4455        -5995.892    -6023.415       27.524   218.4
2.4460        -5995.890    -6023.410       27.519   218.4
2.4465        -5995.845    -6023.406       27.560   218.7
2.4470        -5995.838    -6023.405       27.566   218.7
2.4475        -5995.857    -6023.407       27.549   218.6
2.4480        -5995.826    -6023.411       27.585   218.9
2.4485        -5995.817    -6023.417       27.600   219.0
2.4490        -5995.829    -6023.424       27.595   219.0
2.4495        -5995.794    -6023.434       27.640   219.3
2.4500        -5995.808    -6023.445       27.637   219.3
2.4505        -5995.801    -6023.458       27.657   219.4
2.4510        -5995.765    -6023.472       27.707   219.8
2.4515        -5995.760    -6023.486       27.726   220.0
2.4520        -5995.733    -6023.500       27.767   220.3
2.4525        -5995.740    -6023.516       27.776   220.4
2.4530        -5995.735    -6023.532       27.797   220.6
2.4535        -5995.716    -6023.548       27.832   220.8
2.4540        -5995.662    -6023.563       27.901   221.4
2.4545        -5995.637    -6023.577       27.940   221.7
2.4550        -5995.697    -6023.592       27.895   221.3
2.4555        -5995.692    -6023.605       27.913   221.5
2.4560        -5995.672    -6023.617       27.945   221.7
2.4565        -5995.679    -6023.628       27.949   221.8
2.4570        -5995.675    -6023.638       27.963   221.9
2.4575        -5995.625    -6023.646       28.021   222.3
2.4580        -5995.645    -6023.653       28.007   222.2
2.4585        -5995.668    -6023.659       27.991   222.1
2.4590        -5995.710    -6023.664       27.954   221.8
2.4595        -5995.733    -6023.668       27.934   221.7
2.4600        -5995.768    -6023.670       27.902   221.4
2.4605        -5995.728    -6023.670       27.942   221.7
2.4610        -5995.751    -6023.668       27.917   221.5
2.4615        -5995.739    -6023.665       27.926   221.6
2.4620        -5995.771    -6023.661       27.889   221.3
2.4625        -5995.763    -6023.654       27.891   221.3
2.4630        -5995.762    -6023.647       27.885   221.3
2.4635        -5995.733    -6023.639       27.906   221.4
2.4640        -5995.739    -6023.629       27.891   221.3
2.4645        -5995.744    -6023.619       27.874   221.2
2.4650        -5995.710    -6023.608       27.897   221.4
2.4655        -5995.683    -6023.597       27.913   221.5
2.4660        -5995.623    -6023.585       27.962   221.9
2.4665        -5995.640    -6023.572       27.931   221.6
2.4670        -5995.624    -6023.559       27.935   221.7
2.4675        -5995.593    -6023.546       27.953   221.8
2.4680        -5995.543    -6023.534       27.990   222.1
2.4685        -5995.502    -6023.520       28.018   222.3
2.4690        -5995.473    -6023.506       28.033   222.4
2.4695        -5995.480    -6023.492       28.012   222.3
2.4700        -5995.487    -6023.478       27.991   222.1
2.4705        -5995.507    -6023.464       27.957   221.8
2.4710        -5995.517    -6023.451       27.934   221.6
2.4715        -5995.494    -6023.439       27.946   221.7
2.4720        -5995.460    -6023.428       27.968   221.9
2.4725        -5995.485    -6023.418       27.933   221.6
2.4730        -5995.478    -6023.408       27.930   221.6
2.4735        -5995.506    -6023.399       27.894   221.3
2.4740        -5995.523    -6023.392       27.869   221.1
2.4745        -5995.497    -6023.386       27.889   221.3
2.4750        -5995.518    -6023.382       27.863   221.1
2.4755        -5995.514    -6023.380       27.866   221.1
2.4760        -5995.489    -6023.379       27.890   221.3
2.4765        -5995.487    -6023.379       27.893   221.3
2.4770        -5995.483    -6023.381       27.898   221.4
2.4775        -5995.416    -6023.385       27.969   221.9
2.4780        -5995.406    -6023.389       27.983   222.0
2.4785        -5995.432    -6023.396       27.963   221.9
2.4790        -5995.438    -6023.404       27.966   221.9
2.4795        -5995.421    -6023.413       27.992   222.1
2.4800        -5995.436    -6023.423       27.986   222.1
2.4805        -5995.415    -6023.434       28.019   222.3
2.4810        -5995.431    -6023.447       28.016   222.3
2.4815        -5995.491    -6023.460       27.968   221.9
2.4820        -5995.468    -6023.474       28.006   222.2
2.4825        -5995.496    -6023.489       27.992   222.1
2.4830        -5995.461    -6023.503       28.042   222.5
2.4835        -5995.468    -6023.518       28.050   222.6
2.4840        -5995.493    -6023.533       28.040   222.5
2.4845        -5995.510    -6023.549       28.039   222.5
2.4850        -5995.491    -6023.565       28.074   222.8
2.4855        -5995.483    -6023.581       28.099   223.0
2.4860        -5995.467    -6023.595       28.128   223.2
2.4865        -5995.432    -6023.607       28.176   223.6
2.4870        -5995.446    -6023.617       28.171   223.5
2.4875        -5995.411    -6023.625       28.213   223.9
2.4880        -5995.411    -6023.629       28.219   223.9
2.4885        -5995.419    -6023.631       28.212   223.9
2.4890        -5995.378    -6023.631       28.253   224.2
2.4895        -5995.401    -6023.629       28.228   224.0
2.4900        -5995.439    -6023.626       28.187   223.7
2.4905        -5995.448    -6023.619       28.172   223.5
2.4910        -5995.421    -6023.609       28.189   223.7
2.4915        -5995.439    -6023.596       28.157   223.4
2.4920        -5995.409    -6023.580       28.171   223.5
2.4925        -5995.425    -6023.560       28.134   223.2
2.4930        -5995.415    -6023.537       28.122   223.1
2.4935        -5995.447    -6023.511       28.064   222.7
2.4940        -5995.458    -6023.482       28.024   222.4
2.4945        -5995.427    -6023.450       28.023   222.4
2.4950        -5995.422    -6023.416       27.994   222.1
2.4955        -5995.450    -6023.379       27.929   221.6
2.4960        -5995.413    -6023.339       27.926   221.6
2.4965        -5995.387    -6023.296       27.909   221.4
2.4970        -5995.424    -6023.250       27.826   220.8
2.4975        -5995.403    -6023.202       27.799   220.6
2.4980        -5995.392    -6023.152       27.761   220.3
2.4985        -5995.357    -6023.102       27.745   220.1
2.4990        -5995.359    -6023.050       27.691   219.7
2.4995        -5995.353    -6022.997       27.644   219.4
2.5000        -5995.349    -6022.944       27.595   219.0
