Time[ps]      Etot[eV]     Epot[eV]     Ekin[eV]    T[K]
0.0000        -6044.830    -6044.830        0.000     0.0
0.0005        -6044.811    -6044.832        0.021     0.2
0.0010        -6044.791    -6044.838        0.047     0.4
0.0015        -6044.773    -6044.849        0.076     0.6
0.0020        -6044.758    -6044.865        0.107     0.8
0.0025        -6044.738    -6044.884        0.146     1.2
0.0030        -6044.720    -6044.908        0.188     1.5
0.0035        -6044.703    -6044.935        0.233     1.8
0.0040        -6044.684    -6044.967        0.283     2.2
0.0045        -6044.666    -6045.002        0.336     2.7
0.0050        -6044.646    -6045.040        0.395     3.1
0.0055        -6044.627    -6045.082        0.454     3.6
0.0060        -6044.609    -6045.126        0.518     4.1
0.0065        -6044.591    -6045.174        0.583     4.6
0.0070        -6044.575    -6045.224        0.649     5.1
0.0075        -6044.556    -6045.276        0.720     5.7
0.0080        -6044.539    -6045.330        0.791     6.3
0.0085        -6044.516    -6045.387        0.871     6.9
0.0090        -6044.490    -6045.444        0.954     7.6
0.0095        -6044.480    -6045.503        1.023     8.1
0.0100        -6044.461    -6045.563        1.101     8.7
0.0105        -6044.449    -6045.623        1.174     9.3
0.0110        -6044.438    -6045.683        1.245     9.9
0.0115        -6044.415    -6045.742        1.327    10.5
0.0120        -6044.393    -6045.802        1.409    11.2
0.0125        -6044.386    -6045.860        1.475    11.7
0.0130        -6044.360    -6045.918        1.558    12.4
0.0135        -6044.336    -6045.974        1.639    13.0
0.0140        -6044.312    -6046.030        1.717    13.6
0.0145        -6044.284    -6046.083        1.799    14.3
0.0150        -6044.250    -6046.135        1.885    15.0
0.0155        -6044.236    -6046.184        1.948    15.5
0.0160        -6044.226    -6046.231        2.005    15.9
0.0165        -6044.211    -6046.276        2.064    16.4
0.0170        -6044.196    -6046.317        2.121    16.8
0.0175        -6044.179    -6046.356        2.177    17.3
0.0180        -6044.158    -6046.392        2.234    17.7
0.0185        -6044.144    -6046.424        2.280    18.1
0.0190        -6044.130    -6046.453        2.323    18.4
0.0195        -6044.111    -6046.479        2.368    18.8
0.0200        -6044.108    -6046.500        2.393    19.0
0.0205        -6044.099    -6046.519        2.420    19.2
0.0210        -6044.087    -6046.533        2.446    19.4
0.0215        -6044.083    -6046.544        2.461    19.5
0.0220        -6044.071    -6046.551        2.479    19.7
0.0225        -6044.063    -6046.554        2.491    19.8
0.0230        -6044.038    -6046.555        2.517    20.0
0.0235        -6044.021    -6046.552        2.530    20.1
0.0240        -6043.996    -6046.545        2.550    20.2
0.0245        -6043.970    -6046.536        2.566    20.4
0.0250        -6043.960    -6046.524        2.564    20.3
0.0255        -6043.945    -6046.509        2.564    20.3
0.0260        -6043.927    -6046.491        2.564    20.3
0.0265        -6043.924    -6046.471        2.547    20.2
0.0270        -6043.908    -6046.449        2.541    20.2
0.0275        -6043.890    -6046.424        2.534    20.1
0.0280        -6043.879    -6046.398        2.519    20.0
0.0285        -6043.858    -6046.371        2.513    19.9
0.0290        -6043.843    -6046.342        2.499    19.8
0.0295        -6043.826    -6046.313        2.487    19.7
0.0300        -6043.810    -6046.283        2.473    19.6
0.0305        -6043.782    -6046.253        2.470    19.6
0.0310        -6043.769    -6046.222        2.453    19.5
0.0315        -6043.750    -6046.191        2.441    19.4
0.0320        -6043.744    -6046.161        2.417    19.2
0.0325        -6043.735    -6046.131        2.396    19.0
0.0330        -6043.712    -6046.101        2.390    19.0
0.0335        -6043.693    -6046.072        2.379    18.9
0.0340        -6043.666    -6046.044        2.378    18.9
0.0345        -6043.655    -6046.017        2.362    18.7
0.0350        -6043.639    -6045.991        2.352    18.7
0.0355        -6043.625    -6045.966        2.341    18.6
0.0360        -6043.616    -6045.942        2.326    18.5
0.0365        -6043.587    -6045.920        2.333    18.5
0.0370        -6043.569    -6045.899        2.330    18.5
0.0375        -6043.536    -6045.880        2.344    18.6
0.0380        -6043.513    -6045.862        2.350    18.6
0.0385        -6043.497    -6045.847        2.350    18.6
0.0390        -6043.464    -6045.834        2.370    18.8
0.0395        -6043.452    -6045.823        2.371    18.8
0.0400        -6043.432    -6045.815        2.383    18.9
0.0405        -6043.396    -6045.810        2.414    19.2
0.0410        -6043.372    -6045.807        2.435    19.3
0.0415        -6043.348    -6045.808        2.460    19.5
0.0420        -6043.332    -6045.811        2.479    19.7
0.0425        -6043.311    -6045.817        2.506    19.9
0.0430        -6043.309    -6045.827        2.518    20.0
0.0435        -6043.298    -6045.839        2.542    20.2
0.0440        -6043.269    -6045.854        2.585    20.5
0.0445        -6043.247    -6045.872        2.625    20.8
0.0450        -6043.240    -6045.891        2.652    21.0
0.0455        -6043.213    -6045.913        2.700    21.4
0.0460        -6043.180    -6045.936        2.756    21.9
0.0465        -6043.156    -6045.961        2.805    22.3
0.0470        -6043.142    -6045.987        2.844    22.6
0.0475        -6043.127    -6046.013        2.887    22.9
0.0480        -6043.109    -6046.041        2.932    23.3
0.0485        -6043.088    -6046.068        2.980    23.6
0.0490        -6043.089    -6046.095        3.007    23.9
0.0495        -6043.056    -6046.123        3.067    24.3
0.0500        -6043.042    -6046.150        3.108    24.7
0.0505        -6043.036    -6046.177        3.141    24.9
0.0510        -6043.008    -6046.202        3.194    25.3
0.0515        -6042.989    -6046.227        3.238    25.7
0.0520        -6042.975    -6046.250        3.275    26.0
0.0525        -6042.957    -6046.272        3.315    26.3
0.0530        -6042.942    -6046.292        3.350    26.6
0.0535        -6042.898    -6046.310        3.412    27.1
0.0540        -6042.886    -6046.326        3.441    27.3
0.0545        -6042.880    -6046.341        3.461    27.5
0.0550        -6042.868    -6046.353        3.485    27.6
0.0555        -6042.858    -6046.363        3.505    27.8
0.0560        -6042.832    -6046.371        3.539    28.1
0.0565        -6042.823    -6046.377        3.555    28.2
0.0570        -6042.811    -6046.381        3.570    28.3
0.0575        -6042.787    -6046.383        3.596    28.5
0.0580        -6042.761    -6046.382        3.621    28.7
0.0585        -6042.746    -6046.380        3.633    28.8
0.0590        -6042.734    -6046.375        3.641    28.9
0.0595        -6042.692    -6046.368        3.676    29.2
0.0600        -6042.673    -6046.359        3.686    29.2
0.0605        -6042.646    -6046.347        3.701    29.4
0.0610        -6042.638    -6046.333        3.695    29.3
0.0615        -6042.626    -6046.316        3.691    29.3
0.0620        -6042.608    -6046.297        3.689    29.3
0.0625        -6042.575    -6046.275        3.701    29.4
0.0630        -6042.552    -6046.251        3.699    29.3
0.0635        -6042.522    -6046.224        3.703    29.4
0.0640        -6042.506    -6046.196        3.689    29.3
0.0645        -6042.489    -6046.165        3.676    29.2
0.0650        -6042.485    -6046.132        3.647    28.9
0.0655        -6042.467    -6046.098        3.632    28.8
0.0660        -6042.455    -6046.063        3.608    28.6
0.0665        -6042.446    -6046.026        3.581    28.4
0.0670        -6042.430    -6045.989        3.560    28.2
0.0675        -6042.416    -6045.952        3.536    28.1
0.0680        -6042.402    -6045.915        3.513    27.9
0.0685        -6042.404    -6045.878        3.475    27.6
0.0690        -6042.400    -6045.843        3.444    27.3
0.0695        -6042.384    -6045.809        3.425    27.2
0.0700        -6042.373    -6045.777        3.404    27.0
0.0705        -6042.358    -6045.748        3.390    26.9
0.0710        -6042.346    -6045.721        3.375    26.8
0.0715        -6042.332    -6045.698        3.366    26.7
0.0720        -6042.309    -6045.677        3.367    26.7
0.0725        -6042.295    -6045.659        3.364    26.7
0.0730        -6042.272    -6045.645        3.373    26.8
0.0735        -6042.264    -6045.634        3.369    26.7
0.0740        -6042.239    -6045.626        3.387    26.9
0.0745        -6042.213    -6045.622        3.409    27.1
0.0750        -6042.196    -6045.621        3.425    27.2
0.0755        -6042.185    -6045.622        3.438    27.3
0.0760        -6042.167    -6045.626        3.459    27.4
0.0765        -6042.165    -6045.631        3.466    27.5
0.0770        -6042.144    -6045.638        3.494    27.7
0.0775        -6042.114    -6045.647        3.533    28.0
0.0780        -6042.109    -6045.657        3.548    28.2
0.0785        -6042.105    -6045.667        3.563    28.3
0.0790        -6042.091    -6045.678        3.588    28.5
0.0795        -6042.096    -6045.689        3.593    28.5
0.0800        -6042.063    -6045.699        3.636    28.9
0.0805        -6042.051    -6045.709        3.658    29.0
0.0810        -6042.048    -6045.718        3.670    29.1
0.0815        -6042.038    -6045.725        3.687    29.3
0.0820        -6042.003    -6045.732        3.728    29.6
0.0825        -6042.015    -6045.737        3.722    29.5
0.0830        -6041.992    -6045.741        3.749    29.7
0.0835        -6041.987    -6045.744        3.757    29.8
0.0840        -6041.986    -6045.746        3.759    29.8
0.0845        -6041.978    -6045.746        3.768    29.9
0.0850        -6041.954    -6045.745        3.791    30.1
0.0855        -6041.943    -6045.742        3.800    30.2
0.0860        -6041.913    -6045.738        3.825    30.4
0.0865        -6041.901    -6045.733        3.832    30.4
0.0870        -6041.877    -6045.727        3.850    30.5
0.0875        -6041.857    -6045.719        3.862    30.6
0.0880        -6041.827    -6045.711        3.884    30.8
0.0885        -6041.794    -6045.701        3.906    31.0
0.0890        -6041.777    -6045.690        3.913    31.0
0.0895        -6041.758    -6045.678        3.920    31.1
0.0900        -6041.741    -6045.665        3.924    31.1
0.0905        -6041.711    -6045.650        3.939    31.3
0.0910        -6041.686    -6045.635        3.949    31.3
0.0915        -6041.670    -6045.618        3.948    31.3
0.0920        -6041.652    -6045.601        3.949    31.3
0.0925        -6041.651    -6045.583        3.932    31.2
0.0930        -6041.639    -6045.563        3.924    31.1
0.0935        -6041.626    -6045.543        3.917    31.1
0.0940        -6041.608    -6045.522        3.914    31.1
0.0945        -6041.584    -6045.500        3.916    31.1
0.0950        -6041.559    -6045.477        3.918    31.1
0.0955        -6041.544    -6045.452        3.908    31.0
0.0960        -6041.514    -6045.427        3.913    31.1
0.0965        -6041.496    -6045.401        3.905    31.0
0.0970        -6041.461    -6045.374        3.912    31.0
0.0975        -6041.458    -6045.346        3.888    30.9
0.0980        -6041.434    -6045.318        3.885    30.8
0.0985        -6041.406    -6045.290        3.884    30.8
0.0990        -6041.395    -6045.260        3.865    30.7
0.0995        -6041.387    -6045.231        3.844    30.5
0.1000        -6041.375    -6045.201        3.826    30.4
0.1005        -6041.361    -6045.171        3.810    30.2
0.1010        -6041.334    -6045.140        3.806    30.2
0.1015        -6041.312    -6045.110        3.798    30.1
0.1020        -6041.312    -6045.079        3.767    29.9
0.1025        -6041.303    -6045.048        3.745    29.7
0.1030        -6041.294    -6045.017        3.723    29.5
0.1035        -6041.289    -6044.986        3.697    29.3
0.1040        -6041.273    -6044.955        3.682    29.2
0.1045        -6041.233    -6044.924        3.691    29.3
0.1050        -6041.224    -6044.893        3.669    29.1
0.1055        -6041.197    -6044.862        3.665    29.1
0.1060        -6041.191    -6044.832        3.641    28.9
0.1065        -6041.173    -6044.802        3.628    28.8
0.1070        -6041.157    -6044.772        3.614    28.7
0.1075        -6041.150    -6044.742        3.593    28.5
0.1080        -6041.137    -6044.713        3.576    28.4
0.1085        -6041.130    -6044.685        3.555    28.2
0.1090        -6041.119    -6044.656        3.538    28.1
0.1095        -6041.102    -6044.629        3.527    28.0
0.1100        -6041.078    -6044.601        3.523    28.0
0.1105        -6041.061    -6044.575        3.514    27.9
0.1110        -6041.040    -6044.549        3.508    27.8
0.1115        -6041.026    -6044.523        3.497    27.7
0.1120        -6041.005    -6044.498        3.493    27.7
Time[ps]      Etot[eV]     Epot[eV]     Ekin[eV]    T[K]
0.0000        -6044.830    -6044.830        0.000     0.0
0.0005        -6044.811    -6044.832        0.021     0.2
0.0010        -6044.794    -6044.839        0.045     0.4
0.0015        -6044.777    -6044.850        0.073     0.6
0.0020        -6044.759    -6044.866        0.106     0.8
0.0025        -6044.742    -6044.885        0.143     1.1
0.0030        -6044.722    -6044.910        0.188     1.5
0.0035        -6044.703    -6044.938        0.235     1.9
0.0040        -6044.689    -6044.970        0.281     2.2
0.0045        -6044.670    -6045.006        0.335     2.7
0.0050        -6044.655    -6045.045        0.390     3.1
0.0055        -6044.630    -6045.088        0.458     3.6
0.0060        -6044.604    -6045.134        0.530     4.2
0.0065        -6044.586    -6045.183        0.597     4.7
0.0070        -6044.564    -6045.234        0.670     5.3
0.0075        -6044.544    -6045.288        0.745     5.9
0.0080        -6044.524    -6045.345        0.821     6.5
0.0085        -6044.503    -6045.402        0.900     7.1
0.0090        -6044.485    -6045.462        0.977     7.8
0.0095        -6044.463    -6045.522        1.059     8.4
0.0100        -6044.452    -6045.583        1.130     9.0
0.0105        -6044.428    -6045.644        1.216     9.6
0.0110        -6044.412    -6045.705        1.293    10.3
0.0115        -6044.399    -6045.766        1.367    10.8
0.0120        -6044.380    -6045.827        1.447    11.5
0.0125        -6044.361    -6045.886        1.525    12.1
0.0130        -6044.353    -6045.944        1.591    12.6
0.0135        -6044.333    -6046.001        1.667    13.2
0.0140        -6044.315    -6046.056        1.741    13.8
0.0145        -6044.284    -6046.109        1.825    14.5
0.0150        -6044.250    -6046.160        1.911    15.2
0.0155        -6044.218    -6046.210        1.991    15.8
0.0160        -6044.193    -6046.256        2.063    16.4
0.0165        -6044.173    -6046.301        2.127    16.9
0.0170        -6044.160    -6046.342        2.182    17.3
0.0175        -6044.162    -6046.379        2.218    17.6
0.0180        -6044.144    -6046.414        2.270    18.0
0.0185        -6044.127    -6046.445        2.318    18.4
0.0190        -6044.095    -6046.472        2.378    18.9
0.0195        -6044.071    -6046.496        2.425    19.2
0.0200        -6044.046    -6046.517        2.471    19.6
0.0205        -6044.033    -6046.533        2.500    19.8
0.0210        -6044.027    -6046.546        2.519    20.0
0.0215        -6044.022    -6046.555        2.533    20.1
0.0220        -6044.002    -6046.560        2.558    20.3
0.0225        -6043.993    -6046.562        2.569    20.4
0.0230        -6043.969    -6046.560        2.591    20.6
0.0235        -6043.951    -6046.555        2.604    20.7
0.0240        -6043.950    -6046.547        2.597    20.6
0.0245        -6043.940    -6046.536        2.596    20.6
0.0250        -6043.922    -6046.522        2.600    20.6
0.0255        -6043.898    -6046.505        2.607    20.7
0.0260        -6043.880    -6046.486        2.606    20.7
0.0265        -6043.865    -6046.465        2.600    20.6
0.0270        -6043.840    -6046.442        2.601    20.6
0.0275        -6043.824    -6046.417        2.593    20.6
0.0280        -6043.798    -6046.391        2.593    20.6
0.0285        -6043.786    -6046.363        2.578    20.5
0.0290        -6043.769    -6046.335        2.566    20.4
0.0295        -6043.744    -6046.305        2.562    20.3
0.0300        -6043.742    -6046.275        2.533    20.1
0.0305        -6043.732    -6046.245        2.513    19.9
0.0310        -6043.709    -6046.214        2.505    19.9
0.0315        -6043.695    -6046.184        2.489    19.7
0.0320        -6043.672    -6046.154        2.482    19.7
0.0325        -6043.658    -6046.125        2.466    19.6
0.0330        -6043.634    -6046.097        2.463    19.5
0.0335        -6043.615    -6046.070        2.455    19.5
0.0340        -6043.605    -6046.043        2.438    19.3
0.0345        -6043.585    -6046.018        2.433    19.3
0.0350        -6043.558    -6045.994        2.436    19.3
0.0355        -6043.540    -6045.971        2.431    19.3
0.0360        -6043.521    -6045.950        2.429    19.3
0.0365        -6043.505    -6045.930        2.426    19.2
0.0370        -6043.488    -6045.913        2.424    19.2
0.0375        -6043.476    -6045.897        2.421    19.2
0.0380        -6043.448    -6045.883        2.435    19.3
0.0385        -6043.452    -6045.872        2.420    19.2
0.0390        -6043.432    -6045.863        2.431    19.3
0.0395        -6043.425    -6045.857        2.432    19.3
0.0400        -6043.416    -6045.853        2.437    19.3
0.0405        -6043.394    -6045.851        2.457    19.5
0.0410        -6043.377    -6045.853        2.475    19.6
0.0415        -6043.351    -6045.857        2.506    19.9
0.0420        -6043.331    -6045.864        2.533    20.1
0.0425        -6043.296    -6045.873        2.577    20.4
0.0430        -6043.289    -6045.885        2.596    20.6
0.0435        -6043.272    -6045.900        2.628    20.9
0.0440        -6043.245    -6045.917        2.671    21.2
0.0445        -6043.234    -6045.935        2.702    21.4
0.0450        -6043.211    -6045.956        2.745    21.8
0.0455        -6043.194    -6045.977        2.783    22.1
0.0460        -6043.176    -6046.001        2.824    22.4
0.0465        -6043.154    -6046.025        2.870    22.8
0.0470        -6043.146    -6046.050        2.904    23.0
0.0475        -6043.112    -6046.075        2.963    23.5
0.0480        -6043.088    -6046.100        3.013    23.9
0.0485        -6043.080    -6046.125        3.045    24.2
0.0490        -6043.069    -6046.150        3.080    24.4
0.0495        -6043.053    -6046.173        3.120    24.8
0.0500        -6043.030    -6046.196        3.165    25.1
0.0505        -6043.010    -6046.218        3.208    25.5
0.0510        -6042.991    -6046.238        3.247    25.8
0.0515        -6042.978    -6046.258        3.279    26.0
0.0520        -6042.973    -6046.275        3.303    26.2
0.0525        -6042.959    -6046.292        3.332    26.4
0.0530        -6042.929    -6046.306        3.377    26.8
0.0535        -6042.906    -6046.319        3.413    27.1
0.0540        -6042.892    -6046.330        3.439    27.3
0.0545        -6042.865    -6046.340        3.475    27.6
0.0550        -6042.838    -6046.347        3.509    27.8
0.0555        -6042.828    -6046.353        3.525    28.0
0.0560        -6042.809    -6046.357        3.549    28.2
0.0565        -6042.788    -6046.359        3.571    28.3
0.0570        -6042.772    -6046.359        3.587    28.5
0.0575        -6042.749    -6046.357        3.609    28.6
0.0580        -6042.736    -6046.353        3.617    28.7
0.0585        -6042.705    -6046.346        3.641    28.9
0.0590        -6042.687    -6046.337        3.650    29.0
0.0595        -6042.659    -6046.325        3.666    29.1
0.0600        -6042.638    -6046.311        3.672    29.1
0.0605        -6042.617    -6046.294        3.676    29.2
0.0610        -6042.601    -6046.274        3.673    29.1
0.0615        -6042.596    -6046.253        3.656    29.0
0.0620        -6042.580    -6046.229        3.649    29.0
0.0625        -6042.555    -6046.203        3.648    28.9
0.0630        -6042.553    -6046.175        3.623    28.7
0.0635        -6042.536    -6046.146        3.610    28.6
0.0640        -6042.521    -6046.115        3.594    28.5
0.0645        -6042.512    -6046.082        3.570    28.3
0.0650        -6042.493    -6046.048        3.555    28.2
0.0655        -6042.483    -6046.013        3.530    28.0
0.0660        -6042.473    -6045.977        3.504    27.8
0.0665        -6042.440    -6045.942        3.502    27.8
0.0670        -6042.422    -6045.907        3.484    27.6
0.0675        -6042.392    -6045.873        3.480    27.6
0.0680        -6042.395    -6045.840        3.445    27.3
0.0685        -6042.381    -6045.808        3.427    27.2
0.0690        -6042.380    -6045.779        3.399    27.0
0.0695        -6042.365    -6045.752        3.386    26.9
0.0700        -6042.366    -6045.727        3.361    26.7
0.0705        -6042.347    -6045.704        3.357    26.6
0.0710        -6042.332    -6045.684        3.353    26.6
0.0715        -6042.307    -6045.668        3.361    26.7
0.0720        -6042.293    -6045.655        3.361    26.7
0.0725        -6042.280    -6045.645        3.365    26.7
0.0730        -6042.259    -6045.637        3.379    26.8
0.0735        -6042.224    -6045.633        3.410    27.1
0.0740        -6042.207    -6045.632        3.424    27.2
0.0745        -6042.192    -6045.632        3.440    27.3
0.0750        -6042.164    -6045.634        3.470    27.5
0.0755        -6042.137    -6045.638        3.501    27.8
0.0760        -6042.111    -6045.644        3.533    28.0
0.0765        -6042.101    -6045.650        3.550    28.2
0.0770        -6042.077    -6045.658        3.581    28.4
0.0775        -6042.064    -6045.666        3.602    28.6
0.0780        -6042.046    -6045.675        3.629    28.8
0.0785        -6042.038    -6045.683        3.645    28.9
0.0790        -6042.016    -6045.691        3.675    29.2
0.0795        -6041.990    -6045.698        3.708    29.4
0.0800        -6041.979    -6045.704        3.725    29.6
0.0805        -6041.966    -6045.710        3.744    29.7
0.0810        -6041.934    -6045.714        3.779    30.0
0.0815        -6041.901    -6045.716        3.815    30.3
0.0820        -6041.883    -6045.717        3.834    30.4
0.0825        -6041.857    -6045.717        3.861    30.6
0.0830        -6041.838    -6045.717        3.878    30.8
0.0835        -6041.833    -6045.714        3.881    30.8
0.0840        -6041.828    -6045.710        3.882    30.8
0.0845        -6041.818    -6045.705        3.887    30.8
0.0850        -6041.812    -6045.699        3.887    30.8
0.0855        -6041.795    -6045.691        3.896    30.9
0.0860        -6041.785    -6045.683        3.898    30.9
0.0865        -6041.769    -6045.673        3.903    31.0
0.0870        -6041.750    -6045.661        3.911    31.0
0.0875        -6041.729    -6045.648        3.919    31.1
0.0880        -6041.712    -6045.634        3.922    31.1
0.0885        -6041.704    -6045.619        3.915    31.1
0.0890        -6041.680    -6045.603        3.923    31.1
0.0895        -6041.669    -6045.586        3.918    31.1
0.0900        -6041.639    -6045.568        3.929    31.2
0.0905        -6041.630    -6045.549        3.919    31.1
0.0910        -6041.603    -6045.529        3.926    31.2
0.0915        -6041.600    -6045.509        3.908    31.0
0.0920        -6041.591    -6045.487        3.896    30.9
0.0925        -6041.581    -6045.464        3.883    30.8
0.0930        -6041.556    -6045.440        3.884    30.8
0.0935        -6041.542    -6045.416        3.874    30.7
0.0940        -6041.512    -6045.391        3.878    30.8
0.0945        -6041.486    -6045.364        3.879    30.8
0.0950        -6041.478    -6045.337        3.859    30.6
0.0955        -6041.473    -6045.309        3.836    30.4
0.0960        -6041.439    -6045.279        3.841    30.5
0.0965        -6041.417    -6045.249        3.833    30.4
0.0970        -6041.397    -6045.218        3.822    30.3
0.0975        -6041.377    -6045.187        3.810    30.2
0.0980        -6041.360    -6045.155        3.795    30.1
0.0985        -6041.346    -6045.123        3.777    30.0
0.0990        -6041.315    -6045.091        3.776    30.0
0.0995        -6041.298    -6045.058        3.760    29.8
0.1000        -6041.281    -6045.025        3.745    29.7
0.1005        -6041.261    -6044.992        3.731    29.6
0.1010        -6041.250    -6044.959        3.709    29.4
0.1015        -6041.246    -6044.925        3.679    29.2
0.1020        -6041.234    -6044.892        3.658    29.0
0.1025        -6041.226    -6044.859        3.633    28.8
0.1030        -6041.198    -6044.825        3.627    28.8
0.1035        -6041.187    -6044.792        3.605    28.6
0.1040        -6041.153    -6044.760        3.606    28.6
0.1045        -6041.147    -6044.727        3.580    28.4
0.1050        -6041.131    -6044.695        3.564    28.3
0.1055        -6041.121    -6044.663        3.542    28.1
0.1060        -6041.101    -6044.632        3.531    28.0
0.1065        -6041.081    -6044.601        3.520    27.9
0.1070        -6041.060    -6044.570        3.511    27.9
0.1075        -6041.055    -6044.541        3.485    27.7
0.1080        -6041.030    -6044.511        3.481    27.6
0.1085        -6041.007    -6044.483        3.476    27.6
0.1090        -6040.979    -6044.455        3.475    27.6
0.1095        -6040.980    -6044.428        3.447    27.4
0.1100        -6040.969    -6044.402        3.432    27.2
0.1105        -6040.950    -6044.377        3.427    27.2
0.1110        -6040.928    -6044.353        3.425    27.2
0.1115        -6040.916    -6044.330        3.414    27.1
0.1120        -6040.894    -6044.308        3.414    27.1
0.1125        -6040.870    -6044.287        3.416    27.1
0.1130        -6040.848    -6044.267        3.419    27.1
0.1135        -6040.828    -6044.247        3.419    27.1
0.1140        -6040.814    -6044.229        3.415    27.1
0.1145        -6040.795    -6044.211        3.416    27.1
0.1150        -6040.782    -6044.194        3.411    27.1
0.1155        -6040.763    -6044.177        3.414    27.1
0.1160        -6040.753    -6044.162        3.409    27.0
0.1165        -6040.727    -6044.147        3.419    27.1
0.1170        -6040.706    -6044.132        3.426    27.2
0.1175        -6040.680    -6044.117        3.437    27.3
0.1180        -6040.661    -6044.103        3.442    27.3
0.1185        -6040.645    -6044.090        3.444    27.3
0.1190        -6040.636    -6044.076        3.440    27.3
0.1195        -6040.631    -6044.063        3.432    27.2
0.1200        -6040.616    -6044.050        3.433    27.2
0.1205        -6040.606    -6044.037        3.431    27.2
0.1210        -6040.582    -6044.024        3.443    27.3
0.1215        -6040.555    -6044.011        3.457    27.4
0.1220        -6040.529    -6043.999        3.470    27.5
0.1225        -6040.508    -6043.987        3.479    27.6
0.1230        -6040.487    -6043.975        3.487    27.7
0.1235        -6040.470    -6043.963        3.493    27.7
0.1240        -6040.440    -6043.951        3.512    27.9
0.1245        -6040.416    -6043.940        3.525    28.0
0.1250        -6040.384    -6043.929        3.545    28.1
0.1255        -6040.346    -6043.918        3.572    28.3
0.1260        -6040.317    -6043.908        3.590    28.5
0.1265        -6040.297    -6043.897        3.600    28.6
0.1270        -6040.270    -6043.886        3.616    28.7
0.1275        -6040.256    -6043.875        3.619    28.7
0.1280        -6040.232    -6043.865        3.633    28.8
0.1285        -6040.217    -6043.855        3.638    28.9
0.1290        -6040.211    -6043.845        3.634    28.8
0.1295        -6040.183    -6043.835        3.652    29.0
0.1300        -6040.173    -6043.826        3.653    29.0
0.1305        -6040.173    -6043.817        3.644    28.9
0.1310        -6040.169    -6043.809        3.640    28.9
0.1315        -6040.152    -6043.800        3.649    29.0
0.1320        -6040.147    -6043.793        3.646    28.9
0.1325        -6040.123    -6043.786        3.663    29.1
0.1330        -6040.099    -6043.779        3.680    29.2
0.1335        -6040.071    -6043.773        3.702    29.4
0.1340        -6040.066    -6043.767        3.701    29.4
0.1345        -6040.063    -6043.762        3.699    29.4
0.1350        -6040.041    -6043.758        3.717    29.5
0.1355        -6040.003    -6043.755        3.752    29.8
0.1360        -6039.993    -6043.752        3.759    29.8
0.1365        -6039.991    -6043.750        3.759    29.8
0.1370        -6039.974    -6043.749        3.775    30.0
0.1375        -6039.987    -6043.748        3.761    29.8
0.1380        -6039.962    -6043.748        3.786    30.0
0.1385        -6039.951    -6043.749        3.799    30.1
0.1390        -6039.942    -6043.751        3.809    30.2
0.1395        -6039.924    -6043.753        3.830    30.4
0.1400        -6039.884    -6043.756        3.872    30.7
0.1405        -6039.882    -6043.759        3.877    30.8
0.1410        -6039.871    -6043.762        3.892    30.9
0.1415        -6039.847    -6043.766        3.919    31.1
0.1420        -6039.821    -6043.770        3.949    31.3
0.1425        -6039.797    -6043.774        3.977    31.6
0.1430        -6039.771    -6043.779        4.007    31.8
0.1435        -6039.767    -6043.784        4.017    31.9
0.1440        -6039.759    -6043.789        4.029    32.0
0.1445        -6039.751    -6043.794        4.042    32.1
0.1450        -6039.734    -6043.799        4.064    32.2
0.1455        -6039.716    -6043.804        4.088    32.4
0.1460        -6039.698    -6043.809        4.111    32.6
0.1465        -6039.684    -6043.814        4.129    32.8
0.1470        -6039.687    -6043.819        4.132    32.8
0.1475        -6039.675    -6043.823        4.148    32.9
0.1480        -6039.682    -6043.826        4.144    32.9
0.1485        -6039.674    -6043.830        4.156    33.0
0.1490        -6039.649    -6043.833        4.184    33.2
0.1495        -6039.612    -6043.835        4.223    33.5
0.1500        -6039.599    -6043.837        4.238    33.6
0.1505        -6039.582    -6043.839        4.256    33.8
0.1510        -6039.543    -6043.840        4.296    34.1
0.1515        -6039.524    -6043.840        4.317    34.3
0.1520        -6039.478    -6043.841        4.363    34.6
0.1525        -6039.450    -6043.841        4.391    34.8
0.1530        -6039.433    -6043.841        4.408    35.0
0.1535        -6039.416    -6043.840        4.424    35.1
0.1540        -6039.386    -6043.838        4.452    35.3
0.1545        -6039.373    -6043.836        4.463    35.4
0.1550        -6039.364    -6043.833        4.469    35.5
0.1555        -6039.338    -6043.830        4.491    35.6
0.1560        -6039.326    -6043.825        4.499    35.7
0.1565        -6039.318    -6043.821        4.503    35.7
0.1570        -6039.301    -6043.816        4.515    35.8
0.1575        -6039.280    -6043.810        4.530    35.9
0.1580        -6039.253    -6043.805        4.552    36.1
0.1585        -6039.239    -6043.799        4.559    36.2
0.1590        -6039.226    -6043.793        4.567    36.2
0.1595        -6039.222    -6043.786        4.565    36.2
0.1600        -6039.215    -6043.780        4.565    36.2
0.1605        -6039.203    -6043.773        4.570    36.3
0.1610        -6039.191    -6043.767        4.576    36.3
0.1615        -6039.191    -6043.760        4.569    36.3
0.1620        -6039.176    -6043.754        4.579    36.3
0.1625        -6039.166    -6043.748        4.583    36.4
0.1630        -6039.148    -6043.743        4.595    36.5
0.1635        -6039.142    -6043.738        4.596    36.5
0.1640        -6039.132    -6043.733        4.601    36.5
0.1645        -6039.105    -6043.729        4.624    36.7
0.1650        -6039.092    -6043.725        4.632    36.8
0.1655        -6039.077    -6043.721        4.643    36.8
0.1660        -6039.070    -6043.717        4.647    36.9
0.1665        -6039.048    -6043.713        4.665    37.0
0.1670        -6039.019    -6043.709        4.690    37.2
0.1675        -6039.010    -6043.706        4.695    37.3
0.1680        -6038.995    -6043.702        4.707    37.4
0.1685        -6038.970    -6043.699        4.728    37.5
0.1690        -6038.954    -6043.696        4.742    37.6
0.1695        -6038.931    -6043.692        4.762    37.8
0.1700        -6038.906    -6043.689        4.782    37.9
0.1705        -6038.889    -6043.685        4.796    38.1
0.1710        -6038.853    -6043.681        4.827    38.3
0.1715        -6038.821    -6043.676        4.855    38.5
0.1720        -6038.821    -6043.672        4.851    38.5
0.1725        -6038.796    -6043.666        4.870    38.6
0.1730        -6038.786    -6043.660        4.875    38.7
0.1735        -6038.766    -6043.654        4.888    38.8
0.1740        -6038.753    -6043.646        4.893    38.8
0.1745        -6038.738    -6043.638        4.900    38.9
0.1750        -6038.722    -6043.629        4.907    38.9
0.1755        -6038.708    -6043.619        4.911    39.0
0.1760        -6038.688    -6043.609        4.921    39.0
0.1765        -6038.689    -6043.598        4.910    39.0
0.1770        -6038.666    -6043.587        4.921    39.0
0.1775        -6038.653    -6043.575        4.922    39.1
0.1780        -6038.639    -6043.562        4.923    39.1
0.1785        -6038.628    -6043.548        4.920    39.0
0.1790        -6038.631    -6043.533        4.903    38.9
0.1795        -6038.616    -6043.518        4.902    38.9
0.1800        -6038.602    -6043.502        4.900    38.9
0.1805        -6038.586    -6043.484        4.899    38.9
0.1810        -6038.569    -6043.467        4.897    38.9
0.1815        -6038.554    -6043.448        4.894    38.8
0.1820        -6038.548    -6043.428        4.880    38.7
0.1825        -6038.516    -6043.408        4.892    38.8
0.1830        -6038.490    -6043.387        4.897    38.9
0.1835        -6038.493    -6043.366        4.873    38.7
0.1840        -6038.467    -6043.344        4.877    38.7
0.1845        -6038.444    -6043.321        4.877    38.7
0.1850        -6038.415    -6043.299        4.884    38.8
0.1855        -6038.428    -6043.276        4.848    38.5
0.1860        -6038.396    -6043.252        4.856    38.5
0.1865        -6038.379    -6043.228        4.849    38.5
0.1870        -6038.369    -6043.204        4.835    38.4
0.1875        -6038.333    -6043.180        4.847    38.5
0.1880        -6038.321    -6043.156        4.835    38.4
0.1885        -6038.311    -6043.132        4.821    38.3
0.1890        -6038.278    -6043.109        4.830    38.3
0.1895        -6038.266    -6043.086        4.820    38.2
0.1900        -6038.236    -6043.064        4.829    38.3
0.1905        -6038.226    -6043.044        4.817    38.2
0.1910        -6038.194    -6043.024        4.830    38.3
0.1915        -6038.169    -6043.004        4.836    38.4
0.1920        -6038.152    -6042.985        4.834    38.4
0.1925        -6038.133    -6042.967        4.834    38.4
0.1930        -6038.124    -6042.949        4.826    38.3
0.1935        -6038.092    -6042.933        4.841    38.4
0.1940        -6038.075    -6042.917        4.842    38.4
0.1945        -6038.051    -6042.902        4.851    38.5
0.1950        -6038.013    -6042.887        4.874    38.7
0.1955        -6037.998    -6042.872        4.875    38.7
0.1960        -6037.981    -6042.859        4.878    38.7
0.1965        -6037.972    -6042.846        4.874    38.7
0.1970        -6037.965    -6042.833        4.869    38.6
0.1975        -6037.934    -6042.822        4.888    38.8
0.1980        -6037.941    -6042.810        4.869    38.6
0.1985        -6037.911    -6042.799        4.889    38.8
0.1990        -6037.910    -6042.790        4.880    38.7
0.1995        -6037.893    -6042.780        4.887    38.8
0.2000        -6037.866    -6042.771        4.905    38.9
0.2005        -6037.846    -6042.763        4.917    39.0
0.2010        -6037.854    -6042.755        4.901    38.9
0.2015        -6037.836    -6042.748        4.912    39.0
0.2020        -6037.801    -6042.741        4.940    39.2
0.2025        -6037.781    -6042.735        4.953    39.3
0.2030        -6037.758    -6042.729        4.971    39.4
0.2035        -6037.746    -6042.724        4.979    39.5
0.2040        -6037.723    -6042.720        4.997    39.6
0.2045        -6037.712    -6042.715        5.003    39.7
0.2050        -6037.711    -6042.710        4.999    39.7
0.2055        -6037.694    -6042.706        5.012    39.8
0.2060        -6037.688    -6042.702        5.014    39.8
0.2065        -6037.677    -6042.697        5.020    39.8
0.2070        -6037.660    -6042.693        5.033    39.9
0.2075        -6037.635    -6042.689        5.053    40.1
0.2080        -6037.642    -6042.684        5.042    40.0
0.2085        -6037.623    -6042.680        5.058    40.1
0.2090        -6037.595    -6042.676        5.081    40.3
0.2095        -6037.569    -6042.672        5.103    40.5
0.2100        -6037.550    -6042.668        5.118    40.6
0.2105        -6037.539    -6042.665        5.126    40.7
0.2110        -6037.509    -6042.662        5.153    40.9
0.2115        -6037.482    -6042.658        5.176    41.1
0.2120        -6037.467    -6042.655        5.188    41.2
0.2125        -6037.471    -6042.651        5.180    41.1
0.2130        -6037.469    -6042.648        5.179    41.1
0.2135        -6037.449    -6042.645        5.195    41.2
0.2140        -6037.431    -6042.642        5.211    41.4
0.2145        -6037.399    -6042.640        5.241    41.6
0.2150        -6037.380    -6042.638        5.258    41.7
0.2155        -6037.350    -6042.636        5.286    41.9
0.2160        -6037.344    -6042.634        5.290    42.0
0.2165        -6037.335    -6042.633        5.298    42.0
0.2170        -6037.314    -6042.632        5.318    42.2
0.2175        -6037.294    -6042.632        5.337    42.4
0.2180        -6037.260    -6042.632        5.372    42.6
0.2185        -6037.268    -6042.633        5.366    42.6
0.2190        -6037.273    -6042.635        5.362    42.5
0.2195        -6037.284    -6042.637        5.354    42.5
0.2200        -6037.260    -6042.641        5.381    42.7
0.2205        -6037.238    -6042.644        5.407    42.9
0.2210        -6037.188    -6042.649        5.462    43.3
0.2215        -6037.161    -6042.655        5.494    43.6
0.2220        -6037.133    -6042.661        5.529    43.9
0.2225        -6037.124    -6042.668        5.544    44.0
0.2230        -6037.091    -6042.675        5.585    44.3
0.2235        -6037.056    -6042.683        5.627    44.6
0.2240        -6037.026    -6042.691        5.666    45.0
0.2245        -6037.025    -6042.699        5.674    45.0
0.2250        -6037.003    -6042.708        5.705    45.3
0.2255        -6036.991    -6042.717        5.726    45.4
0.2260        -6036.981    -6042.726        5.745    45.6
0.2265        -6036.966    -6042.735        5.769    45.8
0.2270        -6036.963    -6042.744        5.781    45.9
0.2275        -6036.951    -6042.754        5.803    46.0
0.2280        -6036.937    -6042.763        5.826    46.2
0.2285        -6036.920    -6042.772        5.852    46.4
0.2290        -6036.901    -6042.781        5.880    46.7
0.2295        -6036.902    -6042.790        5.888    46.7
0.2300        -6036.890    -6042.798        5.909    46.9
0.2305        -6036.895    -6042.806        5.911    46.9
0.2310        -6036.889    -6042.814        5.925    47.0
0.2315        -6036.885    -6042.821        5.936    47.1
0.2320        -6036.874    -6042.828        5.954    47.2
0.2325        -6036.856    -6042.834        5.979    47.4
0.2330        -6036.847    -6042.840        5.993    47.6
0.2335        -6036.839    -6042.846        6.006    47.7
0.2340        -6036.838    -6042.851        6.013    47.7
0.2345        -6036.818    -6042.855        6.037    47.9
0.2350        -6036.783    -6042.858        6.075    48.2
0.2355        -6036.757    -6042.860        6.103    48.4
0.2360        -6036.745    -6042.861        6.116    48.5
0.2365        -6036.731    -6042.861        6.130    48.6
0.2370        -6036.725    -6042.861        6.136    48.7
0.2375        -6036.698    -6042.860        6.162    48.9
0.2380        -6036.694    -6042.859        6.164    48.9
0.2385        -6036.672    -6042.856        6.184    49.1
0.2390        -6036.647    -6042.854        6.206    49.2
0.2395        -6036.635    -6042.850        6.215    49.3
0.2400        -6036.639    -6042.846        6.207    49.3
0.2405        -6036.602    -6042.842        6.240    49.5
0.2410        -6036.588    -6042.836        6.248    49.6
0.2415        -6036.593    -6042.830        6.237    49.5
0.2420        -6036.589    -6042.823        6.234    49.5
0.2425        -6036.592    -6042.815        6.223    49.4
0.2430        -6036.577    -6042.807        6.229    49.4
0.2435        -6036.553    -6042.798        6.245    49.6
0.2440        -6036.529    -6042.789        6.260    49.7
0.2445        -6036.511    -6042.780        6.269    49.7
0.2450        -6036.492    -6042.770        6.278    49.8
0.2455        -6036.469    -6042.758        6.290    49.9
0.2460        -6036.423    -6042.747        6.324    50.2
0.2465        -6036.411    -6042.734        6.323    50.2
0.2470        -6036.412    -6042.721        6.309    50.1
0.2475        -6036.399    -6042.708        6.309    50.1
0.2480        -6036.399    -6042.694        6.295    50.0
0.2485        -6036.377    -6042.680        6.303    50.0
0.2490        -6036.372    -6042.665        6.293    49.9
0.2495        -6036.344    -6042.651        6.306    50.0
0.2500        -6036.338    -6042.636        6.298    50.0
0.2505        -6036.327    -6042.620        6.293    49.9
0.2510        -6036.321    -6042.605        6.284    49.9
0.2515        -6036.304    -6042.590        6.286    49.9
0.2520        -6036.293    -6042.575        6.282    49.8
0.2525        -6036.270    -6042.560        6.291    49.9
0.2530        -6036.235    -6042.546        6.311    50.1
0.2535        -6036.209    -6042.531        6.323    50.2
0.2540        -6036.199    -6042.517        6.318    50.1
0.2545        -6036.202    -6042.502        6.300    50.0
0.2550        -6036.173    -6042.488        6.315    50.1
0.2555        -6036.157    -6042.474        6.317    50.1
0.2560        -6036.112    -6042.460        6.348    50.4
0.2565        -6036.089    -6042.446        6.357    50.4
0.2570        -6036.073    -6042.432        6.359    50.5
0.2575        -6036.059    -6042.418        6.359    50.5
0.2580        -6036.035    -6042.404        6.369    50.5
0.2585        -6035.986    -6042.390        6.404    50.8
0.2590        -6035.985    -6042.377        6.392    50.7
0.2595        -6035.941    -6042.363        6.422    51.0
0.2600        -6035.918    -6042.349        6.431    51.0
0.2605        -6035.912    -6042.335        6.423    51.0
0.2610        -6035.890    -6042.321        6.432    51.0
0.2615        -6035.864    -6042.307        6.443    51.1
0.2620        -6035.843    -6042.292        6.449    51.2
0.2625        -6035.832    -6042.277        6.444    51.1
0.2630        -6035.839    -6042.261        6.422    51.0
0.2635        -6035.824    -6042.244        6.421    50.9
0.2640        -6035.805    -6042.227        6.422    51.0
0.2645        -6035.791    -6042.209        6.419    50.9
0.2650        -6035.788    -6042.191        6.403    50.8
0.2655        -6035.745    -6042.173        6.428    51.0
0.2660        -6035.734    -6042.154        6.419    50.9
0.2665        -6035.710    -6042.135        6.424    51.0
0.2670        -6035.673    -6042.115        6.442    51.1
0.2675        -6035.644    -6042.095        6.451    51.2
0.2680        -6035.621    -6042.075        6.455    51.2
0.2685        -6035.603    -6042.055        6.452    51.2
0.2690        -6035.582    -6042.035        6.454    51.2
0.2695        -6035.578    -6042.016        6.438    51.1
0.2700        -6035.549    -6041.996        6.447    51.2
0.2705        -6035.496    -6041.976        6.481    51.4
0.2710        -6035.494    -6041.957        6.464    51.3
0.2715        -6035.475    -6041.939        6.465    51.3
0.2720        -6035.457    -6041.922        6.465    51.3
0.2725        -6035.455    -6041.904        6.449    51.2
0.2730        -6035.435    -6041.887        6.452    51.2
0.2735        -6035.422    -6041.871        6.448    51.2
0.2740        -6035.391    -6041.855        6.464    51.3
0.2745        -6035.351    -6041.840        6.490    51.5
0.2750        -6035.334    -6041.825        6.491    51.5
0.2755        -6035.330    -6041.811        6.481    51.4
0.2760        -6035.320    -6041.797        6.478    51.4
0.2765        -6035.292    -6041.785        6.493    51.5
0.2770        -6035.290    -6041.773        6.484    51.4
0.2775        -6035.282    -6041.763        6.480    51.4
0.2780        -6035.261    -6041.752        6.491    51.5
0.2785        -6035.254    -6041.742        6.488    51.5
0.2790        -6035.248    -6041.733        6.485    51.5
0.2795        -6035.220    -6041.725        6.505    51.6
0.2800        -6035.192    -6041.718        6.526    51.8
0.2805        -6035.178    -6041.712        6.533    51.8
0.2810        -6035.149    -6041.706        6.557    52.0
0.2815        -6035.139    -6041.700        6.561    52.1
0.2820        -6035.131    -6041.696        6.564    52.1
0.2825        -6035.115    -6041.692        6.576    52.2
0.2830        -6035.115    -6041.689        6.573    52.2
0.2835        -6035.094    -6041.687        6.593    52.3
0.2840        -6035.061    -6041.686        6.625    52.6
0.2845        -6035.022    -6041.685        6.663    52.9
0.2850        -6035.014    -6041.686        6.672    52.9
0.2855        -6035.003    -6041.688        6.685    53.0
0.2860        -6034.988    -6041.690        6.703    53.2
0.2865        -6034.974    -6041.693        6.719    53.3
0.2870        -6034.957    -6041.696        6.739    53.5
0.2875        -6034.936    -6041.700        6.763    53.7
0.2880        -6034.907    -6041.704        6.797    53.9
0.2885        -6034.905    -6041.709        6.804    54.0
0.2890        -6034.915    -6041.715        6.800    54.0
0.2895        -6034.917    -6041.720        6.803    54.0
0.2900        -6034.896    -6041.725        6.829    54.2
0.2905        -6034.885    -6041.729        6.844    54.3
0.2910        -6034.872    -6041.734        6.862    54.5
0.2915        -6034.854    -6041.739        6.884    54.6
0.2920        -6034.841    -6041.744        6.902    54.8
0.2925        -6034.842    -6041.748        6.907    54.8
0.2930        -6034.860    -6041.753        6.893    54.7
0.2935        -6034.836    -6041.757        6.921    54.9
0.2940        -6034.817    -6041.760        6.943    55.1
0.2945        -6034.786    -6041.763        6.978    55.4
0.2950        -6034.784    -6041.766        6.982    55.4
0.2955        -6034.763    -6041.768        7.005    55.6
0.2960        -6034.758    -6041.768        7.011    55.6
0.2965        -6034.768    -6041.768        7.000    55.5
0.2970        -6034.764    -6041.767        7.003    55.6
0.2975        -6034.733    -6041.766        7.033    55.8
0.2980        -6034.706    -6041.764        7.057    56.0
0.2985        -6034.708    -6041.760        7.052    56.0
0.2990        -6034.720    -6041.756        7.037    55.8
0.2995        -6034.706    -6041.752        7.046    55.9
0.3000        -6034.693    -6041.746        7.053    56.0
0.3005        -6034.696    -6041.739        7.043    55.9
0.3010        -6034.669    -6041.731        7.062    56.0
0.3015        -6034.636    -6041.723        7.087    56.2
0.3020        -6034.615    -6041.714        7.099    56.3
0.3025        -6034.590    -6041.704        7.114    56.4
0.3030        -6034.557    -6041.694        7.137    56.6
0.3035        -6034.535    -6041.683        7.147    56.7
0.3040        -6034.527    -6041.671        7.144    56.7
0.3045        -6034.512    -6041.658        7.146    56.7
0.3050        -6034.496    -6041.645        7.149    56.7
0.3055        -6034.495    -6041.631        7.135    56.6
0.3060        -6034.477    -6041.615        7.139    56.6
0.3065        -6034.447    -6041.599        7.152    56.8
0.3070        -6034.454    -6041.583        7.128    56.6
0.3075        -6034.462    -6041.565        7.103    56.4
0.3080        -6034.456    -6041.546        7.090    56.3
0.3085        -6034.444    -6041.527        7.083    56.2
0.3090        -6034.419    -6041.508        7.089    56.3
0.3095        -6034.389    -6041.487        7.098    56.3
0.3100        -6034.397    -6041.466        7.069    56.1
0.3105        -6034.393    -6041.444        7.051    55.9
0.3110        -6034.391    -6041.421        7.030    55.8
0.3115        -6034.403    -6041.398        6.995    55.5
0.3120        -6034.414    -6041.374        6.961    55.2
0.3125        -6034.404    -6041.351        6.946    55.1
0.3130        -6034.366    -6041.327        6.961    55.2
0.3135        -6034.357    -6041.302        6.945    55.1
0.3140        -6034.324    -6041.278        6.954    55.2
0.3145        -6034.305    -6041.253        6.948    55.1
0.3150        -6034.306    -6041.229        6.923    54.9
0.3155        -6034.299    -6041.204        6.905    54.8
0.3160        -6034.269    -6041.180        6.911    54.8
0.3165        -6034.256    -6041.155        6.899    54.7
0.3170        -6034.262    -6041.131        6.869    54.5
0.3175        -6034.249    -6041.107        6.858    54.4
0.3180        -6034.212    -6041.083        6.870    54.5
0.3185        -6034.188    -6041.059        6.871    54.5
0.3190        -6034.175    -6041.034        6.859    54.4
0.3195        -6034.151    -6041.010        6.859    54.4
0.3200        -6034.135    -6040.987        6.852    54.4
0.3205        -6034.093    -6040.963        6.870    54.5
0.3210        -6034.069    -6040.939        6.870    54.5
0.3215        -6034.025    -6040.915        6.891    54.7
0.3220        -6034.029    -6040.891        6.861    54.4
0.3225        -6034.022    -6040.867        6.845    54.3
0.3230        -6034.010    -6040.843        6.833    54.2
0.3235        -6034.010    -6040.818        6.808    54.0
0.3240        -6033.994    -6040.794        6.799    54.0
0.3245        -6033.951    -6040.770        6.819    54.1
0.3250        -6033.946    -6040.746        6.800    54.0
0.3255        -6033.939    -6040.723        6.783    53.8
0.3260        -6033.920    -6040.699        6.779    53.8
0.3265        -6033.919    -6040.676        6.757    53.6
0.3270        -6033.919    -6040.653        6.734    53.4
0.3275        -6033.902    -6040.632        6.729    53.4
0.3280        -6033.898    -6040.610        6.712    53.3
0.3285        -6033.880    -6040.589        6.710    53.2
0.3290        -6033.861    -6040.569        6.708    53.2
0.3295        -6033.819    -6040.548        6.729    53.4
0.3300        -6033.799    -6040.528        6.729    53.4
0.3305        -6033.781    -6040.508        6.727    53.4
0.3310        -6033.757    -6040.489        6.732    53.4
0.3315        -6033.736    -6040.469        6.733    53.4
0.3320        -6033.708    -6040.450        6.743    53.5
0.3325        -6033.674    -6040.431        6.758    53.6
0.3330        -6033.660    -6040.413        6.753    53.6
0.3335        -6033.638    -6040.394        6.756    53.6
0.3340        -6033.640    -6040.376        6.736    53.5
0.3345        -6033.632    -6040.358        6.726    53.4
0.3350        -6033.624    -6040.341        6.717    53.3
0.3355        -6033.607    -6040.324        6.717    53.3
0.3360        -6033.615    -6040.308        6.694    53.1
0.3365        -6033.590    -6040.293        6.703    53.2
0.3370        -6033.599    -6040.277        6.678    53.0
0.3375        -6033.573    -6040.262        6.690    53.1
0.3380        -6033.556    -6040.248        6.692    53.1
0.3385        -6033.573    -6040.234        6.661    52.9
0.3390        -6033.556    -6040.220        6.665    52.9
0.3395        -6033.543    -6040.207        6.664    52.9
0.3400        -6033.536    -6040.195        6.659    52.8
0.3405        -6033.518    -6040.182        6.664    52.9
0.3410        -6033.499    -6040.171        6.672    52.9
0.3415        -6033.469    -6040.161        6.692    53.1
0.3420        -6033.434    -6040.152        6.718    53.3
0.3425        -6033.442    -6040.144        6.702    53.2
0.3430        -6033.431    -6040.136        6.705    53.2
0.3435        -6033.417    -6040.128        6.710    53.2
0.3440        -6033.389    -6040.120        6.731    53.4
0.3445        -6033.366    -6040.113        6.747    53.5
0.3450        -6033.337    -6040.106        6.769    53.7
0.3455        -6033.328    -6040.099        6.772    53.7
0.3460        -6033.296    -6040.093        6.797    53.9
0.3465        -6033.272    -6040.087        6.816    54.1
0.3470        -6033.259    -6040.082        6.823    54.1
0.3475        -6033.244    -6040.078        6.834    54.2
0.3480        -6033.225    -6040.073        6.848    54.3
0.3485        -6033.230    -6040.070        6.840    54.3
0.3490        -6033.183    -6040.068        6.885    54.6
0.3495        -6033.143    -6040.066        6.923    54.9
0.3500        -6033.103    -6040.065        6.961    55.2
0.3505        -6033.104    -6040.064        6.960    55.2
0.3510        -6033.089    -6040.064        6.974    55.3
0.3515        -6033.059    -6040.064        7.005    55.6
0.3520        -6033.032    -6040.065        7.032    55.8
0.3525        -6033.003    -6040.066        7.063    56.0
0.3530        -6033.002    -6040.069        7.067    56.1
0.3535        -6033.014    -6040.072        7.058    56.0
0.3540        -6032.991    -6040.075        7.085    56.2
0.3545        -6032.983    -6040.079        7.097    56.3
0.3550        -6032.969    -6040.083        7.114    56.5
0.3555        -6032.974    -6040.088        7.115    56.5
0.3560        -6032.970    -6040.093        7.123    56.5
0.3565        -6032.950    -6040.099        7.149    56.7
0.3570        -6032.922    -6040.105        7.183    57.0
0.3575        -6032.910    -6040.112        7.202    57.1
0.3580        -6032.906    -6040.120        7.214    57.2
0.3585        -6032.899    -6040.128        7.229    57.4
0.3590        -6032.873    -6040.138        7.265    57.6
0.3595        -6032.843    -6040.148        7.305    58.0
0.3600        -6032.817    -6040.159        7.342    58.3
0.3605        -6032.798    -6040.172        7.374    58.5
0.3610        -6032.788    -6040.184        7.396    58.7
0.3615        -6032.771    -6040.197        7.426    58.9
0.3620        -6032.761    -6040.210        7.449    59.1
0.3625        -6032.758    -6040.224        7.466    59.2
0.3630        -6032.740    -6040.238        7.498    59.5
0.3635        -6032.705    -6040.253        7.547    59.9
0.3640        -6032.669    -6040.267        7.598    60.3
0.3645        -6032.649    -6040.282        7.633    60.6
0.3650        -6032.615    -6040.297        7.683    61.0
0.3655        -6032.602    -6040.312        7.710    61.2
0.3660        -6032.599    -6040.327        7.728    61.3
0.3665        -6032.582    -6040.341        7.759    61.6
0.3670        -6032.554    -6040.355        7.802    61.9
0.3675        -6032.542    -6040.369        7.827    62.1
0.3680        -6032.533    -6040.382        7.849    62.3
0.3685        -6032.527    -6040.394        7.867    62.4
0.3690        -6032.492    -6040.406        7.914    62.8
0.3695        -6032.488    -6040.417        7.929    62.9
0.3700        -6032.476    -6040.428        7.952    63.1
0.3705        -6032.479    -6040.438        7.959    63.2
0.3710        -6032.465    -6040.448        7.982    63.3
0.3715        -6032.444    -6040.457        8.013    63.6
0.3720        -6032.444    -6040.465        8.021    63.6
0.3725        -6032.424    -6040.473        8.049    63.9
0.3730        -6032.397    -6040.480        8.083    64.1
0.3735        -6032.378    -6040.486        8.108    64.3
0.3740        -6032.349    -6040.491        8.142    64.6
0.3745        -6032.319    -6040.495        8.176    64.9
0.3750        -6032.304    -6040.498        8.194    65.0
0.3755        -6032.291    -6040.502        8.211    65.1
0.3760        -6032.281    -6040.505        8.224    65.3
0.3765        -6032.280    -6040.507        8.227    65.3
0.3770        -6032.274    -6040.509        8.235    65.3
0.3775        -6032.253    -6040.511        8.258    65.5
0.3780        -6032.248    -6040.512        8.263    65.6
0.3785        -6032.240    -6040.511        8.271    65.6
0.3790        -6032.246    -6040.510        8.264    65.6
0.3795        -6032.189    -6040.509        8.319    66.0
0.3800        -6032.174    -6040.507        8.333    66.1
0.3805        -6032.162    -6040.505        8.344    66.2
0.3810        -6032.138    -6040.502        8.364    66.4
0.3815        -6032.118    -6040.497        8.379    66.5
0.3820        -6032.097    -6040.492        8.394    66.6
0.3825        -6032.079    -6040.485        8.406    66.7
0.3830        -6032.058    -6040.477        8.419    66.8
0.3835        -6032.021    -6040.469        8.448    67.0
0.3840        -6031.997    -6040.459        8.462    67.1
0.3845        -6031.982    -6040.449        8.467    67.2
0.3850        -6031.958    -6040.439        8.481    67.3
0.3855        -6031.956    -6040.427        8.472    67.2
0.3860        -6031.938    -6040.415        8.477    67.3
0.3865        -6031.898    -6040.402        8.504    67.5
0.3870        -6031.902    -6040.389        8.487    67.3
0.3875        -6031.894    -6040.375        8.480    67.3
0.3880        -6031.862    -6040.360        8.498    67.4
0.3885        -6031.850    -6040.345        8.495    67.4
0.3890        -6031.839    -6040.329        8.490    67.4
0.3895        -6031.836    -6040.313        8.477    67.3
0.3900        -6031.830    -6040.297        8.467    67.2
0.3905        -6031.811    -6040.281        8.471    67.2
0.3910        -6031.795    -6040.266        8.471    67.2
0.3915        -6031.805    -6040.251        8.446    67.0
0.3920        -6031.772    -6040.237        8.464    67.2
0.3925        -6031.757    -6040.222        8.465    67.2
0.3930        -6031.743    -6040.209        8.465    67.2
0.3935        -6031.696    -6040.195        8.499    67.4
0.3940        -6031.694    -6040.180        8.486    67.3
0.3945        -6031.692    -6040.166        8.475    67.2
0.3950        -6031.666    -6040.153        8.487    67.3
0.3955        -6031.664    -6040.140        8.477    67.3
0.3960        -6031.628    -6040.127        8.499    67.4
0.3965        -6031.623    -6040.116        8.492    67.4
0.3970        -6031.591    -6040.105        8.514    67.6
0.3975        -6031.590    -6040.095        8.505    67.5
0.3980        -6031.560    -6040.085        8.525    67.6
0.3985        -6031.543    -6040.076        8.533    67.7
0.3990        -6031.571    -6040.068        8.497    67.4
0.3995        -6031.589    -6040.061        8.472    67.2
0.4000        -6031.582    -6040.053        8.471    67.2
0.4005        -6031.569    -6040.046        8.477    67.3
0.4010        -6031.549    -6040.040        8.491    67.4
0.4015        -6031.540    -6040.034        8.494    67.4
0.4020        -6031.515    -6040.029        8.514    67.6
0.4025        -6031.494    -6040.025        8.531    67.7
0.4030        -6031.471    -6040.022        8.551    67.9
0.4035        -6031.450    -6040.020        8.570    68.0
0.4040        -6031.454    -6040.019        8.565    68.0
0.4045        -6031.432    -6040.018        8.586    68.1
0.4050        -6031.427    -6040.018        8.592    68.2
0.4055        -6031.426    -6040.018        8.593    68.2
0.4060        -6031.402    -6040.019        8.617    68.4
0.4065        -6031.382    -6040.021        8.638    68.5
0.4070        -6031.366    -6040.022        8.657    68.7
0.4075        -6031.338    -6040.024        8.686    68.9
0.4080        -6031.323    -6040.026        8.703    69.1
0.4085        -6031.272    -6040.029        8.757    69.5
0.4090        -6031.251    -6040.032        8.781    69.7
0.4095        -6031.241    -6040.034        8.793    69.8
0.4100        -6031.203    -6040.037        8.834    70.1
0.4105        -6031.193    -6040.039        8.847    70.2
0.4110        -6031.162    -6040.042        8.880    70.5
0.4115        -6031.149    -6040.045        8.896    70.6
0.4120        -6031.128    -6040.048        8.920    70.8
0.4125        -6031.088    -6040.050        8.962    71.1
0.4130        -6031.057    -6040.052        8.995    71.4
0.4135        -6031.034    -6040.052        9.018    71.6
0.4140        -6031.019    -6040.052        9.033    71.7
0.4145        -6030.997    -6040.051        9.054    71.8
0.4150        -6030.938    -6040.049        9.111    72.3
0.4155        -6030.925    -6040.048        9.123    72.4
0.4160        -6030.877    -6040.046        9.168    72.7
0.4165        -6030.863    -6040.042        9.179    72.8
0.4170        -6030.848    -6040.037        9.189    72.9
0.4175        -6030.851    -6040.031        9.180    72.8
0.4180        -6030.855    -6040.024        9.169    72.8
0.4185        -6030.834    -6040.016        9.182    72.9
0.4190        -6030.821    -6040.007        9.186    72.9
0.4195        -6030.828    -6039.997        9.169    72.8
0.4200        -6030.809    -6039.987        9.177    72.8
0.4205        -6030.825    -6039.976        9.151    72.6
0.4210        -6030.810    -6039.964        9.154    72.6
0.4215        -6030.796    -6039.951        9.155    72.6
0.4220        -6030.786    -6039.938        9.152    72.6
0.4225        -6030.769    -6039.925        9.156    72.6
0.4230        -6030.760    -6039.911        9.151    72.6
0.4235        -6030.773    -6039.897        9.123    72.4
0.4240        -6030.801    -6039.883        9.082    72.1
0.4245        -6030.785    -6039.869        9.085    72.1
0.4250        -6030.747    -6039.856        9.109    72.3
0.4255        -6030.752    -6039.843        9.091    72.1
0.4260        -6030.747    -6039.830        9.083    72.1
0.4265        -6030.784    -6039.818        9.033    71.7
0.4270        -6030.742    -6039.806        9.064    71.9
0.4275        -6030.740    -6039.794        9.055    71.8
0.4280        -6030.723    -6039.784        9.061    71.9
0.4285        -6030.730    -6039.774        9.044    71.8
0.4290        -6030.718    -6039.765        9.046    71.8
0.4295        -6030.706    -6039.756        9.050    71.8
0.4300        -6030.685    -6039.748        9.063    71.9
0.4305        -6030.682    -6039.740        9.058    71.9
0.4310        -6030.688    -6039.733        9.045    71.8
0.4315        -6030.694    -6039.726        9.032    71.7
0.4320        -6030.673    -6039.720        9.047    71.8
0.4325        -6030.669    -6039.715        9.046    71.8
0.4330        -6030.650    -6039.711        9.061    71.9
0.4335        -6030.645    -6039.707        9.062    71.9
0.4340        -6030.626    -6039.704        9.078    72.0
0.4345        -6030.621    -6039.702        9.080    72.0
0.4350        -6030.613    -6039.700        9.087    72.1
0.4355        -6030.604    -6039.699        9.095    72.2
0.4360        -6030.604    -6039.699        9.095    72.2
0.4365        -6030.575    -6039.699        9.125    72.4
0.4370        -6030.560    -6039.700        9.141    72.5
0.4375        -6030.537    -6039.701        9.164    72.7
0.4380        -6030.516    -6039.703        9.187    72.9
0.4385        -6030.479    -6039.704        9.225    73.2
0.4390        -6030.452    -6039.705        9.253    73.4
0.4395        -6030.431    -6039.706        9.275    73.6
0.4400        -6030.404    -6039.707        9.303    73.8
0.4405        -6030.417    -6039.707        9.290    73.7
0.4410        -6030.395    -6039.708        9.312    73.9
0.4415        -6030.387    -6039.708        9.321    74.0
0.4420        -6030.365    -6039.706        9.342    74.1
0.4425        -6030.367    -6039.704        9.337    74.1
0.4430        -6030.330    -6039.701        9.370    74.4
0.4435        -6030.308    -6039.697        9.389    74.5
0.4440        -6030.293    -6039.692        9.399    74.6
0.4445        -6030.277    -6039.687        9.409    74.7
0.4450        -6030.262    -6039.681        9.418    74.7
0.4455        -6030.299    -6039.674        9.374    74.4
0.4460        -6030.281    -6039.666        9.385    74.5
0.4465        -6030.270    -6039.657        9.387    74.5
0.4470        -6030.267    -6039.647        9.381    74.4
0.4475        -6030.252    -6039.637        9.385    74.5
0.4480        -6030.255    -6039.625        9.369    74.3
0.4485        -6030.208    -6039.612        9.404    74.6
0.4490        -6030.182    -6039.598        9.416    74.7
0.4495        -6030.170    -6039.584        9.414    74.7
0.4500        -6030.169    -6039.570        9.400    74.6
0.4505        -6030.180    -6039.555        9.375    74.4
0.4510        -6030.155    -6039.540        9.385    74.5
0.4515        -6030.126    -6039.524        9.398    74.6
0.4520        -6030.097    -6039.508        9.410    74.7
0.4525        -6030.071    -6039.491        9.420    74.7
0.4530        -6030.069    -6039.473        9.404    74.6
0.4535        -6030.031    -6039.456        9.424    74.8
0.4540        -6030.018    -6039.437        9.420    74.7
0.4545        -6030.009    -6039.420        9.411    74.7
0.4550        -6030.000    -6039.402        9.402    74.6
0.4555        -6029.974    -6039.385        9.411    74.7
0.4560        -6029.951    -6039.367        9.415    74.7
0.4565        -6029.946    -6039.349        9.403    74.6
0.4570        -6029.937    -6039.331        9.394    74.5
0.4575        -6029.916    -6039.313        9.397    74.6
0.4580        -6029.916    -6039.295        9.378    74.4
0.4585        -6029.915    -6039.277        9.362    74.3
0.4590        -6029.894    -6039.259        9.365    74.3
0.4595        -6029.884    -6039.242        9.358    74.3
0.4600        -6029.869    -6039.224        9.356    74.2
0.4605        -6029.860    -6039.207        9.347    74.2
0.4610        -6029.845    -6039.190        9.345    74.2
0.4615        -6029.822    -6039.174        9.352    74.2
0.4620        -6029.784    -6039.157        9.373    74.4
0.4625        -6029.778    -6039.140        9.362    74.3
0.4630        -6029.779    -6039.122        9.343    74.1
0.4635        -6029.769    -6039.104        9.335    74.1
0.4640        -6029.753    -6039.086        9.332    74.0
0.4645        -6029.739    -6039.068        9.329    74.0
0.4650        -6029.748    -6039.050        9.301    73.8
0.4655        -6029.714    -6039.032        9.318    73.9
0.4660        -6029.698    -6039.015        9.317    73.9
0.4665        -6029.701    -6038.998        9.297    73.8
0.4670        -6029.687    -6038.981        9.294    73.7
0.4675        -6029.669    -6038.965        9.295    73.8
0.4680        -6029.658    -6038.948        9.290    73.7
0.4685        -6029.650    -6038.932        9.282    73.7
0.4690        -6029.644    -6038.917        9.273    73.6
0.4695        -6029.608    -6038.901        9.294    73.7
0.4700        -6029.608    -6038.886        9.278    73.6
0.4705        -6029.557    -6038.872        9.315    73.9
0.4710        -6029.518    -6038.858        9.340    74.1
0.4715        -6029.505    -6038.844        9.339    74.1
0.4720        -6029.479    -6038.832        9.352    74.2
0.4725        -6029.458    -6038.818        9.361    74.3
0.4730        -6029.450    -6038.806        9.356    74.2
0.4735        -6029.404    -6038.794        9.390    74.5
0.4740        -6029.432    -6038.783        9.350    74.2
0.4745        -6029.451    -6038.772        9.321    74.0
0.4750        -6029.432    -6038.761        9.329    74.0
0.4755        -6029.411    -6038.750        9.339    74.1
0.4760        -6029.397    -6038.738        9.341    74.1
0.4765        -6029.377    -6038.727        9.350    74.2
0.4770        -6029.368    -6038.715        9.347    74.2
0.4775        -6029.346    -6038.704        9.358    74.3
0.4780        -6029.314    -6038.693        9.379    74.4
0.4785        -6029.295    -6038.682        9.387    74.5
0.4790        -6029.274    -6038.670        9.396    74.6
0.4795        -6029.275    -6038.658        9.383    74.5
0.4800        -6029.248    -6038.647        9.399    74.6
0.4805        -6029.268    -6038.635        9.367    74.3
0.4810        -6029.253    -6038.622        9.369    74.3
0.4815        -6029.256    -6038.609        9.353    74.2
0.4820        -6029.271    -6038.596        9.325    74.0
0.4825        -6029.247    -6038.581        9.335    74.1
0.4830        -6029.228    -6038.567        9.339    74.1
0.4835        -6029.215    -6038.551        9.336    74.1
0.4840        -6029.219    -6038.536        9.317    73.9
0.4845        -6029.213    -6038.519        9.307    73.8
0.4850        -6029.177    -6038.502        9.326    74.0
0.4855        -6029.156    -6038.485        9.330    74.0
0.4860        -6029.151    -6038.467        9.315    73.9
0.4865        -6029.134    -6038.449        9.315    73.9
0.4870        -6029.149    -6038.430        9.281    73.6
0.4875        -6029.135    -6038.411        9.276    73.6
0.4880        -6029.132    -6038.391        9.259    73.5
0.4885        -6029.133    -6038.372        9.239    73.3
0.4890        -6029.100    -6038.352        9.252    73.4
0.4895        -6029.100    -6038.332        9.232    73.3
0.4900        -6029.096    -6038.313        9.216    73.1
0.4905        -6029.078    -6038.294        9.216    73.1
0.4910        -6029.066    -6038.275        9.209    73.1
0.4915        -6029.042    -6038.256        9.214    73.1
0.4920        -6029.066    -6038.237        9.171    72.8
0.4925        -6029.040    -6038.219        9.179    72.8
0.4930        -6029.055    -6038.200        9.145    72.6
0.4935        -6029.050    -6038.182        9.132    72.5
0.4940        -6029.049    -6038.165        9.115    72.3
0.4945        -6029.031    -6038.148        9.118    72.3
0.4950        -6029.040    -6038.133        9.093    72.1
0.4955        -6029.035    -6038.117        9.083    72.1
0.4960        -6029.037    -6038.103        9.065    71.9
0.4965        -6029.027    -6038.088        9.061    71.9
0.4970        -6029.001    -6038.074        9.074    72.0
0.4975        -6029.007    -6038.061        9.054    71.8
0.4980        -6028.986    -6038.049        9.063    71.9
0.4985        -6028.971    -6038.038        9.067    71.9
0.4990        -6028.961    -6038.029        9.068    72.0
0.4995        -6028.960    -6038.020        9.061    71.9
0.5000        -6028.960    -6038.013        9.053    71.8
0.5005        -6028.950    -6038.007        9.057    71.9
0.5010        -6028.925    -6038.002        9.077    72.0
0.5015        -6028.939    -6037.997        9.058    71.9
0.5020        -6028.920    -6037.995        9.075    72.0
0.5025        -6028.920    -6037.994        9.074    72.0
0.5030        -6028.912    -6037.995        9.084    72.1
0.5035        -6028.893    -6037.999        9.106    72.3
0.5040        -6028.889    -6038.003        9.115    72.3
0.5045        -6028.880    -6038.009        9.130    72.4
0.5050        -6028.887    -6038.016        9.130    72.4
0.5055        -6028.885    -6038.025        9.140    72.5
0.5060        -6028.868    -6038.036        9.168    72.7
0.5065        -6028.874    -6038.047        9.174    72.8
0.5070        -6028.835    -6038.060        9.225    73.2
0.5075        -6028.819    -6038.073        9.254    73.4
0.5080        -6028.805    -6038.087        9.282    73.6
0.5085        -6028.801    -6038.102        9.302    73.8
0.5090        -6028.795    -6038.118        9.323    74.0
0.5095        -6028.788    -6038.135        9.348    74.2
0.5100        -6028.768    -6038.152        9.385    74.5
0.5105        -6028.752    -6038.171        9.418    74.7
0.5110        -6028.723    -6038.189        9.466    75.1
0.5115        -6028.704    -6038.208        9.505    75.4
0.5120        -6028.690    -6038.228        9.537    75.7
0.5125        -6028.668    -6038.247        9.579    76.0
0.5130        -6028.642    -6038.267        9.624    76.4
0.5135        -6028.636    -6038.287        9.650    76.6
0.5140        -6028.625    -6038.306        9.682    76.8
0.5145        -6028.597    -6038.326        9.730    77.2
0.5150        -6028.590    -6038.345        9.755    77.4
0.5155        -6028.570    -6038.363        9.793    77.7
0.5160        -6028.555    -6038.381        9.826    78.0
0.5165        -6028.533    -6038.398        9.865    78.3
0.5170        -6028.532    -6038.415        9.884    78.4
0.5175        -6028.528    -6038.432        9.904    78.6
0.5180        -6028.525    -6038.447        9.922    78.7
0.5185        -6028.512    -6038.461        9.949    78.9
0.5190        -6028.502    -6038.474        9.972    79.1
0.5195        -6028.497    -6038.487        9.990    79.3
0.5200        -6028.487    -6038.498       10.011    79.4
0.5205        -6028.470    -6038.508       10.037    79.6
0.5210        -6028.423    -6038.516       10.093    80.1
0.5215        -6028.432    -6038.523       10.091    80.1
0.5220        -6028.469    -6038.529       10.060    79.8
0.5225        -6028.453    -6038.534       10.080    80.0
0.5230        -6028.429    -6038.537       10.108    80.2
0.5235        -6028.418    -6038.540       10.122    80.3
0.5240        -6028.388    -6038.541       10.153    80.6
0.5245        -6028.381    -6038.540       10.160    80.6
0.5250        -6028.360    -6038.538       10.178    80.8
0.5255        -6028.358    -6038.534       10.176    80.7
0.5260        -6028.355    -6038.529       10.174    80.7
0.5265        -6028.369    -6038.523       10.154    80.6
0.5270        -6028.338    -6038.515       10.177    80.8
0.5275        -6028.318    -6038.506       10.189    80.8
0.5280        -6028.311    -6038.497       10.186    80.8
0.5285        -6028.313    -6038.486       10.173    80.7
0.5290        -6028.280    -6038.474       10.194    80.9
0.5295        -6028.278    -6038.461       10.183    80.8
0.5300        -6028.242    -6038.447       10.204    81.0
0.5305        -6028.236    -6038.432       10.196    80.9
0.5310        -6028.231    -6038.415       10.184    80.8
0.5315        -6028.225    -6038.397       10.172    80.7
0.5320        -6028.207    -6038.377       10.170    80.7
0.5325        -6028.207    -6038.356       10.150    80.5
0.5330        -6028.190    -6038.335       10.144    80.5
0.5335        -6028.177    -6038.313       10.136    80.4
0.5340        -6028.143    -6038.290       10.148    80.5
0.5345        -6028.154    -6038.267       10.113    80.2
0.5350        -6028.141    -6038.242       10.101    80.2
0.5355        -6028.103    -6038.217       10.114    80.2
0.5360        -6028.079    -6038.191       10.111    80.2
0.5365        -6028.059    -6038.164       10.105    80.2
0.5370        -6028.061    -6038.137       10.076    80.0
0.5375        -6028.057    -6038.110       10.054    79.8
0.5380        -6028.036    -6038.083       10.047    79.7
0.5385        -6028.011    -6038.055       10.044    79.7
0.5390        -6027.990    -6038.026       10.036    79.6
0.5395        -6027.949    -6037.998       10.049    79.7
0.5400        -6027.939    -6037.969       10.030    79.6
0.5405        -6027.904    -6037.940       10.036    79.6
0.5410        -6027.883    -6037.912       10.029    79.6
0.5415        -6027.870    -6037.884       10.014    79.5
0.5420        -6027.869    -6037.856        9.987    79.2
0.5425        -6027.860    -6037.829        9.970    79.1
0.5430        -6027.850    -6037.803        9.953    79.0
0.5435        -6027.852    -6037.777        9.926    78.8
0.5440        -6027.850    -6037.753        9.903    78.6
0.5445        -6027.860    -6037.729        9.869    78.3
0.5450        -6027.859    -6037.706        9.847    78.1
0.5455        -6027.840    -6037.685        9.845    78.1
0.5460        -6027.824    -6037.665        9.841    78.1
0.5465        -6027.790    -6037.647        9.857    78.2
0.5470        -6027.830    -6037.630        9.800    77.8
0.5475        -6027.816    -6037.615        9.799    77.8
0.5480        -6027.827    -6037.603        9.776    77.6
0.5485        -6027.820    -6037.592        9.772    77.5
0.5490        -6027.791    -6037.583        9.792    77.7
0.5495        -6027.783    -6037.577        9.794    77.7
0.5500        -6027.755    -6037.573        9.818    77.9
0.5505        -6027.761    -6037.572        9.811    77.8
0.5510        -6027.741    -6037.572        9.831    78.0
0.5515        -6027.727    -6037.575        9.847    78.1
0.5520        -6027.716    -6037.579        9.863    78.3
0.5525        -6027.719    -6037.584        9.865    78.3
0.5530        -6027.709    -6037.590        9.882    78.4
0.5535        -6027.706    -6037.599        9.893    78.5
0.5540        -6027.684    -6037.609        9.926    78.8
0.5545        -6027.651    -6037.621        9.970    79.1
0.5550        -6027.637    -6037.634        9.996    79.3
0.5555        -6027.621    -6037.647       10.026    79.6
0.5560        -6027.585    -6037.662       10.077    80.0
0.5565        -6027.588    -6037.677       10.090    80.1
0.5570        -6027.568    -6037.694       10.126    80.3
0.5575        -6027.577    -6037.712       10.135    80.4
0.5580        -6027.532    -6037.730       10.198    80.9
0.5585        -6027.532    -6037.748       10.217    81.1
0.5590        -6027.510    -6037.767       10.257    81.4
0.5595        -6027.509    -6037.787       10.278    81.6
0.5600        -6027.488    -6037.806       10.318    81.9
0.5605        -6027.495    -6037.826       10.331    82.0
0.5610        -6027.469    -6037.845       10.376    82.3
0.5615        -6027.430    -6037.863       10.433    82.8
0.5620        -6027.407    -6037.882       10.475    83.1
0.5625        -6027.392    -6037.900       10.508    83.4
0.5630        -6027.374    -6037.917       10.543    83.7
0.5635        -6027.337    -6037.934       10.597    84.1
0.5640        -6027.328    -6037.950       10.622    84.3
0.5645        -6027.329    -6037.965       10.636    84.4
0.5650        -6027.303    -6037.980       10.677    84.7
0.5655        -6027.284    -6037.993       10.710    85.0
0.5660        -6027.258    -6038.006       10.748    85.3
0.5665        -6027.226    -6038.017       10.791    85.6
0.5670        -6027.235    -6038.026       10.791    85.6
0.5675        -6027.229    -6038.035       10.806    85.7
0.5680        -6027.218    -6038.042       10.824    85.9
0.5685        -6027.213    -6038.048       10.835    86.0
0.5690        -6027.192    -6038.053       10.861    86.2
0.5695        -6027.192    -6038.058       10.866    86.2
0.5700        -6027.177    -6038.061       10.884    86.4
0.5705        -6027.160    -6038.063       10.903    86.5
0.5710        -6027.170    -6038.063       10.894    86.4
0.5715        -6027.178    -6038.063       10.884    86.4
0.5720        -6027.169    -6038.060       10.892    86.4
0.5725        -6027.156    -6038.057       10.902    86.5
0.5730        -6027.148    -6038.054       10.906    86.5
0.5735        -6027.170    -6038.048       10.878    86.3
0.5740        -6027.188    -6038.042       10.854    86.1
0.5745        -6027.156    -6038.035       10.879    86.3
0.5750        -6027.168    -6038.028       10.859    86.2
0.5755        -6027.155    -6038.020       10.864    86.2
0.5760        -6027.122    -6038.011       10.889    86.4
0.5765        -6027.115    -6038.002       10.888    86.4
0.5770        -6027.101    -6037.993       10.892    86.4
0.5775        -6027.065    -6037.983       10.918    86.6
0.5780        -6027.056    -6037.973       10.917    86.6
0.5785        -6027.028    -6037.962       10.933    86.8
0.5790        -6027.002    -6037.950       10.948    86.9
0.5795        -6027.000    -6037.938       10.938    86.8
0.5800        -6027.020    -6037.925       10.905    86.5
0.5805        -6027.023    -6037.912       10.889    86.4
0.5810        -6026.978    -6037.898       10.920    86.6
0.5815        -6026.971    -6037.884       10.912    86.6
0.5820        -6026.953    -6037.869       10.915    86.6
0.5825        -6026.943    -6037.854       10.911    86.6
0.5830        -6026.929    -6037.838       10.909    86.6
0.5835        -6026.915    -6037.822       10.908    86.5
0.5840        -6026.930    -6037.806       10.876    86.3
0.5845        -6026.883    -6037.789       10.906    86.5
0.5850        -6026.874    -6037.772       10.898    86.5
0.5855        -6026.855    -6037.754       10.900    86.5
0.5860        -6026.851    -6037.738       10.886    86.4
0.5865        -6026.833    -6037.721       10.888    86.4
0.5870        -6026.828    -6037.705       10.876    86.3
0.5875        -6026.822    -6037.688       10.867    86.2
0.5880        -6026.792    -6037.671       10.880    86.3
0.5885        -6026.773    -6037.654       10.882    86.3
0.5890        -6026.772    -6037.637       10.865    86.2
0.5895        -6026.762    -6037.620       10.858    86.2
0.5900        -6026.754    -6037.603       10.850    86.1
0.5905        -6026.724    -6037.587       10.863    86.2
0.5910        -6026.695    -6037.571       10.876    86.3
0.5915        -6026.663    -6037.555       10.892    86.4
0.5920        -6026.642    -6037.540       10.898    86.5
0.5925        -6026.603    -6037.524       10.921    86.7
0.5930        -6026.596    -6037.509       10.913    86.6
0.5935        -6026.572    -6037.494       10.922    86.7
0.5940        -6026.548    -6037.479       10.931    86.7
0.5945        -6026.528    -6037.465       10.937    86.8
0.5950        -6026.512    -6037.451       10.939    86.8
0.5955        -6026.503    -6037.438       10.935    86.8
0.5960        -6026.495    -6037.425       10.930    86.7
0.5965        -6026.511    -6037.413       10.902    86.5
0.5970        -6026.520    -6037.402       10.881    86.3
0.5975        -6026.526    -6037.391       10.865    86.2
0.5980        -6026.507    -6037.381       10.874    86.3
0.5985        -6026.495    -6037.372       10.877    86.3
0.5990        -6026.485    -6037.365       10.880    86.3
0.5995        -6026.450    -6037.358       10.908    86.5
0.6000        -6026.422    -6037.352       10.930    86.7
0.6005        -6026.397    -6037.348       10.951    86.9
0.6010        -6026.396    -6037.344       10.947    86.9
0.6015        -6026.385    -6037.340       10.955    86.9
0.6020        -6026.387    -6037.337       10.951    86.9
0.6025        -6026.370    -6037.336       10.965    87.0
0.6030        -6026.361    -6037.334       10.973    87.1
0.6035        -6026.377    -6037.333       10.956    86.9
0.6040        -6026.365    -6037.332       10.967    87.0
0.6045        -6026.364    -6037.332       10.968    87.0
0.6050        -6026.312    -6037.332       11.019    87.4
0.6055        -6026.291    -6037.332       11.041    87.6
0.6060        -6026.282    -6037.333       11.051    87.7
0.6065        -6026.236    -6037.334       11.098    88.1
0.6070        -6026.217    -6037.336       11.120    88.2
0.6075        -6026.196    -6037.338       11.142    88.4
0.6080        -6026.167    -6037.340       11.173    88.7
0.6085        -6026.160    -6037.343       11.183    88.7
0.6090        -6026.113    -6037.345       11.232    89.1
0.6095        -6026.118    -6037.348       11.229    89.1
0.6100        -6026.111    -6037.351       11.240    89.2
0.6105        -6026.089    -6037.354       11.265    89.4
0.6110        -6026.100    -6037.357       11.257    89.3
0.6115        -6026.084    -6037.361       11.277    89.5
0.6120        -6026.063    -6037.365       11.301    89.7
0.6125        -6026.076    -6037.369       11.293    89.6
0.6130        -6026.039    -6037.373       11.334    89.9
0.6135        -6026.020    -6037.378       11.358    90.1
0.6140        -6025.988    -6037.382       11.394    90.4
0.6145        -6025.973    -6037.386       11.413    90.6
0.6150        -6025.971    -6037.389       11.418    90.6
0.6155        -6025.939    -6037.393       11.454    90.9
0.6160        -6025.945    -6037.396       11.452    90.9
0.6165        -6025.940    -6037.400       11.460    90.9
0.6170        -6025.936    -6037.404       11.467    91.0
0.6175        -6025.962    -6037.406       11.444    90.8
0.6180        -6025.951    -6037.408       11.457    90.9
0.6185        -6025.951    -6037.409       11.458    90.9
0.6190        -6025.945    -6037.410       11.464    91.0
0.6195        -6025.922    -6037.410       11.487    91.1
0.6200        -6025.899    -6037.409       11.510    91.3
0.6205        -6025.883    -6037.407       11.524    91.4
0.6210        -6025.863    -6037.405       11.542    91.6
0.6215        -6025.853    -6037.404       11.551    91.7
0.6220        -6025.853    -6037.403       11.550    91.6
0.6225        -6025.835    -6037.402       11.567    91.8
0.6230        -6025.826    -6037.401       11.575    91.8
0.6235        -6025.818    -6037.399       11.581    91.9
0.6240        -6025.820    -6037.396       11.575    91.8
0.6245        -6025.819    -6037.393       11.573    91.8
0.6250        -6025.796    -6037.388       11.592    92.0
0.6255        -6025.750    -6037.383       11.634    92.3
0.6260        -6025.716    -6037.378       11.662    92.5
0.6265        -6025.715    -6037.372       11.658    92.5
0.6270        -6025.698    -6037.366       11.668    92.6
0.6275        -6025.676    -6037.360       11.684    92.7
0.6280        -6025.663    -6037.354       11.691    92.8
0.6285        -6025.634    -6037.347       11.713    92.9
0.6290        -6025.613    -6037.339       11.726    93.0
0.6295        -6025.583    -6037.331       11.747    93.2
0.6300        -6025.586    -6037.321       11.736    93.1
0.6305        -6025.557    -6037.311       11.755    93.3
0.6310        -6025.546    -6037.301       11.756    93.3
0.6315        -6025.542    -6037.292       11.750    93.2
0.6320        -6025.530    -6037.281       11.750    93.2
0.6325        -6025.523    -6037.269       11.745    93.2
0.6330        -6025.497    -6037.256       11.759    93.3
0.6335        -6025.508    -6037.244       11.736    93.1
0.6340        -6025.505    -6037.231       11.726    93.0
0.6345        -6025.509    -6037.218       11.709    92.9
0.6350        -6025.539    -6037.204       11.666    92.6
0.6355        -6025.502    -6037.190       11.688    92.7
0.6360        -6025.494    -6037.176       11.682    92.7
0.6365        -6025.481    -6037.160       11.679    92.7
0.6370        -6025.444    -6037.145       11.701    92.8
0.6375        -6025.424    -6037.129       11.706    92.9
0.6380        -6025.410    -6037.113       11.703    92.9
0.6385        -6025.405    -6037.096       11.692    92.8
0.6390        -6025.404    -6037.080       11.676    92.6
0.6395        -6025.404    -6037.064       11.659    92.5
0.6400        -6025.416    -6037.047       11.631    92.3
0.6405        -6025.408    -6037.030       11.623    92.2
0.6410        -6025.358    -6037.014       11.655    92.5
0.6415        -6025.314    -6036.997       11.683    92.7
0.6420        -6025.310    -6036.980       11.670    92.6
0.6425        -6025.319    -6036.963       11.644    92.4
0.6430        -6025.305    -6036.946       11.641    92.4
0.6435        -6025.305    -6036.928       11.623    92.2
0.6440        -6025.303    -6036.909       11.606    92.1
0.6445        -6025.301    -6036.891       11.589    92.0
0.6450        -6025.280    -6036.872       11.592    92.0
0.6455        -6025.267    -6036.853       11.587    91.9
0.6460        -6025.243    -6036.834       11.591    92.0
0.6465        -6025.253    -6036.815       11.562    91.7
0.6470        -6025.234    -6036.796       11.561    91.7
0.6475        -6025.222    -6036.776       11.554    91.7
0.6480        -6025.181    -6036.757       11.577    91.9
0.6485        -6025.168    -6036.738       11.570    91.8
0.6490        -6025.137    -6036.719       11.582    91.9
0.6495        -6025.125    -6036.700       11.575    91.8
0.6500        -6025.097    -6036.682       11.585    91.9
0.6505        -6025.053    -6036.664       11.611    92.1
0.6510        -6025.029    -6036.647       11.617    92.2
0.6515        -6025.003    -6036.630       11.628    92.3
0.6520        -6024.987    -6036.614       11.627    92.3
0.6525        -6025.011    -6036.598       11.586    91.9
0.6530        -6024.994    -6036.582       11.588    91.9
0.6535        -6024.966    -6036.566       11.600    92.0
0.6540        -6024.970    -6036.551       11.581    91.9
0.6545        -6024.948    -6036.535       11.587    91.9
0.6550        -6024.930    -6036.520       11.590    92.0
0.6555        -6024.914    -6036.505       11.591    92.0
0.6560        -6024.872    -6036.490       11.618    92.2
0.6565        -6024.855    -6036.475       11.620    92.2
0.6570        -6024.845    -6036.460       11.615    92.2
0.6575        -6024.827    -6036.445       11.617    92.2
0.6580        -6024.805    -6036.429       11.624    92.2
0.6585        -6024.794    -6036.413       11.619    92.2
0.6590        -6024.755    -6036.396       11.641    92.4
0.6595        -6024.721    -6036.380       11.659    92.5
0.6600        -6024.709    -6036.362       11.654    92.5
0.6605        -6024.685    -6036.345       11.659    92.5
0.6610        -6024.669    -6036.327       11.658    92.5
0.6615        -6024.651    -6036.310       11.659    92.5
0.6620        -6024.663    -6036.292       11.629    92.3
0.6625        -6024.647    -6036.274       11.627    92.3
0.6630        -6024.665    -6036.256       11.591    92.0
0.6635        -6024.646    -6036.238       11.592    92.0
0.6640        -6024.656    -6036.220       11.564    91.8
0.6645        -6024.625    -6036.203       11.578    91.9
0.6650        -6024.576    -6036.186       11.610    92.1
0.6655        -6024.561    -6036.168       11.607    92.1
0.6660        -6024.585    -6036.150       11.565    91.8
0.6665        -6024.572    -6036.131       11.559    91.7
0.6670        -6024.543    -6036.112       11.569    91.8
0.6675        -6024.487    -6036.094       11.606    92.1
0.6680        -6024.471    -6036.076       11.604    92.1
0.6685        -6024.446    -6036.058       11.612    92.1
0.6690        -6024.418    -6036.041       11.623    92.2
0.6695        -6024.389    -6036.024       11.634    92.3
0.6700        -6024.385    -6036.008       11.622    92.2
0.6705        -6024.344    -6035.993       11.649    92.4
0.6710        -6024.353    -6035.979       11.626    92.2
0.6715        -6024.324    -6035.965       11.641    92.4
0.6720        -6024.318    -6035.951       11.633    92.3
0.6725        -6024.310    -6035.938       11.629    92.3
0.6730        -6024.300    -6035.926       11.626    92.2
0.6735        -6024.262    -6035.914       11.652    92.5
0.6740        -6024.240    -6035.903       11.663    92.5
0.6745        -6024.200    -6035.891       11.691    92.8
0.6750        -6024.171    -6035.879       11.708    92.9
0.6755        -6024.170    -6035.868       11.698    92.8
0.6760        -6024.184    -6035.857       11.673    92.6
0.6765        -6024.157    -6035.847       11.690    92.8
0.6770        -6024.130    -6035.837       11.707    92.9
0.6775        -6024.122    -6035.828       11.706    92.9
0.6780        -6024.170    -6035.820       11.650    92.4
0.6785        -6024.184    -6035.812       11.629    92.3
0.6790        -6024.153    -6035.806       11.653    92.5
0.6795        -6024.125    -6035.800       11.675    92.6
0.6800        -6024.110    -6035.794       11.684    92.7
0.6805        -6024.103    -6035.789       11.686    92.7
0.6810        -6024.096    -6035.784       11.688    92.7
0.6815        -6024.062    -6035.779       11.717    93.0
0.6820        -6024.047    -6035.775       11.729    93.1
0.6825        -6024.063    -6035.772       11.710    92.9
0.6830        -6024.067    -6035.770       11.702    92.9
0.6835        -6024.081    -6035.768       11.687    92.7
0.6840        -6024.073    -6035.767       11.694    92.8
0.6845        -6024.039    -6035.767       11.729    93.1
0.6850        -6024.040    -6035.768       11.729    93.1
0.6855        -6024.015    -6035.771       11.755    93.3
0.6860        -6023.992    -6035.774       11.782    93.5
0.6865        -6023.966    -6035.778       11.812    93.7
0.6870        -6023.967    -6035.783       11.816    93.8
0.6875        -6023.930    -6035.789       11.859    94.1
0.6880        -6023.898    -6035.796       11.898    94.4
0.6885        -6023.891    -6035.803       11.912    94.5
0.6890        -6023.878    -6035.811       11.933    94.7
0.6895        -6023.857    -6035.820       11.963    94.9
0.6900        -6023.823    -6035.830       12.007    95.3
0.6905        -6023.799    -6035.839       12.040    95.5
0.6910        -6023.796    -6035.849       12.053    95.6
0.6915        -6023.776    -6035.859       12.083    95.9
0.6920        -6023.788    -6035.868       12.081    95.9
0.6925        -6023.800    -6035.878       12.078    95.8
0.6930        -6023.797    -6035.887       12.090    95.9
0.6935        -6023.783    -6035.896       12.113    96.1
0.6940        -6023.760    -6035.905       12.145    96.4
0.6945        -6023.734    -6035.915       12.180    96.6
0.6950        -6023.727    -6035.923       12.196    96.8
0.6955        -6023.726    -6035.931       12.204    96.8
0.6960        -6023.713    -6035.938       12.224    97.0
0.6965        -6023.714    -6035.944       12.229    97.0
0.6970        -6023.697    -6035.949       12.252    97.2
0.6975        -6023.658    -6035.952       12.294    97.6
0.6980        -6023.650    -6035.954       12.304    97.6
0.6985        -6023.631    -6035.954       12.322    97.8
0.6990        -6023.623    -6035.952       12.329    97.8
0.6995        -6023.595    -6035.949       12.354    98.0
0.7000        -6023.579    -6035.944       12.365    98.1
0.7005        -6023.563    -6035.938       12.375    98.2
0.7010        -6023.565    -6035.931       12.366    98.1
0.7015        -6023.592    -6035.922       12.330    97.8
0.7020        -6023.602    -6035.911       12.309    97.7
0.7025        -6023.574    -6035.900       12.326    97.8
0.7030        -6023.528    -6035.887       12.359    98.1
0.7035        -6023.520    -6035.873       12.354    98.0
0.7040        -6023.525    -6035.859       12.333    97.9
0.7045        -6023.499    -6035.843       12.344    97.9
0.7050        -6023.503    -6035.827       12.324    97.8
0.7055        -6023.482    -6035.810       12.329    97.8
0.7060        -6023.495    -6035.793       12.298    97.6
0.7065        -6023.480    -6035.775       12.295    97.6
0.7070        -6023.459    -6035.757       12.298    97.6
0.7075        -6023.458    -6035.738       12.281    97.4
0.7080        -6023.477    -6035.720       12.243    97.1
0.7085        -6023.453    -6035.701       12.248    97.2
0.7090        -6023.451    -6035.683       12.231    97.1
0.7095        -6023.427    -6035.664       12.236    97.1
0.7100        -6023.425    -6035.645       12.219    97.0
0.7105        -6023.399    -6035.626       12.227    97.0
0.7110        -6023.388    -6035.609       12.221    97.0
0.7115        -6023.364    -6035.591       12.227    97.0
0.7120        -6023.385    -6035.574       12.189    96.7
0.7125        -6023.378    -6035.558       12.180    96.6
0.7130        -6023.386    -6035.543       12.157    96.5
0.7135        -6023.367    -6035.528       12.162    96.5
0.7140        -6023.381    -6035.515       12.134    96.3
0.7145        -6023.394    -6035.504       12.110    96.1
0.7150        -6023.380    -6035.493       12.113    96.1
0.7155        -6023.369    -6035.483       12.115    96.1
0.7160        -6023.365    -6035.475       12.110    96.1
0.7165        -6023.371    -6035.466       12.095    96.0
0.7170        -6023.359    -6035.459       12.101    96.0
0.7175        -6023.327    -6035.453       12.126    96.2
0.7180        -6023.310    -6035.447       12.138    96.3
0.7185        -6023.284    -6035.442       12.158    96.5
0.7190        -6023.270    -6035.438       12.169    96.6
0.7195        -6023.274    -6035.435       12.161    96.5
0.7200        -6023.268    -6035.432       12.165    96.5
0.7205        -6023.254    -6035.430       12.176    96.6
0.7210        -6023.263    -6035.429       12.165    96.5
0.7215        -6023.283    -6035.428       12.145    96.4
0.7220        -6023.233    -6035.428       12.195    96.8
0.7225        -6023.212    -6035.429       12.217    96.9
0.7230        -6023.219    -6035.431       12.212    96.9
0.7235        -6023.188    -6035.433       12.245    97.2
0.7240        -6023.149    -6035.436       12.286    97.5
0.7245        -6023.151    -6035.439       12.288    97.5
0.7250        -6023.127    -6035.443       12.316    97.7
0.7255        -6023.136    -6035.446       12.310    97.7
0.7260        -6023.142    -6035.449       12.307    97.7
0.7265        -6023.166    -6035.453       12.286    97.5
0.7270        -6023.134    -6035.456       12.322    97.8
0.7275        -6023.136    -6035.459       12.323    97.8
0.7280        -6023.122    -6035.462       12.340    97.9
0.7285        -6023.103    -6035.465       12.362    98.1
0.7290        -6023.070    -6035.469       12.398    98.4
0.7295        -6023.055    -6035.472       12.417    98.5
0.7300        -6023.039    -6035.476       12.437    98.7
0.7305        -6023.046    -6035.479       12.434    98.7
0.7310        -6023.024    -6035.482       12.458    98.9
0.7315        -6022.984    -6035.485       12.501    99.2
0.7320        -6022.983    -6035.487       12.505    99.2
0.7325        -6022.967    -6035.489       12.522    99.4
0.7330        -6022.950    -6035.491       12.541    99.5
0.7335        -6022.937    -6035.492       12.555    99.6
0.7340        -6022.923    -6035.493       12.570    99.7
0.7345        -6022.897    -6035.494       12.597   100.0
0.7350        -6022.902    -6035.495       12.593    99.9
0.7355        -6022.930    -6035.495       12.565    99.7
0.7360        -6022.914    -6035.496       12.581    99.8
0.7365        -6022.889    -6035.496       12.607   100.0
0.7370        -6022.890    -6035.495       12.605   100.0
0.7375        -6022.885    -6035.495       12.611   100.1
0.7380        -6022.875    -6035.494       12.619   100.1
0.7385        -6022.855    -6035.493       12.637   100.3
0.7390        -6022.830    -6035.490       12.661   100.5
0.7395        -6022.841    -6035.488       12.647   100.4
0.7400        -6022.822    -6035.486       12.664   100.5
0.7405        -6022.807    -6035.484       12.677   100.6
0.7410        -6022.781    -6035.482       12.701   100.8
0.7415        -6022.737    -6035.479       12.742   101.1
0.7420        -6022.745    -6035.477       12.732   101.0
0.7425        -6022.737    -6035.475       12.737   101.1
0.7430        -6022.703    -6035.472       12.769   101.3
0.7435        -6022.690    -6035.469       12.779   101.4
0.7440        -6022.709    -6035.466       12.757   101.2
0.7445        -6022.706    -6035.462       12.757   101.2
0.7450        -6022.688    -6035.459       12.771   101.3
0.7455        -6022.676    -6035.455       12.779   101.4
0.7460        -6022.647    -6035.452       12.805   101.6
0.7465        -6022.643    -6035.449       12.806   101.6
0.7470        -6022.609    -6035.447       12.839   101.9
0.7475        -6022.590    -6035.445       12.855   102.0
0.7480        -6022.578    -6035.443       12.865   102.1
0.7485        -6022.525    -6035.441       12.916   102.5
0.7490        -6022.506    -6035.439       12.933   102.6
0.7495        -6022.466    -6035.437       12.971   102.9
0.7500        -6022.461    -6035.436       12.975   103.0
0.7505        -6022.453    -6035.436       12.983   103.0
0.7510        -6022.466    -6035.435       12.969   102.9
0.7515        -6022.497    -6035.435       12.939   102.7
0.7520        -6022.471    -6035.436       12.965   102.9
0.7525        -6022.439    -6035.436       12.997   103.1
0.7530        -6022.401    -6035.437       13.036   103.4
0.7535        -6022.378    -6035.438       13.060   103.6
0.7540        -6022.358    -6035.439       13.081   103.8
0.7545        -6022.338    -6035.439       13.101   104.0
0.7550        -6022.323    -6035.439       13.116   104.1
0.7555        -6022.294    -6035.439       13.146   104.3
0.7560        -6022.269    -6035.440       13.170   104.5
0.7565        -6022.276    -6035.438       13.162   104.4
0.7570        -6022.234    -6035.436       13.202   104.8
0.7575        -6022.208    -6035.434       13.226   104.9
0.7580        -6022.191    -6035.431       13.240   105.1
0.7585        -6022.146    -6035.428       13.282   105.4
0.7590        -6022.133    -6035.425       13.291   105.5
0.7595        -6022.108    -6035.421       13.313   105.6
0.7600        -6022.093    -6035.416       13.323   105.7
0.7605        -6022.088    -6035.411       13.323   105.7
0.7610        -6022.066    -6035.406       13.340   105.8
0.7615        -6022.085    -6035.401       13.315   105.7
0.7620        -6022.068    -6035.396       13.327   105.7
0.7625        -6022.057    -6035.391       13.334   105.8
0.7630        -6022.066    -6035.387       13.321   105.7
0.7635        -6022.077    -6035.383       13.306   105.6
0.7640        -6022.073    -6035.380       13.307   105.6
0.7645        -6022.083    -6035.377       13.294   105.5
0.7650        -6022.048    -6035.374       13.326   105.7
0.7655        -6022.023    -6035.372       13.349   105.9
0.7660        -6022.001    -6035.371       13.370   106.1
0.7665        -6021.965    -6035.371       13.406   106.4
0.7670        -6021.955    -6035.371       13.416   106.5
0.7675        -6021.930    -6035.372       13.442   106.7
0.7680        -6021.923    -6035.372       13.449   106.7
0.7685        -6021.899    -6035.374       13.474   106.9
0.7690        -6021.914    -6035.375       13.461   106.8
0.7695        -6021.896    -6035.376       13.480   107.0
0.7700        -6021.837    -6035.378       13.541   107.4
0.7705        -6021.806    -6035.381       13.575   107.7
0.7710        -6021.776    -6035.384       13.608   108.0
0.7715        -6021.763    -6035.388       13.625   108.1
0.7720        -6021.764    -6035.391       13.627   108.1
0.7725        -6021.724    -6035.394       13.670   108.5
0.7730        -6021.664    -6035.398       13.734   109.0
0.7735        -6021.675    -6035.401       13.727   108.9
0.7740        -6021.678    -6035.405       13.727   108.9
0.7745        -6021.675    -6035.408       13.733   109.0
0.7750        -6021.647    -6035.412       13.765   109.2
0.7755        -6021.619    -6035.415       13.796   109.5
0.7760        -6021.621    -6035.419       13.798   109.5
0.7765        -6021.587    -6035.423       13.835   109.8
0.7770        -6021.570    -6035.427       13.857   109.9
0.7775        -6021.593    -6035.431       13.839   109.8
0.7780        -6021.561    -6035.436       13.875   110.1
0.7785        -6021.523    -6035.440       13.917   110.4
0.7790        -6021.494    -6035.444       13.951   110.7
0.7795        -6021.504    -6035.449       13.946   110.7
0.7800        -6021.520    -6035.454       13.934   110.6
0.7805        -6021.523    -6035.458       13.935   110.6
0.7810        -6021.528    -6035.462       13.934   110.6
0.7815        -6021.506    -6035.465       13.959   110.8
0.7820        -6021.498    -6035.469       13.970   110.9
0.7825        -6021.500    -6035.472       13.973   110.9
0.7830        -6021.492    -6035.476       13.984   111.0
0.7835        -6021.475    -6035.480       14.005   111.1
0.7840        -6021.458    -6035.483       14.026   111.3
0.7845        -6021.428    -6035.486       14.058   111.5
0.7850        -6021.428    -6035.488       14.060   111.6
0.7855        -6021.399    -6035.490       14.090   111.8
0.7860        -6021.395    -6035.491       14.096   111.9
0.7865        -6021.375    -6035.492       14.117   112.0
0.7870        -6021.347    -6035.493       14.145   112.2
0.7875        -6021.369    -6035.492       14.123   112.1
0.7880        -6021.356    -6035.491       14.135   112.2
0.7885        -6021.350    -6035.489       14.138   112.2
0.7890        -6021.342    -6035.485       14.143   112.2
0.7895        -6021.336    -6035.481       14.145   112.2
0.7900        -6021.315    -6035.476       14.161   112.4
0.7905        -6021.294    -6035.471       14.176   112.5
0.7910        -6021.319    -6035.465       14.146   112.2
0.7915        -6021.287    -6035.459       14.171   112.4
0.7920        -6021.261    -6035.451       14.190   112.6
0.7925        -6021.278    -6035.442       14.164   112.4
0.7930        -6021.242    -6035.432       14.190   112.6
0.7935        -6021.235    -6035.422       14.187   112.6
0.7940        -6021.241    -6035.412       14.171   112.4
0.7945        -6021.227    -6035.401       14.174   112.5
0.7950        -6021.229    -6035.390       14.161   112.4
0.7955        -6021.226    -6035.378       14.151   112.3
0.7960        -6021.220    -6035.364       14.144   112.2
0.7965        -6021.207    -6035.349       14.142   112.2
0.7970        -6021.193    -6035.333       14.140   112.2
0.7975        -6021.159    -6035.316       14.157   112.3
0.7980        -6021.145    -6035.298       14.154   112.3
0.7985        -6021.127    -6035.280       14.153   112.3
0.7990        -6021.144    -6035.260       14.116   112.0
0.7995        -6021.137    -6035.239       14.103   111.9
0.8000        -6021.113    -6035.218       14.105   111.9
0.8005        -6021.113    -6035.196       14.082   111.7
0.8010        -6021.099    -6035.172       14.072   111.7
0.8015        -6021.102    -6035.146       14.044   111.4
0.8020        -6021.091    -6035.120       14.028   111.3
0.8025        -6021.056    -6035.092       14.036   111.4
0.8030        -6021.072    -6035.063       13.991   111.0
0.8035        -6021.030    -6035.033       14.003   111.1
0.8040        -6021.028    -6035.004       13.976   110.9
0.8045        -6021.014    -6034.974       13.960   110.8
0.8050        -6021.004    -6034.943       13.939   110.6
0.8055        -6020.961    -6034.911       13.950   110.7
0.8060        -6020.897    -6034.878       13.982   110.9
0.8065        -6020.874    -6034.845       13.972   110.9
0.8070        -6020.883    -6034.812       13.930   110.5
0.8075        -6020.847    -6034.779       13.932   110.5
0.8080        -6020.856    -6034.745       13.890   110.2
0.8085        -6020.870    -6034.712       13.842   109.8
0.8090        -6020.872    -6034.678       13.806   109.5
0.8095        -6020.814    -6034.643       13.829   109.7
0.8100        -6020.800    -6034.608       13.808   109.6
0.8105        -6020.792    -6034.573       13.782   109.4
0.8110        -6020.775    -6034.539       13.764   109.2
0.8115        -6020.786    -6034.505       13.719   108.9
0.8120        -6020.770    -6034.470       13.701   108.7
0.8125        -6020.724    -6034.436       13.711   108.8
0.8130        -6020.708    -6034.402       13.694   108.7
0.8135        -6020.696    -6034.367       13.671   108.5
0.8140        -6020.691    -6034.333       13.643   108.3
0.8145        -6020.676    -6034.300       13.624   108.1
0.8150        -6020.675    -6034.267       13.592   107.9
0.8155        -6020.641    -6034.234       13.593   107.9
0.8160        -6020.617    -6034.203       13.586   107.8
0.8165        -6020.604    -6034.173       13.569   107.7
0.8170        -6020.595    -6034.143       13.548   107.5
0.8175        -6020.572    -6034.115       13.542   107.5
0.8180        -6020.554    -6034.087       13.532   107.4
0.8185        -6020.542    -6034.061       13.519   107.3
0.8190        -6020.524    -6034.036       13.512   107.2
0.8195        -6020.503    -6034.012       13.509   107.2
0.8200        -6020.471    -6033.990       13.519   107.3
0.8205        -6020.458    -6033.970       13.512   107.2
0.8210        -6020.444    -6033.951       13.506   107.2
0.8215        -6020.443    -6033.934       13.492   107.1
0.8220        -6020.412    -6033.920       13.508   107.2
0.8225        -6020.413    -6033.908       13.496   107.1
0.8230        -6020.428    -6033.898       13.470   106.9
0.8235        -6020.424    -6033.891       13.467   106.9
0.8240        -6020.408    -6033.887       13.480   107.0
0.8245        -6020.432    -6033.886       13.454   106.8
0.8250        -6020.374    -6033.887       13.513   107.2
0.8255        -6020.342    -6033.891       13.549   107.5
0.8260        -6020.378    -6033.896       13.518   107.3
0.8265        -6020.385    -6033.904       13.518   107.3
0.8270        -6020.368    -6033.912       13.545   107.5
0.8275        -6020.328    -6033.922       13.595   107.9
0.8280        -6020.286    -6033.934       13.648   108.3
0.8285        -6020.295    -6033.948       13.653   108.3
0.8290        -6020.235    -6033.963       13.728   108.9
0.8295        -6020.206    -6033.979       13.773   109.3
0.8300        -6020.205    -6033.995       13.791   109.4
0.8305        -6020.190    -6034.012       13.821   109.7
0.8310        -6020.192    -6034.028       13.836   109.8
0.8315        -6020.213    -6034.043       13.830   109.7
0.8320        -6020.207    -6034.059       13.852   109.9
0.8325        -6020.167    -6034.073       13.907   110.3
0.8330        -6020.171    -6034.088       13.917   110.4
0.8335        -6020.206    -6034.102       13.897   110.3
0.8340        -6020.233    -6034.117       13.884   110.2
0.8345        -6020.191    -6034.132       13.941   110.6
0.8350        -6020.171    -6034.146       13.975   110.9
0.8355        -6020.172    -6034.158       13.986   111.0
0.8360        -6020.156    -6034.170       14.014   111.2
0.8365        -6020.126    -6034.179       14.053   111.5
0.8370        -6020.131    -6034.188       14.057   111.5
0.8375        -6020.125    -6034.194       14.069   111.6
0.8380        -6020.134    -6034.200       14.066   111.6
0.8385        -6020.121    -6034.203       14.082   111.7
0.8390        -6020.102    -6034.205       14.103   111.9
0.8395        -6020.114    -6034.205       14.091   111.8
0.8400        -6020.130    -6034.204       14.074   111.7
0.8405        -6020.132    -6034.202       14.070   111.6
0.8410        -6020.135    -6034.198       14.063   111.6
0.8415        -6020.120    -6034.193       14.073   111.7
0.8420        -6020.113    -6034.186       14.074   111.7
0.8425        -6020.120    -6034.178       14.058   111.5
0.8430        -6020.119    -6034.168       14.049   111.5
0.8435        -6020.088    -6034.156       14.069   111.6
0.8440        -6020.081    -6034.144       14.063   111.6
0.8445        -6020.072    -6034.130       14.058   111.5
0.8450        -6020.062    -6034.114       14.052   111.5
0.8455        -6020.045    -6034.098       14.053   111.5
0.8460        -6020.034    -6034.080       14.046   111.5
0.8465        -6020.036    -6034.062       14.026   111.3
0.8470        -6019.976    -6034.044       14.068   111.6
0.8475        -6019.965    -6034.025       14.061   111.6
0.8480        -6019.949    -6034.007       14.058   111.5
0.8485        -6019.921    -6033.988       14.067   111.6
0.8490        -6019.886    -6033.969       14.083   111.7
0.8495        -6019.872    -6033.951       14.079   111.7
0.8500        -6019.862    -6033.933       14.071   111.6
0.8505        -6019.841    -6033.916       14.075   111.7
0.8510        -6019.816    -6033.900       14.084   111.8
0.8515        -6019.785    -6033.884       14.099   111.9
0.8520        -6019.791    -6033.869       14.078   111.7
0.8525        -6019.763    -6033.855       14.091   111.8
0.8530        -6019.736    -6033.841       14.105   111.9
0.8535        -6019.742    -6033.829       14.087   111.8
0.8540        -6019.719    -6033.817       14.098   111.9
0.8545        -6019.696    -6033.806       14.110   112.0
0.8550        -6019.683    -6033.795       14.112   112.0
0.8555        -6019.684    -6033.785       14.100   111.9
0.8560        -6019.682    -6033.776       14.094   111.8
0.8565        -6019.694    -6033.767       14.073   111.7
0.8570        -6019.657    -6033.758       14.101   111.9
0.8575        -6019.655    -6033.750       14.095   111.8
0.8580        -6019.657    -6033.742       14.085   111.8
0.8585        -6019.653    -6033.733       14.080   111.7
0.8590        -6019.631    -6033.725       14.094   111.8
0.8595        -6019.657    -6033.717       14.060   111.6
0.8600        -6019.626    -6033.709       14.082   111.7
0.8605        -6019.635    -6033.701       14.065   111.6
0.8610        -6019.620    -6033.693       14.072   111.7
0.8615        -6019.597    -6033.684       14.088   111.8
0.8620        -6019.587    -6033.676       14.089   111.8
0.8625        -6019.557    -6033.667       14.110   112.0
0.8630        -6019.563    -6033.657       14.094   111.8
0.8635        -6019.576    -6033.647       14.071   111.7
0.8640        -6019.594    -6033.635       14.041   111.4
0.8645        -6019.599    -6033.624       14.026   111.3
0.8650        -6019.580    -6033.614       14.034   111.4
0.8655        -6019.543    -6033.602       14.060   111.6
0.8660        -6019.537    -6033.591       14.054   111.5
0.8665        -6019.563    -6033.579       14.016   111.2
0.8670        -6019.564    -6033.567       14.003   111.1
0.8675        -6019.521    -6033.554       14.033   111.3
0.8680        -6019.512    -6033.540       14.028   111.3
0.8685        -6019.522    -6033.527       14.005   111.1
0.8690        -6019.531    -6033.513       13.983   110.9
0.8695        -6019.490    -6033.499       14.009   111.2
0.8700        -6019.484    -6033.485       14.001   111.1
0.8705        -6019.463    -6033.472       14.009   111.2
0.8710        -6019.437    -6033.461       14.024   111.3
0.8715        -6019.437    -6033.450       14.014   111.2
0.8720        -6019.403    -6033.441       14.038   111.4
0.8725        -6019.362    -6033.432       14.070   111.6
0.8730        -6019.298    -6033.424       14.126   112.1
0.8735        -6019.242    -6033.417       14.174   112.5
0.8740        -6019.232    -6033.408       14.177   112.5
0.8745        -6019.235    -6033.400       14.166   112.4
0.8750        -6019.247    -6033.393       14.146   112.2
0.8755        -6019.240    -6033.385       14.146   112.2
0.8760        -6019.235    -6033.379       14.144   112.2
0.8765        -6019.211    -6033.372       14.161   112.4
0.8770        -6019.209    -6033.365       14.157   112.3
0.8775        -6019.205    -6033.360       14.154   112.3
0.8780        -6019.193    -6033.354       14.161   112.4
0.8785        -6019.164    -6033.350       14.186   112.6
0.8790        -6019.165    -6033.346       14.182   112.5
0.8795        -6019.110    -6033.344       14.234   112.9
0.8800        -6019.111    -6033.342       14.230   112.9
0.8805        -6019.088    -6033.341       14.253   113.1
0.8810        -6019.063    -6033.341       14.278   113.3
0.8815        -6019.081    -6033.342       14.261   113.2
0.8820        -6019.029    -6033.344       14.315   113.6
0.8825        -6019.028    -6033.348       14.320   113.6
0.8830        -6019.056    -6033.353       14.296   113.4
0.8835        -6019.051    -6033.357       14.306   113.5
0.8840        -6019.022    -6033.363       14.341   113.8
0.8845        -6019.021    -6033.370       14.349   113.9
0.8850        -6019.026    -6033.378       14.351   113.9
0.8855        -6019.032    -6033.386       14.354   113.9
0.8860        -6019.016    -6033.396       14.380   114.1
0.8865        -6019.001    -6033.407       14.406   114.3
0.8870        -6019.004    -6033.419       14.414   114.4
0.8875        -6018.976    -6033.431       14.455   114.7
0.8880        -6018.993    -6033.445       14.452   114.7
0.8885        -6018.954    -6033.461       14.507   115.1
0.8890        -6018.928    -6033.477       14.549   115.4
0.8895        -6018.923    -6033.493       14.570   115.6
0.8900        -6018.887    -6033.510       14.623   116.0
0.8905        -6018.830    -6033.527       14.697   116.6
0.8910        -6018.836    -6033.545       14.709   116.7
0.8915        -6018.847    -6033.564       14.717   116.8
0.8920        -6018.857    -6033.584       14.727   116.9
0.8925        -6018.827    -6033.606       14.778   117.3
0.8930        -6018.829    -6033.627       14.798   117.4
0.8935        -6018.786    -6033.649       14.863   117.9
0.8940        -6018.778    -6033.670       14.893   118.2
0.8945        -6018.756    -6033.692       14.936   118.5
0.8950        -6018.738    -6033.713       14.975   118.8
0.8955        -6018.732    -6033.734       15.001   119.0
0.8960        -6018.715    -6033.754       15.039   119.3
0.8965        -6018.705    -6033.775       15.069   119.6
0.8970        -6018.703    -6033.795       15.092   119.7
0.8975        -6018.718    -6033.815       15.097   119.8
0.8980        -6018.706    -6033.835       15.129   120.0
0.8985        -6018.669    -6033.854       15.185   120.5
0.8990        -6018.621    -6033.872       15.252   121.0
0.8995        -6018.613    -6033.890       15.277   121.2
0.9000        -6018.600    -6033.908       15.307   121.5
0.9005        -6018.542    -6033.924       15.382   122.1
0.9010        -6018.546    -6033.938       15.392   122.1
0.9015        -6018.521    -6033.951       15.430   122.4
0.9020        -6018.502    -6033.963       15.461   122.7
0.9025        -6018.479    -6033.974       15.495   122.9
0.9030        -6018.488    -6033.983       15.495   123.0
0.9035        -6018.486    -6033.990       15.504   123.0
0.9040        -6018.527    -6033.995       15.468   122.7
0.9045        -6018.520    -6034.000       15.480   122.8
0.9050        -6018.494    -6034.001       15.507   123.0
0.9055        -6018.498    -6034.001       15.503   123.0
0.9060        -6018.500    -6033.999       15.499   123.0
0.9065        -6018.493    -6033.994       15.502   123.0
0.9070        -6018.509    -6033.988       15.478   122.8
0.9075        -6018.511    -6033.979       15.468   122.7
0.9080        -6018.503    -6033.969       15.467   122.7
0.9085        -6018.491    -6033.958       15.467   122.7
0.9090        -6018.513    -6033.945       15.431   122.4
0.9095        -6018.521    -6033.930       15.410   122.3
0.9100        -6018.481    -6033.914       15.433   122.5
0.9105        -6018.488    -6033.896       15.408   122.3
0.9110        -6018.417    -6033.877       15.460   122.7
0.9115        -6018.450    -6033.856       15.406   122.2
0.9120        -6018.412    -6033.835       15.423   122.4
0.9125        -6018.387    -6033.812       15.425   122.4
0.9130        -6018.359    -6033.789       15.430   122.4
0.9135        -6018.344    -6033.764       15.420   122.4
0.9140        -6018.308    -6033.738       15.430   122.4
0.9145        -6018.308    -6033.711       15.403   122.2
0.9150        -6018.285    -6033.683       15.398   122.2
0.9155        -6018.265    -6033.655       15.390   122.1
0.9160        -6018.255    -6033.625       15.370   122.0
0.9165        -6018.255    -6033.596       15.341   121.7
0.9170        -6018.223    -6033.567       15.344   121.7
0.9175        -6018.203    -6033.536       15.333   121.7
0.9180        -6018.216    -6033.506       15.290   121.3
0.9185        -6018.182    -6033.475       15.293   121.3
0.9190        -6018.187    -6033.444       15.257   121.1
0.9195        -6018.154    -6033.413       15.259   121.1
0.9200        -6018.129    -6033.384       15.255   121.0
0.9205        -6018.091    -6033.356       15.264   121.1
0.9210        -6018.074    -6033.329       15.255   121.0
0.9215        -6018.018    -6033.303       15.285   121.3
0.9220        -6018.013    -6033.278       15.265   121.1
0.9225        -6018.000    -6033.255       15.256   121.1
0.9230        -6017.992    -6033.234       15.242   120.9
0.9235        -6017.946    -6033.215       15.269   121.2
0.9240        -6017.949    -6033.198       15.249   121.0
0.9245        -6017.943    -6033.183       15.240   120.9
0.9250        -6017.945    -6033.169       15.224   120.8
0.9255        -6017.926    -6033.157       15.231   120.9
0.9260        -6017.908    -6033.148       15.240   120.9
0.9265        -6017.876    -6033.141       15.265   121.1
0.9270        -6017.896    -6033.136       15.241   120.9
0.9275        -6017.866    -6033.134       15.268   121.1
0.9280        -6017.855    -6033.134       15.279   121.2
0.9285        -6017.843    -6033.137       15.294   121.4
0.9290        -6017.817    -6033.141       15.324   121.6
0.9295        -6017.781    -6033.149       15.368   121.9
0.9300        -6017.776    -6033.158       15.383   122.1
0.9305        -6017.757    -6033.171       15.414   122.3
0.9310        -6017.720    -6033.185       15.465   122.7
0.9315        -6017.695    -6033.202       15.507   123.0
0.9320        -6017.697    -6033.221       15.524   123.2
0.9325        -6017.664    -6033.241       15.578   123.6
0.9330        -6017.647    -6033.263       15.616   123.9
0.9335        -6017.677    -6033.286       15.609   123.9
0.9340        -6017.623    -6033.311       15.688   124.5
0.9345        -6017.601    -6033.335       15.734   124.8
0.9350        -6017.607    -6033.359       15.752   125.0
0.9355        -6017.591    -6033.383       15.793   125.3
0.9360        -6017.595    -6033.408       15.812   125.5
0.9365        -6017.600    -6033.431       15.831   125.6
0.9370        -6017.627    -6033.455       15.828   125.6
0.9375        -6017.622    -6033.477       15.855   125.8
0.9380        -6017.593    -6033.499       15.906   126.2
0.9385        -6017.610    -6033.521       15.911   126.2
0.9390        -6017.614    -6033.541       15.928   126.4
0.9395        -6017.591    -6033.560       15.969   126.7
0.9400        -6017.572    -6033.578       16.005   127.0
0.9405        -6017.582    -6033.593       16.011   127.0
0.9410        -6017.549    -6033.607       16.058   127.4
0.9415        -6017.491    -6033.619       16.128   128.0
0.9420        -6017.452    -6033.629       16.178   128.4
0.9425        -6017.429    -6033.639       16.210   128.6
0.9430        -6017.426    -6033.646       16.220   128.7
0.9435        -6017.414    -6033.652       16.237   128.8
0.9440        -6017.412    -6033.655       16.243   128.9
0.9445        -6017.406    -6033.657       16.251   128.9
0.9450        -6017.385    -6033.656       16.272   129.1
0.9455        -6017.433    -6033.653       16.220   128.7
0.9460        -6017.444    -6033.648       16.205   128.6
0.9465        -6017.390    -6033.640       16.250   128.9
0.9470        -6017.350    -6033.631       16.281   129.2
0.9475        -6017.343    -6033.620       16.277   129.2
0.9480        -6017.346    -6033.607       16.261   129.0
0.9485        -6017.357    -6033.591       16.234   128.8
0.9490        -6017.341    -6033.573       16.232   128.8
0.9495        -6017.333    -6033.554       16.221   128.7
0.9500        -6017.323    -6033.534       16.211   128.6
0.9505        -6017.325    -6033.512       16.187   128.4
0.9510        -6017.322    -6033.489       16.167   128.3
0.9515        -6017.313    -6033.466       16.153   128.2
0.9520        -6017.308    -6033.442       16.133   128.0
0.9525        -6017.294    -6033.416       16.122   127.9
0.9530        -6017.261    -6033.390       16.129   128.0
0.9535        -6017.246    -6033.361       16.115   127.9
0.9540        -6017.215    -6033.330       16.115   127.9
0.9545        -6017.186    -6033.299       16.113   127.9
0.9550        -6017.222    -6033.266       16.044   127.3
0.9555        -6017.205    -6033.232       16.028   127.2
0.9560        -6017.203    -6033.199       15.997   126.9
0.9565        -6017.182    -6033.166       15.984   126.8
0.9570        -6017.170    -6033.133       15.963   126.7
0.9575        -6017.134    -6033.099       15.965   126.7
0.9580        -6017.136    -6033.066       15.930   126.4
0.9585        -6017.156    -6033.034       15.877   126.0
0.9590        -6017.139    -6033.002       15.863   125.9
0.9595        -6017.155    -6032.970       15.816   125.5
0.9600        -6017.117    -6032.940       15.823   125.6
0.9605        -6017.111    -6032.910       15.799   125.4
0.9610        -6017.099    -6032.881       15.781   125.2
0.9615        -6017.073    -6032.853       15.780   125.2
0.9620        -6017.058    -6032.826       15.768   125.1
0.9625        -6017.054    -6032.800       15.746   124.9
0.9630        -6017.086    -6032.776       15.690   124.5
0.9635        -6017.080    -6032.754       15.674   124.4
0.9640        -6017.047    -6032.734       15.687   124.5
0.9645        -6017.018    -6032.716       15.698   124.6
0.9650        -6017.012    -6032.698       15.687   124.5
0.9655        -6017.002    -6032.682       15.680   124.4
0.9660        -6016.995    -6032.667       15.673   124.4
0.9665        -6017.000    -6032.654       15.654   124.2
0.9670        -6016.989    -6032.643       15.654   124.2
0.9675        -6016.956    -6032.634       15.677   124.4
0.9680        -6016.890    -6032.626       15.736   124.9
0.9685        -6016.891    -6032.620       15.729   124.8
0.9690        -6016.888    -6032.615       15.727   124.8
0.9695        -6016.886    -6032.612       15.726   124.8
0.9700        -6016.900    -6032.610       15.710   124.7
0.9705        -6016.910    -6032.609       15.699   124.6
0.9710        -6016.886    -6032.609       15.723   124.8
0.9715        -6016.858    -6032.610       15.752   125.0
0.9720        -6016.832    -6032.611       15.779   125.2
0.9725        -6016.842    -6032.612       15.771   125.1
0.9730        -6016.815    -6032.614       15.799   125.4
0.9735        -6016.809    -6032.615       15.806   125.4
0.9740        -6016.814    -6032.615       15.801   125.4
0.9745        -6016.793    -6032.616       15.822   125.5
0.9750        -6016.770    -6032.616       15.846   125.7
0.9755        -6016.744    -6032.615       15.871   125.9
0.9760        -6016.748    -6032.614       15.866   125.9
0.9765        -6016.737    -6032.611       15.875   126.0
0.9770        -6016.719    -6032.608       15.888   126.1
0.9775        -6016.710    -6032.603       15.893   126.1
0.9780        -6016.662    -6032.597       15.935   126.4
0.9785        -6016.621    -6032.589       15.968   126.7
0.9790        -6016.643    -6032.580       15.936   126.4
0.9795        -6016.612    -6032.567       15.956   126.6
0.9800        -6016.624    -6032.554       15.929   126.4
0.9805        -6016.594    -6032.538       15.944   126.5
0.9810        -6016.566    -6032.519       15.954   126.6
0.9815        -6016.523    -6032.500       15.977   126.8
0.9820        -6016.492    -6032.478       15.986   126.8
0.9825        -6016.473    -6032.455       15.982   126.8
0.9830        -6016.450    -6032.430       15.980   126.8
0.9835        -6016.436    -6032.403       15.967   126.7
0.9840        -6016.430    -6032.374       15.944   126.5
0.9845        -6016.430    -6032.343       15.912   126.3
0.9850        -6016.405    -6032.310       15.905   126.2
0.9855        -6016.422    -6032.276       15.854   125.8
0.9860        -6016.429    -6032.240       15.812   125.5
0.9865        -6016.390    -6032.203       15.813   125.5
0.9870        -6016.361    -6032.164       15.803   125.4
0.9875        -6016.324    -6032.124       15.800   125.4
0.9880        -6016.311    -6032.083       15.772   125.1
0.9885        -6016.320    -6032.043       15.724   124.8
0.9890        -6016.285    -6032.002       15.717   124.7
0.9895        -6016.267    -6031.961       15.694   124.5
0.9900        -6016.255    -6031.919       15.664   124.3
0.9905        -6016.235    -6031.879       15.644   124.1
0.9910        -6016.214    -6031.838       15.625   124.0
0.9915        -6016.238    -6031.799       15.562   123.5
0.9920        -6016.249    -6031.762       15.513   123.1
0.9925        -6016.262    -6031.726       15.465   122.7
0.9930        -6016.249    -6031.693       15.444   122.5
0.9935        -6016.242    -6031.661       15.419   122.3
0.9940        -6016.239    -6031.632       15.393   122.1
0.9945        -6016.194    -6031.605       15.411   122.3
0.9950        -6016.198    -6031.580       15.382   122.1
0.9955        -6016.212    -6031.558       15.346   121.8
0.9960        -6016.186    -6031.538       15.352   121.8
0.9965        -6016.170    -6031.522       15.352   121.8
0.9970        -6016.178    -6031.507       15.329   121.6
0.9975        -6016.098    -6031.496       15.397   122.2
0.9980        -6016.092    -6031.486       15.395   122.2
0.9985        -6016.068    -6031.479       15.411   122.3
0.9990        -6016.081    -6031.474       15.394   122.1
0.9995        -6016.083    -6031.472       15.389   122.1
1.0000        -6016.080    -6031.473       15.393   122.1
1.0005        -6016.083    -6031.477       15.394   122.1
1.0010        -6016.069    -6031.483       15.414   122.3
1.0015        -6016.040    -6031.492       15.452   122.6
1.0020        -6016.017    -6031.503       15.486   122.9
1.0025        -6015.995    -6031.517       15.522   123.2
1.0030        -6015.978    -6031.532       15.554   123.4
1.0035        -6015.978    -6031.549       15.571   123.6
1.0040        -6015.956    -6031.568       15.612   123.9
1.0045        -6015.964    -6031.588       15.624   124.0
1.0050        -6015.941    -6031.609       15.668   124.3
1.0055        -6015.915    -6031.631       15.717   124.7
1.0060        -6015.903    -6031.655       15.752   125.0
1.0065        -6015.858    -6031.679       15.820   125.5
1.0070        -6015.827    -6031.703       15.876   126.0
1.0075        -6015.819    -6031.726       15.907   126.2
1.0080        -6015.806    -6031.750       15.943   126.5
1.0085        -6015.815    -6031.773       15.959   126.6
1.0090        -6015.784    -6031.796       16.012   127.0
1.0095        -6015.781    -6031.817       16.036   127.2
1.0100        -6015.750    -6031.837       16.087   127.6
1.0105        -6015.775    -6031.857       16.082   127.6
1.0110        -6015.790    -6031.875       16.085   127.6
1.0115        -6015.798    -6031.892       16.094   127.7
1.0120        -6015.792    -6031.907       16.116   127.9
1.0125        -6015.774    -6031.921       16.147   128.1
1.0130        -6015.734    -6031.932       16.199   128.5
1.0135        -6015.729    -6031.942       16.213   128.6
1.0140        -6015.751    -6031.949       16.198   128.5
1.0145        -6015.716    -6031.954       16.237   128.8
1.0150        -6015.752    -6031.957       16.204   128.6
1.0155        -6015.768    -6031.957       16.189   128.5
1.0160        -6015.798    -6031.954       16.156   128.2
1.0165        -6015.761    -6031.950       16.189   128.5
1.0170        -6015.762    -6031.944       16.182   128.4
1.0175        -6015.739    -6031.935       16.196   128.5
1.0180        -6015.780    -6031.925       16.145   128.1
1.0185        -6015.780    -6031.912       16.132   128.0
1.0190        -6015.776    -6031.897       16.121   127.9
1.0195        -6015.745    -6031.882       16.137   128.0
1.0200        -6015.722    -6031.866       16.144   128.1
1.0205        -6015.712    -6031.850       16.138   128.0
1.0210        -6015.671    -6031.832       16.161   128.2
1.0215        -6015.648    -6031.815       16.166   128.3
1.0220        -6015.614    -6031.796       16.182   128.4
1.0225        -6015.607    -6031.778       16.171   128.3
1.0230        -6015.586    -6031.760       16.175   128.3
1.0235        -6015.575    -6031.743       16.168   128.3
1.0240        -6015.575    -6031.725       16.151   128.2
1.0245        -6015.541    -6031.708       16.167   128.3
1.0250        -6015.545    -6031.692       16.146   128.1
1.0255        -6015.566    -6031.676       16.110   127.8
1.0260        -6015.530    -6031.661       16.131   128.0
1.0265        -6015.544    -6031.649       16.105   127.8
1.0270        -6015.547    -6031.638       16.091   127.7
1.0275        -6015.529    -6031.629       16.100   127.7
1.0280        -6015.501    -6031.620       16.120   127.9
1.0285        -6015.484    -6031.613       16.129   128.0
1.0290        -6015.504    -6031.607       16.103   127.8
1.0295        -6015.481    -6031.602       16.121   127.9
1.0300        -6015.501    -6031.600       16.099   127.7
1.0305        -6015.474    -6031.598       16.124   127.9
1.0310        -6015.490    -6031.599       16.109   127.8
1.0315        -6015.468    -6031.600       16.132   128.0
1.0320        -6015.477    -6031.603       16.126   128.0
1.0325        -6015.451    -6031.607       16.156   128.2
1.0330        -6015.472    -6031.613       16.141   128.1
1.0335        -6015.432    -6031.620       16.187   128.4
1.0340        -6015.385    -6031.628       16.243   128.9
1.0345        -6015.384    -6031.637       16.253   129.0
1.0350        -6015.409    -6031.647       16.238   128.8
1.0355        -6015.398    -6031.659       16.260   129.0
1.0360        -6015.401    -6031.672       16.271   129.1
1.0365        -6015.409    -6031.685       16.276   129.1
1.0370        -6015.404    -6031.699       16.295   129.3
1.0375        -6015.399    -6031.714       16.315   129.5
1.0380        -6015.377    -6031.729       16.352   129.7
1.0385        -6015.361    -6031.745       16.384   130.0
1.0390        -6015.395    -6031.761       16.365   129.9
1.0395        -6015.353    -6031.777       16.424   130.3
1.0400        -6015.354    -6031.794       16.440   130.4
1.0405        -6015.332    -6031.811       16.479   130.8
1.0410        -6015.314    -6031.827       16.513   131.0
1.0415        -6015.307    -6031.843       16.536   131.2
1.0420        -6015.323    -6031.859       16.536   131.2
1.0425        -6015.323    -6031.874       16.551   131.3
1.0430        -6015.321    -6031.886       16.566   131.4
1.0435        -6015.311    -6031.898       16.587   131.6
1.0440        -6015.302    -6031.908       16.606   131.8
1.0445        -6015.276    -6031.917       16.641   132.0
1.0450        -6015.267    -6031.923       16.655   132.2
1.0455        -6015.268    -6031.927       16.659   132.2
1.0460        -6015.238    -6031.929       16.692   132.4
1.0465        -6015.247    -6031.929       16.682   132.4
1.0470        -6015.252    -6031.927       16.676   132.3
1.0475        -6015.211    -6031.924       16.713   132.6
1.0480        -6015.248    -6031.918       16.671   132.3
1.0485        -6015.237    -6031.911       16.674   132.3
1.0490        -6015.218    -6031.901       16.683   132.4
1.0495        -6015.243    -6031.890       16.647   132.1
1.0500        -6015.217    -6031.876       16.659   132.2
1.0505        -6015.168    -6031.861       16.693   132.5
1.0510        -6015.140    -6031.845       16.705   132.5
1.0515        -6015.126    -6031.826       16.700   132.5
1.0520        -6015.141    -6031.806       16.665   132.2
1.0525        -6015.116    -6031.784       16.668   132.3
1.0530        -6015.143    -6031.762       16.618   131.9
1.0535        -6015.091    -6031.737       16.646   132.1
1.0540        -6015.101    -6031.711       16.609   131.8
1.0545        -6015.074    -6031.684       16.610   131.8
1.0550        -6015.051    -6031.656       16.605   131.8
1.0555        -6015.052    -6031.628       16.576   131.5
1.0560        -6015.036    -6031.599       16.563   131.4
1.0565        -6015.055    -6031.570       16.514   131.0
1.0570        -6015.011    -6031.540       16.529   131.2
1.0575        -6015.002    -6031.511       16.509   131.0
1.0580        -6015.019    -6031.482       16.462   130.6
1.0585        -6015.004    -6031.452       16.448   130.5
1.0590        -6015.035    -6031.423       16.388   130.0
1.0595        -6014.991    -6031.394       16.404   130.2
1.0600        -6014.926    -6031.367       16.441   130.5
1.0605        -6014.872    -6031.339       16.467   130.7
1.0610        -6014.856    -6031.313       16.457   130.6
1.0615        -6014.848    -6031.288       16.441   130.5
1.0620        -6014.845    -6031.265       16.419   130.3
1.0625        -6014.844    -6031.243       16.399   130.1
1.0630        -6014.839    -6031.224       16.384   130.0
1.0635        -6014.811    -6031.206       16.395   130.1
1.0640        -6014.794    -6031.190       16.397   130.1
1.0645        -6014.781    -6031.176       16.395   130.1
1.0650        -6014.777    -6031.164       16.387   130.0
1.0655        -6014.762    -6031.154       16.392   130.1
1.0660        -6014.780    -6031.146       16.365   129.9
1.0665        -6014.789    -6031.141       16.352   129.7
1.0670        -6014.762    -6031.138       16.376   129.9
1.0675        -6014.709    -6031.137       16.428   130.4
1.0680        -6014.724    -6031.139       16.415   130.2
1.0685        -6014.712    -6031.144       16.433   130.4
1.0690        -6014.730    -6031.152       16.422   130.3
1.0695        -6014.708    -6031.162       16.454   130.6
1.0700        -6014.715    -6031.173       16.458   130.6
1.0705        -6014.702    -6031.186       16.485   130.8
1.0710        -6014.702    -6031.202       16.500   130.9
1.0715        -6014.698    -6031.218       16.521   131.1
1.0720        -6014.661    -6031.237       16.576   131.5
1.0725        -6014.633    -6031.257       16.624   131.9
1.0730        -6014.591    -6031.279       16.688   132.4
1.0735        -6014.550    -6031.302       16.752   132.9
1.0740        -6014.521    -6031.325       16.804   133.3
1.0745        -6014.531    -6031.350       16.819   133.5
1.0750        -6014.494    -6031.376       16.882   134.0
1.0755        -6014.470    -6031.402       16.932   134.3
1.0760        -6014.485    -6031.429       16.944   134.4
1.0765        -6014.449    -6031.456       17.007   134.9
1.0770        -6014.430    -6031.483       17.054   135.3
1.0775        -6014.450    -6031.511       17.061   135.4
1.0780        -6014.404    -6031.539       17.135   136.0
1.0785        -6014.383    -6031.566       17.184   136.3
1.0790        -6014.320    -6031.593       17.272   137.1
1.0795        -6014.282    -6031.617       17.335   137.5
1.0800        -6014.249    -6031.641       17.392   138.0
1.0805        -6014.251    -6031.663       17.412   138.2
1.0810        -6014.234    -6031.684       17.450   138.5
1.0815        -6014.181    -6031.703       17.522   139.0
1.0820        -6014.169    -6031.721       17.552   139.3
1.0825        -6014.162    -6031.737       17.575   139.5
1.0830        -6014.152    -6031.750       17.598   139.6
1.0835        -6014.128    -6031.761       17.633   139.9
1.0840        -6014.136    -6031.769       17.633   139.9
1.0845        -6014.096    -6031.775       17.679   140.3
1.0850        -6014.070    -6031.779       17.708   140.5
1.0855        -6014.059    -6031.779       17.720   140.6
1.0860        -6014.037    -6031.776       17.739   140.8
1.0865        -6014.016    -6031.770       17.754   140.9
1.0870        -6013.999    -6031.761       17.762   140.9
1.0875        -6013.996    -6031.749       17.753   140.9
1.0880        -6013.994    -6031.734       17.740   140.8
1.0885        -6013.983    -6031.717       17.734   140.7
1.0890        -6013.973    -6031.698       17.725   140.6
1.0895        -6013.967    -6031.676       17.709   140.5
1.0900        -6013.966    -6031.652       17.687   140.3
1.0905        -6013.944    -6031.627       17.682   140.3
1.0910        -6013.904    -6031.599       17.695   140.4
1.0915        -6013.868    -6031.570       17.702   140.5
1.0920        -6013.852    -6031.539       17.687   140.3
1.0925        -6013.851    -6031.507       17.656   140.1
1.0930        -6013.822    -6031.472       17.650   140.0
1.0935        -6013.823    -6031.437       17.614   139.8
1.0940        -6013.848    -6031.401       17.554   139.3
1.0945        -6013.856    -6031.365       17.509   138.9
1.0950        -6013.851    -6031.328       17.477   138.7
1.0955        -6013.850    -6031.290       17.440   138.4
1.0960        -6013.811    -6031.252       17.440   138.4
1.0965        -6013.753    -6031.213       17.461   138.5
1.0970        -6013.755    -6031.175       17.420   138.2
1.0975        -6013.724    -6031.138       17.414   138.2
1.0980        -6013.686    -6031.102       17.416   138.2
1.0985        -6013.690    -6031.066       17.376   137.9
1.0990        -6013.693    -6031.032       17.339   137.6
1.0995        -6013.667    -6030.999       17.332   137.5
1.1000        -6013.661    -6030.968       17.307   137.3
1.1005        -6013.662    -6030.939       17.277   137.1
1.1010        -6013.678    -6030.912       17.234   136.7
1.1015        -6013.701    -6030.887       17.186   136.4
1.1020        -6013.690    -6030.864       17.174   136.3
1.1025        -6013.686    -6030.844       17.158   136.1
1.1030        -6013.648    -6030.825       17.178   136.3
1.1035        -6013.638    -6030.810       17.173   136.3
1.1040        -6013.629    -6030.798       17.169   136.2
1.1045        -6013.583    -6030.788       17.205   136.5
1.1050        -6013.559    -6030.781       17.222   136.6
1.1055        -6013.523    -6030.776       17.253   136.9
1.1060        -6013.533    -6030.773       17.240   136.8
1.1065        -6013.512    -6030.772       17.260   137.0
1.1070        -6013.524    -6030.774       17.250   136.9
1.1075        -6013.527    -6030.777       17.251   136.9
1.1080        -6013.517    -6030.782       17.265   137.0
1.1085        -6013.473    -6030.788       17.315   137.4
1.1090        -6013.428    -6030.796       17.367   137.8
1.1095        -6013.414    -6030.805       17.391   138.0
1.1100        -6013.392    -6030.816       17.424   138.3
1.1105        -6013.399    -6030.827       17.428   138.3
1.1110        -6013.405    -6030.838       17.434   138.3
1.1115        -6013.386    -6030.850       17.465   138.6
1.1120        -6013.387    -6030.862       17.475   138.7
1.1125        -6013.354    -6030.873       17.519   139.0
1.1130        -6013.356    -6030.884       17.528   139.1
1.1135        -6013.360    -6030.895       17.535   139.1
1.1140        -6013.380    -6030.905       17.525   139.1
1.1145        -6013.367    -6030.914       17.547   139.2
1.1150        -6013.363    -6030.922       17.559   139.3
1.1155        -6013.331    -6030.928       17.597   139.6
1.1160        -6013.330    -6030.933       17.604   139.7
1.1165        -6013.310    -6030.938       17.628   139.9
1.1170        -6013.310    -6030.941       17.631   139.9
1.1175        -6013.310    -6030.942       17.632   139.9
1.1180        -6013.296    -6030.943       17.647   140.0
1.1185        -6013.295    -6030.942       17.646   140.0
1.1190        -6013.328    -6030.939       17.611   139.7
1.1195        -6013.295    -6030.935       17.640   140.0
1.1200        -6013.259    -6030.930       17.671   140.2
1.1205        -6013.235    -6030.924       17.689   140.4
1.1210        -6013.229    -6030.917       17.689   140.4
1.1215        -6013.227    -6030.909       17.683   140.3
1.1220        -6013.175    -6030.900       17.725   140.6
1.1225        -6013.170    -6030.891       17.720   140.6
1.1230        -6013.159    -6030.881       17.722   140.6
1.1235        -6013.142    -6030.870       17.727   140.7
1.1240        -6013.148    -6030.858       17.710   140.5
1.1245        -6013.151    -6030.846       17.694   140.4
1.1250        -6013.161    -6030.833       17.672   140.2
1.1255        -6013.134    -6030.818       17.684   140.3
1.1260        -6013.109    -6030.804       17.695   140.4
1.1265        -6013.072    -6030.788       17.716   140.6
1.1270        -6013.111    -6030.772       17.661   140.1
1.1275        -6013.121    -6030.755       17.633   139.9
1.1280        -6013.115    -6030.738       17.624   139.8
1.1285        -6013.107    -6030.722       17.615   139.8
1.1290        -6013.100    -6030.706       17.606   139.7
1.1295        -6013.093    -6030.690       17.597   139.6
1.1300        -6013.096    -6030.674       17.578   139.5
1.1305        -6013.087    -6030.658       17.571   139.4
1.1310        -6013.095    -6030.643       17.548   139.2
1.1315        -6013.073    -6030.629       17.556   139.3
1.1320        -6013.072    -6030.616       17.543   139.2
1.1325        -6013.091    -6030.603       17.512   139.0
1.1330        -6013.061    -6030.592       17.531   139.1
1.1335        -6013.036    -6030.583       17.547   139.2
1.1340        -6013.009    -6030.575       17.565   139.4
1.1345        -6013.002    -6030.568       17.566   139.4
1.1350        -6013.014    -6030.563       17.550   139.3
1.1355        -6012.975    -6030.560       17.585   139.5
1.1360        -6012.932    -6030.558       17.627   139.9
1.1365        -6012.911    -6030.558       17.647   140.0
1.1370        -6012.897    -6030.558       17.661   140.1
1.1375        -6012.881    -6030.559       17.678   140.3
1.1380        -6012.880    -6030.561       17.681   140.3
1.1385        -6012.876    -6030.565       17.689   140.4
1.1390        -6012.861    -6030.570       17.708   140.5
1.1395        -6012.865    -6030.576       17.711   140.5
1.1400        -6012.837    -6030.582       17.745   140.8
1.1405        -6012.819    -6030.591       17.772   141.0
1.1410        -6012.789    -6030.600       17.812   141.3
1.1415        -6012.792    -6030.611       17.820   141.4
1.1420        -6012.772    -6030.623       17.851   141.6
1.1425        -6012.765    -6030.636       17.871   141.8
1.1430        -6012.723    -6030.650       17.927   142.2
1.1435        -6012.715    -6030.666       17.950   142.4
1.1440        -6012.705    -6030.682       17.977   142.6
1.1445        -6012.649    -6030.698       18.049   143.2
1.1450        -6012.671    -6030.714       18.043   143.2
1.1455        -6012.662    -6030.729       18.067   143.4
1.1460        -6012.669    -6030.744       18.075   143.4
1.1465        -6012.655    -6030.758       18.103   143.6
1.1470        -6012.615    -6030.770       18.155   144.1
1.1475        -6012.591    -6030.781       18.190   144.3
1.1480        -6012.596    -6030.791       18.195   144.4
1.1485        -6012.589    -6030.801       18.212   144.5
1.1490        -6012.587    -6030.808       18.222   144.6
1.1495        -6012.551    -6030.814       18.263   144.9
1.1500        -6012.535    -6030.819       18.284   145.1
1.1505        -6012.515    -6030.822       18.307   145.3
1.1510        -6012.531    -6030.824       18.292   145.1
1.1515        -6012.539    -6030.824       18.285   145.1
1.1520        -6012.506    -6030.823       18.317   145.3
1.1525        -6012.486    -6030.821       18.335   145.5
1.1530        -6012.493    -6030.816       18.323   145.4
1.1535        -6012.468    -6030.809       18.341   145.5
1.1540        -6012.492    -6030.801       18.308   145.3
1.1545        -6012.479    -6030.791       18.312   145.3
1.1550        -6012.451    -6030.779       18.329   145.4
1.1555        -6012.459    -6030.767       18.308   145.3
1.1560        -6012.441    -6030.752       18.311   145.3
1.1565        -6012.442    -6030.736       18.294   145.2
1.1570        -6012.436    -6030.719       18.284   145.1
1.1575        -6012.429    -6030.702       18.273   145.0
1.1580        -6012.450    -6030.684       18.234   144.7
1.1585        -6012.454    -6030.666       18.212   144.5
1.1590        -6012.432    -6030.647       18.214   144.5
1.1595        -6012.377    -6030.628       18.251   144.8
1.1600        -6012.359    -6030.608       18.249   144.8
1.1605        -6012.355    -6030.588       18.233   144.7
1.1610        -6012.334    -6030.567       18.234   144.7
1.1615        -6012.309    -6030.546       18.237   144.7
1.1620        -6012.290    -6030.525       18.236   144.7
1.1625        -6012.269    -6030.504       18.236   144.7
1.1630        -6012.289    -6030.485       18.195   144.4
1.1635        -6012.273    -6030.465       18.192   144.4
1.1640        -6012.294    -6030.446       18.152   144.0
1.1645        -6012.262    -6030.427       18.165   144.1
1.1650        -6012.247    -6030.407       18.160   144.1
1.1655        -6012.214    -6030.388       18.174   144.2
1.1660        -6012.215    -6030.369       18.154   144.0
1.1665        -6012.221    -6030.350       18.129   143.9
1.1670        -6012.182    -6030.334       18.151   144.0
1.1675        -6012.121    -6030.319       18.198   144.4
1.1680        -6012.105    -6030.305       18.200   144.4
1.1685        -6012.106    -6030.293       18.187   144.3
1.1690        -6012.084    -6030.282       18.198   144.4
1.1695        -6012.024    -6030.273       18.248   144.8
1.1700        -6011.976    -6030.265       18.289   145.1
1.1705        -6011.941    -6030.259       18.318   145.3
1.1710        -6011.947    -6030.253       18.306   145.3
1.1715        -6011.929    -6030.248       18.319   145.4
1.1720        -6011.888    -6030.244       18.356   145.6
1.1725        -6011.864    -6030.240       18.376   145.8
1.1730        -6011.850    -6030.238       18.388   145.9
1.1735        -6011.847    -6030.237       18.390   145.9
1.1740        -6011.818    -6030.237       18.419   146.1
1.1745        -6011.806    -6030.238       18.432   146.3
1.1750        -6011.796    -6030.241       18.445   146.4
1.1755        -6011.794    -6030.244       18.449   146.4
1.1760        -6011.780    -6030.247       18.467   146.5
1.1765        -6011.770    -6030.250       18.481   146.6
1.1770        -6011.741    -6030.253       18.512   146.9
1.1775        -6011.727    -6030.257       18.530   147.0
1.1780        -6011.717    -6030.261       18.544   147.1
1.1785        -6011.684    -6030.264       18.580   147.4
1.1790        -6011.632    -6030.266       18.634   147.9
1.1795        -6011.628    -6030.268       18.639   147.9
1.1800        -6011.637    -6030.269       18.631   147.8
1.1805        -6011.615    -6030.268       18.653   148.0
1.1810        -6011.586    -6030.266       18.680   148.2
1.1815        -6011.567    -6030.263       18.697   148.4
1.1820        -6011.582    -6030.259       18.678   148.2
1.1825        -6011.567    -6030.254       18.686   148.3
1.1830        -6011.555    -6030.247       18.691   148.3
1.1835        -6011.558    -6030.238       18.681   148.2
1.1840        -6011.549    -6030.229       18.679   148.2
1.1845        -6011.505    -6030.218       18.713   148.5
1.1850        -6011.460    -6030.206       18.746   148.7
1.1855        -6011.491    -6030.193       18.702   148.4
1.1860        -6011.474    -6030.178       18.704   148.4
1.1865        -6011.488    -6030.163       18.675   148.2
1.1870        -6011.481    -6030.146       18.665   148.1
1.1875        -6011.452    -6030.128       18.676   148.2
1.1880        -6011.415    -6030.109       18.694   148.3
1.1885        -6011.391    -6030.089       18.698   148.4
1.1890        -6011.382    -6030.068       18.686   148.3
1.1895        -6011.382    -6030.047       18.665   148.1
1.1900        -6011.406    -6030.026       18.620   147.7
1.1905        -6011.360    -6030.004       18.644   147.9
1.1910        -6011.320    -6029.981       18.661   148.1
1.1915        -6011.330    -6029.957       18.627   147.8
1.1920        -6011.296    -6029.933       18.637   147.9
1.1925        -6011.283    -6029.908       18.625   147.8
1.1930        -6011.257    -6029.884       18.627   147.8
1.1935        -6011.275    -6029.859       18.584   147.5
1.1940        -6011.281    -6029.834       18.553   147.2
1.1945        -6011.260    -6029.809       18.549   147.2
1.1950        -6011.263    -6029.785       18.522   147.0
1.1955        -6011.260    -6029.762       18.503   146.8
1.1960        -6011.269    -6029.741       18.472   146.6
1.1965        -6011.231    -6029.722       18.491   146.7
1.1970        -6011.216    -6029.704       18.488   146.7
1.1975        -6011.168    -6029.688       18.520   147.0
1.1980        -6011.155    -6029.673       18.518   146.9
1.1985        -6011.117    -6029.660       18.542   147.1
1.1990        -6011.102    -6029.647       18.545   147.1
1.1995        -6011.103    -6029.634       18.531   147.0
1.2000        -6011.054    -6029.622       18.568   147.3
1.2005        -6011.050    -6029.611       18.561   147.3
1.2010        -6011.020    -6029.599       18.579   147.4
1.2015        -6011.006    -6029.589       18.583   147.5
1.2020        -6011.035    -6029.579       18.544   147.1
1.2025        -6011.048    -6029.570       18.521   147.0
1.2030        -6011.025    -6029.561       18.537   147.1
1.2035        -6011.026    -6029.554       18.527   147.0
1.2040        -6010.984    -6029.547       18.563   147.3
1.2045        -6010.982    -6029.542       18.560   147.3
1.2050        -6010.975    -6029.537       18.562   147.3
1.2055        -6010.972    -6029.532       18.560   147.3
1.2060        -6010.948    -6029.528       18.580   147.4
1.2065        -6010.952    -6029.524       18.572   147.4
1.2070        -6010.975    -6029.521       18.546   147.2
1.2075        -6010.972    -6029.518       18.547   147.2
1.2080        -6010.942    -6029.516       18.574   147.4
1.2085        -6010.930    -6029.514       18.584   147.5
1.2090        -6010.942    -6029.511       18.569   147.3
1.2095        -6010.926    -6029.510       18.584   147.5
1.2100        -6010.919    -6029.509       18.590   147.5
1.2105        -6010.940    -6029.508       18.568   147.3
1.2110        -6010.963    -6029.507       18.544   147.1
1.2115        -6010.965    -6029.505       18.539   147.1
1.2120        -6010.926    -6029.502       18.576   147.4
1.2125        -6010.911    -6029.497       18.587   147.5
1.2130        -6010.872    -6029.493       18.620   147.7
1.2135        -6010.838    -6029.488       18.650   148.0
1.2140        -6010.858    -6029.482       18.624   147.8
1.2145        -6010.844    -6029.476       18.632   147.8
1.2150        -6010.858    -6029.470       18.612   147.7
1.2155        -6010.867    -6029.463       18.596   147.6
1.2160        -6010.863    -6029.456       18.593   147.5
1.2165        -6010.849    -6029.449       18.601   147.6
1.2170        -6010.865    -6029.442       18.577   147.4
1.2175        -6010.874    -6029.434       18.560   147.3
1.2180        -6010.881    -6029.426       18.545   147.2
1.2185        -6010.871    -6029.418       18.547   147.2
1.2190        -6010.851    -6029.409       18.558   147.3
1.2195        -6010.856    -6029.400       18.545   147.1
1.2200        -6010.875    -6029.392       18.516   146.9
1.2205        -6010.898    -6029.383       18.485   146.7
1.2210        -6010.903    -6029.374       18.471   146.6
1.2215        -6010.917    -6029.364       18.447   146.4
1.2220        -6010.938    -6029.355       18.417   146.1
1.2225        -6010.945    -6029.346       18.400   146.0
1.2230        -6010.930    -6029.336       18.405   146.0
1.2235        -6010.922    -6029.325       18.403   146.0
1.2240        -6010.863    -6029.313       18.450   146.4
1.2245        -6010.845    -6029.301       18.456   146.4
1.2250        -6010.824    -6029.287       18.463   146.5
1.2255        -6010.837    -6029.272       18.435   146.3
1.2260        -6010.852    -6029.257       18.404   146.0
1.2265        -6010.844    -6029.242       18.397   146.0
1.2270        -6010.847    -6029.225       18.378   145.8
1.2275        -6010.821    -6029.208       18.387   145.9
1.2280        -6010.801    -6029.189       18.388   145.9
1.2285        -6010.786    -6029.169       18.383   145.9
1.2290        -6010.772    -6029.148       18.377   145.8
1.2295        -6010.783    -6029.127       18.344   145.6
1.2300        -6010.766    -6029.104       18.338   145.5
1.2305        -6010.734    -6029.081       18.347   145.6
1.2310        -6010.703    -6029.058       18.355   145.6
1.2315        -6010.698    -6029.036       18.337   145.5
1.2320        -6010.665    -6029.013       18.348   145.6
1.2325        -6010.695    -6028.990       18.295   145.2
1.2330        -6010.701    -6028.966       18.265   144.9
1.2335        -6010.674    -6028.944       18.270   145.0
1.2340        -6010.645    -6028.923       18.278   145.0
1.2345        -6010.649    -6028.903       18.254   144.8
1.2350        -6010.662    -6028.883       18.221   144.6
1.2355        -6010.642    -6028.866       18.224   144.6
1.2360        -6010.619    -6028.849       18.230   144.6
1.2365        -6010.578    -6028.833       18.255   144.8
1.2370        -6010.602    -6028.818       18.216   144.5
1.2375        -6010.534    -6028.805       18.271   145.0
1.2380        -6010.538    -6028.793       18.256   144.9
1.2385        -6010.574    -6028.785       18.210   144.5
1.2390        -6010.572    -6028.778       18.206   144.5
1.2395        -6010.585    -6028.774       18.189   144.3
1.2400        -6010.562    -6028.772       18.210   144.5
1.2405        -6010.553    -6028.772       18.219   144.6
1.2410        -6010.535    -6028.774       18.239   144.7
1.2415        -6010.538    -6028.777       18.239   144.7
1.2420        -6010.509    -6028.782       18.273   145.0
1.2425        -6010.506    -6028.789       18.284   145.1
1.2430        -6010.481    -6028.798       18.317   145.3
1.2435        -6010.455    -6028.807       18.352   145.6
1.2440        -6010.444    -6028.819       18.374   145.8
1.2445        -6010.446    -6028.831       18.385   145.9
1.2450        -6010.430    -6028.845       18.414   146.1
1.2455        -6010.394    -6028.858       18.465   146.5
1.2460        -6010.370    -6028.874       18.504   146.8
1.2465        -6010.335    -6028.890       18.555   147.2
1.2470        -6010.314    -6028.908       18.593   147.5
1.2475        -6010.264    -6028.926       18.662   148.1
1.2480        -6010.232    -6028.946       18.713   148.5
1.2485        -6010.230    -6028.966       18.736   148.7
1.2490        -6010.237    -6028.987       18.750   148.8
1.2495        -6010.247    -6029.008       18.762   148.9
1.2500        -6010.247    -6029.031       18.783   149.0
1.2505        -6010.275    -6029.054       18.779   149.0
1.2510        -6010.266    -6029.077       18.811   149.3
1.2515        -6010.299    -6029.101       18.803   149.2
1.2520        -6010.273    -6029.126       18.852   149.6
1.2525        -6010.252    -6029.152       18.900   150.0
1.2530        -6010.307    -6029.180       18.873   149.8
1.2535        -6010.281    -6029.208       18.927   150.2
1.2540        -6010.273    -6029.237       18.964   150.5
1.2545        -6010.269    -6029.266       18.997   150.7
1.2550        -6010.223    -6029.296       19.073   151.3
1.2555        -6010.179    -6029.325       19.146   151.9
1.2560        -6010.182    -6029.356       19.174   152.1
1.2565        -6010.156    -6029.387       19.231   152.6
1.2570        -6010.106    -6029.420       19.313   153.2
1.2575        -6010.099    -6029.451       19.352   153.6
1.2580        -6010.083    -6029.483       19.400   153.9
1.2585        -6010.072    -6029.514       19.441   154.3
1.2590        -6010.027    -6029.543       19.516   154.9
1.2595        -6010.033    -6029.571       19.538   155.0
1.2600        -6010.034    -6029.597       19.563   155.2
1.2605        -6010.019    -6029.621       19.603   155.5
1.2610        -6010.017    -6029.643       19.626   155.7
1.2615        -6009.996    -6029.663       19.666   156.0
1.2620        -6009.987    -6029.678       19.691   156.2
1.2625        -6009.953    -6029.690       19.737   156.6
1.2630        -6009.928    -6029.700       19.772   156.9
1.2635        -6009.930    -6029.708       19.778   156.9
1.2640        -6009.978    -6029.714       19.736   156.6
1.2645        -6009.956    -6029.717       19.760   156.8
1.2650        -6009.935    -6029.716       19.781   157.0
1.2655        -6009.948    -6029.712       19.764   156.8
1.2660        -6009.914    -6029.707       19.793   157.0
1.2665        -6009.906    -6029.698       19.793   157.1
1.2670        -6009.918    -6029.687       19.770   156.9
1.2675        -6009.907    -6029.673       19.766   156.8
1.2680        -6009.925    -6029.657       19.731   156.6
1.2685        -6009.900    -6029.638       19.738   156.6
1.2690        -6009.848    -6029.616       19.768   156.9
1.2695        -6009.820    -6029.592       19.772   156.9
1.2700        -6009.807    -6029.565       19.759   156.8
1.2705        -6009.796    -6029.536       19.740   156.6
1.2710        -6009.790    -6029.505       19.715   156.4
1.2715        -6009.779    -6029.472       19.692   156.3
1.2720        -6009.801    -6029.436       19.635   155.8
1.2725        -6009.774    -6029.399       19.625   155.7
